 Index  Var_name   Estimate L_bound  U_bound gradient
1 diff_coffs(1,1)        0.041375421     0     4    -8.1678184e-07
2 diff_coffs(1,2)        4.466354e-10     0     4    4.3885381e-08   *************
3 diff_coffs(1,3)        1.4857495e-09     0     4    3.0528855e-09   *************
4 diff_coffs(1,4)        8.1094798e-10     0     4    -1.5279134e-08   *************
5 diff_coffs(1,5)        0.0037700035     0     4    -1.0691106e-06
6 diff_coffs(1,6)        0.0032447751     0     4    -4.538252e-07
7 diff_coffs(1,7)        0.041190629     0     4    -7.906611e-08
8 diff_coffs(1,8)        0.0014897572     0     4    2.5799882e-06
9 diff_coffs(1,9)        0.017782872     0     4    1.428933e-06
10 diff_coffs(1,10)        0.11230689     0     4    -1.8456521e-06
11 diff_coffs(1,11)        2.373215e-09     0     4    4.3223804e-09   *************
12 diff_coffs(1,12)        0.088570008     0     4    3.6084823e-07
13 diff_coffs(1,13)        6.8559114e-10     0     4    5.3436232e-08   *************
14 diff_coffs(1,14)        1.0200992e-08     0     4    -2.121935e-07   *************
15 diff_coffs(1,15)        3.983293e-09     0     4    -7.2676255e-08   *************
16 diff_coffs(1,16)        0.04782701     0     4    1.2311759e-06
17 diff_coffs(1,17)        8.097234e-11     0     4    -2.2227766e-09   *************
18 diff_coffs(1,18)        0.062836919     0     4    -2.9309279e-06
19 diff_coffs(1,19)        5.2328273e-08     0     4    2.8246156e-07   *************
20 diff_coffs(1,20)        5.3688454e-10     0     4    5.5712745e-08   *************
21 diff_coffs(1,21)        1.9648336e-09     0     4    3.944358e-07   *************
22 diff_coffs(1,22)        0.0051485818     0     4    -3.556303e-06
23 diff_coffs(1,23)        0.65342707     0     4    -2.7997142e-07
24 diff_coffs(1,24)        1.1165611e-09     0     4    7.5098175e-10   *************
25 diff_coffs(1,25)        0.0036397662     0     4    -1.3494409e-06
26 diff_coffs(1,26)        0.085587712     0     4    1.7203734e-06
27 diff_coffs(2,1)        0.18737428     0     4    3.3491613e-07
28 diff_coffs(2,2)        1.3629073e-09     0     4    5.7490287e-08   *************
29 diff_coffs(2,3)        0.14539529     0     4    7.5842648e-08
30 diff_coffs(2,4)        8.6318996e-10     0     4    -1.0375317e-09   *************
31 diff_coffs(2,5)        0.0029900759     0     4    4.8197015e-07
32 diff_coffs(2,6)        7.7466522e-10     0     4    6.8008393e-10   *************
33 diff_coffs(2,7)        0.26405402     0     4    1.4573755e-06
34 diff_coffs(2,8)        2.0284929e-10     0     4    3.6641252e-08   *************
35 diff_coffs(2,9)        0.0057273626     0     4    -3.8100837e-07
36 diff_coffs(2,10)        0.020394562     0     4    2.4657006e-06
37 diff_coffs(2,11)        1.9197111e-09     0     4    1.1615093e-08   *************
38 diff_coffs(2,12)        8.4713014e-10     0     4    -2.0524685e-08   *************
39 diff_coffs(2,13)        1.8050004e-09     0     4    5.6155927e-09   *************
40 diff_coffs(2,14)        1.1834546e-08     0     4    -1.2117416e-07   *************
41 diff_coffs(2,15)        2.6995863e-09     0     4    -1.4932787e-07   *************
42 diff_coffs(2,16)        4.7535502e-09     0     4    2.7107941e-10   *************
43 diff_coffs(2,17)        6.2644334e-11     0     4    -7.5549893e-08   *************
44 diff_coffs(2,18)        2.3013796e-08     0     4    1.5436381e-06   *************
45 diff_coffs(2,19)        0.04112475     0     4    9.4945461e-07
46 diff_coffs(2,20)        4.686096e-10     0     4    -2.1598883e-07   *************
47 diff_coffs(2,21)        0.14956083     0     4    -2.3306838e-06
48 diff_coffs(2,22)        2.6212965e-10     0     4    -1.4440301e-08   *************
49 diff_coffs(2,23)        0.22997782     0     4    -8.9296897e-07
50 diff_coffs(2,24)        7.5775208e-10     0     4    -4.1246553e-09   *************
51 diff_coffs(2,25)        3.9894761e-08     0     4    3.1664043e-06   *************
52 diff_coffs(2,26)        3.36448e-09     0     4    1.3555878e-08   *************
53 diff_coffs(3,1)        0.014395369     0     4    -4.1995257e-06
54 diff_coffs(3,2)        5.8432859e-10     0     4    3.8358283e-10   *************
55 diff_coffs(3,3)        3.818927e-09     0     4    -4.1766091e-09   *************
56 diff_coffs(3,4)        0.058480203     0     4    -1.3764306e-06
57 diff_coffs(3,5)        1.0720347e-09     0     4    2.4230651e-08   *************
58 diff_coffs(3,6)        9.8965414e-10     0     4    -4.1048451e-10   *************
59 diff_coffs(3,7)        1.7304834e-08     0     4    3.8510883e-07   *************
60 diff_coffs(3,8)        1.8401347e-10     0     4    2.0222735e-07   *************
61 diff_coffs(3,9)        0.11776688     0     4    -1.9744601e-06
62 diff_coffs(3,10)        0.01985799     0     4    -2.4983529e-06
63 diff_coffs(3,11)        1.2658854e-09     0     4    -7.0009979e-09   *************
64 diff_coffs(3,12)        0.006773969     0     4    -3.9030536e-07
65 diff_coffs(3,13)        2.1964262e-09     0     4    1.5198082e-07   *************
66 diff_coffs(3,14)        2.483826e-09     0     4    9.0340325e-09   *************
67 diff_coffs(3,15)        1.6975876e-08     0     4    1.3091138e-06   *************
68 diff_coffs(3,16)        0.017658754     0     4    2.1023582e-07
69 diff_coffs(3,17)        5.3397509e-11     0     4    1.5625202e-06   *************
70 diff_coffs(3,18)        6.6027037e-09     0     4    1.0130121e-08   *************
71 diff_coffs(3,19)        1.3847459e-09     0     4    -9.4767796e-08   *************
72 diff_coffs(3,20)        4.6945714e-10     0     4    -3.7953539e-08   *************
73 diff_coffs(3,21)        0.041343855     0     4    -2.7485059e-07
74 diff_coffs(3,22)        3.3608938e-10     0     4    6.800044e-08   *************
75 diff_coffs(3,23)        0.14101845     0     4    -3.4192066e-07
76 diff_coffs(3,24)        7.8072881e-10     0     4    9.991624e-08   *************
77 diff_coffs(3,25)        0.037553908     0     4    2.7455438e-06
78 diff_coffs(3,26)        1.6052362e-08     0     4    -5.9058197e-08   *************
79 diff_coffs(4,1)        2.8380702e-09     0     4    -1.0768827e-09   *************
80 diff_coffs(4,2)        4.2181947e-10     0     4    -4.9371284e-09   *************
81 diff_coffs(4,3)        1.1601078e-09     0     4    5.7294961e-11   *************
82 diff_coffs(4,4)        0.024149149     0     4    -4.3776558e-08
83 diff_coffs(4,5)        7.2059536e-10     0     4    -6.6498175e-08   *************
84 diff_coffs(4,6)        1.5338466e-09     0     4    -1.1071201e-08   *************
85 diff_coffs(4,7)        0.11641795     0     4    -2.4496903e-07
86 diff_coffs(4,8)        2.6992253e-10     0     4    1.3641189e-08   *************
87 diff_coffs(4,9)        0.0037132009     0     4    -2.1470479e-07
88 diff_coffs(4,10)        0.012890422     0     4    1.4688811e-07
89 diff_coffs(4,11)        0.013897819     0     4    -2.8408096e-06
90 diff_coffs(4,12)        0.01622735     0     4    6.469616e-07
91 diff_coffs(4,13)        2.3771163e-09     0     4    4.1652144e-09   *************
92 diff_coffs(4,14)        0.01623022     0     4    2.2682158e-07
93 diff_coffs(4,15)        0.032535425     0     4    -2.561946e-07
94 diff_coffs(4,16)        0.0030067239     0     4    -1.1435345e-06
95 diff_coffs(4,17)        5.2674975e-11     0     4    7.8498668e-09   *************
96 diff_coffs(4,18)        0.048228343     0     4    -1.4745117e-06
97 diff_coffs(4,19)        1.2851304e-09     0     4    1.0345834e-08   *************
98 diff_coffs(4,20)        6.823917e-10     0     4    -4.7098514e-08   *************
99 diff_coffs(4,21)        0.060588088     0     4    -1.2778546e-07
100 diff_coffs(4,22)        4.5433013e-10     0     4    -6.3643929e-09   *************
101 diff_coffs(4,23)        1.0061438e-08     0     4    3.5606825e-07   *************
102 diff_coffs(4,24)        9.5574859e-10     0     4    1.8504036e-06   *************
103 diff_coffs(4,25)        0.10427733     0     4    -3.9475174e-07
104 diff_coffs(4,26)        0.026894497     0     4    -5.8738178e-08
105 region_rec_diffs(1,1)        1.1736123e-08     -3     3    -5.5373021e-09
106 region_rec_diffs(1,2)        0.23793735     -3     3    -3.4676481e-06
107 region_rec_diffs(1,3)        0.011641467     -3     3    1.71285e-06
108 region_rec_diffs(1,4)        0.19646339     -3     3    -3.6528012e-06
109 region_rec_diffs(1,5)        0.27636743     -3     3    2.9790101e-06
110 region_rec_diffs(1,6)        0.23124532     -3     3    1.8202771e-07
111 region_rec_diffs(1,7)        0.42757508     -3     3    -7.5848359e-07
112 region_rec_diffs(1,8)        0.11739285     -3     3    3.2102577e-08
113 region_rec_diffs(1,9)        0.17229402     -3     3    -6.4787496e-07
114 region_rec_diffs(1,10)        0.18807343     -3     3    1.7857656e-07
115 region_rec_diffs(1,11)        -0.53012205     -3     3    -6.7215403e-08
116 region_rec_diffs(1,12)        0.18428144     -3     3    2.883915e-07
117 region_rec_diffs(1,13)        0.84934069     -3     3    -3.0267646e-08
118 region_rec_diffs(1,14)        0.84425675     -3     3    5.9520789e-07
119 region_rec_diffs(1,15)        -0.11332688     -3     3    -9.9729679e-07
120 region_rec_diffs(1,16)        -0.1294885     -3     3    1.8198712e-07
121 region_rec_diffs(1,17)        -0.46539826     -3     3    1.159505e-06
122 region_rec_diffs(1,18)        0.98768113     -3     3    2.7240693e-07
123 region_rec_diffs(1,19)        0.13907227     -3     3    -2.1655319e-07
124 region_rec_diffs(1,20)        0.088479693     -3     3    -1.6439437e-07
125 region_rec_diffs(1,21)        -0.41482648     -3     3    1.2433853e-07
126 region_rec_diffs(1,22)        0.70187728     -3     3    -3.7557847e-07
127 region_rec_diffs(1,23)        0.71586009     -3     3    4.9052082e-07
128 region_rec_diffs(1,24)        0.23832507     -3     3    -3.4766614e-07
129 region_rec_diffs(1,25)        0.30519826     -3     3    -2.4257022e-06
130 region_rec_diffs(1,26)        0.54249255     -3     3    -4.6987029e-07
131 region_rec_diffs(1,27)        0.1277049     -3     3    2.3291056e-07
132 region_rec_diffs(1,28)        0.21014611     -3     3    2.4421601e-07
133 region_rec_diffs(1,29)        0.13831592     -3     3    -3.6332855e-07
134 region_rec_diffs(1,30)        -0.16137947     -3     3    -7.4746498e-07
135 region_rec_diffs(1,31)        -0.19151612     -3     3    5.7135109e-08
136 region_rec_diffs(1,32)        -0.10699757     -3     3    1.2079801e-07
137 region_rec_diffs(1,33)        -0.85623172     -3     3    -2.8568767e-07
138 region_rec_diffs(1,34)        0.39262063     -3     3    1.4574979e-06
139 region_rec_diffs(1,35)        0.20220712     -3     3    3.1085611e-07
140 region_rec_diffs(1,36)        -0.52352899     -3     3    8.4967035e-08
141 region_rec_diffs(1,37)        1.0032978     -3     3    -9.9228717e-08
142 region_rec_diffs(1,38)        0.21136121     -3     3    -6.9014047e-07
143 region_rec_diffs(1,39)        0.050800766     -3     3    -1.2578878e-07
144 region_rec_diffs(1,40)        -0.11697997     -3     3    4.2118134e-07
145 region_rec_diffs(1,41)        -0.14250767     -3     3    -9.8583881e-07
146 region_rec_diffs(1,42)        1.1066698     -3     3    3.0712395e-07
147 region_rec_diffs(1,43)        0.0030577199     -3     3    3.8453411e-08
148 region_rec_diffs(1,44)        -1.0587475     -3     3    5.7834693e-07
149 region_rec_diffs(1,45)        0.02164961     -3     3    -3.1851185e-06
150 region_rec_diffs(1,46)        0.66247586     -3     3    5.4007165e-07
151 region_rec_diffs(1,47)        0.54006576     -3     3    4.4495262e-08
152 region_rec_diffs(1,48)        -0.67541249     -3     3    3.1312295e-08
153 region_rec_diffs(1,49)        0.39304076     -3     3    -6.840305e-07
154 region_rec_diffs(1,50)        -0.077135874     -3     3    7.6432709e-09
155 region_rec_diffs(1,51)        1.2177636     -3     3    1.0902524e-07
156 region_rec_diffs(1,52)        0.50116824     -3     3    4.2742906e-07
157 region_rec_diffs(1,53)        -0.47600038     -3     3    -8.0376499e-07
158 region_rec_diffs(1,54)        -0.056764343     -3     3    -1.3748303e-07
159 region_rec_diffs(1,55)        0.5843083     -3     3    -6.1614196e-07
160 region_rec_diffs(1,56)        0.20941717     -3     3    3.8120229e-07
161 region_rec_diffs(1,57)        -1.3176056     -3     3    -1.520771e-06
162 region_rec_diffs(1,58)        0.73793131     -3     3    -6.3705232e-07
163 region_rec_diffs(1,59)        0.58516573     -3     3    -1.6492858e-07
164 region_rec_diffs(1,60)        -0.71851368     -3     3    -2.4262599e-06
165 region_rec_diffs(1,61)        0.65428447     -3     3    1.9168623e-06
166 region_rec_diffs(1,62)        0.16689858     -3     3    1.7743255e-07
167 region_rec_diffs(1,63)        0.89949911     -3     3    -2.963157e-07
168 region_rec_diffs(1,64)        0.60053274     -3     3    -2.3184366e-07
169 region_rec_diffs(1,65)        -0.6633261     -3     3    2.067417e-06
170 region_rec_diffs(1,66)        -0.070120339     -3     3    -6.8211972e-08
171 region_rec_diffs(1,67)        0.84472561     -3     3    2.2190362e-07
172 region_rec_diffs(1,68)        0.82543578     -3     3    1.9304875e-07
173 region_rec_diffs(1,69)        -1.5755104     -3     3    1.4472391e-06
174 region_rec_diffs(1,70)        -0.2557152     -3     3    -2.6298169e-07
175 region_rec_diffs(1,71)        0.5783517     -3     3    -1.3159333e-06
176 region_rec_diffs(1,72)        -0.097116304     -3     3    -2.5235744e-07
177 region_rec_diffs(1,73)        0.48944842     -3     3    -3.2971691e-07
178 region_rec_diffs(1,74)        0.37501289     -3     3    4.4654946e-07
179 region_rec_diffs(1,75)        -0.26587434     -3     3    2.4792322e-07
180 region_rec_diffs(1,76)        -0.47697941     -3     3    7.5203358e-07
181 region_rec_diffs(1,77)        -1.2202233     -3     3    1.9205321e-06
182 region_rec_diffs(1,78)        0.69280592     -3     3    -2.7376168e-07
183 region_rec_diffs(1,79)        0.53434427     -3     3    -1.2327869e-07
184 region_rec_diffs(1,80)        0.73802204     -3     3    6.808391e-07
185 region_rec_diffs(1,81)        0.68836566     -3     3    2.3091499e-06
186 region_rec_diffs(1,82)        0.95281008     -3     3    8.2667942e-07
187 region_rec_diffs(1,83)        0.5434885     -3     3    -8.1237772e-07
188 region_rec_diffs(1,84)        -0.29102624     -3     3    9.6744086e-09
189 region_rec_diffs(1,85)        0.52136259     -3     3    -7.4704087e-07
190 region_rec_diffs(1,86)        -0.24767356     -3     3    -6.7335647e-07
191 region_rec_diffs(1,87)        0.26700198     -3     3    2.0426281e-07
192 region_rec_diffs(1,88)        -1.6175422     -3     3    3.5184305e-07
193 region_rec_diffs(1,89)        0.50913272     -3     3    7.0246195e-07
194 region_rec_diffs(1,90)        -0.30797506     -3     3    3.3864855e-07
195 region_rec_diffs(1,91)        0.45724204     -3     3    1.381436e-06
196 region_rec_diffs(1,92)        0.41346132     -3     3    -8.5063872e-07
197 region_rec_diffs(1,93)        -1.9449483     -3     3    3.6142244e-08
198 region_rec_diffs(1,94)        1.072899     -3     3    -5.1374498e-08
199 region_rec_diffs(1,95)        0.2216233     -3     3    -2.7862787e-07
200 region_rec_diffs(1,96)        -0.43484029     -3     3    4.906608e-07
201 region_rec_diffs(1,97)        0.2428724     -3     3    -7.1628693e-07
202 region_rec_diffs(1,98)        0.68795567     -3     3    -3.3846219e-07
203 region_rec_diffs(1,99)        0.45381059     -3     3    1.7014682e-06
204 region_rec_diffs(1,100)        -0.53419885     -3     3    9.1608052e-07
205 region_rec_diffs(1,101)        0.70574072     -3     3    4.8431443e-07
206 region_rec_diffs(1,102)        -0.0078118141     -3     3    -1.398745e-07
207 region_rec_diffs(1,103)        0.71734994     -3     3    -7.9656485e-07
208 region_rec_diffs(1,104)        0.27146991     -3     3    -6.4886118e-07
209 region_rec_diffs(1,105)        0.023959272     -3     3    4.8899176e-08
210 region_rec_diffs(1,106)        -8.4484292e-05     -3     3    6.9043264e-09
211 region_rec_diffs(1,107)        -0.086616123     -3     3    -4.5361817e-07
212 region_rec_diffs(1,108)        0.76554761     -3     3    -2.4199058e-08
213 region_rec_diffs(1,109)        0.51800016     -3     3    -1.0664674e-06
214 region_rec_diffs(1,110)        -0.074351918     -3     3    3.4881285e-08
215 region_rec_diffs(1,111)        -1.0691416     -3     3    -6.2937721e-07
216 region_rec_diffs(1,112)        0.95706526     -3     3    -3.983485e-07
217 region_rec_diffs(1,113)        -0.19088925     -3     3    -5.5774937e-07
218 region_rec_diffs(1,114)        -0.88380098     -3     3    -2.5838054e-07
219 region_rec_diffs(1,115)        -0.39208667     -3     3    5.7135082e-07
220 region_rec_diffs(1,116)        -0.042810213     -3     3    2.6387933e-07
221 region_rec_diffs(1,117)        0.39118898     -3     3    -1.1204025e-06
222 region_rec_diffs(1,118)        -0.57877565     -3     3    -9.9290916e-08
223 region_rec_diffs(1,119)        0.31481608     -3     3    -9.110333e-07
224 region_rec_diffs(1,120)        -0.82795984     -3     3    1.5934298e-06
225 region_rec_diffs(1,121)        0.44369563     -3     3    -9.6081881e-07
226 region_rec_diffs(1,122)        0.67808057     -3     3    -8.1657311e-07
227 region_rec_diffs(1,123)        -0.74081437     -3     3    -3.284522e-07
228 region_rec_diffs(1,124)        -0.070271538     -3     3    2.5955413e-06
229 region_rec_diffs(1,125)        -0.51017284     -3     3    -1.6733581e-06
230 region_rec_diffs(1,126)        -1.7211401     -3     3    1.5309073e-06
231 region_rec_diffs(1,127)        -0.46516829     -3     3    2.7452862e-07
232 region_rec_diffs(1,128)        0.12409052     -3     3    1.1117721e-06
233 region_rec_diffs(1,129)        0.8132013     -3     3    2.5798043e-07
234 region_rec_diffs(1,130)        -1.0233191     -3     3    7.1462788e-07
235 region_rec_diffs(1,131)        -0.80651161     -3     3    1.8799538e-06
236 region_rec_diffs(1,132)        -0.85817383     -3     3    6.6693299e-07
237 region_rec_diffs(1,133)        0.95899521     -3     3    -1.7838254e-08
238 region_rec_diffs(1,134)        -0.30120637     -3     3    -4.86206e-08
239 region_rec_diffs(1,135)        -0.21049347     -3     3    2.3514179e-06
240 region_rec_diffs(1,136)        0.71361701     -3     3    -9.7609129e-07
241 region_rec_diffs(1,137)        -1.2461901     -3     3    -1.4688131e-06
242 region_rec_diffs(1,138)        -1.3348084     -3     3    1.7073102e-07
243 region_rec_diffs(1,139)        -0.71945361     -3     3    3.053492e-07
244 region_rec_diffs(1,140)        -1.1510561     -3     3    -9.1188846e-07
245 region_rec_diffs(1,141)        1.0610547     -3     3    -4.6857381e-09
246 region_rec_diffs(1,142)        0.20262607     -3     3    4.8797819e-08
247 region_rec_diffs(1,143)        -0.91879164     -3     3    8.8718545e-07
248 region_rec_diffs(1,144)        -0.42864151     -3     3    -2.3917346e-06
249 region_rec_diffs(1,145)        0.61331984     -3     3    -3.4746775e-07
250 region_rec_diffs(1,146)        -0.82312629     -3     3    1.9619959e-07
251 region_rec_diffs(1,147)        -1.1871509     -3     3    -1.8748763e-06
252 region_rec_diffs(1,148)        0.42129738     -3     3    -1.9991204e-07
253 region_rec_diffs(1,149)        0.88802958     -3     3    4.9846261e-07
254 region_rec_diffs(1,150)        0.48592003     -3     3    1.911241e-07
255 region_rec_diffs(1,151)        -0.95121307     -3     3    5.8977964e-07
256 region_rec_diffs(1,152)        0.53570215     -3     3    9.8679127e-07
257 region_rec_diffs(1,153)        0.24437851     -3     3    1.519135e-06
258 region_rec_diffs(1,154)        -1.2622284     -3     3    7.6068964e-08
259 region_rec_diffs(1,155)        -1.2860062     -3     3    -3.7327243e-07
260 region_rec_diffs(1,156)        0.55400271     -3     3    -3.6919592e-08
261 region_rec_diffs(1,157)        -1.2474537     -3     3    -1.5363633e-06
262 region_rec_diffs(1,158)        -1.2973491     -3     3    1.4387343e-07
263 region_rec_diffs(1,159)        -1.9207352     -3     3    -2.0535028e-08
264 region_rec_diffs(1,160)        -0.62754814     -3     3    1.9755327e-06
265 region_rec_diffs(1,161)        0.65154804     -3     3    -9.8381684e-07
266 region_rec_diffs(1,162)        -0.0082237578     -3     3    -1.2552363e-06
267 region_rec_diffs(1,163)        -0.83438634     -3     3    -2.8255985e-06
268 region_rec_diffs(1,164)        0.86766033     -3     3    1.3145657e-06
269 region_rec_diffs(1,165)        -1.0178525     -3     3    5.7865373e-07
270 region_rec_diffs(1,166)        -0.97793524     -3     3    8.6252803e-07
271 region_rec_diffs(1,167)        -2.3903095     -3     3    2.6044587e-07
272 region_rec_diffs(1,168)        -0.14319578     -3     3    2.7418947e-07
273 region_rec_diffs(1,169)        -0.56744487     -3     3    1.4030521e-06
274 region_rec_diffs(1,170)        -1.6809998     -3     3    1.2875971e-06
275 region_rec_diffs(1,171)        -1.4145253     -3     3    -1.9411555e-06
276 region_rec_diffs(1,172)        0.63107219     -3     3    3.6523341e-07
277 region_rec_diffs(1,173)        -0.52000769     -3     3    -9.8910471e-07
278 region_rec_diffs(1,174)        0.86870967     -3     3    1.9223973e-07
279 region_rec_diffs(1,175)        -1.371631     -3     3    5.5992556e-07
280 region_rec_diffs(1,176)        -0.80826932     -3     3    4.440027e-07
281 region_rec_diffs(1,177)        -2.5556492     -3     3    4.7705997e-07
282 region_rec_diffs(1,178)        0.50192137     -3     3    4.1689871e-08
283 region_rec_diffs(1,179)        -2.1340755     -3     3    1.0091408e-07
284 region_rec_diffs(1,180)        0.53485818     -3     3    4.3782044e-07
285 region_rec_diffs(1,181)        -0.27661193     -3     3    -1.6712741e-06
286 region_rec_diffs(1,182)        -1.6984732     -3     3    -4.7434162e-07
287 region_rec_diffs(1,183)        -2.2105015     -3     3    -4.1756532e-07
288 region_rec_diffs(1,184)        -1.8221673     -3     3    -8.7165248e-07
289 region_rec_diffs(1,185)        -0.10107155     -3     3    -1.2537543e-06
290 region_rec_diffs(1,186)        0.10695502     -3     3    1.7626797e-06
291 region_rec_diffs(1,187)        -1.5503944     -3     3    1.4777159e-06
292 region_rec_diffs(1,188)        0.39141425     -3     3    1.1000478e-09
293 region_rec_diffs(1,189)        0.63871432     -3     3    9.3415662e-07
294 region_rec_diffs(1,190)        -1.8151943     -3     3    2.4217191e-07
295 region_rec_diffs(1,191)        -2.9066449     -3     3    2.9483074e-06
296 region_rec_diffs(1,192)        -0.12327222     -3     3    1.3811035e-06
297 region_rec_diffs(1,193)        0.48739585     -3     3    -4.3987886e-07
298 region_rec_diffs(1,194)        -0.94609029     -3     3    7.4175688e-07
299 region_rec_diffs(1,195)        -1.9575282     -3     3    1.6368266e-07
300 region_rec_diffs(1,196)        -0.051841347     -3     3    1.1412491e-07
301 region_rec_diffs(1,197)        -0.038920227     -3     3    -6.367317e-07
302 region_rec_diffs(1,198)        -2.081153     -3     3    -3.2000979e-07
303 region_rec_diffs(1,199)        -2.3856784     -3     3    -6.7554704e-07
304 region_rec_diffs(1,200)        -1.9834313     -3     3    -1.1526145e-06
305 region_rec_diffs(1,201)        0.84991151     -3     3    -1.1953719e-06
306 region_rec_diffs(1,202)        -0.33702179     -3     3    -4.1913395e-07
307 region_rec_diffs(1,203)        0.50267442     -3     3    -5.0637657e-07
308 region_rec_diffs(1,204)        -0.69504575     -3     3    1.708521e-06
309 region_rec_diffs(1,205)        -1.4036269     -3     3    4.216415e-07
310 region_rec_diffs(1,206)        -2.0406577     -3     3    -5.277867e-07
311 region_rec_diffs(1,207)        -0.81748142     -3     3    -2.5164876e-06
312 region_rec_diffs(1,208)        -1.7491357     -3     3    -4.8269627e-07
313 region_rec_diffs(1,209)        -0.046638992     -3     3    7.9548288e-07
314 region_rec_diffs(1,210)        0.82971684     -3     3    1.7970756e-07
315 region_rec_diffs(1,211)        0.50959362     -3     3    4.9913227e-07
316 region_rec_diffs(1,212)        -2.1928386     -3     3    -1.8025599e-06
317 region_rec_diffs(1,213)        -1.7939887     -3     3    -2.1451266e-07
318 region_rec_diffs(1,214)        -2.2729926     -3     3    6.3027618e-07
319 region_rec_diffs(1,215)        -2.004723     -3     3    -3.7431977e-07
320 region_rec_diffs(1,216)        -1.4670094     -3     3    -4.756431e-08
321 region_rec_diffs(1,217)        0.86465063     -3     3    -4.9002267e-07
322 region_rec_diffs(1,218)        -2.2521846     -3     3    -1.8389173e-07
323 region_rec_diffs(1,219)        -1.6523267     -3     3    -1.1782133e-07
324 region_rec_diffs(1,220)        0.43912778     -3     3    3.2927693e-06
325 region_rec_diffs(1,221)        -0.10054482     -3     3    -1.7904714e-06
326 region_rec_diffs(1,222)        -1.4320338     -3     3    -1.061141e-06
327 region_rec_diffs(1,223)        -0.44090301     -3     3    -6.42343e-07
328 region_rec_diffs(1,224)        0.66256513     -3     3    9.5093812e-07
329 region_rec_diffs(1,225)        -0.88688682     -3     3    -2.0354137e-07
330 region_rec_diffs(1,226)        -2.2335764     -3     3    5.461104e-08
331 region_rec_diffs(1,227)        -1.9225293     -3     3    2.896864e-07
332 region_rec_diffs(1,228)        -1.4694534     -3     3    -1.5685357e-07
333 region_rec_diffs(1,229)        0.58739064     -3     3    9.3314296e-07
334 region_rec_diffs(1,230)        -1.1919315     -3     3    -4.9950191e-08
335 region_rec_diffs(1,231)        -0.19916275     -3     3    -2.0068099e-06
336 region_rec_diffs(1,232)        0.73121423     -3     3    1.0443962e-06
337 region_rec_diffs(1,233)        -1.5699088     -3     3    4.4072087e-07
338 region_rec_diffs(1,234)        -2.4574585     -3     3    3.4402094e-07
339 region_rec_diffs(1,235)        -2.4822797     -3     3    1.2911905e-07
340 region_rec_diffs(1,236)        -0.67634024     -3     3    -1.1328934e-06
341 region_rec_diffs(1,237)        0.65406732     -3     3    7.5741105e-07
342 region_rec_diffs(1,238)        -1.6613991     -3     3    5.9962378e-07
343 region_rec_diffs(1,239)        -2.3411294     -3     3    4.2525949e-07
344 region_rec_diffs(1,240)        -0.81134786     -3     3    4.0185219e-07
345 region_rec_diffs(1,241)        0.44494747     -3     3    3.3983172e-07
346 region_rec_diffs(1,242)        -0.30909056     -3     3    6.7158302e-07
347 region_rec_diffs(1,243)        0.14220703     -3     3    5.5063441e-07
348 region_rec_diffs(1,244)        0.48897318     -3     3    8.539895e-08
349 region_rec_diffs(1,245)        -0.80334623     -3     3    -1.0122119e-06
350 region_rec_diffs(1,246)        -1.9259025     -3     3    6.9052268e-07
351 region_rec_diffs(1,247)        -1.8841643     -3     3    4.5326593e-07
352 region_rec_diffs(1,248)        0.62377799     -3     3    3.0787367e-07
353 region_rec_diffs(1,249)        -1.9406981     -3     3    -4.254442e-07
354 region_rec_diffs(1,250)        -2.5956096     -3     3    -1.5945433e-07
355 region_rec_diffs(1,251)        -2.4003993     -3     3    9.7487958e-08
356 region_rec_diffs(1,252)        -0.57242187     -3     3    -1.0007249e-06
357 region_rec_diffs(1,253)        0.12364254     -3     3    1.0368673e-06
358 region_rec_diffs(1,254)        -2.2824783     -3     3    2.3016282e-07
359 region_rec_diffs(1,255)        -2.3670491     -3     3    8.2351104e-08
360 region_rec_diffs(1,256)        0.41089459     -3     3    2.8617906e-07
361 region_rec_diffs(1,257)        0.21749491     -3     3    7.7623192e-07
362 region_rec_diffs(1,258)        -1.792149     -3     3    3.0185269e-07
363 region_rec_diffs(1,259)        -0.8807721     -3     3    1.3449602e-06
364 region_rec_diffs(1,260)        0.80171466     -3     3    8.3091509e-07
365 region_rec_diffs(1,261)        0.75067824     -3     3    -2.7761188e-07
366 region_rec_diffs(1,262)        -1.681396     -3     3    -1.139786e-07
367 region_rec_diffs(1,263)        -0.29602442     -3     3    -1.5024775e-06
368 region_rec_diffs(1,264)        -0.91445283     -3     3    -3.6245745e-07
369 region_rec_diffs(1,265)        -0.75481051     -3     3    3.0263084e-07
370 region_rec_diffs(1,266)        -1.590306     -3     3    2.0410185e-07
371 region_rec_diffs(1,267)        -1.4041422     -3     3    -3.1037006e-07
372 region_rec_diffs(1,268)        0.57803973     -3     3    -1.0907519e-06
373 region_rec_diffs(1,269)        -0.39345547     -3     3    -4.7048792e-07
374 region_rec_diffs(1,270)        -1.1486588     -3     3    -3.9707791e-08
375 region_rec_diffs(1,271)        -1.014116     -3     3    3.9167754e-07
376 region_rec_diffs(1,272)        0.12917474     -3     3    1.4523844e-06
377 region_rec_diffs(1,273)        0.12649086     -3     3    -1.5521664e-06
378 region_rec_diffs(1,274)        -1.2127494     -3     3    -1.1493368e-06
379 region_rec_diffs(1,275)        -0.4862344     -3     3    1.0332635e-06
380 region_rec_diffs(1,276)        0.023979379     -3     3    2.0060285e-08
381 region_rec_diffs(1,277)        -0.62737824     -3     3    -7.4285283e-07
382 region_rec_diffs(1,278)        -0.57709622     -3     3    -5.9889231e-07
383 region_rec_diffs(1,279)        -0.30344007     -3     3    8.9517519e-07
384 region_rec_diffs(2,1)        1.4321649e-08     -3     3    -2.1815669e-09
385 region_rec_diffs(2,2)        1.5173377     -3     3    3.6294017e-06
386 region_rec_diffs(2,3)        1.6364244     -3     3    -3.889009e-08
387 region_rec_diffs(2,4)        1.5606876     -3     3    1.0139281e-06
388 region_rec_diffs(2,5)        1.5120016     -3     3    -3.2291265e-06
389 region_rec_diffs(2,6)        0.09019954     -3     3    1.1337401e-07
390 region_rec_diffs(2,7)        1.9251018     -3     3    5.9167257e-07
391 region_rec_diffs(2,8)        0.063816435     -3     3    -8.9068698e-08
392 region_rec_diffs(2,9)        0.12046405     -3     3    -3.3527537e-07
393 region_rec_diffs(2,10)        0.12511543     -3     3    2.0107855e-07
394 region_rec_diffs(2,11)        1.9196888     -3     3    -4.8504717e-07
395 region_rec_diffs(2,12)        0.059180225     -3     3    2.2046159e-08
396 region_rec_diffs(2,13)        -0.27643505     -3     3    -5.059999e-08
397 region_rec_diffs(2,14)        -1.2327791     -3     3    -5.7034474e-07
398 region_rec_diffs(2,15)        -0.099751399     -3     3    -2.6282135e-07
399 region_rec_diffs(2,16)        -0.00059800711     -3     3    1.1622065e-07
400 region_rec_diffs(2,17)        0.084431283     -3     3    8.7777039e-07
401 region_rec_diffs(2,18)        -0.5148341     -3     3    6.4048764e-08
402 region_rec_diffs(2,19)        0.044807748     -3     3    -8.6871818e-08
403 region_rec_diffs(2,20)        0.080624777     -3     3    -1.5011233e-07
404 region_rec_diffs(2,21)        1.5123244     -3     3    -3.8833581e-08
405 region_rec_diffs(2,22)        1.1346669     -3     3    -3.1974447e-07
406 region_rec_diffs(2,23)        0.25024828     -3     3    5.3145864e-07
407 region_rec_diffs(2,24)        0.12668561     -3     3    1.6607934e-07
408 region_rec_diffs(2,25)        1.6860375     -3     3    7.9085337e-07
409 region_rec_diffs(2,26)        0.13478953     -3     3    4.7340006e-08
410 region_rec_diffs(2,27)        1.7542192     -3     3    -1.1318608e-06
411 region_rec_diffs(2,28)        0.035420494     -3     3    -8.8405835e-08
412 region_rec_diffs(2,29)        -0.81840322     -3     3    -2.9212792e-07
413 region_rec_diffs(2,30)        -0.12147112     -3     3    -4.0265546e-07
414 region_rec_diffs(2,31)        -0.042484257     -3     3    -8.596582e-07
415 region_rec_diffs(2,32)        0.072838125     -3     3    5.0481751e-07
416 region_rec_diffs(2,33)        0.45507153     -3     3    2.2172933e-07
417 region_rec_diffs(2,34)        1.2499985     -3     3    -2.2741749e-06
418 region_rec_diffs(2,35)        0.077661629     -3     3    2.5879981e-07
419 region_rec_diffs(2,36)        2.0032179     -3     3    -3.0087294e-07
420 region_rec_diffs(2,37)        -1.0777827     -3     3    3.5367464e-07
421 region_rec_diffs(2,38)        -0.55585639     -3     3    -3.5086929e-07
422 region_rec_diffs(2,39)        -0.02480883     -3     3    1.0583463e-07
423 region_rec_diffs(2,40)        0.05531055     -3     3    1.02648e-08
424 region_rec_diffs(2,41)        1.3853244     -3     3    5.9826809e-07
425 region_rec_diffs(2,42)        -0.086376362     -3     3    1.2911328e-07
426 region_rec_diffs(2,43)        0.059386259     -3     3    1.2127768e-07
427 region_rec_diffs(2,44)        1.5679844     -3     3    3.1531165e-07
428 region_rec_diffs(2,45)        1.576722     -3     3    1.6354974e-06
429 region_rec_diffs(2,46)        -0.011332433     -3     3    -2.4528294e-07
430 region_rec_diffs(2,47)        0.056298767     -3     3    9.5114143e-08
431 region_rec_diffs(2,48)        0.62409215     -3     3    -3.0627329e-07
432 region_rec_diffs(2,49)        0.98616229     -3     3    9.2075504e-07
433 region_rec_diffs(2,50)        0.070323518     -3     3    1.4318225e-08
434 region_rec_diffs(2,51)        -0.35720473     -3     3    -2.0710911e-07
435 region_rec_diffs(2,52)        0.070320449     -3     3    1.9345466e-07
436 region_rec_diffs(2,53)        1.2588871     -3     3    4.2002956e-07
437 region_rec_diffs(2,54)        0.028760701     -3     3    1.1994938e-07
438 region_rec_diffs(2,55)        -0.043894497     -3     3    6.7859775e-07
439 region_rec_diffs(2,56)        -0.11196689     -3     3    1.1150709e-06
440 region_rec_diffs(2,57)        1.4729771     -3     3    1.9110763e-06
441 region_rec_diffs(2,58)        1.138212     -3     3    7.0147149e-07
442 region_rec_diffs(2,59)        0.017956972     -3     3    2.8187032e-07
443 region_rec_diffs(2,60)        0.58288075     -3     3    -1.2105149e-06
444 region_rec_diffs(2,61)        0.91331398     -3     3    -2.42244e-06
445 region_rec_diffs(2,62)        0.096382415     -3     3    1.4136768e-07
446 region_rec_diffs(2,63)        -0.1445849     -3     3    -9.84111e-08
447 region_rec_diffs(2,64)        0.036040572     -3     3    -1.8629726e-07
448 region_rec_diffs(2,65)        1.751509     -3     3    -7.6063605e-07
449 region_rec_diffs(2,66)        0.09601066     -3     3    1.4360737e-07
450 region_rec_diffs(2,67)        -0.115322     -3     3    -3.1913677e-08
451 region_rec_diffs(2,68)        -0.26497711     -3     3    -4.2515965e-07
452 region_rec_diffs(2,69)        1.6930036     -3     3    3.5283294e-07
453 region_rec_diffs(2,70)        1.2273935     -3     3    6.5776108e-07
454 region_rec_diffs(2,71)        0.11821338     -3     3    7.4271649e-07
455 region_rec_diffs(2,72)        -0.21090978     -3     3    -9.0872166e-07
456 region_rec_diffs(2,73)        -1.578812     -3     3    -1.6497528e-07
457 region_rec_diffs(2,74)        -1.2167233     -3     3    3.308737e-07
458 region_rec_diffs(2,75)        -0.095787957     -3     3    1.2338784e-07
459 region_rec_diffs(2,76)        -0.2310677     -3     3    1.407005e-07
460 region_rec_diffs(2,77)        1.2439246     -3     3    -2.2019205e-07
461 region_rec_diffs(2,78)        0.30029162     -3     3    1.0952203e-06
462 region_rec_diffs(2,79)        0.084231839     -3     3    -9.9763507e-08
463 region_rec_diffs(2,80)        0.95738631     -3     3    -3.8249499e-07
464 region_rec_diffs(2,81)        -0.50167245     -3     3    2.7102549e-07
465 region_rec_diffs(2,82)        -0.79038102     -3     3    4.1326592e-07
466 region_rec_diffs(2,83)        -0.77134606     -3     3    1.4017772e-07
467 region_rec_diffs(2,84)        0.58936671     -3     3    -1.4305345e-06
468 region_rec_diffs(2,85)        0.22689591     -3     3    -4.46071e-08
469 region_rec_diffs(2,86)        0.0054232203     -3     3    -1.4136782e-07
470 region_rec_diffs(2,87)        -0.45332372     -3     3    8.9286736e-07
471 region_rec_diffs(2,88)        0.76786749     -3     3    1.986374e-06
472 region_rec_diffs(2,89)        -0.57460502     -3     3    2.2205578e-07
473 region_rec_diffs(2,90)        0.017940933     -3     3    2.8430571e-07
474 region_rec_diffs(2,91)        -0.099833398     -3     3    -4.5855744e-07
475 region_rec_diffs(2,92)        0.64924373     -3     3    -5.6506851e-07
476 region_rec_diffs(2,93)        1.9721966     -3     3    -1.3477976e-06
477 region_rec_diffs(2,94)        0.30724986     -3     3    1.1209307e-06
478 region_rec_diffs(2,95)        -0.53522479     -3     3    6.2142872e-07
479 region_rec_diffs(2,96)        -0.13281275     -3     3    2.763679e-07
480 region_rec_diffs(2,97)        -0.5895814     -3     3    -3.3588441e-07
481 region_rec_diffs(2,98)        0.014088012     -3     3    -6.7452966e-08
482 region_rec_diffs(2,99)        -0.12760353     -3     3    -1.1531519e-06
483 region_rec_diffs(2,100)        1.1963983     -3     3    -5.4706234e-07
484 region_rec_diffs(2,101)        0.60418545     -3     3    2.3344496e-07
485 region_rec_diffs(2,102)        0.053525076     -3     3    4.3472871e-08
486 region_rec_diffs(2,103)        0.090115322     -3     3    5.6221416e-07
487 region_rec_diffs(2,104)        0.46656576     -3     3    1.0885595e-06
488 region_rec_diffs(2,105)        -0.071525423     -3     3    -1.5285831e-07
489 region_rec_diffs(2,106)        -0.013871438     -3     3    2.2394038e-08
490 region_rec_diffs(2,107)        -0.02295834     -3     3    1.4670121e-08
491 region_rec_diffs(2,108)        0.014162781     -3     3    -4.4239958e-07
492 region_rec_diffs(2,109)        0.88350318     -3     3    6.8019235e-07
493 region_rec_diffs(2,110)        0.0246177     -3     3    -7.044552e-08
494 region_rec_diffs(2,111)        -0.42803297     -3     3    -5.2799468e-07
495 region_rec_diffs(2,112)        -0.12944216     -3     3    -2.1118281e-08
496 region_rec_diffs(2,113)        1.3329744     -3     3    1.3362403e-06
497 region_rec_diffs(2,114)        -0.11001174     -3     3    3.4883653e-07
498 region_rec_diffs(2,115)        0.26762486     -3     3    1.6200738e-07
499 region_rec_diffs(2,116)        0.57514526     -3     3    -6.4987578e-07
500 region_rec_diffs(2,117)        0.97619415     -3     3    6.1830548e-07
501 region_rec_diffs(2,118)        0.1876828     -3     3    5.7688567e-07
502 region_rec_diffs(2,119)        0.85375303     -3     3    5.4975361e-07
503 region_rec_diffs(2,120)        0.16848814     -3     3    1.3918899e-06
504 region_rec_diffs(2,121)        0.74477665     -3     3    -1.8389661e-06
505 region_rec_diffs(2,122)        -0.13267397     -3     3    2.5682062e-07
506 region_rec_diffs(2,123)        -0.05657118     -3     3    -1.978275e-07
507 region_rec_diffs(2,124)        -0.33994839     -3     3    -1.1359191e-06
508 region_rec_diffs(2,125)        0.83007479     -3     3    4.1585065e-07
509 region_rec_diffs(2,126)        1.53314     -3     3    -7.7085464e-07
510 region_rec_diffs(2,127)        -0.2244042     -3     3    -3.8514062e-08
511 region_rec_diffs(2,128)        0.62069849     -3     3    -2.4658551e-06
512 region_rec_diffs(2,129)        0.25836272     -3     3    -1.2187589e-06
513 region_rec_diffs(2,130)        -0.33729591     -3     3    2.5857867e-07
514 region_rec_diffs(2,131)        -0.10070874     -3     3    1.4986615e-07
515 region_rec_diffs(2,132)        1.0005122     -3     3    1.3599588e-06
516 region_rec_diffs(2,133)        -0.75541085     -3     3    6.7505199e-08
517 region_rec_diffs(2,134)        -0.360877     -3     3    -4.0491811e-08
518 region_rec_diffs(2,135)        -0.45042957     -3     3    -2.935428e-07
519 region_rec_diffs(2,136)        1.132878     -3     3    1.8293856e-06
520 region_rec_diffs(2,137)        -0.13441914     -3     3    -1.421881e-08
521 region_rec_diffs(2,138)        -0.64528592     -3     3    5.7507914e-07
522 region_rec_diffs(2,139)        -0.29730755     -3     3    2.3512363e-07
523 region_rec_diffs(2,140)        -0.8754775     -3     3    -1.1324412e-06
524 region_rec_diffs(2,141)        0.78289943     -3     3    -4.2377072e-07
525 region_rec_diffs(2,142)        0.59916444     -3     3    -4.0837638e-07
526 region_rec_diffs(2,143)        0.35169449     -3     3    1.4664939e-06
527 region_rec_diffs(2,144)        0.81909469     -3     3    2.9026425e-06
528 region_rec_diffs(2,145)        -0.8673256     -3     3    4.4455722e-07
529 region_rec_diffs(2,146)        -0.59731979     -3     3    2.2808092e-07
530 region_rec_diffs(2,147)        -0.70431436     -3     3    3.3298798e-07
531 region_rec_diffs(2,148)        -0.35305801     -3     3    -7.4084989e-07
532 region_rec_diffs(2,149)        0.22466834     -3     3    -4.4417269e-07
533 region_rec_diffs(2,150)        -0.33521607     -3     3    -2.7910102e-07
534 region_rec_diffs(2,151)        -1.3073086     -3     3    -2.4693297e-07
535 region_rec_diffs(2,152)        -0.67504048     -3     3    -1.1513762e-06
536 region_rec_diffs(2,153)        1.2981296     -3     3    -9.5972643e-07
537 region_rec_diffs(2,154)        -0.79881084     -3     3    3.592837e-07
538 region_rec_diffs(2,155)        -1.0353882     -3     3    9.1728887e-07
539 region_rec_diffs(2,156)        0.0051558214     -3     3    3.0504199e-07
540 region_rec_diffs(2,157)        1.4306022     -3     3    -2.760002e-07
541 region_rec_diffs(2,158)        -0.74939269     -3     3    2.8698689e-07
542 region_rec_diffs(2,159)        -1.0598807     -3     3    1.2002424e-07
543 region_rec_diffs(2,160)        -1.4391971     -3     3    3.4161365e-07
544 region_rec_diffs(2,161)        -0.96112236     -3     3    -1.0234819e-06
545 region_rec_diffs(2,162)        -0.96559544     -3     3    1.810619e-07
546 region_rec_diffs(2,163)        -1.6379668     -3     3    1.9665736e-07
547 region_rec_diffs(2,164)        0.95238122     -3     3    -1.9552231e-07
548 region_rec_diffs(2,165)        -0.61436187     -3     3    5.1166421e-07
549 region_rec_diffs(2,166)        -1.1861416     -3     3    3.9822379e-07
550 region_rec_diffs(2,167)        -1.8747678     -3     3    4.5904115e-07
551 region_rec_diffs(2,168)        -1.2513615     -3     3    4.5800723e-07
552 region_rec_diffs(2,169)        1.18606     -3     3    7.6169658e-07
553 region_rec_diffs(2,170)        -0.90745089     -3     3    -5.5702299e-08
554 region_rec_diffs(2,171)        -1.6668784     -3     3    2.1060281e-07
555 region_rec_diffs(2,172)        0.53491772     -3     3    -7.4298913e-07
556 region_rec_diffs(2,173)        1.0069395     -3     3    6.5490372e-07
557 region_rec_diffs(2,174)        -1.0612763     -3     3    1.874182e-07
558 region_rec_diffs(2,175)        -1.5986036     -3     3    -1.7401089e-07
559 region_rec_diffs(2,176)        -2.018393     -3     3    -1.7765431e-08
560 region_rec_diffs(2,177)        0.96727464     -3     3    -3.1463966e-07
561 region_rec_diffs(2,178)        0.034469546     -3     3    1.4608247e-06
562 region_rec_diffs(2,179)        -1.2478566     -3     3    -1.120618e-07
563 region_rec_diffs(2,180)        -0.9497572     -3     3    1.8599793e-07
564 region_rec_diffs(2,181)        1.4305767     -3     3    1.3467928e-06
565 region_rec_diffs(2,182)        -1.3266839     -3     3    -6.2809756e-09
566 region_rec_diffs(2,183)        -1.8038228     -3     3    -2.331935e-07
567 region_rec_diffs(2,184)        -1.6449319     -3     3    7.1080073e-08
568 region_rec_diffs(2,185)        -0.20588652     -3     3    2.8463142e-07
569 region_rec_diffs(2,186)        -1.281019     -3     3    -4.3310068e-07
570 region_rec_diffs(2,187)        -1.4851155     -3     3    3.11543e-07
571 region_rec_diffs(2,188)        0.40427371     -3     3    -2.1262976e-06
572 region_rec_diffs(2,189)        0.95381939     -3     3    -4.7031965e-07
573 region_rec_diffs(2,190)        -1.0852936     -3     3    2.250304e-07
574 region_rec_diffs(2,191)        -1.4235987     -3     3    6.7608704e-07
575 region_rec_diffs(2,192)        -0.25988557     -3     3    5.7692197e-07
576 region_rec_diffs(2,193)        1.5863295     -3     3    4.2041048e-07
577 region_rec_diffs(2,194)        -1.3045432     -3     3    2.8982699e-07
578 region_rec_diffs(2,195)        -1.4491529     -3     3    -2.3286235e-07
579 region_rec_diffs(2,196)        1.0680141     -3     3    -4.500444e-07
580 region_rec_diffs(2,197)        -0.042980985     -3     3    -4.1052094e-07
581 region_rec_diffs(2,198)        -1.5671352     -3     3    1.8161365e-08
582 region_rec_diffs(2,199)        -1.9165462     -3     3    2.0557371e-08
583 region_rec_diffs(2,200)        -1.6648562     -3     3    -4.1263727e-07
584 region_rec_diffs(2,201)        0.69303044     -3     3    -5.461988e-07
585 region_rec_diffs(2,202)        1.0971286     -3     3    -6.9906769e-07
586 region_rec_diffs(2,203)        0.61308001     -3     3    -1.0148164e-07
587 region_rec_diffs(2,204)        0.0015322057     -3     3    -2.6602614e-08
588 region_rec_diffs(2,205)        -1.0327023     -3     3    1.5143629e-07
589 region_rec_diffs(2,206)        -1.7808557     -3     3    -5.2367186e-08
590 region_rec_diffs(2,207)        -1.3621649     -3     3    1.5938501e-07
591 region_rec_diffs(2,208)        -1.5583732     -3     3    -1.3029556e-06
592 region_rec_diffs(2,209)        0.31299561     -3     3    9.6288675e-07
593 region_rec_diffs(2,210)        -1.2972004     -3     3    5.4941259e-07
594 region_rec_diffs(2,211)        -1.8617534     -3     3    4.3816777e-07
595 region_rec_diffs(2,212)        -1.9691401     -3     3    -1.471169e-07
596 region_rec_diffs(2,213)        -1.0979092     -3     3    -1.900545e-07
597 region_rec_diffs(2,214)        -0.63370982     -3     3    -1.0126847e-06
598 region_rec_diffs(2,215)        -0.64431528     -3     3    -3.907638e-07
599 region_rec_diffs(2,216)        0.96786921     -3     3    5.8419681e-07
600 region_rec_diffs(2,217)        -1.4388241     -3     3    9.7408688e-07
601 region_rec_diffs(2,218)        -2.3274174     -3     3    1.9314326e-07
602 region_rec_diffs(2,219)        -1.8424195     -3     3    6.1676799e-07
603 region_rec_diffs(2,220)        -0.74040637     -3     3    9.0163255e-07
604 region_rec_diffs(2,221)        0.48297425     -3     3    -4.480283e-06
605 region_rec_diffs(2,222)        -0.97949641     -3     3    -1.5661525e-06
606 region_rec_diffs(2,223)        -0.18221906     -3     3    -3.2171941e-06
607 region_rec_diffs(2,224)        -1.4149549     -3     3    -9.4461252e-07
608 region_rec_diffs(2,225)        -1.2618602     -3     3    -2.4128569e-07
609 region_rec_diffs(2,226)        -2.1153607     -3     3    3.2067253e-07
610 region_rec_diffs(2,227)        -1.7114664     -3     3    1.4862008e-07
611 region_rec_diffs(2,228)        -0.80114472     -3     3    -5.6981008e-07
612 region_rec_diffs(2,229)        0.72255797     -3     3    -1.4732716e-06
613 region_rec_diffs(2,230)        -1.0088333     -3     3    -1.3697698e-07
614 region_rec_diffs(2,231)        -0.26244081     -3     3    -1.8010983e-07
615 region_rec_diffs(2,232)        -0.27890448     -3     3    6.0100976e-07
616 region_rec_diffs(2,233)        -0.30985528     -3     3    1.3207039e-07
617 region_rec_diffs(2,234)        -1.1969826     -3     3    4.2995696e-09
618 region_rec_diffs(2,235)        0.21280584     -3     3    -1.7503036e-07
619 region_rec_diffs(2,236)        0.78989421     -3     3    -1.3233333e-06
620 region_rec_diffs(2,237)        -0.97695305     -3     3    4.911272e-07
621 region_rec_diffs(2,238)        0.22211664     -3     3    2.5002328e-06
622 region_rec_diffs(2,239)        -1.7799775     -3     3    7.2614498e-07
623 region_rec_diffs(2,240)        -1.096332     -3     3    1.8544923e-06
624 region_rec_diffs(2,241)        1.1047078     -3     3    -1.3661644e-07
625 region_rec_diffs(2,242)        -0.38946275     -3     3    -5.614169e-07
626 region_rec_diffs(2,243)        -0.88240442     -3     3    -7.0481643e-08
627 region_rec_diffs(2,244)        0.38320028     -3     3    -1.9260368e-07
628 region_rec_diffs(2,245)        -0.38137798     -3     3    -1.1257954e-06
629 region_rec_diffs(2,246)        -0.77229965     -3     3    -1.2417993e-07
630 region_rec_diffs(2,247)        -0.66855728     -3     3    -5.1308502e-07
631 region_rec_diffs(2,248)        0.034523606     -3     3    -3.711245e-07
632 region_rec_diffs(2,249)        -0.34616421     -3     3    -2.6606266e-06
633 region_rec_diffs(2,250)        -2.066708     -3     3    -2.6576972e-07
634 region_rec_diffs(2,251)        -1.8160133     -3     3    -3.0017706e-07
635 region_rec_diffs(2,252)        0.29805325     -3     3    2.4277988e-07
636 region_rec_diffs(2,253)        1.169115     -3     3    -2.6045177e-07
637 region_rec_diffs(2,254)        -2.0201798     -3     3    -5.2337966e-08
638 region_rec_diffs(2,255)        -2.2087403     -3     3    -2.4668786e-07
639 region_rec_diffs(2,256)        -0.97776093     -3     3    2.2562648e-07
640 region_rec_diffs(2,257)        0.67900152     -3     3    -1.0501961e-06
641 region_rec_diffs(2,258)        -1.451915     -3     3    1.7132551e-08
642 region_rec_diffs(2,259)        -1.5123722     -3     3    -5.6730697e-07
643 region_rec_diffs(2,260)        0.49078419     -3     3    -1.1420926e-06
644 region_rec_diffs(2,261)        -0.49680342     -3     3    -6.2637841e-08
645 region_rec_diffs(2,262)        -1.4322356     -3     3    4.7655485e-07
646 region_rec_diffs(2,263)        -1.3808648     -3     3    -2.3240685e-07
647 region_rec_diffs(2,264)        0.50817539     -3     3    -1.2013822e-07
648 region_rec_diffs(2,265)        1.3962939     -3     3    1.8931016e-06
649 region_rec_diffs(2,266)        -1.4570133     -3     3    -6.3732381e-07
650 region_rec_diffs(2,267)        -1.7220881     -3     3    1.3660791e-07
651 region_rec_diffs(2,268)        -1.2220496     -3     3    6.4428677e-07
652 region_rec_diffs(2,269)        0.9793535     -3     3    3.0187516e-06
653 region_rec_diffs(2,270)        -1.237281     -3     3    2.3397571e-07
654 region_rec_diffs(2,271)        -1.5036815     -3     3    4.0064784e-07
655 region_rec_diffs(2,272)        -0.24564645     -3     3    4.7128397e-07
656 region_rec_diffs(2,273)        -0.21539627     -3     3    -6.3710388e-07
657 region_rec_diffs(2,274)        -1.2623044     -3     3    4.0707312e-07
658 region_rec_diffs(2,275)        -0.50283302     -3     3    7.9438912e-07
659 region_rec_diffs(2,276)        1.6939123     -3     3    1.9515156e-08
660 region_rec_diffs(2,277)        -0.15665133     -3     3    5.8128144e-07
661 region_rec_diffs(2,278)        -0.34554244     -3     3    1.9519972e-07
662 region_rec_diffs(2,279)        -0.15353317     -3     3    3.2004143e-07
663 region_rec_diffs(3,1)        1.6818249e-08     -3     3    -2.6108771e-09
664 region_rec_diffs(3,2)        -1.2571941     -3     3    2.4316701e-07
665 region_rec_diffs(3,3)        -1.3323209     -3     3    -1.49022e-07
666 region_rec_diffs(3,4)        -1.4233527     -3     3    -2.1379826e-07
667 region_rec_diffs(3,5)        -1.4502965     -3     3    1.0035954e-06
668 region_rec_diffs(3,6)        -0.19705115     -3     3    -1.6519506e-07
669 region_rec_diffs(3,7)        -1.859044     -3     3    1.3806482e-07
670 region_rec_diffs(3,8)        -0.10482075     -3     3    4.1653903e-07
671 region_rec_diffs(3,9)        -0.030726514     -3     3    -3.2106872e-07
672 region_rec_diffs(3,10)        0.053541073     -3     3    9.5022397e-09
673 region_rec_diffs(3,11)        -1.1506239     -3     3    1.7370073e-06
674 region_rec_diffs(3,12)        0.024089106     -3     3    8.7155494e-08
675 region_rec_diffs(3,13)        -0.065985093     -3     3    1.5801925e-07
676 region_rec_diffs(3,14)        -0.62277241     -3     3    5.1760693e-08
677 region_rec_diffs(3,15)        -0.055539691     -3     3    -1.1698782e-07
678 region_rec_diffs(3,16)        -0.030808457     -3     3    -6.4982871e-08
679 region_rec_diffs(3,17)        -0.35932121     -3     3    1.4429146e-08
680 region_rec_diffs(3,18)        -1.4905283     -3     3    -3.0748785e-07
681 region_rec_diffs(3,19)        -0.1123626     -3     3    -1.7276354e-07
682 region_rec_diffs(3,20)        -0.11793224     -3     3    -1.027818e-07
683 region_rec_diffs(3,21)        -1.0237963     -3     3    -1.5031768e-07
684 region_rec_diffs(3,22)        -1.3971297     -3     3    -6.1499661e-08
685 region_rec_diffs(3,23)        -0.46482176     -3     3    -5.5009038e-07
686 region_rec_diffs(3,24)        -0.10394678     -3     3    5.2757841e-07
687 region_rec_diffs(3,25)        -1.76243     -3     3    8.6522607e-07
688 region_rec_diffs(3,26)        -0.27664079     -3     3    3.000476e-07
689 region_rec_diffs(3,27)        -2.1607815     -3     3    1.8601422e-07
690 region_rec_diffs(3,28)        -0.1623402     -3     3    -4.505037e-07
691 region_rec_diffs(3,29)        -1.4845626     -3     3    8.515531e-08
692 region_rec_diffs(3,30)        -0.21017858     -3     3    -3.2417619e-07
693 region_rec_diffs(3,31)        -0.15313964     -3     3    1.177528e-07
694 region_rec_diffs(3,32)        -0.095537272     -3     3    3.1690532e-07
695 region_rec_diffs(3,33)        -0.78988381     -3     3    6.8449724e-07
696 region_rec_diffs(3,34)        -1.2010477     -3     3    -3.5741152e-07
697 region_rec_diffs(3,35)        -0.044077526     -3     3    -6.6969934e-08
698 region_rec_diffs(3,36)        -0.82954684     -3     3    -3.0570613e-07
699 region_rec_diffs(3,37)        -0.59298764     -3     3    -9.5505722e-07
700 region_rec_diffs(3,38)        0.17804825     -3     3    -2.6528262e-07
701 region_rec_diffs(3,39)        0.015408124     -3     3    8.795941e-08
702 region_rec_diffs(3,40)        -0.025324124     -3     3    -4.8771441e-08
703 region_rec_diffs(3,41)        -1.0928961     -3     3    -6.3909776e-07
704 region_rec_diffs(3,42)        -0.83919584     -3     3    -3.6759184e-07
705 region_rec_diffs(3,43)        -0.029488773     -3     3    4.3109102e-08
706 region_rec_diffs(3,44)        -0.82091108     -3     3    3.6969978e-08
707 region_rec_diffs(3,45)        -1.5138091     -3     3    -1.5346561e-06
708 region_rec_diffs(3,46)        -0.19228167     -3     3    -2.0948571e-07
709 region_rec_diffs(3,47)        -0.12717234     -3     3    -6.2469965e-08
710 region_rec_diffs(3,48)        -0.58912688     -3     3    -1.6008025e-07
711 region_rec_diffs(3,49)        -1.325662     -3     3    -2.0350131e-07
712 region_rec_diffs(3,50)        -0.060111423     -3     3    -7.5413183e-08
713 region_rec_diffs(3,51)        -1.0380682     -3     3    1.090649e-07
714 region_rec_diffs(3,52)        -0.37419448     -3     3    -4.1216528e-07
715 region_rec_diffs(3,53)        -1.5504105     -3     3    -1.1697449e-06
716 region_rec_diffs(3,54)        -0.0044664676     -3     3    -2.0903662e-07
717 region_rec_diffs(3,55)        -0.087715459     -3     3    4.3071833e-07
718 region_rec_diffs(3,56)        -0.37971691     -3     3    5.5692136e-07
719 region_rec_diffs(3,57)        -0.5208174     -3     3    -7.2628941e-07
720 region_rec_diffs(3,58)        -0.85025139     -3     3    5.6465212e-07
721 region_rec_diffs(3,59)        -0.24372758     -3     3    -6.1344113e-08
722 region_rec_diffs(3,60)        -1.007408     -3     3    7.2823102e-07
723 region_rec_diffs(3,61)        -1.5786022     -3     3    -4.4535757e-07
724 region_rec_diffs(3,62)        -0.18508378     -3     3    -3.8291709e-08
725 region_rec_diffs(3,63)        -0.52457835     -3     3    4.474603e-07
726 region_rec_diffs(3,64)        -0.47235951     -3     3    5.914992e-07
727 region_rec_diffs(3,65)        -1.6086876     -3     3    -3.9786822e-07
728 region_rec_diffs(3,66)        -0.059538711     -3     3    1.0861088e-07
729 region_rec_diffs(3,67)        -0.41014425     -3     3    -1.8762434e-07
730 region_rec_diffs(3,68)        -0.93672757     -3     3    1.813867e-07
731 region_rec_diffs(3,69)        -0.81361053     -3     3    7.0583444e-07
732 region_rec_diffs(3,70)        -0.46264423     -3     3    -4.5243589e-07
733 region_rec_diffs(3,71)        -0.21873993     -3     3    4.6475946e-07
734 region_rec_diffs(3,72)        -0.51339421     -3     3    7.5868519e-07
735 region_rec_diffs(3,73)        -0.54976619     -3     3    1.2758873e-07
736 region_rec_diffs(3,74)        -1.0742346     -3     3    -4.302443e-07
737 region_rec_diffs(3,75)        -0.08827146     -3     3    1.2383569e-07
738 region_rec_diffs(3,76)        -0.32602725     -3     3    1.2782303e-07
739 region_rec_diffs(3,77)        -0.90002828     -3     3    1.011898e-07
740 region_rec_diffs(3,78)        -0.48228401     -3     3    -2.8878484e-08
741 region_rec_diffs(3,79)        -0.35506524     -3     3    5.7373774e-07
742 region_rec_diffs(3,80)        -1.0017901     -3     3    5.6087933e-07
743 region_rec_diffs(3,81)        -1.2871825     -3     3    3.4493017e-07
744 region_rec_diffs(3,82)        -0.64475789     -3     3    1.6080793e-07
745 region_rec_diffs(3,83)        -0.93338134     -3     3    8.6981478e-07
746 region_rec_diffs(3,84)        -0.48647996     -3     3    2.0886974e-07
747 region_rec_diffs(3,85)        -0.65554173     -3     3    3.0517605e-07
748 region_rec_diffs(3,86)        -0.018232889     -3     3    1.9158059e-07
749 region_rec_diffs(3,87)        -0.83587212     -3     3    2.8512265e-07
750 region_rec_diffs(3,88)        -0.066326417     -3     3    -4.0814702e-07
751 region_rec_diffs(3,89)        -0.85578337     -3     3    8.698471e-08
752 region_rec_diffs(3,90)        -0.18330181     -3     3    -5.0880548e-07
753 region_rec_diffs(3,91)        0.068609643     -3     3    4.1277344e-07
754 region_rec_diffs(3,92)        -0.79282685     -3     3    -8.4231574e-07
755 region_rec_diffs(3,93)        -1.475018     -3     3    1.394987e-06
756 region_rec_diffs(3,94)        0.030212778     -3     3    1.8559999e-06
757 region_rec_diffs(3,95)        -0.16501585     -3     3    -6.707953e-07
758 region_rec_diffs(3,96)        0.15175033     -3     3    4.8709679e-08
759 region_rec_diffs(3,97)        -0.32512988     -3     3    -9.8127752e-07
760 region_rec_diffs(3,98)        -0.71807822     -3     3    3.1956037e-07
761 region_rec_diffs(3,99)        0.65749517     -3     3    -2.0523485e-06
762 region_rec_diffs(3,100)        -1.4878845     -3     3    4.1948587e-07
763 region_rec_diffs(3,101)        0.30199735     -3     3    -2.1394432e-06
764 region_rec_diffs(3,102)        -0.02597204     -3     3    6.1596307e-09
765 region_rec_diffs(3,103)        -0.30028412     -3     3    -1.216765e-07
766 region_rec_diffs(3,104)        -0.42166238     -3     3    9.7230602e-07
767 region_rec_diffs(3,105)        -0.12697176     -3     3    -2.0117779e-07
768 region_rec_diffs(3,106)        -0.060189345     -3     3    -3.9908066e-08
769 region_rec_diffs(3,107)        -0.16632133     -3     3    -3.3445879e-07
770 region_rec_diffs(3,108)        -0.87451825     -3     3    -2.4475141e-08
771 region_rec_diffs(3,109)        -0.809564     -3     3    1.0223931e-07
772 region_rec_diffs(3,110)        -0.10275783     -3     3    1.0230944e-07
773 region_rec_diffs(3,111)        -0.77904944     -3     3    -8.6775061e-08
774 region_rec_diffs(3,112)        -0.48349396     -3     3    -2.3569146e-07
775 region_rec_diffs(3,113)        -0.58093567     -3     3    -7.3779529e-07
776 region_rec_diffs(3,114)        -0.48387801     -3     3    1.8515564e-07
777 region_rec_diffs(3,115)        -0.29815695     -3     3    -2.6264461e-07
778 region_rec_diffs(3,116)        -0.7891113     -3     3    3.0129348e-07
779 region_rec_diffs(3,117)        -0.95331566     -3     3    2.9923558e-07
780 region_rec_diffs(3,118)        -0.072202795     -3     3    -4.8689203e-07
781 region_rec_diffs(3,119)        -0.82360851     -3     3    1.3937831e-06
782 region_rec_diffs(3,120)        -0.767851     -3     3    2.9996346e-07
783 region_rec_diffs(3,121)        -0.75204401     -3     3    4.1406644e-07
784 region_rec_diffs(3,122)        -0.93392896     -3     3    3.9620832e-07
785 region_rec_diffs(3,123)        -0.1322983     -3     3    -2.167251e-07
786 region_rec_diffs(3,124)        0.19792639     -3     3    -6.5183413e-07
787 region_rec_diffs(3,125)        -0.2981456     -3     3    -8.7480495e-08
788 region_rec_diffs(3,126)        -1.1738806     -3     3    9.9714302e-08
789 region_rec_diffs(3,127)        -0.51696245     -3     3    -3.0739015e-07
790 region_rec_diffs(3,128)        -1.0599423     -3     3    2.2239002e-07
791 region_rec_diffs(3,129)        -0.99996618     -3     3    3.7174481e-07
792 region_rec_diffs(3,130)        -0.59744492     -3     3    4.1075785e-08
793 region_rec_diffs(3,131)        -0.1649814     -3     3    2.5705236e-08
794 region_rec_diffs(3,132)        0.71802062     -3     3    -1.14058e-06
795 region_rec_diffs(3,133)        -0.89377486     -3     3    -8.9416847e-07
796 region_rec_diffs(3,134)        -0.44348911     -3     3    -1.6048104e-07
797 region_rec_diffs(3,135)        -0.31447674     -3     3    -5.9172387e-07
798 region_rec_diffs(3,136)        -0.25952397     -3     3    -1.7782419e-07
799 region_rec_diffs(3,137)        -0.22376369     -3     3    -6.9541733e-08
800 region_rec_diffs(3,138)        -0.52701324     -3     3    1.2983606e-07
801 region_rec_diffs(3,139)        -0.18459136     -3     3    3.0828101e-07
802 region_rec_diffs(3,140)        -1.1350489     -3     3    1.9263111e-07
803 region_rec_diffs(3,141)        -0.62949538     -3     3    5.6781528e-07
804 region_rec_diffs(3,142)        0.069429816     -3     3    1.2411086e-07
805 region_rec_diffs(3,143)        -0.036262392     -3     3    -3.0278366e-08
806 region_rec_diffs(3,144)        1.1877173     -3     3    -9.0287898e-07
807 region_rec_diffs(3,145)        -0.79026325     -3     3    -6.795651e-07
808 region_rec_diffs(3,146)        -0.60648682     -3     3    1.7808088e-07
809 region_rec_diffs(3,147)        -1.1093824     -3     3    -4.9539183e-08
810 region_rec_diffs(3,148)        -1.4616623     -3     3    -9.4533605e-07
811 region_rec_diffs(3,149)        -0.87213702     -3     3    -1.3861565e-07
812 region_rec_diffs(3,150)        -0.11148158     -3     3    9.796908e-08
813 region_rec_diffs(3,151)        0.97523451     -3     3    1.6374671e-06
814 region_rec_diffs(3,152)        -1.1373403     -3     3    7.0113037e-07
815 region_rec_diffs(3,153)        -0.26613661     -3     3    -9.1931511e-07
816 region_rec_diffs(3,154)        -0.18243372     -3     3    3.6748587e-07
817 region_rec_diffs(3,155)        -0.5422127     -3     3    3.2362514e-07
818 region_rec_diffs(3,156)        -0.12970412     -3     3    -3.3558486e-07
819 region_rec_diffs(3,157)        0.99186852     -3     3    -6.8010972e-07
820 region_rec_diffs(3,158)        0.94850211     -3     3    -3.3500572e-07
821 region_rec_diffs(3,159)        0.79698012     -3     3    -2.4673586e-07
822 region_rec_diffs(3,160)        -1.6492991     -3     3    -3.3211429e-07
823 region_rec_diffs(3,161)        -0.1325726     -3     3    2.9971313e-07
824 region_rec_diffs(3,162)        -0.39539852     -3     3    -2.7951484e-07
825 region_rec_diffs(3,163)        -1.3959655     -3     3    1.2330037e-06
826 region_rec_diffs(3,164)        -1.1070684     -3     3    1.8479101e-07
827 region_rec_diffs(3,165)        1.7929031     -3     3    -6.0153727e-07
828 region_rec_diffs(3,166)        0.3738428     -3     3    -5.1213631e-07
829 region_rec_diffs(3,167)        1.7062633     -3     3    1.6298086e-06
830 region_rec_diffs(3,168)        -1.5664259     -3     3    8.4488549e-08
831 region_rec_diffs(3,169)        -1.3202108     -3     3    -6.0927115e-07
832 region_rec_diffs(3,170)        -0.86203867     -3     3    1.5366338e-07
833 region_rec_diffs(3,171)        -1.3381245     -3     3    -1.4709267e-07
834 region_rec_diffs(3,172)        -1.7734343     -3     3    3.5761315e-07
835 region_rec_diffs(3,173)        -2.1703272     -3     3    -6.8342565e-07
836 region_rec_diffs(3,174)        -0.34439451     -3     3    3.5095012e-07
837 region_rec_diffs(3,175)        1.4567352     -3     3    -4.2228172e-07
838 region_rec_diffs(3,176)        0.91834656     -3     3    6.4260523e-07
839 region_rec_diffs(3,177)        -0.040792699     -3     3    5.4301652e-07
840 region_rec_diffs(3,178)        1.2987399     -3     3    6.6239212e-07
841 region_rec_diffs(3,179)        1.6678985     -3     3    9.5114985e-07
842 region_rec_diffs(3,180)        -0.37956187     -3     3    -5.1916268e-07
843 region_rec_diffs(3,181)        -1.2201195     -3     3    4.9010046e-07
844 region_rec_diffs(3,182)        -0.55375056     -3     3    -8.4531495e-07
845 region_rec_diffs(3,183)        -0.70508807     -3     3    5.1455248e-08
846 region_rec_diffs(3,184)        -0.56301533     -3     3    1.3573112e-07
847 region_rec_diffs(3,185)        1.4054074     -3     3    -2.0181757e-07
848 region_rec_diffs(3,186)        0.43502299     -3     3    1.2556728e-06
849 region_rec_diffs(3,187)        -0.055564404     -3     3    3.485375e-06
850 region_rec_diffs(3,188)        -1.1306322     -3     3    -1.0034725e-06
851 region_rec_diffs(3,189)        0.44888473     -3     3    -1.3168242e-06
852 region_rec_diffs(3,190)        -0.066260074     -3     3    -9.0713253e-07
853 region_rec_diffs(3,191)        1.5612881     -3     3    -4.6906374e-07
854 region_rec_diffs(3,192)        1.5013873     -3     3    3.9537593e-08
855 region_rec_diffs(3,193)        0.51445559     -3     3    -1.2094505e-07
856 region_rec_diffs(3,194)        -1.4198618     -3     3    6.5547903e-07
857 region_rec_diffs(3,195)        -1.0144953     -3     3    -2.1606887e-07
858 region_rec_diffs(3,196)        0.059202     -3     3    8.6753499e-08
859 region_rec_diffs(3,197)        -0.83664744     -3     3    3.9910381e-07
860 region_rec_diffs(3,198)        -1.0975786     -3     3    -3.6196791e-08
861 region_rec_diffs(3,199)        1.3424172     -3     3    -1.380439e-07
862 region_rec_diffs(3,200)        0.21453329     -3     3    1.5818698e-07
863 region_rec_diffs(3,201)        -0.69052854     -3     3    9.9845448e-07
864 region_rec_diffs(3,202)        0.89125193     -3     3    8.0033797e-07
865 region_rec_diffs(3,203)        0.65565606     -3     3    1.2934771e-06
866 region_rec_diffs(3,204)        -0.54224742     -3     3    -1.0754507e-06
867 region_rec_diffs(3,205)        -0.53283974     -3     3    2.3149829e-07
868 region_rec_diffs(3,206)        -0.90531781     -3     3    -1.0022175e-08
869 region_rec_diffs(3,207)        -0.74474336     -3     3    -8.7377164e-08
870 region_rec_diffs(3,208)        -1.8314429     -3     3    -4.2668203e-07
871 region_rec_diffs(3,209)        0.90536327     -3     3    8.7344273e-07
872 region_rec_diffs(3,210)        1.353731     -3     3    5.1593323e-07
873 region_rec_diffs(3,211)        0.1690511     -3     3    3.5254759e-07
874 region_rec_diffs(3,212)        0.012345465     -3     3    8.5829783e-07
875 region_rec_diffs(3,213)        -0.35035933     -3     3    2.2596881e-07
876 region_rec_diffs(3,214)        0.55342188     -3     3    -1.2772334e-06
877 region_rec_diffs(3,215)        1.3224687     -3     3    1.4542752e-06
878 region_rec_diffs(3,216)        0.81936984     -3     3    2.7756278e-07
879 region_rec_diffs(3,217)        -0.31656136     -3     3    4.8632601e-07
880 region_rec_diffs(3,218)        0.77823448     -3     3    -6.2506911e-07
881 region_rec_diffs(3,219)        1.8159848     -3     3    -9.7321948e-07
882 region_rec_diffs(3,220)        1.6950196     -3     3    -2.2160547e-06
883 region_rec_diffs(3,221)        -0.15840858     -3     3    1.4078738e-06
884 region_rec_diffs(3,222)        1.7171178     -3     3    2.4242022e-07
885 region_rec_diffs(3,223)        1.3328229     -3     3    5.8298374e-07
886 region_rec_diffs(3,224)        0.23954345     -3     3    -8.4235944e-07
887 region_rec_diffs(3,225)        -0.62345933     -3     3    -3.4636544e-07
888 region_rec_diffs(3,226)        0.70164821     -3     3    2.123358e-06
889 region_rec_diffs(3,227)        1.341409     -3     3    -1.2564622e-06
890 region_rec_diffs(3,228)        1.3998079     -3     3    1.4274813e-06
891 region_rec_diffs(3,229)        -0.23969934     -3     3    -7.0950101e-08
892 region_rec_diffs(3,230)        1.5166524     -3     3    5.1729124e-07
893 region_rec_diffs(3,231)        1.6126748     -3     3    2.0048532e-06
894 region_rec_diffs(3,232)        0.54265255     -3     3    -8.7392802e-07
895 region_rec_diffs(3,233)        1.6273249     -3     3    1.6285141e-07
896 region_rec_diffs(3,234)        1.7703485     -3     3    1.3681296e-07
897 region_rec_diffs(3,235)        1.6220923     -3     3    -9.2640453e-07
898 region_rec_diffs(3,236)        0.82783343     -3     3    -6.1399495e-07
899 region_rec_diffs(3,237)        -0.041877192     -3     3    1.6006781e-07
900 region_rec_diffs(3,238)        1.0800665     -3     3    -8.1348945e-07
901 region_rec_diffs(3,239)        1.4682755     -3     3    -4.674101e-07
902 region_rec_diffs(3,240)        1.5188159     -3     3    3.296425e-08
903 region_rec_diffs(3,241)        0.94279274     -3     3    -8.4033091e-07
904 region_rec_diffs(3,242)        1.4222606     -3     3    3.09948e-07
905 region_rec_diffs(3,243)        1.4388503     -3     3    -5.0322686e-07
906 region_rec_diffs(3,244)        0.51915654     -3     3    -2.0870845e-08
907 region_rec_diffs(3,245)        1.2148744     -3     3    2.5173325e-07
908 region_rec_diffs(3,246)        1.5792977     -3     3    -1.0019538e-07
909 region_rec_diffs(3,247)        1.2956205     -3     3    5.9776309e-07
910 region_rec_diffs(3,248)        0.47865355     -3     3    5.7957486e-07
911 region_rec_diffs(3,249)        -1.1427262     -3     3    -1.4208607e-07
912 region_rec_diffs(3,250)        1.0022249     -3     3    -3.3504657e-07
913 region_rec_diffs(3,251)        1.0472828     -3     3    5.0154893e-07
914 region_rec_diffs(3,252)        0.93840212     -3     3    3.7063753e-07
915 region_rec_diffs(3,253)        0.11435434     -3     3    1.5603914e-06
916 region_rec_diffs(3,254)        -0.26013718     -3     3    2.6154334e-06
917 region_rec_diffs(3,255)        0.56656417     -3     3    -1.0239482e-06
918 region_rec_diffs(3,256)        0.66334199     -3     3    8.7820852e-07
919 region_rec_diffs(3,257)        0.13144218     -3     3    4.8143512e-07
920 region_rec_diffs(3,258)        0.35032922     -3     3    1.7790253e-06
921 region_rec_diffs(3,259)        0.0053487663     -3     3    4.3232908e-06
922 region_rec_diffs(3,260)        0.16329389     -3     3    -3.4735713e-07
923 region_rec_diffs(3,261)        -0.39855266     -3     3    3.0614736e-07
924 region_rec_diffs(3,262)        0.12138102     -3     3    -1.3736987e-06
925 region_rec_diffs(3,263)        1.1805731     -3     3    5.8360188e-07
926 region_rec_diffs(3,264)        0.44362139     -3     3    -1.5224927e-06
927 region_rec_diffs(3,265)        -0.91307338     -3     3    1.2672778e-06
928 region_rec_diffs(3,266)        -0.20414086     -3     3    -1.0223233e-06
929 region_rec_diffs(3,267)        0.54032519     -3     3    -1.0929147e-06
930 region_rec_diffs(3,268)        0.97387496     -3     3    9.4697576e-07
931 region_rec_diffs(3,269)        0.79363706     -3     3    1.0870065e-06
932 region_rec_diffs(3,270)        0.63065666     -3     3    1.0743435e-06
933 region_rec_diffs(3,271)        0.49256584     -3     3    -5.6284225e-07
934 region_rec_diffs(3,272)        -0.4641331     -3     3    -4.1466426e-07
935 region_rec_diffs(3,273)        0.10521441     -3     3    -6.1635544e-07
936 region_rec_diffs(3,274)        -1.7843111     -3     3    9.1798062e-07
937 region_rec_diffs(3,275)        1.0118714     -3     3    -1.0691224e-07
938 region_rec_diffs(3,276)        -0.9648235     -3     3    1.0457424e-07
939 region_rec_diffs(3,277)        1.7210044     -3     3    3.0770327e-07
940 region_rec_diffs(3,278)        -0.33007316     -3     3    2.7416953e-08
941 region_rec_diffs(3,279)        -0.34617968     -3     3    3.306816e-07
942 region_rec_diffs(4,1)        1.5019165e-08     -3     3    -2.1823156e-09
943 region_rec_diffs(4,2)        -0.18310729     -3     3    3.0134617e-07
944 region_rec_diffs(4,3)        -0.17635203     -3     3    2.1261794e-07
945 region_rec_diffs(4,4)        -0.40026074     -3     3    3.1139337e-06
946 region_rec_diffs(4,5)        -0.42259191     -3     3    4.8741007e-07
947 region_rec_diffs(4,6)        -0.12779859     -3     3    -1.5884634e-07
948 region_rec_diffs(4,7)        -1.6267236     -3     3    -8.6486968e-07
949 region_rec_diffs(4,8)        -0.063829783     -3     3    9.133858e-08
950 region_rec_diffs(4,9)        0.025390256     -3     3    2.5184886e-07
951 region_rec_diffs(4,10)        0.10944529     -3     3    6.8006861e-09
952 region_rec_diffs(4,11)        -0.38361722     -3     3    1.0143682e-06
953 region_rec_diffs(4,12)        0.017798131     -3     3    8.0466838e-08
954 region_rec_diffs(4,13)        -0.48269908     -3     3    -5.2978568e-07
955 region_rec_diffs(4,14)        -1.4874544     -3     3    -6.8690913e-07
956 region_rec_diffs(4,15)        -0.12733535     -3     3    5.06888e-07
957 region_rec_diffs(4,16)        -0.0091103945     -3     3    1.1706728e-07
958 region_rec_diffs(4,17)        -0.21912163     -3     3    5.3103767e-07
959 region_rec_diffs(4,18)        -1.1953782     -3     3    -1.5267454e-06
960 region_rec_diffs(4,19)        -0.01508699     -3     3    2.1736222e-07
961 region_rec_diffs(4,20)        0.024106243     -3     3    -1.3142106e-07
962 region_rec_diffs(4,21)        0.078326291     -3     3    -2.8302761e-07
963 region_rec_diffs(4,22)        -0.46322834     -3     3    -5.5378525e-07
964 region_rec_diffs(4,23)        -0.02673665     -3     3    2.2827421e-08
965 region_rec_diffs(4,24)        0.072927932     -3     3    2.7439533e-08
966 region_rec_diffs(4,25)        -0.45904834     -3     3    9.7769996e-09
967 region_rec_diffs(4,26)        0.11542968     -3     3    1.9262175e-07
968 region_rec_diffs(4,27)        0.25440446     -3     3    1.4873234e-06
969 region_rec_diffs(4,28)        0.029203157     -3     3    -1.3888513e-07
970 region_rec_diffs(4,29)        -0.57785068     -3     3    -4.8467473e-08
971 region_rec_diffs(4,30)        -0.039768795     -3     3    -3.7344391e-07
972 region_rec_diffs(4,31)        0.017328129     -3     3    7.0348856e-08
973 region_rec_diffs(4,32)        0.094269738     -3     3    1.2886404e-06
974 region_rec_diffs(4,33)        1.4782829     -3     3    2.0769582e-06
975 region_rec_diffs(4,34)        -0.17116683     -3     3    1.8011279e-06
976 region_rec_diffs(4,35)        0.022089956     -3     3    1.6419482e-07
977 region_rec_diffs(4,36)        -0.42427185     -3     3    -2.2835716e-07
978 region_rec_diffs(4,37)        0.49330634     -3     3    -3.07903e-07
979 region_rec_diffs(4,38)        0.3434689     -3     3    1.2279517e-06
980 region_rec_diffs(4,39)        0.063651088     -3     3    -2.5131358e-08
981 region_rec_diffs(4,40)        0.24050934     -3     3    -3.4302314e-08
982 region_rec_diffs(4,41)        0.20904605     -3     3    -7.9208876e-07
983 region_rec_diffs(4,42)        0.11127366     -3     3    -4.6452189e-07
984 region_rec_diffs(4,43)        0.069894372     -3     3    1.027264e-07
985 region_rec_diffs(4,44)        1.2307068     -3     3    -5.2572013e-07
986 region_rec_diffs(4,45)        0.46524601     -3     3    -1.5081425e-06
987 region_rec_diffs(4,46)        0.026567816     -3     3    -8.8747499e-08
988 region_rec_diffs(4,47)        0.068089951     -3     3    3.0245939e-08
989 region_rec_diffs(4,48)        1.7218072     -3     3    3.0929483e-07
990 region_rec_diffs(4,49)        -0.061020691     -3     3    1.1914528e-06
991 region_rec_diffs(4,50)        0.041745436     -3     3    -2.5716336e-10
992 region_rec_diffs(4,51)        -0.48220904     -3     3    -5.0819112e-08
993 region_rec_diffs(4,52)        0.050861087     -3     3    9.9077284e-08
994 region_rec_diffs(4,53)        -0.56143105     -3     3    -9.0012889e-07
995 region_rec_diffs(4,54)        -0.065131809     -3     3    -6.603724e-09
996 region_rec_diffs(4,55)        -0.10808632     -3     3    4.1205615e-07
997 region_rec_diffs(4,56)        -0.068210297     -3     3    -5.9537459e-07
998 region_rec_diffs(4,57)        1.1920468     -3     3    -2.2921668e-06
999 region_rec_diffs(4,58)        -0.0035558191     -3     3    -8.6961946e-07
1000 region_rec_diffs(4,59)        -0.049868379     -3     3    -6.4464552e-07
1001 region_rec_diffs(4,60)        0.75145747     -3     3    1.6338393e-07
1002 region_rec_diffs(4,61)        -0.48521912     -3     3    1.4395483e-07
1003 region_rec_diffs(4,62)        0.027221203     -3     3    1.8676499e-07
1004 region_rec_diffs(4,63)        -0.20186309     -3     3    1.8765537e-07
1005 region_rec_diffs(4,64)        0.031098089     -3     3    2.0839475e-07
1006 region_rec_diffs(4,65)        0.85888111     -3     3    2.3855789e-06
1007 region_rec_diffs(4,66)        0.11289231     -3     3    2.065366e-07
1008 region_rec_diffs(4,67)        -0.038804813     -3     3    1.9982645e-07
1009 region_rec_diffs(4,68)        0.6407851     -3     3    1.1343095e-06
1010 region_rec_diffs(4,69)        1.0728953     -3     3    -1.1132277e-06
1011 region_rec_diffs(4,70)        -0.68472024     -3     3    -5.2275646e-07
1012 region_rec_diffs(4,71)        -0.14159005     -3     3    -9.2233892e-09
1013 region_rec_diffs(4,72)        0.68860123     -3     3    5.883892e-07
1014 region_rec_diffs(4,73)        -0.12191472     -3     3    2.1898195e-06
1015 region_rec_diffs(4,74)        -0.9132037     -3     3    3.1913356e-07
1016 region_rec_diffs(4,75)        -0.05258462     -3     3    7.4135199e-08
1017 region_rec_diffs(4,76)        -0.18278812     -3     3    5.8037224e-08
1018 region_rec_diffs(4,77)        -0.090680326     -3     3    -8.4087824e-07
1019 region_rec_diffs(4,78)        0.14580679     -3     3    4.8979674e-07
1020 region_rec_diffs(4,79)        0.050370545     -3     3    -1.6954597e-07
1021 region_rec_diffs(4,80)        0.093159522     -3     3    -2.0137125e-06
1022 region_rec_diffs(4,81)        -0.66337758     -3     3    1.1808406e-07
1023 region_rec_diffs(4,82)        -0.63216069     -3     3    9.7331672e-08
1024 region_rec_diffs(4,83)        -0.55096185     -3     3    4.3119612e-07
1025 region_rec_diffs(4,84)        0.61946233     -3     3    1.1159302e-06
1026 region_rec_diffs(4,85)        0.087015323     -3     3    1.5503512e-07
1027 region_rec_diffs(4,86)        0.054228174     -3     3    -3.021862e-07
1028 region_rec_diffs(4,87)        -0.19973403     -3     3    1.237055e-06
1029 region_rec_diffs(4,88)        -0.53136643     -3     3    8.3885271e-07
1030 region_rec_diffs(4,89)        -0.99437579     -3     3    4.6877228e-08
1031 region_rec_diffs(4,90)        -0.062467711     -3     3    -3.4010858e-07
1032 region_rec_diffs(4,91)        -0.37681318     -3     3    -1.1648519e-07
1033 region_rec_diffs(4,92)        0.13867993     -3     3    1.7410736e-07
1034 region_rec_diffs(4,93)        0.88737452     -3     3    2.2576411e-06
1035 region_rec_diffs(4,94)        -0.46116923     -3     3    -6.8019036e-07
1036 region_rec_diffs(4,95)        0.057650142     -3     3    -1.0693449e-07
1037 region_rec_diffs(4,96)        0.27320621     -3     3    6.4728775e-07
1038 region_rec_diffs(4,97)        -0.22129822     -3     3    1.229746e-07
1039 region_rec_diffs(4,98)        -0.17662885     -3     3    -1.8867278e-08
1040 region_rec_diffs(4,99)        -0.38862859     -3     3    -1.1564011e-07
1041 region_rec_diffs(4,100)        -1.1418576     -3     3    1.1211885e-06
1042 region_rec_diffs(4,101)        -0.85902816     -3     3    -4.2949062e-07
1043 region_rec_diffs(4,102)        -0.0077564936     -3     3    2.0855041e-08
1044 region_rec_diffs(4,103)        -0.18483327     -3     3    3.4023249e-07
1045 region_rec_diffs(4,104)        -0.83043405     -3     3    1.693112e-06
1046 region_rec_diffs(4,105)        -0.13846052     -3     3    -6.6980954e-08
1047 region_rec_diffs(4,106)        -0.038200456     -3     3    4.0270527e-08
1048 region_rec_diffs(4,107)        -0.094436946     -3     3    -8.3208146e-08
1049 region_rec_diffs(4,108)        -0.74569716     -3     3    -6.7171503e-07
1050 region_rec_diffs(4,109)        -0.55999311     -3     3    5.6734801e-07
1051 region_rec_diffs(4,110)        0.0138943     -3     3    -5.0189091e-08
1052 region_rec_diffs(4,111)        -0.38237725     -3     3    -1.5263758e-07
1053 region_rec_diffs(4,112)        0.89444298     -3     3    1.5361567e-06
1054 region_rec_diffs(4,113)        0.40096815     -3     3    8.4452995e-07
1055 region_rec_diffs(4,114)        -0.2859591     -3     3    1.8181807e-07
1056 region_rec_diffs(4,115)        -0.039761565     -3     3    8.8042729e-07
1057 region_rec_diffs(4,116)        1.3945082     -3     3    9.0942325e-07
1058 region_rec_diffs(4,117)        0.51099809     -3     3    1.0157513e-06
1059 region_rec_diffs(4,118)        0.052503825     -3     3    3.6820675e-09
1060 region_rec_diffs(4,119)        -0.66010066     -3     3    -1.6887818e-07
1061 region_rec_diffs(4,120)        -0.56835138     -3     3    2.2244461e-07
1062 region_rec_diffs(4,121)        1.0372484     -3     3    2.8189173e-06
1063 region_rec_diffs(4,122)        -0.20221509     -3     3    1.7738517e-06
1064 region_rec_diffs(4,123)        0.075009018     -3     3    -3.9349755e-08
1065 region_rec_diffs(4,124)        1.1146151     -3     3    4.0058907e-07
1066 region_rec_diffs(4,125)        -0.19842701     -3     3    -3.9599068e-07
1067 region_rec_diffs(4,126)        -0.90932949     -3     3    -5.3029075e-07
1068 region_rec_diffs(4,127)        -0.48413517     -3     3    -6.905483e-07
1069 region_rec_diffs(4,128)        -1.250973     -3     3    8.9723746e-08
1070 region_rec_diffs(4,129)        -1.2663564     -3     3    4.057898e-07
1071 region_rec_diffs(4,130)        -0.7905725     -3     3    -3.9645941e-07
1072 region_rec_diffs(4,131)        -0.32315935     -3     3    -3.0009482e-07
1073 region_rec_diffs(4,132)        0.17174164     -3     3    -2.3111752e-06
1074 region_rec_diffs(4,133)        -0.44247921     -3     3    -1.3265477e-06
1075 region_rec_diffs(4,134)        -0.35093191     -3     3    -2.6434788e-07
1076 region_rec_diffs(4,135)        -0.21787883     -3     3    -6.3764674e-07
1077 region_rec_diffs(4,136)        0.0082154763     -3     3    -5.4720043e-07
1078 region_rec_diffs(4,137)        -0.28644989     -3     3    -5.0254536e-07
1079 region_rec_diffs(4,138)        -0.68072861     -3     3    4.6116491e-07
1080 region_rec_diffs(4,139)        -0.34378471     -3     3    3.1546876e-07
1081 region_rec_diffs(4,140)        -1.4917978     -3     3    -2.201495e-07
1082 region_rec_diffs(4,141)        -0.95975922     -3     3    4.2520969e-07
1083 region_rec_diffs(4,142)        -0.079859265     -3     3    1.9762064e-07
1084 region_rec_diffs(4,143)        -0.28442713     -3     3    -1.3649839e-07
1085 region_rec_diffs(4,144)        -1.0616066     -3     3    -3.6368744e-08
1086 region_rec_diffs(4,145)        -1.3264456     -3     3    3.7338736e-07
1087 region_rec_diffs(4,146)        -0.46513938     -3     3    8.1909545e-08
1088 region_rec_diffs(4,147)        -0.53970289     -3     3    -2.7623288e-07
1089 region_rec_diffs(4,148)        -1.6942149     -3     3    -5.9694841e-07
1090 region_rec_diffs(4,149)        -0.013619793     -3     3    -3.9759656e-07
1091 region_rec_diffs(4,150)        0.65873253     -3     3    5.571713e-07
1092 region_rec_diffs(4,151)        0.99348197     -3     3    -2.5708565e-06
1093 region_rec_diffs(4,152)        -1.1997873     -3     3    -8.6537694e-09
1094 region_rec_diffs(4,153)        0.14273424     -3     3    2.3314293e-06
1095 region_rec_diffs(4,154)        0.30947838     -3     3    2.1478011e-06
1096 region_rec_diffs(4,155)        -0.89366923     -3     3    1.5317184e-06
1097 region_rec_diffs(4,156)        -0.61466401     -3     3    1.3980058e-06
1098 region_rec_diffs(4,157)        0.92794531     -3     3    1.9941064e-06
1099 region_rec_diffs(4,158)        -0.4405721     -3     3    -6.0553116e-07
1100 region_rec_diffs(4,159)        1.5882018     -3     3    8.1465313e-08
1101 region_rec_diffs(4,160)        -2.6687878     -3     3    5.8042044e-07
1102 region_rec_diffs(4,161)        -1.9103356     -3     3    -5.6733396e-08
1103 region_rec_diffs(4,162)        -0.59319704     -3     3    -6.1879944e-07
1104 region_rec_diffs(4,163)        -1.3519812     -3     3    2.0320799e-06
1105 region_rec_diffs(4,164)        -2.5467156     -3     3    6.6102039e-07
1106 region_rec_diffs(4,165)        -1.1179325     -3     3    -9.6092933e-07
1107 region_rec_diffs(4,166)        -0.58653275     -3     3    -7.9618291e-07
1108 region_rec_diffs(4,167)        -1.5269701     -3     3    1.4097572e-07
1109 region_rec_diffs(4,168)        -1.2504378     -3     3    -1.3226512e-06
1110 region_rec_diffs(4,169)        -0.99550608     -3     3    -5.2852701e-07
1111 region_rec_diffs(4,170)        0.80137239     -3     3    1.3795028e-06
1112 region_rec_diffs(4,171)        1.1608014     -3     3    1.437271e-06
1113 region_rec_diffs(4,172)        -1.7960967     -3     3    4.7777186e-07
1114 region_rec_diffs(4,173)        0.96751474     -3     3    -6.121609e-07
1115 region_rec_diffs(4,174)        -0.6669383     -3     3    2.4428781e-07
1116 region_rec_diffs(4,175)        -0.98236327     -3     3    -3.661125e-07
1117 region_rec_diffs(4,176)        -1.8600695     -3     3    -1.9732318e-07
1118 region_rec_diffs(4,177)        -0.037846056     -3     3    -4.2730552e-07
1119 region_rec_diffs(4,178)        -0.80611979     -3     3    4.8389655e-07
1120 region_rec_diffs(4,179)        0.13975982     -3     3    2.1995526e-06
1121 region_rec_diffs(4,180)        -1.405784     -3     3    3.9055889e-07
1122 region_rec_diffs(4,181)        -1.1787308     -3     3    5.2592454e-07
1123 region_rec_diffs(4,182)        -0.68890184     -3     3    -1.8090202e-06
1124 region_rec_diffs(4,183)        1.3828908     -3     3    -9.3544477e-07
1125 region_rec_diffs(4,184)        1.3650849     -3     3    1.054296e-06
1126 region_rec_diffs(4,185)        0.26893677     -3     3    4.1407689e-06
1127 region_rec_diffs(4,186)        -0.28674025     -3     3    1.8006723e-06
1128 region_rec_diffs(4,187)        -0.45490703     -3     3    -2.3806314e-06
1129 region_rec_diffs(4,188)        -0.72083629     -3     3    2.2336027e-06
1130 region_rec_diffs(4,189)        -1.4358726     -3     3    1.1177087e-06
1131 region_rec_diffs(4,190)        -0.6548313     -3     3    -1.1601598e-06
1132 region_rec_diffs(4,191)        -1.0131094     -3     3    -1.6148552e-06
1133 region_rec_diffs(4,192)        -1.8071542     -3     3    -4.6080985e-07
1134 region_rec_diffs(4,193)        -1.5891438     -3     3    2.6039947e-07
1135 region_rec_diffs(4,194)        0.1140221     -3     3    -2.8745369e-06
1136 region_rec_diffs(4,195)        1.0639332     -3     3    1.930438e-06
1137 region_rec_diffs(4,196)        0.45838365     -3     3    -5.4393525e-07
1138 region_rec_diffs(4,197)        1.285691     -3     3    1.6693679e-07
1139 region_rec_diffs(4,198)        0.73232472     -3     3    -7.5368754e-07
1140 region_rec_diffs(4,199)        0.098946524     -3     3    -5.5262875e-07
1141 region_rec_diffs(4,200)        0.042270929     -3     3    -5.4160622e-07
1142 region_rec_diffs(4,201)        -0.22677621     -3     3    1.2826433e-06
1143 region_rec_diffs(4,202)        -0.17431912     -3     3    3.5713453e-07
1144 region_rec_diffs(4,203)        0.4323132     -3     3    -1.0765329e-06
1145 region_rec_diffs(4,204)        0.51415951     -3     3    -1.2119235e-07
1146 region_rec_diffs(4,205)        1.7371527     -3     3    -1.2712512e-06
1147 region_rec_diffs(4,206)        0.34382906     -3     3    -6.0495128e-07
1148 region_rec_diffs(4,207)        0.96613459     -3     3    -6.031647e-07
1149 region_rec_diffs(4,208)        0.84514607     -3     3    -4.6424915e-07
1150 region_rec_diffs(4,209)        0.8304621     -3     3    -9.94729e-07
1151 region_rec_diffs(4,210)        -0.73618825     -3     3    -1.1329976e-06
1152 region_rec_diffs(4,211)        1.2346281     -3     3    2.7221393e-07
1153 region_rec_diffs(4,212)        -0.19878808     -3     3    1.2880911e-06
1154 region_rec_diffs(4,213)        -0.0404724     -3     3    1.6747351e-06
1155 region_rec_diffs(4,214)        -0.067351931     -3     3    5.8913236e-08
1156 region_rec_diffs(4,215)        0.52237776     -3     3    -3.517578e-08
1157 region_rec_diffs(4,216)        -0.17580677     -3     3    -1.3594511e-06
1158 region_rec_diffs(4,217)        0.65986553     -3     3    1.2797306e-06
1159 region_rec_diffs(4,218)        -0.25461695     -3     3    -6.9836746e-07
1160 region_rec_diffs(4,219)        -0.97738954     -3     3    7.2398594e-07
1161 region_rec_diffs(4,220)        -1.7953252     -3     3    -4.8206178e-07
1162 region_rec_diffs(4,221)        0.62642003     -3     3    2.980686e-06
1163 region_rec_diffs(4,222)        -0.11219546     -3     3    -1.6560928e-06
1164 region_rec_diffs(4,223)        -1.9686033     -3     3    -2.3045399e-07
1165 region_rec_diffs(4,224)        -1.1678293     -3     3    -5.2175686e-07
1166 region_rec_diffs(4,225)        -0.81367784     -3     3    -1.7032683e-07
1167 region_rec_diffs(4,226)        -0.40510003     -3     3    -8.6242174e-07
1168 region_rec_diffs(4,227)        -2.0865665     -3     3    -1.3378392e-07
1169 region_rec_diffs(4,228)        -2.3994935     -3     3    7.3875365e-07
1170 region_rec_diffs(4,229)        1.015627     -3     3    -8.1730096e-07
1171 region_rec_diffs(4,230)        0.39529677     -3     3    -1.9726682e-06
1172 region_rec_diffs(4,231)        0.52690287     -3     3    -3.5010033e-06
1173 region_rec_diffs(4,232)        -1.2774115     -3     3    -4.6985157e-07
1174 region_rec_diffs(4,233)        -1.2034157     -3     3    -1.2325022e-06
1175 region_rec_diffs(4,234)        -0.80956268     -3     3    2.4754577e-07
1176 region_rec_diffs(4,235)        0.28322585     -3     3    4.3065765e-06
1177 region_rec_diffs(4,236)        -0.3050532     -3     3    1.8222682e-06
1178 region_rec_diffs(4,237)        -2.2890354     -3     3    1.1846142e-07
1179 region_rec_diffs(4,238)        -1.6994146     -3     3    1.5742098e-08
1180 region_rec_diffs(4,239)        -0.42208534     -3     3    5.7562828e-07
1181 region_rec_diffs(4,240)        0.67429881     -3     3    -1.3629921e-06
1182 region_rec_diffs(4,241)        -0.79349345     -3     3    -6.2087932e-07
1183 region_rec_diffs(4,242)        -2.0828767     -3     3    3.0835883e-07
1184 region_rec_diffs(4,243)        -2.5052869     -3     3    2.1680016e-07
1185 region_rec_diffs(4,244)        -1.4655094     -3     3    -6.3883696e-07
1186 region_rec_diffs(4,245)        -1.0418381     -3     3    7.3610049e-07
1187 region_rec_diffs(4,246)        -1.9478566     -3     3    -2.2581894e-07
1188 region_rec_diffs(4,247)        1.4439388     -3     3    -3.2680526e-09
1189 region_rec_diffs(4,248)        0.59427033     -3     3    -9.2929494e-07
1190 region_rec_diffs(4,249)        0.42995287     -3     3    4.5816332e-07
1191 region_rec_diffs(4,250)        0.53078995     -3     3    1.1621538e-06
1192 region_rec_diffs(4,251)        1.2249111     -3     3    -5.3511585e-07
1193 region_rec_diffs(4,252)        1.2265519     -3     3    1.5136845e-07
1194 region_rec_diffs(4,253)        0.26689496     -3     3    -3.7208587e-06
1195 region_rec_diffs(4,254)        1.4070159     -3     3    -3.8620874e-07
1196 region_rec_diffs(4,255)        0.69057708     -3     3    5.3889184e-07
1197 region_rec_diffs(4,256)        0.98881228     -3     3    -1.0103972e-06
1198 region_rec_diffs(4,257)        1.0385083     -3     3    8.832177e-09
1199 region_rec_diffs(4,258)        1.3886745     -3     3    -1.1579727e-07
1200 region_rec_diffs(4,259)        0.4475571     -3     3    -1.8746131e-06
1201 region_rec_diffs(4,260)        -0.40273928     -3     3    -1.8105729e-06
1202 region_rec_diffs(4,261)        0.9474636     -3     3    2.4932141e-07
1203 region_rec_diffs(4,262)        1.1858776     -3     3    1.8738681e-07
1204 region_rec_diffs(4,263)        0.97971432     -3     3    -5.5429339e-08
1205 region_rec_diffs(4,264)        1.147006     -3     3    2.7172744e-06
1206 region_rec_diffs(4,265)        0.60993376     -3     3    -5.5619538e-06
1207 region_rec_diffs(4,266)        1.1978204     -3     3    2.0690665e-06
1208 region_rec_diffs(4,267)        1.2718868     -3     3    7.5757123e-08
1209 region_rec_diffs(4,268)        0.80585922     -3     3    1.3435991e-06
1210 region_rec_diffs(4,269)        0.85857816     -3     3    -2.7869404e-06
1211 region_rec_diffs(4,270)        1.3584463     -3     3    1.9738933e-07
1212 region_rec_diffs(4,271)        0.41180558     -3     3    1.6821944e-06
1213 region_rec_diffs(4,272)        -0.51321586     -3     3    -2.6349405e-07
1214 region_rec_diffs(4,273)        -1.0608716     -3     3    -7.1581923e-07
1215 region_rec_diffs(4,274)        2.093196     -3     3    2.3455833e-07
1216 region_rec_diffs(4,275)        -1.5643171     -3     3    3.7166059e-07
1217 region_rec_diffs(4,276)        -1.5733118     -3     3    1.158129e-07
1218 region_rec_diffs(4,277)        -0.46391332     -3     3    1.701725e-07
1219 region_rec_diffs(4,278)        1.447402     -3     3    2.606621e-08
1220 region_rec_diffs(4,279)        -0.070300473     -3     3    3.1216981e-07
1221 region_rec_diffs(5,1)        4.3219073e-09     -3     3    -5.0227979e-10
1222 region_rec_diffs(5,2)        0.55112255     -3     3    -1.9463959e-06
1223 region_rec_diffs(5,3)        0.65658768     -3     3    -9.8822719e-07
1224 region_rec_diffs(5,4)        0.69165522     -3     3    9.8623679e-07
1225 region_rec_diffs(5,5)        0.64523109     -3     3    2.189724e-06
1226 region_rec_diffs(5,6)        0.016436375     -3     3    6.0646293e-09
1227 region_rec_diffs(5,7)        0.17477524     -3     3    -2.49484e-07
1228 region_rec_diffs(5,8)        0.025038757     -3     3    4.8063183e-09
1229 region_rec_diffs(5,9)        0.050478381     -3     3    -2.3220524e-07
1230 region_rec_diffs(5,10)        0.048288524     -3     3    5.7548441e-09
1231 region_rec_diffs(5,11)        0.65545737     -3     3    1.4290146e-07
1232 region_rec_diffs(5,12)        0.014975901     -3     3    3.927985e-08
1233 region_rec_diffs(5,13)        0.0056049195     -3     3    2.6844061e-07
1234 region_rec_diffs(5,14)        1.4770513     -3     3    1.4545534e-06
1235 region_rec_diffs(5,15)        0.033238858     -3     3    1.1225961e-07
1236 region_rec_diffs(5,16)        0.018571478     -3     3    -3.1162684e-08
1237 region_rec_diffs(5,17)        0.091532488     -3     3    1.6132137e-08
1238 region_rec_diffs(5,18)        0.7228751     -3     3    -1.4853432e-06
1239 region_rec_diffs(5,19)        0.013184643     -3     3    2.9199784e-08
1240 region_rec_diffs(5,20)        0.019959309     -3     3    -1.3146194e-08
1241 region_rec_diffs(5,21)        0.63433094     -3     3    -2.4287845e-07
1242 region_rec_diffs(5,22)        1.0502493     -3     3    -1.9174653e-06
1243 region_rec_diffs(5,23)        0.050559093     -3     3    -5.4285079e-08
1244 region_rec_diffs(5,24)        0.029474567     -3     3    -9.8834795e-08
1245 region_rec_diffs(5,25)        0.27291951     -3     3    -4.5834267e-07
1246 region_rec_diffs(5,26)        0.031202597     -3     3    -1.3217395e-07
1247 region_rec_diffs(5,27)        0.75197072     -3     3    7.6741784e-07
1248 region_rec_diffs(5,28)        0.018591896     -3     3    3.3639814e-07
1249 region_rec_diffs(5,29)        1.4074821     -3     3    1.0572902e-06
1250 region_rec_diffs(5,30)        0.02341553     -3     3    4.2339263e-07
1251 region_rec_diffs(5,31)        0.014507568     -3     3    2.4655488e-07
1252 region_rec_diffs(5,32)        0.012456056     -3     3    1.4808637e-07
1253 region_rec_diffs(5,33)        -0.049127475     -3     3    -2.5063456e-07
1254 region_rec_diffs(5,34)        1.334139     -3     3    -3.7634902e-07
1255 region_rec_diffs(5,35)        0.018799544     -3     3    5.0107802e-08
1256 region_rec_diffs(5,36)        0.048411892     -3     3    3.3212593e-07
1257 region_rec_diffs(5,37)        0.84889112     -3     3    -8.0143277e-07
1258 region_rec_diffs(5,38)        0.033483549     -3     3    7.954487e-08
1259 region_rec_diffs(5,39)        0.0069126516     -3     3    2.3617465e-08
1260 region_rec_diffs(5,40)        -0.004507267     -3     3    -2.7572319e-08
1261 region_rec_diffs(5,41)        -0.52398922     -3     3    -7.7778282e-07
1262 region_rec_diffs(5,42)        -0.38327876     -3     3    4.8238857e-07
1263 region_rec_diffs(5,43)        -0.0019506213     -3     3    -1.396776e-08
1264 region_rec_diffs(5,44)        -0.14864489     -3     3    -1.0052117e-07
1265 region_rec_diffs(5,45)        1.3165433     -3     3    2.765672e-07
1266 region_rec_diffs(5,46)        0.062518033     -3     3    1.1838775e-07
1267 region_rec_diffs(5,47)        0.057993997     -3     3    4.7185568e-08
1268 region_rec_diffs(5,48)        0.22902915     -3     3    -1.2335692e-06
1269 region_rec_diffs(5,49)        0.8260192     -3     3    -4.5271321e-06
1270 region_rec_diffs(5,50)        0.039117565     -3     3    -4.4543827e-08
1271 region_rec_diffs(5,51)        0.14510586     -3     3    -5.1853736e-07
1272 region_rec_diffs(5,52)        0.039342991     -3     3    4.7364909e-08
1273 region_rec_diffs(5,53)        0.56830596     -3     3    -4.2370432e-07
1274 region_rec_diffs(5,54)        0.16763022     -3     3    -3.4867465e-07
1275 region_rec_diffs(5,55)        0.16717354     -3     3    1.0246685e-06
1276 region_rec_diffs(5,56)        2.5752067     -3     3    5.9646063e-07
1277 region_rec_diffs(5,57)        -0.20639414     -3     3    9.0105954e-07
1278 region_rec_diffs(5,58)        -0.28712392     -3     3    6.1669539e-08
1279 region_rec_diffs(5,59)        0.016744335     -3     3    2.7941266e-07
1280 region_rec_diffs(5,60)        1.6013164     -3     3    1.3832669e-06
1281 region_rec_diffs(5,61)        0.74973859     -3     3    -1.2462991e-06
1282 region_rec_diffs(5,62)        0.055735133     -3     3    8.4543724e-08
1283 region_rec_diffs(5,63)        0.089055669     -3     3    -2.6065797e-07
1284 region_rec_diffs(5,64)        0.26242734     -3     3    -5.3933893e-07
1285 region_rec_diffs(5,65)        0.81148803     -3     3    -5.3601302e-07
1286 region_rec_diffs(5,66)        -0.011234852     -3     3    3.4840822e-08
1287 region_rec_diffs(5,67)        -0.16339145     -3     3    -1.497018e-07
1288 region_rec_diffs(5,68)        -0.66761965     -3     3    3.8363421e-07
1289 region_rec_diffs(5,69)        -0.79212201     -3     3    -2.8643317e-07
1290 region_rec_diffs(5,70)        1.6039979     -3     3    -1.0133933e-06
1291 region_rec_diffs(5,71)        0.094926285     -3     3    -5.9848401e-08
1292 region_rec_diffs(5,72)        0.80367487     -3     3    -9.1262613e-07
1293 region_rec_diffs(5,73)        -0.39015036     -3     3    1.7429663e-06
1294 region_rec_diffs(5,74)        2.9734625     -3     3    1.7107338e-06
1295 region_rec_diffs(5,75)        0.059826532     -3     3    -9.6572922e-08
1296 region_rec_diffs(5,76)        0.34261916     -3     3    -6.4733121e-07
1297 region_rec_diffs(5,77)        0.048105327     -3     3    4.6633677e-08
1298 region_rec_diffs(5,78)        -0.16876696     -3     3    -4.054164e-07
1299 region_rec_diffs(5,79)        -0.050843486     -3     3    3.5023361e-08
1300 region_rec_diffs(5,80)        -0.14886175     -3     3    -2.1889886e-07
1301 region_rec_diffs(5,81)        0.65175187     -3     3    -9.8418407e-07
1302 region_rec_diffs(5,82)        0.12805859     -3     3    -1.331811e-07
1303 region_rec_diffs(5,83)        1.8772395     -3     3    -2.2537073e-07
1304 region_rec_diffs(5,84)        0.31523291     -3     3    2.4059479e-08
1305 region_rec_diffs(5,85)        -0.028210529     -3     3    9.3213815e-07
1306 region_rec_diffs(5,86)        0.015031689     -3     3    1.1694453e-07
1307 region_rec_diffs(5,87)        0.028905914     -3     3    5.6564367e-07
1308 region_rec_diffs(5,88)        1.184024     -3     3    -1.9741225e-06
1309 region_rec_diffs(5,89)        0.30966758     -3     3    -2.0981286e-07
1310 region_rec_diffs(5,90)        0.015945219     -3     3    -7.775669e-08
1311 region_rec_diffs(5,91)        0.07743823     -3     3    -1.2366921e-08
1312 region_rec_diffs(5,92)        0.1139815     -3     3    -1.0290977e-08
1313 region_rec_diffs(5,93)        0.093227122     -3     3    1.3257439e-07
1314 region_rec_diffs(5,94)        1.1147004     -3     3    -1.4210362e-06
1315 region_rec_diffs(5,95)        0.30133141     -3     3    2.4244036e-07
1316 region_rec_diffs(5,96)        0.083576435     -3     3    1.144412e-06
1317 region_rec_diffs(5,97)        0.44235997     -3     3    -7.8380551e-07
1318 region_rec_diffs(5,98)        0.086368332     -3     3    3.7198237e-07
1319 region_rec_diffs(5,99)        0.17899448     -3     3    -6.0480256e-07
1320 region_rec_diffs(5,100)        1.5373687     -3     3    -1.841017e-06
1321 region_rec_diffs(5,101)        0.16227568     -3     3    6.9421493e-07
1322 region_rec_diffs(5,102)        0.01540246     -3     3    3.2799747e-08
1323 region_rec_diffs(5,103)        0.052792508     -3     3    -5.6451723e-08
1324 region_rec_diffs(5,104)        0.90109654     -3     3    3.7355555e-06
1325 region_rec_diffs(5,105)        -0.013011344     -3     3    -1.8945908e-08
1326 region_rec_diffs(5,106)        -0.0056009935     -3     3    -3.4618826e-07
1327 region_rec_diffs(5,107)        -0.027425387     -3     3    -1.1380359e-08
1328 region_rec_diffs(5,108)        -0.19508221     -3     3    -3.0213353e-07
1329 region_rec_diffs(5,109)        0.40976449     -3     3    -2.3137216e-07
1330 region_rec_diffs(5,110)        0.0090666976     -3     3    -4.4356181e-08
1331 region_rec_diffs(5,111)        -0.20418962     -3     3    -3.8632052e-07
1332 region_rec_diffs(5,112)        -0.28344594     -3     3    2.9258742e-07
1333 region_rec_diffs(5,113)        0.98960268     -3     3    -1.2997317e-07
1334 region_rec_diffs(5,114)        0.14097337     -3     3    7.7154587e-08
1335 region_rec_diffs(5,115)        0.11292895     -3     3    1.1387239e-07
1336 region_rec_diffs(5,116)        0.093296082     -3     3    -1.0655888e-06
1337 region_rec_diffs(5,117)        0.42067592     -3     3    -4.2488287e-07
1338 region_rec_diffs(5,118)        0.11062679     -3     3    3.1729695e-07
1339 region_rec_diffs(5,119)        2.180208     -3     3    1.1624332e-06
1340 region_rec_diffs(5,120)        0.00013671824     -3     3    8.3330974e-07
1341 region_rec_diffs(5,121)        0.66026     -3     3    -1.6156354e-06
1342 region_rec_diffs(5,122)        0.3969632     -3     3    -1.2320209e-06
1343 region_rec_diffs(5,123)        0.067835609     -3     3    -2.9780318e-07
1344 region_rec_diffs(5,124)        0.5372755     -3     3    1.9985059e-07
1345 region_rec_diffs(5,125)        0.37774419     -3     3    7.5920779e-08
1346 region_rec_diffs(5,126)        1.0618173     -3     3    9.5826312e-07
1347 region_rec_diffs(5,127)        -0.16219003     -3     3    -3.6423838e-07
1348 region_rec_diffs(5,128)        -0.37256106     -3     3    9.3943738e-07
1349 region_rec_diffs(5,129)        1.8778622     -3     3    7.8295144e-07
1350 region_rec_diffs(5,130)        0.1435539     -3     3    1.0743366e-07
1351 region_rec_diffs(5,131)        -0.0096365135     -3     3    -1.4593428e-07
1352 region_rec_diffs(5,132)        -0.090811965     -3     3    -5.9537949e-08
1353 region_rec_diffs(5,133)        1.2082026     -3     3    1.6273181e-06
1354 region_rec_diffs(5,134)        0.015266186     -3     3    6.5196806e-08
1355 region_rec_diffs(5,135)        -0.049067288     -3     3    1.0060205e-06
1356 region_rec_diffs(5,136)        0.64510361     -3     3    2.6423168e-06
1357 region_rec_diffs(5,137)        0.28642712     -3     3    -1.1623027e-06
1358 region_rec_diffs(5,138)        2.6327113     -3     3    -1.7115022e-06
1359 region_rec_diffs(5,139)        -0.17406437     -3     3    -1.5022155e-07
1360 region_rec_diffs(5,140)        -1.4921228     -3     3    -4.4452842e-07
1361 region_rec_diffs(5,141)        -0.93713599     -3     3    2.9017277e-07
1362 region_rec_diffs(5,142)        -0.14499484     -3     3    -3.8963001e-08
1363 region_rec_diffs(5,143)        -0.24577366     -3     3    -1.5211803e-08
1364 region_rec_diffs(5,144)        -0.85514294     -3     3    -8.1237686e-08
1365 region_rec_diffs(5,145)        -0.2355026     -3     3    -2.0081243e-06
1366 region_rec_diffs(5,146)        0.12587659     -3     3    -4.8551728e-07
1367 region_rec_diffs(5,147)        0.31718192     -3     3    -7.798806e-07
1368 region_rec_diffs(5,148)        1.1967477     -3     3    -2.4924258e-06
1369 region_rec_diffs(5,149)        -0.34411629     -3     3    -1.4522997e-07
1370 region_rec_diffs(5,150)        -0.20659056     -3     3    4.9732807e-09
1371 region_rec_diffs(5,151)        -0.8464094     -3     3    3.3311261e-07
1372 region_rec_diffs(5,152)        -0.76765533     -3     3    -1.2423566e-07
1373 region_rec_diffs(5,153)        -0.78643399     -3     3    -9.0267454e-07
1374 region_rec_diffs(5,154)        -0.28898671     -3     3    -1.8290126e-07
1375 region_rec_diffs(5,155)        -0.078656105     -3     3    5.3996209e-07
1376 region_rec_diffs(5,156)        0.4468174     -3     3    1.3678184e-06
1377 region_rec_diffs(5,157)        0.23296613     -3     3    1.0612671e-06
1378 region_rec_diffs(5,158)        0.044063769     -3     3    8.8274088e-08
1379 region_rec_diffs(5,159)        0.048914851     -3     3    3.5825496e-07
1380 region_rec_diffs(5,160)        -0.15399595     -3     3    2.451435e-06
1381 region_rec_diffs(5,161)        0.41463384     -3     3    1.9844321e-06
1382 region_rec_diffs(5,162)        0.15753573     -3     3    -4.6722278e-07
1383 region_rec_diffs(5,163)        1.0750452     -3     3    1.6673239e-06
1384 region_rec_diffs(5,164)        -0.13202572     -3     3    -2.0864224e-08
1385 region_rec_diffs(5,165)        -0.17239755     -3     3    2.9861969e-07
1386 region_rec_diffs(5,166)        -0.14950881     -3     3    6.4022934e-07
1387 region_rec_diffs(5,167)        -0.17758693     -3     3    3.7344559e-07
1388 region_rec_diffs(5,168)        2.1304843     -3     3    8.1715131e-07
1389 region_rec_diffs(5,169)        0.84518     -3     3    6.9786505e-07
1390 region_rec_diffs(5,170)        0.30669699     -3     3    -3.5297555e-07
1391 region_rec_diffs(5,171)        1.8261015     -3     3    -1.5621467e-06
1392 region_rec_diffs(5,172)        -0.14718312     -3     3    3.2238942e-07
1393 region_rec_diffs(5,173)        2.0478086     -3     3    1.3287183e-07
1394 region_rec_diffs(5,174)        0.21224971     -3     3    -1.3526659e-06
1395 region_rec_diffs(5,175)        1.7240598     -3     3    3.0938107e-06
1396 region_rec_diffs(5,176)        -1.163341     -3     3    -3.7091911e-07
1397 region_rec_diffs(5,177)        -1.9736285     -3     3    1.8655768e-07
1398 region_rec_diffs(5,178)        -1.8298479     -3     3    3.2834468e-07
1399 region_rec_diffs(5,179)        -1.0090871     -3     3    7.6148554e-07
1400 region_rec_diffs(5,180)        1.1767922     -3     3    3.9970855e-06
1401 region_rec_diffs(5,181)        1.1535947     -3     3    -1.5074112e-06
1402 region_rec_diffs(5,182)        -0.61745116     -3     3    -6.1504776e-07
1403 region_rec_diffs(5,183)        -1.0397574     -3     3    1.7861593e-07
1404 region_rec_diffs(5,184)        -1.414753     -3     3    9.3498878e-07
1405 region_rec_diffs(5,185)        -1.8470013     -3     3    1.0776171e-06
1406 region_rec_diffs(5,186)        -1.5726422     -3     3    5.4002246e-07
1407 region_rec_diffs(5,187)        1.9785682     -3     3    5.0439352e-07
1408 region_rec_diffs(5,188)        0.6759468     -3     3    -4.4913804e-07
1409 region_rec_diffs(5,189)        -1.0719779     -3     3    -2.1170743e-07
1410 region_rec_diffs(5,190)        -1.3861626     -3     3    2.4484984e-07
1411 region_rec_diffs(5,191)        -1.1698974     -3     3    7.3130757e-07
1412 region_rec_diffs(5,192)        0.65456308     -3     3    1.5114573e-06
1413 region_rec_diffs(5,193)        -0.28059335     -3     3    3.8042471e-07
1414 region_rec_diffs(5,194)        -0.51515934     -3     3    -7.856815e-08
1415 region_rec_diffs(5,195)        0.77766098     -3     3    -8.0629148e-07
1416 region_rec_diffs(5,196)        1.4351654     -3     3    5.4327046e-07
1417 region_rec_diffs(5,197)        0.011763645     -3     3    3.8014504e-07
1418 region_rec_diffs(5,198)        -0.31245492     -3     3    1.4472366e-07
1419 region_rec_diffs(5,199)        1.5681155     -3     3    -4.1143975e-07
1420 region_rec_diffs(5,200)        0.30048413     -3     3    -9.0784983e-07
1421 region_rec_diffs(5,201)        -0.87744179     -3     3    -4.8095274e-07
1422 region_rec_diffs(5,202)        -0.90010792     -3     3    -3.8505001e-07
1423 region_rec_diffs(5,203)        0.037869752     -3     3    -5.1862346e-07
1424 region_rec_diffs(5,204)        1.5935977     -3     3    5.6074463e-07
1425 region_rec_diffs(5,205)        -0.42234816     -3     3    4.457024e-07
1426 region_rec_diffs(5,206)        -1.4160445     -3     3    2.1625776e-08
1427 region_rec_diffs(5,207)        -1.6747993     -3     3    -2.7730808e-07
1428 region_rec_diffs(5,208)        -2.9153428     -3     3    -1.521088e-06
1429 region_rec_diffs(5,209)        -2.4533976     -3     3    6.6289335e-07
1430 region_rec_diffs(5,210)        -2.516883     -3     3    -6.3242262e-07
1431 region_rec_diffs(5,211)        -1.729156     -3     3    -2.4404429e-08
1432 region_rec_diffs(5,212)        2.3597504     -3     3    1.6016766e-07
1433 region_rec_diffs(5,213)        2.7368681     -3     3    -1.5754397e-06
1434 region_rec_diffs(5,214)        -1.115349     -3     3    4.9057761e-07
1435 region_rec_diffs(5,215)        -1.1949154     -3     3    2.5197902e-07
1436 region_rec_diffs(5,216)        -1.3688839     -3     3    2.2877951e-07
1437 region_rec_diffs(5,217)        -0.31961496     -3     3    -4.1707569e-07
1438 region_rec_diffs(5,218)        0.25178107     -3     3    -1.6714663e-06
1439 region_rec_diffs(5,219)        -0.59429215     -3     3    -4.5811116e-07
1440 region_rec_diffs(5,220)        -1.7589286     -3     3    1.4560819e-07
1441 region_rec_diffs(5,221)        -1.6280781     -3     3    -6.1910583e-07
1442 region_rec_diffs(5,222)        -1.9986692     -3     3    -4.1839699e-08
1443 region_rec_diffs(5,223)        -0.50115628     -3     3    -2.0287422e-06
1444 region_rec_diffs(5,224)        1.5099851     -3     3    -9.6973092e-07
1445 region_rec_diffs(5,225)        -1.3040287     -3     3    2.6794357e-07
1446 region_rec_diffs(5,226)        -1.7269676     -3     3    -8.7263715e-08
1447 region_rec_diffs(5,227)        -1.3059036     -3     3    -3.8084551e-07
1448 region_rec_diffs(5,228)        -0.42494143     -3     3    -2.0414912e-06
1449 region_rec_diffs(5,229)        -0.81575931     -3     3    -3.4950829e-07
1450 region_rec_diffs(5,230)        -1.0488716     -3     3    -8.7850574e-07
1451 region_rec_diffs(5,231)        -0.36847026     -3     3    -6.7536688e-07
1452 region_rec_diffs(5,232)        1.6669285     -3     3    5.3972244e-07
1453 region_rec_diffs(5,233)        -1.0950512     -3     3    6.1334521e-07
1454 region_rec_diffs(5,234)        -2.1028804     -3     3    2.3744946e-07
1455 region_rec_diffs(5,235)        -2.3449393     -3     3    -6.4978698e-08
1456 region_rec_diffs(5,236)        -1.473651     -3     3    3.0169098e-07
1457 region_rec_diffs(5,237)        0.46551161     -3     3    9.9032285e-07
1458 region_rec_diffs(5,238)        0.91200249     -3     3    -7.6949357e-07
1459 region_rec_diffs(5,239)        -0.0087629348     -3     3    9.7800162e-08
1460 region_rec_diffs(5,240)        0.3936019     -3     3    -3.4681529e-06
1461 region_rec_diffs(5,241)        -1.0641514     -3     3    -9.4201344e-07
1462 region_rec_diffs(5,242)        -1.3837775     -3     3    -4.3399812e-07
1463 region_rec_diffs(5,243)        -1.5602078     -3     3    3.8743175e-07
1464 region_rec_diffs(5,244)        1.6306345     -3     3    8.9941551e-07
1465 region_rec_diffs(5,245)        1.4217312     -3     3    -2.2016474e-07
1466 region_rec_diffs(5,246)        -1.3101413     -3     3    1.5462103e-07
1467 region_rec_diffs(5,247)        -1.1090555     -3     3    -5.1916858e-07
1468 region_rec_diffs(5,248)        -0.14571077     -3     3    -1.0972839e-06
1469 region_rec_diffs(5,249)        1.2036609     -3     3    -2.9565517e-07
1470 region_rec_diffs(5,250)        -1.4390321     -3     3    4.7956271e-07
1471 region_rec_diffs(5,251)        -1.8935763     -3     3    4.7913987e-07
1472 region_rec_diffs(5,252)        -2.0210199     -3     3    3.4444441e-07
1473 region_rec_diffs(5,253)        -1.4667761     -3     3    6.5872496e-07
1474 region_rec_diffs(5,254)        -0.91248343     -3     3    9.1311311e-07
1475 region_rec_diffs(5,255)        -0.31321207     -3     3    2.402724e-07
1476 region_rec_diffs(5,256)        -1.2720163     -3     3    4.7685368e-07
1477 region_rec_diffs(5,257)        -1.1970478     -3     3    7.8443532e-07
1478 region_rec_diffs(5,258)        -0.86589115     -3     3    1.0077351e-07
1479 region_rec_diffs(5,259)        -0.88982322     -3     3    -6.8008216e-07
1480 region_rec_diffs(5,260)        0.13676611     -3     3    -3.382136e-07
1481 region_rec_diffs(5,261)        -1.0957093     -3     3    5.2081304e-08
1482 region_rec_diffs(5,262)        -1.9469733     -3     3    2.2911601e-07
1483 region_rec_diffs(5,263)        -1.9424547     -3     3    2.2127874e-07
1484 region_rec_diffs(5,264)        1.6998108     -3     3    4.1968981e-07
1485 region_rec_diffs(5,265)        0.23825735     -3     3    -2.5910737e-06
1486 region_rec_diffs(5,266)        -1.3764821     -3     3    -5.8245732e-07
1487 region_rec_diffs(5,267)        -1.3119559     -3     3    -1.4761912e-06
1488 region_rec_diffs(5,268)        -1.1825671     -3     3    -9.9900123e-07
1489 region_rec_diffs(5,269)        -1.2547539     -3     3    6.0001092e-07
1490 region_rec_diffs(5,270)        -0.58812865     -3     3    7.2070313e-07
1491 region_rec_diffs(5,271)        1.4477641     -3     3    2.7895725e-06
1492 region_rec_diffs(5,272)        -0.61573279     -3     3    -1.5182102e-07
1493 region_rec_diffs(5,273)        -1.0035764     -3     3    -7.1306025e-07
1494 region_rec_diffs(5,274)        -1.6880428     -3     3    -3.9510085e-07
1495 region_rec_diffs(5,275)        -0.66787067     -3     3    1.504276e-07
1496 region_rec_diffs(5,276)        -0.12526094     -3     3    1.5070611e-07
1497 region_rec_diffs(5,277)        -0.052704182     -3     3    8.0170229e-08
1498 region_rec_diffs(5,278)        -0.085963281     -3     3    8.49935e-08
1499 region_rec_diffs(5,279)        -0.038796339     -3     3    7.1736322e-08
1500 region_rec_diffs(6,1)        1.46486e-08     -3     3    -3.2096806e-09
1501 region_rec_diffs(6,2)        0.1021246     -3     3    -2.0541085e-06
1502 region_rec_diffs(6,3)        0.088989505     -3     3    1.1255382e-06
1503 region_rec_diffs(6,4)        0.10579657     -3     3    1.7466853e-06
1504 region_rec_diffs(6,5)        0.11438991     -3     3    -6.2142948e-07
1505 region_rec_diffs(6,6)        0.0042441919     -3     3    -5.2406232e-08
1506 region_rec_diffs(6,7)        -1.1600058     -3     3    -1.1193238e-06
1507 region_rec_diffs(6,8)        0.028442562     -3     3    8.0526278e-09
1508 region_rec_diffs(6,9)        0.14504053     -3     3    -9.4739977e-07
1509 region_rec_diffs(6,10)        0.1889558     -3     3    -1.9119204e-07
1510 region_rec_diffs(6,11)        0.41051702     -3     3    1.1640992e-06
1511 region_rec_diffs(6,12)        0.089361736     -3     3    -1.5013895e-07
1512 region_rec_diffs(6,13)        -0.080303517     -3     3    5.3528808e-07
1513 region_rec_diffs(6,14)        0.25662918     -3     3    -1.8849927e-06
1514 region_rec_diffs(6,15)        0.14384595     -3     3    -2.9699568e-07
1515 region_rec_diffs(6,16)        0.086585206     -3     3    -2.8880488e-07
1516 region_rec_diffs(6,17)        0.34974661     -3     3    -1.6775233e-06
1517 region_rec_diffs(6,18)        0.64303576     -3     3    2.3731036e-07
1518 region_rec_diffs(6,19)        0.040882927     -3     3    5.4509308e-08
1519 region_rec_diffs(6,20)        0.033609163     -3     3    -1.7408971e-07
1520 region_rec_diffs(6,21)        0.15462401     -3     3    1.4256017e-06
1521 region_rec_diffs(6,22)        0.20829069     -3     3    2.4589142e-06
1522 region_rec_diffs(6,23)        0.15706297     -3     3    2.300213e-07
1523 region_rec_diffs(6,24)        0.16051823     -3     3    9.6357175e-08
1524 region_rec_diffs(6,25)        0.37703395     -3     3    2.1438455e-06
1525 region_rec_diffs(6,26)        0.16589946     -3     3    2.1604082e-07
1526 region_rec_diffs(6,27)        0.1242437     -3     3    1.5100366e-06
1527 region_rec_diffs(6,28)        0.053719004     -3     3    -6.3163287e-07
1528 region_rec_diffs(6,29)        0.8948492     -3     3    -1.5899161e-06
1529 region_rec_diffs(6,30)        0.12484651     -3     3    2.0314254e-08
1530 region_rec_diffs(6,31)        0.18137114     -3     3    -6.8711227e-09
1531 region_rec_diffs(6,32)        0.20964525     -3     3    -8.4925723e-07
1532 region_rec_diffs(6,33)        0.77364962     -3     3    -4.676069e-07
1533 region_rec_diffs(6,34)        0.5464911     -3     3    8.2562509e-07
1534 region_rec_diffs(6,35)        0.07576101     -3     3    2.0036948e-07
1535 region_rec_diffs(6,36)        -0.33493829     -3     3    1.0816833e-06
1536 region_rec_diffs(6,37)        0.15414541     -3     3    1.6043363e-07
1537 region_rec_diffs(6,38)        0.35962744     -3     3    -2.272242e-07
1538 region_rec_diffs(6,39)        0.090365292     -3     3    -1.0325166e-07
1539 region_rec_diffs(6,40)        0.34597946     -3     3    -3.2584418e-08
1540 region_rec_diffs(6,41)        0.75690839     -3     3    4.4381073e-07
1541 region_rec_diffs(6,42)        -0.23749518     -3     3    -4.6097555e-08
1542 region_rec_diffs(6,43)        0.077790387     -3     3    2.1981663e-08
1543 region_rec_diffs(6,44)        -0.084040245     -3     3    1.3027687e-07
1544 region_rec_diffs(6,45)        0.1913681     -3     3    2.0127511e-06
1545 region_rec_diffs(6,46)        0.087799544     -3     3    9.1912093e-08
1546 region_rec_diffs(6,47)        0.1170436     -3     3    -4.3496756e-08
1547 region_rec_diffs(6,48)        0.046512482     -3     3    -2.639605e-07
1548 region_rec_diffs(6,49)        0.39618906     -3     3    4.4703275e-07
1549 region_rec_diffs(6,50)        0.13559006     -3     3    -1.3437997e-07
1550 region_rec_diffs(6,51)        -0.39677535     -3     3    -2.5144514e-07
1551 region_rec_diffs(6,52)        0.14086782     -3     3    -9.3681149e-08
1552 region_rec_diffs(6,53)        1.2059803     -3     3    3.2620897e-07
1553 region_rec_diffs(6,54)        0.21544549     -3     3    3.6634866e-07
1554 region_rec_diffs(6,55)        0.10488634     -3     3    1.133472e-06
1555 region_rec_diffs(6,56)        0.2466225     -3     3    -1.1974532e-06
1556 region_rec_diffs(6,57)        -0.00094892956     -3     3    1.0929552e-06
1557 region_rec_diffs(6,58)        -0.36050157     -3     3    1.0831728e-06
1558 region_rec_diffs(6,59)        0.0010744428     -3     3    6.4511005e-07
1559 region_rec_diffs(6,60)        1.1485849     -3     3    9.9838833e-07
1560 region_rec_diffs(6,61)        0.76205264     -3     3    -3.886952e-07
1561 region_rec_diffs(6,62)        0.23624293     -3     3    9.8087645e-08
1562 region_rec_diffs(6,63)        -0.05338089     -3     3    2.4201156e-07
1563 region_rec_diffs(6,64)        0.387273     -3     3    -1.6777318e-07
1564 region_rec_diffs(6,65)        0.11326663     -3     3    -2.3521319e-06
1565 region_rec_diffs(6,66)        0.16742804     -3     3    -4.013976e-07
1566 region_rec_diffs(6,67)        -0.0032506033     -3     3    2.791425e-07
1567 region_rec_diffs(6,68)        0.5509881     -3     3    -7.2528393e-07
1568 region_rec_diffs(6,69)        -0.18091432     -3     3    -1.1201229e-06
1569 region_rec_diffs(6,70)        -0.084422472     -3     3    5.445289e-07
1570 region_rec_diffs(6,71)        0.017947907     -3     3    8.6995176e-07
1571 region_rec_diffs(6,72)        0.98421445     -3     3    3.564217e-07
1572 region_rec_diffs(6,73)        0.11576105     -3     3    -6.2032065e-07
1573 region_rec_diffs(6,74)        0.18116405     -3     3    1.7520276e-06
1574 region_rec_diffs(6,75)        0.13956875     -3     3    -3.370411e-07
1575 region_rec_diffs(6,76)        0.41255452     -3     3    -4.9242272e-07
1576 region_rec_diffs(6,77)        0.79180106     -3     3    -9.3303087e-07
1577 region_rec_diffs(6,78)        0.0073820023     -3     3    7.479577e-08
1578 region_rec_diffs(6,79)        0.059102527     -3     3    -1.2702597e-07
1579 region_rec_diffs(6,80)        0.07886868     -3     3    9.1438284e-07
1580 region_rec_diffs(6,81)        -0.28102618     -3     3    1.2739255e-06
1581 region_rec_diffs(6,82)        -0.43449719     -3     3    -5.5325976e-07
1582 region_rec_diffs(6,83)        -0.29323057     -3     3    1.1107159e-06
1583 region_rec_diffs(6,84)        0.10437116     -3     3    -4.2255921e-07
1584 region_rec_diffs(6,85)        0.024678012     -3     3    2.0950573e-06
1585 region_rec_diffs(6,86)        0.13277654     -3     3    1.3627515e-06
1586 region_rec_diffs(6,87)        1.4272182     -3     3    6.1120679e-07
1587 region_rec_diffs(6,88)        1.3526902     -3     3    -7.0046229e-08
1588 region_rec_diffs(6,89)        -0.42731996     -3     3    6.2997808e-07
1589 region_rec_diffs(6,90)        0.14954226     -3     3    1.7161274e-07
1590 region_rec_diffs(6,91)        -0.18662606     -3     3    -3.0450154e-07
1591 region_rec_diffs(6,92)        -0.21966012     -3     3    1.4452398e-07
1592 region_rec_diffs(6,93)        -0.56291756     -3     3    3.1129626e-07
1593 region_rec_diffs(6,94)        -0.90311601     -3     3    6.2508985e-07
1594 region_rec_diffs(6,95)        0.0044833103     -3     3    1.5967164e-06
1595 region_rec_diffs(6,96)        0.41671894     -3     3    8.5331879e-07
1596 region_rec_diffs(6,97)        1.3385569     -3     3    1.5745474e-06
1597 region_rec_diffs(6,98)        0.24123025     -3     3    9.8921283e-08
1598 region_rec_diffs(6,99)        0.16318619     -3     3    4.4562747e-07
1599 region_rec_diffs(6,100)        -0.45942268     -3     3    5.897843e-07
1600 region_rec_diffs(6,101)        -0.43411413     -3     3    7.9243416e-07
1601 region_rec_diffs(6,102)        0.053342268     -3     3    -4.4655798e-08
1602 region_rec_diffs(6,103)        -0.062466171     -3     3    5.3573703e-07
1603 region_rec_diffs(6,104)        0.91922301     -3     3    -1.6008236e-07
1604 region_rec_diffs(6,105)        0.09279477     -3     3    -4.3391497e-08
1605 region_rec_diffs(6,106)        0.03049969     -3     3    -8.7763967e-09
1606 region_rec_diffs(6,107)        0.056690755     -3     3    7.344934e-09
1607 region_rec_diffs(6,108)        -0.33073633     -3     3    -2.4403898e-07
1608 region_rec_diffs(6,109)        0.00050972101     -3     3    -9.0611806e-07
1609 region_rec_diffs(6,110)        0.078352807     -3     3    -1.7538306e-07
1610 region_rec_diffs(6,111)        -0.4479089     -3     3    1.6131712e-07
1611 region_rec_diffs(6,112)        -0.38653666     -3     3    7.1261179e-07
1612 region_rec_diffs(6,113)        0.37629847     -3     3    -5.6698442e-07
1613 region_rec_diffs(6,114)        0.0052243909     -3     3    3.9837367e-07
1614 region_rec_diffs(6,115)        0.41841585     -3     3    -3.0576411e-08
1615 region_rec_diffs(6,116)        0.2340858     -3     3    -4.3256698e-07
1616 region_rec_diffs(6,117)        0.11025232     -3     3    5.0449848e-07
1617 region_rec_diffs(6,118)        0.3349602     -3     3    1.2961504e-06
1618 region_rec_diffs(6,119)        -0.41517149     -3     3    7.0602362e-07
1619 region_rec_diffs(6,120)        -0.73031597     -3     3    3.6672985e-08
1620 region_rec_diffs(6,121)        -0.33085056     -3     3    -2.8393552e-07
1621 region_rec_diffs(6,122)        0.48373908     -3     3    2.0800014e-06
1622 region_rec_diffs(6,123)        0.2414427     -3     3    -2.0192215e-07
1623 region_rec_diffs(6,124)        0.37749878     -3     3    -4.2403586e-07
1624 region_rec_diffs(6,125)        0.59206854     -3     3    3.5955802e-08
1625 region_rec_diffs(6,126)        0.033276804     -3     3    -6.4662962e-08
1626 region_rec_diffs(6,127)        -0.47715331     -3     3    -6.5518313e-08
1627 region_rec_diffs(6,128)        -0.90005031     -3     3    -1.7408457e-07
1628 region_rec_diffs(6,129)        -0.13091446     -3     3    4.1253053e-07
1629 region_rec_diffs(6,130)        0.65235706     -3     3    -2.3586195e-07
1630 region_rec_diffs(6,131)        0.32221748     -3     3    -4.5799575e-07
1631 region_rec_diffs(6,132)        -1.0702033     -3     3    3.6950349e-07
1632 region_rec_diffs(6,133)        -1.4075051     -3     3    6.5490357e-07
1633 region_rec_diffs(6,134)        -0.38689733     -3     3    5.9629962e-07
1634 region_rec_diffs(6,135)        -0.83182652     -3     3    1.3193384e-06
1635 region_rec_diffs(6,136)        -1.4663425     -3     3    7.9483614e-07
1636 region_rec_diffs(6,137)        -0.2014852     -3     3    8.2198939e-07
1637 region_rec_diffs(6,138)        1.1663154     -3     3    7.4749779e-07
1638 region_rec_diffs(6,139)        0.046942444     -3     3    -8.096524e-07
1639 region_rec_diffs(6,140)        -0.94720063     -3     3    1.0301363e-06
1640 region_rec_diffs(6,141)        -0.6551504     -3     3    3.800681e-07
1641 region_rec_diffs(6,142)        0.085942967     -3     3    1.9103075e-07
1642 region_rec_diffs(6,143)        -0.22545469     -3     3    1.2398078e-07
1643 region_rec_diffs(6,144)        -0.69842112     -3     3    2.21627e-07
1644 region_rec_diffs(6,145)        0.37682948     -3     3    8.4682026e-07
1645 region_rec_diffs(6,146)        0.065230836     -3     3    2.2190087e-07
1646 region_rec_diffs(6,147)        0.30697845     -3     3    -2.7245876e-06
1647 region_rec_diffs(6,148)        0.64542478     -3     3    1.4102159e-07
1648 region_rec_diffs(6,149)        0.067724093     -3     3    -4.5887294e-07
1649 region_rec_diffs(6,150)        -0.083817227     -3     3    -3.0477372e-07
1650 region_rec_diffs(6,151)        -0.40163986     -3     3    -4.3263389e-07
1651 region_rec_diffs(6,152)        -0.89630063     -3     3    2.1996153e-07
1652 region_rec_diffs(6,153)        -0.98698478     -3     3    1.7763863e-07
1653 region_rec_diffs(6,154)        -0.4262155     -3     3    -2.2131119e-07
1654 region_rec_diffs(6,155)        -0.45132226     -3     3    -2.6744082e-07
1655 region_rec_diffs(6,156)        -0.51047785     -3     3    -3.7791216e-07
1656 region_rec_diffs(6,157)        -0.38932613     -3     3    -3.791598e-07
1657 region_rec_diffs(6,158)        -0.27791543     -3     3    1.261701e-07
1658 region_rec_diffs(6,159)        -0.24062878     -3     3    6.9514738e-07
1659 region_rec_diffs(6,160)        -1.5948267     -3     3    2.1093492e-06
1660 region_rec_diffs(6,161)        0.30189766     -3     3    3.3245247e-06
1661 region_rec_diffs(6,162)        1.425103     -3     3    1.1159289e-06
1662 region_rec_diffs(6,163)        -0.37209047     -3     3    1.0869764e-06
1663 region_rec_diffs(6,164)        -1.5462802     -3     3    -1.2062003e-07
1664 region_rec_diffs(6,165)        -0.6604552     -3     3    2.3529101e-07
1665 region_rec_diffs(6,166)        0.0173141     -3     3    -4.0382221e-07
1666 region_rec_diffs(6,167)        0.47563508     -3     3    -2.8379628e-06
1667 region_rec_diffs(6,168)        0.22399086     -3     3    -2.9339962e-06
1668 region_rec_diffs(6,169)        -0.38194994     -3     3    -6.5710976e-07
1669 region_rec_diffs(6,170)        -0.5171239     -3     3    -4.7921827e-07
1670 region_rec_diffs(6,171)        -0.69612734     -3     3    -7.2655213e-07
1671 region_rec_diffs(6,172)        -1.0650919     -3     3    2.5126816e-07
1672 region_rec_diffs(6,173)        0.63007988     -3     3    1.6003824e-06
1673 region_rec_diffs(6,174)        -0.18655026     -3     3    1.8366162e-07
1674 region_rec_diffs(6,175)        -0.56504329     -3     3    4.8853899e-07
1675 region_rec_diffs(6,176)        -1.4411654     -3     3    1.7031753e-06
1676 region_rec_diffs(6,177)        -1.6246594     -3     3    6.0244528e-07
1677 region_rec_diffs(6,178)        -1.3700268     -3     3    3.5272382e-07
1678 region_rec_diffs(6,179)        0.070980165     -3     3    -1.1263853e-06
1679 region_rec_diffs(6,180)        0.5815121     -3     3    -4.4533334e-07
1680 region_rec_diffs(6,181)        -0.00092520358     -3     3    -1.589861e-06
1681 region_rec_diffs(6,182)        -0.58441225     -3     3    -6.0823559e-07
1682 region_rec_diffs(6,183)        -0.58378989     -3     3    2.1760333e-07
1683 region_rec_diffs(6,184)        -0.75179956     -3     3    1.0102203e-06
1684 region_rec_diffs(6,185)        -0.80688414     -3     3    1.6909042e-06
1685 region_rec_diffs(6,186)        -0.53557684     -3     3    1.5084363e-07
1686 region_rec_diffs(6,187)        1.2626088     -3     3    -1.8160796e-07
1687 region_rec_diffs(6,188)        -1.0608127     -3     3    9.9919426e-07
1688 region_rec_diffs(6,189)        -1.3438851     -3     3    5.5700404e-07
1689 region_rec_diffs(6,190)        -1.5484939     -3     3    5.7965997e-07
1690 region_rec_diffs(6,191)        -0.41814285     -3     3    1.3365059e-07
1691 region_rec_diffs(6,192)        -0.55082515     -3     3    9.2616364e-08
1692 region_rec_diffs(6,193)        -0.9619853     -3     3    -1.6544235e-06
1693 region_rec_diffs(6,194)        -1.2268157     -3     3    -1.5836196e-06
1694 region_rec_diffs(6,195)        -0.40298042     -3     3    -1.1576178e-06
1695 region_rec_diffs(6,196)        0.5080425     -3     3    1.8816567e-07
1696 region_rec_diffs(6,197)        -0.65533856     -3     3    5.076485e-07
1697 region_rec_diffs(6,198)        -0.81169654     -3     3    7.7341853e-07
1698 region_rec_diffs(6,199)        0.58308257     -3     3    1.1732284e-06
1699 region_rec_diffs(6,200)        0.031349333     -3     3    1.3660567e-06
1700 region_rec_diffs(6,201)        -1.0002907     -3     3    4.6127488e-08
1701 region_rec_diffs(6,202)        -1.0245469     -3     3    5.6084844e-08
1702 region_rec_diffs(6,203)        -0.78252438     -3     3    -7.609056e-07
1703 region_rec_diffs(6,204)        0.90224183     -3     3    -2.6808387e-06
1704 region_rec_diffs(6,205)        0.040795362     -3     3    4.7736346e-07
1705 region_rec_diffs(6,206)        -0.65225052     -3     3    -1.1029509e-06
1706 region_rec_diffs(6,207)        -1.0694552     -3     3    -7.2526389e-07
1707 region_rec_diffs(6,208)        -2.4198257     -3     3    -5.8793631e-07
1708 region_rec_diffs(6,209)        -2.0830934     -3     3    5.7821705e-07
1709 region_rec_diffs(6,210)        -2.1604783     -3     3    1.1103456e-06
1710 region_rec_diffs(6,211)        0.39465115     -3     3    -6.135322e-07
1711 region_rec_diffs(6,212)        0.76174306     -3     3    1.1897721e-06
1712 region_rec_diffs(6,213)        -0.77974699     -3     3    1.5086816e-07
1713 region_rec_diffs(6,214)        -0.72103276     -3     3    3.259183e-07
1714 region_rec_diffs(6,215)        -0.38006327     -3     3    -3.1092633e-06
1715 region_rec_diffs(6,216)        -1.4424882     -3     3    6.488096e-08
1716 region_rec_diffs(6,217)        -0.75547309     -3     3    1.4309326e-07
1717 region_rec_diffs(6,218)        1.0794212     -3     3    4.3850049e-07
1718 region_rec_diffs(6,219)        0.061207385     -3     3    8.6379291e-07
1719 region_rec_diffs(6,220)        -1.6351276     -3     3    3.8962892e-08
1720 region_rec_diffs(6,221)        -1.7078616     -3     3    -7.5185136e-07
1721 region_rec_diffs(6,222)        -2.0614304     -3     3    2.0548566e-08
1722 region_rec_diffs(6,223)        0.044847109     -3     3    1.1997371e-06
1723 region_rec_diffs(6,224)        0.16673067     -3     3    9.2141384e-07
1724 region_rec_diffs(6,225)        -0.21353924     -3     3    -1.4817868e-06
1725 region_rec_diffs(6,226)        -0.64249638     -3     3    -1.1127828e-06
1726 region_rec_diffs(6,227)        -0.52597946     -3     3    1.6517451e-06
1727 region_rec_diffs(6,228)        -1.2156085     -3     3    3.104054e-07
1728 region_rec_diffs(6,229)        -0.34899933     -3     3    3.4375822e-06
1729 region_rec_diffs(6,230)        0.25239121     -3     3    -1.5738641e-06
1730 region_rec_diffs(6,231)        -0.41926827     -3     3    1.7306548e-07
1731 region_rec_diffs(6,232)        0.41398655     -3     3    -9.8402479e-07
1732 region_rec_diffs(6,233)        0.08397721     -3     3    6.6818256e-07
1733 region_rec_diffs(6,234)        -0.24691691     -3     3    1.303524e-06
1734 region_rec_diffs(6,235)        -0.18776348     -3     3    6.620345e-07
1735 region_rec_diffs(6,236)        -0.75512756     -3     3    -3.0520723e-06
1736 region_rec_diffs(6,237)        0.22083129     -3     3    1.300496e-06
1737 region_rec_diffs(6,238)        -0.2965858     -3     3    -1.0036522e-06
1738 region_rec_diffs(6,239)        -0.23450666     -3     3    2.4808765e-06
1739 region_rec_diffs(6,240)        -0.33047095     -3     3    3.8869781e-06
1740 region_rec_diffs(6,241)        -0.86469197     -3     3    1.1488649e-06
1741 region_rec_diffs(6,242)        -0.21894984     -3     3    -3.5201429e-06
1742 region_rec_diffs(6,243)        -0.17070362     -3     3    2.0438565e-06
1743 region_rec_diffs(6,244)        -1.0002171     -3     3    1.5370171e-06
1744 region_rec_diffs(6,245)        -0.25509351     -3     3    -1.0111405e-06
1745 region_rec_diffs(6,246)        -0.25436195     -3     3    5.6187741e-07
1746 region_rec_diffs(6,247)        -1.0295335     -3     3    -2.2614606e-07
1747 region_rec_diffs(6,248)        -0.078571632     -3     3    8.6222637e-07
1748 region_rec_diffs(6,249)        0.32015069     -3     3    -6.9893543e-07
1749 region_rec_diffs(6,250)        -0.32724078     -3     3    1.6769718e-06
1750 region_rec_diffs(6,251)        -0.047283003     -3     3    1.7784882e-06
1751 region_rec_diffs(6,252)        -1.5521091     -3     3    5.3583308e-07
1752 region_rec_diffs(6,253)        -1.0360743     -3     3    4.4977571e-07
1753 region_rec_diffs(6,254)        -0.83032197     -3     3    9.3698195e-08
1754 region_rec_diffs(6,255)        0.8462109     -3     3    -2.0765908e-07
1755 region_rec_diffs(6,256)        -1.1056198     -3     3    7.4796556e-07
1756 region_rec_diffs(6,257)        -1.3719176     -3     3    1.4321474e-06
1757 region_rec_diffs(6,258)        -1.0978285     -3     3    3.8098247e-07
1758 region_rec_diffs(6,259)        -0.7687619     -3     3    7.0913197e-07
1759 region_rec_diffs(6,260)        -0.63710449     -3     3    5.4978628e-07
1760 region_rec_diffs(6,261)        -1.3755205     -3     3    5.1431456e-07
1761 region_rec_diffs(6,262)        -2.0079683     -3     3    5.7817046e-07
1762 region_rec_diffs(6,263)        -1.7189116     -3     3    6.9145987e-08
1763 region_rec_diffs(6,264)        -0.19140052     -3     3    4.1217082e-07
1764 region_rec_diffs(6,265)        0.067633598     -3     3    -1.0005661e-06
1765 region_rec_diffs(6,266)        -1.203338     -3     3    -1.8574208e-07
1766 region_rec_diffs(6,267)        -0.78143174     -3     3    -4.4706386e-07
1767 region_rec_diffs(6,268)        -0.7987801     -3     3    -1.6803255e-08
1768 region_rec_diffs(6,269)        -1.1062422     -3     3    -1.7118815e-07
1769 region_rec_diffs(6,270)        -0.67536735     -3     3    3.488916e-07
1770 region_rec_diffs(6,271)        1.058226     -3     3    6.4178701e-07
1771 region_rec_diffs(6,272)        -0.50907166     -3     3    -1.0048324e-06
1772 region_rec_diffs(6,273)        -0.93516792     -3     3    -3.9280535e-07
1773 region_rec_diffs(6,274)        -1.4780563     -3     3    -5.9903093e-07
1774 region_rec_diffs(6,275)        -0.97159201     -3     3    7.5555008e-07
1775 region_rec_diffs(6,276)        -0.45338685     -3     3    -2.2569666e-08
1776 region_rec_diffs(6,277)        -0.080678806     -3     3    7.7169934e-07
1777 region_rec_diffs(6,278)        -0.38584586     -3     3    1.0143047e-06
1778 region_rec_diffs(6,279)        -0.19408345     -3     3    6.197961e-07
1779 region_rec_diffs(7,1)        -3.3458917e-08     -3     3    -1.0511293e-08
1780 region_rec_diffs(7,2)        -1.0998203     -3     3    -1.0381667e-07
1781 region_rec_diffs(7,3)        -1.0613138     -3     3    -3.4141602e-06
1782 region_rec_diffs(7,4)        -1.0498598     -3     3    1.6655181e-06
1783 region_rec_diffs(7,5)        -1.0413134     -3     3    2.0470921e-06
1784 region_rec_diffs(7,6)        -0.049116981     -3     3    -5.2858442e-08
1785 region_rec_diffs(7,7)        -1.8084055     -3     3    2.5631414e-07
1786 region_rec_diffs(7,8)        -0.017751496     -3     3    -1.1030243e-07
1787 region_rec_diffs(7,9)        -0.16403858     -3     3    1.2049267e-06
1788 region_rec_diffs(7,10)        -0.26611716     -3     3    -1.1815947e-07
1789 region_rec_diffs(7,11)        -2.5151488     -3     3    1.6576769e-07
1790 region_rec_diffs(7,12)        -0.17355389     -3     3    -1.2813547e-07
1791 region_rec_diffs(7,13)        -0.70983913     -3     3    2.99811e-07
1792 region_rec_diffs(7,14)        -0.69075325     -3     3    -5.9515819e-07
1793 region_rec_diffs(7,15)        0.073891567     -3     3    5.7666441e-07
1794 region_rec_diffs(7,16)        0.053730673     -3     3    -2.3231012e-08
1795 region_rec_diffs(7,17)        0.20524189     -3     3    2.1232743e-09
1796 region_rec_diffs(7,18)        -1.2125164     -3     3    -1.0098264e-06
1797 region_rec_diffs(7,19)        -0.058530107     -3     3    2.4121641e-07
1798 region_rec_diffs(7,20)        -0.03645294     -3     3    3.6098127e-07
1799 region_rec_diffs(7,21)        -0.60486652     -3     3    -7.2855827e-07
1800 region_rec_diffs(7,22)        -1.7209926     -3     3    -6.752209e-07
1801 region_rec_diffs(7,23)        -0.76352179     -3     3    -1.033143e-06
1802 region_rec_diffs(7,24)        -0.23559458     -3     3    1.1724596e-07
1803 region_rec_diffs(7,25)        -2.5116924     -3     3    -1.5773157e-07
1804 region_rec_diffs(7,26)        -0.5214628     -3     3    -2.422312e-07
1805 region_rec_diffs(7,27)        -2.6567165     -3     3    2.5585887e-07
1806 region_rec_diffs(7,28)        -0.10042692     -3     3    2.2887881e-07
1807 region_rec_diffs(7,29)        -0.27825926     -3     3    1.2010028e-06
1808 region_rec_diffs(7,30)        0.14964699     -3     3    4.1093089e-07
1809 region_rec_diffs(7,31)        0.097716193     -3     3    4.4020593e-08
1810 region_rec_diffs(7,32)        -0.012748191     -3     3    -2.6082713e-07
1811 region_rec_diffs(7,33)        -1.2544701     -3     3    8.9964964e-07
1812 region_rec_diffs(7,34)        -2.0294955     -3     3    9.3490963e-07
1813 region_rec_diffs(7,35)        -0.16411079     -3     3    -3.3516838e-07
1814 region_rec_diffs(7,36)        -1.6364873     -3     3    7.16749e-07
1815 region_rec_diffs(7,37)        -1.8736852     -3     3    8.0284868e-07
1816 region_rec_diffs(7,38)        -0.33886704     -3     3    3.6810016e-07
1817 region_rec_diffs(7,39)        -0.073768662     -3     3    1.0345227e-07
1818 region_rec_diffs(7,40)        -0.12532242     -3     3    -1.3017079e-07
1819 region_rec_diffs(7,41)        -1.2261574     -3     3    -4.4447578e-07
1820 region_rec_diffs(7,42)        -1.4366269     -3     3    -1.841075e-06
1821 region_rec_diffs(7,43)        -0.03292917     -3     3    -8.5276321e-08
1822 region_rec_diffs(7,44)        -1.38938     -3     3    -5.667806e-07
1823 region_rec_diffs(7,45)        -2.3357891     -3     3    -1.1343786e-06
1824 region_rec_diffs(7,46)        -0.62422183     -3     3    -6.7104974e-07
1825 region_rec_diffs(7,47)        -0.5212872     -3     3    5.6039836e-08
1826 region_rec_diffs(7,48)        -1.5093623     -3     3    1.8396603e-07
1827 region_rec_diffs(7,49)        -0.79388064     -3     3    4.5837342e-08
1828 region_rec_diffs(7,50)        -0.0062687987     -3     3    2.5362268e-08
1829 region_rec_diffs(7,51)        -1.5004079     -3     3    -1.0781033e-07
1830 region_rec_diffs(7,52)        -0.35238967     -3     3    -3.4238684e-07
1831 region_rec_diffs(7,53)        -1.3231074     -3     3    -6.1922861e-07
1832 region_rec_diffs(7,54)        -0.021805852     -3     3    1.2408097e-07
1833 region_rec_diffs(7,55)        -0.52582805     -3     3    -1.1582384e-07
1834 region_rec_diffs(7,56)        -1.1488741     -3     3    3.1510869e-07
1835 region_rec_diffs(7,57)        -1.1215318     -3     3    7.4950721e-07
1836 region_rec_diffs(7,58)        -1.2255328     -3     3    1.7171806e-06
1837 region_rec_diffs(7,59)        -0.4155988     -3     3    1.2587705e-07
1838 region_rec_diffs(7,60)        -1.5315168     -3     3    4.8220316e-07
1839 region_rec_diffs(7,61)        -1.8497744     -3     3    -9.653847e-07
1840 region_rec_diffs(7,62)        -0.14606621     -3     3    -2.1374243e-07
1841 region_rec_diffs(7,63)        -0.7801127     -3     3    8.7360253e-07
1842 region_rec_diffs(7,64)        -0.62433786     -3     3    5.7485938e-07
1843 region_rec_diffs(7,65)        -2.040208     -3     3    -9.3764246e-07
1844 region_rec_diffs(7,66)        -0.025887179     -3     3    1.0657286e-07
1845 region_rec_diffs(7,67)        -0.7604842     -3     3    -4.8761908e-07
1846 region_rec_diffs(7,68)        -1.5551805     -3     3    -1.8511129e-07
1847 region_rec_diffs(7,69)        -1.034529     -3     3    3.9228099e-07
1848 region_rec_diffs(7,70)        -0.34629056     -3     3    -6.8016788e-07
1849 region_rec_diffs(7,71)        -0.43307006     -3     3    1.2674314e-06
1850 region_rec_diffs(7,72)        -0.7998755     -3     3    -6.1285163e-07
1851 region_rec_diffs(7,73)        0.00012751726     -3     3    -2.7630657e-07
1852 region_rec_diffs(7,74)        -1.2988028     -3     3    -1.7724295e-07
1853 region_rec_diffs(7,75)        0.13704184     -3     3    -9.9603464e-08
1854 region_rec_diffs(7,76)        0.20954337     -3     3    8.1514706e-08
1855 region_rec_diffs(7,77)        -0.32736275     -3     3    7.025098e-07
1856 region_rec_diffs(7,78)        -0.66586932     -3     3    -2.5590072e-07
1857 region_rec_diffs(7,79)        -0.38148553     -3     3    2.0165661e-07
1858 region_rec_diffs(7,80)        -1.3332836     -3     3    -3.8357776e-06
1859 region_rec_diffs(7,81)        -0.037738906     -3     3    -2.8608451e-06
1860 region_rec_diffs(7,82)        -0.34537194     -3     3    -1.399229e-06
1861 region_rec_diffs(7,83)        -0.93826519     -3     3    -6.9420595e-08
1862 region_rec_diffs(7,84)        -0.25440097     -3     3    6.1840173e-07
1863 region_rec_diffs(7,85)        -0.34264732     -3     3    -5.6141861e-08
1864 region_rec_diffs(7,86)        0.069708291     -3     3    -2.2118016e-07
1865 region_rec_diffs(7,87)        -1.72885     -3     3    -3.122102e-07
1866 region_rec_diffs(7,88)        -1.1575782     -3     3    -1.7375127e-06
1867 region_rec_diffs(7,89)        0.15573587     -3     3    -6.5777806e-07
1868 region_rec_diffs(7,90)        0.1889292     -3     3    7.4117095e-09
1869 region_rec_diffs(7,91)        -0.14308502     -3     3    -1.1240275e-06
1870 region_rec_diffs(7,92)        -0.30637418     -3     3    1.4821165e-06
1871 region_rec_diffs(7,93)        -1.645313     -3     3    2.2457369e-06
1872 region_rec_diffs(7,94)        -2.3346227     -3     3    3.5862429e-07
1873 region_rec_diffs(7,95)        -1.2050645     -3     3    -7.7792317e-07
1874 region_rec_diffs(7,96)        -0.034807816     -3     3    3.0365207e-07
1875 region_rec_diffs(7,97)        -1.6047074     -3     3    -1.5952829e-06
1876 region_rec_diffs(7,98)        -1.006466     -3     3    3.7420178e-08
1877 region_rec_diffs(7,99)        -1.1120555     -3     3    -1.1665912e-06
1878 region_rec_diffs(7,100)        0.06145474     -3     3    2.7261214e-07
1879 region_rec_diffs(7,101)        -1.1241883     -3     3    8.535989e-07
1880 region_rec_diffs(7,102)        -0.018204329     -3     3    7.317832e-08
1881 region_rec_diffs(7,103)        -0.59618612     -3     3    1.0959952e-06
1882 region_rec_diffs(7,104)        -1.5074193     -3     3    4.728741e-06
1883 region_rec_diffs(7,105)        0.0428716     -3     3    1.555888e-07
1884 region_rec_diffs(7,106)        0.024551662     -3     3    2.7403969e-08
1885 region_rec_diffs(7,107)        0.11102551     -3     3    1.9590995e-07
1886 region_rec_diffs(7,108)        -0.19640238     -3     3    3.3947209e-07
1887 region_rec_diffs(7,109)        -0.81697296     -3     3    2.2638846e-06
1888 region_rec_diffs(7,110)        0.032765903     -3     3    6.2410142e-08
1889 region_rec_diffs(7,111)        0.62407169     -3     3    1.714836e-08
1890 region_rec_diffs(7,112)        -2.4854362     -3     3    -2.3612015e-07
1891 region_rec_diffs(7,113)        -2.9999997     -3     3    -2.2242459e-09   *************
1892 region_rec_diffs(7,114)        0.43525052     -3     3    -1.2963391e-07
1893 region_rec_diffs(7,115)        0.030725715     -3     3    -4.0693965e-07
1894 region_rec_diffs(7,116)        -1.4471838     -3     3    -9.5958731e-07
1895 region_rec_diffs(7,117)        -1.3782725     -3     3    1.4705018e-06
1896 region_rec_diffs(7,118)        0.035646086     -3     3    -7.0237666e-07
1897 region_rec_diffs(7,119)        -0.93747082     -3     3    3.6621202e-07
1898 region_rec_diffs(7,120)        -0.42518168     -3     3    1.7142498e-06
1899 region_rec_diffs(7,121)        -1.5122827     -3     3    1.0605532e-06
1900 region_rec_diffs(7,122)        -0.68492125     -3     3    -2.9964344e-07
1901 region_rec_diffs(7,123)        0.19821393     -3     3    1.7201089e-07
1902 region_rec_diffs(7,124)        -2.9978295     -3     3    4.7934326e-06   *************
1903 region_rec_diffs(7,125)        -1.2820485     -3     3    -7.4554953e-08
1904 region_rec_diffs(7,126)        -0.3577759     -3     3    9.5499485e-07
1905 region_rec_diffs(7,127)        0.45217539     -3     3    -1.1574368e-07
1906 region_rec_diffs(7,128)        -0.45997865     -3     3    -1.6879851e-06
1907 region_rec_diffs(7,129)        -1.0248074     -3     3    -5.872308e-07
1908 region_rec_diffs(7,130)        0.26733675     -3     3    4.1961887e-09
1909 region_rec_diffs(7,131)        0.23795648     -3     3    -9.6322565e-08
1910 region_rec_diffs(7,132)        -2.8299831     -3     3    4.4753434e-07
1911 region_rec_diffs(7,133)        -0.51873683     -3     3    6.7185808e-07
1912 region_rec_diffs(7,134)        0.37827949     -3     3    -9.5439564e-08
1913 region_rec_diffs(7,135)        -0.72451977     -3     3    -1.1473063e-06
1914 region_rec_diffs(7,136)        -1.3207525     -3     3    -9.230006e-07
1915 region_rec_diffs(7,137)        0.47661577     -3     3    4.7684618e-08
1916 region_rec_diffs(7,138)        -0.97211362     -3     3    6.5206928e-07
1917 region_rec_diffs(7,139)        0.38009515     -3     3    -1.3158418e-08
1918 region_rec_diffs(7,140)        0.67197805     -3     3    -3.0986994e-07
1919 region_rec_diffs(7,141)        -1.9711055     -3     3    1.8125482e-07
1920 region_rec_diffs(7,142)        -0.453281     -3     3    -9.3189015e-08
1921 region_rec_diffs(7,143)        0.31595887     -3     3    -6.0852845e-07
1922 region_rec_diffs(7,144)        -0.63913599     -3     3    -2.1601538e-07
1923 region_rec_diffs(7,145)        -0.48437549     -3     3    3.0108217e-08
1924 region_rec_diffs(7,146)        -1.4822062     -3     3    1.0700964e-08
1925 region_rec_diffs(7,147)        -1.4738308     -3     3    -1.4787931e-07
1926 region_rec_diffs(7,148)        -0.46094994     -3     3    8.6686333e-07
1927 region_rec_diffs(7,149)        -1.0209568     -3     3    -6.8236312e-07
1928 region_rec_diffs(7,150)        -0.52302383     -3     3    -3.7694822e-07
1929 region_rec_diffs(7,151)        -0.74790746     -3     3    -9.4691557e-07
1930 region_rec_diffs(7,152)        0.26180503     -3     3    -7.930208e-07
1931 region_rec_diffs(7,153)        -2.0977154     -3     3    -4.7524901e-07
1932 region_rec_diffs(7,154)        -1.0608499     -3     3    -1.0286158e-06
1933 region_rec_diffs(7,155)        -1.1988231     -3     3    2.7566613e-07
1934 region_rec_diffs(7,156)        -0.035780196     -3     3    8.663907e-08
1935 region_rec_diffs(7,157)        -2.5080815     -3     3    1.578524e-07
1936 region_rec_diffs(7,158)        0.27880909     -3     3    1.3767492e-07
1937 region_rec_diffs(7,159)        -1.1596979     -3     3    7.616226e-07
1938 region_rec_diffs(7,160)        -0.21722242     -3     3    1.3291813e-06
1939 region_rec_diffs(7,161)        -1.8595563     -3     3    1.9607204e-09
1940 region_rec_diffs(7,162)        -1.2753097     -3     3    1.3028513e-06
1941 region_rec_diffs(7,163)        -0.1118099     -3     3    -3.352362e-06
1942 region_rec_diffs(7,164)        -1.4442441     -3     3    -5.103413e-06
1943 region_rec_diffs(7,165)        -0.73236255     -3     3    2.1732415e-06
1944 region_rec_diffs(7,166)        0.44002824     -3     3    3.4976177e-08
1945 region_rec_diffs(7,167)        -0.56647871     -3     3    -1.1392724e-06
1946 region_rec_diffs(7,168)        -0.96026751     -3     3    1.3718018e-06
1947 region_rec_diffs(7,169)        -0.67420277     -3     3    1.0003967e-06
1948 region_rec_diffs(7,170)        0.39133005     -3     3    -7.6905301e-07
1949 region_rec_diffs(7,171)        -1.7600808     -3     3    -3.5300706e-06
1950 region_rec_diffs(7,172)        -2.4407981     -3     3    -1.0233651e-06
1951 region_rec_diffs(7,173)        -2.3714202     -3     3    -8.7847549e-07
1952 region_rec_diffs(7,174)        -0.45540744     -3     3    -3.1275821e-07
1953 region_rec_diffs(7,175)        -0.20757273     -3     3    -5.637863e-07
1954 region_rec_diffs(7,176)        0.52729073     -3     3    -6.3295249e-07
1955 region_rec_diffs(7,177)        0.30179986     -3     3    1.6957968e-07
1956 region_rec_diffs(7,178)        -1.6768014     -3     3    1.5230163e-07
1957 region_rec_diffs(7,179)        -0.57395802     -3     3    -2.343972e-06
1958 region_rec_diffs(7,180)        -0.35051464     -3     3    -4.6158439e-07
1959 region_rec_diffs(7,181)        -0.28956224     -3     3    -1.4215267e-08
1960 region_rec_diffs(7,182)        0.73887092     -3     3    7.8610037e-08
1961 region_rec_diffs(7,183)        0.34080965     -3     3    4.7085775e-07
1962 region_rec_diffs(7,184)        -0.11886031     -3     3    -1.8130201e-07
1963 region_rec_diffs(7,185)        -1.9981769     -3     3    -4.0229285e-08
1964 region_rec_diffs(7,186)        -0.52009342     -3     3    -2.2328981e-06
1965 region_rec_diffs(7,187)        -0.43679447     -3     3    -2.8107536e-07
1966 region_rec_diffs(7,188)        0.19364008     -3     3    3.5955351e-07
1967 region_rec_diffs(7,189)        -0.83802544     -3     3    -6.0137645e-07
1968 region_rec_diffs(7,190)        0.35232489     -3     3    -2.371416e-07
1969 region_rec_diffs(7,191)        -0.30445757     -3     3    4.0751149e-07
1970 region_rec_diffs(7,192)        -0.9262054     -3     3    -2.2125225e-06
1971 region_rec_diffs(7,193)        -2.9229309     -3     3    6.0855352e-07
1972 region_rec_diffs(7,194)        -0.58526539     -3     3    -1.5625565e-06
1973 region_rec_diffs(7,195)        -0.60370835     -3     3    3.6363573e-06
1974 region_rec_diffs(7,196)        -1.6289584     -3     3    1.8911228e-06
1975 region_rec_diffs(7,197)        -1.2501254     -3     3    1.5951403e-06
1976 region_rec_diffs(7,198)        0.24456698     -3     3    1.2039125e-07
1977 region_rec_diffs(7,199)        -0.86004636     -3     3    9.7712612e-07
1978 region_rec_diffs(7,200)        0.35950797     -3     3    1.9391516e-06
1979 region_rec_diffs(7,201)        -1.2199751     -3     3    1.2578895e-06
1980 region_rec_diffs(7,202)        -1.4771659     -3     3    4.4727281e-07
1981 region_rec_diffs(7,203)        -1.8897893     -3     3    1.4845085e-06
1982 region_rec_diffs(7,204)        -0.9297333     -3     3    5.8598248e-06
1983 region_rec_diffs(7,205)        -0.74260557     -3     3    2.4083087e-06
1984 region_rec_diffs(7,206)        0.48516048     -3     3    4.8445892e-06
1985 region_rec_diffs(7,207)        -0.9128121     -3     3    2.3233604e-07
1986 region_rec_diffs(7,208)        0.65461511     -3     3    8.2887375e-07
1987 region_rec_diffs(7,209)        -1.258889     -3     3    -6.5103834e-07
1988 region_rec_diffs(7,210)        -1.6200109     -3     3    -1.1771875e-06
1989 region_rec_diffs(7,211)        -2.165189     -3     3    -5.86493e-07
1990 region_rec_diffs(7,212)        -0.18485254     -3     3    -7.0032406e-07
1991 region_rec_diffs(7,213)        -0.38439464     -3     3    -7.8776802e-08
1992 region_rec_diffs(7,214)        0.44100636     -3     3    4.4702192e-07
1993 region_rec_diffs(7,215)        -0.51659298     -3     3    6.6080086e-08
1994 region_rec_diffs(7,216)        0.0352846     -3     3    -3.3543945e-07
1995 region_rec_diffs(7,217)        -0.64261952     -3     3    5.0807852e-07
1996 region_rec_diffs(7,218)        -0.15713844     -3     3    2.6060122e-07
1997 region_rec_diffs(7,219)        -0.66858947     -3     3    3.0906435e-06
1998 region_rec_diffs(7,220)        -1.2910771     -3     3    7.955567e-07
1999 region_rec_diffs(7,221)        0.2063914     -3     3    5.2444446e-07
2000 region_rec_diffs(7,222)        -0.49481637     -3     3    -6.6367933e-07
2001 region_rec_diffs(7,223)        -0.50673218     -3     3    -3.8645834e-07
2002 region_rec_diffs(7,224)        -1.2337059     -3     3    -1.9515544e-07
2003 region_rec_diffs(7,225)        -0.15582148     -3     3    -3.1936345e-07
2004 region_rec_diffs(7,226)        0.47296846     -3     3    -4.2270946e-07
2005 region_rec_diffs(7,227)        -0.071139921     -3     3    1.2741633e-06
2006 region_rec_diffs(7,228)        0.15495933     -3     3    -1.5621579e-07
2007 region_rec_diffs(7,229)        -1.5099456     -3     3    -4.5558715e-07
2008 region_rec_diffs(7,230)        -1.0856728     -3     3    3.5520501e-06
2009 region_rec_diffs(7,231)        -1.7272309     -3     3    -2.5952824e-06
2010 region_rec_diffs(7,232)        -2.2041469     -3     3    1.2377075e-06
2011 region_rec_diffs(7,233)        -0.46253848     -3     3    -1.6698234e-07
2012 region_rec_diffs(7,234)        -0.53281676     -3     3    1.9673549e-07
2013 region_rec_diffs(7,235)        -0.81460051     -3     3    5.0672758e-07
2014 region_rec_diffs(7,236)        -0.15030797     -3     3    9.5747158e-07
2015 region_rec_diffs(7,237)        -0.68352204     -3     3    -1.4304597e-06
2016 region_rec_diffs(7,238)        -0.044070595     -3     3    -2.419063e-08
2017 region_rec_diffs(7,239)        -0.33876985     -3     3    -5.0621519e-08
2018 region_rec_diffs(7,240)        -0.99867301     -3     3    -3.2986658e-07
2019 region_rec_diffs(7,241)        -1.7723782     -3     3    -5.4499598e-07
2020 region_rec_diffs(7,242)        -0.37284261     -3     3    2.4138885e-07
2021 region_rec_diffs(7,243)        -0.52258992     -3     3    -2.0996541e-07
2022 region_rec_diffs(7,244)        -0.43461838     -3     3    1.3450723e-08
2023 region_rec_diffs(7,245)        -0.34073417     -3     3    3.1314396e-07
2024 region_rec_diffs(7,246)        -0.52183132     -3     3    -1.0300988e-07
2025 region_rec_diffs(7,247)        -0.8090907     -3     3    -1.5689503e-07
2026 region_rec_diffs(7,248)        -1.3278203     -3     3    -9.045566e-07
2027 region_rec_diffs(7,249)        -0.039339611     -3     3    1.2351176e-07
2028 region_rec_diffs(7,250)        0.22370373     -3     3    -3.1948988e-07
2029 region_rec_diffs(7,251)        -0.22787204     -3     3    -4.8390135e-07
2030 region_rec_diffs(7,252)        -0.44115526     -3     3    -2.3182333e-07
2031 region_rec_diffs(7,253)        -0.6161154     -3     3    -3.9712123e-07
2032 region_rec_diffs(7,254)        0.050702995     -3     3    -3.2718245e-07
2033 region_rec_diffs(7,255)        -0.16047645     -3     3    2.2546412e-07
2034 region_rec_diffs(7,256)        -0.45470088     -3     3    -3.1963538e-07
2035 region_rec_diffs(7,257)        -0.46932748     -3     3    -6.1661195e-07
2036 region_rec_diffs(7,258)        0.1310505     -3     3    -4.5149132e-07
2037 region_rec_diffs(7,259)        0.46647252     -3     3    -3.6454125e-07
2038 region_rec_diffs(7,260)        -0.73659341     -3     3    -9.9493777e-07
2039 region_rec_diffs(7,261)        -1.0972097     -3     3    -4.9539551e-07
2040 region_rec_diffs(7,262)        0.36153371     -3     3    -2.9648394e-08
2041 region_rec_diffs(7,263)        -0.37708643     -3     3    2.1412323e-07
2042 region_rec_diffs(7,264)        -1.2735502     -3     3    -3.4709414e-06
2043 region_rec_diffs(7,265)        -0.54858011     -3     3    9.8104235e-07
2044 region_rec_diffs(7,266)        0.26638557     -3     3    -6.3424688e-07
2045 region_rec_diffs(7,267)        -0.024439771     -3     3    -3.8573692e-07
2046 region_rec_diffs(7,268)        -1.0360447     -3     3    3.6217714e-07
2047 region_rec_diffs(7,269)        -0.88345495     -3     3    -2.2919683e-06
2048 region_rec_diffs(7,270)        -0.13285605     -3     3    -1.1663334e-06
2049 region_rec_diffs(7,271)        -0.74682442     -3     3    -1.3626311e-06
2050 region_rec_diffs(7,272)        0.076980554     -3     3    -2.8681673e-06
2051 region_rec_diffs(7,273)        0.3073278     -3     3    7.6914297e-07
2052 region_rec_diffs(7,274)        -0.93271965     -3     3    1.0085263e-07
2053 region_rec_diffs(7,275)        0.27083306     -3     3    -3.783666e-07
2054 region_rec_diffs(7,276)        -0.62395076     -3     3    -5.0405911e-07
2055 region_rec_diffs(7,277)        -1.5123583     -3     3    -1.119116e-06
2056 region_rec_diffs(7,278)        -0.51898658     -3     3    -3.3074256e-07
2057 region_rec_diffs(7,279)        0.30862083     -3     3    -6.2194861e-07
2058 region_rec_diffs(8,1)        1.2043396e-08     -3     3    -1.5708633e-09
2059 region_rec_diffs(8,2)        -1.7425499     -3     3    -1.0707521e-07
2060 region_rec_diffs(8,3)        -1.8452204     -3     3    -1.0334587e-08
2061 region_rec_diffs(8,4)        -1.7860704     -3     3    -1.6804347e-07
2062 region_rec_diffs(8,5)        -1.8128314     -3     3    -2.2359082e-07
2063 region_rec_diffs(8,6)        -0.30234587     -3     3    -3.9268987e-07
2064 region_rec_diffs(8,7)        -2.1755876     -3     3    7.8737394e-08
2065 region_rec_diffs(8,8)        -0.24232505     -3     3    7.1787138e-08
2066 region_rec_diffs(8,9)        -0.22966103     -3     3    1.5628076e-07
2067 region_rec_diffs(8,10)        -0.15955593     -3     3    -8.1087559e-08
2068 region_rec_diffs(8,11)        -1.5103671     -3     3    5.0018141e-07
2069 region_rec_diffs(8,12)        -0.058264826     -3     3    -4.2027558e-08
2070 region_rec_diffs(8,13)        -0.32606204     -3     3    -5.7150576e-07
2071 region_rec_diffs(8,14)        -0.63251207     -3     3    1.3441666e-06
2072 region_rec_diffs(8,15)        -0.036983653     -3     3    -2.8945129e-08
2073 region_rec_diffs(8,16)        -0.049850257     -3     3    -6.6546817e-09
2074 region_rec_diffs(8,17)        -0.41060918     -3     3    9.6610486e-08
2075 region_rec_diffs(8,18)        -1.4403736     -3     3    1.1707144e-07
2076 region_rec_diffs(8,19)        -0.11715571     -3     3    -2.7267202e-07
2077 region_rec_diffs(8,20)        -0.14413826     -3     3    -4.0967814e-07
2078 region_rec_diffs(8,21)        -1.1097894     -3     3    -6.4894743e-07
2079 region_rec_diffs(8,22)        -1.5184279     -3     3    -1.9465287e-07
2080 region_rec_diffs(8,23)        -0.45529075     -3     3    -3.7612979e-07
2081 region_rec_diffs(8,24)        -0.12643281     -3     3    -3.9983326e-09
2082 region_rec_diffs(8,25)        -1.7104415     -3     3    -1.910276e-07
2083 region_rec_diffs(8,26)        -0.34423038     -3     3    4.1515402e-07
2084 region_rec_diffs(8,27)        -2.1472692     -3     3    5.357366e-07
2085 region_rec_diffs(8,28)        -0.17916514     -3     3    7.5191802e-07
2086 region_rec_diffs(8,29)        -1.4788148     -3     3    -1.7350523e-07
2087 region_rec_diffs(8,30)        -0.24701423     -3     3    -2.3369245e-07
2088 region_rec_diffs(8,31)        -0.18204991     -3     3    1.9967657e-07
2089 region_rec_diffs(8,32)        -0.15316709     -3     3    2.9523227e-07
2090 region_rec_diffs(8,33)        -0.91748768     -3     3    1.6534337e-07
2091 region_rec_diffs(8,34)        -1.5266319     -3     3    -1.116815e-06
2092 region_rec_diffs(8,35)        -0.073722978     -3     3    -2.5935017e-07
2093 region_rec_diffs(8,36)        -0.87898157     -3     3    -1.3418554e-07
2094 region_rec_diffs(8,37)        -1.193481     -3     3    -7.4787273e-07
2095 region_rec_diffs(8,38)        -0.25060555     -3     3    -2.9945574e-07
2096 region_rec_diffs(8,39)        -0.019241292     -3     3    2.6616446e-08
2097 region_rec_diffs(8,40)        -0.16673745     -3     3    -2.4058569e-07
2098 region_rec_diffs(8,41)        -1.4349603     -3     3    -5.8167014e-07
2099 region_rec_diffs(8,42)        -1.3470698     -3     3    -9.9492876e-07
2100 region_rec_diffs(8,43)        -0.11836709     -3     3    -1.614671e-07
2101 region_rec_diffs(8,44)        -1.1618508     -3     3    7.7574161e-07
2102 region_rec_diffs(8,45)        -1.798309     -3     3    -1.5040032e-06
2103 region_rec_diffs(8,46)        -0.31777097     -3     3    3.0026923e-08
2104 region_rec_diffs(8,47)        -0.20909423     -3     3    -2.4634065e-09
2105 region_rec_diffs(8,48)        -0.90931498     -3     3    -1.4154469e-07
2106 region_rec_diffs(8,49)        -1.5210193     -3     3    -1.0395841e-06
2107 region_rec_diffs(8,50)        -0.082550895     -3     3    -9.3513081e-08
2108 region_rec_diffs(8,51)        -0.96487586     -3     3    -2.5590704e-07
2109 region_rec_diffs(8,52)        -0.43385295     -3     3    -1.880715e-07
2110 region_rec_diffs(8,53)        -1.7624259     -3     3    -7.2032125e-07
2111 region_rec_diffs(8,54)        -0.18453156     -3     3    -3.5788171e-07
2112 region_rec_diffs(8,55)        -0.133816     -3     3    -4.3377509e-07
2113 region_rec_diffs(8,56)        -0.46624665     -3     3    2.9852829e-07
2114 region_rec_diffs(8,57)        -0.70393475     -3     3    -7.652787e-07
2115 region_rec_diffs(8,58)        -1.155731     -3     3    -6.2189263e-07
2116 region_rec_diffs(8,59)        -0.24083583     -3     3    -2.4375257e-07
2117 region_rec_diffs(8,60)        -1.2409042     -3     3    -5.2350037e-09
2118 region_rec_diffs(8,61)        -1.767232     -3     3    6.6220126e-07
2119 region_rec_diffs(8,62)        -0.26686875     -3     3    -4.5396017e-07
2120 region_rec_diffs(8,63)        -0.5272922     -3     3    3.33311e-07
2121 region_rec_diffs(8,64)        -0.61244934     -3     3    1.5388562e-07
2122 region_rec_diffs(8,65)        -1.8886566     -3     3    9.3875361e-08
2123 region_rec_diffs(8,66)        -0.2046747     -3     3    -4.4080346e-07
2124 region_rec_diffs(8,67)        -0.50223734     -3     3    -7.5181523e-08
2125 region_rec_diffs(8,68)        -1.1976628     -3     3    -3.744639e-07
2126 region_rec_diffs(8,69)        -1.3200725     -3     3    -6.3790042e-07
2127 region_rec_diffs(8,70)        -1.0228055     -3     3    -2.4299086e-07
2128 region_rec_diffs(8,71)        -0.26179256     -3     3    3.6203505e-07
2129 region_rec_diffs(8,72)        -0.77369844     -3     3    8.6284511e-07
2130 region_rec_diffs(8,73)        -0.65507088     -3     3    1.610307e-06
2131 region_rec_diffs(8,74)        -0.91301768     -3     3    8.2493429e-07
2132 region_rec_diffs(8,75)        -0.088399439     -3     3    8.3702759e-08
2133 region_rec_diffs(8,76)        -0.36463776     -3     3    1.4121432e-07
2134 region_rec_diffs(8,77)        -1.0436884     -3     3    2.038404e-08
2135 region_rec_diffs(8,78)        -0.56277279     -3     3    -8.0500066e-08
2136 region_rec_diffs(8,79)        -0.28611555     -3     3    2.5923159e-07
2137 region_rec_diffs(8,80)        -1.1685756     -3     3    8.0369822e-08
2138 region_rec_diffs(8,81)        -0.6510226     -3     3    2.6483664e-07
2139 region_rec_diffs(8,82)        -1.1895073     -3     3    -5.8257181e-07
2140 region_rec_diffs(8,83)        1.1898573     -3     3    1.8932012e-06
2141 region_rec_diffs(8,84)        0.087866905     -3     3    -4.9731746e-07
2142 region_rec_diffs(8,85)        -0.31735034     -3     3    1.3273176e-06
2143 region_rec_diffs(8,86)        -0.043703288     -3     3    5.8091172e-07
2144 region_rec_diffs(8,87)        -0.98509352     -3     3    -6.0515542e-07
2145 region_rec_diffs(8,88)        -0.70046945     -3     3    -4.6064959e-07
2146 region_rec_diffs(8,89)        -0.26521373     -3     3    -7.7039399e-08
2147 region_rec_diffs(8,90)        -0.4340673     -3     3    -8.0663615e-07
2148 region_rec_diffs(8,91)        -0.47131189     -3     3    -9.4629774e-07
2149 region_rec_diffs(8,92)        -0.41382681     -3     3    5.8604374e-07
2150 region_rec_diffs(8,93)        -0.93483284     -3     3    5.881442e-07
2151 region_rec_diffs(8,94)        -0.90942414     -3     3    1.4924548e-06
2152 region_rec_diffs(8,95)        1.6134222     -3     3    9.7674246e-08
2153 region_rec_diffs(8,96)        -0.22234532     -3     3    -4.1362787e-07
2154 region_rec_diffs(8,97)        -0.67146323     -3     3    -7.1744933e-07
2155 region_rec_diffs(8,98)        0.69305707     -3     3    8.7623172e-07
2156 region_rec_diffs(8,99)        0.58289832     -3     3    -3.8644907e-07
2157 region_rec_diffs(8,100)        -0.64002149     -3     3    -1.4615077e-06
2158 region_rec_diffs(8,101)        0.30689036     -3     3    -2.2559761e-06
2159 region_rec_diffs(8,102)        -0.0026757702     -3     3    -2.8515614e-08
2160 region_rec_diffs(8,103)        -0.17395874     -3     3    9.6003464e-08
2161 region_rec_diffs(8,104)        0.47172972     -3     3    -2.8123693e-06
2162 region_rec_diffs(8,105)        -0.064266494     -3     3    -2.0370526e-07
2163 region_rec_diffs(8,106)        -0.042420606     -3     3    -4.9839603e-08
2164 region_rec_diffs(8,107)        -0.13527377     -3     3    -3.2798775e-07
2165 region_rec_diffs(8,108)        -0.64563843     -3     3    1.5321933e-07
2166 region_rec_diffs(8,109)        0.35394768     -3     3    9.7507471e-07
2167 region_rec_diffs(8,110)        -0.019656146     -3     3    -1.0034753e-08
2168 region_rec_diffs(8,111)        -0.52482923     -3     3    -2.9762846e-07
2169 region_rec_diffs(8,112)        -0.33414348     -3     3    2.3089016e-07
2170 region_rec_diffs(8,113)        0.75161651     -3     3    -2.2105632e-06
2171 region_rec_diffs(8,114)        -0.28943299     -3     3    -3.991028e-07
2172 region_rec_diffs(8,115)        -0.1248238     -3     3    -4.1630545e-07
2173 region_rec_diffs(8,116)        -0.16305119     -3     3    -1.110245e-06
2174 region_rec_diffs(8,117)        0.24303293     -3     3    -5.2725084e-07
2175 region_rec_diffs(8,118)        0.16190006     -3     3    2.8114777e-07
2176 region_rec_diffs(8,119)        0.25678246     -3     3    -9.0693325e-07
2177 region_rec_diffs(8,120)        1.9683453     -3     3    -1.7570805e-06
2178 region_rec_diffs(8,121)        -0.083141014     -3     3    -5.2681496e-07
2179 region_rec_diffs(8,122)        -0.23877102     -3     3    7.6091422e-07
2180 region_rec_diffs(8,123)        0.038803658     -3     3    6.0607591e-07
2181 region_rec_diffs(8,124)        1.115173     -3     3    -4.7037434e-07
2182 region_rec_diffs(8,125)        1.3448186     -3     3    9.3327902e-07
2183 region_rec_diffs(8,126)        0.31048573     -3     3    -2.0752125e-08
2184 region_rec_diffs(8,127)        0.081854424     -3     3    6.5043602e-07
2185 region_rec_diffs(8,128)        1.5971368     -3     3    1.8152089e-06
2186 region_rec_diffs(8,129)        -0.27912746     -3     3    9.9650074e-08
2187 region_rec_diffs(8,130)        0.28037389     -3     3    -1.3272067e-08
2188 region_rec_diffs(8,131)        0.22376831     -3     3    3.0493451e-08
2189 region_rec_diffs(8,132)        1.7293169     -3     3    3.3916061e-07
2190 region_rec_diffs(8,133)        0.027790038     -3     3    -2.4192212e-07
2191 region_rec_diffs(8,134)        0.1464096     -3     3    -1.4403639e-08
2192 region_rec_diffs(8,135)        1.9625516     -3     3    -6.0941411e-07
2193 region_rec_diffs(8,136)        -0.43052183     -3     3    4.9191666e-07
2194 region_rec_diffs(8,137)        -0.20004968     -3     3    -3.5617157e-07
2195 region_rec_diffs(8,138)        -0.36041385     -3     3    1.3809163e-07
2196 region_rec_diffs(8,139)        -0.070277904     -3     3    1.3309036e-08
2197 region_rec_diffs(8,140)        0.7142736     -3     3    1.1332016e-06
2198 region_rec_diffs(8,141)        0.064007595     -3     3    3.9336003e-07
2199 region_rec_diffs(8,142)        0.15657784     -3     3    -5.6722315e-08
2200 region_rec_diffs(8,143)        0.071734896     -3     3    1.2626529e-07
2201 region_rec_diffs(8,144)        0.49121791     -3     3    5.7728395e-07
2202 region_rec_diffs(8,145)        0.84741102     -3     3    -6.5725452e-07
2203 region_rec_diffs(8,146)        2.2283938     -3     3    -1.883731e-07
2204 region_rec_diffs(8,147)        2.2582546     -3     3    1.5053063e-06
2205 region_rec_diffs(8,148)        0.52803831     -3     3    -1.0781686e-06
2206 region_rec_diffs(8,149)        -0.37668936     -3     3    3.2663851e-07
2207 region_rec_diffs(8,150)        -0.13580781     -3     3    4.6895059e-08
2208 region_rec_diffs(8,151)        1.1209935     -3     3    1.8852427e-06
2209 region_rec_diffs(8,152)        0.0057156431     -3     3    7.7393792e-08
2210 region_rec_diffs(8,153)        1.2136555     -3     3    -1.3623158e-06
2211 region_rec_diffs(8,154)        2.1644899     -3     3    -3.1714805e-07
2212 region_rec_diffs(8,155)        2.3858829     -3     3    -1.8381796e-07
2213 region_rec_diffs(8,156)        -1.4523708     -3     3    2.2699e-07
2214 region_rec_diffs(8,157)        -1.2539245     -3     3    1.5414039e-07
2215 region_rec_diffs(8,158)        -0.48840293     -3     3    -4.5372735e-07
2216 region_rec_diffs(8,159)        0.67936798     -3     3    1.6351427e-08
2217 region_rec_diffs(8,160)        2.2110067     -3     3    -1.5614831e-06
2218 region_rec_diffs(8,161)        1.4795754     -3     3    1.9999725e-07
2219 region_rec_diffs(8,162)        0.090559157     -3     3    -4.2833402e-07
2220 region_rec_diffs(8,163)        1.9429512     -3     3    3.9857893e-06
2221 region_rec_diffs(8,164)        1.0626813     -3     3    -2.9972517e-06
2222 region_rec_diffs(8,165)        -0.34946513     -3     3    2.3357694e-07
2223 region_rec_diffs(8,166)        -0.42571394     -3     3    5.668216e-07
2224 region_rec_diffs(8,167)        -0.74322498     -3     3    5.3697593e-07
2225 region_rec_diffs(8,168)        1.7269909     -3     3    5.3752424e-07
2226 region_rec_diffs(8,169)        1.5267452     -3     3    -2.2537176e-06
2227 region_rec_diffs(8,170)        0.4873489     -3     3    2.1036382e-07
2228 region_rec_diffs(8,171)        1.8956527     -3     3    6.7026195e-08
2229 region_rec_diffs(8,172)        1.8724825     -3     3    -3.1013179e-07
2230 region_rec_diffs(8,173)        -0.26272059     -3     3    2.1602914e-07
2231 region_rec_diffs(8,174)        -0.072463409     -3     3    3.2056084e-07
2232 region_rec_diffs(8,175)        -0.46509165     -3     3    -5.407724e-07
2233 region_rec_diffs(8,176)        -0.79627771     -3     3    1.190036e-06
2234 region_rec_diffs(8,177)        0.61216697     -3     3    -1.1254577e-06
2235 region_rec_diffs(8,178)        0.65196616     -3     3    -3.0895957e-06
2236 region_rec_diffs(8,179)        -1.5805652     -3     3    -4.2883715e-07
2237 region_rec_diffs(8,180)        -0.50806643     -3     3    -3.1715719e-07
2238 region_rec_diffs(8,181)        -0.80339018     -3     3    2.5539435e-07
2239 region_rec_diffs(8,182)        -0.41321206     -3     3    -3.3525414e-07
2240 region_rec_diffs(8,183)        -0.52197127     -3     3    -3.8653606e-07
2241 region_rec_diffs(8,184)        1.3058015     -3     3    -1.4587284e-06
2242 region_rec_diffs(8,185)        1.0292032     -3     3    -1.0471475e-06
2243 region_rec_diffs(8,186)        1.5289459     -3     3    -5.9857687e-07
2244 region_rec_diffs(8,187)        -1.1924552     -3     3    1.4947799e-06
2245 region_rec_diffs(8,188)        -1.1004144     -3     3    -3.3420615e-07
2246 region_rec_diffs(8,189)        0.13937042     -3     3    3.2708254e-07
2247 region_rec_diffs(8,190)        1.5837558     -3     3    8.4867373e-07
2248 region_rec_diffs(8,191)        0.92265164     -3     3    7.2214003e-07
2249 region_rec_diffs(8,192)        0.3163328     -3     3    1.6241061e-07
2250 region_rec_diffs(8,193)        -0.38185931     -3     3    9.193508e-07
2251 region_rec_diffs(8,194)        2.2384951     -3     3    1.2239211e-06
2252 region_rec_diffs(8,195)        1.8450014     -3     3    -3.2341856e-06
2253 region_rec_diffs(8,196)        -1.5021515     -3     3    -1.5169372e-07
2254 region_rec_diffs(8,197)        1.3449641     -3     3    -5.9275993e-07
2255 region_rec_diffs(8,198)        1.4482678     -3     3    6.9682045e-07
2256 region_rec_diffs(8,199)        0.069537622     -3     3    -2.2317689e-06
2257 region_rec_diffs(8,200)        0.57824933     -3     3    -4.6196065e-07
2258 region_rec_diffs(8,201)        0.6903391     -3     3    3.6071872e-06
2259 region_rec_diffs(8,202)        1.1587955     -3     3    -1.0840087e-06
2260 region_rec_diffs(8,203)        0.40252874     -3     3    -9.8454272e-07
2261 region_rec_diffs(8,204)        0.61537435     -3     3    -1.6112594e-06
2262 region_rec_diffs(8,205)        0.63955037     -3     3    -2.6872464e-07
2263 region_rec_diffs(8,206)        1.1075759     -3     3    -2.6123292e-06
2264 region_rec_diffs(8,207)        2.0563477     -3     3    5.9684447e-07
2265 region_rec_diffs(8,208)        0.13471801     -3     3    6.7579768e-07
2266 region_rec_diffs(8,209)        1.0652972     -3     3    -1.038505e-06
2267 region_rec_diffs(8,210)        -0.31584252     -3     3    -1.4362396e-06
2268 region_rec_diffs(8,211)        -0.3419452     -3     3    7.6445634e-07
2269 region_rec_diffs(8,212)        0.082408918     -3     3    -8.4508219e-07
2270 region_rec_diffs(8,213)        1.2922484     -3     3    6.7301556e-07
2271 region_rec_diffs(8,214)        0.40368225     -3     3    -1.6576778e-06
2272 region_rec_diffs(8,215)        0.87154775     -3     3    -1.4881152e-06
2273 region_rec_diffs(8,216)        -0.036292513     -3     3    5.3181658e-07
2274 region_rec_diffs(8,217)        -0.47199516     -3     3    9.2601705e-08
2275 region_rec_diffs(8,218)        -0.53060129     -3     3    1.3207881e-06
2276 region_rec_diffs(8,219)        -1.142374     -3     3    -2.4213652e-06
2277 region_rec_diffs(8,220)        -2.1597574     -3     3    5.6896084e-07
2278 region_rec_diffs(8,221)        -2.1805326     -3     3    6.4487248e-07
2279 region_rec_diffs(8,222)        0.17781529     -3     3    7.2468768e-06
2280 region_rec_diffs(8,223)        0.41968867     -3     3    -1.2111292e-07
2281 region_rec_diffs(8,224)        0.81203004     -3     3    -1.4376179e-06
2282 region_rec_diffs(8,225)        1.9574921     -3     3    7.2619123e-07
2283 region_rec_diffs(8,226)        0.51114276     -3     3    -1.4371095e-07
2284 region_rec_diffs(8,227)        1.1271154     -3     3    -2.5448345e-07
2285 region_rec_diffs(8,228)        0.095588289     -3     3    -6.396206e-06
2286 region_rec_diffs(8,229)        -1.1975838     -3     3    -3.3031248e-07
2287 region_rec_diffs(8,230)        0.16739844     -3     3    8.8587559e-07
2288 region_rec_diffs(8,231)        -1.6437221     -3     3    -8.1161738e-07
2289 region_rec_diffs(8,232)        -0.55446318     -3     3    -5.8636718e-07
2290 region_rec_diffs(8,233)        -0.4565117     -3     3    3.8156121e-07
2291 region_rec_diffs(8,234)        0.086203304     -3     3    8.3457677e-08
2292 region_rec_diffs(8,235)        -0.41349875     -3     3    -1.8459031e-06
2293 region_rec_diffs(8,236)        0.35183377     -3     3    2.7381605e-06
2294 region_rec_diffs(8,237)        0.87197282     -3     3    -2.1744793e-06
2295 region_rec_diffs(8,238)        0.40296804     -3     3    1.2620314e-06
2296 region_rec_diffs(8,239)        0.87056638     -3     3    3.9552096e-09
2297 region_rec_diffs(8,240)        -0.14197215     -3     3    1.5145215e-07
2298 region_rec_diffs(8,241)        -0.014639813     -3     3    3.3361004e-06
2299 region_rec_diffs(8,242)        -0.019009943     -3     3    1.0521892e-06
2300 region_rec_diffs(8,243)        -1.2471431     -3     3    6.8900653e-07
2301 region_rec_diffs(8,244)        -1.979375     -3     3    -9.0900768e-07
2302 region_rec_diffs(8,245)        0.4068551     -3     3    1.7110667e-06
2303 region_rec_diffs(8,246)        0.99921284     -3     3    1.449194e-07
2304 region_rec_diffs(8,247)        -0.47074674     -3     3    -1.7751778e-06
2305 region_rec_diffs(8,248)        -0.78954494     -3     3    2.316047e-07
2306 region_rec_diffs(8,249)        1.2306099     -3     3    5.3211461e-07
2307 region_rec_diffs(8,250)        -0.093716288     -3     3    6.4115517e-08
2308 region_rec_diffs(8,251)        -0.56852333     -3     3    4.1051288e-07
2309 region_rec_diffs(8,252)        -1.5507071     -3     3    1.7871065e-07
2310 region_rec_diffs(8,253)        0.22278249     -3     3    1.2860543e-06
2311 region_rec_diffs(8,254)        0.86581188     -3     3    2.7214296e-07
2312 region_rec_diffs(8,255)        0.047983631     -3     3    3.5582704e-06
2313 region_rec_diffs(8,256)        -1.8729679     -3     3    7.732263e-07
2314 region_rec_diffs(8,257)        -1.8861098     -3     3    -8.2139392e-07
2315 region_rec_diffs(8,258)        -0.41946123     -3     3    -2.0078767e-06
2316 region_rec_diffs(8,259)        -0.13964916     -3     3    9.9579682e-07
2317 region_rec_diffs(8,260)        -1.3090737     -3     3    3.6575836e-06
2318 region_rec_diffs(8,261)        0.66593297     -3     3    1.2568781e-06
2319 region_rec_diffs(8,262)        -0.10739291     -3     3    2.3314631e-06
2320 region_rec_diffs(8,263)        -0.30261716     -3     3    4.5381855e-07
2321 region_rec_diffs(8,264)        0.35005756     -3     3    -2.654656e-06
2322 region_rec_diffs(8,265)        -0.29621123     -3     3    1.3637224e-06
2323 region_rec_diffs(8,266)        0.5226919     -3     3    -3.5638986e-06
2324 region_rec_diffs(8,267)        0.38686144     -3     3    2.7530443e-06
2325 region_rec_diffs(8,268)        -1.4215921     -3     3    -8.7002239e-07
2326 region_rec_diffs(8,269)        0.086625526     -3     3    1.348278e-06
2327 region_rec_diffs(8,270)        -0.30663     -3     3    -4.6009491e-07
2328 region_rec_diffs(8,271)        -0.29054392     -3     3    -9.7217791e-07
2329 region_rec_diffs(8,272)        0.91462969     -3     3    1.5791037e-06
2330 region_rec_diffs(8,273)        -0.18040905     -3     3    -1.9186498e-07
2331 region_rec_diffs(8,274)        0.40036529     -3     3    -4.3302718e-07
2332 region_rec_diffs(8,275)        -0.47493361     -3     3    2.8348953e-07
2333 region_rec_diffs(8,276)        -0.61363394     -3     3    4.8616386e-07
2334 region_rec_diffs(8,277)        -0.43848194     -3     3    -5.8508682e-07
2335 region_rec_diffs(8,278)        0.67490493     -3     3    2.405126e-07
2336 region_rec_diffs(8,279)        -0.17512772     -3     3    3.1998034e-07
2337 region_rec_diffs(9,1)        4.6833915e-10     -3     3    -4.8825415e-11
2338 region_rec_diffs(9,2)        0.82483904     -3     3    2.765429e-07
2339 region_rec_diffs(9,3)        0.84049866     -3     3    1.8304429e-06
2340 region_rec_diffs(9,4)        0.89545104     -3     3    -7.8749922e-07
2341 region_rec_diffs(9,5)        0.89912886     -3     3    -1.4632648e-06
2342 region_rec_diffs(9,6)        0.0075198273     -3     3    2.0986044e-09
2343 region_rec_diffs(9,7)        0.17622204     -3     3    -3.6311877e-07
2344 region_rec_diffs(9,8)        0.0030467359     -3     3    -8.8396801e-09
2345 region_rec_diffs(9,9)        0.0056487711     -3     3    -4.8455982e-08
2346 region_rec_diffs(9,10)        0.0086960259     -3     3    -2.2666531e-08
2347 region_rec_diffs(9,11)        0.50369592     -3     3    -8.1314053e-08
2348 region_rec_diffs(9,12)        0.0095736702     -3     3    -9.8016232e-09
2349 region_rec_diffs(9,13)        0.074701505     -3     3    3.6367539e-07
2350 region_rec_diffs(9,14)        1.8908908     -3     3    -3.3616813e-07
2351 region_rec_diffs(9,15)        0.0088449055     -3     3    -6.4469529e-11
2352 region_rec_diffs(9,16)        0.0040653787     -3     3    -1.2367069e-08
2353 region_rec_diffs(9,17)        0.027715841     -3     3    -1.8952515e-07
2354 region_rec_diffs(9,18)        1.0826358     -3     3    -1.9467538e-06
2355 region_rec_diffs(9,19)        0.013165517     -3     3    -2.2639107e-08
2356 region_rec_diffs(9,20)        0.018921709     -3     3    -8.9028277e-08
2357 region_rec_diffs(9,21)        0.48176374     -3     3    3.9823858e-07
2358 region_rec_diffs(9,22)        1.6506496     -3     3    -2.6636927e-06
2359 region_rec_diffs(9,23)        0.03811232     -3     3    2.0044403e-08
2360 region_rec_diffs(9,24)        0.01332459     -3     3    2.5357578e-08
2361 region_rec_diffs(9,25)        0.88039297     -3     3    -8.6559778e-07
2362 region_rec_diffs(9,26)        -0.0087304228     -3     3    9.2209684e-09
2363 region_rec_diffs(9,27)        -0.44732417     -3     3    -8.5935187e-07
2364 region_rec_diffs(9,28)        0.0010114064     -3     3    -2.075698e-07
2365 region_rec_diffs(9,29)        2.83947     -3     3    -1.7834588e-06
2366 region_rec_diffs(9,30)        0.011306303     -3     3    -4.1057647e-08
2367 region_rec_diffs(9,31)        0.010728802     -3     3    -6.8977571e-08
2368 region_rec_diffs(9,32)        0.0098345915     -3     3    -1.7686128e-08
2369 region_rec_diffs(9,33)        0.10347154     -3     3    3.8663285e-08
2370 region_rec_diffs(9,34)        0.73502254     -3     3    -6.1721134e-07
2371 region_rec_diffs(9,35)        0.0063080389     -3     3    3.3379903e-08
2372 region_rec_diffs(9,36)        0.089271768     -3     3    4.2590223e-07
2373 region_rec_diffs(9,37)        0.96420063     -3     3    -1.4933998e-06
2374 region_rec_diffs(9,38)        0.042568138     -3     3    9.0161464e-08
2375 region_rec_diffs(9,39)        0.0041510367     -3     3    6.3795467e-09
2376 region_rec_diffs(9,40)        0.018465853     -3     3    -2.9478531e-08
2377 region_rec_diffs(9,41)        0.81381148     -3     3    -4.7473017e-07
2378 region_rec_diffs(9,42)        0.48473516     -3     3    -5.6487479e-07
2379 region_rec_diffs(9,43)        0.011574303     -3     3    -4.0755674e-08
2380 region_rec_diffs(9,44)        0.24932904     -3     3    1.7978862e-07
2381 region_rec_diffs(9,45)        1.5860178     -3     3    3.5791158e-07
2382 region_rec_diffs(9,46)        0.0071985575     -3     3    6.1155288e-08
2383 region_rec_diffs(9,47)        0.0060908504     -3     3    2.515827e-08
2384 region_rec_diffs(9,48)        0.01417528     -3     3    2.2341432e-08
2385 region_rec_diffs(9,49)        1.2458548     -3     3    3.2175727e-08
2386 region_rec_diffs(9,50)        0.0077359708     -3     3    -3.0265114e-08
2387 region_rec_diffs(9,51)        0.087364515     -3     3    3.1224479e-10
2388 region_rec_diffs(9,52)        0.033807547     -3     3    2.7187591e-08
2389 region_rec_diffs(9,53)        1.3058524     -3     3    2.2428053e-06
2390 region_rec_diffs(9,54)        0.0057609662     -3     3    3.9182579e-08
2391 region_rec_diffs(9,55)        -0.0027074661     -3     3    7.404975e-08
2392 region_rec_diffs(9,56)        -0.006958071     -3     3    3.5310833e-07
2393 region_rec_diffs(9,57)        0.064630508     -3     3    5.3847249e-07
2394 region_rec_diffs(9,58)        0.73079321     -3     3    1.1413561e-06
2395 region_rec_diffs(9,59)        0.03366164     -3     3    1.774025e-07
2396 region_rec_diffs(9,60)        0.57250308     -3     3    3.0040674e-07
2397 region_rec_diffs(9,61)        0.50237972     -3     3    7.386542e-07
2398 region_rec_diffs(9,62)        0.011163764     -3     3    1.6566948e-08
2399 region_rec_diffs(9,63)        0.030788694     -3     3    -4.9261316e-08
2400 region_rec_diffs(9,64)        0.079561181     -3     3    7.4217946e-08
2401 region_rec_diffs(9,65)        0.5395547     -3     3    2.0441037e-06
2402 region_rec_diffs(9,66)        -0.0067106298     -3     3    5.067984e-08
2403 region_rec_diffs(9,67)        -0.040339719     -3     3    1.0310359e-07
2404 region_rec_diffs(9,68)        -0.13704928     -3     3    4.9137446e-08
2405 region_rec_diffs(9,69)        0.20507482     -3     3    -3.8478681e-07
2406 region_rec_diffs(9,70)        0.43307677     -3     3    -4.0953509e-07
2407 region_rec_diffs(9,71)        0.017433971     -3     3    4.2405459e-08
2408 region_rec_diffs(9,72)        0.13639008     -3     3    -3.8228565e-07
2409 region_rec_diffs(9,73)        1.908956     -3     3    -4.049261e-06
2410 region_rec_diffs(9,74)        0.11012501     -3     3    -4.1430039e-07
2411 region_rec_diffs(9,75)        0.0076447119     -3     3    -1.0837004e-08
2412 region_rec_diffs(9,76)        0.039712436     -3     3    -1.2188097e-07
2413 region_rec_diffs(9,77)        0.20498598     -3     3    -7.0580577e-07
2414 region_rec_diffs(9,78)        0.024724079     -3     3    -1.2509109e-07
2415 region_rec_diffs(9,79)        0.0078536327     -3     3    2.5266485e-08
2416 region_rec_diffs(9,80)        1.2201362     -3     3    6.0577695e-07
2417 region_rec_diffs(9,81)        0.18838411     -3     3    3.8451441e-07
2418 region_rec_diffs(9,82)        0.16020737     -3     3    9.9195452e-08
2419 region_rec_diffs(9,83)        0.31261026     -3     3    9.0927612e-07
2420 region_rec_diffs(9,84)        1.3264445     -3     3    -4.96771e-07
2421 region_rec_diffs(9,85)        0.29498392     -3     3    1.8781267e-06
2422 region_rec_diffs(9,86)        0.0035286787     -3     3    6.9616005e-09
2423 region_rec_diffs(9,87)        0.0043182432     -3     3    2.4761944e-07
2424 region_rec_diffs(9,88)        0.1996335     -3     3    -4.1113696e-08
2425 region_rec_diffs(9,89)        0.2569533     -3     3    5.2274606e-07
2426 region_rec_diffs(9,90)        0.018800807     -3     3    -6.5134003e-10
2427 region_rec_diffs(9,91)        0.19278426     -3     3    9.7083372e-08
2428 region_rec_diffs(9,92)        0.31652005     -3     3    -3.8411305e-07
2429 region_rec_diffs(9,93)        0.65937477     -3     3    5.0864832e-07
2430 region_rec_diffs(9,94)        1.4967028     -3     3    -2.9728808e-07
2431 region_rec_diffs(9,95)        -0.034773795     -3     3    -2.7678407e-07
2432 region_rec_diffs(9,96)        -0.006101255     -3     3    -1.2318331e-08
2433 region_rec_diffs(9,97)        -0.011112512     -3     3    -6.8049053e-08
2434 region_rec_diffs(9,98)        0.0096899485     -3     3    -6.5090122e-08
2435 region_rec_diffs(9,99)        0.061778494     -3     3    -2.3392977e-07
2436 region_rec_diffs(9,100)        1.2024002     -3     3    4.3316698e-07
2437 region_rec_diffs(9,101)        0.23633053     -3     3    5.1477617e-07
2438 region_rec_diffs(9,102)        0.0046674041     -3     3    2.2957476e-07
2439 region_rec_diffs(9,103)        0.021722295     -3     3    2.7323815e-08
2440 region_rec_diffs(9,104)        1.38533     -3     3    1.1817757e-06
2441 region_rec_diffs(9,105)        0.0088606862     -3     3    1.6230371e-08
2442 region_rec_diffs(9,106)        0.002252209     -3     3    -1.1988088e-07
2443 region_rec_diffs(9,107)        0.0095580936     -3     3    7.5652982e-09
2444 region_rec_diffs(9,108)        0.31521466     -3     3    6.1915114e-07
2445 region_rec_diffs(9,109)        0.95404697     -3     3    -1.4807913e-06
2446 region_rec_diffs(9,110)        0.016537197     -3     3    -1.5915194e-08
2447 region_rec_diffs(9,111)        0.08806272     -3     3    -3.1965292e-08
2448 region_rec_diffs(9,112)        0.23385139     -3     3    2.9718573e-07
2449 region_rec_diffs(9,113)        0.29350696     -3     3    -2.5570082e-07
2450 region_rec_diffs(9,114)        0.018532923     -3     3    -8.8089498e-08
2451 region_rec_diffs(9,115)        0.020003758     -3     3    -1.7646142e-07
2452 region_rec_diffs(9,116)        0.20483451     -3     3    -4.7251712e-07
2453 region_rec_diffs(9,117)        0.84677483     -3     3    6.5971862e-07
2454 region_rec_diffs(9,118)        0.035014867     -3     3    7.0738634e-08
2455 region_rec_diffs(9,119)        0.29714307     -3     3    -2.1333667e-07
2456 region_rec_diffs(9,120)        1.2722945     -3     3    -1.1536263e-07
2457 region_rec_diffs(9,121)        0.29887015     -3     3    7.0654948e-07
2458 region_rec_diffs(9,122)        -0.0011596996     -3     3    3.7985359e-07
2459 region_rec_diffs(9,123)        -0.003267052     -3     3    5.5268129e-08
2460 region_rec_diffs(9,124)        -0.0087373642     -3     3    3.2030842e-07
2461 region_rec_diffs(9,125)        0.027238495     -3     3    8.157531e-08
2462 region_rec_diffs(9,126)        2.7646812     -3     3    1.3142586e-06
2463 region_rec_diffs(9,127)        0.080572217     -3     3    1.0591832e-07
2464 region_rec_diffs(9,128)        0.58459397     -3     3    7.7992087e-07
2465 region_rec_diffs(9,129)        0.21941253     -3     3    -2.6816198e-07
2466 region_rec_diffs(9,130)        0.040884943     -3     3    -2.1466496e-08
2467 region_rec_diffs(9,131)        0.003198192     -3     3    3.1428388e-08
2468 region_rec_diffs(9,132)        -0.099790245     -3     3    1.9337156e-07
2469 region_rec_diffs(9,133)        -0.086305496     -3     3    4.8874003e-07
2470 region_rec_diffs(9,134)        0.0057807129     -3     3    1.9924398e-07
2471 region_rec_diffs(9,135)        0.077330184     -3     3    3.1130219e-07
2472 region_rec_diffs(9,136)        0.34498665     -3     3    3.1659505e-07
2473 region_rec_diffs(9,137)        0.04347937     -3     3    -5.3593577e-09
2474 region_rec_diffs(9,138)        0.049849809     -3     3    1.6033687e-07
2475 region_rec_diffs(9,139)        0.0072622083     -3     3    -2.4107392e-08
2476 region_rec_diffs(9,140)        0.043380029     -3     3    -3.4843761e-07
2477 region_rec_diffs(9,141)        0.026222372     -3     3    -2.2875645e-07
2478 region_rec_diffs(9,142)        0.0059973524     -3     3    -2.2830259e-08
2479 region_rec_diffs(9,143)        0.0030036915     -3     3    -8.0831251e-08
2480 region_rec_diffs(9,144)        0.15222436     -3     3    -1.5190371e-06
2481 region_rec_diffs(9,145)        0.78366291     -3     3    -3.5778349e-06
2482 region_rec_diffs(9,146)        0.062926796     -3     3    -1.5779034e-07
2483 region_rec_diffs(9,147)        0.10618517     -3     3    -4.2419556e-07
2484 region_rec_diffs(9,148)        0.82634036     -3     3    -1.7331064e-06
2485 region_rec_diffs(9,149)        -0.024928136     -3     3    -4.2076812e-07
2486 region_rec_diffs(9,150)        -0.05214159     -3     3    -1.7482241e-07
2487 region_rec_diffs(9,151)        -0.45680372     -3     3    -4.756067e-08
2488 region_rec_diffs(9,152)        -0.51740085     -3     3    1.5478413e-07
2489 region_rec_diffs(9,153)        -0.74206092     -3     3    3.085574e-07
2490 region_rec_diffs(9,154)        -0.48956588     -3     3    8.271159e-07
2491 region_rec_diffs(9,155)        -0.59768753     -3     3    2.607639e-07
2492 region_rec_diffs(9,156)        -0.89414108     -3     3    -6.9635332e-08
2493 region_rec_diffs(9,157)        -0.51380637     -3     3    4.1540906e-07
2494 region_rec_diffs(9,158)        -0.11395864     -3     3    1.7654702e-07
2495 region_rec_diffs(9,159)        -0.081922754     -3     3    1.6720212e-07
2496 region_rec_diffs(9,160)        0.31436172     -3     3    1.118124e-06
2497 region_rec_diffs(9,161)        0.60896015     -3     3    1.1784344e-06
2498 region_rec_diffs(9,162)        -0.093148814     -3     3    -1.9874027e-07
2499 region_rec_diffs(9,163)        -0.83797965     -3     3    9.7758421e-07
2500 region_rec_diffs(9,164)        -1.3594427     -3     3    4.8824789e-08
2501 region_rec_diffs(9,165)        -0.81920283     -3     3    -1.683157e-07
2502 region_rec_diffs(9,166)        -0.829975     -3     3    -8.965674e-08
2503 region_rec_diffs(9,167)        -1.4893197     -3     3    5.7783897e-07
2504 region_rec_diffs(9,168)        -1.2866563     -3     3    -2.5202438e-07
2505 region_rec_diffs(9,169)        -0.64117094     -3     3    9.1597771e-07
2506 region_rec_diffs(9,170)        -0.05192377     -3     3    2.7397597e-07
2507 region_rec_diffs(9,171)        2.8220453     -3     3    -1.0179383e-06
2508 region_rec_diffs(9,172)        0.56368499     -3     3    -2.3386427e-07
2509 region_rec_diffs(9,173)        -0.31717267     -3     3    -9.5965534e-07
2510 region_rec_diffs(9,174)        -0.33230314     -3     3    1.4719815e-07
2511 region_rec_diffs(9,175)        -0.95761856     -3     3    -2.5091446e-07
2512 region_rec_diffs(9,176)        -1.8788491     -3     3    -2.1109908e-07
2513 region_rec_diffs(9,177)        -1.9909017     -3     3    4.977266e-07
2514 region_rec_diffs(9,178)        -1.155283     -3     3    6.26342e-07
2515 region_rec_diffs(9,179)        1.9933211     -3     3    -2.0670545e-06
2516 region_rec_diffs(9,180)        -1.4035927     -3     3    5.7295581e-07
2517 region_rec_diffs(9,181)        -1.6536205     -3     3    1.0480876e-06
2518 region_rec_diffs(9,182)        -0.71971396     -3     3    1.0043338e-06
2519 region_rec_diffs(9,183)        -0.75796105     -3     3    2.2711754e-07
2520 region_rec_diffs(9,184)        -1.472645     -3     3    -3.7695683e-07
2521 region_rec_diffs(9,185)        -2.0258262     -3     3    -1.6653056e-07
2522 region_rec_diffs(9,186)        0.36699966     -3     3    7.8731914e-07
2523 region_rec_diffs(9,187)        1.4215115     -3     3    -4.7700088e-07
2524 region_rec_diffs(9,188)        -2.2600262     -3     3    4.7985129e-07
2525 region_rec_diffs(9,189)        -2.0533645     -3     3    -1.6179396e-07
2526 region_rec_diffs(9,190)        -1.8021251     -3     3    -4.8570346e-07
2527 region_rec_diffs(9,191)        -1.1510861     -3     3    -2.0940894e-06
2528 region_rec_diffs(9,192)        -0.75680774     -3     3    -4.2996931e-06
2529 region_rec_diffs(9,193)        -1.2920125     -3     3    -1.0911246e-06
2530 region_rec_diffs(9,194)        0.55931453     -3     3    5.1778005e-07
2531 region_rec_diffs(9,195)        1.1422245     -3     3    5.2684394e-07
2532 region_rec_diffs(9,196)        -2.3826528     -3     3    2.1197329e-07
2533 region_rec_diffs(9,197)        -1.7897162     -3     3    5.7064122e-07
2534 region_rec_diffs(9,198)        -1.6373067     -3     3    -4.7154364e-08
2535 region_rec_diffs(9,199)        1.0046791     -3     3    9.1856393e-07
2536 region_rec_diffs(9,200)        0.23241972     -3     3    -6.6703624e-07
2537 region_rec_diffs(9,201)        -0.45144696     -3     3    3.6280091e-07
2538 region_rec_diffs(9,202)        0.5800753     -3     3    -4.1270071e-07
2539 region_rec_diffs(9,203)        1.1397787     -3     3    -1.3484298e-06
2540 region_rec_diffs(9,204)        0.78498469     -3     3    3.501107e-06
2541 region_rec_diffs(9,205)        -0.74942884     -3     3    4.1192126e-07
2542 region_rec_diffs(9,206)        -1.6005576     -3     3    5.123928e-07
2543 region_rec_diffs(9,207)        -1.5662821     -3     3    -1.6520994e-07
2544 region_rec_diffs(9,208)        -2.2870743     -3     3    1.8186758e-07
2545 region_rec_diffs(9,209)        -1.3217289     -3     3    -7.3603913e-07
2546 region_rec_diffs(9,210)        -1.3132925     -3     3    1.7889593e-07
2547 region_rec_diffs(9,211)        2.1778551     -3     3    1.5545146e-06
2548 region_rec_diffs(9,212)        -0.26168308     -3     3    6.2253351e-08
2549 region_rec_diffs(9,213)        -0.69505898     -3     3    5.5687548e-07
2550 region_rec_diffs(9,214)        -0.70947334     -3     3    -2.8191857e-08
2551 region_rec_diffs(9,215)        0.39201116     -3     3    4.9959325e-07
2552 region_rec_diffs(9,216)        1.1919353     -3     3    1.1198022e-06
2553 region_rec_diffs(9,217)        0.47945026     -3     3    3.8052305e-07
2554 region_rec_diffs(9,218)        0.22997532     -3     3    1.006579e-06
2555 region_rec_diffs(9,219)        0.06276685     -3     3    7.4125863e-07
2556 region_rec_diffs(9,220)        -0.60841305     -3     3    1.8548905e-07
2557 region_rec_diffs(9,221)        -0.80782791     -3     3    -1.6823126e-07
2558 region_rec_diffs(9,222)        2.2804876     -3     3    3.0844189e-06
2559 region_rec_diffs(9,223)        -0.66198212     -3     3    6.0280778e-07
2560 region_rec_diffs(9,224)        -1.7725246     -3     3    -1.6458022e-08
2561 region_rec_diffs(9,225)        -1.3121155     -3     3    -8.2274078e-08
2562 region_rec_diffs(9,226)        -0.97785906     -3     3    3.4695775e-07
2563 region_rec_diffs(9,227)        0.35932465     -3     3    -3.5951164e-07
2564 region_rec_diffs(9,228)        0.73802314     -3     3    -2.0985767e-06
2565 region_rec_diffs(9,229)        -0.14560537     -3     3    -7.3338852e-07
2566 region_rec_diffs(9,230)        1.8068817     -3     3    2.6687329e-06
2567 region_rec_diffs(9,231)        -0.79113111     -3     3    8.7495151e-07
2568 region_rec_diffs(9,232)        -1.2890397     -3     3    3.0907132e-07
2569 region_rec_diffs(9,233)        -0.79010604     -3     3    7.957667e-07
2570 region_rec_diffs(9,234)        0.042470054     -3     3    1.3793216e-06
2571 region_rec_diffs(9,235)        0.4811424     -3     3    7.0473986e-07
2572 region_rec_diffs(9,236)        -0.29473238     -3     3    -8.3780559e-07
2573 region_rec_diffs(9,237)        0.4047315     -3     3    -1.3150989e-06
2574 region_rec_diffs(9,238)        1.3783144     -3     3    -2.9066273e-06
2575 region_rec_diffs(9,239)        -0.70600639     -3     3    -4.8609434e-07
2576 region_rec_diffs(9,240)        -1.1031709     -3     3    -7.2445778e-07
2577 region_rec_diffs(9,241)        -1.1201093     -3     3    -6.4952054e-07
2578 region_rec_diffs(9,242)        -1.0130944     -3     3    -8.6158576e-07
2579 region_rec_diffs(9,243)        1.3070565     -3     3    -2.274907e-06
2580 region_rec_diffs(9,244)        1.556613     -3     3    1.3546111e-06
2581 region_rec_diffs(9,245)        -1.1053552     -3     3    3.8067426e-07
2582 region_rec_diffs(9,246)        -1.367773     -3     3    -1.9511862e-09
2583 region_rec_diffs(9,247)        -0.83013067     -3     3    5.9002872e-08
2584 region_rec_diffs(9,248)        1.3814496     -3     3    -3.5554474e-07
2585 region_rec_diffs(9,249)        -0.89772236     -3     3    2.1584534e-08
2586 region_rec_diffs(9,250)        -1.19391     -3     3    1.2418125e-07
2587 region_rec_diffs(9,251)        -1.2525198     -3     3    1.5688281e-07
2588 region_rec_diffs(9,252)        -1.1722885     -3     3    -3.162271e-07
2589 region_rec_diffs(9,253)        -0.72001035     -3     3    9.8432321e-08
2590 region_rec_diffs(9,254)        0.30825868     -3     3    1.5555095e-06
2591 region_rec_diffs(9,255)        -0.55436978     -3     3    1.1184619e-06
2592 region_rec_diffs(9,256)        -1.1227124     -3     3    5.6428769e-07
2593 region_rec_diffs(9,257)        -0.66879446     -3     3    6.6939826e-07
2594 region_rec_diffs(9,258)        1.0491503     -3     3    8.2761284e-07
2595 region_rec_diffs(9,259)        1.190482     -3     3    4.2722329e-07
2596 region_rec_diffs(9,260)        -0.69494489     -3     3    -1.367319e-07
2597 region_rec_diffs(9,261)        -0.69405603     -3     3    2.6389117e-08
2598 region_rec_diffs(9,262)        -0.35931083     -3     3    2.4337255e-07
2599 region_rec_diffs(9,263)        0.3652     -3     3    9.9862975e-07
2600 region_rec_diffs(9,264)        0.51560241     -3     3    1.0861638e-06
2601 region_rec_diffs(9,265)        0.2011307     -3     3    5.6224624e-07
2602 region_rec_diffs(9,266)        0.015795037     -3     3    -2.3587681e-07
2603 region_rec_diffs(9,267)        -0.52450157     -3     3    -7.0208063e-07
2604 region_rec_diffs(9,268)        -0.92574529     -3     3    -3.7905865e-07
2605 region_rec_diffs(9,269)        -0.67199953     -3     3    -1.0876706e-07
2606 region_rec_diffs(9,270)        0.12405153     -3     3    1.3963128e-07
2607 region_rec_diffs(9,271)        1.3131297     -3     3    8.9666566e-07
2608 region_rec_diffs(9,272)        -0.37982812     -3     3    -2.0857201e-08
2609 region_rec_diffs(9,273)        -0.42184785     -3     3    3.749747e-07
2610 region_rec_diffs(9,274)        -0.56663006     -3     3    3.930013e-07
2611 region_rec_diffs(9,275)        -0.15436344     -3     3    9.7690082e-08
2612 region_rec_diffs(9,276)        -0.029133454     -3     3    1.8432246e-08
2613 region_rec_diffs(9,277)        -0.0083597597     -3     3    1.6347551e-08
2614 region_rec_diffs(9,278)        -0.011761719     -3     3    4.6649894e-09
2615 region_rec_diffs(9,279)        -0.0038630805     -3     3    7.1905621e-09
2616 bs_selcoff_gp:1(1,1,1,1)        -9.6254017     -20     7    5.3907284e-07
2617 bs_selcoff_gp:1(1,1,1,2)        -4.7250233     -20     7    -6.830988e-07
2618 bs_selcoff_gp:1(1,1,1,3)        0.003652926     -20     7    -1.7439633e-09
2619 bs_selcoff_gp:1(1,1,1,4)        0.83750231     -20     7    -2.054855e-07
2620 bs_selcoff_gp:1(1,1,1,5)        0.51689629     -20     7    2.1831068e-07
2621 bs_selcoff_gp:2(2,1,1,1)        -5.891722     -20     7    -7.4646914e-07
2622 bs_selcoff_gp:2(2,1,1,2)        -2.1068517     -20     7    -7.5498072e-07
2623 bs_selcoff_gp:2(2,1,1,3)        0.4077014     -20     7    -1.3006634e-07
2624 bs_selcoff_gp:2(2,1,1,4)        0.73990244     -20     7    -2.6763204e-08
2625 bs_selcoff_gp:2(2,1,1,5)        0.24414398     -20     7    1.9675625e-07
2626 bs_selcoff_gp:3(3,1,1,1)        -5.104442     -20     7    -6.7847742e-08
2627 bs_selcoff_gp:3(3,1,1,2)        -4.386488     -20     7    -7.2732892e-07
2628 bs_selcoff_gp:3(3,1,1,3)        0.2262746     -20     7    1.6467666e-07
2629 bs_selcoff_gp:3(3,1,1,4)        0.90089819     -20     7    -1.561141e-07
2630 bs_selcoff_gp:3(3,1,1,5)        0.23566686     -20     7    -1.0181328e-09
2631 bs_selcoff_gp:4(4,1,1,1)        -14.978599     -20     7    2.4534833e-06
2632 bs_selcoff_gp:4(4,1,1,2)        -3.9671496     -20     7    1.2180991e-06
2633 bs_selcoff_gp:4(4,1,1,3)        -0.066968035     -20     7    7.8604624e-09
2634 bs_selcoff_gp:4(4,1,1,4)        1.0856951     -20     7    2.4444774e-07
2635 bs_selcoff_gp:4(4,1,1,5)        0.080980748     -20     7    -4.341216e-07
2636 bs_selcoff_gp:5(5,1,1,1)        -11.549251     -20     7    -3.9324622e-06
2637 bs_selcoff_gp:5(5,1,1,2)        -3.6845949     -20     7    5.3603214e-07
2638 bs_selcoff_gp:5(5,1,1,3)        0.051172706     -20     7    2.9738056e-07
2639 bs_selcoff_gp:5(5,1,1,4)        1.0061875     -20     7    -5.9409284e-08
2640 bs_selcoff_gp:5(5,1,1,5)        0.17161823     -20     7    -1.2587299e-07
2641 bs_selcoff_gp:6(6,1,1,1)        -7.1720672     -20     7    -3.6189979e-07
2642 bs_selcoff_gp:6(6,1,1,2)        -2.5401797     -20     7    2.6962499e-08
2643 bs_selcoff_gp:6(6,1,1,3)        0.21603966     -20     7    5.3854145e-08
2644 bs_selcoff_gp:6(6,1,1,4)        0.71522443     -20     7    1.4022699e-06
2645 bs_selcoff_gp:6(6,1,1,5)        0.49138765     -20     7    -1.6602466e-06
2646 bs_selcoff_gp:7(7,1,1,1)        -4.9974707     -20     7    1.3692407e-06
2647 bs_selcoff_gp:7(7,1,1,2)        -2.5668484     -20     7    2.2157552e-07
2648 bs_selcoff_gp:7(7,1,1,3)        -0.017814042     -20     7    2.8574698e-06
2649 bs_selcoff_gp:7(7,1,1,4)        0.95845594     -20     7    -1.8515038e-06
2650 bs_selcoff_gp:7(7,1,1,5)        0.28251182     -20     7    1.4357972e-06
2651 bs_selcoff_gp:8(8,1,1,1)        -13.074945     -20     7    -1.9555646e-06
2652 bs_selcoff_gp:8(8,1,1,2)        -5.5269307     -20     7    1.6090204e-06
2653 bs_selcoff_gp:8(8,1,1,3)        -1.3928706     -20     7    9.9825125e-08
2654 bs_selcoff_gp:8(8,1,1,4)        1.185141     -20     7    1.886484e-07
2655 bs_selcoff_gp:8(8,1,1,5)        0.38968136     -20     7    -4.3895007e-07
2656 bs_selcoff_gp:9(9,1,1,1)        -14.20709     -20     7    -6.4634547e-07
2657 bs_selcoff_gp:9(9,1,1,2)        -7.259543     -20     7    2.7409001e-07
2658 bs_selcoff_gp:9(9,1,1,3)        -2.5829146     -20     7    -8.2261484e-07
2659 bs_selcoff_gp:9(9,1,1,4)        0.62768713     -20     7    3.8645033e-07
2660 bs_selcoff_gp:9(9,1,1,5)        1.1152955     -20     7    -2.3389123e-07
2661 bs_selcoff_gp:10(10,1,1,1)        -7.9918415     -20     7    6.8895596e-08
2662 bs_selcoff_gp:10(10,1,1,2)        -1.5567159     -20     7    3.3607366e-07
2663 bs_selcoff_gp:10(10,1,1,3)        0.15936107     -20     7    -1.6445138e-08
2664 bs_selcoff_gp:10(10,1,1,4)        0.75146733     -20     7    3.0455075e-07
2665 bs_selcoff_gp:10(10,1,1,5)        0.40277119     -20     7    -3.6652106e-07
2666 bs_selcoff_gp:11(11,1,1,1)        -19.999999     -20     7    2.2709823e-08   *************
2667 bs_selcoff_gp:11(11,1,1,2)        -9.6436719     -20     7    -1.1481504e-06
2668 bs_selcoff_gp:11(11,1,1,3)        -0.56807896     -20     7    2.7626051e-06
2669 bs_selcoff_gp:11(11,1,1,4)        1.2792314     -20     7    1.3639104e-07
2670 bs_selcoff_gp:11(11,1,1,5)        -0.17489624     -20     7    -2.1825686e-06
2671 bs_selcoff_gp:12(12,1,1,1)        -8.1306067     -20     7    -9.4884484e-07
2672 bs_selcoff_gp:12(12,1,1,2)        -5.3312665     -20     7    -5.3085664e-07
2673 bs_selcoff_gp:12(12,1,1,3)        -0.1781755     -20     7    6.5679504e-08
2674 bs_selcoff_gp:12(12,1,1,4)        1.048652     -20     7    4.3104293e-08
2675 bs_selcoff_gp:12(12,1,1,5)        0.26564387     -20     7    -2.3368102e-07
2676 bs_selcoff_gp:13(13,1,1,1)        -2.5676317     -20     7    3.359832e-07
2677 bs_selcoff_gp:13(13,1,1,2)        1.4903774     -20     7    8.7182414e-08
2678 bs_selcoff_gp:13(13,1,1,3)        -0.76325664     -20     7    -1.4591902e-07
2679 bs_selcoff_gp:13(13,1,1,4)        -3.9411532     -20     7    -7.1589944e-07
2680 bs_selcoff_gp:13(13,1,1,5)        -20     -20     7    1.4051699e-06   *************
2681 bs_selcoff_gp:14(14,1,1,1)        -1.9747587     -20     7    1.1650912e-07
2682 bs_selcoff_gp:14(14,1,1,2)        1.4836014     -20     7    4.2156173e-08
2683 bs_selcoff_gp:14(14,1,1,3)        -1.0920106     -20     7    5.2331043e-08
2684 bs_selcoff_gp:14(14,1,1,4)        -2.1558076     -20     7    -2.6995429e-07
2685 bs_selcoff_gp:14(14,1,1,5)        -6.8498379     -20     7    1.0062679e-06
2686 bs_selcoff_gp:15(15,1,1,1)        -2.7400687     -20     7    -1.5400815e-06
2687 bs_selcoff_gp:15(15,1,1,2)        1.4231293     -20     7    6.6545705e-07
2688 bs_selcoff_gp:15(15,1,1,3)        -0.34242925     -20     7    -1.2383891e-06
2689 bs_selcoff_gp:15(15,1,1,4)        -2.5631028     -20     7    5.3335951e-07
2690 bs_selcoff_gp:15(15,1,1,5)        -20     -20     7    -1.7908554e-06   *************
2691 bs_selcoff_gp:16(16,1,1,1)        -3.2863344     -20     7    -5.3823827e-07
2692 bs_selcoff_gp:16(16,1,1,2)        1.1190019     -20     7    -2.7577865e-07
2693 bs_selcoff_gp:16(16,1,1,3)        0.35358079     -20     7    -8.5160697e-08
2694 bs_selcoff_gp:16(16,1,1,4)        -0.76051898     -20     7    1.8010746e-06
2695 bs_selcoff_gp:16(16,1,1,5)        -4.6852173     -20     7    -8.612915e-07
2696 bs_selcoff_gp:17(17,1,1,1)        -0.74567204     -20     7    7.4329036e-07
2697 bs_selcoff_gp:17(17,1,1,2)        0.98457459     -20     7    -7.906128e-08
2698 bs_selcoff_gp:17(17,1,1,3)        0.52717619     -20     7    -4.3043288e-08
2699 bs_selcoff_gp:17(17,1,1,4)        -1.9096129     -20     7    -4.7583437e-07
2700 bs_selcoff_gp:17(17,1,1,5)        -5.0158262     -20     7    -1.788652e-06
2701 bs_selcoff_gp:18(18,1,1,1)        -3.8151896     -20     7    1.2939599e-06
2702 bs_selcoff_gp:18(18,1,1,2)        1.168692     -20     7    1.8216365e-06
2703 bs_selcoff_gp:18(18,1,1,3)        -0.4203979     -20     7    -1.8601507e-06
2704 bs_selcoff_gp:18(18,1,1,4)        0.082491567     -20     7    -3.8956574e-06
2705 bs_selcoff_gp:18(18,1,1,5)        -4.0507177     -20     7    -9.0495979e-07
2706 bs_selcoff_gp:19(19,1,1,1)        0.099807016     -20     7    -8.3844031e-07
2707 bs_selcoff_gp:19(19,1,1,2)        0.96055567     -20     7    -8.7007309e-07
2708 bs_selcoff_gp:19(19,1,1,3)        -0.11757298     -20     7    1.2015375e-06
2709 bs_selcoff_gp:19(19,1,1,4)        -0.93770576     -20     7    5.8580603e-08
2710 bs_selcoff_gp:19(19,1,1,5)        -6.6504227     -20     7    1.1206623e-07
2711 bs_selcoff_gp:20(20,1,1,1)        -2.4032132     -20     7    -8.7563986e-07
2712 bs_selcoff_gp:20(20,1,1,2)        -1.0819253     -20     7    -1.882285e-06
2713 bs_selcoff_gp:20(20,1,1,3)        -0.72561076     -20     7    1.6950303e-06
2714 bs_selcoff_gp:20(20,1,1,4)        -0.47615297     -20     7    -2.7335853e-06
2715 bs_selcoff_gp:20(20,1,1,5)        1.2428376     -20     7    3.6822758e-07
2716 bs_selcoff_gp:21(21,1,1,1)        -3.8183107     -20     7    -5.7738384e-08
2717 bs_selcoff_gp:21(21,1,1,2)        1.4286077     -20     7    1.6464638e-07
2718 bs_selcoff_gp:21(21,1,1,3)        -0.28612432     -20     7    -1.1167183e-06
2719 bs_selcoff_gp:21(21,1,1,4)        -2.9197941     -20     7    7.9582742e-08
2720 bs_selcoff_gp:21(21,1,1,5)        -10.238535     -20     7    -2.374547e-07
2721 bs_selcoff_gp:22(22,1,1,1)        -4.6177405     -20     7    8.7282515e-07
2722 bs_selcoff_gp:22(22,1,1,2)        1.003354     -20     7    -1.1785636e-07
2723 bs_selcoff_gp:22(22,1,1,3)        0.6252399     -20     7    2.038522e-08
2724 bs_selcoff_gp:22(22,1,1,4)        -0.93371746     -20     7    1.0965875e-06
2725 bs_selcoff_gp:22(22,1,1,5)        -6.9837026     -20     7    -2.4426566e-07
2726 bs_selcoff_gp:23(23,1,1,1)        -5.6460339     -20     7    5.5000425e-06
2727 bs_selcoff_gp:23(23,1,1,2)        0.51364964     -20     7    -9.9336322e-08
2728 bs_selcoff_gp:23(23,1,1,3)        1.2000088     -20     7    -3.4915017e-08
2729 bs_selcoff_gp:23(23,1,1,4)        -5.3020472     -20     7    1.5975029e-06
2730 bs_selcoff_gp:23(23,1,1,5)        -19.999997     -20     7    9.0121095e-09   *************
2731 bs_selcoff_gp:24(24,1,1,1)        -11.331197     -20     7    -2.6416563e-07
2732 bs_selcoff_gp:24(24,1,1,2)        -1.7158844     -20     7    7.2459107e-08
2733 bs_selcoff_gp:24(24,1,1,3)        1.4267231     -20     7    3.8640943e-07
2734 bs_selcoff_gp:24(24,1,1,4)        -0.42292904     -20     7    -1.3587149e-06
2735 bs_selcoff_gp:24(24,1,1,5)        -10.422405     -20     7    2.8375114e-07
2736 bs_selcoff_gp:25(25,1,1,1)        -2.4370781     -20     7    -3.757083e-07
2737 bs_selcoff_gp:25(25,1,1,2)        1.048805     -20     7    -1.2018702e-06
2738 bs_selcoff_gp:25(25,1,1,3)        0.72107589     -20     7    1.4803729e-06
2739 bs_selcoff_gp:25(25,1,1,4)        -6.3763192     -20     7    -4.4081293e-06
2740 bs_selcoff_gp:25(25,1,1,5)        -19.98612     -20     7    3.6012248e-07   *************
2741 bs_selcoff_gp:26(26,1,1,1)        -1.3678741     -20     7    -1.6330288e-07
2742 bs_selcoff_gp:26(26,1,1,2)        1.3216724     -20     7    -4.5543607e-09
2743 bs_selcoff_gp:26(26,1,1,3)        -0.30880461     -20     7    -9.8865412e-07
2744 bs_selcoff_gp:26(26,1,1,4)        -1.3457595     -20     7    -2.1529872e-06
2745 bs_selcoff_gp:26(26,1,1,5)        -6.9091632     -20     7    1.2282134e-07
2746 bs_selcoff_gp:27(27,1,1,1)        -2.5304041     -20     7    1.0217747e-07
2747 bs_selcoff_gp:27(27,1,1,2)        1.2607015     -20     7    3.0476558e-09
2748 bs_selcoff_gp:27(27,1,1,3)        0.28398655     -20     7    2.5561349e-07
2749 bs_selcoff_gp:27(27,1,1,4)        -2.7606952     -20     7    1.8754283e-07
2750 bs_selcoff_gp:27(27,1,1,5)        -7.1123897     -20     7    5.5447319e-07
2751 bs_selcoff_gp:28(28,1,1,1)        -4.6518491     -20     7    -3.4040564e-07
2752 bs_selcoff_gp:28(28,1,1,2)        1.5563667     -20     7    -8.5541288e-08
2753 bs_selcoff_gp:28(28,1,1,3)        -3.1230899     -20     7    -7.7714663e-07
2754 bs_selcoff_gp:28(28,1,1,4)        -1.5813672     -20     7    8.5556947e-07
2755 bs_selcoff_gp:28(28,1,1,5)        -20     -20     7    -2.1467771e-08   *************
2756 bs_selcoff_gp:29(29,1,1,1)        -20     -20     7    1.1770449e-06   *************
2757 bs_selcoff_gp:29(29,1,1,2)        -7.5699701     -20     7    1.2779403e-06
2758 bs_selcoff_gp:29(29,1,1,3)        -0.49293472     -20     7    1.6988508e-07
2759 bs_selcoff_gp:29(29,1,1,4)        1.0354175     -20     7    1.4617243e-07
2760 bs_selcoff_gp:29(29,1,1,5)        0.4526478     -20     7    -2.6750156e-07
2761 recr(2)        0.85925201     -20     20    1.1574879e-06
2762 recr(3)        0.92962916     -20     20    1.8578982e-07
2763 recr(4)        0.85351349     -20     20    -2.0978107e-07
2764 recr(5)        0.82369829     -20     20    -3.5317745e-07
2765 recr(6)        -1.881441     -20     20    3.797636e-07
2766 recr(7)        2.1616033     -20     20    5.5148505e-07
2767 recr(8)        -1.3954464     -20     20    4.3522533e-07
2768 recr(9)        -0.80133887     -20     20    -1.2792133e-07
2769 recr(10)        -0.94665752     -20     20    1.3339807e-06
2770 recr(11)        2.4621539     -20     20    -7.425276e-08
2771 recr(12)        -1.5181048     -20     20    -5.5300067e-07
2772 recr(13)        0.53615441     -20     20    8.2443206e-07
2773 recr(14)        2.0395728     -20     20    -6.6682758e-08
2774 recr(15)        -1.3803944     -20     20    -2.6333187e-07
2775 recr(16)        -2.0205213     -20     20    -6.236768e-07
2776 recr(17)        -0.0060352165     -20     20    -1.2995279e-07
2777 recr(18)        1.8119716     -20     20    1.0968605e-08
2778 recr(19)        -2.3021226     -20     20    -4.2442783e-07
2779 recr(20)        -2.2158435     -20     20    -1.6091705e-06
2780 recr(21)        0.7568806     -20     20    1.5176746e-06
2781 recr(22)        1.1398468     -20     20    7.851126e-07
2782 recr(23)        -1.2806039     -20     20    1.0469378e-07
2783 recr(24)        -2.650394     -20     20    -1.0471642e-06
2784 recr(25)        1.2768895     -20     20    -4.7587307e-07
2785 recr(26)        -1.5311929     -20     20    -5.4313205e-07
2786 recr(27)        2.0497981     -20     20    9.0001667e-07
2787 recr(28)        -2.1178116     -20     20    1.5326027e-06
2788 recr(29)        1.3803899     -20     20    -9.3782975e-07
2789 recr(30)        -1.5819162     -20     20    1.0642156e-06
2790 recr(31)        -1.9211555     -20     20    -1.9755068e-07
2791 recr(32)        -2.1053671     -20     20    -3.7647914e-07
2792 recr(33)        0.34536114     -20     20    1.4540346e-06
2793 recr(34)        1.4878412     -20     20    4.9549662e-08
2794 recr(35)        -2.8679625     -20     20    2.8700704e-07
2795 recr(36)        -0.036687972     -20     20    -1.8162079e-06
2796 recr(37)        1.4516972     -20     20    7.5128708e-07
2797 recr(38)        -0.75550291     -20     20    -4.6320015e-08
2798 recr(39)        -3.2388687     -20     20    3.1261199e-07
2799 recr(40)        -1.7530442     -20     20    -8.8075349e-07
2800 recr(41)        1.2390545     -20     20    -5.242727e-07
2801 recr(42)        0.7391528     -20     20    1.5417704e-06
2802 recr(43)        -2.8168437     -20     20    1.3331617e-07
2803 recr(44)        0.25260135     -20     20    2.9223372e-06
2804 recr(45)        1.3169685     -20     20    5.2204386e-08
2805 recr(46)        -2.0988742     -20     20    3.7420678e-07
2806 recr(47)        -2.3483574     -20     20    -2.4085825e-07
2807 recr(48)        0.16095798     -20     20    7.9440423e-07
2808 recr(49)        1.5590681     -20     20    3.4794298e-07
2809 recr(50)        -3.1226517     -20     20    -2.4426372e-08
2810 recr(51)        -0.67518132     -20     20    3.0460032e-06
2811 recr(52)        -1.6642877     -20     20    -1.4138833e-06
2812 recr(53)        1.4661295     -20     20    3.2459795e-08
2813 recr(54)        -1.4970002     -20     20    -4.7082836e-07
2814 recr(55)        -1.5440017     -20     20    -1.6126529e-07
2815 recr(56)        -0.25591789     -20     20    -9.6247018e-07
2816 recr(57)        0.28661199     -20     20    9.7577806e-07
2817 recr(58)        1.0874214     -20     20    1.9888592e-07
2818 recr(59)        -1.529174     -20     20    -2.0001e-08
2819 recr(60)        0.94205321     -20     20    2.5434876e-06
2820 recr(61)        1.3375043     -20     20    -1.7848227e-06
2821 recr(62)        -2.528234     -20     20    -8.1780802e-07
2822 recr(63)        -1.9105534     -20     20    -6.358758e-07
2823 recr(64)        -1.2610515     -20     20    -1.1689483e-06
2824 recr(65)        1.2704488     -20     20    -4.860274e-08
2825 recr(66)        -2.6329108     -20     20    -5.1101416e-07
2826 recr(67)        -1.7001634     -20     20    -1.4377071e-06
2827 recr(68)        0.14520026     -20     20    -1.62017e-06
2828 recr(69)        0.92495286     -20     20    2.5064492e-06
2829 recr(70)        0.48398336     -20     20    -2.2852728e-06
2830 recr(71)        -1.7407346     -20     20    -1.5672135e-06
2831 recr(72)        0.52536496     -20     20    -2.3810715e-07
2832 recr(73)        1.3068279     -20     20    1.3056464e-07
2833 recr(74)        -0.16837822     -20     20    4.160818e-06
2834 recr(75)        -3.2797241     -20     20    -1.3423223e-06
2835 recr(76)        -1.4768678     -20     20    5.6779863e-07
2836 recr(77)        0.38530193     -20     20    -6.5164767e-07
2837 recr(78)        -1.1730253     -20     20    -6.6483135e-07
2838 recr(79)        -2.2989191     -20     20    -2.6919132e-07
2839 recr(80)        1.1970631     -20     20    4.1227518e-07
2840 recr(81)        -0.0048541158     -20     20    -1.4792108e-06
2841 recr(82)        -0.37865448     -20     20    -1.0414677e-06
2842 recr(83)        0.050643016     -20     20    7.1726674e-07
2843 recr(84)        0.69534026     -20     20    2.1814497e-06
2844 recr(85)        0.82255298     -20     20    -8.032591e-07
2845 recr(86)        -2.5245868     -20     20    7.3720363e-08
2846 recr(87)        0.65205203     -20     20    -1.9753477e-07
2847 recr(88)        0.9284522     -20     20    1.1669399e-06
2848 recr(89)        0.28139716     -20     20    -2.0921373e-06
2849 recr(90)        -2.7287178     -20     20    5.4797754e-07
2850 recr(91)        -0.58088479     -20     20    1.2975526e-06
2851 recr(92)        -0.088755188     -20     20    1.6102086e-07
2852 recr(93)        0.7319455     -20     20    1.6220294e-06
2853 recr(94)        1.7501603     -20     20    3.2688358e-07
2854 recr(95)        0.46038966     -20     20    -1.9007709e-06
2855 recr(96)        -1.3961364     -20     20    -1.23247e-06
2856 recr(97)        0.014923565     -20     20    1.1307574e-06
2857 recr(98)        -1.5743389     -20     20    1.1656848e-06
2858 recr(99)        -0.44849412     -20     20    2.1631445e-06
2859 recr(100)        1.1095149     -20     20    -5.8133581e-07
2860 recr(101)        0.49950785     -20     20    8.9687562e-07
2861 recr(102)        -3.2347801     -20     20    1.7998902e-07
2862 recr(103)        -1.1831463     -20     20    -1.412821e-06
2863 recr(104)        1.7702963     -20     20    1.3396562e-07
2864 recr(105)        -2.1176085     -20     20    -1.9150819e-08
2865 recr(106)        -3.9932406     -20     20    -3.8831007e-07
2866 recr(107)        -2.8131638     -20     20    -4.8335292e-07
2867 recr(108)        0.19697216     -20     20    2.5966563e-06
2868 recr(109)        0.48934824     -20     20    -2.278646e-06
2869 recr(110)        -2.7409011     -20     20    -7.3906759e-07
2870 recr(111)        -0.72930797     -20     20    1.7172208e-06
2871 recr(112)        0.44351994     -20     20    -1.4937487e-06
2872 recr(113)        1.1156069     -20     20    1.3206389e-06
2873 recr(114)        -0.7481343     -20     20    -5.0221262e-07
2874 recr(115)        -0.98628369     -20     20    2.9943647e-07
2875 recr(116)        0.6653772     -20     20    -1.2818086e-06
2876 recr(117)        0.81244748     -20     20    1.294513e-06
2877 recr(118)        -1.9770498     -20     20    1.2342613e-06
2878 recr(119)        0.077737433     -20     20    4.9436278e-07
2879 recr(120)        0.84263328     -20     20    -1.6336448e-06
2880 recr(121)        1.0746834     -20     20    3.8766841e-06
2881 recr(122)        0.4540826     -20     20    -3.7515586e-06
2882 recr(123)        -1.3744817     -20     20    -6.007729e-07
2883 recr(124)        0.85405483     -20     20    8.2656686e-08
2884 recr(125)        -0.15185439     -20     20    -7.6220381e-07
2885 recr(126)        0.76827746     -20     20    1.0358104e-06
2886 recr(127)        -0.56424699     -20     20    -8.3501493e-07
2887 recr(128)        0.68142561     -20     20    -3.1597247e-07
2888 recr(129)        0.14779803     -20     20    -3.6293094e-07
2889 recr(130)        -0.78101503     -20     20    1.6387739e-06
2890 recr(131)        -1.130622     -20     20    1.0207845e-06
2891 recr(132)        1.035307     -20     20    6.209032e-07
2892 recr(133)        1.1114718     -20     20    -6.6881756e-07
2893 recr(134)        -0.48336123     -20     20    -6.9542531e-08
2894 recr(135)        0.21085975     -20     20    1.6833433e-06
2895 recr(136)        1.0257166     -20     20    1.9151463e-07
2896 recr(137)        -0.91814124     -20     20    -1.9125272e-06
2897 recr(138)        -0.55661717     -20     20    -1.0117714e-06
2898 recr(139)        -1.6286713     -20     20    -5.2110652e-07
2899 recr(140)        1.1998308     -20     20    3.7814954e-08
2900 recr(141)        0.40147092     -20     20    6.7184935e-08
2901 recr(142)        -1.7898661     -20     20    -3.5721122e-07
2902 recr(143)        -1.052316     -20     20    8.7952394e-07
2903 recr(144)        1.3969079     -20     20    4.3196416e-07
2904 recr(145)        1.5535271     -20     20    8.9525965e-08
2905 recr(146)        -0.76257274     -20     20    -6.4454758e-07
2906 recr(147)        -0.54416269     -20     20    -2.2515297e-06
2907 recr(148)        1.2017503     -20     20    5.6848385e-08
2908 recr(149)        -0.30027442     -20     20    -5.8033468e-08
2909 recr(150)        -1.2455456     -20     20    3.1102405e-07
2910 recr(151)        0.7514237     -20     20    1.0661371e-06
2911 recr(152)        0.58029983     -20     20    -1.8037198e-06
2912 recr(153)        0.8941912     -20     20    3.2188465e-07
2913 recr(154)        -0.029852767     -20     20    6.1155394e-07
2914 recr(155)        0.19784313     -20     20    -2.0023222e-07
2915 recr(156)        0.95975707     -20     20    2.2673807e-07
2916 recr(157)        0.21657923     -20     20    -9.6194413e-08
2917 recr(158)        -1.3619714     -20     20    7.5995993e-07
2918 recr(159)        -0.81903396     -20     20    -1.9223977e-06
2919 recr(160)        1.2304691     -20     20    -2.3345583e-07
2920 recr(161)        0.75094487     -20     20    1.1104446e-06
2921 recr(162)        -0.51705493     -20     20    -3.612992e-06
2922 recr(163)        0.7261672     -20     20    1.356862e-06
2923 recr(164)        1.003726     -20     20    -6.097637e-07
2924 recr(165)        -0.49303524     -20     20    -4.5830974e-07
2925 recr(166)        -0.78154169     -20     20    -1.7992683e-06
2926 recr(167)        0.49204345     -20     20    -1.9337801e-07
2927 recr(168)        0.59664095     -20     20    -5.7701616e-07
2928 recr(169)        0.36584824     -20     20    -1.2024597e-06
2929 recr(170)        0.012354565     -20     20    -2.1593797e-07
2930 recr(171)        0.74144447     -20     20    -4.0929737e-07
2931 recr(172)        0.79400974     -20     20    -5.6718902e-07
2932 recr(173)        1.4651401     -20     20    -8.5708868e-07
2933 recr(174)        -1.4495402     -20     20    -1.0553122e-06
2934 recr(175)        -0.80692748     -20     20    -8.2966471e-07
2935 recr(176)        0.49706882     -20     20    -8.2913477e-07
2936 recr(177)        0.99606993     -20     20    2.5279227e-07
2937 recr(178)        0.86564375     -20     20    -3.7889001e-08
2938 recr(179)        0.18764522     -20     20    1.1722018e-06
2939 recr(180)        0.67349412     -20     20    -6.0506263e-07
2940 recr(181)        0.51434523     -20     20    -3.3212051e-07
2941 recr(182)        -0.67616929     -20     20    1.8663407e-06
2942 recr(183)        -0.21716908     -20     20    6.5057364e-07
2943 recr(184)        0.44809638     -20     20    2.0693378e-07
2944 recr(185)        1.0663174     -20     20    -5.2966566e-07
2945 recr(186)        0.83994126     -20     20    7.1629809e-07
2946 recr(187)        0.61931812     -20     20    1.7094708e-07
2947 recr(188)        0.25765549     -20     20    3.5891941e-07
2948 recr(189)        -0.36568373     -20     20    -1.4008351e-06
2949 recr(190)        -0.043607336     -20     20    8.8033236e-07
2950 recr(191)        0.59059212     -20     20    8.4051852e-08
2951 recr(192)        0.73107459     -20     20    -1.9577685e-07
2952 recr(193)        1.0589819     -20     20    -2.7091456e-07
2953 recr(194)        0.75930988     -20     20    1.7543945e-06
2954 recr(195)        0.64474222     -20     20    -9.8291678e-07
2955 recr(196)        1.2196432     -20     20    8.37683e-07
2956 recr(197)        -0.13146291     -20     20    4.7630278e-07
2957 recr(198)        0.073766066     -20     20    7.7460764e-07
2958 recr(199)        0.54837153     -20     20    1.0141839e-06
2959 recr(200)        0.98664024     -20     20    3.5625218e-06
2960 recr(201)        0.44638011     -20     20    3.0290442e-06
2961 recr(202)        0.35117059     -20     20    1.887456e-06
2962 recr(203)        1.0269167     -20     20    4.6266671e-06
2963 recr(204)        0.83837188     -20     20    4.8631036e-06
2964 recr(205)        -1.1838807     -20     20    4.6590584e-07
2965 recr(206)        -0.29526365     -20     20    9.9801866e-06
2966 recr(207)        -0.32102155     -20     20    2.4441794e-06
2967 recr(208)        1.3663513     -20     20    1.3649593e-06
2968 recr(209)        0.79424191     -20     20    2.5256895e-07
2969 recr(210)        1.2069226     -20     20    -4.0791743e-07
2970 recr(211)        0.96398232     -20     20    -7.4115018e-07
2971 recr(212)        0.54473261     -20     20    4.6400543e-07
2972 recr(213)        -0.47414913     -20     20    -9.5639865e-08
2973 recr(214)        0.07751864     -20     20    -7.049554e-07
2974 recr(215)        0.016975194     -20     20    6.7489946e-08
2975 recr(216)        0.9888079     -20     20    -5.6340069e-07
2976 recr(217)        0.64360516     -20     20    -7.1783221e-07
2977 recr(218)        0.61071528     -20     20    -2.9527941e-07
2978 recr(219)        0.14301746     -20     20    -9.296276e-07
2979 recr(220)        0.39030658     -20     20    1.9997727e-06
2980 recr(221)        0.46564207     -20     20    -2.3884227e-06
2981 recr(222)        0.59724837     -20     20    -2.0182144e-06
2982 recr(223)        0.67019099     -20     20    -9.5525347e-07
2983 recr(224)        0.7358438     -20     20    -3.6546708e-09
2984 recr(225)        -0.13136693     -20     20    -1.8480241e-06
2985 recr(226)        0.12969564     -20     20    -7.9859578e-07
2986 recr(227)        0.38544386     -20     20    -1.1310727e-06
2987 recr(228)        0.87718011     -20     20    -1.7513944e-06
2988 recr(229)        0.90401883     -20     20    -1.4924394e-07
2989 recr(230)        0.64858386     -20     20    -1.5517971e-06
2990 recr(231)        0.37909442     -20     20    -9.5243071e-07
2991 recr(232)        0.5291746     -20     20    -6.8063027e-07
2992 recr(233)        0.037338018     -20     20    -3.7089472e-07
2993 recr(234)        0.18305133     -20     20    -7.5912667e-07
2994 recr(235)        0.48313221     -20     20    -7.0641457e-08
2995 recr(236)        0.46001031     -20     20    -1.2742512e-06
2996 recr(237)        0.076481486     -20     20    1.0224109e-06
2997 recr(238)        0.054469532     -20     20    1.6868428e-07
2998 recr(239)        0.55585625     -20     20    2.177212e-07
2999 recr(240)        0.83840498     -20     20    3.294826e-07
3000 recr(241)        0.85758235     -20     20    -4.4136822e-07
3001 recr(242)        0.90526746     -20     20    -4.6034577e-07
3002 recr(243)        0.6300704     -20     20    4.0190938e-07
3003 recr(244)        0.71420782     -20     20    -6.7043045e-08
3004 recr(245)        0.39836489     -20     20    -5.5392457e-07
3005 recr(246)        0.61110657     -20     20    -1.1468508e-08
3006 recr(247)        0.82641241     -20     20    -5.9024432e-08
3007 recr(248)        0.84048715     -20     20    2.5832054e-07
3008 recr(249)        0.099208111     -20     20    -6.9830396e-07
3009 recr(250)        0.053071907     -20     20    4.3124595e-08
3010 recr(251)        0.19590375     -20     20    5.0298003e-09
3011 recr(252)        0.36770029     -20     20    -2.3911416e-07
3012 recr(253)        0.65031953     -20     20    -3.0340149e-08
3013 recr(254)        0.30185449     -20     20    -3.1601303e-08
3014 recr(255)        0.59618164     -20     20    -4.389111e-07
3015 recr(256)        0.78224815     -20     20    -8.05744e-08
3016 recr(257)        0.63571092     -20     20    1.2641097e-07
3017 recr(258)        0.30515078     -20     20    1.9528727e-07
3018 recr(259)        0.6250293     -20     20    -1.1493728e-07
3019 recr(260)        0.76088151     -20     20    4.4437701e-07
3020 recr(261)        0.1063779     -20     20    -3.9425627e-07
3021 recr(262)        0.46920865     -20     20    -1.305136e-07
3022 recr(263)        0.71935567     -20     20    -5.1032851e-07
3023 recr(264)        0.50425942     -20     20    7.1068424e-07
3024 recr(265)        0.30572654     -20     20    -4.5043437e-07
3025 recr(266)        0.055736734     -20     20    2.311203e-07
3026 recr(267)        0.27557018     -20     20    -9.1539657e-07
3027 recr(268)        0.69058804     -20     20    -1.8203932e-06
3028 recr(269)        0.4212081     -20     20    -2.8152035e-07
3029 recr(270)        -0.3431401     -20     20    -1.7237686e-06
3030 recr(271)        0.19972857     -20     20    -2.4780886e-06
3031 recr(272)        0.033514106     -20     20    -2.917826e-06
3032 recr(273)        0.21077096     -20     20    -1.6114767e-06
3033 recr(274)        1.5571461     -20     20    -2.4453002e-07
3034 totpop        16.659921     8     25    2.3749663e-06
3035 tag_fish_rep(1)        0.13142081     0.001     0.99    8.0641513e-07
3036 tag_fish_rep(3)        0.99     0.001     0.99    1.4090182e-10   *************
3037 tag_fish_rep(4)        0.54441618     0.001     0.99    -3.976132e-07
3038 tag_fish_rep(5)        0.64955521     0.001     0.99    -1.6308032e-06
3039 tag_fish_rep(6)        0.43162756     0.001     0.99    -3.7391183e-07
3040 tag_fish_rep(11)        0.62003794     0.001     0.99    -1.0043231e-06
3041 tag_fish_rep(12)        0.5989729     0.001     0.99    -3.7982609e-09
3042 tag_fish_rep(13)        0.51931293     0.001     0.99    3.6142764e-06
3043 tag_fish_rep(17)        0.74927085     0.001     0.99    -2.9030058e-06
3044 tag_fish_rep(18)        0.68451131     0.001     0.99    -3.3182365e-06
3045 tag_fish_rep(19)        0.98999999     0.001     0.99    -2.2633689e-09   *************
3046 tag_fish_rep(24)        0.82136889     0.001     0.99    -1.4964129e-06
3047 tag_fish_rep(25)        0.25948657     0.001     0.99    2.5091169e-06
3048 tag_fish_rep(28)        0.349542     0.001     0.99    -3.5131547e-07
3049 tag_fish_rep(32)        0.13205892     0.001     0.99    -9.7311805e-10
3050 tag_fish_rep(34)        0.84920079     0.001     0.99    -1.8208292e-06
3051 tag_fish_rep(35)        0.98999997     0.001     0.99    -6.9632969e-09   *************
3052 region_pars(1)        0.19555124     1e-06     1.5    -7.3579968e-07
3053 region_pars(1)        0.080207213     1e-06     1.5    8.3551351e-07
3054 region_pars(1)        0.095886179     1e-06     1.5    -1.4339069e-06
3055 region_pars(1)        0.080460747     1e-06     1.5    -5.8406238e-07
3056 region_pars(1)        0.018801076     1e-06     1.5    -2.0640939e-06
3057 region_pars(1)        0.11591093     1e-06     1.5    -1.1867997e-06
3058 region_pars(1)        0.35302085     1e-06     1.5    2.7711199e-06
3059 region_pars(1)        0.058318994     1e-06     1.5    -7.7086385e-07
3060 region_pars(1)        0.0018433417     1e-06     1.5    -9.9490952e-07
3061 sv(21)        0.048292918     1e-06     1000    -1.5630459e-08
3062 age_pars(5)        -2.5458847     -20     2    -6.5221682e-06
3063 var_coff(1)        5.7927077     1     10    6.6364178e-08
3064 var_coff(2)        0.42901493     0.1     3    -7.7400474e-08
