 Index  Var_name   Estimate L_bound  U_bound gradient
1 diff_coffs(1,1)        0.013382975     0     4    -3.1844261e-05
2 diff_coffs(1,2)        2.0666557e-10     0     4    9.3572096e-05   *************
3 diff_coffs(1,3)        7.1531499e-09     0     4    1.5369124e-07   *************
4 diff_coffs(1,4)        0.0097569971     0     4    -4.234241e-05
5 diff_coffs(1,5)        1.0722099e-09     0     4    9.2729664e-07   *************
6 diff_coffs(1,6)        0.047492061     0     4    -0.00023665552
7 diff_coffs(1,7)        0.1822539     0     4    -4.8161213e-05
8 diff_coffs(1,8)        0.57742718     0     4    -5.0767345e-05
9 diff_coffs(2,1)        0.079426257     0     4    9.0413762e-05
10 diff_coffs(2,2)        0.0064547452     0     4    -0.00024973786
11 diff_coffs(2,3)        3.7657932e-09     0     4    2.3564978e-07   *************
12 diff_coffs(2,4)        8.1979135e-10     0     4    1.9168126e-06   *************
13 diff_coffs(2,5)        3.3051768e-09     0     4    2.2340151e-07   *************
14 diff_coffs(2,6)        2.9706062e-09     0     4    1.8887994e-05   *************
15 diff_coffs(2,7)        0.0072954882     0     4    -6.230322e-05
16 diff_coffs(2,8)        7.0912032e-10     0     4    1.4383087e-05   *************
17 diff_coffs(3,1)        8.4596721e-09     0     4    3.6668482e-05   *************
18 diff_coffs(3,2)        0.20087146     0     4    0.00019761139
19 diff_coffs(3,3)        1.0880985e-09     0     4    -3.3985085e-06   *************
20 diff_coffs(3,4)        0.0010900006     0     4    3.5667042e-05
21 diff_coffs(3,5)        0.18899489     0     4    -0.00015097906
22 diff_coffs(3,6)        5.986754e-09     0     4    2.8419835e-05   *************
23 diff_coffs(3,7)        6.6070103e-09     0     4    -4.0439526e-06   *************
24 diff_coffs(3,8)        2.3382474e-10     0     4    3.0104435e-05   *************
25 diff_coffs(4,1)        8.70922e-10     0     4    2.0568734e-05   *************
26 diff_coffs(4,2)        1.4901191e-11     0     4    -0.00015686995   *************
27 diff_coffs(4,3)        3.385646e-09     0     4    2.3054745e-05   *************
28 diff_coffs(4,4)        0.40553288     0     4    6.2327085e-05
29 diff_coffs(4,5)        4.6395401e-09     0     4    1.7961723e-07   *************
30 diff_coffs(4,6)        0.0086821759     0     4    -0.00013932936
31 diff_coffs(4,7)        1.868848e-07     0     4    5.274637e-05   *************
32 diff_coffs(4,8)        1.501328e-10     0     4    -8.4120986e-07   *************
33 region_rec_diffs(1,1)        -4.4408921e-16     -3     3    -1.4190419e-15
34 region_rec_diffs(1,2)        0.1613886     -3     3    -0.00015061081
35 region_rec_diffs(1,3)        0.13162107     -3     3    9.209246e-06
36 region_rec_diffs(1,4)        0.15122807     -3     3    -0.0001971873
37 region_rec_diffs(1,5)        0.16288268     -3     3    -7.5870395e-06
38 region_rec_diffs(1,6)        0.051833741     -3     3    4.2148373e-05
39 region_rec_diffs(1,7)        0.052485853     -3     3    1.8180723e-07
40 region_rec_diffs(1,8)        0.27704836     -3     3    -6.4490778e-06
41 region_rec_diffs(1,9)        0.17415488     -3     3    -7.962983e-06
42 region_rec_diffs(1,10)        0.058545865     -3     3    8.4957403e-05
43 region_rec_diffs(1,11)        0.046269979     -3     3    5.4454691e-05
44 region_rec_diffs(1,12)        0.22192377     -3     3    -3.221727e-05
45 region_rec_diffs(1,13)        0.19047118     -3     3    -0.00014420736
46 region_rec_diffs(1,14)        -0.65331859     -3     3    -6.1750005e-05
47 region_rec_diffs(1,15)        -0.076976281     -3     3    -6.5284786e-05
48 region_rec_diffs(1,16)        -0.20333842     -3     3    -9.8960952e-05
49 region_rec_diffs(1,17)        -0.92883274     -3     3    -5.000423e-06
50 region_rec_diffs(1,18)        -0.07681251     -3     3    7.1603e-05
51 region_rec_diffs(1,19)        0.067165657     -3     3    6.3546592e-05
52 region_rec_diffs(1,20)        0.024615506     -3     3    0.00011292947
53 region_rec_diffs(1,21)        -0.5983559     -3     3    5.6322807e-06
54 region_rec_diffs(1,22)        0.044673262     -3     3    1.0004905e-05
55 region_rec_diffs(1,23)        0.10008114     -3     3    -2.7486912e-05
56 region_rec_diffs(1,24)        0.049500171     -3     3    -4.5796027e-06
57 region_rec_diffs(1,25)        0.10760308     -3     3    0.00011390497
58 region_rec_diffs(1,26)        0.2369978     -3     3    2.0654654e-05
59 region_rec_diffs(1,27)        0.046189661     -3     3    -5.5048561e-06
60 region_rec_diffs(1,28)        -0.016330793     -3     3    -0.00022316893
61 region_rec_diffs(1,29)        -1.2742042     -3     3    1.4058143e-05
62 region_rec_diffs(1,30)        -1.0558459     -3     3    -3.8529864e-05
63 region_rec_diffs(1,31)        -0.12174121     -3     3    0.00019170536
64 region_rec_diffs(1,32)        -0.37777535     -3     3    -1.8942595e-05
65 region_rec_diffs(1,33)        -1.1322317     -3     3    -3.675143e-05
66 region_rec_diffs(1,34)        -0.10247094     -3     3    -0.00015558878
67 region_rec_diffs(1,35)        0.060783728     -3     3    1.7575086e-05
68 region_rec_diffs(1,36)        0.051356602     -3     3    2.9631685e-05
69 region_rec_diffs(1,37)        -0.10432393     -3     3    -8.3508673e-05
70 region_rec_diffs(1,38)        -0.56865749     -3     3    -3.997584e-05
71 region_rec_diffs(1,39)        -0.043056897     -3     3    4.5923543e-05
72 region_rec_diffs(1,40)        -0.070018368     -3     3    -8.2965838e-05
73 region_rec_diffs(1,41)        -0.70802601     -3     3    3.0663317e-05
74 region_rec_diffs(1,42)        0.10738776     -3     3    -8.5265231e-05
75 region_rec_diffs(1,43)        -0.026063823     -3     3    2.0149423e-05
76 region_rec_diffs(1,44)        -0.091760787     -3     3    4.3378364e-05
77 region_rec_diffs(1,45)        -0.26536965     -3     3    9.3832727e-05
78 region_rec_diffs(1,46)        0.011985884     -3     3    -0.00023189428
79 region_rec_diffs(1,47)        -0.001434387     -3     3    8.5496765e-05
80 region_rec_diffs(1,48)        -0.615297     -3     3    3.0549861e-05
81 region_rec_diffs(1,49)        -0.53007067     -3     3    -9.9004652e-05
82 region_rec_diffs(1,50)        -0.16340201     -3     3    -0.00014667151
83 region_rec_diffs(1,51)        0.25847409     -3     3    -8.7081939e-06
84 region_rec_diffs(1,52)        -0.11466328     -3     3    0.00022463826
85 region_rec_diffs(1,53)        -0.46831501     -3     3    1.7659587e-05
86 region_rec_diffs(1,54)        -1.030518     -3     3    5.8828597e-05
87 region_rec_diffs(1,55)        -0.095925042     -3     3    0.00011342834
88 region_rec_diffs(1,56)        -0.23762274     -3     3    -0.00022123044
89 region_rec_diffs(1,57)        -1.1267736     -3     3    -4.0935697e-05
90 region_rec_diffs(1,58)        0.18562698     -3     3    2.5148379e-05
91 region_rec_diffs(1,59)        0.075790211     -3     3    -1.2729402e-05
92 region_rec_diffs(1,60)        -1.2034986     -3     3    -4.6965705e-05
93 region_rec_diffs(1,61)        0.16978226     -3     3    -3.9600014e-05
94 region_rec_diffs(1,62)        -0.033460365     -3     3    3.2364393e-05
95 region_rec_diffs(1,63)        0.084855143     -3     3    -2.1246501e-05
96 region_rec_diffs(1,64)        -0.66171914     -3     3    3.6862441e-05
97 region_rec_diffs(1,65)        -0.70798696     -3     3    -3.4823842e-06
98 region_rec_diffs(1,66)        -0.13642454     -3     3    0.00011419626
99 region_rec_diffs(1,67)        0.15079563     -3     3    -3.904779e-05
100 region_rec_diffs(1,68)        0.23727656     -3     3    1.5747382e-05
101 region_rec_diffs(1,69)        -0.96997172     -3     3    -4.6475196e-05
102 region_rec_diffs(1,70)        -0.7017485     -3     3    -1.7002944e-05
103 region_rec_diffs(1,71)        0.016018304     -3     3    -0.00010382907
104 region_rec_diffs(1,72)        -0.44074563     -3     3    5.5690256e-05
105 region_rec_diffs(1,73)        -0.55042229     -3     3    -2.1913305e-05
106 region_rec_diffs(1,74)        0.040972205     -3     3    0.00010989816
107 region_rec_diffs(1,75)        -0.14998187     -3     3    0.00023880416
108 region_rec_diffs(1,76)        -1.6901492     -3     3    -1.5568162e-05
109 region_rec_diffs(1,77)        -1.3814978     -3     3    -2.8423139e-05
110 region_rec_diffs(1,78)        0.12762359     -3     3    3.8069156e-05
111 region_rec_diffs(1,79)        0.1313811     -3     3    0.00012186905
112 region_rec_diffs(1,80)        0.2435184     -3     3    -5.1740118e-05
113 region_rec_diffs(1,81)        -0.78904669     -3     3    6.3363576e-06
114 region_rec_diffs(1,82)        0.081870621     -3     3    -1.6801888e-05
115 region_rec_diffs(1,83)        -0.22119704     -3     3    4.377818e-05
116 region_rec_diffs(1,84)        -0.82670201     -3     3    -4.2445564e-05
117 region_rec_diffs(1,85)        -1.3880319     -3     3    4.2715639e-05
118 region_rec_diffs(1,86)        -0.24320255     -3     3    -4.5440538e-05
119 region_rec_diffs(1,87)        0.19273602     -3     3    7.6927187e-05
120 region_rec_diffs(1,88)        -2.6854822     -3     3    1.3672617e-05
121 region_rec_diffs(1,89)        -0.47854594     -3     3    -5.6007451e-06
122 region_rec_diffs(1,90)        -0.98846533     -3     3    2.8847114e-05
123 region_rec_diffs(1,91)        -0.56671459     -3     3    4.7033754e-05
124 region_rec_diffs(1,92)        0.081148853     -3     3    6.8316659e-05
125 region_rec_diffs(1,93)        -0.016108248     -3     3    3.6715643e-05
126 region_rec_diffs(1,94)        0.30304565     -3     3    -1.0001945e-05
127 region_rec_diffs(1,95)        -0.89853081     -3     3    8.8687805e-05
128 region_rec_diffs(1,96)        0.11140795     -3     3    -3.7907999e-05
129 region_rec_diffs(1,97)        0.1377272     -3     3    -6.2532581e-05
130 region_rec_diffs(1,98)        0.13430401     -3     3    -8.675759e-05
131 region_rec_diffs(1,99)        -1.0829151     -3     3    -4.0576724e-05
132 region_rec_diffs(1,100)        -0.70169403     -3     3    7.7474779e-05
133 region_rec_diffs(1,101)        0.11956647     -3     3    -1.072493e-05
134 region_rec_diffs(1,102)        -0.048570144     -3     3    4.4179354e-05
135 region_rec_diffs(1,103)        0.20097483     -3     3    0.00013311815
136 region_rec_diffs(1,104)        -1.2491406     -3     3    -0.00015078334
137 region_rec_diffs(1,105)        0.26668881     -3     3    -2.3448916e-05
138 region_rec_diffs(1,106)        -0.0023297262     -3     3    4.5846633e-06
139 region_rec_diffs(1,107)        0.013817804     -3     3    -8.9524735e-06
140 region_rec_diffs(1,108)        0.16188101     -3     3    -1.7936953e-05
141 region_rec_diffs(1,109)        -0.22416246     -3     3    -5.7308886e-05
142 region_rec_diffs(1,110)        -0.049956997     -3     3    3.1358762e-05
143 region_rec_diffs(1,111)        -0.061118764     -3     3    0.00012938207
144 region_rec_diffs(1,112)        0.011551187     -3     3    7.6925371e-05
145 region_rec_diffs(1,113)        -0.40231626     -3     3    2.3458902e-05
146 region_rec_diffs(1,114)        -0.63695022     -3     3    0.00015293088
147 region_rec_diffs(1,115)        -0.037613779     -3     3    -9.9591097e-05
148 region_rec_diffs(1,116)        -0.2095108     -3     3    -1.7108376e-05
149 region_rec_diffs(1,117)        0.14625368     -3     3    9.7696324e-05
150 region_rec_diffs(1,118)        -0.58529863     -3     3    6.1203744e-05
151 region_rec_diffs(1,119)        0.12981256     -3     3    -4.5371472e-05
152 region_rec_diffs(1,120)        -1.7373391     -3     3    -6.1927927e-05
153 region_rec_diffs(1,121)        0.074347733     -3     3    2.9923443e-06
154 region_rec_diffs(1,122)        0.12524812     -3     3    0.00012994761
155 region_rec_diffs(1,123)        -0.76562311     -3     3    2.183644e-05
156 region_rec_diffs(1,124)        -0.25396142     -3     3    4.2068974e-05
157 region_rec_diffs(1,125)        -0.50743221     -3     3    -0.00010367894
158 region_rec_diffs(1,126)        -1.2339147     -3     3    -1.8094487e-05
159 region_rec_diffs(1,127)        -0.67349843     -3     3    0.00013644374
160 region_rec_diffs(1,128)        0.15191252     -3     3    -1.0974269e-05
161 region_rec_diffs(1,129)        0.19367496     -3     3    5.6562712e-05
162 region_rec_diffs(1,130)        -0.71810566     -3     3    2.7237929e-05
163 region_rec_diffs(1,131)        0.096526555     -3     3    7.3569098e-05
164 region_rec_diffs(1,132)        -0.017785935     -3     3    7.8089149e-05
165 region_rec_diffs(1,133)        0.054640024     -3     3    0.00012201753
166 region_rec_diffs(1,134)        -0.24358614     -3     3    -8.5570701e-05
167 region_rec_diffs(1,135)        -0.051837073     -3     3    0.00019592775
168 region_rec_diffs(1,136)        0.26002999     -3     3    3.7845498e-05
169 region_rec_diffs(1,137)        -1.3619753     -3     3    -2.0944927e-05
170 region_rec_diffs(1,138)        -2.2189201     -3     3    8.5416733e-07
171 region_rec_diffs(1,139)        -1.1089291     -3     3    -2.0085131e-05
172 region_rec_diffs(1,140)        -1.7940235     -3     3    7.623213e-05
173 region_rec_diffs(1,141)        0.33269382     -3     3    -4.4876029e-06
174 region_rec_diffs(1,142)        0.18908852     -3     3    7.1464889e-05
175 region_rec_diffs(1,143)        -0.2369224     -3     3    -1.5964423e-05
176 region_rec_diffs(1,144)        0.18034707     -3     3    -9.3364386e-05
177 region_rec_diffs(1,145)        -0.079851162     -3     3    -0.00021065937
178 region_rec_diffs(1,146)        -1.0378623     -3     3    1.8325777e-05
179 region_rec_diffs(1,147)        -2.1344149     -3     3    1.0416887e-05
180 region_rec_diffs(1,148)        0.24851185     -3     3    -2.4491543e-05
181 region_rec_diffs(1,149)        -0.73591406     -3     3    7.4628699e-05
182 region_rec_diffs(1,150)        -0.1473007     -3     3    -0.00010606531
183 region_rec_diffs(1,151)        -1.2534204     -3     3    1.2859916e-05
184 region_rec_diffs(1,152)        0.36212287     -3     3    4.3894769e-06
185 region_rec_diffs(1,153)        0.36985166     -3     3    -1.4290459e-05
186 region_rec_diffs(1,154)        -0.76509406     -3     3    -8.6343873e-05
187 region_rec_diffs(1,155)        -2.347359     -3     3    -1.3115537e-05
188 region_rec_diffs(1,156)        0.36275778     -3     3    -2.1406213e-05
189 region_rec_diffs(1,157)        0.21702871     -3     3    1.2709686e-05
190 region_rec_diffs(1,158)        -0.32540128     -3     3    -9.3750912e-05
191 region_rec_diffs(1,159)        -2.2203115     -3     3    -7.8034962e-05
192 region_rec_diffs(1,160)        -0.48269973     -3     3    -0.00032911754
193 region_rec_diffs(1,161)        -0.032429032     -3     3    -0.00013016157
194 region_rec_diffs(1,162)        -1.6151753     -3     3    5.44053e-05
195 region_rec_diffs(1,163)        -2.9999994     -3     3    -1.8790399e-06   *************
196 region_rec_diffs(1,164)        0.37523498     -3     3    -5.5485298e-06
197 region_rec_diffs(1,165)        0.32543789     -3     3    1.2925566e-05
198 region_rec_diffs(1,166)        -1.2083874     -3     3    -1.1649207e-05
199 region_rec_diffs(1,167)        -2.9999997     -3     3    -5.0544979e-07   *************
200 region_rec_diffs(1,168)        0.18368489     -3     3    3.7092902e-05
201 region_rec_diffs(1,169)        0.27989753     -3     3    1.7717632e-05
202 region_rec_diffs(1,170)        -0.9249622     -3     3    7.6809361e-06
203 region_rec_diffs(1,171)        -0.92839876     -3     3    3.8428992e-05
204 region_rec_diffs(1,172)        -0.32323024     -3     3    -0.00012783058
205 region_rec_diffs(1,173)        0.31591533     -3     3    3.2279628e-05
206 region_rec_diffs(1,174)        -1.4951867     -3     3    5.5831687e-05
207 region_rec_diffs(1,175)        -1.544929     -3     3    4.6787027e-05
208 region_rec_diffs(1,176)        -1.2485891     -3     3    2.8702122e-05
209 region_rec_diffs(1,177)        0.077226174     -3     3    -0.00010399077
210 region_rec_diffs(1,178)        -0.2310611     -3     3    -0.00017040754
211 region_rec_diffs(1,179)        -2.1612371     -3     3    -2.4784923e-05
212 region_rec_diffs(1,180)        0.34443883     -3     3    -7.2487481e-06
213 region_rec_diffs(1,181)        0.19056483     -3     3    1.0517061e-05
214 region_rec_diffs(1,182)        -1.4543957     -3     3    -8.7332235e-05
215 region_rec_diffs(1,183)        -1.7399955     -3     3    1.7305613e-05
216 region_rec_diffs(1,184)        -2.2740475     -3     3    -6.0457364e-06
217 region_rec_diffs(1,185)        0.2915969     -3     3    9.594432e-06
218 region_rec_diffs(1,186)        -0.40716345     -3     3    -7.13844e-05
219 region_rec_diffs(1,187)        -2.9999805     -3     3    4.0123208e-06   *************
220 region_rec_diffs(1,188)        0.25213008     -3     3    2.5587378e-05
221 region_rec_diffs(1,189)        0.29080628     -3     3    6.8614184e-06
222 region_rec_diffs(1,190)        -0.7851213     -3     3    0.00010149079
223 region_rec_diffs(1,191)        -2.9999998     -3     3    -1.2344775e-05   *************
224 region_rec_diffs(1,192)        0.10593912     -3     3    5.0337672e-05
225 region_rec_diffs(1,193)        0.38671124     -3     3    -1.2188487e-05
226 region_rec_diffs(1,194)        -1.331062     -3     3    -4.2677181e-05
227 region_rec_diffs(1,195)        -2.9999997     -3     3    5.3014372e-06   *************
228 region_rec_diffs(1,196)        -0.1500812     -3     3    -0.00013972493
229 region_rec_diffs(1,197)        0.33039102     -3     3    1.0916862e-05
230 region_rec_diffs(1,198)        -2.3214362     -3     3    6.2020712e-05
231 region_rec_diffs(1,199)        -2.9999997     -3     3    -3.6588651e-08   *************
232 region_rec_diffs(1,200)        -1.6623682     -3     3    1.3339616e-05
233 region_rec_diffs(1,201)        0.0011877019     -3     3    5.9392066e-05
234 region_rec_diffs(1,202)        0.31962347     -3     3    8.6566282e-07
235 region_rec_diffs(1,203)        -2.030152     -3     3    1.7346066e-07
236 region_rec_diffs(1,204)        0.018523206     -3     3    -6.4555483e-05
237 region_rec_diffs(1,205)        -1.2363555     -3     3    -1.7362563e-05
238 region_rec_diffs(1,206)        -2.5849506     -3     3    -2.066136e-05
239 region_rec_diffs(1,207)        -1.7810599     -3     3    4.6623536e-05
240 region_rec_diffs(1,208)        -2.7345388     -3     3    5.1761336e-06
241 region_rec_diffs(1,209)        0.37451981     -3     3    1.0130665e-05
242 region_rec_diffs(1,210)        0.32454254     -3     3    -1.2163384e-05
243 region_rec_diffs(1,211)        -2.3671012     -3     3    1.3606499e-05
244 region_rec_diffs(1,212)        -1.1379194     -3     3    3.344086e-05
245 region_rec_diffs(1,213)        -0.060681037     -3     3    -8.096079e-05
246 region_rec_diffs(1,214)        -1.8690091     -3     3    5.3854039e-05
247 region_rec_diffs(1,215)        -2.4335537     -3     3    1.8690562e-05
248 region_rec_diffs(1,216)        -0.52543636     -3     3    -0.00011214041
249 region_rec_diffs(1,217)        0.35716777     -3     3    5.9419667e-05
250 region_rec_diffs(1,218)        -0.67362112     -3     3    4.0436155e-05
251 region_rec_diffs(1,219)        -2.4450022     -3     3    9.6930195e-06
252 region_rec_diffs(1,220)        -0.5157296     -3     3    -9.954208e-05
253 region_rec_diffs(1,221)        0.20005478     -3     3    3.8317579e-05
254 region_rec_diffs(1,222)        -0.0075196917     -3     3    -7.4600094e-05
255 region_rec_diffs(1,223)        -2.9999998     -3     3    1.5787709e-05   *************
256 region_rec_diffs(1,224)        0.053353951     -3     3    -1.3407624e-05
257 region_rec_diffs(1,225)        0.028640034     -3     3    7.6868675e-05
258 region_rec_diffs(1,226)        -2.4650582     -3     3    5.6580251e-05
259 region_rec_diffs(1,227)        -2.7473512     -3     3    -0.00014001955
260 region_rec_diffs(1,228)        -0.82928659     -3     3    0.00020913905
261 region_rec_diffs(1,229)        0.29455505     -3     3    1.2253495e-05
262 region_rec_diffs(1,230)        0.010788247     -3     3    6.1191666e-05
263 region_rec_diffs(1,231)        -2.9999999     -3     3    -1.4954277e-05   *************
264 region_rec_diffs(1,232)        -0.0026147813     -3     3    -1.2780434e-06
265 region_rec_diffs(1,233)        0.21685601     -3     3    2.567749e-05
266 region_rec_diffs(1,234)        -0.11164606     -3     3    -0.00011295537
267 region_rec_diffs(1,235)        -2.1801863     -3     3    -1.4642125e-06
268 region_rec_diffs(1,236)        -0.38879297     -3     3    -0.00011337251
269 region_rec_diffs(1,237)        0.37211654     -3     3    -7.4434751e-06
270 region_rec_diffs(1,238)        0.00046991729     -3     3    -0.00014180796
271 region_rec_diffs(1,239)        -2.271033     -3     3    4.3269406e-05
272 region_rec_diffs(1,240)        -0.29141537     -3     3    0.00015222461
273 region_rec_diffs(1,241)        0.36636887     -3     3    4.1692999e-06
274 region_rec_diffs(1,242)        0.2820537     -3     3    5.338844e-05
275 region_rec_diffs(1,243)        -0.99211902     -3     3    -0.00014631753
276 region_rec_diffs(1,244)        -0.23520153     -3     3    0.00017886929
277 region_rec_diffs(1,245)        0.3110319     -3     3    -2.4133803e-05
278 region_rec_diffs(1,246)        0.12548249     -3     3    3.5017672e-05
279 region_rec_diffs(1,247)        -0.94414177     -3     3    -5.4990488e-05
280 region_rec_diffs(1,248)        -0.081254208     -3     3    9.0919889e-05
281 region_rec_diffs(1,249)        0.18678924     -3     3    2.186997e-05
282 region_rec_diffs(1,250)        -0.02386548     -3     3    0.00013761547
283 region_rec_diffs(1,251)        -2.3640168     -3     3    1.8172402e-05
284 region_rec_diffs(1,252)        0.10965789     -3     3    -6.5061582e-05
285 region_rec_diffs(1,253)        0.31069507     -3     3    6.6134563e-05
286 region_rec_diffs(1,254)        0.024431696     -3     3    -3.8473525e-05
287 region_rec_diffs(1,255)        -2.7920634     -3     3    6.9109508e-05
288 region_rec_diffs(1,256)        0.21322621     -3     3    5.8398699e-05
289 region_rec_diffs(1,257)        0.36368859     -3     3    5.1317569e-06
290 region_rec_diffs(1,258)        -0.062481652     -3     3    -8.8987374e-05
291 region_rec_diffs(1,259)        -2.3612376     -3     3    -3.7314021e-05
292 region_rec_diffs(1,260)        -0.10441389     -3     3    -0.00010220352
293 region_rec_diffs(1,261)        0.37133099     -3     3    3.0592149e-05
294 region_rec_diffs(1,262)        0.10757568     -3     3    -3.8148593e-05
295 region_rec_diffs(1,263)        -2.7997743     -3     3    6.9879736e-05
296 region_rec_diffs(1,264)        -0.46964792     -3     3    6.9994111e-05
297 region_rec_diffs(1,265)        0.16504034     -3     3    -5.0702211e-06
298 region_rec_diffs(1,266)        0.028364689     -3     3    0.00019046642
299 region_rec_diffs(1,267)        -2.6911622     -3     3    -6.9142072e-05
300 region_rec_diffs(1,268)        -0.16971936     -3     3    -0.00011215393
301 region_rec_diffs(1,269)        0.3459217     -3     3    1.1305756e-05
302 region_rec_diffs(1,270)        -0.096405889     -3     3    0.00013363352
303 region_rec_diffs(1,271)        -2.9204371     -3     3    6.9970332e-06
304 region_rec_diffs(1,272)        -0.63963799     -3     3    0.00024701742
305 region_rec_diffs(1,273)        0.22722157     -3     3    3.3871006e-05
306 region_rec_diffs(1,274)        -0.69512189     -3     3    -6.7824584e-05
307 region_rec_diffs(1,275)        -0.85371283     -3     3    0.00018728243
308 region_rec_diffs(1,276)        -1.085392     -3     3    -7.6395707e-05
309 region_rec_diffs(1,277)        -0.94718764     -3     3    -9.9177602e-05
310 region_rec_diffs(1,278)        -0.18864818     -3     3    -0.00016422809
311 region_rec_diffs(1,279)        -0.93594315     -3     3    1.0527288e-05
312 region_rec_diffs(2,1)        0     -3     3    -2.3374867e-16
313 region_rec_diffs(2,2)        -1.2417468     -3     3    -2.5113411e-05
314 region_rec_diffs(2,3)        -0.9098317     -3     3    -8.1900457e-06
315 region_rec_diffs(2,4)        -1.2079543     -3     3    -4.7087307e-05
316 region_rec_diffs(2,5)        -1.449502     -3     3    -1.6584863e-05
317 region_rec_diffs(2,6)        -0.23493487     -3     3    -1.6333745e-05
318 region_rec_diffs(2,7)        -0.22977627     -3     3    -1.7388564e-05
319 region_rec_diffs(2,8)        -1.325546     -3     3    8.8868956e-06
320 region_rec_diffs(2,9)        -0.65345775     -3     3    -1.6898075e-05
321 region_rec_diffs(2,10)        -0.52858555     -3     3    3.8636542e-07
322 region_rec_diffs(2,11)        -0.21821267     -3     3    -2.4172806e-06
323 region_rec_diffs(2,12)        -1.0075162     -3     3    -3.0117998e-05
324 region_rec_diffs(2,13)        -0.69517573     -3     3    2.4548013e-05
325 region_rec_diffs(2,14)        -0.36559539     -3     3    -2.0299827e-05
326 region_rec_diffs(2,15)        0.070363719     -3     3    -6.9908507e-06
327 region_rec_diffs(2,16)        0.13418012     -3     3    -1.5273096e-05
328 region_rec_diffs(2,17)        0.87887132     -3     3    1.5560253e-05
329 region_rec_diffs(2,18)        0.5529034     -3     3    5.7383818e-05
330 region_rec_diffs(2,19)        -0.18273385     -3     3    7.4412014e-06
331 region_rec_diffs(2,20)        -0.088493957     -3     3    1.4177866e-05
332 region_rec_diffs(2,21)        0.79410357     -3     3    -3.4276985e-05
333 region_rec_diffs(2,22)        -0.13717059     -3     3    -1.9848979e-05
334 region_rec_diffs(2,23)        -0.44338351     -3     3    -4.3821224e-06
335 region_rec_diffs(2,24)        -0.60198763     -3     3    2.7387347e-07
336 region_rec_diffs(2,25)        -0.87709202     -3     3    3.7775767e-05
337 region_rec_diffs(2,26)        -1.0733534     -3     3    -3.4233173e-05
338 region_rec_diffs(2,27)        -0.19599183     -3     3    -9.0502065e-06
339 region_rec_diffs(2,28)        -1.1826567     -3     3    2.6667799e-05
340 region_rec_diffs(2,29)        1.3119963     -3     3    -1.5693881e-05
341 region_rec_diffs(2,30)        0.38312677     -3     3    -3.3510573e-05
342 region_rec_diffs(2,31)        0.12681389     -3     3    4.3003648e-05
343 region_rec_diffs(2,32)        0.17497211     -3     3    -1.9238808e-05
344 region_rec_diffs(2,33)        -0.11963702     -3     3    1.3954939e-05
345 region_rec_diffs(2,34)        -1.1451967     -3     3    2.1870457e-05
346 region_rec_diffs(2,35)        -0.17517383     -3     3    -9.8376012e-06
347 region_rec_diffs(2,36)        -0.15316514     -3     3    -8.1010805e-06
348 region_rec_diffs(2,37)        -1.0100785     -3     3    4.0527025e-05
349 region_rec_diffs(2,38)        -0.073567952     -3     3    -8.0055307e-06
350 region_rec_diffs(2,39)        -0.024885897     -3     3    6.5468784e-06
351 region_rec_diffs(2,40)        0.014697856     -3     3    -1.2484349e-05
352 region_rec_diffs(2,41)        0.53185299     -3     3    4.0692451e-05
353 region_rec_diffs(2,42)        -0.28271202     -3     3    1.6937423e-05
354 region_rec_diffs(2,43)        0.01403103     -3     3    6.9590378e-06
355 region_rec_diffs(2,44)        -0.05544258     -3     3    8.6665193e-06
356 region_rec_diffs(2,45)        -1.3573252     -3     3    7.5227964e-06
357 region_rec_diffs(2,46)        -0.4058545     -3     3    -2.9241361e-05
358 region_rec_diffs(2,47)        -0.31981816     -3     3    9.6779439e-06
359 region_rec_diffs(2,48)        -0.330619     -3     3    7.3828353e-06
360 region_rec_diffs(2,49)        0.67366039     -3     3    -1.4647656e-06
361 region_rec_diffs(2,50)        0.025861445     -3     3    -2.5413591e-05
362 region_rec_diffs(2,51)        -1.0424508     -3     3    -1.0801453e-05
363 region_rec_diffs(2,52)        0.055695216     -3     3    4.1846868e-05
364 region_rec_diffs(2,53)        0.10406735     -3     3    6.8732545e-05
365 region_rec_diffs(2,54)        -0.72255143     -3     3    6.4970866e-06
366 region_rec_diffs(2,55)        -0.61491995     -3     3    1.6114164e-05
367 region_rec_diffs(2,56)        -0.29543133     -3     3    -3.2599144e-05
368 region_rec_diffs(2,57)        -0.49393431     -3     3    -1.8858321e-05
369 region_rec_diffs(2,58)        -0.65584486     -3     3    -2.7356537e-05
370 region_rec_diffs(2,59)        -0.29671639     -3     3    -7.7414184e-06
371 region_rec_diffs(2,60)        -0.8564841     -3     3    1.5941044e-05
372 region_rec_diffs(2,61)        -0.77315028     -3     3    5.2916886e-05
373 region_rec_diffs(2,62)        -0.025755816     -3     3    1.5435752e-05
374 region_rec_diffs(2,63)        -0.23085329     -3     3    3.0169437e-06
375 region_rec_diffs(2,64)        -0.10381968     -3     3    -4.5969363e-06
376 region_rec_diffs(2,65)        0.42088637     -3     3    -2.7844472e-05
377 region_rec_diffs(2,66)        0.21422273     -3     3    1.8330677e-05
378 region_rec_diffs(2,67)        -0.20568049     -3     3    -2.4753717e-05
379 region_rec_diffs(2,68)        -0.41078219     -3     3    -3.6833553e-05
380 region_rec_diffs(2,69)        1.617172     -3     3    -2.3640339e-05
381 region_rec_diffs(2,70)        0.94917832     -3     3    8.3652966e-05
382 region_rec_diffs(2,71)        -0.09697276     -3     3    -3.381196e-06
383 region_rec_diffs(2,72)        0.35479513     -3     3    -2.2067393e-05
384 region_rec_diffs(2,73)        1.1763555     -3     3    -5.0340681e-05
385 region_rec_diffs(2,74)        -0.27801652     -3     3    1.6056912e-06
386 region_rec_diffs(2,75)        0.076172523     -3     3    4.3436673e-05
387 region_rec_diffs(2,76)        -0.16563843     -3     3    2.8539186e-06
388 region_rec_diffs(2,77)        1.6327324     -3     3    -6.3611238e-05
389 region_rec_diffs(2,78)        -0.17130735     -3     3    1.5815032e-06
390 region_rec_diffs(2,79)        -0.20709682     -3     3    1.0560122e-05
391 region_rec_diffs(2,80)        -0.74564643     -3     3    1.5727321e-05
392 region_rec_diffs(2,81)        1.6654563     -3     3    5.9152541e-05
393 region_rec_diffs(2,82)        0.13591847     -3     3    -7.5616681e-06
394 region_rec_diffs(2,83)        0.33409498     -3     3    -6.6369914e-06
395 region_rec_diffs(2,84)        1.5177579     -3     3    4.4435079e-05
396 region_rec_diffs(2,85)        0.1441999     -3     3    4.7896327e-05
397 region_rec_diffs(2,86)        0.15003555     -3     3    -1.0060628e-05
398 region_rec_diffs(2,87)        -0.71073906     -3     3    1.9334897e-05
399 region_rec_diffs(2,88)        -0.32969866     -3     3    5.2510199e-05
400 region_rec_diffs(2,89)        0.36244077     -3     3    -2.2819025e-05
401 region_rec_diffs(2,90)        0.36408362     -3     3    3.5681114e-06
402 region_rec_diffs(2,91)        1.3795768     -3     3    -4.9802433e-05
403 region_rec_diffs(2,92)        -0.11006211     -3     3    7.6756914e-06
404 region_rec_diffs(2,93)        -0.002213953     -3     3    4.0144295e-06
405 region_rec_diffs(2,94)        -1.6823359     -3     3    2.0749487e-05
406 region_rec_diffs(2,95)        -0.86377867     -3     3    1.2852982e-05
407 region_rec_diffs(2,96)        -0.58636533     -3     3    -2.2343169e-05
408 region_rec_diffs(2,97)        -0.53354953     -3     3    -5.7344784e-07
409 region_rec_diffs(2,98)        -0.17640182     -3     3    -1.8623325e-05
410 region_rec_diffs(2,99)        -0.3807654     -3     3    1.8378698e-06
411 region_rec_diffs(2,100)        1.420569     -3     3    0.00012124378
412 region_rec_diffs(2,101)        -1.1288037     -3     3    5.0544272e-06
413 region_rec_diffs(2,102)        0.011456244     -3     3    9.5743505e-06
414 region_rec_diffs(2,103)        -0.7895109     -3     3    -1.4213149e-05
415 region_rec_diffs(2,104)        0.50159771     -3     3    -5.913862e-05
416 region_rec_diffs(2,105)        -0.74153816     -3     3    2.2599881e-06
417 region_rec_diffs(2,106)        0.023516955     -3     3    8.9452208e-07
418 region_rec_diffs(2,107)        0.030563224     -3     3    -1.1779297e-06
419 region_rec_diffs(2,108)        -0.02740266     -3     3    1.6613979e-05
420 region_rec_diffs(2,109)        -0.18264708     -3     3    5.8979734e-06
421 region_rec_diffs(2,110)        0.073510241     -3     3    8.3997038e-06
422 region_rec_diffs(2,111)        0.098779454     -3     3    3.0858821e-05
423 region_rec_diffs(2,112)        0.56075543     -3     3    3.8761283e-05
424 region_rec_diffs(2,113)        -0.071652046     -3     3    1.5177459e-05
425 region_rec_diffs(2,114)        1.3874499     -3     3    0.00012242196
426 region_rec_diffs(2,115)        -0.0043058827     -3     3    -1.8352392e-05
427 region_rec_diffs(2,116)        -0.76836692     -3     3    3.5575704e-07
428 region_rec_diffs(2,117)        -0.56979349     -3     3    1.155922e-05
429 region_rec_diffs(2,118)        0.25858197     -3     3    1.6920088e-05
430 region_rec_diffs(2,119)        -0.15021674     -3     3    6.7338451e-06
431 region_rec_diffs(2,120)        1.0811023     -3     3    -9.2181185e-05
432 region_rec_diffs(2,121)        -0.41928497     -3     3    -6.5798375e-06
433 region_rec_diffs(2,122)        0.24419342     -3     3    5.3375526e-05
434 region_rec_diffs(2,123)        1.2618385     -3     3    -8.3287618e-06
435 region_rec_diffs(2,124)        -2.4071929     -3     3    -4.2166577e-05
436 region_rec_diffs(2,125)        -0.38822304     -3     3    1.1691546e-05
437 region_rec_diffs(2,126)        1.3526753     -3     3    1.3600834e-05
438 region_rec_diffs(2,127)        1.1919983     -3     3    0.00010551654
439 region_rec_diffs(2,128)        -0.82238041     -3     3    6.5780005e-05
440 region_rec_diffs(2,129)        -1.2838313     -3     3    -2.23664e-05
441 region_rec_diffs(2,130)        0.36409663     -3     3    6.6485201e-05
442 region_rec_diffs(2,131)        -1.1070074     -3     3    -6.133897e-05
443 region_rec_diffs(2,132)        -2.798885     -3     3    9.9900116e-05
444 region_rec_diffs(2,133)        0.60574926     -3     3    7.1165371e-05
445 region_rec_diffs(2,134)        1.0327444     -3     3    -1.6607636e-05
446 region_rec_diffs(2,135)        0.59392337     -3     3    7.1726734e-05
447 region_rec_diffs(2,136)        -1.1424904     -3     3    -1.9225301e-05
448 region_rec_diffs(2,137)        1.2573742     -3     3    3.7309926e-05
449 region_rec_diffs(2,138)        -0.40784412     -3     3    -8.4678906e-06
450 region_rec_diffs(2,139)        1.4799071     -3     3    -0.00011185202
451 region_rec_diffs(2,140)        2.0434027     -3     3    8.3625832e-05
452 region_rec_diffs(2,141)        -1.5737885     -3     3    5.8187246e-06
453 region_rec_diffs(2,142)        -0.53468148     -3     3    -1.8629348e-05
454 region_rec_diffs(2,143)        0.69942539     -3     3    -4.0447357e-05
455 region_rec_diffs(2,144)        -1.070293     -3     3    -6.3426945e-05
456 region_rec_diffs(2,145)        1.0643008     -3     3    0.00017460825
457 region_rec_diffs(2,146)        -0.25928301     -3     3    -4.4591582e-06
458 region_rec_diffs(2,147)        -0.45870845     -3     3    -1.1529726e-05
459 region_rec_diffs(2,148)        -0.49694925     -3     3    3.8886831e-06
460 region_rec_diffs(2,149)        1.6969701     -3     3    0.00011037193
461 region_rec_diffs(2,150)        0.4301884     -3     3    -5.8498467e-05
462 region_rec_diffs(2,151)        1.3625238     -3     3    5.7759877e-05
463 region_rec_diffs(2,152)        -1.8016762     -3     3    -9.0290109e-06
464 region_rec_diffs(2,153)        -1.9027527     -3     3    1.1233337e-05
465 region_rec_diffs(2,154)        0.14462975     -3     3    -6.3514371e-06
466 region_rec_diffs(2,155)        0.55027476     -3     3    5.9171817e-05
467 region_rec_diffs(2,156)        -2.0281623     -3     3    1.5730791e-05
468 region_rec_diffs(2,157)        -1.1200074     -3     3    -5.8841425e-06
469 region_rec_diffs(2,158)        0.13793031     -3     3    0.00038491504
470 region_rec_diffs(2,159)        -0.57324828     -3     3    0.00057023654
471 region_rec_diffs(2,160)        1.329265     -3     3    0.0003720139
472 region_rec_diffs(2,161)        0.5356637     -3     3    -8.9458276e-05
473 region_rec_diffs(2,162)        -0.6120118     -3     3    9.0726837e-06
474 region_rec_diffs(2,163)        0.79515141     -3     3    -0.00016968286
475 region_rec_diffs(2,164)        -2.9998485     -3     3    0.00011409386   *************
476 region_rec_diffs(2,165)        -1.1764531     -3     3    8.7759811e-05
477 region_rec_diffs(2,166)        1.7212898     -3     3    0.00019233755
478 region_rec_diffs(2,167)        -0.10649486     -3     3    -8.2892275e-05
479 region_rec_diffs(2,168)        0.023459754     -3     3    -0.00012578756
480 region_rec_diffs(2,169)        -0.38592584     -3     3    6.2106285e-06
481 region_rec_diffs(2,170)        1.0409511     -3     3    -4.4303684e-05
482 region_rec_diffs(2,171)        -1.1653072     -3     3    -9.6175961e-05
483 region_rec_diffs(2,172)        -2.3297636     -3     3    -5.410581e-05
484 region_rec_diffs(2,173)        -2.3024547     -3     3    -1.9170316e-05
485 region_rec_diffs(2,174)        -0.0069828601     -3     3    -2.4190379e-05
486 region_rec_diffs(2,175)        -0.0027191376     -3     3    -7.6046407e-06
487 region_rec_diffs(2,176)        1.9160537     -3     3    2.818018e-06
488 region_rec_diffs(2,177)        0.85946598     -3     3    -3.2051847e-05
489 region_rec_diffs(2,178)        1.3937622     -3     3    -0.00014566497
490 region_rec_diffs(2,179)        -0.25297575     -3     3    -4.7123614e-05
491 region_rec_diffs(2,180)        -2.6504522     -3     3    2.7868339e-05
492 region_rec_diffs(2,181)        0.43520874     -3     3    7.8220668e-06
493 region_rec_diffs(2,182)        1.6369486     -3     3    -0.00015024843
494 region_rec_diffs(2,183)        1.8755446     -3     3    -9.3007133e-05
495 region_rec_diffs(2,184)        2.0842484     -3     3    0.00017291696
496 region_rec_diffs(2,185)        -0.25124606     -3     3    -2.8673032e-05
497 region_rec_diffs(2,186)        0.91399387     -3     3    -0.00015252731
498 region_rec_diffs(2,187)        0.38967815     -3     3    4.6836549e-05
499 region_rec_diffs(2,188)        -0.16067817     -3     3    -6.212908e-05
500 region_rec_diffs(2,189)        -0.35103547     -3     3    1.3911663e-05
501 region_rec_diffs(2,190)        1.7938544     -3     3    -1.6174037e-05
502 region_rec_diffs(2,191)        1.5850276     -3     3    -0.00011727818
503 region_rec_diffs(2,192)        -0.12078368     -3     3    0.00013646196
504 region_rec_diffs(2,193)        -2.4000505     -3     3    3.316682e-05
505 region_rec_diffs(2,194)        1.6562307     -3     3    -5.0465711e-05
506 region_rec_diffs(2,195)        0.86732814     -3     3    8.8696431e-05
507 region_rec_diffs(2,196)        -0.34988082     -3     3    -0.00011808698
508 region_rec_diffs(2,197)        -1.1695113     -3     3    3.2822721e-05
509 region_rec_diffs(2,198)        2.078451     -3     3    -3.8113949e-05
510 region_rec_diffs(2,199)        0.20331664     -3     3    6.3513242e-05
511 region_rec_diffs(2,200)        -1.4358423     -3     3    3.9658643e-05
512 region_rec_diffs(2,201)        1.0430578     -3     3    1.1480788e-05
513 region_rec_diffs(2,202)        -0.96445048     -3     3    3.5899993e-06
514 region_rec_diffs(2,203)        -0.40057632     -3     3    4.0713014e-06
515 region_rec_diffs(2,204)        -1.1937781     -3     3    -6.0843907e-05
516 region_rec_diffs(2,205)        1.420906     -3     3    -5.5004885e-05
517 region_rec_diffs(2,206)        2.08197     -3     3    -7.9092917e-05
518 region_rec_diffs(2,207)        1.9419513     -3     3    1.8021498e-05
519 region_rec_diffs(2,208)        2.1192571     -3     3    0.0001126432
520 region_rec_diffs(2,209)        -2.1407421     -3     3    4.2662478e-08
521 region_rec_diffs(2,210)        -0.68677246     -3     3    9.9227718e-05
522 region_rec_diffs(2,211)        -2.1744947     -3     3    -1.4217801e-06
523 region_rec_diffs(2,212)        -0.21522152     -3     3    -4.6469196e-05
524 region_rec_diffs(2,213)        -1.0313139     -3     3    -3.4886538e-05
525 region_rec_diffs(2,214)        1.803447     -3     3    -8.1516269e-05
526 region_rec_diffs(2,215)        0.74077457     -3     3    0.00018561065
527 region_rec_diffs(2,216)        -0.14770213     -3     3    2.6338166e-05
528 region_rec_diffs(2,217)        -1.7878099     -3     3    -0.00011331006
529 region_rec_diffs(2,218)        0.74489763     -3     3    -0.00023376978
530 region_rec_diffs(2,219)        0.48430866     -3     3    -0.00038158163
531 region_rec_diffs(2,220)        -1.378485     -3     3    -6.4790908e-05
532 region_rec_diffs(2,221)        0.40745794     -3     3    -0.00019417354
533 region_rec_diffs(2,222)        0.74510004     -3     3    3.1171084e-05
534 region_rec_diffs(2,223)        0.30544129     -3     3    4.3162268e-05
535 region_rec_diffs(2,224)        -1.3633868     -3     3    0.00012369564
536 region_rec_diffs(2,225)        0.71651419     -3     3    4.4637809e-05
537 region_rec_diffs(2,226)        2.107377     -3     3    -3.0371384e-05
538 region_rec_diffs(2,227)        1.6290339     -3     3    4.3257098e-05
539 region_rec_diffs(2,228)        -2.5039579     -3     3    -2.2952039e-05
540 region_rec_diffs(2,229)        -0.86776559     -3     3    8.40238e-05
541 region_rec_diffs(2,230)        -0.36434241     -3     3    0.00010584288
542 region_rec_diffs(2,231)        0.24439245     -3     3    0.00018926635
543 region_rec_diffs(2,232)        -0.9164029     -3     3    3.8045068e-05
544 region_rec_diffs(2,233)        0.045549513     -3     3    -2.6945936e-05
545 region_rec_diffs(2,234)        -0.072298226     -3     3    -7.0833797e-05
546 region_rec_diffs(2,235)        0.27790908     -3     3    5.8035503e-05
547 region_rec_diffs(2,236)        -0.27547896     -3     3    -2.0140941e-05
548 region_rec_diffs(2,237)        -2.5730243     -3     3    -9.656256e-05
549 region_rec_diffs(2,238)        -0.15955493     -3     3    -1.7705115e-05
550 region_rec_diffs(2,239)        0.36369911     -3     3    2.8974157e-05
551 region_rec_diffs(2,240)        -2.2270749     -3     3    5.8350879e-05
552 region_rec_diffs(2,241)        -2.9999999     -3     3    4.3370291e-08   *************
553 region_rec_diffs(2,242)        -1.1773877     -3     3    5.3113352e-05
554 region_rec_diffs(2,243)        0.11278105     -3     3    -6.7337753e-05
555 region_rec_diffs(2,244)        -0.24676136     -3     3    9.6798622e-05
556 region_rec_diffs(2,245)        -2.2432702     -3     3    -8.9952066e-05
557 region_rec_diffs(2,246)        -1.2301869     -3     3    2.9258741e-05
558 region_rec_diffs(2,247)        -0.14491768     -3     3    4.2232068e-05
559 region_rec_diffs(2,248)        -1.5927329     -3     3    0.00010850177
560 region_rec_diffs(2,249)        -0.2293026     -3     3    5.7568396e-06
561 region_rec_diffs(2,250)        0.57631648     -3     3    9.3109769e-06
562 region_rec_diffs(2,251)        0.97618016     -3     3    0.00027162177
563 region_rec_diffs(2,252)        -1.0210768     -3     3    9.7475687e-05
564 region_rec_diffs(2,253)        -0.87697944     -3     3    0.0001245643
565 region_rec_diffs(2,254)        0.050547003     -3     3    -0.00011426045
566 region_rec_diffs(2,255)        0.69066743     -3     3    -0.00060299992
567 region_rec_diffs(2,256)        -0.90280531     -3     3    -7.6997628e-05
568 region_rec_diffs(2,257)        -1.483683     -3     3    -5.1971639e-06
569 region_rec_diffs(2,258)        0.5477935     -3     3    -4.0068881e-05
570 region_rec_diffs(2,259)        1.6097372     -3     3    -9.3672073e-05
571 region_rec_diffs(2,260)        0.37570952     -3     3    -6.7217083e-05
572 region_rec_diffs(2,261)        -2.5471324     -3     3    1.2990906e-05
573 region_rec_diffs(2,262)        0.75501381     -3     3    -0.00023708704
574 region_rec_diffs(2,263)        1.2064152     -3     3    -9.3228062e-05
575 region_rec_diffs(2,264)        -0.97266345     -3     3    -4.0589775e-05
576 region_rec_diffs(2,265)        0.1328953     -3     3    3.242533e-05
577 region_rec_diffs(2,266)        0.8607627     -3     3    -2.0276711e-05
578 region_rec_diffs(2,267)        1.5080638     -3     3    -5.4724297e-05
579 region_rec_diffs(2,268)        -0.54918963     -3     3    -0.00012396726
580 region_rec_diffs(2,269)        -1.570764     -3     3    1.1997017e-05
581 region_rec_diffs(2,270)        -0.92841334     -3     3    -0.00010336762
582 region_rec_diffs(2,271)        0.055251317     -3     3    -0.00066239758
583 region_rec_diffs(2,272)        0.89942971     -3     3    -0.00035696913
584 region_rec_diffs(2,273)        0.17499118     -3     3    -3.2346388e-06
585 region_rec_diffs(2,274)        -0.18535929     -3     3    -1.0499084e-05
586 region_rec_diffs(2,275)        1.2386582     -3     3    -1.9064198e-05
587 region_rec_diffs(2,276)        0.18349792     -3     3    8.5573004e-05
588 region_rec_diffs(2,277)        -1.4069082     -3     3    -2.2776817e-05
589 region_rec_diffs(2,278)        -0.59034043     -3     3    -4.0216158e-05
590 region_rec_diffs(2,279)        0.66997259     -3     3    -1.1627429e-05
591 region_rec_diffs(3,1)        0     -3     3    -4.7886001e-20
592 region_rec_diffs(3,2)        -0.00048841116     -3     3    6.396477e-08
593 region_rec_diffs(3,3)        -0.0015732576     -3     3    3.8828136e-08
594 region_rec_diffs(3,4)        -0.0031330104     -3     3    6.2123958e-08
595 region_rec_diffs(3,5)        1.638875     -3     3    8.9309213e-06
596 region_rec_diffs(3,6)        -0.00035126441     -3     3    -2.5387071e-06
597 region_rec_diffs(3,7)        2.8346897e-05     -3     3    9.0518938e-07
598 region_rec_diffs(3,8)        -0.0010967496     -3     3    7.5654016e-07
599 region_rec_diffs(3,9)        -0.00019519228     -3     3    6.6353011e-07
600 region_rec_diffs(3,10)        -0.0001003009     -3     3    7.7208324e-07
601 region_rec_diffs(3,11)        6.5636076e-05     -3     3    1.0897567e-06
602 region_rec_diffs(3,12)        -0.00054765407     -3     3    5.4735146e-07
603 region_rec_diffs(3,13)        -0.0004632769     -3     3    -1.6388729e-07
604 region_rec_diffs(3,14)        -0.00056808168     -3     3    -8.6216154e-08
605 region_rec_diffs(3,15)        -5.0476429e-06     -3     3    1.5477158e-08
606 region_rec_diffs(3,16)        7.5089865e-06     -3     3    -8.9465052e-09
607 region_rec_diffs(3,17)        -4.2216699e-05     -3     3    -8.5155947e-08
608 region_rec_diffs(3,18)        -0.00039960419     -3     3    1.3992428e-07
609 region_rec_diffs(3,19)        -8.6469299e-05     -3     3    -3.2789054e-07
610 region_rec_diffs(3,20)        -4.1554823e-05     -3     3    -1.3034965e-07
611 region_rec_diffs(3,21)        -7.7521629e-05     -3     3    -2.1952773e-07
612 region_rec_diffs(3,22)        -0.00018514807     -3     3    -2.1559065e-07
613 region_rec_diffs(3,23)        -6.8890057e-06     -3     3    6.46209e-07
614 region_rec_diffs(3,24)        -0.00010224693     -3     3    -2.1953711e-07
615 region_rec_diffs(3,25)        -0.0013028462     -3     3    -1.1412556e-05
616 region_rec_diffs(3,26)        -0.00021175132     -3     3    -1.4623206e-07
617 region_rec_diffs(3,27)        -3.8595035e-05     -3     3    -2.231991e-07
618 region_rec_diffs(3,28)        -0.00039137113     -3     3    -1.7676866e-07
619 region_rec_diffs(3,29)        -0.00019170888     -3     3    -1.931498e-07
620 region_rec_diffs(3,30)        -5.0509997e-05     -3     3    1.3787725e-08
621 region_rec_diffs(3,31)        9.3051421e-06     -3     3    7.2254347e-09
622 region_rec_diffs(3,32)        2.2490123e-05     -3     3    7.5418827e-09
623 region_rec_diffs(3,33)        -8.4091196e-06     -3     3    -6.4172709e-08
624 region_rec_diffs(3,34)        -0.00016139447     -3     3    -4.1064058e-08
625 region_rec_diffs(3,35)        -1.7347729e-05     -3     3    2.0701221e-08
626 region_rec_diffs(3,36)        -1.7730997e-05     -3     3    1.1149075e-08
627 region_rec_diffs(3,37)        -0.00011255056     -3     3    -8.0635896e-08
628 region_rec_diffs(3,38)        2.5198285e-06     -3     3    1.7756806e-08
629 region_rec_diffs(3,39)        4.6045669e-06     -3     3    -6.0400898e-09
630 region_rec_diffs(3,40)        -1.0349546e-06     -3     3    -1.1655225e-07
631 region_rec_diffs(3,41)        5.0587003e-06     -3     3    -5.0180422e-08
632 region_rec_diffs(3,42)        7.0472832e-05     -3     3    1.2324238e-06
633 region_rec_diffs(3,43)        5.3056756e-06     -3     3    3.6174154e-08
634 region_rec_diffs(3,44)        -8.3572452e-06     -3     3    -5.7963722e-08
635 region_rec_diffs(3,45)        -0.00035013714     -3     3    -1.6679139e-07
636 region_rec_diffs(3,46)        0.00010272795     -3     3    1.290019e-06
637 region_rec_diffs(3,47)        -4.9635395e-06     -3     3    -1.0654857e-08
638 region_rec_diffs(3,48)        0.00013629312     -3     3    5.759044e-08
639 region_rec_diffs(3,49)        0.0005413991     -3     3    -5.569832e-08
640 region_rec_diffs(3,50)        1.3517312e-05     -3     3    6.6549931e-09
641 region_rec_diffs(3,51)        -0.00052242953     -3     3    -1.6697866e-07
642 region_rec_diffs(3,52)        -3.14112e-05     -3     3    -2.1352685e-07
643 region_rec_diffs(3,53)        -9.8303983e-05     -3     3    -1.0840586e-07
644 region_rec_diffs(3,54)        -7.2082876e-05     -3     3    -4.4718395e-08
645 region_rec_diffs(3,55)        -8.9554444e-05     -3     3    -1.9691417e-07
646 region_rec_diffs(3,56)        -1.5567886e-05     -3     3    -3.6458959e-08
647 region_rec_diffs(3,57)        6.5762482e-05     -3     3    3.6764939e-08
648 region_rec_diffs(3,58)        9.9546997e-05     -3     3    -1.6378557e-07
649 region_rec_diffs(3,59)        -5.2802564e-05     -3     3    -1.8500093e-07
650 region_rec_diffs(3,60)        -0.00019610843     -3     3    -8.0629947e-09
651 region_rec_diffs(3,61)        -0.00022948556     -3     3    -1.1273005e-08
652 region_rec_diffs(3,62)        -2.1305749e-05     -3     3    -6.5484037e-08
653 region_rec_diffs(3,63)        -9.512787e-05     -3     3    -1.4907301e-07
654 region_rec_diffs(3,64)        -2.2271511e-05     -3     3    1.926957e-08
655 region_rec_diffs(3,65)        0.00030102442     -3     3    -2.1810454e-07
656 region_rec_diffs(3,66)        3.3726515e-05     -3     3    -1.0063549e-07
657 region_rec_diffs(3,67)        -2.2365531e-05     -3     3    -4.747598e-08
658 region_rec_diffs(3,68)        0.00012711827     -3     3    -4.8247549e-08
659 region_rec_diffs(3,69)        0.00034333922     -3     3    -3.9772774e-08
660 region_rec_diffs(3,70)        0.00049968781     -3     3    -1.221178e-07
661 region_rec_diffs(3,71)        -1.6767198e-05     -3     3    -9.7016609e-08
662 region_rec_diffs(3,72)        -1.5588828e-05     -3     3    1.7920954e-08
663 region_rec_diffs(3,73)        0.00013277389     -3     3    -4.5653397e-08
664 region_rec_diffs(3,74)        -0.00013609562     -3     3    -8.2490143e-08
665 region_rec_diffs(3,75)        -1.7823393e-05     -3     3    -1.7861868e-07
666 region_rec_diffs(3,76)        -0.00013726079     -3     3    -3.5296102e-09
667 region_rec_diffs(3,77)        4.7624528e-05     -3     3    1.0248783e-08
668 region_rec_diffs(3,78)        -9.0179319e-05     -3     3    1.4388874e-08
669 region_rec_diffs(3,79)        -0.00016518228     -3     3    -5.7824813e-08
670 region_rec_diffs(3,80)        0.00061777853     -3     3    1.0555074e-07
671 region_rec_diffs(3,81)        -6.1354507e-05     -3     3    5.5263271e-07
672 region_rec_diffs(3,82)        0.00017419526     -3     3    1.330472e-06
673 region_rec_diffs(3,83)        0.00012640969     -3     3    -6.6326339e-08
674 region_rec_diffs(3,84)        -0.00022446929     -3     3    -1.0777811e-07
675 region_rec_diffs(3,85)        -6.2765125e-05     -3     3    -9.0318349e-07
676 region_rec_diffs(3,86)        4.197775e-06     -3     3    -1.6973175e-07
677 region_rec_diffs(3,87)        -0.00014937037     -3     3    8.8801382e-07
678 region_rec_diffs(3,88)        -0.00010734561     -3     3    6.3940169e-08
679 region_rec_diffs(3,89)        4.2869814e-05     -3     3    -6.7331215e-08
680 region_rec_diffs(3,90)        8.6687275e-06     -3     3    -1.9487803e-07
681 region_rec_diffs(3,91)        -0.00012475784     -3     3    -4.5457371e-09
682 region_rec_diffs(3,92)        -0.00035220847     -3     3    -2.0545841e-07
683 region_rec_diffs(3,93)        -5.4546746e-05     -3     3    -1.4495907e-07
684 region_rec_diffs(3,94)        0.00053209399     -3     3    -6.6759113e-08
685 region_rec_diffs(3,95)        0.00013789362     -3     3    -2.6802997e-08
686 region_rec_diffs(3,96)        -0.0001378404     -3     3    -3.3387577e-08
687 region_rec_diffs(3,97)        -1.1609129e-05     -3     3    -7.2406395e-08
688 region_rec_diffs(3,98)        9.5772128e-05     -3     3    -2.074695e-07
689 region_rec_diffs(3,99)        0.00034562186     -3     3    -5.9634759e-08
690 region_rec_diffs(3,100)        1.7229792e-05     -3     3    -8.7850931e-08
691 region_rec_diffs(3,101)        0.00039863758     -3     3    -8.8404415e-08
692 region_rec_diffs(3,102)        1.0546432e-05     -3     3    1.2323818e-08
693 region_rec_diffs(3,103)        -7.4853357e-05     -3     3    -1.6794859e-09
694 region_rec_diffs(3,104)        0.00087493269     -3     3    -1.4283162e-07
695 region_rec_diffs(3,105)        -0.0002642079     -3     3    5.2016517e-09
696 region_rec_diffs(3,106)        -3.1726961e-06     -3     3    -3.6651645e-09
697 region_rec_diffs(3,107)        -9.2888423e-06     -3     3    4.3596384e-09
698 region_rec_diffs(3,108)        -0.00020770801     -3     3    -1.9096244e-06
699 region_rec_diffs(3,109)        0.0002383905     -3     3    -1.4687611e-07
700 region_rec_diffs(3,110)        1.4794357e-05     -3     3    2.9206889e-08
701 region_rec_diffs(3,111)        1.407052e-05     -3     3    2.4990725e-08
702 region_rec_diffs(3,112)        0.00026329951     -3     3    -1.198898e-07
703 region_rec_diffs(3,113)        0.00056076111     -3     3    -8.2997733e-08
704 region_rec_diffs(3,114)        4.8921122e-06     -3     3    2.0525513e-08
705 region_rec_diffs(3,115)        0.00016207967     -3     3    1.336281e-06
706 region_rec_diffs(3,116)        0.00028510823     -3     3    -4.1062251e-08
707 region_rec_diffs(3,117)        0.00015207394     -3     3    -2.0765628e-07
708 region_rec_diffs(3,118)        2.4757626e-05     -3     3    2.159635e-08
709 region_rec_diffs(3,119)        -0.00012729471     -3     3    -2.0034572e-07
710 region_rec_diffs(3,120)        0.00031371485     -3     3    -2.2288287e-07
711 region_rec_diffs(3,121)        0.00030905043     -3     3    -3.1909971e-08
712 region_rec_diffs(3,122)        -0.00019092783     -3     3    -1.5574307e-07
713 region_rec_diffs(3,123)        4.6641401e-06     -3     3    -8.1053027e-08
714 region_rec_diffs(3,124)        0.00022690655     -3     3    6.4273286e-08
715 region_rec_diffs(3,125)        6.4724376e-05     -3     3    6.4394206e-09
716 region_rec_diffs(3,126)        7.4234968e-05     -3     3    -1.9894568e-07
717 region_rec_diffs(3,127)        7.1181801e-06     -3     3    -8.2409806e-08
718 region_rec_diffs(3,128)        -9.4052584e-05     -3     3    -2.2505028e-07
719 region_rec_diffs(3,129)        -0.00010477179     -3     3    6.0609251e-07
720 region_rec_diffs(3,130)        -4.1747064e-05     -3     3    -4.5772935e-08
721 region_rec_diffs(3,131)        2.5963387e-05     -3     3    -4.5845099e-09
722 region_rec_diffs(3,132)        0.00042422963     -3     3    9.4772339e-08
723 region_rec_diffs(3,133)        0.00027827866     -3     3    -1.5110161e-07
724 region_rec_diffs(3,134)        -6.0575096e-05     -3     3    1.2581859e-08
725 region_rec_diffs(3,135)        -0.00010638557     -3     3    5.9942474e-09
726 region_rec_diffs(3,136)        -0.00076392203     -3     3    -4.8122021e-08
727 region_rec_diffs(3,137)        -7.9490236e-05     -3     3    -1.2812688e-08
728 region_rec_diffs(3,138)        -0.00040888411     -3     3    -5.4371295e-08
729 region_rec_diffs(3,139)        -1.901497e-05     -3     3    1.201248e-08
730 region_rec_diffs(3,140)        -0.0010310075     -3     3    -7.4563103e-08
731 region_rec_diffs(3,141)        -0.00073481609     -3     3    -1.8160949e-07
732 region_rec_diffs(3,142)        -0.00013100428     -3     3    -8.7714237e-08
733 region_rec_diffs(3,143)        2.2140535e-05     -3     3    -3.3069326e-08
734 region_rec_diffs(3,144)        -0.00025983212     -3     3    -2.2733695e-07
735 region_rec_diffs(3,145)        -0.00089756608     -3     3    -8.8362749e-08
736 region_rec_diffs(3,146)        4.1604223e-05     -3     3    2.8209178e-08
737 region_rec_diffs(3,147)        -0.00054827774     -3     3    -5.6744968e-08
738 region_rec_diffs(3,148)        -0.00076745905     -3     3    2.6327756e-07
739 region_rec_diffs(3,149)        -0.00085888399     -3     3    1.7077502e-07
740 region_rec_diffs(3,150)        0.00010870065     -3     3    -5.2415594e-09
741 region_rec_diffs(3,151)        -0.0004603217     -3     3    -4.7344492e-10
742 region_rec_diffs(3,152)        -0.0057664376     -3     3    1.54413e-07
743 region_rec_diffs(3,153)        -0.022443676     -3     3    5.2304982e-07
744 region_rec_diffs(3,154)        0.00061180717     -3     3    2.3808727e-08
745 region_rec_diffs(3,155)        -0.0041198769     -3     3    -4.5081313e-08
746 region_rec_diffs(3,156)        -0.015488832     -3     3    -2.7420373e-07
747 region_rec_diffs(3,157)        -0.00030106183     -3     3    -1.5115377e-09
748 region_rec_diffs(3,158)        0.00092328553     -3     3    -2.4984518e-08
749 region_rec_diffs(3,159)        0.0043943641     -3     3    6.4060051e-08
750 region_rec_diffs(3,160)        0.0014058447     -3     3    1.2536445e-07
751 region_rec_diffs(3,161)        0.00047233526     -3     3    6.7508499e-08
752 region_rec_diffs(3,162)        -0.002358653     -3     3    2.3668334e-08
753 region_rec_diffs(3,163)        -0.019693943     -3     3    5.4967632e-08
754 region_rec_diffs(3,164)        -0.054174707     -3     3    -1.0553245e-06
755 region_rec_diffs(3,165)        -0.0027229201     -3     3    1.2290378e-07
756 region_rec_diffs(3,166)        0.00076968907     -3     3    -4.1358627e-08
757 region_rec_diffs(3,167)        -0.0090233342     -3     3    -1.144215e-07
758 region_rec_diffs(3,168)        -0.013797622     -3     3    -1.8104983e-07
759 region_rec_diffs(3,169)        -0.0045016113     -3     3    2.3917639e-06
760 region_rec_diffs(3,170)        0.0038624389     -3     3    -1.4368515e-07
761 region_rec_diffs(3,171)        0.00069690188     -3     3    -1.995522e-07
762 region_rec_diffs(3,172)        -0.0013003706     -3     3    -1.4919743e-07
763 region_rec_diffs(3,173)        -0.0049736299     -3     3    1.8530409e-05
764 region_rec_diffs(3,174)        -0.0021208178     -3     3    2.1375984e-08
765 region_rec_diffs(3,175)        -0.00015671829     -3     3    4.651359e-08
766 region_rec_diffs(3,176)        0.0012726756     -3     3    5.16942e-08
767 region_rec_diffs(3,177)        -0.015681867     -3     3    6.5232738e-07
768 region_rec_diffs(3,178)        -0.064418108     -3     3    7.7256892e-07
769 region_rec_diffs(3,179)        -0.0046616273     -3     3    -1.189396e-07
770 region_rec_diffs(3,180)        -0.036422715     -3     3    1.8749189e-07
771 region_rec_diffs(3,181)        -0.017122849     -3     3    3.9220826e-08
772 region_rec_diffs(3,182)        -0.0038019725     -3     3    5.6127914e-08
773 region_rec_diffs(3,183)        0.00071667483     -3     3    3.4276362e-08
774 region_rec_diffs(3,184)        0.0027237978     -3     3    -3.1874924e-08
775 region_rec_diffs(3,185)        -0.0053080195     -3     3    1.5968131e-07
776 region_rec_diffs(3,186)        -0.022807171     -3     3    -5.1892052e-07
777 region_rec_diffs(3,187)        -0.010925531     -3     3    -1.1897019e-06
778 region_rec_diffs(3,188)        -0.017945461     -3     3    -1.3039431e-06
779 region_rec_diffs(3,189)        -0.004750797     -3     3    -2.1981325e-07
780 region_rec_diffs(3,190)        -0.0006604909     -3     3    -1.1097594e-08
781 region_rec_diffs(3,191)        -0.012293919     -3     3    -1.1900321e-06
782 region_rec_diffs(3,192)        -0.0055256585     -3     3    -1.1510801e-07
783 region_rec_diffs(3,193)        -0.077768302     -3     3    1.2444471e-07
784 region_rec_diffs(3,194)        -0.030920927     -3     3    -5.018922e-07
785 region_rec_diffs(3,195)        -0.029325746     -3     3    -8.5837412e-07
786 region_rec_diffs(3,196)        -0.0051176197     -3     3    1.1355913e-07
787 region_rec_diffs(3,197)        -0.0021007502     -3     3    2.482025e-08
788 region_rec_diffs(3,198)        0.0067847652     -3     3    -5.7938837e-08
789 region_rec_diffs(3,199)        -0.0043977005     -3     3    -1.8221001e-07
790 region_rec_diffs(3,200)        -0.0070141032     -3     3    1.0246709e-08
791 region_rec_diffs(3,201)        -0.026907787     -3     3    6.3240683e-07
792 region_rec_diffs(3,202)        -0.017349775     -3     3    -9.7578704e-08
793 region_rec_diffs(3,203)        -0.0068308669     -3     3    -8.2430584e-08
794 region_rec_diffs(3,204)        -0.0028105941     -3     3    1.159698e-08
795 region_rec_diffs(3,205)        6.9131248e-05     -3     3    3.3401525e-07
796 region_rec_diffs(3,206)        0.0017992984     -3     3    -5.3993269e-08
797 region_rec_diffs(3,207)        0.00035742051     -3     3    -5.289122e-08
798 region_rec_diffs(3,208)        0.0031877507     -3     3    3.1339316e-07
799 region_rec_diffs(3,209)        -0.015641629     -3     3    6.26123e-07
800 region_rec_diffs(3,210)        -0.10132782     -3     3    -2.3821957e-06
801 region_rec_diffs(3,211)        -0.014139472     -3     3    -6.643046e-07
802 region_rec_diffs(3,212)        -0.036909926     -3     3    1.0834773e-06
803 region_rec_diffs(3,213)        -0.00098418751     -3     3    7.3268059e-09
804 region_rec_diffs(3,214)        0.0047012182     -3     3    6.3176236e-09
805 region_rec_diffs(3,215)        -0.0020627541     -3     3    -2.6546843e-07
806 region_rec_diffs(3,216)        -0.023459061     -3     3    1.6722212e-07
807 region_rec_diffs(3,217)        -0.01011035     -3     3    -3.1164673e-09
808 region_rec_diffs(3,218)        0.0053152007     -3     3    1.1148656e-07
809 region_rec_diffs(3,219)        -0.0035460222     -3     3    -7.7476148e-08
810 region_rec_diffs(3,220)        -0.0031867124     -3     3    1.1262588e-06
811 region_rec_diffs(3,221)        -0.023776802     -3     3    5.8801245e-07
812 region_rec_diffs(3,222)        -0.023931917     -3     3    -1.0851103e-07
813 region_rec_diffs(3,223)        -0.051543828     -3     3    -4.4427272e-07
814 region_rec_diffs(3,224)        -0.011198883     -3     3    -1.2754226e-07
815 region_rec_diffs(3,225)        5.785238e-05     -3     3    -9.8416261e-07
816 region_rec_diffs(3,226)        0.0075846892     -3     3    4.6546544e-07
817 region_rec_diffs(3,227)        -0.0050153408     -3     3    -5.6206163e-06
818 region_rec_diffs(3,228)        -0.026091726     -3     3    -2.4006696e-07
819 region_rec_diffs(3,229)        0.0040332587     -3     3    2.9372647e-07
820 region_rec_diffs(3,230)        0.0013330214     -3     3    -1.3251128e-06
821 region_rec_diffs(3,231)        -0.01830766     -3     3    9.4235836e-08
822 region_rec_diffs(3,232)        -0.0087234364     -3     3    1.2103669e-06
823 region_rec_diffs(3,233)        -0.0040437556     -3     3    2.3532267e-07
824 region_rec_diffs(3,234)        0.013152562     -3     3    1.7908679e-07
825 region_rec_diffs(3,235)        0.0063713567     -3     3    2.583429e-07
826 region_rec_diffs(3,236)        -0.053332632     -3     3    -1.9259464e-05
827 region_rec_diffs(3,237)        -0.019213152     -3     3    -7.9526663e-07
828 region_rec_diffs(3,238)        -0.013865871     -3     3    -1.8288535e-06
829 region_rec_diffs(3,239)        -0.0026210282     -3     3    -4.5628342e-07
830 region_rec_diffs(3,240)        -0.076920832     -3     3    3.5964289e-06
831 region_rec_diffs(3,241)        -0.0061573995     -3     3    2.1227679e-08
832 region_rec_diffs(3,242)        -0.076526285     -3     3    7.0150829e-06
833 region_rec_diffs(3,243)        -0.0071697201     -3     3    -4.196506e-07
834 region_rec_diffs(3,244)        -0.028425856     -3     3    2.906145e-08
835 region_rec_diffs(3,245)        -0.016301598     -3     3    -5.038983e-08
836 region_rec_diffs(3,246)        -0.021109653     -3     3    1.7441671e-07
837 region_rec_diffs(3,247)        0.0089308826     -3     3    4.0905158e-09
838 region_rec_diffs(3,248)        -0.0097983272     -3     3    -1.6521107e-06
839 region_rec_diffs(3,249)        -0.003634713     -3     3    -2.2070109e-08
840 region_rec_diffs(3,250)        0.0081768222     -3     3    -1.8544188e-08
841 region_rec_diffs(3,251)        -0.00041652488     -3     3    -6.7900024e-08
842 region_rec_diffs(3,252)        -0.050806312     -3     3    -8.6735858e-07
843 region_rec_diffs(3,253)        -0.0013821794     -3     3    3.3745531e-07
844 region_rec_diffs(3,254)        -0.0008018512     -3     3    2.3051121e-07
845 region_rec_diffs(3,255)        -0.0062850753     -3     3    -4.3983464e-07
846 region_rec_diffs(3,256)        -0.11438968     -3     3    -3.6683074e-07
847 region_rec_diffs(3,257)        -0.038043815     -3     3    4.1244835e-07
848 region_rec_diffs(3,258)        -0.020507974     -3     3    1.7259945e-06
849 region_rec_diffs(3,259)        -0.011012597     -3     3    -2.9108666e-05
850 region_rec_diffs(3,260)        -0.01796695     -3     3    1.7634807e-06
851 region_rec_diffs(3,261)        -0.0043196494     -3     3    -8.0391614e-07
852 region_rec_diffs(3,262)        -0.0055484075     -3     3    2.3202321e-06
853 region_rec_diffs(3,263)        -0.0078456257     -3     3    -3.9464615e-06
854 region_rec_diffs(3,264)        -0.012740123     -3     3    -2.4240734e-07
855 region_rec_diffs(3,265)        -0.0013446087     -3     3    2.2665255e-08
856 region_rec_diffs(3,266)        -0.0057929929     -3     3    1.7658782e-07
857 region_rec_diffs(3,267)        -0.0024539536     -3     3    -3.0739052e-07
858 region_rec_diffs(3,268)        -0.023597508     -3     3    -1.4396455e-08
859 region_rec_diffs(3,269)        -0.0017146298     -3     3    -3.5444489e-07
860 region_rec_diffs(3,270)        0.0067722469     -3     3    9.8562886e-08
861 region_rec_diffs(3,271)        -0.0090599177     -3     3    -2.7625281e-07
862 region_rec_diffs(3,272)        -0.010901288     -3     3    -9.2445711e-07
863 region_rec_diffs(3,273)        -0.0076229618     -3     3    -2.7905764e-08
864 region_rec_diffs(3,274)        -0.057721627     -3     3    -1.3638318e-06
865 region_rec_diffs(3,275)        0.00067501471     -3     3    8.7400283e-08
866 region_rec_diffs(3,276)        -0.001188374     -3     3    2.1893886e-07
867 region_rec_diffs(3,277)        -0.0002641138     -3     3    -1.0461609e-06
868 region_rec_diffs(3,278)        -0.00058875552     -3     3    1.9783346e-07
869 region_rec_diffs(3,279)        -0.00068298279     -3     3    -7.0206634e-09
870 region_rec_diffs(4,1)        0     -3     3    -4.4406811e-16
871 region_rec_diffs(4,2)        -0.19575385     -3     3    -2.6431012e-05
872 region_rec_diffs(4,3)        -0.13856594     -3     3    4.5980379e-05
873 region_rec_diffs(4,4)        -0.15723164     -3     3    -5.89912e-05
874 region_rec_diffs(4,5)        -0.17680503     -3     3    1.5774394e-06
875 region_rec_diffs(4,6)        -0.059885274     -3     3    1.1200004e-05
876 region_rec_diffs(4,7)        -0.064542247     -3     3    -4.1157385e-06
877 region_rec_diffs(4,8)        -0.9702503     -3     3    4.0770108e-05
878 region_rec_diffs(4,9)        -0.42973566     -3     3    8.8251175e-07
879 region_rec_diffs(4,10)        0.025843157     -3     3    6.7848939e-05
880 region_rec_diffs(4,11)        -0.047739273     -3     3    2.38542e-05
881 region_rec_diffs(4,12)        -0.59958116     -3     3    5.6602442e-05
882 region_rec_diffs(4,13)        -0.51090288     -3     3    2.0235713e-05
883 region_rec_diffs(4,14)        0.98939785     -3     3    -8.1836789e-06
884 region_rec_diffs(4,15)        0.17966597     -3     3    -2.56735e-05
885 region_rec_diffs(4,16)        0.41141459     -3     3    -6.3742703e-05
886 region_rec_diffs(4,17)        0.78063376     -3     3    -5.6785931e-05
887 region_rec_diffs(4,18)        -0.16772515     -3     3    4.7625216e-05
888 region_rec_diffs(4,19)        -0.14177345     -3     3    1.351824e-05
889 region_rec_diffs(4,20)        -0.034874276     -3     3    3.834064e-05
890 region_rec_diffs(4,21)        0.58375752     -3     3    -6.1520104e-06
891 region_rec_diffs(4,22)        -0.080413013     -3     3    3.0966466e-05
892 region_rec_diffs(4,23)        -0.15609659     -3     3    -1.15628e-05
893 region_rec_diffs(4,24)        0.075693519     -3     3    -3.3253287e-06
894 region_rec_diffs(4,25)        -0.051925621     -3     3    8.0565115e-07
895 region_rec_diffs(4,26)        -0.69006585     -3     3    2.193508e-05
896 region_rec_diffs(4,27)        -0.057591102     -3     3    -4.6662053e-06
897 region_rec_diffs(4,28)        0.35104774     -3     3    -4.0689112e-05
898 region_rec_diffs(4,29)        0.62251775     -3     3    -2.7789594e-05
899 region_rec_diffs(4,30)        1.040317     -3     3    -8.8582157e-05
900 region_rec_diffs(4,31)        0.25693746     -3     3    9.844682e-05
901 region_rec_diffs(4,32)        0.64166458     -3     3    -5.141818e-05
902 region_rec_diffs(4,33)        1.1690333     -3     3    -8.5577616e-05
903 region_rec_diffs(4,34)        0.51440212     -3     3    5.0439682e-05
904 region_rec_diffs(4,35)        -0.12101154     -3     3    -3.3977672e-06
905 region_rec_diffs(4,36)        -0.096734875     -3     3    1.7149709e-06
906 region_rec_diffs(4,37)        0.50271771     -3     3    5.5639167e-05
907 region_rec_diffs(4,38)        0.88295437     -3     3    -2.3994566e-05
908 region_rec_diffs(4,39)        0.13708141     -3     3    2.0203305e-05
909 region_rec_diffs(4,40)        0.188122     -3     3    -1.6280588e-05
910 region_rec_diffs(4,41)        0.80831156     -3     3    5.8481876e-05
911 region_rec_diffs(4,42)        -0.26076412     -3     3    2.1446048e-05
912 region_rec_diffs(4,43)        0.071642698     -3     3    1.3562365e-05
913 region_rec_diffs(4,44)        0.26790236     -3     3    4.7608843e-05
914 region_rec_diffs(4,45)        0.75969323     -3     3    -6.3584142e-05
915 region_rec_diffs(4,46)        0.12949526     -3     3    -8.0194013e-05
916 region_rec_diffs(4,47)        0.13938719     -3     3    3.4453732e-05
917 region_rec_diffs(4,48)        0.96021483     -3     3    6.0884385e-05
918 region_rec_diffs(4,49)        0.5885337     -3     3    4.5520534e-05
919 region_rec_diffs(4,50)        0.3820279     -3     3    -5.4606527e-05
920 region_rec_diffs(4,51)        -0.89422932     -3     3    -2.5368435e-05
921 region_rec_diffs(4,52)        0.2732262     -3     3    0.00011511991
922 region_rec_diffs(4,53)        0.75701981     -3     3    3.7931362e-05
923 region_rec_diffs(4,54)        1.2007713     -3     3    -3.9299109e-05
924 region_rec_diffs(4,55)        0.4282877     -3     3    5.4536617e-05
925 region_rec_diffs(4,56)        0.5922413     -3     3    -0.00012777796
926 region_rec_diffs(4,57)        1.2121161     -3     3    -9.5286015e-05
927 region_rec_diffs(4,58)        -0.49781832     -3     3    -2.0229645e-05
928 region_rec_diffs(4,59)        -0.12116478     -3     3    7.0842391e-06
929 region_rec_diffs(4,60)        1.2630624     -3     3    -0.00034807731
930 region_rec_diffs(4,61)        -0.35894918     -3     3    4.0205299e-05
931 region_rec_diffs(4,62)        0.1115616     -3     3    3.2034853e-05
932 region_rec_diffs(4,63)        -0.188837     -3     3    6.0123229e-06
933 region_rec_diffs(4,64)        0.95291748     -3     3    4.2895663e-05
934 region_rec_diffs(4,65)        0.84949234     -3     3    0.00011224763
935 region_rec_diffs(4,66)        0.24618244     -3     3    5.0208105e-05
936 region_rec_diffs(4,67)        -0.54120037     -3     3    -3.1669209e-05
937 region_rec_diffs(4,68)        -1.1082943     -3     3    -2.7533982e-05
938 region_rec_diffs(4,69)        -0.16252585     -3     3    -2.3144231e-05
939 region_rec_diffs(4,70)        0.57060161     -3     3    2.7587466e-05
940 region_rec_diffs(4,71)        -0.0024783112     -3     3    -3.0547532e-05
941 region_rec_diffs(4,72)        0.6465105     -3     3    -4.9617091e-06
942 region_rec_diffs(4,73)        0.15237344     -3     3    0.0001199171
943 region_rec_diffs(4,74)        -0.0042964315     -3     3    2.3875003e-05
944 region_rec_diffs(4,75)        0.33720788     -3     3    8.0351668e-05
945 region_rec_diffs(4,76)        1.3032621     -3     3    4.9644814e-05
946 region_rec_diffs(4,77)        0.19560166     -3     3    -2.5319187e-05
947 region_rec_diffs(4,78)        -0.42862983     -3     3    -1.0809808e-05
948 region_rec_diffs(4,79)        -0.42532188     -3     3    1.1037045e-05
949 region_rec_diffs(4,80)        -0.90444121     -3     3    2.685566e-05
950 region_rec_diffs(4,81)        -0.73199733     -3     3    2.4134324e-05
951 region_rec_diffs(4,82)        -0.4269221     -3     3    2.8667921e-06
952 region_rec_diffs(4,83)        0.3515586     -3     3    -9.9553312e-06
953 region_rec_diffs(4,84)        -0.089444469     -3     3    -1.4453479e-06
954 region_rec_diffs(4,85)        1.1968128     -3     3    -8.1718016e-05
955 region_rec_diffs(4,86)        0.47050903     -3     3    -4.1855207e-05
956 region_rec_diffs(4,87)        -0.51834162     -3     3    8.4015447e-05
957 region_rec_diffs(4,88)        1.4168944     -3     3    7.6766023e-06
958 region_rec_diffs(4,89)        0.68264578     -3     3    -8.4261801e-06
959 region_rec_diffs(4,90)        1.017922     -3     3    7.8807686e-05
960 region_rec_diffs(4,91)        -0.21016085     -3     3    -3.9304222e-05
961 region_rec_diffs(4,92)        -0.23973644     -3     3    -4.6724705e-07
962 region_rec_diffs(4,93)        0.050646791     -3     3    1.4420571e-05
963 region_rec_diffs(4,94)        -1.1625985     -3     3    -3.5735166e-05
964 region_rec_diffs(4,95)        1.1619403     -3     3    -0.00012692285
965 region_rec_diffs(4,96)        -0.14972118     -3     3    -2.0745539e-05
966 region_rec_diffs(4,97)        -0.28719657     -3     3    -2.3863705e-06
967 region_rec_diffs(4,98)        -0.46287418     -3     3    -1.1279095e-05
968 region_rec_diffs(4,99)        1.1863892     -3     3    -2.9503609e-05
969 region_rec_diffs(4,100)        -0.050212055     -3     3    1.4066456e-05
970 region_rec_diffs(4,101)        -0.044529359     -3     3    1.7906822e-05
971 region_rec_diffs(4,102)        0.13502653     -3     3    2.838806e-05
972 region_rec_diffs(4,103)        -0.53864752     -3     3    1.1822714e-05
973 region_rec_diffs(4,104)        1.0743192     -3     3    3.2510538e-05
974 region_rec_diffs(4,105)        -1.1725068     -3     3    -9.3063608e-06
975 region_rec_diffs(4,106)        -0.0051972596     -3     3    4.5893792e-07
976 region_rec_diffs(4,107)        -0.062501757     -3     3    -3.7910591e-06
977 region_rec_diffs(4,108)        -0.7821774     -3     3    -1.0051385e-05
978 region_rec_diffs(4,109)        0.54636195     -3     3    -9.8556002e-05
979 region_rec_diffs(4,110)        0.10841585     -3     3    1.2820359e-05
980 region_rec_diffs(4,111)        0.12538881     -3     3    5.4197364e-05
981 region_rec_diffs(4,112)        -0.56704962     -3     3    3.3004018e-05
982 region_rec_diffs(4,113)        0.73740551     -3     3    -1.9482764e-05
983 region_rec_diffs(4,114)        -0.087244853     -3     3    6.279724e-05
984 region_rec_diffs(4,115)        0.11285466     -3     3    -3.0799291e-05
985 region_rec_diffs(4,116)        0.63453868     -3     3    8.5630584e-05
986 region_rec_diffs(4,117)        -0.31416617     -3     3    2.1062941e-05
987 region_rec_diffs(4,118)        0.81275289     -3     3    7.6828071e-05
988 region_rec_diffs(4,119)        -0.45567122     -3     3    4.4973258e-05
989 region_rec_diffs(4,120)        0.9549282     -3     3    -0.00014053971
990 region_rec_diffs(4,121)        -0.065813532     -3     3    1.1139776e-05
991 region_rec_diffs(4,122)        -0.8402805     -3     3    -1.3395662e-05
992 region_rec_diffs(4,123)        0.31327626     -3     3    3.2571724e-05
993 region_rec_diffs(4,124)        0.78954943     -3     3    8.0555013e-05
994 region_rec_diffs(4,125)        0.89087492     -3     3    -4.4356767e-05
995 region_rec_diffs(4,126)        0.55721246     -3     3    6.9671992e-05
996 region_rec_diffs(4,127)        0.30043169     -3     3    0.00011206464
997 region_rec_diffs(4,128)        -0.25263017     -3     3    -2.5004715e-05
998 region_rec_diffs(4,129)        -0.34744725     -3     3    -2.6678735e-05
999 region_rec_diffs(4,130)        0.87494639     -3     3    3.0198102e-05
1000 region_rec_diffs(4,131)        0.033540182     -3     3    -1.9437388e-05
1001 region_rec_diffs(4,132)        0.44589605     -3     3    4.832816e-05
1002 region_rec_diffs(4,133)        -0.95632366     -3     3    4.4463026e-05
1003 region_rec_diffs(4,134)        -0.30874369     -3     3    -4.139028e-05
1004 region_rec_diffs(4,135)        -0.31048037     -3     3    7.1185794e-05
1005 region_rec_diffs(4,136)        -0.86616933     -3     3    5.178029e-05
1006 region_rec_diffs(4,137)        0.71427763     -3     3    0.00010514708
1007 region_rec_diffs(4,138)        1.3917307     -3     3    -3.6058518e-05
1008 region_rec_diffs(4,139)        0.2970943     -3     3    -0.00010897704
1009 region_rec_diffs(4,140)        -2.0458259     -3     3    -1.8006094e-05
1010 region_rec_diffs(4,141)        -1.7501903     -3     3    -6.0276465e-05
1011 region_rec_diffs(4,142)        -0.58122924     -3     3    3.310713e-06
1012 region_rec_diffs(4,143)        0.12777772     -3     3    3.1425378e-05
1013 region_rec_diffs(4,144)        -0.32594785     -3     3    -1.5859054e-05
1014 region_rec_diffs(4,145)        -1.3984693     -3     3    8.1031128e-06
1015 region_rec_diffs(4,146)        1.1564019     -3     3    3.4293908e-05
1016 region_rec_diffs(4,147)        1.3884174     -3     3    -2.6601973e-06
1017 region_rec_diffs(4,148)        -1.1587403     -3     3    -5.6118839e-05
1018 region_rec_diffs(4,149)        -1.1566693     -3     3    4.5137945e-05
1019 region_rec_diffs(4,150)        0.14092363     -3     3    -3.7010334e-05
1020 region_rec_diffs(4,151)        0.5559973     -3     3    9.9076889e-05
1021 region_rec_diffs(4,152)        -2.6785547     -3     3    1.9182627e-05
1022 region_rec_diffs(4,153)        -2.9999998     -3     3    -7.9325594e-06   *************
1023 region_rec_diffs(4,154)        0.96320258     -3     3    -3.2315668e-06
1024 region_rec_diffs(4,155)        1.2521357     -3     3    -8.293875e-05
1025 region_rec_diffs(4,156)        -2.4826716     -3     3    -1.2627936e-05
1026 region_rec_diffs(4,157)        -0.529094     -3     3    -3.7255421e-06
1027 region_rec_diffs(4,158)        0.59074487     -3     3    -8.8358718e-05
1028 region_rec_diffs(4,159)        1.4052036     -3     3    -0.00045349004
1029 region_rec_diffs(4,160)        -0.28128743     -3     3    -0.00010886984
1030 region_rec_diffs(4,161)        -0.31785901     -3     3    1.9045601e-05
1031 region_rec_diffs(4,162)        1.3344277     -3     3    0.0001304556
1032 region_rec_diffs(4,163)        1.2230685     -3     3    0.00015236619
1033 region_rec_diffs(4,164)        -2.5291543     -3     3    -4.2256547e-05
1034 region_rec_diffs(4,165)        -1.8870403     -3     3    -4.3643672e-05
1035 region_rec_diffs(4,166)        -0.20317095     -3     3    -1.5668007e-05
1036 region_rec_diffs(4,167)        1.4112493     -3     3    7.6658227e-05
1037 region_rec_diffs(4,168)        -1.0525122     -3     3    -2.2782434e-05
1038 region_rec_diffs(4,169)        -1.9042016     -3     3    -1.9146882e-05
1039 region_rec_diffs(4,170)        0.67019808     -3     3    -6.1383619e-05
1040 region_rec_diffs(4,171)        1.1919537     -3     3    7.2745676e-05
1041 region_rec_diffs(4,172)        0.86016025     -3     3    8.7572226e-05
1042 region_rec_diffs(4,173)        -1.1872158     -3     3    1.7261258e-05
1043 region_rec_diffs(4,174)        1.2461223     -3     3    0.00029202457
1044 region_rec_diffs(4,175)        1.2554216     -3     3    8.7849877e-05
1045 region_rec_diffs(4,176)        -1.4873846     -3     3    -2.3799103e-05
1046 region_rec_diffs(4,177)        -2.9999992     -3     3    1.0891851e-05   *************
1047 region_rec_diffs(4,178)        -2.6656062     -3     3    -7.0543173e-05
1048 region_rec_diffs(4,179)        1.3715894     -3     3    -0.00013942504
1049 region_rec_diffs(4,180)        -1.6203859     -3     3    -5.2946852e-07
1050 region_rec_diffs(4,181)        -2.9010406     -3     3    1.9832108e-05
1051 region_rec_diffs(4,182)        0.23191939     -3     3    -1.8042307e-05
1052 region_rec_diffs(4,183)        -0.32869835     -3     3    5.8745516e-05
1053 region_rec_diffs(4,184)        -1.8145717     -3     3    2.0342015e-05
1054 region_rec_diffs(4,185)        -2.9539997     -3     3    4.2883349e-05
1055 region_rec_diffs(4,186)        0.24339235     -3     3    2.973347e-05
1056 region_rec_diffs(4,187)        1.3306448     -3     3    -0.0001048295
1057 region_rec_diffs(4,188)        -1.7581857     -3     3    -6.5102049e-05
1058 region_rec_diffs(4,189)        -2.3855212     -3     3    -3.389433e-05
1059 region_rec_diffs(4,190)        -2.296213     -3     3    -2.7763683e-07
1060 region_rec_diffs(4,191)        0.68914324     -3     3    0.00016303373
1061 region_rec_diffs(4,192)        -0.34857912     -3     3    6.2003075e-05
1062 region_rec_diffs(4,193)        -3     -3     3    -1.6480568e-05   *************
1063 region_rec_diffs(4,194)        0.10506051     -3     3    -9.967626e-05
1064 region_rec_diffs(4,195)        1.2013484     -3     3    7.8341645e-05
1065 region_rec_diffs(4,196)        0.46966873     -3     3    -8.4190961e-07
1066 region_rec_diffs(4,197)        -2.0466356     -3     3    -9.7922153e-06
1067 region_rec_diffs(4,198)        -1.6012438     -3     3    -2.222635e-05
1068 region_rec_diffs(4,199)        1.367923     -3     3    5.5102994e-05
1069 region_rec_diffs(4,200)        1.3840587     -3     3    3.5246496e-05
1070 region_rec_diffs(4,201)        -2.9999998     -3     3    -4.8100386e-06   *************
1071 region_rec_diffs(4,202)        -1.978534     -3     3    4.3824172e-06
1072 region_rec_diffs(4,203)        1.3728221     -3     3    -5.0449664e-05
1073 region_rec_diffs(4,204)        0.27121226     -3     3    0.00012384615
1074 region_rec_diffs(4,205)        0.47268838     -3     3    -2.6728186e-05
1075 region_rec_diffs(4,206)        -1.3501054     -3     3    -2.3227326e-05
1076 region_rec_diffs(4,207)        -0.67695658     -3     3    4.0717088e-05
1077 region_rec_diffs(4,208)        -1.9954522     -3     3    3.1727206e-06
1078 region_rec_diffs(4,209)        -2.9999992     -3     3    8.0525802e-06   *************
1079 region_rec_diffs(4,210)        -2.8871506     -3     3    -4.9115262e-05
1080 region_rec_diffs(4,211)        1.4744379     -3     3    9.9311292e-05
1081 region_rec_diffs(4,212)        1.1841452     -3     3    -4.3121323e-05
1082 region_rec_diffs(4,213)        0.42486067     -3     3    -1.4206314e-05
1083 region_rec_diffs(4,214)        0.025375331     -3     3    -1.1073486e-06
1084 region_rec_diffs(4,215)        1.2033962     -3     3    0.00017139794
1085 region_rec_diffs(4,216)        0.86441097     -3     3    -3.1938176e-05
1086 region_rec_diffs(4,217)        -2.4213902     -3     3    2.8896227e-05
1087 region_rec_diffs(4,218)        0.68091315     -3     3    -1.0284256e-05
1088 region_rec_diffs(4,219)        1.2767893     -3     3    0.00038286584
1089 region_rec_diffs(4,220)        0.98646182     -3     3    -6.5555143e-05
1090 region_rec_diffs(4,221)        -2.9999996     -3     3    -1.8056119e-06   *************
1091 region_rec_diffs(4,222)        -0.81694409     -3     3    -7.2083126e-05
1092 region_rec_diffs(4,223)        1.3598068     -3     3    5.5557185e-05
1093 region_rec_diffs(4,224)        0.20087024     -3     3    -1.4918699e-05
1094 region_rec_diffs(4,225)        -1.0285529     -3     3    -6.1380403e-05
1095 region_rec_diffs(4,226)        -2.0964904     -3     3    -2.7233949e-05
1096 region_rec_diffs(4,227)        0.60244887     -3     3    -3.1877092e-05
1097 region_rec_diffs(4,228)        1.1907341     -3     3    8.0738429e-06
1098 region_rec_diffs(4,229)        -1.496782     -3     3    5.8795533e-05
1099 region_rec_diffs(4,230)        0.11984312     -3     3    -5.6075575e-05
1100 region_rec_diffs(4,231)        1.3590071     -3     3    3.7122722e-05
1101 region_rec_diffs(4,232)        0.28306927     -3     3    -6.9166626e-05
1102 region_rec_diffs(4,233)        -1.56032     -3     3    4.9021751e-05
1103 region_rec_diffs(4,234)        0.31665511     -3     3    3.3177356e-05
1104 region_rec_diffs(4,235)        1.2975217     -3     3    -4.9105104e-05
1105 region_rec_diffs(4,236)        0.76675088     -3     3    -3.1857721e-05
1106 region_rec_diffs(4,237)        -2.6227158     -3     3    -7.668975e-05
1107 region_rec_diffs(4,238)        0.073742989     -3     3    2.0811592e-05
1108 region_rec_diffs(4,239)        1.2890623     -3     3    -5.4065006e-07
1109 region_rec_diffs(4,240)        0.82573567     -3     3    6.4589081e-05
1110 region_rec_diffs(4,241)        -1.9305716     -3     3    -4.2828964e-05
1111 region_rec_diffs(4,242)        -1.0913899     -3     3    -0.000119485
1112 region_rec_diffs(4,243)        1.0787133     -3     3    2.0564199e-05
1113 region_rec_diffs(4,244)        0.57810329     -3     3    -9.4666822e-05
1114 region_rec_diffs(4,245)        -1.1313153     -3     3    5.1181473e-05
1115 region_rec_diffs(4,246)        -0.049049481     -3     3    -4.759782e-05
1116 region_rec_diffs(4,247)        1.1044461     -3     3    -2.9873597e-05
1117 region_rec_diffs(4,248)        0.51501271     -3     3    0.00011906824
1118 region_rec_diffs(4,249)        -0.78209624     -3     3    1.9405068e-05
1119 region_rec_diffs(4,250)        -0.40920963     -3     3    -4.7394488e-05
1120 region_rec_diffs(4,251)        1.1043076     -3     3    -0.00012773763
1121 region_rec_diffs(4,252)        -0.028109962     -3     3    0.00014648491
1122 region_rec_diffs(4,253)        -1.8450869     -3     3    0.00012678984
1123 region_rec_diffs(4,254)        -0.11190693     -3     3    0.00023550492
1124 region_rec_diffs(4,255)        1.2444547     -3     3    0.00023119999
1125 region_rec_diffs(4,256)        -0.5758077     -3     3    5.6479878e-06
1126 region_rec_diffs(4,257)        -2.9999998     -3     3    2.0743868e-06   *************
1127 region_rec_diffs(4,258)        -0.21347312     -3     3    -7.2887138e-06
1128 region_rec_diffs(4,259)        0.57670509     -3     3    6.5071746e-05
1129 region_rec_diffs(4,260)        0.071515003     -3     3    -0.00021520987
1130 region_rec_diffs(4,261)        -2.5906666     -3     3    -7.441145e-05
1131 region_rec_diffs(4,262)        -2.9154378     -3     3    1.9943334e-05
1132 region_rec_diffs(4,263)        1.0161664     -3     3    -7.6601714e-05
1133 region_rec_diffs(4,264)        0.92582183     -3     3    -4.9090876e-05
1134 region_rec_diffs(4,265)        -1.0303339     -3     3    -9.4061402e-05
1135 region_rec_diffs(4,266)        -1.6423623     -3     3    2.6489521e-05
1136 region_rec_diffs(4,267)        0.75151289     -3     3    -7.2448473e-05
1137 region_rec_diffs(4,268)        0.54271324     -3     3    0.00011058256
1138 region_rec_diffs(4,269)        -2.1539018     -3     3    -0.00012933312
1139 region_rec_diffs(4,270)        0.47855563     -3     3    4.1542334e-06
1140 region_rec_diffs(4,271)        1.3841578     -3     3    0.00051744817
1141 region_rec_diffs(4,272)        0.55056517     -3     3    0.00025549867
1142 region_rec_diffs(4,273)        -2.3459443     -3     3    4.9401625e-06
1143 region_rec_diffs(4,274)        0.98767855     -3     3    -6.8133837e-06
1144 region_rec_diffs(4,275)        0.42892652     -3     3    0.00026000302
1145 region_rec_diffs(4,276)        1.0995917     -3     3    -0.00012369817
1146 region_rec_diffs(4,277)        1.209894     -3     3    -0.00022139895
1147 region_rec_diffs(4,278)        0.57843484     -3     3    -0.00011464283
1148 region_rec_diffs(4,279)        0.88840632     -3     3    -6.0288919e-05
1149 bs_selcoff_gp:1(1,1,1,1)        -9.4783034     -20     7    3.5681576e-05
1150 bs_selcoff_gp:1(1,1,1,2)        -2.5849123     -20     7    -5.9528902e-07
1151 bs_selcoff_gp:1(1,1,1,3)        0.84306063     -20     7    1.0338564e-05
1152 bs_selcoff_gp:1(1,1,1,4)        0.47066558     -20     7    1.3422865e-05
1153 bs_selcoff_gp:2(2,1,1,1)        -5.5431247     -20     7    -1.3094209e-05
1154 bs_selcoff_gp:2(2,1,1,2)        -1.3671751     -20     7    -0.00013520297
1155 bs_selcoff_gp:2(2,1,1,3)        0.60454831     -20     7    -0.00015351943
1156 bs_selcoff_gp:2(2,1,1,4)        0.64752539     -20     7    3.4418431e-05
1157 bs_selcoff_gp:3(3,1,1,1)        -12.375814     -20     7    -8.8425251e-05
1158 bs_selcoff_gp:3(3,1,1,2)        -3.6001868     -20     7    6.4244649e-05
1159 bs_selcoff_gp:3(3,1,1,3)        0.80156322     -20     7    7.2976164e-05
1160 bs_selcoff_gp:3(3,1,1,4)        0.55598721     -20     7    1.6923666e-05
1161 bs_selcoff_gp:4(4,1,1,1)        -4.3684764     -20     7    -6.8963533e-05
1162 bs_selcoff_gp:4(4,1,1,2)        -1.3621532     -20     7    0.00012951829
1163 bs_selcoff_gp:4(4,1,1,3)        0.90858654     -20     7    -4.4054575e-05
1164 bs_selcoff_gp:4(4,1,1,4)        0.2234751     -20     7    5.1838216e-05
1165 bs_selcoff_gp:5(5,1,1,1)        -5.2326246     -20     7    -1.1226901e-05
1166 bs_selcoff_gp:5(5,1,1,2)        -1.7118974     -20     7    -7.0070314e-05
1167 bs_selcoff_gp:5(5,1,1,3)        0.82591397     -20     7    -6.8445387e-05
1168 bs_selcoff_gp:5(5,1,1,4)        0.42536841     -20     7    -3.7721819e-06
1169 bs_selcoff_gp:6(6,1,1,1)        -5.2956406     -20     7    4.4409631e-05
1170 bs_selcoff_gp:6(6,1,1,2)        -1.5098181     -20     7    -4.2152479e-05
1171 bs_selcoff_gp:6(6,1,1,3)        0.80954878     -20     7    4.0874701e-05
1172 bs_selcoff_gp:6(6,1,1,4)        0.42340359     -20     7    3.1760919e-05
1173 bs_selcoff_gp:7(7,1,1,1)        -6.0810185     -20     7    -2.897101e-05
1174 bs_selcoff_gp:7(7,1,1,2)        -1.9681394     -20     7    -6.4635103e-05
1175 bs_selcoff_gp:7(7,1,1,3)        0.85444028     -20     7    0.00011768345
1176 bs_selcoff_gp:7(7,1,1,4)        0.41073843     -20     7    -0.00018373271
1177 bs_selcoff_gp:8(8,1,1,1)        -5.1039914     -20     7    -3.9673986e-05
1178 bs_selcoff_gp:8(8,1,1,2)        -4.0738742     -20     7    -7.1056603e-06
1179 bs_selcoff_gp:8(8,1,1,3)        0.89059652     -20     7    -3.1762379e-05
1180 bs_selcoff_gp:8(8,1,1,4)        0.4319924     -20     7    -1.8752842e-05
1181 bs_selcoff_gp:9(9,1,1,1)        -8.0108361     -20     7    -3.8103151e-05
1182 bs_selcoff_gp:9(9,1,1,2)        -6.1313397     -20     7    4.2841899e-05
1183 bs_selcoff_gp:9(9,1,1,3)        0.020678307     -20     7    -4.8425093e-05
1184 bs_selcoff_gp:9(9,1,1,4)        1.090781     -20     7    1.5596663e-05
1185 bs_selcoff_gp:10(10,1,1,1)        -4.3312655     -20     7    -7.6089131e-06
1186 bs_selcoff_gp:10(10,1,1,2)        -0.61786152     -20     7    0.00016566174
1187 bs_selcoff_gp:10(10,1,1,3)        0.55896577     -20     7    6.8767475e-05
1188 bs_selcoff_gp:10(10,1,1,4)        0.52999088     -20     7    2.1374492e-05
1189 bs_selcoff_gp:11(11,1,1,1)        -7.927794     -20     7    -1.4956955e-05
1190 bs_selcoff_gp:11(11,1,1,2)        -3.2468018     -20     7    -9.7208382e-05
1191 bs_selcoff_gp:11(11,1,1,3)        1.239333     -20     7    3.197167e-07
1192 bs_selcoff_gp:11(11,1,1,4)        -0.67840771     -20     7    3.4732097e-05
1193 bs_selcoff_gp:12(12,1,1,1)        -10.45613     -20     7    9.771763e-05
1194 bs_selcoff_gp:12(12,1,1,2)        -4.2538044     -20     7    -0.00010726424
1195 bs_selcoff_gp:12(12,1,1,3)        0.92546552     -20     7    -1.35727e-05
1196 bs_selcoff_gp:12(12,1,1,4)        0.38029642     -20     7    9.8438656e-06
1197 bs_selcoff_gp:13(13,1,1,1)        0.15788801     -20     7    6.8467734e-05
1198 bs_selcoff_gp:13(13,1,1,2)        1.0130362     -20     7    -2.8833139e-05
1199 bs_selcoff_gp:13(13,1,1,3)        -3.1527757     -20     7    6.2934507e-05
1200 bs_selcoff_gp:13(13,1,1,4)        -3.4329298     -20     7    0.00011002033
1201 bs_selcoff_gp:14(14,1,1,1)        0.40299227     -20     7    0.0001121616
1202 bs_selcoff_gp:14(14,1,1,2)        0.86035241     -20     7    -2.8117971e-05
1203 bs_selcoff_gp:14(14,1,1,3)        -2.0566769     -20     7    -7.2631513e-06
1204 bs_selcoff_gp:14(14,1,1,4)        -4.4368741     -20     7    -8.7690571e-05
1205 bs_selcoff_gp:15(15,1,1,1)        0.12038789     -20     7    3.2902706e-05
1206 bs_selcoff_gp:15(15,1,1,2)        1.0192756     -20     7    -1.1655191e-05
1207 bs_selcoff_gp:15(15,1,1,3)        -2.5000723     -20     7    1.5705483e-07
1208 bs_selcoff_gp:15(15,1,1,4)        -3.9738315     -20     7    -9.7901044e-06
1209 bs_selcoff_gp:16(16,1,1,1)        -0.87641439     -20     7    8.1401699e-05
1210 bs_selcoff_gp:16(16,1,1,2)        1.2387875     -20     7    -4.0668813e-06
1211 bs_selcoff_gp:16(16,1,1,3)        -2.0685033     -20     7    -0.00016419194
1212 bs_selcoff_gp:16(16,1,1,4)        -5.1290854     -20     7    2.2088355e-07
1213 bs_selcoff_gp:17(17,1,1,1)        0.05433961     -20     7    6.6430485e-05
1214 bs_selcoff_gp:17(17,1,1,2)        1.0455918     -20     7    -1.8328498e-05
1215 bs_selcoff_gp:17(17,1,1,3)        -2.3413799     -20     7    -7.4687168e-05
1216 bs_selcoff_gp:17(17,1,1,4)        -5.8507121     -20     7    -4.7651492e-07
1217 bs_selcoff_gp:18(18,1,1,1)        -0.62518936     -20     7    -0.00013773414
1218 bs_selcoff_gp:18(18,1,1,2)        1.2105494     -20     7    2.7156167e-05
1219 bs_selcoff_gp:18(18,1,1,3)        -2.3664467     -20     7    0.00010864169
1220 bs_selcoff_gp:18(18,1,1,4)        -4.1541631     -20     7    7.9472655e-06
1221 bs_selcoff_gp:19(19,1,1,1)        0.42823068     -20     7    -6.4814444e-05
1222 bs_selcoff_gp:19(19,1,1,2)        0.82794979     -20     7    -3.1015961e-05
1223 bs_selcoff_gp:19(19,1,1,3)        -1.7794388     -20     7    4.7830917e-05
1224 bs_selcoff_gp:19(19,1,1,4)        -4.8156026     -20     7    2.8977106e-05
1225 bs_selcoff_gp:20(20,1,1,1)        -2.1226899     -20     7    -8.4673526e-05
1226 bs_selcoff_gp:20(20,1,1,2)        -0.44070393     -20     7    0.00021352369
1227 bs_selcoff_gp:20(20,1,1,3)        -0.66564281     -20     7    0.0002456168
1228 bs_selcoff_gp:20(20,1,1,4)        1.001659     -20     7    -7.9593734e-05
1229 bs_selcoff_gp:21(21,1,1,1)        -0.092030372     -20     7    2.7068138e-05
1230 bs_selcoff_gp:21(21,1,1,2)        1.0877608     -20     7    -2.859701e-05
1231 bs_selcoff_gp:21(21,1,1,3)        -2.1392288     -20     7    4.9070491e-06
1232 bs_selcoff_gp:21(21,1,1,4)        -5.9692219     -20     7    6.9886083e-06
1233 bs_selcoff_gp:22(22,1,1,1)        -3.281842     -20     7    -4.2580215e-05
1234 bs_selcoff_gp:22(22,1,1,2)        1.2977431     -20     7    -1.9431896e-06
1235 bs_selcoff_gp:22(22,1,1,3)        -1.2621907     -20     7    5.5502174e-05
1236 bs_selcoff_gp:22(22,1,1,4)        -3.996023     -20     7    4.6876246e-05
1237 bs_selcoff_gp:23(23,1,1,1)        -3.4655808     -20     7    -2.8404454e-05
1238 bs_selcoff_gp:23(23,1,1,2)        1.3658607     -20     7    4.2414933e-05
1239 bs_selcoff_gp:23(23,1,1,3)        -3.0032979     -20     7    -3.952234e-05
1240 bs_selcoff_gp:23(23,1,1,4)        -18.873492     -20     7    -0.00010886227
1241 bs_selcoff_gp:24(24,1,1,1)        -3.6613287     -20     7    -2.2973419e-05
1242 bs_selcoff_gp:24(24,1,1,2)        0.88065739     -20     7    -2.0946136e-06
1243 bs_selcoff_gp:24(24,1,1,3)        0.44573944     -20     7    5.2683405e-05
1244 bs_selcoff_gp:24(24,1,1,4)        -8.6488477     -20     7    -3.4105627e-07
1245 bs_selcoff_gp:25(25,1,1,1)        -19.626044     -20     7    0.00013402805
1246 bs_selcoff_gp:25(25,1,1,2)        1.3862619     -20     7    -6.3951245e-05
1247 bs_selcoff_gp:25(25,1,1,3)        -13.478033     -20     7    -8.0142032e-05
1248 bs_selcoff_gp:25(25,1,1,4)        -8.6896627     -20     7    2.3432357e-05
1249 bs_selcoff_gp:26(26,1,1,1)        -1.0083152     -20     7    0.000156263
1250 bs_selcoff_gp:26(26,1,1,2)        1.2859959     -20     7    -7.7641786e-05
1251 bs_selcoff_gp:26(26,1,1,3)        -4.1450373     -20     7    -1.2511722e-05
1252 bs_selcoff_gp:26(26,1,1,4)        -6.8477522     -20     7    1.6009774e-05
1253 bs_selcoff_gp:27(27,1,1,1)        -2.3377563     -20     7    7.447274e-05
1254 bs_selcoff_gp:27(27,1,1,2)        1.355788     -20     7    -0.00017285964
1255 bs_selcoff_gp:27(27,1,1,3)        -3.8033538     -20     7    -6.6415018e-05
1256 bs_selcoff_gp:27(27,1,1,4)        -6.6230647     -20     7    5.7277489e-05
1257 bs_selcoff_gp:28(28,1,1,1)        -3.0985101     -20     7    -7.3140887e-05
1258 bs_selcoff_gp:28(28,1,1,2)        1.375349     -20     7    1.2174925e-05
1259 bs_selcoff_gp:28(28,1,1,3)        -20     -20     7    3.4557045e-06   *************
1260 bs_selcoff_gp:28(28,1,1,4)        -7.7595649     -20     7    5.6746132e-05
1261 bs_selcoff_gp:29(29,1,1,1)        -9.1765596     -20     7    7.7282171e-05
1262 bs_selcoff_gp:29(29,1,1,2)        -2.9687938     -20     7    -0.00016852143
1263 bs_selcoff_gp:29(29,1,1,3)        0.8265411     -20     7    8.1668275e-07
1264 bs_selcoff_gp:29(29,1,1,4)        0.50870011     -20     7    -4.0184566e-05
1265 recr(2)        0.93000505     -20     20    -0.00011194234
1266 recr(3)        0.98173002     -20     20    -8.9602074e-05
1267 recr(4)        0.96361282     -20     20    -9.4429765e-05
1268 recr(5)        0.942501     -20     20    4.7056581e-06
1269 recr(6)        -0.50931974     -20     20    5.8411053e-05
1270 recr(7)        -0.56111167     -20     20    4.189745e-05
1271 recr(8)        2.1467769     -20     20    -7.6644479e-06
1272 recr(9)        0.8341316     -20     20    2.4834919e-05
1273 recr(10)        0.46835281     -20     20    7.9527629e-05
1274 recr(11)        -0.71437621     -20     20    4.6935493e-05
1275 recr(12)        1.7092605     -20     20    -1.4883073e-05
1276 recr(13)        1.6609234     -20     20    0.00010562364
1277 recr(14)        1.8563968     -20     20    0.00010230988
1278 recr(15)        -1.4786682     -20     20    7.0017245e-05
1279 recr(16)        -1.4284595     -20     20    6.7500046e-06
1280 recr(17)        0.24396613     -20     20    1.3078949e-05
1281 recr(18)        1.7505087     -20     20    1.8131448e-05
1282 recr(19)        -0.68882442     -20     20    4.9194056e-05
1283 recr(20)        -1.1204618     -20     20    4.1919134e-05
1284 recr(21)        0.66633682     -20     20    1.3574343e-05
1285 recr(22)        1.1139241     -20     20    1.3374859e-05
1286 recr(23)        -0.36651349     -20     20    6.0408058e-05
1287 recr(24)        -0.29774948     -20     20    4.7033788e-05
1288 recr(25)        0.28346827     -20     20    5.8886094e-05
1289 recr(26)        1.3342592     -20     20    -0.00010853189
1290 recr(27)        -1.0449697     -20     20    2.2512132e-05
1291 recr(28)        2.0354032     -20     20    -0.00015647137
1292 recr(29)        1.3810865     -20     20    -4.8093516e-05
1293 recr(30)        -0.23450837     -20     20    2.1274227e-06
1294 recr(31)        -2.3661974     -20     20    5.1736012e-05
1295 recr(32)        -1.6909898     -20     20    3.8055311e-05
1296 recr(33)        -0.10726501     -20     20    2.6431025e-06
1297 recr(34)        1.7501158     -20     20    6.7248359e-05
1298 recr(35)        -2.0178353     -20     20    9.7710705e-05
1299 recr(36)        -2.0439197     -20     20    7.9326927e-05
1300 recr(37)        1.8947598     -20     20    8.362094e-05
1301 recr(38)        -0.50208871     -20     20    3.3176906e-05
1302 recr(39)        -2.6864082     -20     20    5.4996128e-05
1303 recr(40)        -2.3101173     -20     20    7.5437235e-05
1304 recr(41)        1.189293     -20     20    0.00021017549
1305 recr(42)        1.3579678     -20     20    -1.2189591e-05
1306 recr(43)        -1.9725046     -20     20    1.5744903e-05
1307 recr(44)        -0.78715883     -20     20    3.3334283e-05
1308 recr(45)        1.4867261     -20     20    -0.00011068757
1309 recr(46)        -1.1651837     -20     20    2.8112527e-05
1310 recr(47)        -1.2737117     -20     20    1.5056522e-05
1311 recr(48)        0.064602215     -20     20    -1.689818e-05
1312 recr(49)        1.6545019     -20     20    4.6199249e-06
1313 recr(50)        -2.3314863     -20     20    -2.4886596e-06
1314 recr(51)        0.21692289     -20     20    -7.0928807e-05
1315 recr(52)        -1.8169877     -20     20    2.8819122e-05
1316 recr(53)        1.0403588     -20     20    0.00024627704
1317 recr(54)        0.40614355     -20     20    0.00015200834
1318 recr(55)        -0.35453769     -20     20    7.5837063e-05
1319 recr(56)        -0.881484     -20     20    -2.3980835e-05
1320 recr(57)        0.35784258     -20     20    -4.7931939e-05
1321 recr(58)        1.2539474     -20     20    0.00013318463
1322 recr(59)        -0.53425749     -20     20    -1.7330553e-06
1323 recr(60)        1.2161831     -20     20    -1.8424278e-05
1324 recr(61)        1.2597883     -20     20    -0.0001640073
1325 recr(62)        -1.9057162     -20     20    -3.9923826e-05
1326 recr(63)        -1.3276017     -20     20    -2.513934e-05
1327 recr(64)        -0.081987174     -20     20    3.9096551e-05
1328 recr(65)        0.9437104     -20     20    1.7231429e-05
1329 recr(66)        -2.162244     -20     20    4.8395415e-05
1330 recr(67)        -0.89333328     -20     20    1.7498275e-05
1331 recr(68)        0.75653949     -20     20    -8.6031965e-05
1332 recr(69)        0.51852678     -20     20    2.326428e-05
1333 recr(70)        0.88702556     -20     20    -5.2529437e-06
1334 recr(71)        -0.94636643     -20     20    -1.4661461e-05
1335 recr(72)        0.38793438     -20     20    0.0001501263
1336 recr(73)        1.674395     -20     20    -0.00016058926
1337 recr(74)        -0.63480649     -20     20    -1.4899653e-05
1338 recr(75)        -2.9448604     -20     20    -3.7505494e-05
1339 recr(76)        -0.19270836     -20     20    -2.061104e-05
1340 recr(77)        -0.060150841     -20     20    8.9220457e-06
1341 recr(78)        -1.8651121     -20     20    1.8309579e-05
1342 recr(79)        -2.8143053     -20     20    -7.7675797e-06
1343 recr(80)        1.2310855     -20     20    2.7037895e-06
1344 recr(81)        0.37234184     -20     20    -5.3732502e-06
1345 recr(82)        -1.0923135     -20     20    -2.2899644e-05
1346 recr(83)        0.71543688     -20     20    -0.0001291493
1347 recr(84)        0.59327094     -20     20    -8.7913216e-05
1348 recr(85)        0.88704569     -20     20    -0.00012903463
1349 recr(86)        -3.0131972     -20     20    -7.5790824e-06
1350 recr(87)        0.32208204     -20     20    -0.00026687174
1351 recr(88)        1.323274     -20     20    -0.00018991491
1352 recr(89)        -1.7741727     -20     20    -7.974302e-06
1353 recr(90)        -2.4793112     -20     20    5.8099179e-06
1354 recr(91)        -0.010355091     -20     20    4.5072949e-05
1355 recr(92)        0.066121388     -20     20    -5.4091511e-08
1356 recr(93)        -2.5429133     -20     20    3.3639847e-06
1357 recr(94)        2.0011026     -20     20    1.5739306e-05
1358 recr(95)        0.97870417     -20     20    -0.00010391059
1359 recr(96)        -0.34918249     -20     20    -1.1953683e-05
1360 recr(97)        -1.0729699     -20     20    4.0717802e-05
1361 recr(98)        -1.7946761     -20     20    -9.4163057e-05
1362 recr(99)        -0.1618995     -20     20    -7.9457052e-05
1363 recr(100)        1.2312794     -20     20    0.0001936581
1364 recr(101)        0.73761125     -20     20    8.598683e-05
1365 recr(102)        -3.4717019     -20     20    3.4203923e-05
1366 recr(103)        0.17005108     -20     20    0.00012061648
1367 recr(104)        1.4933557     -20     20    -4.217455e-05
1368 recr(105)        0.022458608     -20     20    1.9376843e-05
1369 recr(106)        -3.9962357     -20     20    1.8374302e-05
1370 recr(107)        -3.0227597     -20     20    4.1646211e-06
1371 recr(108)        0.40496661     -20     20    -0.00013672584
1372 recr(109)        0.57953141     -20     20    -3.830731e-06
1373 recr(110)        -3.1405845     -20     20    -2.3224717e-06
1374 recr(111)        -3.476949     -20     20    1.6491245e-05
1375 recr(112)        0.76702717     -20     20    -0.00010780035
1376 recr(113)        1.3906847     -20     20    2.8737446e-08
1377 recr(114)        -1.2595287     -20     20    1.8353788e-05
1378 recr(115)        -1.6572392     -20     20    3.0870635e-05
1379 recr(116)        0.64755871     -20     20    5.5130792e-05
1380 recr(117)        0.73506368     -20     20    0.00020854237
1381 recr(118)        -1.8230951     -20     20    1.1716208e-05
1382 recr(119)        0.4204521     -20     20    -5.8200303e-05
1383 recr(120)        1.0138045     -20     20    7.1085147e-05
1384 recr(121)        1.063192     -20     20    1.0157499e-05
1385 recr(122)        0.55918095     -20     20    8.1551778e-05
1386 recr(123)        -1.0048995     -20     20    2.2947616e-05
1387 recr(124)        0.99860546     -20     20    1.9851236e-05
1388 recr(125)        -0.9159917     -20     20    5.4734165e-05
1389 recr(126)        0.32231352     -20     20    6.5536612e-05
1390 recr(127)        -1.1337223     -20     20    -2.2303183e-05
1391 recr(128)        0.75966299     -20     20    -7.7558404e-05
1392 recr(129)        -0.20087792     -20     20    -1.8557235e-05
1393 recr(130)        -1.1623681     -20     20    5.9386542e-05
1394 recr(131)        -0.50898752     -20     20    -3.778652e-05
1395 recr(132)        0.59508027     -20     20    0.00010102512
1396 recr(133)        1.4259344     -20     20    2.6693705e-05
1397 recr(134)        -0.33849732     -20     20    3.7950724e-05
1398 recr(135)        -0.033621237     -20     20    3.6331696e-05
1399 recr(136)        1.3429502     -20     20    1.2953789e-05
1400 recr(137)        -1.1194953     -20     20    -1.8847641e-05
1401 recr(138)        -0.54684908     -20     20    -2.3656786e-05
1402 recr(139)        -2.1526763     -20     20    1.9431324e-05
1403 recr(140)        1.1093282     -20     20    2.3477923e-05
1404 recr(141)        0.70940211     -20     20    4.8899363e-05
1405 recr(142)        -1.467471     -20     20    -1.1522075e-05
1406 recr(143)        -0.55541328     -20     20    -1.6799032e-06
1407 recr(144)        1.0186879     -20     20    -3.8730723e-05
1408 recr(145)        1.6013153     -20     20    0.00027927458
1409 recr(146)        -1.1598538     -20     20    2.9125081e-05
1410 recr(147)        -0.023839027     -20     20    6.285746e-05
1411 recr(148)        1.0929656     -20     20    0.00038711764
1412 recr(149)        -1.4719926     -20     20    1.5478838e-05
1413 recr(150)        -2.6851861     -20     20    5.2933245e-05
1414 recr(151)        0.68023986     -20     20    -0.00012592783
1415 recr(152)        0.45776389     -20     20    8.2629994e-05
1416 recr(153)        0.7152799     -20     20    7.6890127e-05
1417 recr(154)        -0.0043897835     -20     20    0.00014897134
1418 recr(155)        -0.014404315     -20     20    0.00022027125
1419 recr(156)        1.0731257     -20     20    0.00026339822
1420 recr(157)        -2.4917664     -20     20    4.7833829e-05
1421 recr(158)        -1.5852395     -20     20    0.00038568407
1422 recr(159)        -0.1729686     -20     20    0.00047295835
1423 recr(160)        0.84012752     -20     20    0.00054883094
1424 recr(161)        0.98321227     -20     20    -3.2592099e-06
1425 recr(162)        -0.51807248     -20     20    3.0097964e-05
1426 recr(163)        0.16686785     -20     20    -0.00029993745
1427 recr(164)        1.2125729     -20     20    5.262816e-05
1428 recr(165)        -0.4974304     -20     20    -3.2485875e-05
1429 recr(166)        -1.6018887     -20     20    0.0001572242
1430 recr(167)        0.67896637     -20     20    2.3612935e-06
1431 recr(168)        -0.075884733     -20     20    5.2584461e-05
1432 recr(169)        -0.1397907     -20     20    9.2213354e-05
1433 recr(170)        -0.47203364     -20     20    2.3829755e-05
1434 recr(171)        0.84206971     -20     20    -6.5332765e-05
1435 recr(172)        1.2108382     -20     20    -6.082195e-05
1436 recr(173)        1.0590749     -20     20    -4.8707003e-05
1437 recr(174)        -0.98021474     -20     20    -6.7885364e-05
1438 recr(175)        -1.3434313     -20     20    -1.0076886e-05
1439 recr(176)        -0.092464515     -20     20    -3.5514574e-05
1440 recr(177)        0.81810136     -20     20    2.8131094e-05
1441 recr(178)        0.83603621     -20     20    -0.00018005412
1442 recr(179)        -0.07906031     -20     20    -1.8216169e-05
1443 recr(180)        0.89729496     -20     20    4.3305797e-05
1444 recr(181)        0.094525845     -20     20    -7.4068145e-05
1445 recr(182)        -0.87276009     -20     20    5.7393632e-05
1446 recr(183)        -0.9092121     -20     20    6.6483029e-05
1447 recr(184)        0.088570129     -20     20    0.00020036984
1448 recr(185)        0.89357848     -20     20    1.9726487e-06
1449 recr(186)        0.73448469     -20     20    -6.0635836e-05
1450 recr(187)        0.21084656     -20     20    0.00013836193
1451 recr(188)        0.36765457     -20     20    0.0001812569
1452 recr(189)        -0.42307128     -20     20    5.0031222e-05
1453 recr(190)        -0.53057397     -20     20    -4.936777e-05
1454 recr(191)        0.047486732     -20     20    -0.00021049026
1455 recr(192)        0.59627191     -20     20    6.8201479e-05
1456 recr(193)        1.2933117     -20     20    -0.00012639444
1457 recr(194)        0.34163712     -20     20    4.7323483e-05
1458 recr(195)        0.71076314     -20     20    -0.00012130352
1459 recr(196)        0.7781264     -20     20    -7.6489306e-05
1460 recr(197)        0.3708532     -20     20    -6.1318408e-05
1461 recr(198)        0.036139294     -20     20    -0.00028367571
1462 recr(199)        0.59605895     -20     20    0.00014328663
1463 recr(200)        -0.23194869     -20     20    8.1736756e-05
1464 recr(201)        0.86189754     -20     20    2.7783237e-05
1465 recr(202)        0.75742388     -20     20    5.121655e-05
1466 recr(203)        0.68549028     -20     20    0.00012401994
1467 recr(204)        0.76207476     -20     20    -0.00013639588
1468 recr(205)        -1.8892016     -20     20    -1.4297449e-05
1469 recr(206)        -0.35466758     -20     20    8.04368e-05
1470 recr(207)        -0.98522597     -20     20    -7.5136746e-05
1471 recr(208)        0.51498376     -20     20    -0.00010074177
1472 recr(209)        0.89502887     -20     20    5.3741641e-06
1473 recr(210)        0.98234794     -20     20    -2.8151818e-05
1474 recr(211)        0.80589401     -20     20    1.8497578e-05
1475 recr(212)        0.42925219     -20     20    5.5687681e-05
1476 recr(213)        -0.9693358     -20     20    4.1067974e-05
1477 recr(214)        -0.07240367     -20     20    -0.00023099019
1478 recr(215)        -0.21520662     -20     20    -0.00021509502
1479 recr(216)        0.57651749     -20     20    -0.00011320819
1480 recr(217)        0.76674269     -20     20    -0.00022792215
1481 recr(218)        -0.10783271     -20     20    -0.00025656418
1482 recr(219)        -0.41599077     -20     20    -0.00029054073
1483 recr(220)        -0.2441204     -20     20    -0.00017301102
1484 recr(221)        0.60923281     -20     20    -0.00012580786
1485 recr(222)        0.16145585     -20     20    3.6596016e-05
1486 recr(223)        0.47374038     -20     20    5.5478676e-05
1487 recr(224)        0.52792285     -20     20    -0.00016112695
1488 recr(225)        -0.22415056     -20     20    -0.0001403083
1489 recr(226)        0.23111766     -20     20    0.00033668907
1490 recr(227)        -0.085782458     -20     20    0.00023656644
1491 recr(228)        0.44591065     -20     20    0.00020739009
1492 recr(229)        0.92222371     -20     20    -0.00018413828
1493 recr(230)        0.78777426     -20     20    6.0686671e-05
1494 recr(231)        0.24390342     -20     20    -0.00019558837
1495 recr(232)        0.23701229     -20     20    -8.7223575e-05
1496 recr(233)        -0.0074211829     -20     20    -1.9598913e-05
1497 recr(234)        0.020064835     -20     20    2.0221001e-05
1498 recr(235)        0.064576683     -20     20    -4.0952429e-05
1499 recr(236)        0.16357437     -20     20    -0.00022352918
1500 recr(237)        0.17826482     -20     20    4.6652678e-05
1501 recr(238)        -0.014935005     -20     20    8.2957445e-05
1502 recr(239)        0.23344398     -20     20    -4.9170386e-05
1503 recr(240)        0.82492282     -20     20    0.00015058996
1504 recr(241)        0.69754239     -20     20    4.7119209e-05
1505 recr(242)        1.1011494     -20     20    -2.4798019e-06
1506 recr(243)        0.47905353     -20     20    8.5435464e-05
1507 recr(244)        0.386228     -20     20    -5.7527048e-05
1508 recr(245)        0.53628858     -20     20    9.1455437e-06
1509 recr(246)        0.61592754     -20     20    -8.911085e-05
1510 recr(247)        0.54144404     -20     20    -4.5383421e-05
1511 recr(248)        0.66065699     -20     20    0.00017449888
1512 recr(249)        0.090657905     -20     20    -1.9901482e-05
1513 recr(250)        -0.20347015     -20     20    0.00021457536
1514 recr(251)        -0.42298652     -20     20    0.0001355438
1515 recr(252)        0.45288316     -20     20    2.6103021e-05
1516 recr(253)        0.52690865     -20     20    -5.179094e-05
1517 recr(254)        0.20777123     -20     20    -0.00020000319
1518 recr(255)        0.096700475     -20     20    -0.00034135885
1519 recr(256)        0.80041661     -20     20    -0.00022437122
1520 recr(257)        0.82766721     -20     20    2.9441494e-05
1521 recr(258)        0.29455436     -20     20    1.7078206e-05
1522 recr(259)        0.22565021     -20     20    -1.8555069e-05
1523 recr(260)        0.38112858     -20     20    -1.3546593e-05
1524 recr(261)        0.56932712     -20     20    -7.8647099e-05
1525 recr(262)        0.77854988     -20     20    -0.00015610583
1526 recr(263)        0.56284051     -20     20    -4.0511306e-05
1527 recr(264)        0.60082568     -20     20    7.0894772e-05
1528 recr(265)        0.37152002     -20     20    7.7663046e-05
1529 recr(266)        0.22249056     -20     20    -0.00011683905
1530 recr(267)        0.032763214     -20     20    -4.4093569e-05
1531 recr(268)        0.57964361     -20     20    -0.00013186394
1532 recr(269)        0.74348661     -20     20    -9.4176033e-05
1533 recr(270)        -6.2520661e-05     -20     20    -0.00019096803
1534 recr(271)        0.071433795     -20     20    -0.00058755401
1535 recr(272)        -0.38415125     -20     20    -0.00054877015
1536 recr(273)        0.57394643     -20     20    5.4246787e-05
1537 recr(274)        1.2190634     -20     20    -9.6015865e-05
1538 totpop        17.422281     8     25    -9.2263009e-05
1539 tag_fish_rep(1)        0.20779498     0.001     0.99    -1.6318163e-05
1540 tag_fish_rep(3)        0.066086513     0.001     0.99    -2.6609792e-05
1541 tag_fish_rep(4)        0.5727817     0.001     0.99    3.6832364e-05
1542 tag_fish_rep(5)        0.66352703     0.001     0.99    -1.8424402e-05
1543 tag_fish_rep(6)        0.4807468     0.001     0.99    -4.5895187e-05
1544 tag_fish_rep(11)        0.62151864     0.001     0.99    7.1234206e-05
1545 tag_fish_rep(12)        0.5985044     0.001     0.99    1.2221354e-06
1546 tag_fish_rep(13)        0.66033481     0.001     0.99    3.8037203e-06
1547 tag_fish_rep(17)        0.66160797     0.001     0.99    3.6005056e-05
1548 tag_fish_rep(18)        0.82936236     0.001     0.99    5.6948535e-05
1549 tag_fish_rep(19)        0.98999999     0.001     0.99    -3.5826109e-08   *************
1550 tag_fish_rep(24)        0.83089283     0.001     0.99    9.4139519e-05
1551 tag_fish_rep(25)        0.53470694     0.001     0.99    0.00014902387
1552 tag_fish_rep(28)        0.78453265     0.001     0.99    -1.7665533e-05
1553 tag_fish_rep(32)        0.13111458     0.001     0.99    2.2425238e-05
1554 tag_fish_rep(34)        0.98999997     0.001     0.99    -6.1904301e-06   *************
1555 tag_fish_rep(35)        0.99     0.001     0.99    1.8061623e-09   *************
1556 region_pars(1)        0.67606764     1e-06     1.5    -4.618758e-05
1557 region_pars(1)        0.11169325     1e-06     1.5    -8.8435437e-06
1558 region_pars(1)        2.2881597e-05     1e-06     1.5    -9.6700727e-05
1559 region_pars(1)        0.2121912     1e-06     1.5    9.0824174e-05
1560 sv(21)        0.038942842     1e-06     1000    8.0528263e-06
1561 age_pars(5)        -2.4612556     -20     2    0.00048366018
1562 var_coff(1)        6.2238708     1     10    -6.8585015e-05
1563 var_coff(2)        0.44999603     0.1     3    5.7702583e-06
