 Index  Var_name   Estimate L_bound  U_bound gradient
1 diff_coffs(1,1)        2.7563829e-09     0     4    -3.4948839e-06   *************
2 diff_coffs(1,2)        1.1234043e-09     0     4    6.5340487e-07   *************
3 diff_coffs(1,3)        2.8794944e-10     0     4    -2.5128716e-05   *************
4 diff_coffs(1,4)        0.009294177     0     4    2.6880681e-05
5 diff_coffs(1,5)        0.00085315354     0     4    5.3157396e-05   *************
6 diff_coffs(1,6)        0.0067641289     0     4    -0.0001641508
7 diff_coffs(1,7)        1.0410808e-09     0     4    -8.4851296e-07   *************
8 diff_coffs(1,8)        0.055683079     0     4    9.2648762e-05
9 diff_coffs(2,1)        2.4865007e-06     0     4    1.8226205e-05   *************
10 diff_coffs(2,2)        0.010409207     0     4    -7.5811626e-05
11 diff_coffs(2,3)        1.4762646e-08     0     4    0.0001687454   *************
12 diff_coffs(2,4)        0.072808452     0     4    6.4380396e-05
13 diff_coffs(2,5)        1.342384e-09     0     4    -3.3137784e-07   *************
14 diff_coffs(2,6)        0.00953731     0     4    -0.00015702794
15 diff_coffs(2,7)        0.00077881672     0     4    -0.00025374057   *************
16 diff_coffs(2,8)        0.014480622     0     4    0.00019083251
17 diff_coffs(3,1)        0.035857048     0     4    -0.00044744299
18 diff_coffs(3,2)        5.4452731e-10     0     4    7.2115593e-07   *************
19 diff_coffs(3,3)        3.7775809e-09     0     4    7.9785755e-05   *************
20 diff_coffs(3,4)        0.035887754     0     4    1.6044977e-05
21 diff_coffs(3,5)        1.0255777e-07     0     4    3.5689747e-05   *************
22 diff_coffs(3,6)        1.1311008e-06     0     4    2.078278e-05   *************
23 diff_coffs(3,7)        0.00059885397     0     4    -0.00013619966   *************
24 diff_coffs(3,8)        4.3399786e-07     0     4    2.1915827e-05   *************
25 diff_coffs(4,1)        0.0020406542     0     4    -1.2442452e-05
26 diff_coffs(4,2)        4.7320015e-10     0     4    -3.6065922e-07   *************
27 diff_coffs(4,3)        5.0701754e-10     0     4    -9.2597139e-06   *************
28 diff_coffs(4,4)        0.21310134     0     4    8.6547251e-05
29 diff_coffs(4,5)        0.0072371819     0     4    0.00010980181
30 diff_coffs(4,6)        0.05066541     0     4    -0.00022279785
31 diff_coffs(4,7)        0.0069664676     0     4    0.00016132606
32 diff_coffs(4,8)        0.015405514     0     4    -4.2609228e-06
33 region_rec_diffs(1,1)        1.3322676e-15     -3     3    3.7213003e-15
34 region_rec_diffs(1,2)        0.72361916     -3     3    6.3523604e-05
35 region_rec_diffs(1,3)        0.7644273     -3     3    0.00011195756
36 region_rec_diffs(1,4)        0.76205481     -3     3    -4.4540912e-05
37 region_rec_diffs(1,5)        0.76439007     -3     3    -0.00015687471
38 region_rec_diffs(1,6)        0.42614309     -3     3    -0.00015302581
39 region_rec_diffs(1,7)        0.26309838     -3     3    0.00034871197
40 region_rec_diffs(1,8)        0.2639876     -3     3    1.9581325e-05
41 region_rec_diffs(1,9)        0.97441052     -3     3    2.5030704e-05
42 region_rec_diffs(1,10)        0.37154517     -3     3    -0.000143971
43 region_rec_diffs(1,11)        0.1385523     -3     3    -8.5720825e-05
44 region_rec_diffs(1,12)        0.15788975     -3     3    -5.773885e-05
45 region_rec_diffs(1,13)        0.75241562     -3     3    -1.8243702e-05
46 region_rec_diffs(1,14)        -0.25561378     -3     3    -5.6515502e-05
47 region_rec_diffs(1,15)        -0.017714538     -3     3    -8.5426049e-06
48 region_rec_diffs(1,16)        -0.063448048     -3     3    -2.8031206e-05
49 region_rec_diffs(1,17)        -0.58778189     -3     3    2.2891879e-05
50 region_rec_diffs(1,18)        0.73832064     -3     3    0.00020266131
51 region_rec_diffs(1,19)        0.32578099     -3     3    -0.00010036545
52 region_rec_diffs(1,20)        0.64461277     -3     3    -5.3356784e-05
53 region_rec_diffs(1,21)        -0.2710162     -3     3    -8.4633698e-05
54 region_rec_diffs(1,22)        0.86064327     -3     3    0.00016136055
55 region_rec_diffs(1,23)        0.45594374     -3     3    -4.0489259e-05
56 region_rec_diffs(1,24)        0.60735294     -3     3    0.00034538535
57 region_rec_diffs(1,25)        0.81006377     -3     3    -0.00037639461
58 region_rec_diffs(1,26)        0.99598639     -3     3    5.7093096e-05
59 region_rec_diffs(1,27)        0.18963642     -3     3    0.00011223137
60 region_rec_diffs(1,28)        0.67694625     -3     3    -0.00019302597
61 region_rec_diffs(1,29)        -1.1333554     -3     3    2.3768512e-05
62 region_rec_diffs(1,30)        -0.57503429     -3     3    -0.00011401321
63 region_rec_diffs(1,31)        -0.12826645     -3     3    -8.4682492e-06
64 region_rec_diffs(1,32)        -0.22909596     -3     3    -4.2856295e-05
65 region_rec_diffs(1,33)        -0.63462831     -3     3    -6.8362483e-05
66 region_rec_diffs(1,34)        0.66125821     -3     3    -0.00015809063
67 region_rec_diffs(1,35)        0.21485941     -3     3    -7.4757305e-05
68 region_rec_diffs(1,36)        0.22509184     -3     3    0.00020765298
69 region_rec_diffs(1,37)        0.57205645     -3     3    -0.00029609226
70 region_rec_diffs(1,38)        -0.3947696     -3     3    -1.2006835e-05
71 region_rec_diffs(1,39)        -0.025646738     -3     3    1.2251056e-05
72 region_rec_diffs(1,40)        -0.091631702     -3     3    1.6724952e-05
73 region_rec_diffs(1,41)        0.2925763     -3     3    -0.00015744211
74 region_rec_diffs(1,42)        0.81325146     -3     3    0.00052977408
75 region_rec_diffs(1,43)        -0.016583786     -3     3    7.3512897e-06
76 region_rec_diffs(1,44)        -0.37786978     -3     3    -4.761714e-05
77 region_rec_diffs(1,45)        0.60244163     -3     3    0.00030661369
78 region_rec_diffs(1,46)        0.61976251     -3     3    5.513102e-05
79 region_rec_diffs(1,47)        0.32012948     -3     3    0.00010185885
80 region_rec_diffs(1,48)        -0.6211489     -3     3    7.0268836e-05
81 region_rec_diffs(1,49)        0.47219161     -3     3    -0.00031092349
82 region_rec_diffs(1,50)        -0.088873621     -3     3    3.3062576e-05
83 region_rec_diffs(1,51)        0.7037795     -3     3    -0.00030054127
84 region_rec_diffs(1,52)        -0.14680449     -3     3    9.0182277e-05
85 region_rec_diffs(1,53)        0.44361892     -3     3    6.8661625e-05
86 region_rec_diffs(1,54)        -0.13938782     -3     3    -2.4069512e-05
87 region_rec_diffs(1,55)        0.39766958     -3     3    -4.8782804e-05
88 region_rec_diffs(1,56)        0.049615911     -3     3    -6.005688e-05
89 region_rec_diffs(1,57)        -0.69288267     -3     3    -1.3718931e-05
90 region_rec_diffs(1,58)        0.78298482     -3     3    -0.00020093852
91 region_rec_diffs(1,59)        0.44639024     -3     3    7.9984682e-05
92 region_rec_diffs(1,60)        -0.46754333     -3     3    -0.00022283824
93 region_rec_diffs(1,61)        0.80910557     -3     3    7.4502265e-05
94 region_rec_diffs(1,62)        0.050294441     -3     3    -0.00024055324
95 region_rec_diffs(1,63)        0.65090983     -3     3    9.7238063e-05
96 region_rec_diffs(1,64)        -0.71648964     -3     3    -9.6035996e-05
97 region_rec_diffs(1,65)        0.52217733     -3     3    -6.6005256e-05
98 region_rec_diffs(1,66)        -0.19305434     -3     3    7.290677e-05
99 region_rec_diffs(1,67)        0.59954533     -3     3    -5.0014545e-05
100 region_rec_diffs(1,68)        0.81841104     -3     3    -0.00067741197
101 region_rec_diffs(1,69)        0.57766214     -3     3    -0.0004484214
102 region_rec_diffs(1,70)        0.15826188     -3     3    6.2277918e-05
103 region_rec_diffs(1,71)        0.16380199     -3     3    -9.0813011e-05
104 region_rec_diffs(1,72)        0.12512083     -3     3    2.806851e-05
105 region_rec_diffs(1,73)        0.13664595     -3     3    0.00017871241
106 region_rec_diffs(1,74)        0.66506419     -3     3    0.00011197462
107 region_rec_diffs(1,75)        -2.2893997     -3     3    2.8970698e-05
108 region_rec_diffs(1,76)        -0.65041992     -3     3    -1.9727323e-05
109 region_rec_diffs(1,77)        -0.40328301     -3     3    -3.7625677e-05
110 region_rec_diffs(1,78)        0.71942546     -3     3    0.00017148608
111 region_rec_diffs(1,79)        0.56625183     -3     3    0.00020921069
112 region_rec_diffs(1,80)        0.88771652     -3     3    2.103019e-06
113 region_rec_diffs(1,81)        0.031036387     -3     3    -2.3266498e-05
114 region_rec_diffs(1,82)        0.70767083     -3     3    3.8192224e-05
115 region_rec_diffs(1,83)        0.16717439     -3     3    0.00019358083
116 region_rec_diffs(1,84)        -0.067707951     -3     3    4.5203187e-05
117 region_rec_diffs(1,85)        0.11214954     -3     3    8.2815054e-05
118 region_rec_diffs(1,86)        -0.30454376     -3     3    -4.6304154e-05
119 region_rec_diffs(1,87)        0.75347407     -3     3    -1.9576845e-05
120 region_rec_diffs(1,88)        -1.9902005     -3     3    -3.498728e-05
121 region_rec_diffs(1,89)        0.35332458     -3     3    -1.8824428e-05
122 region_rec_diffs(1,90)        -0.30815991     -3     3    -5.6550262e-05
123 region_rec_diffs(1,91)        0.42807424     -3     3    8.4468158e-05
124 region_rec_diffs(1,92)        0.062187924     -3     3    -0.00014703671
125 region_rec_diffs(1,93)        -0.11640217     -3     3    -3.655994e-05
126 region_rec_diffs(1,94)        0.8995932     -3     3    -7.8760679e-06
127 region_rec_diffs(1,95)        -0.47501281     -3     3    -1.0112029e-05
128 region_rec_diffs(1,96)        -0.47789003     -3     3    -0.00010690471
129 region_rec_diffs(1,97)        0.40957001     -3     3    -8.4917758e-05
130 region_rec_diffs(1,98)        0.7887166     -3     3    -0.00018497955
131 region_rec_diffs(1,99)        0.060778397     -3     3    -2.9596413e-05
132 region_rec_diffs(1,100)        0.024538067     -3     3    8.39398e-05
133 region_rec_diffs(1,101)        0.57673728     -3     3    -2.8496398e-05
134 region_rec_diffs(1,102)        -0.00955082     -3     3    -7.2341651e-06
135 region_rec_diffs(1,103)        0.54328301     -3     3    -3.6644071e-05
136 region_rec_diffs(1,104)        0.29566232     -3     3    -9.2404821e-05
137 region_rec_diffs(1,105)        -0.075873582     -3     3    -6.5741237e-05
138 region_rec_diffs(1,106)        -0.014097493     -3     3    -6.2697745e-05
139 region_rec_diffs(1,107)        0.047275678     -3     3    -1.8487621e-05
140 region_rec_diffs(1,108)        0.54206983     -3     3    5.9029442e-05
141 region_rec_diffs(1,109)        0.52298309     -3     3    -0.00013933415
142 region_rec_diffs(1,110)        0.0021471114     -3     3    -1.5989574e-05
143 region_rec_diffs(1,111)        -0.045245218     -3     3    1.1533275e-05
144 region_rec_diffs(1,112)        0.48666484     -3     3    8.0587484e-05
145 region_rec_diffs(1,113)        0.24566961     -3     3    0.00022549429
146 region_rec_diffs(1,114)        -0.53417236     -3     3    -8.0486634e-05
147 region_rec_diffs(1,115)        0.050005076     -3     3    -8.0105795e-06
148 region_rec_diffs(1,116)        0.070489493     -3     3    -6.8791074e-06
149 region_rec_diffs(1,117)        0.76819397     -3     3    0.00020914435
150 region_rec_diffs(1,118)        -0.5592985     -3     3    8.6557415e-06
151 region_rec_diffs(1,119)        0.40568937     -3     3    -0.00038185888
152 region_rec_diffs(1,120)        -1.1185973     -3     3    1.7015226e-05
153 region_rec_diffs(1,121)        0.74048544     -3     3    0.00014313023
154 region_rec_diffs(1,122)        0.8835261     -3     3    -3.1711803e-05
155 region_rec_diffs(1,123)        -1.6730113     -3     3    2.6220418e-05
156 region_rec_diffs(1,124)        0.13641711     -3     3    -4.4105752e-05
157 region_rec_diffs(1,125)        -0.38093003     -3     3    -4.4577307e-05
158 region_rec_diffs(1,126)        -0.091999771     -3     3    -0.00010749172
159 region_rec_diffs(1,127)        -0.50062026     -3     3    0.00010357587
160 region_rec_diffs(1,128)        0.42721418     -3     3    -4.2020359e-05
161 region_rec_diffs(1,129)        0.58705978     -3     3    1.7234202e-05
162 region_rec_diffs(1,130)        -0.98928981     -3     3    3.3899878e-05
163 region_rec_diffs(1,131)        -0.32274925     -3     3    -5.9015498e-05
164 region_rec_diffs(1,132)        -0.63219571     -3     3    -0.0001876576
165 region_rec_diffs(1,133)        0.72715873     -3     3    -0.00045496367
166 region_rec_diffs(1,134)        -0.5681933     -3     3    -4.9025961e-05
167 region_rec_diffs(1,135)        -0.11008822     -3     3    -9.4463684e-05
168 region_rec_diffs(1,136)        0.77841615     -3     3    0.00032589748
169 region_rec_diffs(1,137)        -1.133581     -3     3    -5.3119259e-06
170 region_rec_diffs(1,138)        -1.5951578     -3     3    5.4746942e-05
171 region_rec_diffs(1,139)        -0.77717556     -3     3    -1.5132005e-05
172 region_rec_diffs(1,140)        -1.6608447     -3     3    8.3702649e-05
173 region_rec_diffs(1,141)        1.0333585     -3     3    1.2818482e-05
174 region_rec_diffs(1,142)        0.59973422     -3     3    -5.4566351e-05
175 region_rec_diffs(1,143)        -0.86713061     -3     3    1.2893979e-05
176 region_rec_diffs(1,144)        -0.011622393     -3     3    4.0606246e-05
177 region_rec_diffs(1,145)        0.36447029     -3     3    -0.00013910849
178 region_rec_diffs(1,146)        -0.96032187     -3     3    6.0498114e-05
179 region_rec_diffs(1,147)        -1.8601216     -3     3    7.2174025e-05
180 region_rec_diffs(1,148)        0.23554766     -3     3    -0.00020962956
181 region_rec_diffs(1,149)        0.53108863     -3     3    -0.00041679401
182 region_rec_diffs(1,150)        0.17755813     -3     3    -7.3617908e-05
183 region_rec_diffs(1,151)        -0.80296266     -3     3    6.0387748e-05
184 region_rec_diffs(1,152)        0.3810601     -3     3    0.00048782441
185 region_rec_diffs(1,153)        0.76839371     -3     3    5.5402764e-05
186 region_rec_diffs(1,154)        -1.4442233     -3     3    -0.00010038482
187 region_rec_diffs(1,155)        -1.5264892     -3     3    -0.00011259016
188 region_rec_diffs(1,156)        0.49155875     -3     3    0.00013109814
189 region_rec_diffs(1,157)        0.95345512     -3     3    8.2725003e-06
190 region_rec_diffs(1,158)        -1.1409278     -3     3    4.4336913e-05
191 region_rec_diffs(1,159)        -2.2372814     -3     3    3.0426684e-06
192 region_rec_diffs(1,160)        -0.62469203     -3     3    -0.00012541312
193 region_rec_diffs(1,161)        0.20486849     -3     3    -0.00019886065
194 region_rec_diffs(1,162)        -0.57372667     -3     3    -7.9368582e-05
195 region_rec_diffs(1,163)        -1.7532708     -3     3    -3.3584262e-05
196 region_rec_diffs(1,164)        0.86941493     -3     3    2.1820397e-05
197 region_rec_diffs(1,165)        -1.104382     -3     3    1.2256396e-05
198 region_rec_diffs(1,166)        -1.3970861     -3     3    -7.0849271e-05
199 region_rec_diffs(1,167)        -2.2734431     -3     3    -6.2977321e-05
200 region_rec_diffs(1,168)        -0.44875215     -3     3    0.00023079286
201 region_rec_diffs(1,169)        0.47101196     -3     3    -0.00018803763
202 region_rec_diffs(1,170)        -1.8149209     -3     3    -3.1932691e-05
203 region_rec_diffs(1,171)        -1.0731897     -3     3    0.00021375615
204 region_rec_diffs(1,172)        0.17165381     -3     3    0.00015714025
205 region_rec_diffs(1,173)        0.50358025     -3     3    5.9126276e-05
206 region_rec_diffs(1,174)        -0.77861054     -3     3    -1.067866e-06
207 region_rec_diffs(1,175)        -1.5588968     -3     3    1.1942587e-05
208 region_rec_diffs(1,176)        -0.78789884     -3     3    -4.6033638e-05
209 region_rec_diffs(1,177)        -0.53250258     -3     3    -0.00011298798
210 region_rec_diffs(1,178)        0.48775846     -3     3    0.00019846601
211 region_rec_diffs(1,179)        -2.3536239     -3     3    -4.8440624e-05
212 region_rec_diffs(1,180)        0.42760042     -3     3    0.00031945362
213 region_rec_diffs(1,181)        0.63395586     -3     3    -8.7937017e-05
214 region_rec_diffs(1,182)        -1.7865443     -3     3    -3.0844879e-05
215 region_rec_diffs(1,183)        -2.2487542     -3     3    -8.3818223e-06
216 region_rec_diffs(1,184)        -2.006291     -3     3    -1.4290873e-05
217 region_rec_diffs(1,185)        0.20066276     -3     3    -0.00054547666
218 region_rec_diffs(1,186)        0.067352248     -3     3    -0.00018147583
219 region_rec_diffs(1,187)        -1.5896509     -3     3    -2.4370473e-05
220 region_rec_diffs(1,188)        0.4789521     -3     3    7.5858782e-05
221 region_rec_diffs(1,189)        0.84350437     -3     3    -5.5754343e-05
222 region_rec_diffs(1,190)        -1.6863585     -3     3    -5.8081242e-05
223 region_rec_diffs(1,191)        -2.5471766     -3     3    1.9010608e-05
224 region_rec_diffs(1,192)        -0.23474074     -3     3    7.8152588e-05
225 region_rec_diffs(1,193)        0.87679233     -3     3    6.0994782e-05
226 region_rec_diffs(1,194)        -1.3049943     -3     3    7.5025086e-06
227 region_rec_diffs(1,195)        -2.2442862     -3     3    2.0121895e-05
228 region_rec_diffs(1,196)        0.51034688     -3     3    7.3257595e-05
229 region_rec_diffs(1,197)        0.14377414     -3     3    -3.6659124e-05
230 region_rec_diffs(1,198)        -2.1476572     -3     3    4.3454192e-05
231 region_rec_diffs(1,199)        -2.5111557     -3     3    0.00020512358
232 region_rec_diffs(1,200)        -2.2444318     -3     3    5.5457861e-05
233 region_rec_diffs(1,201)        0.76222526     -3     3    0.0002031513
234 region_rec_diffs(1,202)        0.39828813     -3     3    -7.6128754e-05
235 region_rec_diffs(1,203)        0.54576102     -3     3    -0.00030866418
236 region_rec_diffs(1,204)        -0.58052749     -3     3    9.32482e-05
237 region_rec_diffs(1,205)        -1.4562886     -3     3    -3.7184642e-06
238 region_rec_diffs(1,206)        -2.2742411     -3     3    5.1699373e-05
239 region_rec_diffs(1,207)        -1.0333317     -3     3    4.9239614e-05
240 region_rec_diffs(1,208)        -1.2289241     -3     3    0.00014710576
241 region_rec_diffs(1,209)        0.082434645     -3     3    0.00038931645
242 region_rec_diffs(1,210)        0.66885846     -3     3    -2.9135939e-05
243 region_rec_diffs(1,211)        -0.018884571     -3     3    6.0651754e-05
244 region_rec_diffs(1,212)        -2.3567092     -3     3    -0.0001286426
245 region_rec_diffs(1,213)        -1.6212663     -3     3    1.556928e-06
246 region_rec_diffs(1,214)        -2.0625242     -3     3    -4.357132e-06
247 region_rec_diffs(1,215)        -1.8678081     -3     3    -3.3890005e-06
248 region_rec_diffs(1,216)        0.085102618     -3     3    9.435169e-05
249 region_rec_diffs(1,217)        0.43815842     -3     3    -2.6196582e-05
250 region_rec_diffs(1,218)        -2.4070218     -3     3    -1.5054382e-05
251 region_rec_diffs(1,219)        -2.0511534     -3     3    -5.4540272e-06
252 region_rec_diffs(1,220)        0.48095919     -3     3    -0.00013081123
253 region_rec_diffs(1,221)        0.027603681     -3     3    -0.00010043966
254 region_rec_diffs(1,222)        -1.3845337     -3     3    4.6419867e-06
255 region_rec_diffs(1,223)        -0.16888657     -3     3    -0.00022890061
256 region_rec_diffs(1,224)        0.40521319     -3     3    -8.8307008e-05
257 region_rec_diffs(1,225)        -0.85734008     -3     3    1.664276e-05
258 region_rec_diffs(1,226)        -2.5622998     -3     3    4.0938473e-05
259 region_rec_diffs(1,227)        -2.1454307     -3     3    6.0402192e-05
260 region_rec_diffs(1,228)        -1.3445735     -3     3    5.7982679e-05
261 region_rec_diffs(1,229)        0.68831825     -3     3    -3.091967e-05
262 region_rec_diffs(1,230)        -1.441956     -3     3    1.0371962e-05
263 region_rec_diffs(1,231)        -0.006345115     -3     3    -3.4312571e-05
264 region_rec_diffs(1,232)        0.44003609     -3     3    2.273229e-05
265 region_rec_diffs(1,233)        -0.58305721     -3     3    -8.8743335e-05
266 region_rec_diffs(1,234)        -2.0564116     -3     3    -6.1975052e-06
267 region_rec_diffs(1,235)        -1.0532334     -3     3    5.0344342e-05
268 region_rec_diffs(1,236)        0.2733517     -3     3    0.00010047811
269 region_rec_diffs(1,237)        -0.011741849     -3     3    -0.00022086098
270 region_rec_diffs(1,238)        -0.42386336     -3     3    -9.0193524e-05
271 region_rec_diffs(1,239)        -2.3594963     -3     3    -1.2981781e-05
272 region_rec_diffs(1,240)        -1.1726634     -3     3    1.4495156e-05
273 region_rec_diffs(1,241)        0.73083273     -3     3    -7.7006456e-05
274 region_rec_diffs(1,242)        -0.15891323     -3     3    -0.00010649741
275 region_rec_diffs(1,243)        -0.013337708     -3     3    4.4661149e-05
276 region_rec_diffs(1,244)        0.29877081     -3     3    5.245268e-05
277 region_rec_diffs(1,245)        -0.91120978     -3     3    0.0001115582
278 region_rec_diffs(1,246)        -1.3519562     -3     3    -6.254432e-05
279 region_rec_diffs(1,247)        -1.130566     -3     3    -0.00013916611
280 region_rec_diffs(1,248)        0.46410341     -3     3    4.6060478e-05
281 region_rec_diffs(1,249)        -1.1664819     -3     3    -3.5723485e-05
282 region_rec_diffs(1,250)        -2.6752046     -3     3    2.4561398e-05
283 region_rec_diffs(1,251)        -2.3985395     -3     3    8.0648069e-06
284 region_rec_diffs(1,252)        -0.050306267     -3     3    2.4856068e-05
285 region_rec_diffs(1,253)        0.65093662     -3     3    -9.2500552e-06
286 region_rec_diffs(1,254)        -2.4815018     -3     3    -1.5514352e-06
287 region_rec_diffs(1,255)        -2.5547227     -3     3    9.3780311e-06
288 region_rec_diffs(1,256)        0.35734499     -3     3    -0.00043528208
289 region_rec_diffs(1,257)        0.61189534     -3     3    2.0464549e-05
290 region_rec_diffs(1,258)        -1.9101615     -3     3    1.7569603e-05
291 region_rec_diffs(1,259)        -2.0316938     -3     3    5.0587455e-06
292 region_rec_diffs(1,260)        0.76668869     -3     3    2.3681551e-05
293 region_rec_diffs(1,261)        0.014087401     -3     3    -8.3318324e-05
294 region_rec_diffs(1,262)        -1.4188132     -3     3    -9.2913018e-05
295 region_rec_diffs(1,263)        -0.89875495     -3     3    -0.00016156258
296 region_rec_diffs(1,264)        0.19868014     -3     3    -7.2767681e-05
297 region_rec_diffs(1,265)        0.62789983     -3     3    -5.7473286e-05
298 region_rec_diffs(1,266)        -1.5448239     -3     3    1.3000277e-05
299 region_rec_diffs(1,267)        -1.719115     -3     3    -3.9471682e-05
300 region_rec_diffs(1,268)        0.0046734112     -3     3    -0.00012148213
301 region_rec_diffs(1,269)        0.67057759     -3     3    0.00030822353
302 region_rec_diffs(1,270)        -1.5577633     -3     3    -6.3451636e-05
303 region_rec_diffs(1,271)        -1.7726233     -3     3    3.8933594e-05
304 region_rec_diffs(1,272)        0.15697408     -3     3    -0.00010712713
305 region_rec_diffs(1,273)        0.45731179     -3     3    -0.00025457825
306 region_rec_diffs(1,274)        -1.4536894     -3     3    0.00010127508
307 region_rec_diffs(1,275)        0.48223296     -3     3    -0.00012840538
308 region_rec_diffs(1,276)        0.82391691     -3     3    0.00011214182
309 region_rec_diffs(1,277)        0.072880053     -3     3    7.3353776e-05
310 region_rec_diffs(1,278)        -0.47432865     -3     3    8.5254187e-07
311 region_rec_diffs(1,279)        -0.042702538     -3     3    0.00012101464
312 region_rec_diffs(2,1)        1.3322676e-15     -3     3    3.5674654e-15
313 region_rec_diffs(2,2)        -0.71127988     -3     3    -0.00018435986
314 region_rec_diffs(2,3)        -0.82976549     -3     3    0.00010436927
315 region_rec_diffs(2,4)        -0.62396247     -3     3    -0.00030766402
316 region_rec_diffs(2,5)        -0.64511915     -3     3    -8.1332103e-05
317 region_rec_diffs(2,6)        -0.10331208     -3     3    -0.00013800204
318 region_rec_diffs(2,7)        0.006053913     -3     3    0.0002576162
319 region_rec_diffs(2,8)        -0.0017042477     -3     3    -2.9210014e-06
320 region_rec_diffs(2,9)        -1.3041579     -3     3    -0.00020018182
321 region_rec_diffs(2,10)        -0.21483161     -3     3    -1.3683574e-05
322 region_rec_diffs(2,11)        -0.10899661     -3     3    -0.00013694349
323 region_rec_diffs(2,12)        -0.15739194     -3     3    -0.00010774557
324 region_rec_diffs(2,13)        -1.2085272     -3     3    0.00013637044
325 region_rec_diffs(2,14)        -0.0042436187     -3     3    8.2975311e-05
326 region_rec_diffs(2,15)        0.070458313     -3     3    -1.0892889e-05
327 region_rec_diffs(2,16)        0.081328296     -3     3    -0.00012022454
328 region_rec_diffs(2,17)        0.53203962     -3     3    0.00016605798
329 region_rec_diffs(2,18)        -0.3289912     -3     3    7.9980387e-05
330 region_rec_diffs(2,19)        -0.10911309     -3     3    -8.1978129e-05
331 region_rec_diffs(2,20)        -0.51627058     -3     3    3.718817e-05
332 region_rec_diffs(2,21)        0.34261358     -3     3    3.7580016e-05
333 region_rec_diffs(2,22)        -0.80240188     -3     3    0.0001519467
334 region_rec_diffs(2,23)        -0.34291314     -3     3    3.358608e-05
335 region_rec_diffs(2,24)        -1.5704154     -3     3    3.4008584e-05
336 region_rec_diffs(2,25)        -1.2391742     -3     3    -0.00010638816
337 region_rec_diffs(2,26)        -1.656179     -3     3    5.7201176e-06
338 region_rec_diffs(2,27)        -0.16366287     -3     3    6.8302694e-05
339 region_rec_diffs(2,28)        -1.3304923     -3     3    -3.4659772e-05
340 region_rec_diffs(2,29)        0.62693307     -3     3    4.4567902e-05
341 region_rec_diffs(2,30)        0.38265333     -3     3    -0.00034181132
342 region_rec_diffs(2,31)        0.065496555     -3     3    -1.049601e-05
343 region_rec_diffs(2,32)        0.0062271598     -3     3    -7.0142056e-05
344 region_rec_diffs(2,33)        -0.47376972     -3     3    -7.5353705e-05
345 region_rec_diffs(2,34)        -1.6291972     -3     3    2.3235135e-05
346 region_rec_diffs(2,35)        -0.18508035     -3     3    -3.3898579e-05
347 region_rec_diffs(2,36)        -0.18894347     -3     3    0.00013951314
348 region_rec_diffs(2,37)        -1.3993319     -3     3    7.8837782e-05
349 region_rec_diffs(2,38)        -0.094144685     -3     3    1.2116422e-05
350 region_rec_diffs(2,39)        -0.092063005     -3     3    1.2297549e-05
351 region_rec_diffs(2,40)        -0.061491585     -3     3    1.3177188e-05
352 region_rec_diffs(2,41)        -0.15428103     -3     3    -0.00015323363
353 region_rec_diffs(2,42)        -1.0257951     -3     3    4.0286954e-05
354 region_rec_diffs(2,43)        -0.044687634     -3     3    -2.7260407e-06
355 region_rec_diffs(2,44)        -0.37613132     -3     3    -6.8685872e-05
356 region_rec_diffs(2,45)        -1.9055329     -3     3    -4.2730916e-05
357 region_rec_diffs(2,46)        -0.82284039     -3     3    -7.1459935e-06
358 region_rec_diffs(2,47)        -0.57158026     -3     3    1.2352259e-05
359 region_rec_diffs(2,48)        -0.98199494     -3     3    4.5110751e-05
360 region_rec_diffs(2,49)        -0.3935469     -3     3    -0.00012137565
361 region_rec_diffs(2,50)        -0.024468916     -3     3    2.6605508e-05
362 region_rec_diffs(2,51)        -1.5073526     -3     3    -6.4512535e-05
363 region_rec_diffs(2,52)        0.14769167     -3     3    8.1839949e-05
364 region_rec_diffs(2,53)        -0.66226595     -3     3    -5.242093e-05
365 region_rec_diffs(2,54)        -1.2966248     -3     3    -1.9061796e-05
366 region_rec_diffs(2,55)        -0.67918745     -3     3    -1.4430124e-05
367 region_rec_diffs(2,56)        -1.2732479     -3     3    2.9374871e-05
368 region_rec_diffs(2,57)        -0.46024608     -3     3    -3.5960011e-05
369 region_rec_diffs(2,58)        -0.82000074     -3     3    -4.8889553e-05
370 region_rec_diffs(2,59)        -0.34335177     -3     3    3.4610581e-05
371 region_rec_diffs(2,60)        -1.2670352     -3     3    -4.6302606e-05
372 region_rec_diffs(2,61)        -1.0146513     -3     3    4.5119113e-05
373 region_rec_diffs(2,62)        0.079444794     -3     3    -0.00021543335
374 region_rec_diffs(2,63)        -0.55387453     -3     3    3.9461733e-05
375 region_rec_diffs(2,64)        -1.010187     -3     3    -8.2165191e-06
376 region_rec_diffs(2,65)        -1.0116067     -3     3    5.9865791e-05
377 region_rec_diffs(2,66)        -0.040929108     -3     3    7.6424128e-05
378 region_rec_diffs(2,67)        -0.61316054     -3     3    3.3001379e-05
379 region_rec_diffs(2,68)        -1.0926315     -3     3    -4.6993088e-05
380 region_rec_diffs(2,69)        -1.2260864     -3     3    -8.2602022e-06
381 region_rec_diffs(2,70)        -0.68926397     -3     3    4.4701337e-05
382 region_rec_diffs(2,71)        -0.70385303     -3     3    -6.413519e-06
383 region_rec_diffs(2,72)        -0.42220246     -3     3    -5.1195461e-05
384 region_rec_diffs(2,73)        0.23459719     -3     3    0.00018763028
385 region_rec_diffs(2,74)        -0.59625886     -3     3    7.297243e-05
386 region_rec_diffs(2,75)        -1.2918001     -3     3    5.1412018e-05
387 region_rec_diffs(2,76)        0.46003922     -3     3    0.00010858279
388 region_rec_diffs(2,77)        0.57858391     -3     3    -0.00014296324
389 region_rec_diffs(2,78)        -0.51845979     -3     3    2.8124004e-06
390 region_rec_diffs(2,79)        -0.26121349     -3     3    5.9032331e-05
391 region_rec_diffs(2,80)        -1.2666641     -3     3    8.7587131e-05
392 region_rec_diffs(2,81)        0.62084596     -3     3    -0.00010544188
393 region_rec_diffs(2,82)        -0.38612142     -3     3    -2.2143134e-05
394 region_rec_diffs(2,83)        -0.54508137     -3     3    -0.00017228945
395 region_rec_diffs(2,84)        0.3921756     -3     3    -1.0721428e-05
396 region_rec_diffs(2,85)        -0.14313593     -3     3    -0.00011477234
397 region_rec_diffs(2,86)        0.058103693     -3     3    -9.0419154e-05
398 region_rec_diffs(2,87)        -1.3101036     -3     3    8.5257011e-06
399 region_rec_diffs(2,88)        -1.3729778     -3     3    -1.968753e-06
400 region_rec_diffs(2,89)        0.29178305     -3     3    -8.8777343e-05
401 region_rec_diffs(2,90)        0.38641258     -3     3    -0.0001011114
402 region_rec_diffs(2,91)        -0.03608196     -3     3    3.2409481e-05
403 region_rec_diffs(2,92)        0.64875166     -3     3    5.7692645e-05
404 region_rec_diffs(2,93)        0.38683647     -3     3    1.0166035e-05
405 region_rec_diffs(2,94)        -1.3869553     -3     3    8.0201476e-05
406 region_rec_diffs(2,95)        -0.46779474     -3     3    6.9295192e-05
407 region_rec_diffs(2,96)        -0.051487932     -3     3    -0.00019687016
408 region_rec_diffs(2,97)        -0.781699     -3     3    -4.5491107e-05
409 region_rec_diffs(2,98)        -0.91921708     -3     3    -3.0238932e-05
410 region_rec_diffs(2,99)        -1.0332759     -3     3    2.6814347e-05
411 region_rec_diffs(2,100)        0.57593019     -3     3    -0.00018705599
412 region_rec_diffs(2,101)        -1.3876818     -3     3    -4.4411565e-05
413 region_rec_diffs(2,102)        0.00037589931     -3     3    -5.1876384e-06
414 region_rec_diffs(2,103)        -0.50224291     -3     3    1.0765884e-05
415 region_rec_diffs(2,104)        -0.68087274     -3     3    2.6218619e-05
416 region_rec_diffs(2,105)        0.2404568     -3     3    -7.990858e-05
417 region_rec_diffs(2,106)        0.076727084     -3     3    -6.210402e-05
418 region_rec_diffs(2,107)        0.10369428     -3     3    -1.452601e-05
419 region_rec_diffs(2,108)        0.099729083     -3     3    -8.6860826e-05
420 region_rec_diffs(2,109)        -0.59049169     -3     3    -3.6678565e-05
421 region_rec_diffs(2,110)        0.050906389     -3     3    -1.3214599e-05
422 region_rec_diffs(2,111)        0.1027993     -3     3    8.4548728e-08
423 region_rec_diffs(2,112)        -0.056074752     -3     3    -0.00017964255
424 region_rec_diffs(2,113)        -0.45804361     -3     3    0.0001247509
425 region_rec_diffs(2,114)        0.53320861     -3     3    -6.7311568e-05
426 region_rec_diffs(2,115)        -0.19138445     -3     3    -1.3180961e-05
427 region_rec_diffs(2,116)        -1.3383379     -3     3    -2.4660489e-05
428 region_rec_diffs(2,117)        -0.92878035     -3     3    -1.1692752e-05
429 region_rec_diffs(2,118)        0.15822102     -3     3    1.3215496e-06
430 region_rec_diffs(2,119)        -0.72389299     -3     3    -7.0353852e-05
431 region_rec_diffs(2,120)        0.22935793     -3     3    0.00018407909
432 region_rec_diffs(2,121)        -2.999838     -3     3    2.9042971e-05   *************
433 region_rec_diffs(2,122)        -2.5704462     -3     3    -5.1778361e-06
434 region_rec_diffs(2,123)        0.84495714     -3     3    -2.7128065e-05
435 region_rec_diffs(2,124)        -1.9586803     -3     3    -4.3909115e-05
436 region_rec_diffs(2,125)        -0.74252838     -3     3    1.408842e-05
437 region_rec_diffs(2,126)        0.27199827     -3     3    9.4346e-05
438 region_rec_diffs(2,127)        0.59426476     -3     3    0.00037128698
439 region_rec_diffs(2,128)        0.21373413     -3     3    -0.00017890357
440 region_rec_diffs(2,129)        -0.83498502     -3     3    6.2457364e-05
441 region_rec_diffs(2,130)        0.49858371     -3     3    8.9708838e-05
442 region_rec_diffs(2,131)        0.27606652     -3     3    0.00013167317
443 region_rec_diffs(2,132)        -2.3730531     -3     3    -1.1499287e-05
444 region_rec_diffs(2,133)        -0.15233419     -3     3    4.3675706e-05
445 region_rec_diffs(2,134)        0.63971684     -3     3    4.841027e-05
446 region_rec_diffs(2,135)        0.52395219     -3     3    0.00013292628
447 region_rec_diffs(2,136)        -0.2265367     -3     3    0.00016806143
448 region_rec_diffs(2,137)        0.60423049     -3     3    -3.9747169e-05
449 region_rec_diffs(2,138)        -1.0105328     -3     3    3.4668482e-05
450 region_rec_diffs(2,139)        0.74416826     -3     3    6.7796564e-05
451 region_rec_diffs(2,140)        1.1332227     -3     3    -2.9196124e-05
452 region_rec_diffs(2,141)        -1.5224058     -3     3    -8.3745666e-05
453 region_rec_diffs(2,142)        -0.51777842     -3     3    -4.6337748e-06
454 region_rec_diffs(2,143)        -0.022559241     -3     3    8.6701698e-05
455 region_rec_diffs(2,144)        -0.010661912     -3     3    7.9197206e-05
456 region_rec_diffs(2,145)        0.25476521     -3     3    2.9104355e-05
457 region_rec_diffs(2,146)        -1.1526699     -3     3    5.615614e-06
458 region_rec_diffs(2,147)        -1.6075464     -3     3    6.618873e-05
459 region_rec_diffs(2,148)        0.15871683     -3     3    -0.00021734178
460 region_rec_diffs(2,149)        0.1308983     -3     3    -5.3641138e-05
461 region_rec_diffs(2,150)        -0.32921327     -3     3    -2.7056853e-05
462 region_rec_diffs(2,151)        -0.057982693     -3     3    -0.0003237035
463 region_rec_diffs(2,152)        0.51029114     -3     3    0.00015150272
464 region_rec_diffs(2,153)        -1.717091     -3     3    -0.00022484045
465 region_rec_diffs(2,154)        -0.52610022     -3     3    -6.2309131e-05
466 region_rec_diffs(2,155)        -0.31143886     -3     3    6.4376067e-05
467 region_rec_diffs(2,156)        0.17274229     -3     3    0.00026343128
468 region_rec_diffs(2,157)        -1.6988061     -3     3    4.5723067e-05
469 region_rec_diffs(2,158)        -0.054660615     -3     3    0.0001509169
470 region_rec_diffs(2,159)        -1.6992573     -3     3    -5.4651583e-05
471 region_rec_diffs(2,160)        0.34756322     -3     3    -9.7017916e-05
472 region_rec_diffs(2,161)        -1.1971371     -3     3    5.4506647e-05
473 region_rec_diffs(2,162)        -0.83316163     -3     3    -9.0187416e-05
474 region_rec_diffs(2,163)        0.44865689     -3     3    8.2321128e-06
475 region_rec_diffs(2,164)        -0.58352605     -3     3    -0.00017103202
476 region_rec_diffs(2,165)        -0.43984978     -3     3    -3.5351117e-05
477 region_rec_diffs(2,166)        0.86343837     -3     3    -0.00034439682
478 region_rec_diffs(2,167)        0.22640816     -3     3    3.886972e-05
479 region_rec_diffs(2,168)        -0.31147215     -3     3    0.00014749422
480 region_rec_diffs(2,169)        -0.50071071     -3     3    -0.00012603618
481 region_rec_diffs(2,170)        0.64903259     -3     3    -0.00020490661
482 region_rec_diffs(2,171)        -1.0467336     -3     3    5.4205064e-05
483 region_rec_diffs(2,172)        -2.1237923     -3     3    -0.00031559553
484 region_rec_diffs(2,173)        -1.5364527     -3     3    6.9889151e-05
485 region_rec_diffs(2,174)        0.14072697     -3     3    -0.00014892276
486 region_rec_diffs(2,175)        -0.38185603     -3     3    -6.4323286e-05
487 region_rec_diffs(2,176)        0.36836088     -3     3    -6.3010261e-05
488 region_rec_diffs(2,177)        0.59393224     -3     3    6.1483285e-05
489 region_rec_diffs(2,178)        -1.4558119     -3     3    1.1849142e-05
490 region_rec_diffs(2,179)        0.16289631     -3     3    -2.4232154e-05
491 region_rec_diffs(2,180)        -0.1152782     -3     3    -0.00016658346
492 region_rec_diffs(2,181)        0.045460547     -3     3    -0.00027151762
493 region_rec_diffs(2,182)        0.88269407     -3     3    -0.00020346436
494 region_rec_diffs(2,183)        0.5774348     -3     3    -0.00024089754
495 region_rec_diffs(2,184)        0.32792542     -3     3    6.9996319e-05
496 region_rec_diffs(2,185)        -0.94390491     -3     3    7.6132363e-05
497 region_rec_diffs(2,186)        0.13612127     -3     3    -2.7385706e-05
498 region_rec_diffs(2,187)        -0.21016093     -3     3    0.00017252207
499 region_rec_diffs(2,188)        0.50731841     -3     3    0.00023382877
500 region_rec_diffs(2,189)        -0.5242565     -3     3    4.225672e-05
501 region_rec_diffs(2,190)        0.85951284     -3     3    -0.00021040676
502 region_rec_diffs(2,191)        0.21329386     -3     3    4.2203392e-05
503 region_rec_diffs(2,192)        -0.49728667     -3     3    -0.00013627888
504 region_rec_diffs(2,193)        -2.1956209     -3     3    2.7203522e-05
505 region_rec_diffs(2,194)        0.23699646     -3     3    0.00028975411
506 region_rec_diffs(2,195)        -0.26833852     -3     3    -0.00011463018
507 region_rec_diffs(2,196)        -1.0779002     -3     3    -0.00010983976
508 region_rec_diffs(2,197)        -0.91351113     -3     3    -4.9559314e-05
509 region_rec_diffs(2,198)        0.52854393     -3     3    5.5119736e-05
510 region_rec_diffs(2,199)        -0.50212611     -3     3    0.00014442374
511 region_rec_diffs(2,200)        0.887261     -3     3    2.696907e-07
512 region_rec_diffs(2,201)        -0.33938238     -3     3    4.4995864e-05
513 region_rec_diffs(2,202)        -1.1293836     -3     3    -6.7295422e-05
514 region_rec_diffs(2,203)        -1.319748     -3     3    -2.8865001e-05
515 region_rec_diffs(2,204)        -0.42981073     -3     3    4.3140209e-05
516 region_rec_diffs(2,205)        -0.50239117     -3     3    -2.7967961e-05
517 region_rec_diffs(2,206)        0.92503081     -3     3    -8.9634651e-05
518 region_rec_diffs(2,207)        0.19961295     -3     3    -2.3337986e-05
519 region_rec_diffs(2,208)        0.87025628     -3     3    -5.5947947e-05
520 region_rec_diffs(2,209)        -1.6011709     -3     3    1.5201071e-05
521 region_rec_diffs(2,210)        -1.1170931     -3     3    -4.3702436e-05
522 region_rec_diffs(2,211)        -1.0359323     -3     3    9.9832979e-05
523 region_rec_diffs(2,212)        -0.11900581     -3     3    0.00019560975
524 region_rec_diffs(2,213)        0.17396583     -3     3    -0.00012408239
525 region_rec_diffs(2,214)        0.80411988     -3     3    -8.6347902e-05
526 region_rec_diffs(2,215)        0.089018369     -3     3    9.7584552e-05
527 region_rec_diffs(2,216)        0.22347744     -3     3    0.00017205981
528 region_rec_diffs(2,217)        -0.46864724     -3     3    0.00015119841
529 region_rec_diffs(2,218)        0.35401403     -3     3    6.116632e-06
530 region_rec_diffs(2,219)        0.080163116     -3     3    -3.7393953e-05
531 region_rec_diffs(2,220)        -0.94461522     -3     3    0.000191611
532 region_rec_diffs(2,221)        0.32867048     -3     3    0.00021744949
533 region_rec_diffs(2,222)        0.087932426     -3     3    9.4406712e-05
534 region_rec_diffs(2,223)        -0.075726663     -3     3    -6.484212e-05
535 region_rec_diffs(2,224)        -0.36813701     -3     3    -0.00016470455
536 region_rec_diffs(2,225)        0.28124491     -3     3    -0.00013844265
537 region_rec_diffs(2,226)        0.80593517     -3     3    0.00035318004
538 region_rec_diffs(2,227)        0.54555919     -3     3    4.2763423e-05
539 region_rec_diffs(2,228)        0.50374672     -3     3    0.00012125943
540 region_rec_diffs(2,229)        -1.1762741     -3     3    2.607232e-05
541 region_rec_diffs(2,230)        -0.44671345     -3     3    0.00010152259
542 region_rec_diffs(2,231)        -0.84194228     -3     3    -0.00010977459
543 region_rec_diffs(2,232)        -1.4260792     -3     3    -7.3701136e-06
544 region_rec_diffs(2,233)        0.09708847     -3     3    4.289261e-05
545 region_rec_diffs(2,234)        0.040084912     -3     3    -0.00016495821
546 region_rec_diffs(2,235)        -0.022443057     -3     3    0.00031988553
547 region_rec_diffs(2,236)        0.066806153     -3     3    0.00023053185
548 region_rec_diffs(2,237)        -0.26935718     -3     3    -0.00010376463
549 region_rec_diffs(2,238)        0.26685591     -3     3    0.000215291
550 region_rec_diffs(2,239)        0.32141956     -3     3    -9.659206e-05
551 region_rec_diffs(2,240)        -0.55617709     -3     3    -0.00018656312
552 region_rec_diffs(2,241)        -1.2423696     -3     3    -0.00019527819
553 region_rec_diffs(2,242)        0.11195568     -3     3    5.7666815e-05
554 region_rec_diffs(2,243)        0.0071134798     -3     3    1.027817e-05
555 region_rec_diffs(2,244)        -0.27204138     -3     3    -0.00016263172
556 region_rec_diffs(2,245)        -0.0013399938     -3     3    0.00030226949
557 region_rec_diffs(2,246)        0.041315915     -3     3    0.00021069052
558 region_rec_diffs(2,247)        -0.31718641     -3     3    -0.00024108841
559 region_rec_diffs(2,248)        -1.028352     -3     3    -2.4232047e-05
560 region_rec_diffs(2,249)        -0.021207567     -3     3    0.0002576134
561 region_rec_diffs(2,250)        0.41455049     -3     3    9.8441151e-05
562 region_rec_diffs(2,251)        0.1084955     -3     3    3.5639143e-05
563 region_rec_diffs(2,252)        -0.32374851     -3     3    -0.00019226275
564 region_rec_diffs(2,253)        -0.75988295     -3     3    -3.1647575e-06
565 region_rec_diffs(2,254)        0.15908325     -3     3    -0.00030512408
566 region_rec_diffs(2,255)        0.24161373     -3     3    -0.00015623052
567 region_rec_diffs(2,256)        -0.23214629     -3     3    -0.00030314794
568 region_rec_diffs(2,257)        -0.37480025     -3     3    9.1980328e-05
569 region_rec_diffs(2,258)        0.4705957     -3     3    0.00014962975
570 region_rec_diffs(2,259)        1.0026747     -3     3    -4.9475014e-05
571 region_rec_diffs(2,260)        -0.41134736     -3     3    -0.00017436735
572 region_rec_diffs(2,261)        -0.25844387     -3     3    2.1231807e-05
573 region_rec_diffs(2,262)        0.75351435     -3     3    -0.00011324848
574 region_rec_diffs(2,263)        0.31793649     -3     3    0.00014006882
575 region_rec_diffs(2,264)        -1.4965191     -3     3    3.358324e-05
576 region_rec_diffs(2,265)        -0.56441884     -3     3    -0.00015265829
577 region_rec_diffs(2,266)        0.49174843     -3     3    -0.00032174878
578 region_rec_diffs(2,267)        0.39878612     -3     3    -0.00018059254
579 region_rec_diffs(2,268)        -0.6037818     -3     3    8.3391272e-05
580 region_rec_diffs(2,269)        -1.163158     -3     3    0.00030738545
581 region_rec_diffs(2,270)        0.006556996     -3     3    5.3903102e-05
582 region_rec_diffs(2,271)        -0.53835555     -3     3    -4.3077357e-05
583 region_rec_diffs(2,272)        0.38268379     -3     3    0.00019234146
584 region_rec_diffs(2,273)        0.34108692     -3     3    -0.00014387282
585 region_rec_diffs(2,274)        -1.050687     -3     3    -7.5619897e-05
586 region_rec_diffs(2,275)        0.34549111     -3     3    -0.00031063693
587 region_rec_diffs(2,276)        -0.53485631     -3     3    0.00024982529
588 region_rec_diffs(2,277)        -1.4985202     -3     3    -4.5484026e-05
589 region_rec_diffs(2,278)        -0.59227682     -3     3    0.00017977552
590 region_rec_diffs(2,279)        0.3175438     -3     3    -4.0315902e-05
591 region_rec_diffs(3,1)        1.3322676e-15     -3     3    3.7451153e-15
592 region_rec_diffs(3,2)        -1.0339503     -3     3    -0.00014941629
593 region_rec_diffs(3,3)        -1.134856     -3     3    -0.00010189769
594 region_rec_diffs(3,4)        -1.4967601     -3     3    4.7449171e-05
595 region_rec_diffs(3,5)        -1.5057263     -3     3    -3.6226153e-06
596 region_rec_diffs(3,6)        -0.60171435     -3     3    -9.8667019e-05
597 region_rec_diffs(3,7)        -0.40056743     -3     3    0.00016494443
598 region_rec_diffs(3,8)        -0.39877606     -3     3    0.00011452052
599 region_rec_diffs(3,9)        -2.2085496     -3     3    -0.00010504756
600 region_rec_diffs(3,10)        -0.33633394     -3     3    4.9739582e-05
601 region_rec_diffs(3,11)        -0.055474753     -3     3    -0.00012928651
602 region_rec_diffs(3,12)        -0.035803267     -3     3    4.1280018e-05
603 region_rec_diffs(3,13)        -1.1189069     -3     3    -5.6495447e-05
604 region_rec_diffs(3,14)        -0.84427451     -3     3    -0.00013965407
605 region_rec_diffs(3,15)        -0.088617122     -3     3    -2.5043296e-05
606 region_rec_diffs(3,16)        -0.078753228     -3     3    -3.6111793e-05
607 region_rec_diffs(3,17)        -0.99636858     -3     3    6.6759254e-05
608 region_rec_diffs(3,18)        -1.9959212     -3     3    1.1908727e-05
609 region_rec_diffs(3,19)        -0.391786     -3     3    -1.8968859e-05
610 region_rec_diffs(3,20)        -0.94478571     -3     3    4.6949758e-05
611 region_rec_diffs(3,21)        -1.2377026     -3     3    -6.6018385e-06
612 region_rec_diffs(3,22)        -1.6024279     -3     3    0.00011478525
613 region_rec_diffs(3,23)        -0.41846524     -3     3    1.9375748e-05
614 region_rec_diffs(3,24)        -1.4226329     -3     3    5.0508176e-05
615 region_rec_diffs(3,25)        -0.92608993     -3     3    -8.152988e-05
616 region_rec_diffs(3,26)        -1.2632337     -3     3    5.6074653e-05
617 region_rec_diffs(3,27)        -0.067479122     -3     3    8.9693543e-05
618 region_rec_diffs(3,28)        -1.403669     -3     3    1.6071093e-05
619 region_rec_diffs(3,29)        -1.0522296     -3     3    2.4202782e-05
620 region_rec_diffs(3,30)        -0.28202073     -3     3    -0.00015581798
621 region_rec_diffs(3,31)        0.010522768     -3     3    -7.8439997e-06
622 region_rec_diffs(3,32)        0.083695356     -3     3    -5.7812574e-05
623 region_rec_diffs(3,33)        0.44811432     -3     3    -0.00018033314
624 region_rec_diffs(3,34)        -0.57962172     -3     3    -2.4217152e-05
625 region_rec_diffs(3,35)        -0.090256866     -3     3    -4.3263506e-05
626 region_rec_diffs(3,36)        -0.098821593     -3     3    0.00015819651
627 region_rec_diffs(3,37)        -0.4799398     -3     3    0.0001307332
628 region_rec_diffs(3,38)        0.13615294     -3     3    -3.4420574e-06
629 region_rec_diffs(3,39)        0.067937138     -3     3    1.6305849e-05
630 region_rec_diffs(3,40)        0.092478323     -3     3    1.9515866e-05
631 region_rec_diffs(3,41)        -0.41905409     -3     3    -0.00013121994
632 region_rec_diffs(3,42)        -0.73793578     -3     3    7.8899518e-05
633 region_rec_diffs(3,43)        0.045339058     -3     3    -5.6628174e-06
634 region_rec_diffs(3,44)        0.4897826     -3     3    -0.00014423938
635 region_rec_diffs(3,45)        -0.77779273     -3     3    -5.470455e-05
636 region_rec_diffs(3,46)        -0.46869808     -3     3    6.0580826e-06
637 region_rec_diffs(3,47)        -0.085827276     -3     3    5.4869704e-05
638 region_rec_diffs(3,48)        0.65765304     -3     3    0.00036126057
639 region_rec_diffs(3,49)        -0.57082374     -3     3    0.00017554384
640 region_rec_diffs(3,50)        -0.073639459     -3     3    2.7487215e-05
641 region_rec_diffs(3,51)        -1.6073968     -3     3    -2.7614607e-05
642 region_rec_diffs(3,52)        -0.26131368     -3     3    6.1705905e-05
643 region_rec_diffs(3,53)        -0.57264243     -3     3    2.804614e-06
644 region_rec_diffs(3,54)        -0.56746125     -3     3    -4.0688462e-05
645 region_rec_diffs(3,55)        -0.26086384     -3     3    -1.3359907e-05
646 region_rec_diffs(3,56)        -0.75965593     -3     3    6.0517312e-05
647 region_rec_diffs(3,57)        0.63317146     -3     3    -9.5930554e-05
648 region_rec_diffs(3,58)        -0.55931125     -3     3    -1.5930795e-05
649 region_rec_diffs(3,59)        -0.32718282     -3     3    6.795615e-05
650 region_rec_diffs(3,60)        -0.31942821     -3     3    -8.0989768e-05
651 region_rec_diffs(3,61)        -0.96136888     -3     3    9.7358424e-05
652 region_rec_diffs(3,62)        -0.26997076     -3     3    -0.00016530081
653 region_rec_diffs(3,63)        -0.78439936     -3     3    1.9350224e-05
654 region_rec_diffs(3,64)        -1.0947483     -3     3    -5.7898032e-05
655 region_rec_diffs(3,65)        0.05844935     -3     3    7.1343495e-05
656 region_rec_diffs(3,66)        0.17512451     -3     3    0.00012170502
657 region_rec_diffs(3,67)        -0.38695795     -3     3    3.6076001e-05
658 region_rec_diffs(3,68)        -0.65857758     -3     3    -0.00010968631
659 region_rec_diffs(3,69)        0.091252757     -3     3    1.8869743e-05
660 region_rec_diffs(3,70)        -0.39046189     -3     3    8.8456937e-05
661 region_rec_diffs(3,71)        -0.69215329     -3     3    5.5836476e-06
662 region_rec_diffs(3,72)        -0.15667319     -3     3    -1.2579264e-06
663 region_rec_diffs(3,73)        -0.44588905     -3     3    0.00028549795
664 region_rec_diffs(3,74)        -1.0339975     -3     3    1.9883645e-05
665 region_rec_diffs(3,75)        -1.8290476     -3     3    -5.6218943e-05
666 region_rec_diffs(3,76)        -0.21543454     -3     3    5.3073829e-06
667 region_rec_diffs(3,77)        -0.2430978     -3     3    -0.00011929598
668 region_rec_diffs(3,78)        -0.67162799     -3     3    3.4019505e-05
669 region_rec_diffs(3,79)        -0.71053664     -3     3    5.2314502e-05
670 region_rec_diffs(3,80)        -0.74752799     -3     3    9.8192176e-05
671 region_rec_diffs(3,81)        -1.8506055     -3     3    -5.1210456e-05
672 region_rec_diffs(3,82)        -1.1806453     -3     3    -4.2301022e-05
673 region_rec_diffs(3,83)        -0.16737221     -3     3    -0.00015415366
674 region_rec_diffs(3,84)        -0.70705372     -3     3    2.8404589e-06
675 region_rec_diffs(3,85)        -0.048747442     -3     3    -0.00023561261
676 region_rec_diffs(3,86)        0.13250802     -3     3    -0.00010699786
677 region_rec_diffs(3,87)        -0.69786201     -3     3    -8.7335498e-05
678 region_rec_diffs(3,88)        -0.22106183     -3     3    -0.0001702631
679 region_rec_diffs(3,89)        -1.0893234     -3     3    -5.4277195e-05
680 region_rec_diffs(3,90)        -0.3593573     -3     3    -4.1283131e-05
681 region_rec_diffs(3,91)        -0.60671807     -3     3    -8.3756462e-05
682 region_rec_diffs(3,92)        -1.5008479     -3     3    2.8110587e-05
683 region_rec_diffs(3,93)        -0.48654433     -3     3    -2.4359776e-05
684 region_rec_diffs(3,94)        -0.66806283     -3     3    -1.6652585e-05
685 region_rec_diffs(3,95)        0.079399605     -3     3    -1.7840454e-06
686 region_rec_diffs(3,96)        0.066499952     -3     3    -0.00014637924
687 region_rec_diffs(3,97)        -0.10308432     -3     3    1.5428245e-05
688 region_rec_diffs(3,98)        -0.96175818     -3     3    -6.5448529e-05
689 region_rec_diffs(3,99)        0.11109811     -3     3    9.7826675e-05
690 region_rec_diffs(3,100)        -2.01122     -3     3    -4.4066682e-05
691 region_rec_diffs(3,101)        -0.32359345     -3     3    0.00012096926
692 region_rec_diffs(3,102)        -0.035273336     -3     3    -2.3321138e-06
693 region_rec_diffs(3,103)        -0.59203878     -3     3    2.2355965e-05
694 region_rec_diffs(3,104)        -0.50273825     -3     3    -2.419028e-05
695 region_rec_diffs(3,105)        -0.25328321     -3     3    -4.1885218e-05
696 region_rec_diffs(3,106)        -0.082939076     -3     3    -6.5446798e-05
697 region_rec_diffs(3,107)        -0.18070135     -3     3    -1.2103612e-05
698 region_rec_diffs(3,108)        -1.0914991     -3     3    -3.2426773e-05
699 region_rec_diffs(3,109)        -0.6443746     -3     3    -6.957688e-05
700 region_rec_diffs(3,110)        -0.076446238     -3     3    -1.9336812e-05
701 region_rec_diffs(3,111)        -0.064518431     -3     3    3.4749556e-06
702 region_rec_diffs(3,112)        -0.40939489     -3     3    -0.00019912179
703 region_rec_diffs(3,113)        -0.35256892     -3     3    -2.7909721e-05
704 region_rec_diffs(3,114)        -0.42746698     -3     3    -9.4187593e-06
705 region_rec_diffs(3,115)        -0.079860305     -3     3    2.069818e-05
706 region_rec_diffs(3,116)        0.44026106     -3     3    -0.00014110471
707 region_rec_diffs(3,117)        -0.79973422     -3     3    -3.2931244e-06
708 region_rec_diffs(3,118)        -0.051332216     -3     3    4.4802274e-06
709 region_rec_diffs(3,119)        -1.2935918     -3     3    -7.8091009e-05
710 region_rec_diffs(3,120)        0.43365706     -3     3    0.00036178872
711 region_rec_diffs(3,121)        -0.4330631     -3     3    0.00016812087
712 region_rec_diffs(3,122)        -1.2902884     -3     3    -1.0410506e-05
713 region_rec_diffs(3,123)        -0.94093699     -3     3    -5.3206685e-06
714 region_rec_diffs(3,124)        0.51164625     -3     3    0.00012777604
715 region_rec_diffs(3,125)        -0.092872355     -3     3    -5.1374749e-05
716 region_rec_diffs(3,126)        -0.99821903     -3     3    -6.4045572e-06
717 region_rec_diffs(3,127)        -0.23352113     -3     3    0.00010575511
718 region_rec_diffs(3,128)        -0.71108091     -3     3    -0.00019899112
719 region_rec_diffs(3,129)        -1.485702     -3     3    3.7500597e-07
720 region_rec_diffs(3,130)        -0.79300225     -3     3    1.1890501e-05
721 region_rec_diffs(3,131)        -0.10823375     -3     3    8.9449947e-05
722 region_rec_diffs(3,132)        0.92653818     -3     3    -4.0377169e-05
723 region_rec_diffs(3,133)        -1.3481974     -3     3    -6.5469232e-05
724 region_rec_diffs(3,134)        -0.70845882     -3     3    -1.5832241e-05
725 region_rec_diffs(3,135)        -0.61268725     -3     3    -8.0585633e-06
726 region_rec_diffs(3,136)        -1.4253909     -3     3    9.9794117e-05
727 region_rec_diffs(3,137)        -0.64891089     -3     3    -3.9525411e-05
728 region_rec_diffs(3,138)        -1.3739695     -3     3    2.9251976e-05
729 region_rec_diffs(3,139)        -0.53292182     -3     3    -5.6601057e-06
730 region_rec_diffs(3,140)        -1.7766815     -3     3    -7.7495595e-05
731 region_rec_diffs(3,141)        -1.4069737     -3     3    -3.0235185e-05
732 region_rec_diffs(3,142)        -0.46098221     -3     3    -1.6569442e-05
733 region_rec_diffs(3,143)        0.54470402     -3     3    3.0713281e-05
734 region_rec_diffs(3,144)        0.21485027     -3     3    -5.56614e-05
735 region_rec_diffs(3,145)        -1.0004808     -3     3    -4.2313762e-05
736 region_rec_diffs(3,146)        0.81699309     -3     3    0.00010977549
737 region_rec_diffs(3,147)        0.00072215074     -3     3    0.00029438708
738 region_rec_diffs(3,148)        -1.9919853     -3     3    -2.2406065e-05
739 region_rec_diffs(3,149)        -1.2910744     -3     3    -7.2094072e-06
740 region_rec_diffs(3,150)        0.11140472     -3     3    -7.006772e-05
741 region_rec_diffs(3,151)        0.5797764     -3     3    -0.00032333029
742 region_rec_diffs(3,152)        -1.9978786     -3     3    0.00010458869
743 region_rec_diffs(3,153)        -0.1237118     -3     3    -2.1838085e-05
744 region_rec_diffs(3,154)        0.82121897     -3     3    3.2895015e-05
745 region_rec_diffs(3,155)        0.66368099     -3     3    0.00025142816
746 region_rec_diffs(3,156)        -1.9263727     -3     3    1.3889006e-05
747 region_rec_diffs(3,157)        -1.388829     -3     3    4.4628526e-05
748 region_rec_diffs(3,158)        0.55050285     -3     3    4.8187835e-05
749 region_rec_diffs(3,159)        1.0413754     -3     3    8.4182833e-06
750 region_rec_diffs(3,160)        0.27049865     -3     3    0.00012655915
751 region_rec_diffs(3,161)        0.43706019     -3     3    1.3198189e-05
752 region_rec_diffs(3,162)        0.62024228     -3     3    -0.00015086309
753 region_rec_diffs(3,163)        -0.52541787     -3     3    -0.00020199315
754 region_rec_diffs(3,164)        -1.1749552     -3     3    -6.2976186e-05
755 region_rec_diffs(3,165)        0.79190157     -3     3    -0.00018300907
756 region_rec_diffs(3,166)        -0.5191851     -3     3    -7.6123088e-05
757 region_rec_diffs(3,167)        0.58722121     -3     3    0.00010972346
758 region_rec_diffs(3,168)        -0.79017918     -3     3    3.0519707e-05
759 region_rec_diffs(3,169)        -0.52201413     -3     3    -0.0002173446
760 region_rec_diffs(3,170)        -0.0049671288     -3     3    -0.0001736005
761 region_rec_diffs(3,171)        0.72200705     -3     3    -6.2714066e-05
762 region_rec_diffs(3,172)        -0.23627153     -3     3    -3.2544795e-06
763 region_rec_diffs(3,173)        -0.97087813     -3     3    7.7767291e-05
764 region_rec_diffs(3,174)        0.33021737     -3     3    1.5261496e-05
765 region_rec_diffs(3,175)        0.83544071     -3     3    4.183705e-05
766 region_rec_diffs(3,176)        0.3949376     -3     3    0.00026236963
767 region_rec_diffs(3,177)        0.025541628     -3     3    -0.00042878136
768 region_rec_diffs(3,178)        0.38086624     -3     3    8.1599526e-05
769 region_rec_diffs(3,179)        0.32231983     -3     3    0.0001727694
770 region_rec_diffs(3,180)        -1.5098348     -3     3    -1.7294263e-06
771 region_rec_diffs(3,181)        -1.2672483     -3     3    -1.6637536e-05
772 region_rec_diffs(3,182)        -0.5070633     -3     3    -0.00010195339
773 region_rec_diffs(3,183)        0.32169291     -3     3    -0.00017083645
774 region_rec_diffs(3,184)        0.59361853     -3     3    0.00040041698
775 region_rec_diffs(3,185)        0.54434315     -3     3    -0.00030043137
776 region_rec_diffs(3,186)        0.087599063     -3     3    -4.5797975e-05
777 region_rec_diffs(3,187)        -1.0263622     -3     3    0.00011235753
778 region_rec_diffs(3,188)        -1.9662967     -3     3    2.0845808e-05
779 region_rec_diffs(3,189)        -0.8007617     -3     3    -0.00013197595
780 region_rec_diffs(3,190)        -0.13285009     -3     3    -0.00026833049
781 region_rec_diffs(3,191)        0.70539309     -3     3    9.4373627e-05
782 region_rec_diffs(3,192)        0.46200195     -3     3    0.0001862296
783 region_rec_diffs(3,193)        -0.34482974     -3     3    -4.7892525e-05
784 region_rec_diffs(3,194)        0.55917704     -3     3    5.7953384e-05
785 region_rec_diffs(3,195)        0.23203587     -3     3    -0.00034092761
786 region_rec_diffs(3,196)        0.034876706     -3     3    -0.00019432554
787 region_rec_diffs(3,197)        0.53251943     -3     3    -0.000247996
788 region_rec_diffs(3,198)        0.42343863     -3     3    5.2498589e-05
789 region_rec_diffs(3,199)        0.12677213     -3     3    0.00011654984
790 region_rec_diffs(3,200)        -0.6092859     -3     3    5.8870466e-05
791 region_rec_diffs(3,201)        -0.78041391     -3     3    -3.439936e-06
792 region_rec_diffs(3,202)        0.37653997     -3     3    -0.00020419756
793 region_rec_diffs(3,203)        -0.26814532     -3     3    2.0134017e-05
794 region_rec_diffs(3,204)        -0.18937764     -3     3    0.00014335299
795 region_rec_diffs(3,205)        0.86994148     -3     3    -8.6655197e-05
796 region_rec_diffs(3,206)        -0.20737995     -3     3    7.1220121e-05
797 region_rec_diffs(3,207)        0.58909971     -3     3    -5.4745738e-05
798 region_rec_diffs(3,208)        -0.23696027     -3     3    -0.00018777044
799 region_rec_diffs(3,209)        0.72287723     -3     3    0.00051982546
800 region_rec_diffs(3,210)        0.08742927     -3     3    9.5539984e-05
801 region_rec_diffs(3,211)        0.29532645     -3     3    0.00030376125
802 region_rec_diffs(3,212)        -1.043516     -3     3    0.00014523236
803 region_rec_diffs(3,213)        0.42584575     -3     3    6.0968245e-05
804 region_rec_diffs(3,214)        -0.085051766     -3     3    1.5019383e-05
805 region_rec_diffs(3,215)        0.4321248     -3     3    1.7407011e-05
806 region_rec_diffs(3,216)        -0.2109497     -3     3    -9.3877026e-05
807 region_rec_diffs(3,217)        -0.10682548     -3     3    -3.2705861e-05
808 region_rec_diffs(3,218)        -0.17569879     -3     3    -6.9510574e-05
809 region_rec_diffs(3,219)        0.48060761     -3     3    -0.0001269752
810 region_rec_diffs(3,220)        0.23738903     -3     3    -0.0001641039
811 region_rec_diffs(3,221)        -0.10768852     -3     3    0.00022346057
812 region_rec_diffs(3,222)        0.6982792     -3     3    0.00019038875
813 region_rec_diffs(3,223)        -0.48116174     -3     3    6.5278648e-05
814 region_rec_diffs(3,224)        -0.14912531     -3     3    -8.9818662e-05
815 region_rec_diffs(3,225)        0.34920505     -3     3    0.00022156109
816 region_rec_diffs(3,226)        -0.022283745     -3     3    0.00019226177
817 region_rec_diffs(3,227)        0.14844481     -3     3    9.8579174e-05
818 region_rec_diffs(3,228)        0.28542947     -3     3    0.00025456136
819 region_rec_diffs(3,229)        -0.21729474     -3     3    0.00026118692
820 region_rec_diffs(3,230)        0.63517708     -3     3    -1.8583031e-06
821 region_rec_diffs(3,231)        0.4078378     -3     3    -0.00012980502
822 region_rec_diffs(3,232)        -0.39705802     -3     3    0.00041674908
823 region_rec_diffs(3,233)        0.29896675     -3     3    4.9406909e-05
824 region_rec_diffs(3,234)        0.69007559     -3     3    0.00046363768
825 region_rec_diffs(3,235)        0.62510831     -3     3    0.00025281474
826 region_rec_diffs(3,236)        -0.083472755     -3     3    -0.00019557682
827 region_rec_diffs(3,237)        -0.34215525     -3     3    -0.00017725487
828 region_rec_diffs(3,238)        -0.14356483     -3     3    5.2705053e-05
829 region_rec_diffs(3,239)        0.41959949     -3     3    -5.5387785e-05
830 region_rec_diffs(3,240)        0.75838485     -3     3    -0.0001303495
831 region_rec_diffs(3,241)        -0.11557193     -3     3    2.2946118e-05
832 region_rec_diffs(3,242)        0.19883274     -3     3    -1.9540403e-05
833 region_rec_diffs(3,243)        0.011982352     -3     3    -6.7932509e-05
834 region_rec_diffs(3,244)        -1.2121615     -3     3    -5.6780249e-05
835 region_rec_diffs(3,245)        0.26487662     -3     3    0.00017973681
836 region_rec_diffs(3,246)        0.61396633     -3     3    -0.00031185648
837 region_rec_diffs(3,247)        0.79742067     -3     3    -2.6837799e-05
838 region_rec_diffs(3,248)        -0.1281715     -3     3    -1.003254e-05
839 region_rec_diffs(3,249)        0.29597173     -3     3    -0.00013677257
840 region_rec_diffs(3,250)        0.50321362     -3     3    -2.1908562e-05
841 region_rec_diffs(3,251)        0.7136359     -3     3    -6.2738688e-05
842 region_rec_diffs(3,252)        0.52124478     -3     3    -5.7173262e-05
843 region_rec_diffs(3,253)        -0.10560475     -3     3    0.000123566
844 region_rec_diffs(3,254)        0.6500474     -3     3    -0.00026576752
845 region_rec_diffs(3,255)        0.34966252     -3     3    -0.00027390548
846 region_rec_diffs(3,256)        0.083356465     -3     3    0.00025791913
847 region_rec_diffs(3,257)        -0.30992906     -3     3    -0.00019243966
848 region_rec_diffs(3,258)        0.37176002     -3     3    0.00024904532
849 region_rec_diffs(3,259)        -0.84523754     -3     3    0.00017151703
850 region_rec_diffs(3,260)        -1.285364     -3     3    7.7443576e-05
851 region_rec_diffs(3,261)        0.42625906     -3     3    0.00011045152
852 region_rec_diffs(3,262)        0.065894595     -3     3    0.0001730849
853 region_rec_diffs(3,263)        0.47458451     -3     3    -0.00047539852
854 region_rec_diffs(3,264)        -0.053172567     -3     3    -9.8028694e-05
855 region_rec_diffs(3,265)        -0.57411213     -3     3    -0.00014439806
856 region_rec_diffs(3,266)        0.41083502     -3     3    0.00024933596
857 region_rec_diffs(3,267)        0.50830213     -3     3    -0.00019139505
858 region_rec_diffs(3,268)        0.5273043     -3     3    -0.00013446107
859 region_rec_diffs(3,269)        0.043957591     -3     3    0.00010136204
860 region_rec_diffs(3,270)        0.68508664     -3     3    -5.543539e-05
861 region_rec_diffs(3,271)        -0.11581687     -3     3    -0.00019475897
862 region_rec_diffs(3,272)        -0.50613589     -3     3    6.5828052e-06
863 region_rec_diffs(3,273)        -1.1500186     -3     3    0.00015620839
864 region_rec_diffs(3,274)        1.0080656     -3     3    4.3613687e-05
865 region_rec_diffs(3,275)        -1.5562955     -3     3    -2.4383823e-05
866 region_rec_diffs(3,276)        -1.4055294     -3     3    4.048985e-05
867 region_rec_diffs(3,277)        0.55348641     -3     3    0.00019212565
868 region_rec_diffs(3,278)        0.64584212     -3     3    -0.00014544197
869 region_rec_diffs(3,279)        -0.36809167     -3     3    0.00011127512
870 region_rec_diffs(4,1)        8.8817842e-16     -3     3    1.5684855e-15
871 region_rec_diffs(4,2)        0.16866702     -3     3    -8.3586965e-05
872 region_rec_diffs(4,3)        0.17221629     -3     3    -0.00014471152
873 region_rec_diffs(4,4)        0.18852042     -3     3    8.9688278e-05
874 region_rec_diffs(4,5)        0.20364155     -3     3    -0.00012530456
875 region_rec_diffs(4,6)        0.042846762     -3     3    -4.8080483e-05
876 region_rec_diffs(4,7)        0.059913544     -3     3    0.00013564322
877 region_rec_diffs(4,8)        0.070590711     -3     3    1.7474768e-05
878 region_rec_diffs(4,9)        -0.11704196     -3     3    9.2427716e-05
879 region_rec_diffs(4,10)        0.053590813     -3     3    -2.5879992e-05
880 region_rec_diffs(4,11)        0.010868232     -3     3    -3.2605953e-05
881 region_rec_diffs(4,12)        0.0094781277     -3     3    3.9945784e-05
882 region_rec_diffs(4,13)        0.43873889     -3     3    -9.5810601e-05
883 region_rec_diffs(4,14)        1.0680905     -3     3    -0.00028062715
884 region_rec_diffs(4,15)        0.075032492     -3     3    -2.6150957e-05
885 region_rec_diffs(4,16)        0.12528629     -3     3    -0.0001447825
886 region_rec_diffs(4,17)        0.6772873     -3     3    0.00013164426
887 region_rec_diffs(4,18)        0.11466064     -3     3    0.00012874702
888 region_rec_diffs(4,19)        0.091721226     -3     3    -1.5681984e-05
889 region_rec_diffs(4,20)        0.21038241     -3     3    -3.1587282e-05
890 region_rec_diffs(4,21)        0.84770465     -3     3    -2.9575214e-05
891 region_rec_diffs(4,22)        -0.065050135     -3     3    -4.012624e-05
892 region_rec_diffs(4,23)        0.10254547     -3     3    -6.7295814e-06
893 region_rec_diffs(4,24)        0.9730984     -3     3    0.00024753707
894 region_rec_diffs(4,25)        0.10090032     -3     3    -3.9034773e-05
895 region_rec_diffs(4,26)        -0.65065755     -3     3    -4.7396375e-05
896 region_rec_diffs(4,27)        0.0042848122     -3     3    3.2543633e-05
897 region_rec_diffs(4,28)        0.78387809     -3     3    -0.00027508147
898 region_rec_diffs(4,29)        0.78333652     -3     3    7.9834381e-05
899 region_rec_diffs(4,30)        0.44778707     -3     3    -0.00017140844
900 region_rec_diffs(4,31)        0.10093888     -3     3    -3.2809576e-06
901 region_rec_diffs(4,32)        0.23327242     -3     3    -1.2423275e-05
902 region_rec_diffs(4,33)        0.485661     -3     3    -9.2734555e-05
903 region_rec_diffs(4,34)        0.50956254     -3     3    0.00011328591
904 region_rec_diffs(4,35)        0.021620872     -3     3    -1.9691379e-05
905 region_rec_diffs(4,36)        0.018018303     -3     3    7.6803373e-05
906 region_rec_diffs(4,37)        0.58729182     -3     3    7.6817713e-05
907 region_rec_diffs(4,38)        0.48858986     -3     3    -2.8677919e-05
908 region_rec_diffs(4,39)        0.088146347     -3     3    7.4641185e-06
909 region_rec_diffs(4,40)        0.10608838     -3     3    9.8379437e-06
910 region_rec_diffs(4,41)        0.28989189     -3     3    -0.00011782124
911 region_rec_diffs(4,42)        -0.30497011     -3     3    8.069447e-05
912 region_rec_diffs(4,43)        0.027249544     -3     3    3.825707e-06
913 region_rec_diffs(4,44)        -0.048462245     -3     3    -2.6736321e-05
914 region_rec_diffs(4,45)        0.8234347     -3     3    -6.9575077e-05
915 region_rec_diffs(4,46)        0.12815838     -3     3    5.7790186e-06
916 region_rec_diffs(4,47)        0.25673066     -3     3    3.7253404e-05
917 region_rec_diffs(4,48)        0.26648082     -3     3    0.00011144285
918 region_rec_diffs(4,49)        0.29912914     -3     3    0.00011620993
919 region_rec_diffs(4,50)        0.35475286     -3     3    2.0625163e-05
920 region_rec_diffs(4,51)        0.82033701     -3     3    -8.4944908e-05
921 region_rec_diffs(4,52)        0.41284868     -3     3    4.5850566e-05
922 region_rec_diffs(4,53)        0.59945616     -3     3    0.00026983667
923 region_rec_diffs(4,54)        1.3877596     -3     3    0.00012638251
924 region_rec_diffs(4,55)        0.41388963     -3     3    1.4828521e-06
925 region_rec_diffs(4,56)        1.3345823     -3     3    7.8920789e-05
926 region_rec_diffs(4,57)        -0.08382453     -3     3    -1.6408422e-05
927 region_rec_diffs(4,58)        -0.72101195     -3     3    3.6850874e-05
928 region_rec_diffs(4,59)        -0.0057446345     -3     3    2.7757269e-05
929 region_rec_diffs(4,60)        1.4311771     -3     3    0.00011221403
930 region_rec_diffs(4,61)        -0.02191447     -3     3    0.00012313354
931 region_rec_diffs(4,62)        0.22611187     -3     3    -0.00010764053
932 region_rec_diffs(4,63)        0.089843891     -3     3    2.4538277e-05
933 region_rec_diffs(4,64)        1.6612203     -3     3    -0.0002595753
934 region_rec_diffs(4,65)        -0.38184415     -3     3    2.2006274e-05
935 region_rec_diffs(4,66)        0.049899138     -3     3    4.596804e-05
936 region_rec_diffs(4,67)        -0.14596724     -3     3    2.6227949e-05
937 region_rec_diffs(4,68)        -0.40496755     -3     3    -3.676508e-05
938 region_rec_diffs(4,69)        -0.63122753     -3     3    3.8774213e-05
939 region_rec_diffs(4,70)        0.91666292     -3     3    9.9719586e-05
940 region_rec_diffs(4,71)        1.0731478     -3     3    -3.03119e-05
941 region_rec_diffs(4,72)        0.59529478     -3     3    -0.00014867105
942 region_rec_diffs(4,73)        -0.09215072     -3     3    -9.0729442e-05
943 region_rec_diffs(4,74)        0.28166425     -3     3    6.07608e-05
944 region_rec_diffs(4,75)        1.9206975     -3     3    0.00032465637
945 region_rec_diffs(4,76)        0.23966539     -3     3    2.09581e-05
946 region_rec_diffs(4,77)        -0.64369666     -3     3    -6.4352515e-05
947 region_rec_diffs(4,78)        -0.51684106     -3     3    1.9811313e-05
948 region_rec_diffs(4,79)        -0.068084822     -3     3    2.7135235e-05
949 region_rec_diffs(4,80)        -0.66887529     -3     3    -6.9286672e-05
950 region_rec_diffs(4,81)        -0.0096871851     -3     3    -4.7522485e-05
951 region_rec_diffs(4,82)        -0.053172729     -3     3    4.7235312e-06
952 region_rec_diffs(4,83)        0.63797668     -3     3    -0.00015751928
953 region_rec_diffs(4,84)        0.24323482     -3     3    9.4824382e-06
954 region_rec_diffs(4,85)        0.1266004     -3     3    -2.0509858e-05
955 region_rec_diffs(4,86)        0.1383455     -3     3    -4.0231597e-05
956 region_rec_diffs(4,87)        0.18347267     -3     3    -2.3751672e-05
957 region_rec_diffs(4,88)        1.6569818     -3     3    -4.8624863e-05
958 region_rec_diffs(4,89)        -0.20682215     -3     3    -1.0496987e-05
959 region_rec_diffs(4,90)        0.24526769     -3     3    -3.0498638e-05
960 region_rec_diffs(4,91)        -0.10376077     -3     3    -6.4821812e-06
961 region_rec_diffs(4,92)        -0.45285582     -3     3    -4.7366261e-06
962 region_rec_diffs(4,93)        0.10216056     -3     3    -1.6503086e-05
963 region_rec_diffs(4,94)        -0.85789479     -3     3    5.6292058e-06
964 region_rec_diffs(4,95)        0.93682699     -3     3    -0.00010702159
965 region_rec_diffs(4,96)        0.61585646     -3     3    -0.00013194947
966 region_rec_diffs(4,97)        0.2379539     -3     3    -9.4723178e-05
967 region_rec_diffs(4,98)        0.0023291621     -3     3    -4.2179147e-05
968 region_rec_diffs(4,99)        0.71244335     -3     3    -2.1279498e-05
969 region_rec_diffs(4,100)        0.22165065     -3     3    -5.9580257e-06
970 region_rec_diffs(4,101)        0.42018323     -3     3    4.6513592e-05
971 region_rec_diffs(4,102)        0.099130357     -3     3    3.6990237e-06
972 region_rec_diffs(4,103)        0.22769893     -3     3    -4.9648769e-07
973 region_rec_diffs(4,104)        0.81237281     -3     3    -6.5369675e-05
974 region_rec_diffs(4,105)        0.085678125     -3     3    -3.639661e-05
975 region_rec_diffs(4,106)        0.04079333     -3     3    -2.8832398e-05
976 region_rec_diffs(4,107)        0.030930087     -3     3    -5.9235775e-06
977 region_rec_diffs(4,108)        -0.4356608     -3     3    -1.7519614e-05
978 region_rec_diffs(4,109)        0.41964135     -3     3    -4.4558907e-05
979 region_rec_diffs(4,110)        0.050413451     -3     3    -7.9632804e-06
980 region_rec_diffs(4,111)        0.0079193153     -3     3    3.1796157e-06
981 region_rec_diffs(4,112)        -0.81220084     -3     3    -4.8459948e-06
982 region_rec_diffs(4,113)        0.63456229     -3     3    0.00031868549
983 region_rec_diffs(4,114)        0.19285707     -3     3    -2.1845771e-05
984 region_rec_diffs(4,115)        0.3766616     -3     3    2.5171729e-05
985 region_rec_diffs(4,116)        0.17324536     -3     3    -8.0152463e-06
986 region_rec_diffs(4,117)        -0.044761794     -3     3    5.5477323e-05
987 region_rec_diffs(4,118)        0.55771829     -3     3    4.3140183e-05
988 region_rec_diffs(4,119)        1.0024674     -3     3    -0.00011666355
989 region_rec_diffs(4,120)        -0.32700238     -3     3    7.8873601e-05
990 region_rec_diffs(4,121)        0.35070573     -3     3    0.00015088667
991 region_rec_diffs(4,122)        0.39535114     -3     3    1.9352858e-05
992 region_rec_diffs(4,123)        0.31903462     -3     3    -5.3665144e-06
993 region_rec_diffs(4,124)        0.021674905     -3     3    -5.0561387e-06
994 region_rec_diffs(4,125)        1.1505475     -3     3    2.6542688e-05
995 region_rec_diffs(4,126)        0.69732314     -3     3    -4.97293e-05
996 region_rec_diffs(4,127)        -0.52620208     -3     3    1.5364177e-05
997 region_rec_diffs(4,128)        -0.88016004     -3     3    -9.1395997e-05
998 region_rec_diffs(4,129)        0.81073941     -3     3    -0.0002214388
999 region_rec_diffs(4,130)        0.84756911     -3     3    7.6494297e-06
1000 region_rec_diffs(4,131)        0.16281287     -3     3    2.8190808e-05
1001 region_rec_diffs(4,132)        -0.59564783     -3     3    4.3155561e-05
1002 region_rec_diffs(4,133)        -0.5764811     -3     3    3.7036822e-05
1003 region_rec_diffs(4,134)        0.18801782     -3     3    -7.390696e-05
1004 region_rec_diffs(4,135)        -0.25085934     -3     3    -0.00010129938
1005 region_rec_diffs(4,136)        -0.70917681     -3     3    -1.1415297e-05
1006 region_rec_diffs(4,137)        0.62465444     -3     3    -8.1130946e-05
1007 region_rec_diffs(4,138)        1.8162091     -3     3    -7.3093498e-05
1008 region_rec_diffs(4,139)        -0.27130074     -3     3    -2.058369e-06
1009 region_rec_diffs(4,140)        -1.9029965     -3     3    -9.1437166e-05
1010 region_rec_diffs(4,141)        -1.1750349     -3     3    3.0344208e-05
1011 region_rec_diffs(4,142)        -0.15597749     -3     3    -7.0755702e-06
1012 region_rec_diffs(4,143)        -0.35301699     -3     3    -2.215597e-05
1013 region_rec_diffs(4,144)        -0.72848864     -3     3    6.5115742e-05
1014 region_rec_diffs(4,145)        -0.20958506     -3     3    9.4447167e-05
1015 region_rec_diffs(4,146)        0.013338133     -3     3    -6.4990649e-05
1016 region_rec_diffs(4,147)        1.5775592     -3     3    -4.4811601e-06
1017 region_rec_diffs(4,148)        0.7175764     -3     3    -2.1403283e-07
1018 region_rec_diffs(4,149)        -0.27856357     -3     3    -5.8702932e-05
1019 region_rec_diffs(4,150)        -0.10944638     -3     3    -7.9780322e-05
1020 region_rec_diffs(4,151)        -0.56709405     -3     3    -0.00012906129
1021 region_rec_diffs(4,152)        -0.7675374     -3     3    7.1881849e-05
1022 region_rec_diffs(4,153)        -0.88041527     -3     3    6.3103213e-05
1023 region_rec_diffs(4,154)        -0.33674773     -3     3    -1.4519071e-05
1024 region_rec_diffs(4,155)        0.20292783     -3     3    0.00013296334
1025 region_rec_diffs(4,156)        0.10881818     -3     3    0.00026022667
1026 region_rec_diffs(4,157)        -0.12196564     -3     3    3.1949474e-05
1027 region_rec_diffs(4,158)        -0.012056626     -3     3    5.0589533e-05
1028 region_rec_diffs(4,159)        -0.46701861     -3     3    2.9780359e-06
1029 region_rec_diffs(4,160)        -0.86502056     -3     3    -0.00012457196
1030 region_rec_diffs(4,161)        -0.29412725     -3     3    4.8924751e-05
1031 region_rec_diffs(4,162)        0.24216142     -3     3    -6.8425985e-05
1032 region_rec_diffs(4,163)        0.97819576     -3     3    -0.00010634047
1033 region_rec_diffs(4,164)        -0.96274951     -3     3    -0.00014748888
1034 region_rec_diffs(4,165)        -0.64984508     -3     3    -0.00011184738
1035 region_rec_diffs(4,166)        -0.43831987     -3     3    -2.3629259e-05
1036 region_rec_diffs(4,167)        -0.41982366     -3     3    3.1710483e-05
1037 region_rec_diffs(4,168)        1.3293082     -3     3    5.4304327e-05
1038 region_rec_diffs(4,169)        0.36562626     -3     3    4.0097037e-05
1039 region_rec_diffs(4,170)        -0.072878526     -3     3    7.3265597e-05
1040 region_rec_diffs(4,171)        0.41773794     -3     3    -1.5774984e-05
1041 region_rec_diffs(4,172)        1.1225411     -3     3    -0.00012490832
1042 region_rec_diffs(4,173)        1.0030832     -3     3    -9.2606007e-05
1043 region_rec_diffs(4,174)        0.0078353641     -3     3    3.0455279e-05
1044 region_rec_diffs(4,175)        -0.71160325     -3     3    3.350087e-05
1045 region_rec_diffs(4,176)        -1.974501     -3     3    5.6035472e-06
1046 region_rec_diffs(4,177)        -2.4106909     -3     3    2.8054565e-05
1047 region_rec_diffs(4,178)        -1.8124986     -3     3    -4.9667538e-05
1048 region_rec_diffs(4,179)        0.61434133     -3     3    -6.0279036e-06
1049 region_rec_diffs(4,180)        0.61428125     -3     3    -6.1859167e-05
1050 region_rec_diffs(4,181)        -0.65673942     -3     3    4.2535549e-05
1051 region_rec_diffs(4,182)        -0.33604258     -3     3    1.6340165e-05
1052 region_rec_diffs(4,183)        -0.78809952     -3     3    1.2652929e-05
1053 region_rec_diffs(4,184)        -1.3692419     -3     3    9.4236348e-05
1054 region_rec_diffs(4,185)        -1.9028906     -3     3    2.2838215e-05
1055 region_rec_diffs(4,186)        -1.2363831     -3     3    -3.3009464e-05
1056 region_rec_diffs(4,187)        1.5829965     -3     3    -0.00013518636
1057 region_rec_diffs(4,188)        -2.1475779     -3     3    -2.6401789e-05
1058 region_rec_diffs(4,189)        -2.1189649     -3     3    -1.6768736e-05
1059 region_rec_diffs(4,190)        -1.8744922     -3     3    -3.9845843e-05
1060 region_rec_diffs(4,191)        -1.4995054     -3     3    -2.2251744e-05
1061 region_rec_diffs(4,192)        -0.012438236     -3     3    6.5609956e-05
1062 region_rec_diffs(4,193)        -0.89699185     -3     3    -4.6658885e-05
1063 region_rec_diffs(4,194)        -1.0679815     -3     3    3.1631131e-05
1064 region_rec_diffs(4,195)        1.1137534     -3     3    6.9566676e-05
1065 region_rec_diffs(4,196)        -0.17352416     -3     3    -0.00015834857
1066 region_rec_diffs(4,197)        -1.1230934     -3     3    -1.1806985e-05
1067 region_rec_diffs(4,198)        -1.3032377     -3     3    -5.1622048e-07
1068 region_rec_diffs(4,199)        1.3280352     -3     3    0.00013622599
1069 region_rec_diffs(4,200)        -0.022305934     -3     3    -0.0001569194
1070 region_rec_diffs(4,201)        -1.3903702     -3     3    -2.6697479e-05
1071 region_rec_diffs(4,202)        -1.2127917     -3     3    -1.2088173e-05
1072 region_rec_diffs(4,203)        0.41320492     -3     3    6.8981745e-05
1073 region_rec_diffs(4,204)        1.1805424     -3     3    -2.3269286e-05
1074 region_rec_diffs(4,205)        -0.86574196     -3     3    -3.0512186e-05
1075 region_rec_diffs(4,206)        -1.9578715     -3     3    -3.879133e-05
1076 region_rec_diffs(4,207)        -2.0645957     -3     3    -8.6056665e-06
1077 region_rec_diffs(4,208)        -2.9330396     -3     3    2.5093579e-05
1078 region_rec_diffs(4,209)        -2.2679548     -3     3    4.5316036e-05
1079 region_rec_diffs(4,210)        -2.5897893     -3     3    -1.408614e-05
1080 region_rec_diffs(4,211)        0.52751688     -3     3    4.2305513e-06
1081 region_rec_diffs(4,212)        1.6040042     -3     3    -0.00014826967
1082 region_rec_diffs(4,213)        0.19135688     -3     3    -3.4363551e-06
1083 region_rec_diffs(4,214)        -0.74777535     -3     3    4.8257966e-05
1084 region_rec_diffs(4,215)        0.41366644     -3     3    6.7428945e-05
1085 region_rec_diffs(4,216)        -0.39186247     -3     3    4.3048684e-05
1086 region_rec_diffs(4,217)        -0.23470526     -3     3    -0.0001207811
1087 region_rec_diffs(4,218)        0.95193549     -3     3    -0.000181704
1088 region_rec_diffs(4,219)        0.34645603     -3     3    -9.0916554e-05
1089 region_rec_diffs(4,220)        -1.2211639     -3     3    -5.4957398e-05
1090 region_rec_diffs(4,221)        -1.2071785     -3     3    -3.8590352e-05
1091 region_rec_diffs(4,222)        -1.7460914     -3     3    -1.2398666e-05
1092 region_rec_diffs(4,223)        0.89516626     -3     3    -7.3436678e-05
1093 region_rec_diffs(4,224)        -0.16554881     -3     3    -1.6162204e-05
1094 region_rec_diffs(4,225)        -0.45534196     -3     3    2.3461581e-05
1095 region_rec_diffs(4,226)        -0.80898971     -3     3    4.3071217e-05
1096 region_rec_diffs(4,227)        0.071381894     -3     3    -0.0002269593
1097 region_rec_diffs(4,228)        -0.72241316     -3     3    -9.0636974e-05
1098 region_rec_diffs(4,229)        -0.36026342     -3     3    -0.00010764151
1099 region_rec_diffs(4,230)        0.41845542     -3     3    -0.0002735033
1100 region_rec_diffs(4,231)        0.10396851     -3     3    6.113015e-06
1101 region_rec_diffs(4,232)        0.79140774     -3     3    0.00021774279
1102 region_rec_diffs(4,233)        -0.01425447     -3     3    -4.3232709e-05
1103 region_rec_diffs(4,234)        -0.48296536     -3     3    -2.6215213e-05
1104 region_rec_diffs(4,235)        -0.63469547     -3     3    -3.2300384e-05
1105 region_rec_diffs(4,236)        -1.2216397     -3     3    -3.5896341e-06
1106 region_rec_diffs(4,237)        0.81397405     -3     3    -0.00025789709
1107 region_rec_diffs(4,238)        0.3672696     -3     3    -0.000194017
1108 region_rec_diffs(4,239)        0.052504183     -3     3    -0.00010877388
1109 region_rec_diffs(4,240)        -0.097942946     -3     3    -2.6095542e-05
1110 region_rec_diffs(4,241)        -1.0920628     -3     3    -0.0002000169
1111 region_rec_diffs(4,242)        -0.58579038     -3     3    0.0001999899
1112 region_rec_diffs(4,243)        -0.013533651     -3     3    0.00013655603
1113 region_rec_diffs(4,244)        0.87466585     -3     3    0.00017794761
1114 region_rec_diffs(4,245)        0.53094972     -3     3    0.00014169782
1115 region_rec_diffs(4,246)        -0.43579043     -3     3    -3.8267472e-05
1116 region_rec_diffs(4,247)        -1.1254905     -3     3    -0.00016364984
1117 region_rec_diffs(4,248)        0.30057804     -3     3    -0.00019881619
1118 region_rec_diffs(4,249)        0.62214848     -3     3    0.00012512497
1119 region_rec_diffs(4,250)        -0.69691507     -3     3    4.3677614e-05
1120 region_rec_diffs(4,251)        -0.84819011     -3     3    9.0705431e-05
1121 region_rec_diffs(4,252)        -2.0763366     -3     3    -2.212648e-05
1122 region_rec_diffs(4,253)        -1.259799     -3     3    -0.00019209384
1123 region_rec_diffs(4,254)        -0.4914068     -3     3    -7.4208301e-05
1124 region_rec_diffs(4,255)        0.45731935     -3     3    -0.00023532307
1125 region_rec_diffs(4,256)        -1.3785129     -3     3    -5.3777283e-05
1126 region_rec_diffs(4,257)        -1.0425624     -3     3    -6.4763331e-06
1127 region_rec_diffs(4,258)        -0.52461754     -3     3    -4.2226532e-05
1128 region_rec_diffs(4,259)        -0.65565579     -3     3    -6.9378807e-05
1129 region_rec_diffs(4,260)        -0.26306482     -3     3    -0.0001210186
1130 region_rec_diffs(4,261)        -1.4952267     -3     3    4.3075022e-06
1131 region_rec_diffs(4,262)        -2.3015644     -3     3    -5.8726326e-06
1132 region_rec_diffs(4,263)        -2.111685     -3     3    1.5578187e-05
1133 region_rec_diffs(4,264)        0.86449015     -3     3    0.00019711245
1134 region_rec_diffs(4,265)        -0.046091354     -3     3    -0.00014479227
1135 region_rec_diffs(4,266)        -1.494786     -3     3    -3.094255e-05
1136 region_rec_diffs(4,267)        -1.3224256     -3     3    -1.2374873e-05
1137 region_rec_diffs(4,268)        -0.99717623     -3     3    3.7648129e-05
1138 region_rec_diffs(4,269)        -1.5844316     -3     3    0.00011960339
1139 region_rec_diffs(4,270)        -0.65433305     -3     3    0.00012330243
1140 region_rec_diffs(4,271)        1.4330399     -3     3    -3.9435035e-06
1141 region_rec_diffs(4,272)        -0.71457369     -3     3    -4.4524586e-05
1142 region_rec_diffs(4,273)        -1.0740388     -3     3    -4.5230782e-05
1143 region_rec_diffs(4,274)        -1.7932603     -3     3    2.0281384e-05
1144 region_rec_diffs(4,275)        -0.72245685     -3     3    -0.00013261159
1145 region_rec_diffs(4,276)        -0.32828371     -3     3    -6.9337916e-05
1146 region_rec_diffs(4,277)        -0.18675528     -3     3    1.6109237e-06
1147 region_rec_diffs(4,278)        -0.28687792     -3     3    2.2737116e-05
1148 region_rec_diffs(4,279)        -0.014527659     -3     3    5.0808871e-05
1149 bs_selcoff_gp:1(1,1,1,1)        -9.059646     -20     7    2.574097e-05
1150 bs_selcoff_gp:1(1,1,1,2)        -4.1261984     -20     7    -5.2609777e-05
1151 bs_selcoff_gp:1(1,1,1,3)        0.32941389     -20     7    -0.00010166712
1152 bs_selcoff_gp:1(1,1,1,4)        0.88856599     -20     7    3.0548305e-05
1153 bs_selcoff_gp:1(1,1,1,5)        0.15007832     -20     7    -6.130183e-05
1154 bs_selcoff_gp:2(2,1,1,1)        -5.7734514     -20     7    -2.0017381e-05
1155 bs_selcoff_gp:2(2,1,1,2)        -2.1517945     -20     7    7.4297329e-05
1156 bs_selcoff_gp:2(2,1,1,3)        0.31794802     -20     7    -0.00010680558
1157 bs_selcoff_gp:2(2,1,1,4)        0.72379312     -20     7    -4.0796324e-05
1158 bs_selcoff_gp:2(2,1,1,5)        0.36747566     -20     7    0.00020380324
1159 bs_selcoff_gp:3(3,1,1,1)        -4.9771453     -20     7    -2.5284714e-05
1160 bs_selcoff_gp:3(3,1,1,2)        -4.8346741     -20     7    0.00015574728
1161 bs_selcoff_gp:3(3,1,1,3)        0.081426644     -20     7    0.00016248255
1162 bs_selcoff_gp:3(3,1,1,4)        0.90820549     -20     7    -4.9972576e-05
1163 bs_selcoff_gp:3(3,1,1,5)        0.35102933     -20     7    0.00031885977
1164 bs_selcoff_gp:4(4,1,1,1)        -8.3121642     -20     7    -9.0191876e-07
1165 bs_selcoff_gp:4(4,1,1,2)        -2.5122653     -20     7    -2.0148174e-06
1166 bs_selcoff_gp:4(4,1,1,3)        0.1044774     -20     7    -0.00023143015
1167 bs_selcoff_gp:4(4,1,1,4)        1.0923519     -20     7    3.461491e-05
1168 bs_selcoff_gp:4(4,1,1,5)        -0.18965103     -20     7    9.1441331e-05
1169 bs_selcoff_gp:5(5,1,1,1)        -10.830914     -20     7    1.2276867e-06
1170 bs_selcoff_gp:5(5,1,1,2)        -3.5613036     -20     7    2.0675544e-05
1171 bs_selcoff_gp:5(5,1,1,3)        0.038091389     -20     7    6.5764066e-05
1172 bs_selcoff_gp:5(5,1,1,4)        1.03884     -20     7    -6.5656541e-06
1173 bs_selcoff_gp:5(5,1,1,5)        0.10150337     -20     7    5.7548187e-05
1174 bs_selcoff_gp:6(6,1,1,1)        -6.2440849     -20     7    5.2008849e-06
1175 bs_selcoff_gp:6(6,1,1,2)        -2.2451812     -20     7    -5.4747161e-05
1176 bs_selcoff_gp:6(6,1,1,3)        0.32084451     -20     7    0.00013334479
1177 bs_selcoff_gp:6(6,1,1,4)        0.82828352     -20     7    -7.1185135e-05
1178 bs_selcoff_gp:6(6,1,1,5)        0.20251446     -20     7    2.1717812e-05
1179 bs_selcoff_gp:7(7,1,1,1)        -7.0451249     -20     7    -3.2155814e-05
1180 bs_selcoff_gp:7(7,1,1,2)        -2.9200381     -20     7    9.124392e-05
1181 bs_selcoff_gp:7(7,1,1,3)        0.13545439     -20     7    0.00021132644
1182 bs_selcoff_gp:7(7,1,1,4)        0.9152336     -20     7    -0.00013186384
1183 bs_selcoff_gp:7(7,1,1,5)        0.26451216     -20     7    7.9032887e-05
1184 bs_selcoff_gp:8(8,1,1,1)        -15.474554     -20     7    -2.9286478e-05
1185 bs_selcoff_gp:8(8,1,1,2)        -5.4527698     -20     7    6.662551e-05
1186 bs_selcoff_gp:8(8,1,1,3)        -1.2516897     -20     7    5.8921803e-05
1187 bs_selcoff_gp:8(8,1,1,4)        1.3077756     -20     7    -2.4821609e-05
1188 bs_selcoff_gp:8(8,1,1,5)        0.011673179     -20     7    -0.00015758461
1189 bs_selcoff_gp:9(9,1,1,1)        -12.252647     -20     7    6.5371837e-05
1190 bs_selcoff_gp:9(9,1,1,2)        -8.0324442     -20     7    5.7157579e-05
1191 bs_selcoff_gp:9(9,1,1,3)        -2.388215     -20     7    0.00014826912
1192 bs_selcoff_gp:9(9,1,1,4)        0.76799178     -20     7    2.0266358e-05
1193 bs_selcoff_gp:9(9,1,1,5)        1.0125024     -20     7    -1.8960009e-08
1194 bs_selcoff_gp:10(10,1,1,1)        -7.9734339     -20     7    -4.552719e-05
1195 bs_selcoff_gp:10(10,1,1,2)        -1.510082     -20     7    -0.00024603834
1196 bs_selcoff_gp:10(10,1,1,3)        0.21354201     -20     7    -9.3340297e-05
1197 bs_selcoff_gp:10(10,1,1,4)        0.85169191     -20     7    1.0543191e-05
1198 bs_selcoff_gp:10(10,1,1,5)        0.17985753     -20     7    -3.5710518e-05
1199 bs_selcoff_gp:11(11,1,1,1)        -5.8495411     -20     7    -5.3641114e-05
1200 bs_selcoff_gp:11(11,1,1,2)        -5.4517815     -20     7    -8.9230281e-05
1201 bs_selcoff_gp:11(11,1,1,3)        -0.24212984     -20     7    -0.00011235375
1202 bs_selcoff_gp:11(11,1,1,4)        1.3108609     -20     7    3.6207069e-05
1203 bs_selcoff_gp:11(11,1,1,5)        -0.69623098     -20     7    -0.00017655601
1204 bs_selcoff_gp:12(12,1,1,1)        -6.6779142     -20     7    -1.0052252e-05
1205 bs_selcoff_gp:12(12,1,1,2)        -5.1155816     -20     7    8.4985821e-05
1206 bs_selcoff_gp:12(12,1,1,3)        -0.27510685     -20     7    0.0001539852
1207 bs_selcoff_gp:12(12,1,1,4)        1.1066825     -20     7    -5.2730096e-05
1208 bs_selcoff_gp:12(12,1,1,5)        0.18976028     -20     7    0.00013589162
1209 bs_selcoff_gp:13(13,1,1,1)        -2.3549184     -20     7    9.5661583e-05
1210 bs_selcoff_gp:13(13,1,1,2)        1.5382374     -20     7    -3.7543316e-06
1211 bs_selcoff_gp:13(13,1,1,3)        -1.4576719     -20     7    0.00011489555
1212 bs_selcoff_gp:13(13,1,1,4)        -4.0935004     -20     7    0.00017676337
1213 bs_selcoff_gp:13(13,1,1,5)        -19.999971     -20     7    2.4897803e-05   *************
1214 bs_selcoff_gp:14(14,1,1,1)        -1.9205373     -20     7    9.8345891e-05
1215 bs_selcoff_gp:14(14,1,1,2)        1.4132944     -20     7    -4.227971e-05
1216 bs_selcoff_gp:14(14,1,1,3)        -0.60309469     -20     7    8.1735595e-05
1217 bs_selcoff_gp:14(14,1,1,4)        -1.6351843     -20     7    -0.00018096523
1218 bs_selcoff_gp:14(14,1,1,5)        -6.2394952     -20     7    -9.6605902e-05
1219 bs_selcoff_gp:15(15,1,1,1)        -2.2386677     -20     7    5.6793049e-05
1220 bs_selcoff_gp:15(15,1,1,2)        1.4909813     -20     7    1.2651613e-05
1221 bs_selcoff_gp:15(15,1,1,3)        -0.85850063     -20     7    -1.5677903e-05
1222 bs_selcoff_gp:15(15,1,1,4)        -3.5320318     -20     7    6.6908825e-05
1223 bs_selcoff_gp:15(15,1,1,5)        -19.999969     -20     7    1.9670054e-05   *************
1224 bs_selcoff_gp:16(16,1,1,1)        -2.8964128     -20     7    0.00010826099
1225 bs_selcoff_gp:16(16,1,1,2)        1.2635506     -20     7    8.6754445e-07
1226 bs_selcoff_gp:16(16,1,1,3)        0.064304262     -20     7    -5.6148251e-06
1227 bs_selcoff_gp:16(16,1,1,4)        -1.1071535     -20     7    -5.3031161e-05
1228 bs_selcoff_gp:16(16,1,1,5)        -4.6145589     -20     7    1.7230905e-05
1229 bs_selcoff_gp:17(17,1,1,1)        -0.79700523     -20     7    -0.0001151589
1230 bs_selcoff_gp:17(17,1,1,2)        1.0352616     -20     7    -1.9706651e-05
1231 bs_selcoff_gp:17(17,1,1,3)        0.44109355     -20     7    0.00010656606
1232 bs_selcoff_gp:17(17,1,1,4)        -1.7409956     -20     7    1.1003029e-06
1233 bs_selcoff_gp:17(17,1,1,5)        -5.594188     -20     7    -5.4784794e-05
1234 bs_selcoff_gp:18(18,1,1,1)        -2.9518024     -20     7    0.00017189034
1235 bs_selcoff_gp:18(18,1,1,2)        1.3951101     -20     7    2.2890559e-05
1236 bs_selcoff_gp:18(18,1,1,3)        -0.6367378     -20     7    -0.00020674457
1237 bs_selcoff_gp:18(18,1,1,4)        -1.005223     -20     7    -8.7364189e-05
1238 bs_selcoff_gp:18(18,1,1,5)        -4.0542666     -20     7    4.1715527e-05
1239 bs_selcoff_gp:19(19,1,1,1)        0.16677897     -20     7    -6.5376967e-05
1240 bs_selcoff_gp:19(19,1,1,2)        0.9839305     -20     7    -3.3438116e-05
1241 bs_selcoff_gp:19(19,1,1,3)        -0.30549626     -20     7    2.4874697e-05
1242 bs_selcoff_gp:19(19,1,1,4)        -0.90411902     -20     7    -9.8286473e-05
1243 bs_selcoff_gp:19(19,1,1,5)        -6.2756683     -20     7    2.7561492e-05
1244 bs_selcoff_gp:20(20,1,1,1)        -2.2652022     -20     7    -1.7571296e-05
1245 bs_selcoff_gp:20(20,1,1,2)        -0.67091343     -20     7    -0.0001023875
1246 bs_selcoff_gp:20(20,1,1,3)        -0.37310441     -20     7    -0.00027934484
1247 bs_selcoff_gp:20(20,1,1,4)        -0.085834143     -20     7    -7.1570114e-05
1248 bs_selcoff_gp:20(20,1,1,5)        1.0219326     -20     7    8.2352121e-05
1249 bs_selcoff_gp:21(21,1,1,1)        -2.3357039     -20     7    -5.0260237e-06
1250 bs_selcoff_gp:21(21,1,1,2)        1.4579058     -20     7    -2.6392285e-05
1251 bs_selcoff_gp:21(21,1,1,3)        -0.55717826     -20     7    0.00013115357
1252 bs_selcoff_gp:21(21,1,1,4)        -3.3964578     -20     7    3.7063065e-05
1253 bs_selcoff_gp:21(21,1,1,5)        -11.727092     -20     7    -5.0326942e-06
1254 bs_selcoff_gp:22(22,1,1,1)        -4.4874938     -20     7    -9.9334722e-05
1255 bs_selcoff_gp:22(22,1,1,2)        1.1544002     -20     7    -2.8781239e-06
1256 bs_selcoff_gp:22(22,1,1,3)        0.44484156     -20     7    -4.7784957e-07
1257 bs_selcoff_gp:22(22,1,1,4)        -1.3622013     -20     7    -3.6286406e-05
1258 bs_selcoff_gp:22(22,1,1,5)        -8.1913458     -20     7    2.0960228e-05
1259 bs_selcoff_gp:23(23,1,1,1)        -5.0762481     -20     7    -2.9727634e-05
1260 bs_selcoff_gp:23(23,1,1,2)        -0.075368236     -20     7    -1.3713163e-05
1261 bs_selcoff_gp:23(23,1,1,3)        1.4020843     -20     7    -2.072983e-05
1262 bs_selcoff_gp:23(23,1,1,4)        -5.9132156     -20     7    -1.0327847e-05
1263 bs_selcoff_gp:23(23,1,1,5)        -12.606256     -20     7    0.00017117468
1264 bs_selcoff_gp:24(24,1,1,1)        -9.5747752     -20     7    -5.7029179e-05
1265 bs_selcoff_gp:24(24,1,1,2)        -0.66399171     -20     7    4.6153942e-05
1266 bs_selcoff_gp:24(24,1,1,3)        1.4419149     -20     7    1.6693167e-05
1267 bs_selcoff_gp:24(24,1,1,4)        -1.3611992     -20     7    -2.0709282e-05
1268 bs_selcoff_gp:24(24,1,1,5)        -11.984488     -20     7    6.3016279e-05
1269 bs_selcoff_gp:25(25,1,1,1)        -7.8169452     -20     7    -0.00013643342
1270 bs_selcoff_gp:25(25,1,1,2)        1.2202113     -20     7    0.00013377921
1271 bs_selcoff_gp:25(25,1,1,3)        0.47230271     -20     7    -6.136836e-05
1272 bs_selcoff_gp:25(25,1,1,4)        -4.8280655     -20     7    -0.0001229787
1273 bs_selcoff_gp:25(25,1,1,5)        -12.728024     -20     7    0.00010537629
1274 bs_selcoff_gp:26(26,1,1,1)        -1.2752643     -20     7    0.00025038743
1275 bs_selcoff_gp:26(26,1,1,2)        1.3574313     -20     7    4.3731039e-06
1276 bs_selcoff_gp:26(26,1,1,3)        -0.52260045     -20     7    -9.1260645e-06
1277 bs_selcoff_gp:26(26,1,1,4)        -1.4250002     -20     7    4.7579804e-06
1278 bs_selcoff_gp:26(26,1,1,5)        -6.9168626     -20     7    -7.6661562e-06
1279 bs_selcoff_gp:27(27,1,1,1)        -2.6120565     -20     7    8.5854765e-05
1280 bs_selcoff_gp:27(27,1,1,2)        1.3128317     -20     7    9.9119759e-05
1281 bs_selcoff_gp:27(27,1,1,3)        0.145208     -20     7    -8.3454645e-06
1282 bs_selcoff_gp:27(27,1,1,4)        -2.9383795     -20     7    -0.00014723765
1283 bs_selcoff_gp:27(27,1,1,5)        -7.2752372     -20     7    -0.00012685066
1284 bs_selcoff_gp:28(28,1,1,1)        -4.8023936     -20     7    0.00015483876
1285 bs_selcoff_gp:28(28,1,1,2)        1.5600966     -20     7    5.8906364e-07
1286 bs_selcoff_gp:28(28,1,1,3)        -3.4233461     -20     7    5.6027233e-05
1287 bs_selcoff_gp:28(28,1,1,4)        -1.6058806     -20     7    -4.0766746e-05
1288 bs_selcoff_gp:28(28,1,1,5)        -19.990663     -20     7    0.0002482249   *************
1289 bs_selcoff_gp:29(29,1,1,1)        -19.99722     -20     7    4.6496965e-05   *************
1290 bs_selcoff_gp:29(29,1,1,2)        -6.8133487     -20     7    -0.00014744389
1291 bs_selcoff_gp:29(29,1,1,3)        -0.1665942     -20     7    1.7808839e-05
1292 bs_selcoff_gp:29(29,1,1,4)        1.0562933     -20     7    -8.7428708e-05
1293 bs_selcoff_gp:29(29,1,1,5)        0.24430368     -20     7    0.0001524223
1294 recr(2)        1.0161925     -20     20    -6.6702132e-05
1295 recr(3)        1.0734841     -20     20    0.00011548849
1296 recr(4)        1.008769     -20     20    -9.8298006e-06
1297 recr(5)        0.99170349     -20     20    -1.0156701e-05
1298 recr(6)        -1.3768767     -20     20    3.3829027e-07
1299 recr(7)        -1.5509749     -20     20    0.00012098086
1300 recr(8)        -1.054221     -20     20    -0.00018190417
1301 recr(9)        2.6321188     -20     20    -7.9875593e-05
1302 recr(10)        -0.26176528     -20     20    -0.00014851978
1303 recr(11)        -1.4257938     -20     20    0.0001798224
1304 recr(12)        -1.0481842     -20     20    5.9306133e-05
1305 recr(13)        2.512867     -20     20    0.00010325944
1306 recr(14)        1.493795     -20     20    7.0300011e-05
1307 recr(15)        -1.5503613     -20     20    4.198549e-05
1308 recr(16)        -1.3434369     -20     20    3.3209833e-05
1309 recr(17)        0.76901407     -20     20    0.0001059847
1310 recr(18)        1.8131564     -20     20    -5.052722e-05
1311 recr(19)        -1.5076965     -20     20    -6.8548081e-05
1312 recr(20)        -0.17057079     -20     20    -0.00022061465
1313 recr(21)        0.76994287     -20     20    -0.00014209426
1314 recr(22)        1.2696802     -20     20    -1.7200134e-05
1315 recr(23)        -1.4722137     -20     20    -5.1295244e-05
1316 recr(24)        0.52283022     -20     20    7.1811117e-06
1317 recr(25)        0.12239841     -20     20    2.2086408e-05
1318 recr(26)        1.5053218     -20     20    -0.00015934594
1319 recr(27)        -1.4947294     -20     20    -1.870093e-05
1320 recr(28)        2.0650457     -20     20    -0.00011848663
1321 recr(29)        1.1337325     -20     20    -0.00017077249
1322 recr(30)        -0.61507813     -20     20    -6.4657032e-06
1323 recr(31)        -2.4291959     -20     20    -5.7204477e-06
1324 recr(32)        -1.6307767     -20     20    1.4042688e-05
1325 recr(33)        -0.11614468     -20     20    1.2530745e-05
1326 recr(34)        1.7240368     -20     20    7.950156e-06
1327 recr(35)        -2.5014867     -20     20    -4.2700257e-05
1328 recr(36)        -2.4026601     -20     20    -1.9561596e-05
1329 recr(37)        1.8788552     -20     20    -2.1288341e-05
1330 recr(38)        -0.53708864     -20     20    6.7602023e-05
1331 recr(39)        -2.8424322     -20     20    6.9533098e-06
1332 recr(40)        -2.1738713     -20     20    2.9125745e-05
1333 recr(41)        1.0720605     -20     20    0.00041336046
1334 recr(42)        1.2372337     -20     20    0.00031726611
1335 recr(43)        -2.1486946     -20     20    1.7388998e-05
1336 recr(44)        -0.39202446     -20     20    -3.7530063e-05
1337 recr(45)        1.4297754     -20     20    -8.9967671e-05
1338 recr(46)        -1.2064971     -20     20    -1.890084e-05
1339 recr(47)        -1.690652     -20     20    -2.420302e-05
1340 recr(48)        -0.087540852     -20     20    -4.0477058e-05
1341 recr(49)        1.6955433     -20     20    -0.0005264867
1342 recr(50)        -2.3881643     -20     20    -1.3871062e-05
1343 recr(51)        0.027716462     -20     20    -5.4111396e-05
1344 recr(52)        -1.3836062     -20     20    -3.3549234e-05
1345 recr(53)        1.0743457     -20     20    -0.0002464157
1346 recr(54)        0.36807871     -20     20    5.3249319e-05
1347 recr(55)        -1.2164207     -20     20    -6.5078341e-06
1348 recr(56)        0.19115737     -20     20    5.4846585e-05
1349 recr(57)        -0.39593795     -20     20    7.0786129e-05
1350 recr(58)        1.3661779     -20     20    0.00023317972
1351 recr(59)        -1.1389263     -20     20    1.4214167e-05
1352 recr(60)        1.0699777     -20     20    6.7325928e-05
1353 recr(61)        1.3999981     -20     20    -9.0241412e-05
1354 recr(62)        -1.994584     -20     20    3.141116e-05
1355 recr(63)        -1.3691313     -20     20    -8.542906e-06
1356 recr(64)        0.23737369     -20     20    -7.1074476e-05
1357 recr(65)        0.78785635     -20     20    -0.00029274969
1358 recr(66)        -1.9775162     -20     20    -8.3629475e-06
1359 recr(67)        -1.0716287     -20     20    -0.00011378608
1360 recr(68)        0.077068762     -20     20    -0.0001447485
1361 recr(69)        1.1332819     -20     20    -8.1058318e-05
1362 recr(70)        0.33633609     -20     20    2.5544382e-05
1363 recr(71)        -0.32113392     -20     20    -7.7085911e-05
1364 recr(72)        0.33682396     -20     20    4.7990128e-05
1365 recr(73)        1.5366191     -20     20    4.6991178e-05
1366 recr(74)        -0.85161596     -20     20    -7.9512873e-06
1367 recr(75)        0.093638742     -20     20    6.9941132e-05
1368 recr(76)        -1.5446257     -20     20    5.1248774e-05
1369 recr(77)        -0.01494175     -20     20    0.00014215487
1370 recr(78)        -0.91162428     -20     20    0.00013128009
1371 recr(79)        -1.9344303     -20     20    3.3908984e-05
1372 recr(80)        1.111787     -20     20    0.00030140896
1373 recr(81)        0.6459215     -20     20    -0.0001651857
1374 recr(82)        -0.57251024     -20     20    -5.4973962e-05
1375 recr(83)        0.5094317     -20     20    5.3477627e-05
1376 recr(84)        0.31172493     -20     20    -5.8460165e-05
1377 recr(85)        1.11694     -20     20    -3.4563964e-05
1378 recr(86)        -2.5038247     -20     20    3.7061547e-06
1379 recr(87)        0.2890424     -20     20    8.0351386e-05
1380 recr(88)        1.1662018     -20     20    -0.00013884787
1381 recr(89)        0.23429556     -20     20    4.3581582e-07
1382 recr(90)        -2.4892086     -20     20    -2.2289212e-06
1383 recr(91)        -0.48739349     -20     20    9.3147724e-06
1384 recr(92)        0.39639459     -20     20    9.0984985e-05
1385 recr(93)        -2.045129     -20     20    4.1802168e-05
1386 recr(94)        1.9469505     -20     20    4.2211985e-05
1387 recr(95)        1.0106374     -20     20    -0.00013686014
1388 recr(96)        -1.1351321     -20     20    1.200747e-05
1389 recr(97)        -1.0879898     -20     20    -7.3574779e-05
1390 recr(98)        -1.252423     -20     20    -5.9719773e-05
1391 recr(99)        -0.13919295     -20     20    -8.1819728e-05
1392 recr(100)        1.1625269     -20     20    -0.00017673512
1393 recr(101)        0.78122593     -20     20    -0.00019277516
1394 recr(102)        -3.1488497     -20     20    1.0776118e-06
1395 recr(103)        -0.91090985     -20     20    -5.2487264e-05
1396 recr(104)        1.7889847     -20     20    0.00011628719
1397 recr(105)        -1.970357     -20     20    1.0397052e-05
1398 recr(106)        -4.0279564     -20     20    -2.350256e-05
1399 recr(107)        -3.1861001     -20     20    -2.5608644e-05
1400 recr(108)        0.37366997     -20     20    0.00033684886
1401 recr(109)        0.51826849     -20     20    0.00031389999
1402 recr(110)        -2.9547243     -20     20    -1.4921286e-05
1403 recr(111)        -3.069789     -20     20    -1.8822595e-05
1404 recr(112)        0.71011203     -20     20    2.1888806e-05
1405 recr(113)        1.2727452     -20     20    -0.00050617398
1406 recr(114)        -1.4414092     -20     20    -5.9242741e-06
1407 recr(115)        -1.534983     -20     20    -1.0593426e-05
1408 recr(116)        0.63977472     -20     20    -0.00011131879
1409 recr(117)        0.69171549     -20     20    7.6017658e-05
1410 recr(118)        -1.9569632     -20     20    -5.8164442e-06
1411 recr(119)        0.27935656     -20     20    3.5725881e-05
1412 recr(120)        1.0846975     -20     20    0.00035562803
1413 recr(121)        0.74003828     -20     20    7.2275561e-06
1414 recr(122)        0.2534453     -20     20    0.00010760644
1415 recr(123)        -0.016328519     -20     20    0.00018740704
1416 recr(124)        0.77516287     -20     20    -2.0560342e-05
1417 recr(125)        -0.31376743     -20     20    -0.0001399429
1418 recr(126)        0.19068974     -20     20    -0.00036048584
1419 recr(127)        -0.20684941     -20     20    -0.00013816813
1420 recr(128)        0.58982315     -20     20    -0.00015369869
1421 recr(129)        0.27375396     -20     20    -0.00011491461
1422 recr(130)        -0.90976076     -20     20    -1.3869041e-05
1423 recr(131)        -1.0577911     -20     20    -1.0592705e-05
1424 recr(132)        0.8099624     -20     20    -3.7146395e-05
1425 recr(133)        1.2586002     -20     20    6.3422433e-05
1426 recr(134)        -0.29790883     -20     20    0.00011796046
1427 recr(135)        0.31018814     -20     20    0.00010431145
1428 recr(136)        1.0296099     -20     20    2.7123352e-05
1429 recr(137)        -1.1958505     -20     20    6.0700407e-05
1430 recr(138)        -0.35024478     -20     20    -0.00028849362
1431 recr(139)        -1.666476     -20     20    -1.2208628e-05
1432 recr(140)        1.0616186     -20     20    -1.9704696e-05
1433 recr(141)        0.42399793     -20     20    0.0001181527
1434 recr(142)        -1.4791491     -20     20    -1.1401975e-05
1435 recr(143)        -0.50196394     -20     20    -6.5683734e-05
1436 recr(144)        1.0573702     -20     20    -0.00031477643
1437 recr(145)        1.5550225     -20     20    5.1823784e-05
1438 recr(146)        -0.934044     -20     20    4.3794279e-05
1439 recr(147)        0.11037052     -20     20    0.00027018651
1440 recr(148)        1.2027209     -20     20    0.00012166403
1441 recr(149)        -0.5679148     -20     20    -0.00015580904
1442 recr(150)        -1.3670689     -20     20    0.00010672983
1443 recr(151)        0.64909433     -20     20    0.00022862465
1444 recr(152)        0.4724197     -20     20    5.4535119e-05
1445 recr(153)        0.77084892     -20     20    0.00016017817
1446 recr(154)        -0.25871341     -20     20    0.00019367306
1447 recr(155)        0.13432326     -20     20    -2.4361407e-05
1448 recr(156)        1.106625     -20     20    -0.00022069115
1449 recr(157)        -1.3341416     -20     20    -5.8763701e-05
1450 recr(158)        -1.3355338     -20     20    8.6218181e-05
1451 recr(159)        -0.29647483     -20     20    0.00020686059
1452 recr(160)        1.0528273     -20     20    -0.00010716567
1453 recr(161)        0.81019071     -20     20    -0.00016580426
1454 recr(162)        -0.66553196     -20     20    -9.4424762e-05
1455 recr(163)        0.77696518     -20     20    0.00027085687
1456 recr(164)        1.0527     -20     20    9.7038732e-05
1457 recr(165)        -0.42001933     -20     20    -0.00015026746
1458 recr(166)        -0.95737386     -20     20    -0.00021843876
1459 recr(167)        0.22792719     -20     20    -0.0001807991
1460 recr(168)        0.49474653     -20     20    1.1550148e-05
1461 recr(169)        0.38105058     -20     20    3.6094535e-05
1462 recr(170)        -0.11125975     -20     20    -0.00018349677
1463 recr(171)        0.52065643     -20     20    -0.00013192958
1464 recr(172)        1.1245474     -20     20    -4.5714709e-05
1465 recr(173)        1.2870285     -20     20    -3.9581224e-05
1466 recr(174)        -1.9781351     -20     20    -3.5933549e-05
1467 recr(175)        -1.3147173     -20     20    -0.00021270412
1468 recr(176)        0.32272769     -20     20    0.00021012415
1469 recr(177)        0.9629264     -20     20    -0.00016988846
1470 recr(178)        0.89340632     -20     20    0.00028247263
1471 recr(179)        0.0087643364     -20     20    -0.00015010471
1472 recr(180)        0.72693313     -20     20    0.00024291682
1473 recr(181)        0.29830861     -20     20    3.2618795e-06
1474 recr(182)        -0.78946615     -20     20    -5.7447766e-05
1475 recr(183)        -0.42548261     -20     20    1.3681779e-05
1476 recr(184)        0.22935723     -20     20    -0.00015542823
1477 recr(185)        0.84160653     -20     20    -7.9417917e-05
1478 recr(186)        0.61807922     -20     20    2.041199e-05
1479 recr(187)        0.6397012     -20     20    0.00016158972
1480 recr(188)        0.15616386     -20     20    -0.00015801708
1481 recr(189)        -0.4483845     -20     20    -0.00015978073
1482 recr(190)        -0.40576521     -20     20    0.0001930904
1483 recr(191)        0.40663227     -20     20    0.0002726406
1484 recr(192)        0.74267085     -20     20    2.1268181e-05
1485 recr(193)        1.1028835     -20     20    -0.00019109771
1486 recr(194)        0.30275956     -20     20    4.7007952e-05
1487 recr(195)        0.81718123     -20     20    -2.0150923e-05
1488 recr(196)        0.9941594     -20     20    0.00019344588
1489 recr(197)        -0.1413593     -20     20    -3.965015e-05
1490 recr(198)        -0.11798983     -20     20    -8.5210298e-05
1491 recr(199)        0.37579606     -20     20    5.0248438e-05
1492 recr(200)        0.80702423     -20     20    6.0448689e-05
1493 recr(201)        0.47919295     -20     20    0.00021377235
1494 recr(202)        0.14253135     -20     20    4.5262856e-05
1495 recr(203)        1.0372967     -20     20    6.1008535e-05
1496 recr(204)        0.58225055     -20     20    -2.0127145e-05
1497 recr(205)        -1.4316872     -20     20    3.3045163e-05
1498 recr(206)        -0.4159483     -20     20    -0.00010572009
1499 recr(207)        -0.46390995     -20     20    0.00021162212
1500 recr(208)        0.95602975     -20     20    -0.00037082998
1501 recr(209)        0.33896712     -20     20    0.00010341596
1502 recr(210)        1.192901     -20     20    0.00014870986
1503 recr(211)        0.61327521     -20     20    -9.614228e-05
1504 recr(212)        0.72831551     -20     20    0.00024999613
1505 recr(213)        -0.86463904     -20     20    0.00010006235
1506 recr(214)        -0.15352354     -20     20    -0.0002286533
1507 recr(215)        -0.26819018     -20     20    -0.00014001601
1508 recr(216)        0.84883493     -20     20    -0.00015028484
1509 recr(217)        0.60971215     -20     20    0.00036058268
1510 recr(218)        0.16706477     -20     20    1.4050588e-05
1511 recr(219)        -0.2545552     -20     20    -0.00027781898
1512 recr(220)        0.10130196     -20     20    -0.00020447012
1513 recr(221)        0.43283304     -20     20    -9.8533912e-05
1514 recr(222)        0.28444975     -20     20    -7.3005064e-05
1515 recr(223)        0.73611935     -20     20    4.6771597e-05
1516 recr(224)        0.45428077     -20     20    -0.00010832041
1517 recr(225)        -0.40053495     -20     20    0.0002737669
1518 recr(226)        -0.06186467     -20     20    0.00021246759
1519 recr(227)        0.11273822     -20     20    -4.3829265e-06
1520 recr(228)        0.69625629     -20     20    -0.00011755293
1521 recr(229)        0.91672066     -20     20    4.7992986e-05
1522 recr(230)        0.45655206     -20     20    -5.9011569e-05
1523 recr(231)        0.25369381     -20     20    -5.9736332e-05
1524 recr(232)        0.38043076     -20     20    -0.0002420991
1525 recr(233)        -0.15965572     -20     20    0.0001962476
1526 recr(234)        -0.12682191     -20     20    -5.1403937e-05
1527 recr(235)        0.12036154     -20     20    0.00010099136
1528 recr(236)        0.42683931     -20     20    -8.6692756e-05
1529 recr(237)        -0.090328791     -20     20    7.377847e-05
1530 recr(238)        -0.056285734     -20     20    0.0001169976
1531 recr(239)        0.39621447     -20     20    0.00024245844
1532 recr(240)        0.60199321     -20     20    -0.00012583233
1533 recr(241)        0.80825379     -20     20    6.0910033e-06
1534 recr(242)        0.79633909     -20     20    -1.4961365e-05
1535 recr(243)        0.55829151     -20     20    0.00010005249
1536 recr(244)        0.87626011     -20     20    0.00018870591
1537 recr(245)        0.27801475     -20     20    -0.00012427722
1538 recr(246)        0.37240728     -20     20    -3.6595184e-05
1539 recr(247)        0.62450825     -20     20    6.9774089e-05
1540 recr(248)        0.81525135     -20     20    6.5751949e-06
1541 recr(249)        -0.043690541     -20     20    -1.9808455e-05
1542 recr(250)        -0.25810421     -20     20    0.00014734632
1543 recr(251)        -0.15298211     -20     20    -1.0207686e-05
1544 recr(252)        0.10158758     -20     20    0.00013525091
1545 recr(253)        0.63601224     -20     20    2.2770879e-05
1546 recr(254)        0.0054575867     -20     20    -0.00029181643
1547 recr(255)        0.25000512     -20     20    0.00026222777
1548 recr(256)        0.56636753     -20     20    -4.8692556e-05
1549 recr(257)        0.51991315     -20     20    -3.6743248e-05
1550 recr(258)        -0.034729811     -20     20    -3.8437654e-05
1551 recr(259)        0.43686756     -20     20    -8.126338e-05
1552 recr(260)        0.91586695     -20     20    1.9257248e-05
1553 recr(261)        -0.21057143     -20     20    -0.00015012819
1554 recr(262)        0.35295932     -20     20    0.0001606324
1555 recr(263)        0.4846917     -20     20    0.00012119327
1556 recr(264)        0.69577207     -20     20    0.00011172498
1557 recr(265)        0.30831862     -20     20    0.0001269237
1558 recr(266)        -0.24193473     -20     20    -0.00023196361
1559 recr(267)        -0.0344455     -20     20    -2.0593435e-05
1560 recr(268)        0.28648174     -20     20    0.00026038571
1561 recr(269)        0.51463268     -20     20    -3.6890761e-05
1562 recr(270)        -0.7640172     -20     20    0.00019843994
1563 recr(271)        -0.047571297     -20     20    0.00036564448
1564 recr(272)        -0.29852453     -20     20    1.8055652e-05
1565 recr(273)        -0.026458442     -20     20    -7.0584061e-05
1566 recr(274)        1.3635729     -20     20    2.6379484e-05
1567 totpop        17.037611     8     25    1.3888274e-05
1568 tag_fish_rep(1)        0.12414656     0.001     0.99    8.1172854e-05
1569 tag_fish_rep(3)        0.48389772     0.001     0.99    -3.8237484e-06
1570 tag_fish_rep(4)        0.5902326     0.001     0.99    7.6943616e-05
1571 tag_fish_rep(5)        0.66305474     0.001     0.99    -3.3798119e-05
1572 tag_fish_rep(6)        0.48140654     0.001     0.99    -3.5835149e-06
1573 tag_fish_rep(11)        0.62187446     0.001     0.99    -2.460065e-05
1574 tag_fish_rep(12)        0.59789824     0.001     0.99    -6.093123e-06
1575 tag_fish_rep(13)        0.74895529     0.001     0.99    -0.00017855833
1576 tag_fish_rep(17)        0.71056056     0.001     0.99    4.328996e-05
1577 tag_fish_rep(18)        0.83164983     0.001     0.99    1.8269126e-05
1578 tag_fish_rep(19)        0.99     0.001     0.99    3.2099851e-08   *************
1579 tag_fish_rep(24)        0.85836577     0.001     0.99    -0.00010957454
1580 tag_fish_rep(25)        0.5250714     0.001     0.99    0.00040621457
1581 tag_fish_rep(28)        0.69021778     0.001     0.99    -2.6130524e-05
1582 tag_fish_rep(32)        0.12198885     0.001     0.99    -3.7252953e-07
1583 tag_fish_rep(34)        0.98999999     0.001     0.99    1.8966653e-06   *************
1584 tag_fish_rep(35)        0.99     0.001     0.99    -1.3008681e-06   *************
1585 region_pars(1)        0.29530424     1e-06     1.5    -0.00013328437
1586 region_pars(1)        0.28305533     1e-06     1.5    0.00013495359
1587 region_pars(1)        0.29720048     1e-06     1.5    3.8160545e-05
1588 region_pars(1)        0.12422224     1e-06     1.5    -0.00028770155
1589 sv(21)        0.037189394     1e-06     1000    2.2805186e-07
1590 age_pars(5)        -2.5819678     -20     2    -0.00076279411
1591 var_coff(1)        5.832721     1     10    -2.1218339e-05
1592 var_coff(2)        0.41908804     0.1     3    3.0674374e-05
