 Index  Var_name   Estimate L_bound  U_bound gradient
1 diff_coffs(1,1)        0.025992666     0     4    -1.7189832e-06
2 diff_coffs(1,2)        4.5722226e-10     0     4    -1.1931919e-08   *************
3 diff_coffs(1,3)        1.2249395e-09     0     4    6.9087653e-09   *************
4 diff_coffs(1,4)        7.4044015e-10     0     4    9.8117464e-10   *************
5 diff_coffs(1,5)        0.0037941848     0     4    4.7742391e-08
6 diff_coffs(1,6)        0.0040788708     0     4    -7.5383547e-07
7 diff_coffs(1,7)        0.058928342     0     4    -7.3670966e-07
8 diff_coffs(1,8)        0.0020600818     0     4    9.7399562e-07
9 diff_coffs(1,9)        0.014755159     0     4    -9.1942024e-07
10 diff_coffs(1,10)        0.11655648     0     4    -5.9475299e-07
11 diff_coffs(1,11)        2.1392221e-09     0     4    1.0676012e-09   *************
12 diff_coffs(1,12)        0.091515498     0     4    -4.8696434e-07
13 diff_coffs(1,13)        5.0008042e-10     0     4    -1.1940823e-08   *************
14 diff_coffs(1,14)        1.3015691e-09     0     4    -1.427267e-09   *************
15 diff_coffs(1,15)        1.1293477e-09     0     4    -3.0065058e-10   *************
16 diff_coffs(1,16)        0.030927343     0     4    -3.4148584e-06
17 diff_coffs(1,17)        1.5747648e-10     0     4    8.4631196e-08   *************
18 diff_coffs(1,18)        2.2000032e-08     0     4    -6.3624714e-07   *************
19 diff_coffs(1,19)        5.551779e-10     0     4    5.0262563e-07   *************
20 diff_coffs(1,20)        6.1561312e-10     0     4    1.3474919e-09   *************
21 diff_coffs(1,21)        9.9854089e-09     0     4    8.8424133e-08   *************
22 diff_coffs(1,22)        0.0053639802     0     4    1.2054731e-07
23 diff_coffs(1,23)        0.65788206     0     4    2.9700327e-07
24 diff_coffs(1,24)        1.3965828e-09     0     4    -3.547987e-09   *************
25 diff_coffs(1,25)        0.0047067167     0     4    -1.2490276e-06
26 diff_coffs(1,26)        0.01210842     0     4    -1.0189449e-06
27 diff_coffs(2,1)        0.222759     0     4    -4.206351e-08
28 diff_coffs(2,2)        1.3111345e-09     0     4    -9.5846436e-08   *************
29 diff_coffs(2,3)        0.1162286     0     4    -6.718976e-08
30 diff_coffs(2,4)        8.4992835e-10     0     4    9.3994607e-11   *************
31 diff_coffs(2,5)        0.0046795915     0     4    -5.5649572e-07
32 diff_coffs(2,6)        1.0050687e-09     0     4    1.4275583e-10   *************
33 diff_coffs(2,7)        0.25673923     0     4    -7.3539028e-07
34 diff_coffs(2,8)        3.4604342e-10     0     4    -3.5700977e-09   *************
35 diff_coffs(2,9)        0.013731907     0     4    -2.8886439e-07
36 diff_coffs(2,10)        0.01678948     0     4    6.0987143e-07
37 diff_coffs(2,11)        3.9512023e-09     0     4    -1.4636076e-08   *************
38 diff_coffs(2,12)        6.4862604e-10     0     4    3.558784e-09   *************
39 diff_coffs(2,13)        8.5005603e-10     0     4    8.9744269e-09   *************
40 diff_coffs(2,14)        1.1101198e-09     0     4    -2.2865922e-09   *************
41 diff_coffs(2,15)        9.3292751e-10     0     4    -8.1191954e-08   *************
42 diff_coffs(2,16)        1.2040802e-09     0     4    6.3616189e-07   *************
43 diff_coffs(2,17)        1.8934587e-10     0     4    -5.480153e-07   *************
44 diff_coffs(2,18)        5.1867173e-09     0     4    -8.3983506e-07   *************
45 diff_coffs(2,19)        5.3361404e-10     0     4    5.3990845e-07   *************
46 diff_coffs(2,20)        5.3449778e-10     0     4    -3.5578288e-10   *************
47 diff_coffs(2,21)        0.14822408     0     4    -8.9534203e-07
48 diff_coffs(2,22)        2.4980706e-10     0     4    -1.7077785e-08   *************
49 diff_coffs(2,23)        0.20112723     0     4    8.4239566e-07
50 diff_coffs(2,24)        1.2253851e-09     0     4    9.2816184e-10   *************
51 diff_coffs(2,25)        1.8790804e-08     0     4    1.3737174e-07   *************
52 diff_coffs(2,26)        6.987775e-09     0     4    -2.0601678e-07   *************
53 diff_coffs(3,1)        0.009096645     0     4    1.4755593e-06
54 diff_coffs(3,2)        5.4903193e-10     0     4    3.7286111e-09   *************
55 diff_coffs(3,3)        2.7222826e-09     0     4    -2.7103847e-09   *************
56 diff_coffs(3,4)        0.057479708     0     4    -7.6833908e-07
57 diff_coffs(3,5)        1.0532228e-09     0     4    -1.062522e-09   *************
58 diff_coffs(3,6)        1.934612e-09     0     4    9.6411275e-10   *************
59 diff_coffs(3,7)        6.1855758e-09     0     4    3.9503885e-08   *************
60 diff_coffs(3,8)        2.669629e-10     0     4    1.2392985e-08   *************
61 diff_coffs(3,9)        0.068399894     0     4    4.5643316e-07
62 diff_coffs(3,10)        0.019310329     0     4    1.9324697e-07
63 diff_coffs(3,11)        2.0727891e-09     0     4    -2.8009786e-09   *************
64 diff_coffs(3,12)        0.0046332369     0     4    8.2561162e-07
65 diff_coffs(3,13)        1.6358115e-09     0     4    3.463495e-07   *************
66 diff_coffs(3,14)        1.431723e-09     0     4    -1.9100776e-09   *************
67 diff_coffs(3,15)        2.369694e-09     0     4    9.7618381e-08   *************
68 diff_coffs(3,16)        0.02107588     0     4    -1.7532361e-06
69 diff_coffs(3,17)        1.2385093e-10     0     4    -4.8200924e-08   *************
70 diff_coffs(3,18)        0.0013331652     0     4    -7.610728e-07
71 diff_coffs(3,19)        3.0698977e-10     0     4    2.0271345e-07   *************
72 diff_coffs(3,20)        5.8364136e-10     0     4    1.3691447e-10   *************
73 diff_coffs(3,21)        0.015278848     0     4    5.1449161e-08
74 diff_coffs(3,22)        3.2591152e-10     0     4    5.3378717e-09   *************
75 diff_coffs(3,23)        0.093247266     0     4    1.9565047e-06
76 diff_coffs(3,24)        1.1848287e-09     0     4    7.7612491e-07   *************
77 diff_coffs(3,25)        0.082413751     0     4    -2.8297639e-06
78 diff_coffs(3,26)        0.099906907     0     4    -9.2517987e-07
79 diff_coffs(4,1)        2.6352971e-09     0     4    -1.1595014e-09   *************
80 diff_coffs(4,2)        4.0332848e-10     0     4    2.0593513e-08   *************
81 diff_coffs(4,3)        9.7360986e-10     0     4    3.7484012e-10   *************
82 diff_coffs(4,4)        0.018660067     0     4    -7.3047613e-07
83 diff_coffs(4,5)        6.2669359e-10     0     4    1.3459393e-08   *************
84 diff_coffs(4,6)        6.4606831e-09     0     4    -1.6861757e-10   *************
85 diff_coffs(4,7)        0.018366902     0     4    4.253821e-07
86 diff_coffs(4,8)        3.5603742e-10     0     4    -2.8265162e-09   *************
87 diff_coffs(4,9)        0.042305624     0     4    -1.0139502e-06
88 diff_coffs(4,10)        0.011552052     0     4    9.7821324e-07
89 diff_coffs(4,11)        0.01228037     0     4    2.5604156e-07
90 diff_coffs(4,12)        0.011699739     0     4    -1.2606946e-06
91 diff_coffs(4,13)        0.03892199     0     4    -1.1104691e-06
92 diff_coffs(4,14)        2.7092812e-09     0     4    1.1111612e-08   *************
93 diff_coffs(4,15)        0.00031759312     0     4    7.045367e-07   *************
94 diff_coffs(4,16)        1.5503658e-08     0     4    2.0829352e-06   *************
95 diff_coffs(4,17)        8.7219121e-11     0     4    -1.5994642e-08   *************
96 diff_coffs(4,18)        0.29861703     0     4    2.3147974e-06
97 diff_coffs(4,19)        3.2441938e-10     0     4    -9.7801241e-09   *************
98 diff_coffs(4,20)        9.611496e-10     0     4    -1.3930795e-09   *************
99 diff_coffs(4,21)        0.058140071     0     4    -6.2519724e-07
100 diff_coffs(4,22)        4.2627146e-10     0     4    -4.4485072e-08   *************
101 diff_coffs(4,23)        9.380809e-09     0     4    -9.9578066e-08   *************
102 diff_coffs(4,24)        1.2014685e-09     0     4    -1.0667542e-07   *************
103 diff_coffs(4,25)        0.075584902     0     4    -1.4359391e-06
104 diff_coffs(4,26)        0.090191819     0     4    -1.2575667e-06
105 region_rec_diffs(1,1)        7.6664097e-10     -3     3    -2.8418465e-09
106 region_rec_diffs(1,2)        0.19574372     -3     3    2.8247219e-07
107 region_rec_diffs(1,3)        -0.054351842     -3     3    2.5876859e-06
108 region_rec_diffs(1,4)        0.12419465     -3     3    1.2321019e-07
109 region_rec_diffs(1,5)        0.19181433     -3     3    3.7169677e-06
110 region_rec_diffs(1,6)        0.60820144     -3     3    2.7333077e-07
111 region_rec_diffs(1,7)        0.96565947     -3     3    -2.2522571e-07
112 region_rec_diffs(1,8)        0.13297273     -3     3    -4.8322052e-07
113 region_rec_diffs(1,9)        0.204648     -3     3    -7.8276624e-07
114 region_rec_diffs(1,10)        -0.90701023     -3     3    2.8795361e-07
115 region_rec_diffs(1,11)        0.1941892     -3     3    8.2950116e-07
116 region_rec_diffs(1,12)        0.1000702     -3     3    8.4680402e-08
117 region_rec_diffs(1,13)        0.78883793     -3     3    2.8616582e-07
118 region_rec_diffs(1,14)        0.66332573     -3     3    -1.070283e-06
119 region_rec_diffs(1,15)        -0.028075261     -3     3    1.7993589e-07
120 region_rec_diffs(1,16)        -0.085702042     -3     3    1.8582706e-07
121 region_rec_diffs(1,17)        -0.79131839     -3     3    -3.4796978e-07
122 region_rec_diffs(1,18)        1.0874588     -3     3    -7.0193034e-08
123 region_rec_diffs(1,19)        0.19645446     -3     3    1.1627339e-07
124 region_rec_diffs(1,20)        0.060760527     -3     3    9.1791832e-07
125 region_rec_diffs(1,21)        -0.52818764     -3     3    1.2179178e-06
126 region_rec_diffs(1,22)        1.0236078     -3     3    3.4536499e-07
127 region_rec_diffs(1,23)        0.28848494     -3     3    8.2435038e-07
128 region_rec_diffs(1,24)        0.11025472     -3     3    -3.2708635e-07
129 region_rec_diffs(1,25)        0.38068684     -3     3    1.9818711e-06
130 region_rec_diffs(1,26)        0.38179602     -3     3    2.0219079e-08
131 region_rec_diffs(1,27)        0.047772433     -3     3    -9.1950906e-07
132 region_rec_diffs(1,28)        0.21845239     -3     3    -1.2521995e-07
133 region_rec_diffs(1,29)        0.13024945     -3     3    -8.8858484e-08
134 region_rec_diffs(1,30)        -0.19545608     -3     3    4.0243289e-07
135 region_rec_diffs(1,31)        -0.24635598     -3     3    5.2795634e-07
136 region_rec_diffs(1,32)        -0.22560095     -3     3    1.1882479e-07
137 region_rec_diffs(1,33)        -1.1859421     -3     3    8.4880772e-08
138 region_rec_diffs(1,34)        0.48917865     -3     3    -3.9060531e-07
139 region_rec_diffs(1,35)        0.16234166     -3     3    2.520714e-07
140 region_rec_diffs(1,36)        -0.52223572     -3     3    -2.218293e-07
141 region_rec_diffs(1,37)        0.92002871     -3     3    -1.4835314e-07
142 region_rec_diffs(1,38)        -0.013725016     -3     3    6.3247574e-07
143 region_rec_diffs(1,39)        0.01513785     -3     3    2.0444438e-07
144 region_rec_diffs(1,40)        -0.30545756     -3     3    1.0643472e-07
145 region_rec_diffs(1,41)        -0.12894532     -3     3    -1.0681376e-06
146 region_rec_diffs(1,42)        0.97615346     -3     3    1.3712345e-07
147 region_rec_diffs(1,43)        -0.074492421     -3     3    2.517747e-07
148 region_rec_diffs(1,44)        -1.1821801     -3     3    -4.0560275e-08
149 region_rec_diffs(1,45)        0.039387968     -3     3    5.7675517e-07
150 region_rec_diffs(1,46)        0.67769838     -3     3    7.2208915e-07
151 region_rec_diffs(1,47)        0.446249     -3     3    -8.5250087e-07
152 region_rec_diffs(1,48)        -0.81735347     -3     3    1.5163235e-06
153 region_rec_diffs(1,49)        0.3436558     -3     3    1.6116224e-06
154 region_rec_diffs(1,50)        -0.1674588     -3     3    3.9657578e-08
155 region_rec_diffs(1,51)        1.0889214     -3     3    5.139983e-08
156 region_rec_diffs(1,52)        0.19965297     -3     3    -3.1852894e-07
157 region_rec_diffs(1,53)        -0.37469845     -3     3    -2.6267203e-06
158 region_rec_diffs(1,54)        -0.39116447     -3     3    3.4614597e-07
159 region_rec_diffs(1,55)        0.4837965     -3     3    -7.1638645e-07
160 region_rec_diffs(1,56)        0.2525304     -3     3    5.9598179e-07
161 region_rec_diffs(1,57)        -1.5626527     -3     3    2.2123262e-07
162 region_rec_diffs(1,58)        0.67294936     -3     3    -4.5783886e-07
163 region_rec_diffs(1,59)        0.4942341     -3     3    -5.0433697e-07
164 region_rec_diffs(1,60)        -0.84398094     -3     3    8.9125657e-07
165 region_rec_diffs(1,61)        0.64229838     -3     3    4.9692873e-07
166 region_rec_diffs(1,62)        0.046285756     -3     3    -6.7180549e-07
167 region_rec_diffs(1,63)        0.78087176     -3     3    2.1843934e-07
168 region_rec_diffs(1,64)        -0.38580241     -3     3    2.1416312e-06
169 region_rec_diffs(1,65)        -0.93587606     -3     3    -1.3005607e-06
170 region_rec_diffs(1,66)        -0.33643252     -3     3    -9.9365182e-08
171 region_rec_diffs(1,67)        0.61899281     -3     3    7.8584368e-07
172 region_rec_diffs(1,68)        0.3842349     -3     3    9.5442349e-07
173 region_rec_diffs(1,69)        0.15974248     -3     3    -1.1603709e-06
174 region_rec_diffs(1,70)        -0.17561285     -3     3    3.9059395e-07
175 region_rec_diffs(1,71)        0.64378392     -3     3    1.320027e-07
176 region_rec_diffs(1,72)        -0.14722478     -3     3    2.394443e-07
177 region_rec_diffs(1,73)        0.39922851     -3     3    -3.6981378e-07
178 region_rec_diffs(1,74)        0.45974982     -3     3    2.4781892e-07
179 region_rec_diffs(1,75)        -0.32568093     -3     3    2.4113291e-07
180 region_rec_diffs(1,76)        -0.98143704     -3     3    7.970417e-07
181 region_rec_diffs(1,77)        -1.3210152     -3     3    -1.0433839e-07
182 region_rec_diffs(1,78)        0.44688546     -3     3    1.6902854e-06
183 region_rec_diffs(1,79)        0.37762502     -3     3    1.1415702e-07
184 region_rec_diffs(1,80)        0.70145471     -3     3    1.002475e-07
185 region_rec_diffs(1,81)        0.61158578     -3     3    3.3981839e-07
186 region_rec_diffs(1,82)        0.89984882     -3     3    5.5001974e-07
187 region_rec_diffs(1,83)        0.51393049     -3     3    5.778324e-07
188 region_rec_diffs(1,84)        -0.4217839     -3     3    -2.6004831e-06
189 region_rec_diffs(1,85)        0.40329771     -3     3    -1.5169024e-06
190 region_rec_diffs(1,86)        -0.27987325     -3     3    -1.5400301e-07
191 region_rec_diffs(1,87)        0.21870878     -3     3    -4.9829847e-07
192 region_rec_diffs(1,88)        -1.5641741     -3     3    -6.2160335e-07
193 region_rec_diffs(1,89)        0.40101504     -3     3    -9.4014413e-07
194 region_rec_diffs(1,90)        -0.33786786     -3     3    -2.8957796e-07
195 region_rec_diffs(1,91)        0.40387085     -3     3    1.6929127e-06
196 region_rec_diffs(1,92)        0.15681004     -3     3    -1.0103259e-06
197 region_rec_diffs(1,93)        -2.0554584     -3     3    -1.2000461e-06
198 region_rec_diffs(1,94)        1.0568658     -3     3    -3.7177924e-07
199 region_rec_diffs(1,95)        0.090070027     -3     3    1.401313e-06
200 region_rec_diffs(1,96)        -0.67607013     -3     3    1.5329399e-07
201 region_rec_diffs(1,97)        0.31452104     -3     3    -1.1164188e-06
202 region_rec_diffs(1,98)        0.56022162     -3     3    -5.5056751e-07
203 region_rec_diffs(1,99)        0.31479832     -3     3    1.8466038e-07
204 region_rec_diffs(1,100)        -0.56190043     -3     3    -1.0926621e-07
205 region_rec_diffs(1,101)        0.53986323     -3     3    -1.6440197e-06
206 region_rec_diffs(1,102)        -0.03760713     -3     3    -7.7267096e-08
207 region_rec_diffs(1,103)        0.56834947     -3     3    -8.1445901e-08
208 region_rec_diffs(1,104)        0.22440667     -3     3    -6.7540838e-07
209 region_rec_diffs(1,105)        0.065014872     -3     3    2.4933986e-07
210 region_rec_diffs(1,106)        0.022283334     -3     3    1.0584764e-07
211 region_rec_diffs(1,107)        0.12453936     -3     3    -1.1145854e-07
212 region_rec_diffs(1,108)        0.84120591     -3     3    -8.1518948e-07
213 region_rec_diffs(1,109)        0.28213315     -3     3    -8.986945e-07
214 region_rec_diffs(1,110)        -0.059265871     -3     3    -9.4735536e-08
215 region_rec_diffs(1,111)        -0.12550612     -3     3    -3.4293482e-07
216 region_rec_diffs(1,112)        0.75922185     -3     3    -3.1227683e-07
217 region_rec_diffs(1,113)        -0.3890941     -3     3    6.4635908e-07
218 region_rec_diffs(1,114)        -0.51678391     -3     3    -8.0727442e-09
219 region_rec_diffs(1,115)        -0.020431885     -3     3    3.5871411e-08
220 region_rec_diffs(1,116)        -0.15858832     -3     3    1.9890299e-06
221 region_rec_diffs(1,117)        0.40640157     -3     3    1.1059516e-06
222 region_rec_diffs(1,118)        -0.58792575     -3     3    1.3336891e-07
223 region_rec_diffs(1,119)        0.22213425     -3     3    -3.7356289e-07
224 region_rec_diffs(1,120)        -0.7945799     -3     3    -4.9152074e-07
225 region_rec_diffs(1,121)        0.33525892     -3     3    9.8144024e-07
226 region_rec_diffs(1,122)        0.7082926     -3     3    2.9337608e-08
227 region_rec_diffs(1,123)        -0.86000021     -3     3    -6.5860997e-07
228 region_rec_diffs(1,124)        -0.079276454     -3     3    -9.0815426e-07
229 region_rec_diffs(1,125)        -0.77806873     -3     3    1.4796098e-06
230 region_rec_diffs(1,126)        -1.542792     -3     3    -5.8921068e-07
231 region_rec_diffs(1,127)        -0.58892287     -3     3    2.4745308e-07
232 region_rec_diffs(1,128)        0.043601554     -3     3    -1.1237353e-06
233 region_rec_diffs(1,129)        0.74747257     -3     3    -2.6858683e-08
234 region_rec_diffs(1,130)        -1.0885391     -3     3    3.4368076e-07
235 region_rec_diffs(1,131)        -1.1028017     -3     3    7.2704308e-07
236 region_rec_diffs(1,132)        -0.84803373     -3     3    -2.9515256e-06
237 region_rec_diffs(1,133)        1.0357485     -3     3    -2.1244323e-07
238 region_rec_diffs(1,134)        0.13351393     -3     3    2.9583291e-07
239 region_rec_diffs(1,135)        -0.41073153     -3     3    1.2072017e-06
240 region_rec_diffs(1,136)        0.58562647     -3     3    1.9167912e-07
241 region_rec_diffs(1,137)        -1.0434065     -3     3    4.7788286e-07
242 region_rec_diffs(1,138)        -1.204979     -3     3    6.2800455e-07
243 region_rec_diffs(1,139)        -0.90579013     -3     3    -3.6959161e-07
244 region_rec_diffs(1,140)        -1.0340242     -3     3    -3.4728845e-06
245 region_rec_diffs(1,141)        0.72681015     -3     3    -2.2397074e-07
246 region_rec_diffs(1,142)        -0.14752724     -3     3    -1.4753328e-07
247 region_rec_diffs(1,143)        -0.82829153     -3     3    -3.570018e-07
248 region_rec_diffs(1,144)        -0.37648447     -3     3    -3.4456812e-07
249 region_rec_diffs(1,145)        0.55183931     -3     3    1.0513807e-07
250 region_rec_diffs(1,146)        -0.81990414     -3     3    -3.4335555e-08
251 region_rec_diffs(1,147)        -1.5483307     -3     3    7.5840009e-07
252 region_rec_diffs(1,148)        0.58823302     -3     3    -6.0596004e-07
253 region_rec_diffs(1,149)        0.59297282     -3     3    -6.3737816e-08
254 region_rec_diffs(1,150)        0.22366578     -3     3    3.5336482e-07
255 region_rec_diffs(1,151)        -0.98199697     -3     3    -2.6731388e-06
256 region_rec_diffs(1,152)        0.55441119     -3     3    -4.4677579e-07
257 region_rec_diffs(1,153)        0.28153315     -3     3    5.4382798e-07
258 region_rec_diffs(1,154)        -1.2195496     -3     3    2.2182727e-07
259 region_rec_diffs(1,155)        -1.1890886     -3     3    2.8408676e-06
260 region_rec_diffs(1,156)        0.57875759     -3     3    -5.2956088e-07
261 region_rec_diffs(1,157)        -1.2306955     -3     3    6.1296509e-07
262 region_rec_diffs(1,158)        -1.2074328     -3     3    -9.0041092e-07
263 region_rec_diffs(1,159)        -1.8782508     -3     3    6.1782876e-07
264 region_rec_diffs(1,160)        -0.55412897     -3     3    2.6134736e-07
265 region_rec_diffs(1,161)        0.56785119     -3     3    -3.3837141e-07
266 region_rec_diffs(1,162)        0.095003879     -3     3    -1.9005318e-07
267 region_rec_diffs(1,163)        -0.76060666     -3     3    -4.0412986e-07
268 region_rec_diffs(1,164)        0.84568368     -3     3    3.6110562e-08
269 region_rec_diffs(1,165)        -0.91596803     -3     3    -7.5991297e-07
270 region_rec_diffs(1,166)        -1.1584756     -3     3    -3.4475247e-07
271 region_rec_diffs(1,167)        -2.3365145     -3     3    4.8264512e-08
272 region_rec_diffs(1,168)        0.057948721     -3     3    -1.4023322e-06
273 region_rec_diffs(1,169)        -0.77125241     -3     3    -5.5941847e-07
274 region_rec_diffs(1,170)        -1.6138795     -3     3    -7.0280761e-07
275 region_rec_diffs(1,171)        -1.4235076     -3     3    -6.1274703e-07
276 region_rec_diffs(1,172)        0.60777058     -3     3    4.0509711e-08
277 region_rec_diffs(1,173)        -0.52792676     -3     3    -2.5742942e-09
278 region_rec_diffs(1,174)        0.95047167     -3     3    -1.8886589e-07
279 region_rec_diffs(1,175)        -1.1916543     -3     3    1.4713642e-06
280 region_rec_diffs(1,176)        -0.77591209     -3     3    -8.5415296e-07
281 region_rec_diffs(1,177)        -2.5989184     -3     3    -1.0809869e-06
282 region_rec_diffs(1,178)        0.4798054     -3     3    -6.6853528e-07
283 region_rec_diffs(1,179)        -2.1330973     -3     3    2.4052418e-07
284 region_rec_diffs(1,180)        0.62745281     -3     3    -7.5638968e-07
285 region_rec_diffs(1,181)        -0.34391454     -3     3    4.5978672e-07
286 region_rec_diffs(1,182)        -1.6094655     -3     3    3.3966281e-07
287 region_rec_diffs(1,183)        -2.053975     -3     3    -3.2656169e-07
288 region_rec_diffs(1,184)        -1.6085574     -3     3    -2.3063789e-07
289 region_rec_diffs(1,185)        -0.15456228     -3     3    6.8992625e-07
290 region_rec_diffs(1,186)        0.1933488     -3     3    6.1136188e-08
291 region_rec_diffs(1,187)        -1.3645085     -3     3    -2.7983138e-07
292 region_rec_diffs(1,188)        0.41631935     -3     3    3.1899883e-07
293 region_rec_diffs(1,189)        0.66704472     -3     3    -3.2627871e-07
294 region_rec_diffs(1,190)        -1.7492157     -3     3    -8.8267026e-07
295 region_rec_diffs(1,191)        -2.9028096     -3     3    -1.2467772e-06
296 region_rec_diffs(1,192)        0.02410127     -3     3    1.907803e-07
297 region_rec_diffs(1,193)        0.47349589     -3     3    5.9668924e-08
298 region_rec_diffs(1,194)        -0.87153597     -3     3    3.468353e-07
299 region_rec_diffs(1,195)        -1.8687126     -3     3    -3.3325155e-07
300 region_rec_diffs(1,196)        -0.070247213     -3     3    2.4325909e-07
301 region_rec_diffs(1,197)        0.047307152     -3     3    1.2553719e-07
302 region_rec_diffs(1,198)        -2.1055353     -3     3    -7.1258607e-08
303 region_rec_diffs(1,199)        -2.4194819     -3     3    1.7113032e-07
304 region_rec_diffs(1,200)        -1.9267372     -3     3    -3.1273037e-07
305 region_rec_diffs(1,201)        0.73346975     -3     3    6.3018609e-07
306 region_rec_diffs(1,202)        -0.32084403     -3     3    -1.0004363e-07
307 region_rec_diffs(1,203)        0.49601324     -3     3    6.9067536e-08
308 region_rec_diffs(1,204)        -0.47426029     -3     3    2.8039693e-07
309 region_rec_diffs(1,205)        -2.0515135     -3     3    -1.1138979e-07
310 region_rec_diffs(1,206)        -2.0468555     -3     3    -4.225487e-07
311 region_rec_diffs(1,207)        -0.7214603     -3     3    -6.4733623e-07
312 region_rec_diffs(1,208)        -1.5607258     -3     3    1.2420386e-06
313 region_rec_diffs(1,209)        0.057699711     -3     3    -4.371772e-07
314 region_rec_diffs(1,210)        0.80237561     -3     3    1.5938504e-07
315 region_rec_diffs(1,211)        0.4638032     -3     3    -5.8289891e-07
316 region_rec_diffs(1,212)        -2.0967243     -3     3    -8.6266071e-08
317 region_rec_diffs(1,213)        -1.7404767     -3     3    9.5932478e-08
318 region_rec_diffs(1,214)        -2.1640836     -3     3    -3.0951703e-07
319 region_rec_diffs(1,215)        -2.0187244     -3     3    -4.1175257e-07
320 region_rec_diffs(1,216)        -1.5414208     -3     3    5.9696978e-07
321 region_rec_diffs(1,217)        0.81628436     -3     3    -2.479219e-07
322 region_rec_diffs(1,218)        -2.2978737     -3     3    5.3170473e-07
323 region_rec_diffs(1,219)        -1.5491473     -3     3    -7.9775652e-08
324 region_rec_diffs(1,220)        0.32635605     -3     3    2.0839267e-07
325 region_rec_diffs(1,221)        0.49128187     -3     3    1.5335033e-06
326 region_rec_diffs(1,222)        -1.5522279     -3     3    -1.3655423e-07
327 region_rec_diffs(1,223)        -0.33268922     -3     3    -6.725069e-08
328 region_rec_diffs(1,224)        0.7155116     -3     3    6.2981864e-07
329 region_rec_diffs(1,225)        -0.81933436     -3     3    -1.0490244e-06
330 region_rec_diffs(1,226)        -2.2563296     -3     3    -7.4790213e-07
331 region_rec_diffs(1,227)        -1.9366418     -3     3    -2.3239669e-07
332 region_rec_diffs(1,228)        -1.4821005     -3     3    -3.4605704e-07
333 region_rec_diffs(1,229)        0.6388519     -3     3    5.8180334e-07
334 region_rec_diffs(1,230)        -1.2234046     -3     3    -6.9334613e-07
335 region_rec_diffs(1,231)        -0.24622202     -3     3    -2.3545937e-06
336 region_rec_diffs(1,232)        0.76111117     -3     3    3.8372612e-07
337 region_rec_diffs(1,233)        -1.5118415     -3     3    -4.4581232e-07
338 region_rec_diffs(1,234)        -2.4022364     -3     3    -3.680337e-07
339 region_rec_diffs(1,235)        -2.4847967     -3     3    -4.5868653e-07
340 region_rec_diffs(1,236)        -0.64385294     -3     3    -1.3328386e-06
341 region_rec_diffs(1,237)        0.69189219     -3     3    -8.4715435e-07
342 region_rec_diffs(1,238)        -1.5861094     -3     3    -5.5843865e-07
343 region_rec_diffs(1,239)        -2.2477168     -3     3    -4.3314824e-07
344 region_rec_diffs(1,240)        -0.73447472     -3     3    -2.923854e-07
345 region_rec_diffs(1,241)        0.47134465     -3     3    -6.9140134e-07
346 region_rec_diffs(1,242)        -0.26238044     -3     3    4.5024059e-07
347 region_rec_diffs(1,243)        0.20918497     -3     3    5.3775799e-07
348 region_rec_diffs(1,244)        0.51123376     -3     3    -4.7079591e-07
349 region_rec_diffs(1,245)        -0.82367362     -3     3    -1.1468586e-06
350 region_rec_diffs(1,246)        -1.8401219     -3     3    -8.7131002e-07
351 region_rec_diffs(1,247)        -1.7473434     -3     3    -1.4393668e-06
352 region_rec_diffs(1,248)        0.68715925     -3     3    2.9730276e-07
353 region_rec_diffs(1,249)        -1.81389     -3     3    3.9104087e-07
354 region_rec_diffs(1,250)        -2.5218613     -3     3    -5.1016731e-08
355 region_rec_diffs(1,251)        -2.4605742     -3     3    -5.2945332e-07
356 region_rec_diffs(1,252)        -0.52213665     -3     3    -3.2238404e-07
357 region_rec_diffs(1,253)        0.1895917     -3     3    1.9400425e-07
358 region_rec_diffs(1,254)        -2.2266121     -3     3    1.8026049e-08
359 region_rec_diffs(1,255)        -2.2481487     -3     3    -3.2936226e-07
360 region_rec_diffs(1,256)        0.47989941     -3     3    9.3478354e-08
361 region_rec_diffs(1,257)        0.32875359     -3     3    9.7917901e-07
362 region_rec_diffs(1,258)        -1.7533574     -3     3    1.3909874e-07
363 region_rec_diffs(1,259)        -1.0235885     -3     3    7.0665745e-07
364 region_rec_diffs(1,260)        0.89023016     -3     3    -4.5407872e-07
365 region_rec_diffs(1,261)        0.71845908     -3     3    -1.1914467e-07
366 region_rec_diffs(1,262)        -1.603672     -3     3    6.8970602e-08
367 region_rec_diffs(1,263)        -0.195079     -3     3    -1.3772835e-06
368 region_rec_diffs(1,264)        -0.80060367     -3     3    -1.0598476e-07
369 region_rec_diffs(1,265)        -0.6852827     -3     3    -3.3238493e-07
370 region_rec_diffs(1,266)        -1.5156603     -3     3    9.3436456e-07
371 region_rec_diffs(1,267)        -1.4018188     -3     3    -4.220773e-07
372 region_rec_diffs(1,268)        0.65494655     -3     3    -5.3397818e-07
373 region_rec_diffs(1,269)        -0.35706594     -3     3    -3.953393e-07
374 region_rec_diffs(1,270)        -1.0826951     -3     3    -4.9608354e-07
375 region_rec_diffs(1,271)        -0.8871966     -3     3    -1.0072991e-06
376 region_rec_diffs(1,272)        0.34752912     -3     3    -2.6989997e-06
377 region_rec_diffs(1,273)        0.25672332     -3     3    -1.4425839e-06
378 region_rec_diffs(1,274)        -1.2040551     -3     3    -2.2593062e-07
379 region_rec_diffs(1,275)        0.19029906     -3     3    -9.5206013e-07
380 region_rec_diffs(1,276)        0.12121089     -3     3    -7.4823714e-07
381 region_rec_diffs(1,277)        -0.77312636     -3     3    -5.009265e-07
382 region_rec_diffs(1,278)        -0.37302553     -3     3    -9.1285115e-07
383 region_rec_diffs(1,279)        -0.19931719     -3     3    -2.0284751e-06
384 region_rec_diffs(2,1)        5.8949201e-09     -3     3    -1.2069424e-09
385 region_rec_diffs(2,2)        1.3818172     -3     3    -4.1262598e-07
386 region_rec_diffs(2,3)        1.5189678     -3     3    -1.2480996e-06
387 region_rec_diffs(2,4)        1.4556863     -3     3    -7.6209127e-08
388 region_rec_diffs(2,5)        1.4137462     -3     3    -2.7891348e-06
389 region_rec_diffs(2,6)        0.20680211     -3     3    2.8991942e-07
390 region_rec_diffs(2,7)        1.1762461     -3     3    3.7622935e-08
391 region_rec_diffs(2,8)        0.072205257     -3     3    -3.700426e-07
392 region_rec_diffs(2,9)        0.15088819     -3     3    -6.8646947e-07
393 region_rec_diffs(2,10)        1.9807335     -3     3    2.4100435e-07
394 region_rec_diffs(2,11)        0.20156222     -3     3    -1.5105255e-07
395 region_rec_diffs(2,12)        0.091969135     -3     3    2.1943222e-06
396 region_rec_diffs(2,13)        0.051360576     -3     3    -8.3665823e-07
397 region_rec_diffs(2,14)        -1.0010552     -3     3    -5.1796018e-07
398 region_rec_diffs(2,15)        -0.071503711     -3     3    -2.2807821e-07
399 region_rec_diffs(2,16)        -0.006407269     -3     3    -1.3269527e-07
400 region_rec_diffs(2,17)        -0.20803642     -3     3    -6.3123017e-07
401 region_rec_diffs(2,18)        -0.83037365     -3     3    -2.692384e-07
402 region_rec_diffs(2,19)        0.010035174     -3     3    3.6170046e-08
403 region_rec_diffs(2,20)        0.059525297     -3     3    1.5785011e-07
404 region_rec_diffs(2,21)        1.1897958     -3     3    5.5979236e-07
405 region_rec_diffs(2,22)        0.23313553     -3     3    -1.8940854e-06
406 region_rec_diffs(2,23)        1.4840531     -3     3    -1.7867211e-07
407 region_rec_diffs(2,24)        0.10781163     -3     3    -1.3147206e-06
408 region_rec_diffs(2,25)        1.459793     -3     3    -2.2667916e-06
409 region_rec_diffs(2,26)        0.098242275     -3     3    1.3285976e-07
410 region_rec_diffs(2,27)        1.5916696     -3     3    5.6869737e-08
411 region_rec_diffs(2,28)        0.027517326     -3     3    -1.6356405e-07
412 region_rec_diffs(2,29)        -0.81526494     -3     3    7.7164022e-07
413 region_rec_diffs(2,30)        -0.14227324     -3     3    2.200126e-07
414 region_rec_diffs(2,31)        -0.069047454     -3     3    3.172335e-07
415 region_rec_diffs(2,32)        0.035633999     -3     3    3.8306244e-07
416 region_rec_diffs(2,33)        0.26407731     -3     3    1.0581841e-06
417 region_rec_diffs(2,34)        1.1182266     -3     3    -3.3299949e-07
418 region_rec_diffs(2,35)        0.068863847     -3     3    9.4866764e-09
419 region_rec_diffs(2,36)        1.8606784     -3     3    3.2849692e-08
420 region_rec_diffs(2,37)        -1.211685     -3     3    -3.2603384e-07
421 region_rec_diffs(2,38)        -0.70928622     -3     3    5.5374054e-07
422 region_rec_diffs(2,39)        -0.056545844     -3     3    9.9804105e-08
423 region_rec_diffs(2,40)        -0.024101617     -3     3    -8.7949292e-08
424 region_rec_diffs(2,41)        1.267489     -3     3    7.7368163e-07
425 region_rec_diffs(2,42)        -0.22464278     -3     3    -8.3627576e-07
426 region_rec_diffs(2,43)        0.043376155     -3     3    -2.7927242e-07
427 region_rec_diffs(2,44)        1.4120422     -3     3    -1.148971e-06
428 region_rec_diffs(2,45)        1.4418144     -3     3    -3.6762412e-07
429 region_rec_diffs(2,46)        -0.082790641     -3     3    -4.6732914e-07
430 region_rec_diffs(2,47)        0.018899296     -3     3    -3.2586127e-07
431 region_rec_diffs(2,48)        0.63978251     -3     3    -5.5169695e-07
432 region_rec_diffs(2,49)        0.81397     -3     3    -2.580176e-06
433 region_rec_diffs(2,50)        0.082896515     -3     3    2.7903276e-08
434 region_rec_diffs(2,51)        -0.32701234     -3     3    -1.1870676e-06
435 region_rec_diffs(2,52)        0.065255314     -3     3    -3.9055725e-08
436 region_rec_diffs(2,53)        1.1874091     -3     3    1.170509e-06
437 region_rec_diffs(2,54)        -0.12960089     -3     3    8.2652315e-07
438 region_rec_diffs(2,55)        -0.05997528     -3     3    3.9425666e-07
439 region_rec_diffs(2,56)        -0.14529897     -3     3    8.7889627e-07
440 region_rec_diffs(2,57)        1.1278002     -3     3    1.2241776e-06
441 region_rec_diffs(2,58)        0.94780967     -3     3    1.7200377e-06
442 region_rec_diffs(2,59)        -0.0021996648     -3     3    3.3236617e-08
443 region_rec_diffs(2,60)        0.49804735     -3     3    1.3259337e-07
444 region_rec_diffs(2,61)        0.85408466     -3     3    -6.2633795e-07
445 region_rec_diffs(2,62)        0.059018201     -3     3    1.93928e-07
446 region_rec_diffs(2,63)        -0.15533449     -3     3    1.0307799e-07
447 region_rec_diffs(2,64)        -0.14705623     -3     3    -1.4736862e-08
448 region_rec_diffs(2,65)        1.6942599     -3     3    -1.2482129e-07
449 region_rec_diffs(2,66)        0.064263299     -3     3    3.0399373e-07
450 region_rec_diffs(2,67)        -0.09427608     -3     3    5.1173851e-07
451 region_rec_diffs(2,68)        -0.35836574     -3     3    1.3242801e-07
452 region_rec_diffs(2,69)        1.241883     -3     3    1.0139264e-06
453 region_rec_diffs(2,70)        0.81475782     -3     3    -3.0106882e-07
454 region_rec_diffs(2,71)        0.15730408     -3     3    -1.1679649e-06
455 region_rec_diffs(2,72)        -0.22082644     -3     3    2.3763198e-07
456 region_rec_diffs(2,73)        -1.7027146     -3     3    4.8228413e-07
457 region_rec_diffs(2,74)        -1.201695     -3     3    6.8469645e-08
458 region_rec_diffs(2,75)        -0.12365784     -3     3    -4.8159043e-07
459 region_rec_diffs(2,76)        -0.4497162     -3     3    -3.0921143e-07
460 region_rec_diffs(2,77)        1.1272048     -3     3    -5.8476363e-07
461 region_rec_diffs(2,78)        0.37368174     -3     3    -1.1326761e-06
462 region_rec_diffs(2,79)        0.068525925     -3     3    -5.2137822e-08
463 region_rec_diffs(2,80)        0.84150372     -3     3    -6.7747811e-07
464 region_rec_diffs(2,81)        -0.58462616     -3     3    3.502657e-07
465 region_rec_diffs(2,82)        -0.85449545     -3     3    1.49457e-07
466 region_rec_diffs(2,83)        -0.81079566     -3     3    -2.2664549e-07
467 region_rec_diffs(2,84)        0.42801627     -3     3    1.3307228e-06
468 region_rec_diffs(2,85)        0.066609671     -3     3    1.1985678e-06
469 region_rec_diffs(2,86)        -0.010566716     -3     3    5.1265521e-08
470 region_rec_diffs(2,87)        -0.53083485     -3     3    4.5783584e-07
471 region_rec_diffs(2,88)        0.77327823     -3     3    2.4017078e-06
472 region_rec_diffs(2,89)        -0.66004795     -3     3    2.3980072e-07
473 region_rec_diffs(2,90)        0.0087071109     -3     3    6.726601e-08
474 region_rec_diffs(2,91)        -0.14789178     -3     3    -2.1774825e-07
475 region_rec_diffs(2,92)        0.48808533     -3     3    7.8918253e-07
476 region_rec_diffs(2,93)        1.7821385     -3     3    -2.7954681e-07
477 region_rec_diffs(2,94)        0.11127817     -3     3    1.2806099e-06
478 region_rec_diffs(2,95)        -0.58040315     -3     3    -1.3021577e-07
479 region_rec_diffs(2,96)        -0.2388669     -3     3    1.7644336e-07
480 region_rec_diffs(2,97)        -0.54216166     -3     3    4.0388168e-07
481 region_rec_diffs(2,98)        -0.015867799     -3     3    4.8053889e-09
482 region_rec_diffs(2,99)        -0.12806525     -3     3    1.6284489e-07
483 region_rec_diffs(2,100)        1.0778852     -3     3    4.7408102e-07
484 region_rec_diffs(2,101)        0.62117296     -3     3    5.7970188e-07
485 region_rec_diffs(2,102)        0.053553189     -3     3    -2.7502029e-08
486 region_rec_diffs(2,103)        0.083568119     -3     3    -3.2369528e-07
487 region_rec_diffs(2,104)        0.3705659     -3     3    2.3318175e-06
488 region_rec_diffs(2,105)        -0.12638086     -3     3    1.3097412e-07
489 region_rec_diffs(2,106)        -0.022395088     -3     3    -1.1657463e-08
490 region_rec_diffs(2,107)        -0.041832199     -3     3    7.1996872e-08
491 region_rec_diffs(2,108)        -0.16165042     -3     3    3.0709497e-07
492 region_rec_diffs(2,109)        0.63898378     -3     3    2.1489375e-06
493 region_rec_diffs(2,110)        0.010949544     -3     3    -1.8291291e-08
494 region_rec_diffs(2,111)        -0.0073736532     -3     3    1.9560408e-08
495 region_rec_diffs(2,112)        -0.26503279     -3     3    9.1095624e-09
496 region_rec_diffs(2,113)        1.1602932     -3     3    -2.7488218e-07
497 region_rec_diffs(2,114)        -0.055233944     -3     3    -3.5724855e-07
498 region_rec_diffs(2,115)        0.17621258     -3     3    -2.4987985e-07
499 region_rec_diffs(2,116)        0.57388845     -3     3    -3.0771345e-06
500 region_rec_diffs(2,117)        0.854662     -3     3    -2.4378462e-06
501 region_rec_diffs(2,118)        0.16785122     -3     3    1.5867867e-07
502 region_rec_diffs(2,119)        0.93105354     -3     3    1.0647129e-06
503 region_rec_diffs(2,120)        0.082556737     -3     3    6.7593677e-07
504 region_rec_diffs(2,121)        0.63027587     -3     3    -2.1654289e-06
505 region_rec_diffs(2,122)        -0.15230524     -3     3    -9.2131406e-07
506 region_rec_diffs(2,123)        -0.097099142     -3     3    -1.8373248e-07
507 region_rec_diffs(2,124)        -0.43482797     -3     3    -6.0044997e-07
508 region_rec_diffs(2,125)        0.84829805     -3     3    -3.5847364e-08
509 region_rec_diffs(2,126)        1.5515618     -3     3    1.0466157e-06
510 region_rec_diffs(2,127)        -0.23423679     -3     3    -6.4514345e-08
511 region_rec_diffs(2,128)        0.63192885     -3     3    1.7584979e-06
512 region_rec_diffs(2,129)        0.10650454     -3     3    5.2693085e-07
513 region_rec_diffs(2,130)        -0.41900008     -3     3    7.3692236e-07
514 region_rec_diffs(2,131)        -0.25372993     -3     3    8.353793e-08
515 region_rec_diffs(2,132)        0.94342519     -3     3    1.3264349e-06
516 region_rec_diffs(2,133)        -0.73821751     -3     3    4.1406847e-07
517 region_rec_diffs(2,134)        -0.14764488     -3     3    2.1199713e-07
518 region_rec_diffs(2,135)        -0.53374195     -3     3    6.2080036e-07
519 region_rec_diffs(2,136)        1.0000859     -3     3    -3.3132221e-07
520 region_rec_diffs(2,137)        0.026180678     -3     3    3.8361431e-07
521 region_rec_diffs(2,138)        -0.55010446     -3     3    -1.5678944e-08
522 region_rec_diffs(2,139)        -0.40798862     -3     3    -2.8581902e-07
523 region_rec_diffs(2,140)        -0.78144634     -3     3    1.1994176e-07
524 region_rec_diffs(2,141)        0.43527306     -3     3    5.5658191e-07
525 region_rec_diffs(2,142)        0.54681151     -3     3    1.0040914e-06
526 region_rec_diffs(2,143)        0.37477265     -3     3    -1.0084738e-06
527 region_rec_diffs(2,144)        0.85092265     -3     3    2.1493432e-07
528 region_rec_diffs(2,145)        -0.76649393     -3     3    -1.8091574e-07
529 region_rec_diffs(2,146)        -0.57637156     -3     3    3.1290702e-07
530 region_rec_diffs(2,147)        -0.91750776     -3     3    4.7828738e-07
531 region_rec_diffs(2,148)        -0.29249774     -3     3    -9.8318849e-07
532 region_rec_diffs(2,149)        0.086322608     -3     3    -1.6887066e-06
533 region_rec_diffs(2,150)        -0.45276355     -3     3    8.7859424e-07
534 region_rec_diffs(2,151)        -1.3589358     -3     3    2.2265782e-07
535 region_rec_diffs(2,152)        -0.69840518     -3     3    -3.6156627e-07
536 region_rec_diffs(2,153)        1.3092567     -3     3    5.0960864e-08
537 region_rec_diffs(2,154)        -0.75768754     -3     3    -1.668187e-07
538 region_rec_diffs(2,155)        -0.95900427     -3     3    3.5090775e-07
539 region_rec_diffs(2,156)        0.034131952     -3     3    2.363704e-06
540 region_rec_diffs(2,157)        1.4271313     -3     3    -9.7121964e-07
541 region_rec_diffs(2,158)        -0.68984338     -3     3    -2.5510921e-07
542 region_rec_diffs(2,159)        -1.0340607     -3     3    2.8621919e-07
543 region_rec_diffs(2,160)        -1.3720283     -3     3    -8.284444e-07
544 region_rec_diffs(2,161)        -1.0257117     -3     3    7.6140859e-07
545 region_rec_diffs(2,162)        -0.82385201     -3     3    6.7186832e-07
546 region_rec_diffs(2,163)        -1.6254162     -3     3    9.9422504e-07
547 region_rec_diffs(2,164)        0.96305179     -3     3    -2.7746727e-07
548 region_rec_diffs(2,165)        -0.5377299     -3     3    -1.4001864e-07
549 region_rec_diffs(2,166)        -1.3278979     -3     3    2.7521949e-07
550 region_rec_diffs(2,167)        -1.7956716     -3     3    -4.1848292e-07
551 region_rec_diffs(2,168)        -1.1118747     -3     3    -9.0701432e-08
552 region_rec_diffs(2,169)        0.99747473     -3     3    1.3767657e-06
553 region_rec_diffs(2,170)        -0.8395418     -3     3    4.6853489e-07
554 region_rec_diffs(2,171)        -1.6225433     -3     3    1.7071874e-08
555 region_rec_diffs(2,172)        0.53850624     -3     3    5.4853608e-08
556 region_rec_diffs(2,173)        0.99575328     -3     3    -4.8093288e-08
557 region_rec_diffs(2,174)        -1.0144704     -3     3    -2.4677261e-08
558 region_rec_diffs(2,175)        -1.4770589     -3     3    1.5152684e-07
559 region_rec_diffs(2,176)        -1.9853216     -3     3    2.3649491e-08
560 region_rec_diffs(2,177)        0.92614468     -3     3    -4.5204516e-08
561 region_rec_diffs(2,178)        0.013340948     -3     3    2.6657126e-06
562 region_rec_diffs(2,179)        -1.2674118     -3     3    -3.2333037e-08
563 region_rec_diffs(2,180)        -0.92486872     -3     3    3.3746366e-07
564 region_rec_diffs(2,181)        1.3774088     -3     3    6.1942523e-07
565 region_rec_diffs(2,182)        -1.2551806     -3     3    -1.2107199e-07
566 region_rec_diffs(2,183)        -1.6711048     -3     3    -3.8057857e-07
567 region_rec_diffs(2,184)        -1.4657655     -3     3    -7.7754348e-08
568 region_rec_diffs(2,185)        -0.17883361     -3     3    -2.1759972e-06
569 region_rec_diffs(2,186)        -1.24424     -3     3    9.390572e-08
570 region_rec_diffs(2,187)        -1.3520705     -3     3    5.056154e-07
571 region_rec_diffs(2,188)        0.42435356     -3     3    -7.6708133e-07
572 region_rec_diffs(2,189)        0.99708339     -3     3    -1.1558956e-07
573 region_rec_diffs(2,190)        -1.0408991     -3     3    -5.8371091e-07
574 region_rec_diffs(2,191)        -1.4138608     -3     3    -3.2420215e-07
575 region_rec_diffs(2,192)        -0.12515279     -3     3    -3.9901036e-08
576 region_rec_diffs(2,193)        1.5795913     -3     3    -1.9481539e-07
577 region_rec_diffs(2,194)        -1.3234582     -3     3    -6.6035895e-07
578 region_rec_diffs(2,195)        -1.3755127     -3     3    -2.9109975e-07
579 region_rec_diffs(2,196)        1.0692926     -3     3    -5.8938133e-08
580 region_rec_diffs(2,197)        0.078342832     -3     3    -8.2113486e-08
581 region_rec_diffs(2,198)        -1.5802091     -3     3    3.2646094e-07
582 region_rec_diffs(2,199)        -1.9348524     -3     3    -1.2042356e-07
583 region_rec_diffs(2,200)        -1.5942342     -3     3    -6.0662737e-08
584 region_rec_diffs(2,201)        0.62532347     -3     3    -7.605054e-08
585 region_rec_diffs(2,202)        1.0149403     -3     3    -5.1547022e-07
586 region_rec_diffs(2,203)        0.67534485     -3     3    -6.5532371e-07
587 region_rec_diffs(2,204)        0.28479925     -3     3    2.796037e-07
588 region_rec_diffs(2,205)        -1.5960761     -3     3    -1.532406e-07
589 region_rec_diffs(2,206)        -1.747847     -3     3    -2.7618085e-07
590 region_rec_diffs(2,207)        -1.2246498     -3     3    -2.1353083e-07
591 region_rec_diffs(2,208)        -1.2555596     -3     3    -5.8567453e-07
592 region_rec_diffs(2,209)        0.52736591     -3     3    -1.1690728e-06
593 region_rec_diffs(2,210)        -1.3210893     -3     3    3.3143448e-07
594 region_rec_diffs(2,211)        -1.8734023     -3     3    1.5322163e-07
595 region_rec_diffs(2,212)        -1.8584239     -3     3    -1.716111e-07
596 region_rec_diffs(2,213)        -1.0059868     -3     3    -7.188283e-08
597 region_rec_diffs(2,214)        -0.456878     -3     3    -4.0730682e-07
598 region_rec_diffs(2,215)        -0.60141323     -3     3    4.4129624e-07
599 region_rec_diffs(2,216)        1.0271125     -3     3    5.9294787e-08
600 region_rec_diffs(2,217)        -1.4532982     -3     3    -5.0723005e-07
601 region_rec_diffs(2,218)        -2.3496954     -3     3    3.3695836e-07
602 region_rec_diffs(2,219)        -1.7602591     -3     3    -4.2537211e-07
603 region_rec_diffs(2,220)        -0.60616904     -3     3    -8.4699609e-07
604 region_rec_diffs(2,221)        0.70947338     -3     3    -3.1303805e-06
605 region_rec_diffs(2,222)        -0.94898244     -3     3    -1.110477e-06
606 region_rec_diffs(2,223)        0.018185276     -3     3    -2.5092953e-06
607 region_rec_diffs(2,224)        -1.394258     -3     3    -4.1698714e-07
608 region_rec_diffs(2,225)        -1.2075416     -3     3    -7.8509145e-07
609 region_rec_diffs(2,226)        -2.0813014     -3     3    -4.9687826e-07
610 region_rec_diffs(2,227)        -1.6187661     -3     3    6.7062688e-07
611 region_rec_diffs(2,228)        -0.67153626     -3     3    1.1141194e-06
612 region_rec_diffs(2,229)        0.71829966     -3     3    -5.7654833e-07
613 region_rec_diffs(2,230)        -0.98032907     -3     3    -7.3227459e-07
614 region_rec_diffs(2,231)        -0.10379634     -3     3    -8.5230572e-07
615 region_rec_diffs(2,232)        -0.23683542     -3     3    -4.0629185e-07
616 region_rec_diffs(2,233)        -0.23550683     -3     3    -1.0460628e-06
617 region_rec_diffs(2,234)        -1.1501419     -3     3    -6.4378997e-09
618 region_rec_diffs(2,235)        0.21882312     -3     3    -2.7415886e-06
619 region_rec_diffs(2,236)        0.86046608     -3     3    1.783246e-06
620 region_rec_diffs(2,237)        -0.98907789     -3     3    2.2058252e-07
621 region_rec_diffs(2,238)        0.27344562     -3     3    3.2071915e-06
622 region_rec_diffs(2,239)        -1.7000157     -3     3    2.5738103e-07
623 region_rec_diffs(2,240)        -0.97158348     -3     3    4.3126012e-07
624 region_rec_diffs(2,241)        1.0945363     -3     3    7.3956604e-07
625 region_rec_diffs(2,242)        -0.45217169     -3     3    -1.2407957e-06
626 region_rec_diffs(2,243)        -0.9313109     -3     3    -1.8230975e-07
627 region_rec_diffs(2,244)        0.31913137     -3     3    1.2767081e-06
628 region_rec_diffs(2,245)        -0.30794643     -3     3    2.1717136e-07
629 region_rec_diffs(2,246)        -0.71919956     -3     3    -3.2114863e-06
630 region_rec_diffs(2,247)        -0.56076496     -3     3    -4.3102354e-07
631 region_rec_diffs(2,248)        0.079721162     -3     3    -1.1905196e-07
632 region_rec_diffs(2,249)        -0.23094705     -3     3    5.8730913e-07
633 region_rec_diffs(2,250)        -2.0138718     -3     3    2.9719158e-07
634 region_rec_diffs(2,251)        -1.8886695     -3     3    3.8650541e-08
635 region_rec_diffs(2,252)        0.34056283     -3     3    -1.3682472e-07
636 region_rec_diffs(2,253)        1.1442105     -3     3    3.1667139e-07
637 region_rec_diffs(2,254)        -1.9781603     -3     3    5.2233583e-07
638 region_rec_diffs(2,255)        -2.1074374     -3     3    1.1227425e-07
639 region_rec_diffs(2,256)        -0.93258812     -3     3    2.1719e-07
640 region_rec_diffs(2,257)        0.66587821     -3     3    -1.0241794e-06
641 region_rec_diffs(2,258)        -1.4238887     -3     3    -1.3763977e-07
642 region_rec_diffs(2,259)        -1.4554933     -3     3    1.2005116e-06
643 region_rec_diffs(2,260)        0.3829797     -3     3    1.7936053e-06
644 region_rec_diffs(2,261)        -0.40164313     -3     3    1.4952567e-08
645 region_rec_diffs(2,262)        -1.3740127     -3     3    -1.8479652e-07
646 region_rec_diffs(2,263)        -1.3582736     -3     3    -1.1808841e-07
647 region_rec_diffs(2,264)        0.56705626     -3     3    -7.2769388e-08
648 region_rec_diffs(2,265)        1.4635942     -3     3    4.443791e-07
649 region_rec_diffs(2,266)        -1.4073566     -3     3    -4.6103367e-08
650 region_rec_diffs(2,267)        -1.7491033     -3     3    2.1933541e-07
651 region_rec_diffs(2,268)        -1.2210598     -3     3    2.3083494e-07
652 region_rec_diffs(2,269)        0.99216239     -3     3    5.1572663e-07
653 region_rec_diffs(2,270)        -1.1710726     -3     3    1.2233888e-07
654 region_rec_diffs(2,271)        -1.371301     -3     3    5.2892032e-08
655 region_rec_diffs(2,272)        -0.24596722     -3     3    -1.7760335e-06
656 region_rec_diffs(2,273)        -0.1838816     -3     3    -6.285097e-07
657 region_rec_diffs(2,274)        -1.1767705     -3     3    -1.5842401e-07
658 region_rec_diffs(2,275)        -0.31710986     -3     3    4.3609099e-07
659 region_rec_diffs(2,276)        1.6631611     -3     3    8.8130179e-08
660 region_rec_diffs(2,277)        -0.33358563     -3     3    1.6922819e-07
661 region_rec_diffs(2,278)        -0.2235915     -3     3    -3.054759e-07
662 region_rec_diffs(2,279)        -0.10804107     -3     3    -9.6887572e-07
663 region_rec_diffs(3,1)        5.3971743e-09     -3     3    -1.039601e-09
664 region_rec_diffs(3,2)        -1.2475051     -3     3    -7.7516934e-07
665 region_rec_diffs(3,3)        -1.2483163     -3     3    5.3276392e-07
666 region_rec_diffs(3,4)        -1.413565     -3     3    7.1639477e-07
667 region_rec_diffs(3,5)        -1.3750855     -3     3    2.3927309e-07
668 region_rec_diffs(3,6)        -0.40862813     -3     3    6.0512798e-08
669 region_rec_diffs(3,7)        -1.473858     -3     3    1.2375905e-07
670 region_rec_diffs(3,8)        -0.094218098     -3     3    6.2722189e-07
671 region_rec_diffs(3,9)        -0.13764949     -3     3    1.1288626e-07
672 region_rec_diffs(3,10)        -1.10428     -3     3    9.4036339e-08
673 region_rec_diffs(3,11)        -0.11214463     -3     3    1.3517431e-07
674 region_rec_diffs(3,12)        -0.0074862502     -3     3    1.303899e-07
675 region_rec_diffs(3,13)        -0.50231671     -3     3    6.2140318e-07
676 region_rec_diffs(3,14)        -0.52445836     -3     3    2.4717278e-07
677 region_rec_diffs(3,15)        -0.029543984     -3     3    1.2549969e-07
678 region_rec_diffs(3,16)        -0.05593769     -3     3    3.5710547e-09
679 region_rec_diffs(3,17)        -0.86592999     -3     3    -2.8007873e-07
680 region_rec_diffs(3,18)        -1.4458304     -3     3    9.1001675e-07
681 region_rec_diffs(3,19)        -0.22869308     -3     3    -5.0700833e-07
682 region_rec_diffs(3,20)        -0.15247501     -3     3    1.5118706e-08
683 region_rec_diffs(3,21)        -1.340883     -3     3    2.6157484e-07
684 region_rec_diffs(3,22)        -1.0510558     -3     3    -5.9727373e-07
685 region_rec_diffs(3,23)        -1.1174012     -3     3    -1.0892573e-06
686 region_rec_diffs(3,24)        -0.16732294     -3     3    7.0035256e-07
687 region_rec_diffs(3,25)        -1.6457142     -3     3    5.3862866e-07
688 region_rec_diffs(3,26)        -0.30162048     -3     3    -3.147081e-07
689 region_rec_diffs(3,27)        -2.1614797     -3     3    -5.6830886e-08
690 region_rec_diffs(3,28)        -0.20565314     -3     3    -2.357734e-07
691 region_rec_diffs(3,29)        -1.3332201     -3     3    -7.6598153e-07
692 region_rec_diffs(3,30)        -0.18825737     -3     3    3.8651406e-07
693 region_rec_diffs(3,31)        -0.15187101     -3     3    -2.7266275e-07
694 region_rec_diffs(3,32)        -0.13664884     -3     3    -1.0297092e-07
695 region_rec_diffs(3,33)        -0.87432569     -3     3    8.9733773e-08
696 region_rec_diffs(3,34)        -0.87764234     -3     3    -1.8415092e-07
697 region_rec_diffs(3,35)        -0.058928696     -3     3    -1.6422713e-07
698 region_rec_diffs(3,36)        -0.76680278     -3     3    -8.3948344e-07
699 region_rec_diffs(3,37)        -0.32497762     -3     3    -9.9435612e-07
700 region_rec_diffs(3,38)        0.14593209     -3     3    -1.7861537e-07
701 region_rec_diffs(3,39)        -0.0076384516     -3     3    -5.622342e-08
702 region_rec_diffs(3,40)        -0.13007208     -3     3    -9.4454101e-08
703 region_rec_diffs(3,41)        -0.95323103     -3     3    2.8080902e-07
704 region_rec_diffs(3,42)        -0.77730685     -3     3    3.7465777e-07
705 region_rec_diffs(3,43)        -0.056110176     -3     3    2.299619e-07
706 region_rec_diffs(3,44)        -0.78443867     -3     3    1.3109477e-07
707 region_rec_diffs(3,45)        -1.3081238     -3     3    -7.8587228e-07
708 region_rec_diffs(3,46)        -0.24147933     -3     3    -3.2190235e-07
709 region_rec_diffs(3,47)        -0.15731302     -3     3    6.511186e-07
710 region_rec_diffs(3,48)        -0.5453618     -3     3    4.270317e-07
711 region_rec_diffs(3,49)        -1.1525809     -3     3    6.298804e-07
712 region_rec_diffs(3,50)        -0.1081952     -3     3    1.37828e-07
713 region_rec_diffs(3,51)        -0.98774523     -3     3    4.1880599e-07
714 region_rec_diffs(3,52)        -0.40234872     -3     3    2.5444119e-07
715 region_rec_diffs(3,53)        -1.4000742     -3     3    8.4672109e-07
716 region_rec_diffs(3,54)        -0.18339035     -3     3    2.7143093e-08
717 region_rec_diffs(3,55)        -0.051595628     -3     3    2.3056222e-07
718 region_rec_diffs(3,56)        -0.2426511     -3     3    1.7940574e-07
719 region_rec_diffs(3,57)        -0.46795687     -3     3    1.041233e-06
720 region_rec_diffs(3,58)        -0.70487941     -3     3    5.1739043e-07
721 region_rec_diffs(3,59)        -0.22355695     -3     3    -1.6931992e-07
722 region_rec_diffs(3,60)        -0.89518357     -3     3    5.0374579e-07
723 region_rec_diffs(3,61)        -1.347694     -3     3    -3.6771905e-08
724 region_rec_diffs(3,62)        -0.21193903     -3     3    -5.1883916e-10
725 region_rec_diffs(3,63)        -0.47284507     -3     3    2.1871061e-07
726 region_rec_diffs(3,64)        -0.83122252     -3     3    1.1540529e-07
727 region_rec_diffs(3,65)        -1.4110395     -3     3    2.0016482e-07
728 region_rec_diffs(3,66)        -0.064457057     -3     3    3.0640768e-07
729 region_rec_diffs(3,67)        -0.32986801     -3     3    -1.3184335e-07
730 region_rec_diffs(3,68)        -0.85375726     -3     3    -3.1986936e-07
731 region_rec_diffs(3,69)        -0.75202646     -3     3    -2.7594285e-07
732 region_rec_diffs(3,70)        -0.070704039     -3     3    -8.4643347e-07
733 region_rec_diffs(3,71)        -0.25314255     -3     3    -1.7632046e-07
734 region_rec_diffs(3,72)        -0.50686302     -3     3    2.4347449e-08
735 region_rec_diffs(3,73)        -0.26916971     -3     3    -7.6544024e-08
736 region_rec_diffs(3,74)        -0.85255154     -3     3    3.8299112e-07
737 region_rec_diffs(3,75)        -0.080834103     -3     3    -1.5539847e-07
738 region_rec_diffs(3,76)        -0.47999118     -3     3    -1.2613608e-07
739 region_rec_diffs(3,77)        -0.85797087     -3     3    -3.6924002e-07
740 region_rec_diffs(3,78)        -0.58793455     -3     3    5.2013591e-07
741 region_rec_diffs(3,79)        -0.37129053     -3     3    3.1302664e-07
742 region_rec_diffs(3,80)        -0.86777091     -3     3    1.3930207e-07
743 region_rec_diffs(3,81)        -1.2831783     -3     3    -1.6705224e-07
744 region_rec_diffs(3,82)        -0.51968058     -3     3    6.6877628e-07
745 region_rec_diffs(3,83)        -0.82565661     -3     3    -4.8469338e-07
746 region_rec_diffs(3,84)        -0.39531695     -3     3    -8.9953404e-07
747 region_rec_diffs(3,85)        -0.64210169     -3     3    1.0119739e-06
748 region_rec_diffs(3,86)        -0.046765667     -3     3    1.669434e-07
749 region_rec_diffs(3,87)        -0.82972579     -3     3    6.3556795e-07
750 region_rec_diffs(3,88)        -0.026893268     -3     3    9.1620773e-07
751 region_rec_diffs(3,89)        -0.83315273     -3     3    -2.1800031e-07
752 region_rec_diffs(3,90)        -0.18877812     -3     3    3.2787228e-07
753 region_rec_diffs(3,91)        0.1688144     -3     3    -9.2575017e-07
754 region_rec_diffs(3,92)        -0.91562845     -3     3    7.8815176e-07
755 region_rec_diffs(3,93)        -1.4515914     -3     3    4.643707e-07
756 region_rec_diffs(3,94)        0.17389709     -3     3    -1.3844371e-06
757 region_rec_diffs(3,95)        -0.13035577     -3     3    -1.8864195e-07
758 region_rec_diffs(3,96)        -0.0042993886     -3     3    -6.3708992e-07
759 region_rec_diffs(3,97)        -0.053164745     -3     3    -6.1151264e-07
760 region_rec_diffs(3,98)        -0.75085107     -3     3    -1.0601913e-07
761 region_rec_diffs(3,99)        0.72658628     -3     3    2.1851095e-07
762 region_rec_diffs(3,100)        -1.3768113     -3     3    3.5773328e-07
763 region_rec_diffs(3,101)        0.40421532     -3     3    2.0571459e-06
764 region_rec_diffs(3,102)        -0.04340291     -3     3    -3.9226685e-08
765 region_rec_diffs(3,103)        -0.29041727     -3     3    2.2640548e-07
766 region_rec_diffs(3,104)        -0.74293272     -3     3    1.1914938e-06
767 region_rec_diffs(3,105)        -0.18139112     -3     3    -7.3441433e-08
768 region_rec_diffs(3,106)        -0.065651669     -3     3    2.2183296e-07
769 region_rec_diffs(3,107)        -0.1365215     -3     3    -4.767222e-08
770 region_rec_diffs(3,108)        -0.77065519     -3     3    -2.7805334e-08
771 region_rec_diffs(3,109)        -0.82124777     -3     3    4.4539705e-07
772 region_rec_diffs(3,110)        -0.073730154     -3     3    -1.6858309e-08
773 region_rec_diffs(3,111)        -0.074969605     -3     3    -1.7249999e-07
774 region_rec_diffs(3,112)        -0.57136703     -3     3    -4.4602595e-07
775 region_rec_diffs(3,113)        -0.77228001     -3     3    -1.048171e-06
776 region_rec_diffs(3,114)        -0.27916317     -3     3    1.6315365e-07
777 region_rec_diffs(3,115)        -0.17052448     -3     3    2.5626931e-08
778 region_rec_diffs(3,116)        -0.83986704     -3     3    -5.6443017e-07
779 region_rec_diffs(3,117)        -0.89966779     -3     3    -6.0082683e-07
780 region_rec_diffs(3,118)        -0.098844706     -3     3    -2.4814037e-07
781 region_rec_diffs(3,119)        -0.76312844     -3     3    3.3172148e-08
782 region_rec_diffs(3,120)        -0.58532241     -3     3    3.2781008e-07
783 region_rec_diffs(3,121)        -0.76625217     -3     3    2.4106103e-07
784 region_rec_diffs(3,122)        -0.89283269     -3     3    -2.669231e-07
785 region_rec_diffs(3,123)        -0.19176571     -3     3    6.699374e-08
786 region_rec_diffs(3,124)        -0.22769855     -3     3    1.2937453e-06
787 region_rec_diffs(3,125)        -0.34712521     -3     3    1.1894444e-06
788 region_rec_diffs(3,126)        -1.0406018     -3     3    3.4247979e-07
789 region_rec_diffs(3,127)        -0.49671018     -3     3    5.7546395e-08
790 region_rec_diffs(3,128)        -0.96998397     -3     3    1.3765499e-07
791 region_rec_diffs(3,129)        -1.0133898     -3     3    6.3827442e-07
792 region_rec_diffs(3,130)        -0.63483492     -3     3    6.3235922e-07
793 region_rec_diffs(3,131)        -0.31565511     -3     3    -3.2239802e-07
794 region_rec_diffs(3,132)        0.49990936     -3     3    -6.9042744e-07
795 region_rec_diffs(3,133)        -0.51212637     -3     3    6.5934858e-07
796 region_rec_diffs(3,134)        -0.065844002     -3     3    -2.3105526e-07
797 region_rec_diffs(3,135)        -0.26922234     -3     3    8.704926e-07
798 region_rec_diffs(3,136)        -0.58747791     -3     3    1.3378126e-06
799 region_rec_diffs(3,137)        -0.11060443     -3     3    1.9290557e-07
800 region_rec_diffs(3,138)        -0.36515584     -3     3    3.1957418e-07
801 region_rec_diffs(3,139)        -0.21753569     -3     3    1.4338998e-08
802 region_rec_diffs(3,140)        -0.72760545     -3     3    -3.3300449e-07
803 region_rec_diffs(3,141)        -0.72328288     -3     3    -2.0297307e-08
804 region_rec_diffs(3,142)        -0.10016412     -3     3    3.5075054e-08
805 region_rec_diffs(3,143)        0.024833801     -3     3    -4.7416104e-07
806 region_rec_diffs(3,144)        1.4196226     -3     3    -5.4340697e-07
807 region_rec_diffs(3,145)        -0.63896141     -3     3    -1.1514106e-06
808 region_rec_diffs(3,146)        -0.52802673     -3     3    -4.8787859e-08
809 region_rec_diffs(3,147)        -1.3016753     -3     3    4.9039263e-07
810 region_rec_diffs(3,148)        -1.1751369     -3     3    3.1624982e-07
811 region_rec_diffs(3,149)        -1.0991657     -3     3    7.108166e-07
812 region_rec_diffs(3,150)        -0.33183593     -3     3    -6.6725541e-07
813 region_rec_diffs(3,151)        0.93955471     -3     3    1.026313e-06
814 region_rec_diffs(3,152)        -1.0917624     -3     3    -2.3031156e-07
815 region_rec_diffs(3,153)        -0.086571511     -3     3    -7.9682288e-07
816 region_rec_diffs(3,154)        -0.13310046     -3     3    1.640817e-07
817 region_rec_diffs(3,155)        -0.36570198     -3     3    1.2107239e-06
818 region_rec_diffs(3,156)        -0.15348496     -3     3    -4.0897705e-07
819 region_rec_diffs(3,157)        0.78728741     -3     3    1.1593377e-06
820 region_rec_diffs(3,158)        1.1363869     -3     3    -1.9537049e-06
821 region_rec_diffs(3,159)        0.74621377     -3     3    5.3914978e-07
822 region_rec_diffs(3,160)        -1.6141139     -3     3    -9.7028211e-08
823 region_rec_diffs(3,161)        -0.95158186     -3     3    -5.2393635e-07
824 region_rec_diffs(3,162)        -0.44197273     -3     3    -7.2595514e-08
825 region_rec_diffs(3,163)        -1.5789837     -3     3    2.5157371e-07
826 region_rec_diffs(3,164)        -0.78061974     -3     3    4.1461279e-07
827 region_rec_diffs(3,165)        1.9096974     -3     3    -7.8029657e-08
828 region_rec_diffs(3,166)        -0.71323899     -3     3    -3.0370475e-07
829 region_rec_diffs(3,167)        1.7812703     -3     3    -9.1984816e-07
830 region_rec_diffs(3,168)        -1.3635507     -3     3    7.3069974e-07
831 region_rec_diffs(3,169)        -1.3625968     -3     3    -1.1770561e-07
832 region_rec_diffs(3,170)        -0.77025697     -3     3    -6.7777323e-09
833 region_rec_diffs(3,171)        -1.2968334     -3     3    -3.0537762e-07
834 region_rec_diffs(3,172)        -1.6655481     -3     3    -1.2618284e-07
835 region_rec_diffs(3,173)        -1.9928542     -3     3    2.6474721e-07
836 region_rec_diffs(3,174)        -0.18039669     -3     3    1.6372464e-07
837 region_rec_diffs(3,175)        1.7238611     -3     3    -3.5767039e-07
838 region_rec_diffs(3,176)        0.87411381     -3     3    -2.4233472e-06
839 region_rec_diffs(3,177)        -0.5345312     -3     3    1.0172938e-06
840 region_rec_diffs(3,178)        1.1347513     -3     3    -2.150822e-06
841 region_rec_diffs(3,179)        1.4421893     -3     3    -1.5198072e-06
842 region_rec_diffs(3,180)        -0.47342676     -3     3    8.6240429e-07
843 region_rec_diffs(3,181)        -1.541468     -3     3    -2.5395627e-08
844 region_rec_diffs(3,182)        -0.51242434     -3     3    2.816011e-07
845 region_rec_diffs(3,183)        -0.68305179     -3     3    5.7422195e-07
846 region_rec_diffs(3,184)        -0.33352421     -3     3    -3.8868604e-07
847 region_rec_diffs(3,185)        1.292532     -3     3    -9.6137906e-07
848 region_rec_diffs(3,186)        0.44892488     -3     3    -2.6966343e-06
849 region_rec_diffs(3,187)        -0.037870891     -3     3    1.185682e-06
850 region_rec_diffs(3,188)        -1.3595226     -3     3    -1.282476e-06
851 region_rec_diffs(3,189)        -0.14733138     -3     3    9.7250641e-07
852 region_rec_diffs(3,190)        -0.29776381     -3     3    -2.2946917e-07
853 region_rec_diffs(3,191)        1.0958889     -3     3    2.5748076e-07
854 region_rec_diffs(3,192)        1.7198182     -3     3    8.5560045e-07
855 region_rec_diffs(3,193)        0.58584416     -3     3    -1.2803569e-07
856 region_rec_diffs(3,194)        -1.4973593     -3     3    -6.9728324e-08
857 region_rec_diffs(3,195)        -0.87346513     -3     3    5.0928368e-07
858 region_rec_diffs(3,196)        0.15994529     -3     3    9.5629534e-07
859 region_rec_diffs(3,197)        -0.64244684     -3     3    1.5335737e-07
860 region_rec_diffs(3,198)        -1.1729444     -3     3    4.0402596e-07
861 region_rec_diffs(3,199)        1.2112707     -3     3    -1.5553733e-06
862 region_rec_diffs(3,200)        0.47881975     -3     3    3.0896274e-07
863 region_rec_diffs(3,201)        -0.78677032     -3     3    -3.9557881e-07
864 region_rec_diffs(3,202)        0.99370518     -3     3    5.7748103e-07
865 region_rec_diffs(3,203)        0.69549799     -3     3    -4.196859e-07
866 region_rec_diffs(3,204)        -0.12586196     -3     3    2.336011e-07
867 region_rec_diffs(3,205)        -1.1265513     -3     3    2.0958744e-07
868 region_rec_diffs(3,206)        -0.77108443     -3     3    2.3271125e-07
869 region_rec_diffs(3,207)        -0.42004043     -3     3    3.6560856e-07
870 region_rec_diffs(3,208)        -0.9828377     -3     3    -6.1684334e-08
871 region_rec_diffs(3,209)        1.4062815     -3     3    1.6318498e-06
872 region_rec_diffs(3,210)        1.3964988     -3     3    1.5069401e-07
873 region_rec_diffs(3,211)        0.073695794     -3     3    -1.0534872e-06
874 region_rec_diffs(3,212)        0.29457868     -3     3    -9.3029262e-07
875 region_rec_diffs(3,213)        -0.12406756     -3     3    -2.1633754e-07
876 region_rec_diffs(3,214)        0.38480376     -3     3    -1.153321e-06
877 region_rec_diffs(3,215)        1.3674122     -3     3    5.8932423e-08
878 region_rec_diffs(3,216)        0.74995806     -3     3    -4.316422e-07
879 region_rec_diffs(3,217)        -0.39809765     -3     3    7.3907051e-07
880 region_rec_diffs(3,218)        0.19722819     -3     3    1.2503344e-06
881 region_rec_diffs(3,219)        1.7659863     -3     3    1.8166319e-07
882 region_rec_diffs(3,220)        1.628808     -3     3    -1.6694405e-07
883 region_rec_diffs(3,221)        0.76194991     -3     3    1.2876829e-06
884 region_rec_diffs(3,222)        1.7988767     -3     3    6.4728714e-07
885 region_rec_diffs(3,223)        1.6384218     -3     3    -1.6645667e-07
886 region_rec_diffs(3,224)        0.39729679     -3     3    1.1337811e-06
887 region_rec_diffs(3,225)        -0.17791275     -3     3    1.1066509e-06
888 region_rec_diffs(3,226)        0.66567762     -3     3    1.3371489e-07
889 region_rec_diffs(3,227)        1.5771399     -3     3    2.042597e-06
890 region_rec_diffs(3,228)        1.6811512     -3     3    -1.1062199e-06
891 region_rec_diffs(3,229)        -0.17569624     -3     3    -2.5163692e-07
892 region_rec_diffs(3,230)        1.5852561     -3     3    6.0523761e-07
893 region_rec_diffs(3,231)        1.6614902     -3     3    9.9622014e-07
894 region_rec_diffs(3,232)        0.5883985     -3     3    -1.7793333e-06
895 region_rec_diffs(3,233)        1.5979844     -3     3    3.8288248e-07
896 region_rec_diffs(3,234)        1.7378026     -3     3    9.0796073e-07
897 region_rec_diffs(3,235)        1.5850338     -3     3    5.9474962e-07
898 region_rec_diffs(3,236)        0.95051582     -3     3    -1.1539387e-06
899 region_rec_diffs(3,237)        0.21744621     -3     3    6.7604927e-07
900 region_rec_diffs(3,238)        1.0943899     -3     3    -1.8226657e-06
901 region_rec_diffs(3,239)        1.5937496     -3     3    4.7318788e-07
902 region_rec_diffs(3,240)        1.7270217     -3     3    4.0083142e-07
903 region_rec_diffs(3,241)        1.102641     -3     3    -5.06801e-07
904 region_rec_diffs(3,242)        1.3103697     -3     3    3.8041836e-07
905 region_rec_diffs(3,243)        1.4746049     -3     3    -9.1659106e-08
906 region_rec_diffs(3,244)        0.5213883     -3     3    -1.1081356e-07
907 region_rec_diffs(3,245)        1.3343526     -3     3    -1.8571512e-07
908 region_rec_diffs(3,246)        1.5849581     -3     3    1.3353612e-06
909 region_rec_diffs(3,247)        1.4531252     -3     3    -7.6782636e-08
910 region_rec_diffs(3,248)        0.62718921     -3     3    7.5150124e-07
911 region_rec_diffs(3,249)        -0.85593176     -3     3    -3.8695811e-08
912 region_rec_diffs(3,250)        1.1658585     -3     3    -1.5076341e-06
913 region_rec_diffs(3,251)        0.9395514     -3     3    -8.4617195e-07
914 region_rec_diffs(3,252)        1.0335316     -3     3    -3.4965316e-07
915 region_rec_diffs(3,253)        0.17159618     -3     3    -8.5714707e-07
916 region_rec_diffs(3,254)        -0.017946913     -3     3    1.3498022e-06
917 region_rec_diffs(3,255)        0.68542655     -3     3    2.0993487e-06
918 region_rec_diffs(3,256)        0.71441445     -3     3    3.4380923e-07
919 region_rec_diffs(3,257)        0.17828407     -3     3    2.7011364e-06
920 region_rec_diffs(3,258)        0.38602947     -3     3    -1.4052985e-07
921 region_rec_diffs(3,259)        0.14214438     -3     3    -2.0272224e-07
922 region_rec_diffs(3,260)        0.16171457     -3     3    -9.9458099e-07
923 region_rec_diffs(3,261)        -0.1196047     -3     3    -3.3216149e-08
924 region_rec_diffs(3,262)        0.29583083     -3     3    -1.7007095e-06
925 region_rec_diffs(3,263)        1.2451914     -3     3    1.3620543e-07
926 region_rec_diffs(3,264)        0.68611265     -3     3    -1.3993018e-06
927 region_rec_diffs(3,265)        -0.62232452     -3     3    -1.5696696e-06
928 region_rec_diffs(3,266)        0.17873364     -3     3    6.429086e-07
929 region_rec_diffs(3,267)        0.65804073     -3     3    2.047221e-06
930 region_rec_diffs(3,268)        1.1532877     -3     3    1.7293638e-07
931 region_rec_diffs(3,269)        0.97283582     -3     3    6.0959375e-07
932 region_rec_diffs(3,270)        0.85385629     -3     3    1.799448e-06
933 region_rec_diffs(3,271)        0.6671332     -3     3    1.7676223e-06
934 region_rec_diffs(3,272)        -0.28348449     -3     3    1.012967e-06
935 region_rec_diffs(3,273)        0.1546126     -3     3    4.5553313e-07
936 region_rec_diffs(3,274)        -1.5352464     -3     3    -1.3646713e-06
937 region_rec_diffs(3,275)        0.96445043     -3     3    -6.7601859e-07
938 region_rec_diffs(3,276)        -0.88877297     -3     3    -4.3072042e-07
939 region_rec_diffs(3,277)        1.3136381     -3     3    3.902583e-07
940 region_rec_diffs(3,278)        -0.15496843     -3     3    2.0958363e-07
941 region_rec_diffs(3,279)        -0.36271034     -3     3    -1.2674571e-06
942 region_rec_diffs(4,1)        4.4443791e-09     -3     3    -7.2608395e-10
943 region_rec_diffs(4,2)        -0.81001381     -3     3    -1.4470077e-06
944 region_rec_diffs(4,3)        -0.72559292     -3     3    4.6115479e-07
945 region_rec_diffs(4,4)        -1.1297244     -3     3    -4.9347554e-07
946 region_rec_diffs(4,5)        -0.68516146     -3     3    -7.1586976e-08
947 region_rec_diffs(4,6)        -0.27639569     -3     3    -1.7673285e-07
948 region_rec_diffs(4,7)        -1.25501     -3     3    -6.1936287e-09
949 region_rec_diffs(4,8)        -0.077906042     -3     3    1.9962269e-07
950 region_rec_diffs(4,9)        -0.12876426     -3     3    3.6848465e-07
951 region_rec_diffs(4,10)        -1.0231768     -3     3    -3.4385669e-07
952 region_rec_diffs(4,11)        -0.096416423     -3     3    -1.3790835e-07
953 region_rec_diffs(4,12)        -0.040072381     -3     3    -1.3053599e-07
954 region_rec_diffs(4,13)        -1.1957996     -3     3    1.9622024e-07
955 region_rec_diffs(4,14)        -1.3459136     -3     3    -2.2041858e-07
956 region_rec_diffs(4,15)        -0.10699542     -3     3    1.1629977e-07
957 region_rec_diffs(4,16)        -0.07202084     -3     3    1.0703906e-07
958 region_rec_diffs(4,17)        -0.85301515     -3     3    1.2241816e-06
959 region_rec_diffs(4,18)        -1.2970371     -3     3    6.4750649e-07
960 region_rec_diffs(4,19)        -0.098216667     -3     3    8.9287607e-08
961 region_rec_diffs(4,20)        -0.029810307     -3     3    8.3846938e-09
962 region_rec_diffs(4,21)        -0.65020015     -3     3    9.1493834e-07
963 region_rec_diffs(4,22)        -0.48652958     -3     3    -8.1809641e-07
964 region_rec_diffs(4,23)        -0.38097483     -3     3    -4.180511e-07
965 region_rec_diffs(4,24)        0.017534128     -3     3    -1.1010058e-07
966 region_rec_diffs(4,25)        -0.5402762     -3     3    -5.2208924e-07
967 region_rec_diffs(4,26)        0.016337406     -3     3    -3.7118633e-08
968 region_rec_diffs(4,27)        -0.35832035     -3     3    3.3949342e-07
969 region_rec_diffs(4,28)        0.0020385205     -3     3    -8.5165281e-07
970 region_rec_diffs(4,29)        -0.41778717     -3     3    -4.7564966e-07
971 region_rec_diffs(4,30)        -0.02164442     -3     3    -2.018273e-07
972 region_rec_diffs(4,31)        0.0054675058     -3     3    -2.8878161e-07
973 region_rec_diffs(4,32)        0.0388143     -3     3    4.3333265e-07
974 region_rec_diffs(4,33)        0.18750163     -3     3    -6.0902498e-07
975 region_rec_diffs(4,34)        -0.063966637     -3     3    1.1496984e-06
976 region_rec_diffs(4,35)        0.0015744271     -3     3    8.7768048e-08
977 region_rec_diffs(4,36)        -0.3063226     -3     3    9.6340583e-07
978 region_rec_diffs(4,37)        0.64094117     -3     3    4.8431967e-07
979 region_rec_diffs(4,38)        0.18206681     -3     3    4.6741594e-07
980 region_rec_diffs(4,39)        0.037000177     -3     3    -2.6944207e-07
981 region_rec_diffs(4,40)        0.11498321     -3     3    -2.3341765e-07
982 region_rec_diffs(4,41)        0.2034462     -3     3    -2.0531126e-06
983 region_rec_diffs(4,42)        0.089130688     -3     3    -1.1829811e-06
984 region_rec_diffs(4,43)        0.040876304     -3     3    -2.016268e-07
985 region_rec_diffs(4,44)        0.6932706     -3     3    4.4696286e-07
986 region_rec_diffs(4,45)        0.89164469     -3     3    -2.3743852e-06
987 region_rec_diffs(4,46)        -0.0080460755     -3     3    2.7703931e-08
988 region_rec_diffs(4,47)        0.035726784     -3     3    1.3656101e-07
989 region_rec_diffs(4,48)        1.6815705     -3     3    -6.6707584e-07
990 region_rec_diffs(4,49)        0.059153901     -3     3    -5.4757731e-07
991 region_rec_diffs(4,50)        0.015400468     -3     3    -1.9191606e-08
992 region_rec_diffs(4,51)        -0.37884913     -3     3    -1.4733298e-07
993 region_rec_diffs(4,52)        -0.024283303     -3     3    2.9733762e-08
994 region_rec_diffs(4,53)        -0.79210346     -3     3    1.2545279e-06
995 region_rec_diffs(4,54)        -0.31709721     -3     3    7.8867101e-07
996 region_rec_diffs(4,55)        -0.11017719     -3     3    1.1231765e-07
997 region_rec_diffs(4,56)        -0.097501952     -3     3    4.0076262e-07
998 region_rec_diffs(4,57)        0.31038212     -3     3    -8.5169097e-08
999 region_rec_diffs(4,58)        -0.066815544     -3     3    3.4949838e-07
1000 region_rec_diffs(4,59)        -0.05092297     -3     3    1.1721552e-07
1001 region_rec_diffs(4,60)        0.22037149     -3     3    7.9605471e-07
1002 region_rec_diffs(4,61)        -0.31197079     -3     3    -6.5568664e-10
1003 region_rec_diffs(4,62)        -0.011145303     -3     3    -2.7870663e-07
1004 region_rec_diffs(4,63)        -0.14347457     -3     3    1.0078278e-07
1005 region_rec_diffs(4,64)        -0.11446332     -3     3    2.6355719e-07
1006 region_rec_diffs(4,65)        0.98757047     -3     3    1.4916697e-06
1007 region_rec_diffs(4,66)        0.062412722     -3     3    1.4271299e-07
1008 region_rec_diffs(4,67)        -0.0057035054     -3     3    -7.1708709e-07
1009 region_rec_diffs(4,68)        0.16099576     -3     3    2.8514301e-07
1010 region_rec_diffs(4,69)        1.1863732     -3     3    1.009222e-06
1011 region_rec_diffs(4,70)        -0.40854172     -3     3    6.4957001e-07
1012 region_rec_diffs(4,71)        -0.14710238     -3     3    3.610218e-07
1013 region_rec_diffs(4,72)        0.16860867     -3     3    -1.0496975e-06
1014 region_rec_diffs(4,73)        0.13317827     -3     3    5.3340747e-08
1015 region_rec_diffs(4,74)        -0.61791855     -3     3    2.8155788e-08
1016 region_rec_diffs(4,75)        -0.034452129     -3     3    -1.2387296e-07
1017 region_rec_diffs(4,76)        -0.27411935     -3     3    7.6070085e-08
1018 region_rec_diffs(4,77)        -0.33265663     -3     3    -1.0022163e-07
1019 region_rec_diffs(4,78)        -0.038904729     -3     3    7.8621606e-08
1020 region_rec_diffs(4,79)        0.0029490575     -3     3    -3.1461244e-08
1021 region_rec_diffs(4,80)        0.079017713     -3     3    -1.1624355e-07
1022 region_rec_diffs(4,81)        -0.51099376     -3     3    -6.4022048e-07
1023 region_rec_diffs(4,82)        -0.42843278     -3     3    1.6197379e-07
1024 region_rec_diffs(4,83)        -0.32310109     -3     3    -1.0898327e-07
1025 region_rec_diffs(4,84)        0.42237636     -3     3    6.8008985e-07
1026 region_rec_diffs(4,85)        -0.28510789     -3     3    1.5494161e-07
1027 region_rec_diffs(4,86)        -0.0097929969     -3     3    2.9722041e-08
1028 region_rec_diffs(4,87)        -0.6699769     -3     3    -8.9201648e-08
1029 region_rec_diffs(4,88)        -0.7396697     -3     3    8.5109518e-08
1030 region_rec_diffs(4,89)        -0.94512777     -3     3    -8.8960417e-08
1031 region_rec_diffs(4,90)        -0.062404575     -3     3    -1.8944059e-07
1032 region_rec_diffs(4,91)        -0.33872775     -3     3    -5.1739526e-08
1033 region_rec_diffs(4,92)        -0.10312125     -3     3    -1.2826371e-06
1034 region_rec_diffs(4,93)        0.66052367     -3     3    1.4871969e-07
1035 region_rec_diffs(4,94)        -0.0013933311     -3     3    -2.5093197e-07
1036 region_rec_diffs(4,95)        0.22048956     -3     3    1.903805e-07
1037 region_rec_diffs(4,96)        0.13657886     -3     3    2.8479976e-07
1038 region_rec_diffs(4,97)        -0.095929402     -3     3    -1.5512408e-07
1039 region_rec_diffs(4,98)        -0.16024101     -3     3    1.1345687e-06
1040 region_rec_diffs(4,99)        -0.3122872     -3     3    -5.2164442e-07
1041 region_rec_diffs(4,100)        -0.9635408     -3     3    -3.6951105e-07
1042 region_rec_diffs(4,101)        -0.80030733     -3     3    4.9591246e-08
1043 region_rec_diffs(4,102)        -0.030420426     -3     3    2.090986e-08
1044 region_rec_diffs(4,103)        -0.26532793     -3     3    -8.3638419e-08
1045 region_rec_diffs(4,104)        -1.3779443     -3     3    4.8315685e-07
1046 region_rec_diffs(4,105)        -0.20757926     -3     3    -5.148703e-08
1047 region_rec_diffs(4,106)        -0.041053139     -3     3    1.3823161e-07
1048 region_rec_diffs(4,107)        -0.079634311     -3     3    6.3038969e-08
1049 region_rec_diffs(4,108)        -0.70712532     -3     3    -1.7508968e-07
1050 region_rec_diffs(4,109)        -0.73396221     -3     3    -1.3241132e-07
1051 region_rec_diffs(4,110)        -0.010463169     -3     3    5.1930037e-08
1052 region_rec_diffs(4,111)        -0.00084233269     -3     3    2.6552534e-08
1053 region_rec_diffs(4,112)        0.35402663     -3     3    9.5848682e-07
1054 region_rec_diffs(4,113)        0.87282378     -3     3    -1.0230179e-06
1055 region_rec_diffs(4,114)        -0.097046246     -3     3    -8.0381913e-08
1056 region_rec_diffs(4,115)        0.0080785552     -3     3    -5.5979376e-07
1057 region_rec_diffs(4,116)        1.7220763     -3     3    2.9056034e-07
1058 region_rec_diffs(4,117)        0.84793795     -3     3    4.5980355e-07
1059 region_rec_diffs(4,118)        0.042545601     -3     3    2.0130237e-07
1060 region_rec_diffs(4,119)        -0.42984498     -3     3    -3.1594415e-07
1061 region_rec_diffs(4,120)        -0.29678462     -3     3    -1.1058049e-07
1062 region_rec_diffs(4,121)        1.5228448     -3     3    2.3505443e-07
1063 region_rec_diffs(4,122)        -0.10146843     -3     3    2.0506817e-07
1064 region_rec_diffs(4,123)        0.054615358     -3     3    -3.0420061e-07
1065 region_rec_diffs(4,124)        1.2210347     -3     3    -3.530477e-07
1066 region_rec_diffs(4,125)        -0.16727956     -3     3    3.4503426e-07
1067 region_rec_diffs(4,126)        -0.67620743     -3     3    -6.4500147e-07
1068 region_rec_diffs(4,127)        -0.36397205     -3     3    5.3716575e-08
1069 region_rec_diffs(4,128)        -0.99247793     -3     3    -3.4846873e-07
1070 region_rec_diffs(4,129)        -1.0589531     -3     3    4.8868571e-07
1071 region_rec_diffs(4,130)        -0.6571609     -3     3    -1.114688e-07
1072 region_rec_diffs(4,131)        -0.34792531     -3     3    -1.4019657e-07
1073 region_rec_diffs(4,132)        0.94248045     -3     3    7.5291022e-07
1074 region_rec_diffs(4,133)        0.50813449     -3     3    -6.9695548e-07
1075 region_rec_diffs(4,134)        0.01441963     -3     3    5.1862551e-07
1076 region_rec_diffs(4,135)        0.15606888     -3     3    1.0471158e-06
1077 region_rec_diffs(4,136)        0.57119774     -3     3    1.6617249e-06
1078 region_rec_diffs(4,137)        -0.043619704     -3     3    -5.6769917e-07
1079 region_rec_diffs(4,138)        -0.36798237     -3     3    3.4970709e-07
1080 region_rec_diffs(4,139)        -0.28606696     -3     3    -3.0240834e-07
1081 region_rec_diffs(4,140)        -0.99742322     -3     3    -7.6279993e-07
1082 region_rec_diffs(4,141)        -0.837159     -3     3    -6.6687513e-08
1083 region_rec_diffs(4,142)        -0.1134236     -3     3    -3.1376513e-07
1084 region_rec_diffs(4,143)        -0.11390763     -3     3    -3.6663656e-07
1085 region_rec_diffs(4,144)        -0.57901804     -3     3    -9.0126681e-07
1086 region_rec_diffs(4,145)        -0.95006145     -3     3    -1.2825885e-06
1087 region_rec_diffs(4,146)        -0.29236292     -3     3    -2.6105194e-07
1088 region_rec_diffs(4,147)        -0.51282521     -3     3    1.3773201e-07
1089 region_rec_diffs(4,148)        -1.1973132     -3     3    8.8256088e-07
1090 region_rec_diffs(4,149)        -0.62672054     -3     3    7.3568874e-07
1091 region_rec_diffs(4,150)        0.067775028     -3     3    2.6501232e-07
1092 region_rec_diffs(4,151)        1.2439714     -3     3    -1.9140931e-08
1093 region_rec_diffs(4,152)        -0.99037184     -3     3    -1.709971e-08
1094 region_rec_diffs(4,153)        0.55943372     -3     3    -1.386471e-06
1095 region_rec_diffs(4,154)        0.8863646     -3     3    9.9384057e-07
1096 region_rec_diffs(4,155)        -0.57156029     -3     3    3.6630457e-07
1097 region_rec_diffs(4,156)        -0.076589398     -3     3    -3.1590945e-07
1098 region_rec_diffs(4,157)        1.5571319     -3     3    2.3131344e-07
1099 region_rec_diffs(4,158)        -0.090227451     -3     3    4.2815365e-07
1100 region_rec_diffs(4,159)        2.0635355     -3     3    -2.8818819e-07
1101 region_rec_diffs(4,160)        -2.3753703     -3     3    -4.511175e-07
1102 region_rec_diffs(4,161)        -2.468543     -3     3    5.0256354e-08
1103 region_rec_diffs(4,162)        -1.0672804     -3     3    7.3881279e-07
1104 region_rec_diffs(4,163)        -1.2516075     -3     3    -2.9568952e-07
1105 region_rec_diffs(4,164)        -2.340729     -3     3    8.1139936e-07
1106 region_rec_diffs(4,165)        -0.92372365     -3     3    8.6230957e-07
1107 region_rec_diffs(4,166)        -1.2531629     -3     3    2.0977811e-08
1108 region_rec_diffs(4,167)        -1.0161666     -3     3    -1.6879336e-07
1109 region_rec_diffs(4,168)        -0.88446651     -3     3    1.9730419e-07
1110 region_rec_diffs(4,169)        -1.0115108     -3     3    4.6544648e-07
1111 region_rec_diffs(4,170)        0.78271495     -3     3    4.2970763e-07
1112 region_rec_diffs(4,171)        1.5153887     -3     3    2.3357975e-06
1113 region_rec_diffs(4,172)        -1.5041037     -3     3    -8.4324147e-08
1114 region_rec_diffs(4,173)        0.75685237     -3     3    2.9277264e-06
1115 region_rec_diffs(4,174)        -0.5699202     -3     3    9.9369915e-08
1116 region_rec_diffs(4,175)        -0.57473365     -3     3    5.2312337e-07
1117 region_rec_diffs(4,176)        0.66805316     -3     3    -5.8220457e-07
1118 region_rec_diffs(4,177)        1.1894695     -3     3    7.4069925e-07
1119 region_rec_diffs(4,178)        0.45020586     -3     3    7.1993116e-07
1120 region_rec_diffs(4,179)        0.60087525     -3     3    5.5870686e-07
1121 region_rec_diffs(4,180)        -1.1396346     -3     3    -7.0045147e-07
1122 region_rec_diffs(4,181)        -1.6085023     -3     3    -4.9317284e-08
1123 region_rec_diffs(4,182)        -0.48426293     -3     3    9.5567025e-07
1124 region_rec_diffs(4,183)        1.6866646     -3     3    -3.1836933e-07
1125 region_rec_diffs(4,184)        1.4250013     -3     3    -4.2984098e-07
1126 region_rec_diffs(4,185)        -0.66336106     -3     3    4.1936597e-07
1127 region_rec_diffs(4,186)        -0.59795205     -3     3    7.9111917e-07
1128 region_rec_diffs(4,187)        -1.1777731     -3     3    -8.332212e-07
1129 region_rec_diffs(4,188)        -1.4490474     -3     3    -1.3684109e-07
1130 region_rec_diffs(4,189)        -1.4067053     -3     3    8.2881487e-07
1131 region_rec_diffs(4,190)        -1.0595444     -3     3    1.750296e-06
1132 region_rec_diffs(4,191)        -1.693302     -3     3    4.831828e-07
1133 region_rec_diffs(4,192)        -1.109394     -3     3    -7.0677813e-07
1134 region_rec_diffs(4,193)        -1.6331699     -3     3    -8.5875312e-07
1135 region_rec_diffs(4,194)        -0.39602375     -3     3    1.3664529e-06
1136 region_rec_diffs(4,195)        1.3668868     -3     3    -4.6209974e-07
1137 region_rec_diffs(4,196)        0.19108634     -3     3    1.1673104e-06
1138 region_rec_diffs(4,197)        1.544372     -3     3    2.3101201e-06
1139 region_rec_diffs(4,198)        0.61147438     -3     3    3.3314396e-07
1140 region_rec_diffs(4,199)        -0.41775875     -3     3    -4.1418235e-07
1141 region_rec_diffs(4,200)        -0.20585612     -3     3    -1.1092695e-06
1142 region_rec_diffs(4,201)        -0.56182125     -3     3    -3.1269829e-07
1143 region_rec_diffs(4,202)        -0.57937092     -3     3    3.6802412e-09
1144 region_rec_diffs(4,203)        0.90675566     -3     3    4.7433969e-07
1145 region_rec_diffs(4,204)        1.3246047     -3     3    2.5712795e-06
1146 region_rec_diffs(4,205)        0.61818384     -3     3    -4.6782646e-07
1147 region_rec_diffs(4,206)        0.33211945     -3     3    -1.2128598e-06
1148 region_rec_diffs(4,207)        0.38576332     -3     3    1.500095e-07
1149 region_rec_diffs(4,208)        0.10981433     -3     3    -6.3646238e-07
1150 region_rec_diffs(4,209)        0.22633925     -3     3    1.1490357e-06
1151 region_rec_diffs(4,210)        0.32317829     -3     3    -7.2740051e-07
1152 region_rec_diffs(4,211)        1.5678147     -3     3    -9.6738561e-07
1153 region_rec_diffs(4,212)        -0.3329979     -3     3    -1.1904235e-06
1154 region_rec_diffs(4,213)        0.46407165     -3     3    -4.3018133e-07
1155 region_rec_diffs(4,214)        0.57905062     -3     3    -1.8188586e-06
1156 region_rec_diffs(4,215)        0.52767015     -3     3    8.0713779e-07
1157 region_rec_diffs(4,216)        0.17129321     -3     3    -2.8569526e-07
1158 region_rec_diffs(4,217)        0.70714322     -3     3    -6.618752e-07
1159 region_rec_diffs(4,218)        -1.0560809     -3     3    8.258277e-07
1160 region_rec_diffs(4,219)        -0.86999921     -3     3    8.5993898e-07
1161 region_rec_diffs(4,220)        -1.4750478     -3     3    -5.7661908e-07
1162 region_rec_diffs(4,221)        0.87274843     -3     3    -1.3581431e-06
1163 region_rec_diffs(4,222)        -0.99255055     -3     3    -2.518198e-07
1164 region_rec_diffs(4,223)        -1.9666855     -3     3    2.8243544e-07
1165 region_rec_diffs(4,224)        -1.6315087     -3     3    1.3609325e-06
1166 region_rec_diffs(4,225)        -0.73908113     -3     3    9.6480925e-07
1167 region_rec_diffs(4,226)        -0.93777541     -3     3    -1.0690013e-06
1168 region_rec_diffs(4,227)        -1.7538492     -3     3    6.4621185e-08
1169 region_rec_diffs(4,228)        -1.8258594     -3     3    -1.6114225e-08
1170 region_rec_diffs(4,229)        1.3014582     -3     3    -1.3433525e-07
1171 region_rec_diffs(4,230)        0.27234694     -3     3    -1.2690786e-06
1172 region_rec_diffs(4,231)        0.90506382     -3     3    1.9231221e-07
1173 region_rec_diffs(4,232)        -1.2497348     -3     3    -4.7460503e-07
1174 region_rec_diffs(4,233)        -1.1448291     -3     3    9.5017194e-08
1175 region_rec_diffs(4,234)        -0.74718892     -3     3    -3.0376749e-07
1176 region_rec_diffs(4,235)        0.23080127     -3     3    -1.2188859e-06
1177 region_rec_diffs(4,236)        -0.094632039     -3     3    -1.3846085e-06
1178 region_rec_diffs(4,237)        -2.1673829     -3     3    -5.0436945e-09
1179 region_rec_diffs(4,238)        -1.7181523     -3     3    3.2825381e-07
1180 region_rec_diffs(4,239)        -0.12441067     -3     3    -1.7156209e-06
1181 region_rec_diffs(4,240)        1.088862     -3     3    -7.4002211e-07
1182 region_rec_diffs(4,241)        -0.70828476     -3     3    2.9533447e-07
1183 region_rec_diffs(4,242)        -2.0888269     -3     3    2.0020764e-07
1184 region_rec_diffs(4,243)        -2.3035289     -3     3    -4.912236e-07
1185 region_rec_diffs(4,244)        -1.4272318     -3     3    6.9852494e-07
1186 region_rec_diffs(4,245)        -0.84980548     -3     3    -3.2138312e-07
1187 region_rec_diffs(4,246)        -1.8151212     -3     3    -5.6732851e-08
1188 region_rec_diffs(4,247)        1.8524325     -3     3    3.5293613e-09
1189 region_rec_diffs(4,248)        0.9048463     -3     3    -9.6983889e-07
1190 region_rec_diffs(4,249)        0.95171297     -3     3    6.0998867e-08
1191 region_rec_diffs(4,250)        1.0177849     -3     3    8.3387241e-07
1192 region_rec_diffs(4,251)        1.189491     -3     3    -1.5904593e-06
1193 region_rec_diffs(4,252)        1.6098887     -3     3    1.5840755e-07
1194 region_rec_diffs(4,253)        0.66121299     -3     3    -5.9320934e-07
1195 region_rec_diffs(4,254)        1.7723142     -3     3    -6.6839016e-07
1196 region_rec_diffs(4,255)        1.0834974     -3     3    -1.4804878e-06
1197 region_rec_diffs(4,256)        1.3729167     -3     3    -4.5824747e-07
1198 region_rec_diffs(4,257)        1.2717292     -3     3    -1.1568462e-06
1199 region_rec_diffs(4,258)        1.5589045     -3     3    -4.6994628e-07
1200 region_rec_diffs(4,259)        0.80555202     -3     3    4.357284e-07
1201 region_rec_diffs(4,260)        0.018140153     -3     3    7.7883136e-07
1202 region_rec_diffs(4,261)        1.2919549     -3     3    5.9308233e-07
1203 region_rec_diffs(4,262)        1.5168421     -3     3    4.4794012e-07
1204 region_rec_diffs(4,263)        1.2555567     -3     3    8.9485699e-07
1205 region_rec_diffs(4,264)        1.5883096     -3     3    5.4100661e-07
1206 region_rec_diffs(4,265)        1.0517382     -3     3    -1.3274765e-06
1207 region_rec_diffs(4,266)        1.4715185     -3     3    -2.0962776e-09
1208 region_rec_diffs(4,267)        1.3626541     -3     3    4.8148453e-07
1209 region_rec_diffs(4,268)        1.142464     -3     3    -3.4124381e-07
1210 region_rec_diffs(4,269)        1.0931621     -3     3    -2.2744868e-06
1211 region_rec_diffs(4,270)        1.6760956     -3     3    -2.2445285e-06
1212 region_rec_diffs(4,271)        0.67645347     -3     3    -2.4002918e-06
1213 region_rec_diffs(4,272)        -0.39963061     -3     3    5.2355594e-07
1214 region_rec_diffs(4,273)        -0.87048014     -3     3    5.8596329e-07
1215 region_rec_diffs(4,274)        2.3957626     -3     3    -2.4743721e-07
1216 region_rec_diffs(4,275)        -1.3809024     -3     3    -4.0494875e-07
1217 region_rec_diffs(4,276)        -1.4817352     -3     3    -4.9475768e-07
1218 region_rec_diffs(4,277)        -0.61421853     -3     3    -2.820908e-07
1219 region_rec_diffs(4,278)        1.0386165     -3     3    -1.089001e-06
1220 region_rec_diffs(4,279)        0.0053995029     -3     3    -5.4891837e-07
1221 region_rec_diffs(5,1)        2.5613289e-09     -3     3    -3.4473096e-10
1222 region_rec_diffs(5,2)        0.42505934     -3     3    3.2276397e-08
1223 region_rec_diffs(5,3)        0.42277325     -3     3    4.7884718e-06
1224 region_rec_diffs(5,4)        0.43406812     -3     3    1.0556372e-06
1225 region_rec_diffs(5,5)        0.45331549     -3     3    -3.4190853e-06
1226 region_rec_diffs(5,6)        0.016439695     -3     3    -2.5155094e-07
1227 region_rec_diffs(5,7)        -0.21715423     -3     3    -3.7666253e-07
1228 region_rec_diffs(5,8)        0.014007417     -3     3    1.8285836e-07
1229 region_rec_diffs(5,9)        0.036812716     -3     3    -4.1314634e-08
1230 region_rec_diffs(5,10)        0.40693537     -3     3    2.6157991e-07
1231 region_rec_diffs(5,11)        0.042112056     -3     3    3.2169276e-08
1232 region_rec_diffs(5,12)        0.015993686     -3     3    -3.1547735e-07
1233 region_rec_diffs(5,13)        0.17251682     -3     3    9.474191e-07
1234 region_rec_diffs(5,14)        1.4519088     -3     3    1.7679105e-06
1235 region_rec_diffs(5,15)        0.022470127     -3     3    -1.9517175e-08
1236 region_rec_diffs(5,16)        0.024462233     -3     3    -3.7792744e-08
1237 region_rec_diffs(5,17)        0.2968336     -3     3    -1.5664611e-06
1238 region_rec_diffs(5,18)        0.7522658     -3     3    -2.245198e-06
1239 region_rec_diffs(5,19)        0.018810534     -3     3    1.067176e-08
1240 region_rec_diffs(5,20)        0.018698488     -3     3    1.3103861e-07
1241 region_rec_diffs(5,21)        0.99068997     -3     3    7.9349494e-07
1242 region_rec_diffs(5,22)        0.15955369     -3     3    1.5664663e-06
1243 region_rec_diffs(5,23)        0.24510331     -3     3    -4.225177e-07
1244 region_rec_diffs(5,24)        0.041008736     -3     3    -5.5068716e-07
1245 region_rec_diffs(5,25)        0.24340664     -3     3    2.2924674e-07
1246 region_rec_diffs(5,26)        0.017531684     -3     3    -3.034555e-08
1247 region_rec_diffs(5,27)        0.71877504     -3     3    1.379578e-06
1248 region_rec_diffs(5,28)        0.023507447     -3     3    -5.9166883e-07
1249 region_rec_diffs(5,29)        1.1438729     -3     3    1.3397098e-06
1250 region_rec_diffs(5,30)        0.029450579     -3     3    -2.1129704e-07
1251 region_rec_diffs(5,31)        0.016777514     -3     3    -4.5053492e-07
1252 region_rec_diffs(5,32)        0.011063305     -3     3    -1.8408862e-07
1253 region_rec_diffs(5,33)        -0.11388077     -3     3    2.7724074e-08
1254 region_rec_diffs(5,34)        1.2111398     -3     3    -9.5094013e-07
1255 region_rec_diffs(5,35)        0.020494119     -3     3    1.876247e-09
1256 region_rec_diffs(5,36)        0.061128287     -3     3    3.2944074e-07
1257 region_rec_diffs(5,37)        0.85260898     -3     3    1.0598538e-06
1258 region_rec_diffs(5,38)        0.027453613     -3     3    2.1053577e-07
1259 region_rec_diffs(5,39)        0.0093893125     -3     3    6.2459316e-08
1260 region_rec_diffs(5,40)        0.00582959     -3     3    6.7610519e-08
1261 region_rec_diffs(5,41)        -0.13131808     -3     3    9.766101e-08
1262 region_rec_diffs(5,42)        -0.046305878     -3     3    -9.4614635e-10
1263 region_rec_diffs(5,43)        0.0087651742     -3     3    -7.0879247e-08
1264 region_rec_diffs(5,44)        -0.10162253     -3     3    3.9348209e-08
1265 region_rec_diffs(5,45)        1.1010944     -3     3    3.319211e-07
1266 region_rec_diffs(5,46)        0.087173919     -3     3    9.0863513e-08
1267 region_rec_diffs(5,47)        0.08082027     -3     3    -5.706287e-08
1268 region_rec_diffs(5,48)        0.17763081     -3     3    2.1397935e-07
1269 region_rec_diffs(5,49)        0.66075014     -3     3    1.275668e-06
1270 region_rec_diffs(5,50)        0.081888499     -3     3    -6.2881686e-08
1271 region_rec_diffs(5,51)        0.78135473     -3     3    -9.190807e-07
1272 region_rec_diffs(5,52)        0.13165673     -3     3    -3.671382e-07
1273 region_rec_diffs(5,53)        0.41398655     -3     3    -8.5013337e-07
1274 region_rec_diffs(5,54)        2.4838713     -3     3    -9.8774532e-07
1275 region_rec_diffs(5,55)        0.16034902     -3     3    -1.378852e-07
1276 region_rec_diffs(5,56)        1.8630831     -3     3    4.8753114e-07
1277 region_rec_diffs(5,57)        -0.22199658     -3     3    -8.5895283e-07
1278 region_rec_diffs(5,58)        -0.34367074     -3     3    -1.1685469e-06
1279 region_rec_diffs(5,59)        0.014027994     -3     3    7.7511378e-07
1280 region_rec_diffs(5,60)        1.5624473     -3     3    3.7519443e-07
1281 region_rec_diffs(5,61)        0.47760633     -3     3    9.3036191e-08
1282 region_rec_diffs(5,62)        0.051660721     -3     3    -1.8404531e-07
1283 region_rec_diffs(5,63)        0.042516602     -3     3    -1.9371916e-06
1284 region_rec_diffs(5,64)        2.4616215     -3     3    -2.0939891e-06
1285 region_rec_diffs(5,65)        -0.29550175     -3     3    -1.328393e-06
1286 region_rec_diffs(5,66)        -0.0097372755     -3     3    6.1336666e-07
1287 region_rec_diffs(5,67)        -0.13315358     -3     3    -2.3421544e-07
1288 region_rec_diffs(5,68)        -0.60394176     -3     3    1.9263057e-08
1289 region_rec_diffs(5,69)        -0.88583036     -3     3    -6.0135234e-07
1290 region_rec_diffs(5,70)        1.5498153     -3     3    -1.6041545e-06
1291 region_rec_diffs(5,71)        0.15859102     -3     3    -8.1163009e-07
1292 region_rec_diffs(5,72)        0.8933064     -3     3    -1.8353979e-06
1293 region_rec_diffs(5,73)        -0.45609755     -3     3    -6.4023404e-07
1294 region_rec_diffs(5,74)        2.6254385     -3     3    3.4465484e-07
1295 region_rec_diffs(5,75)        0.080782372     -3     3    1.8985782e-07
1296 region_rec_diffs(5,76)        2.3493527     -3     3    2.7628589e-07
1297 region_rec_diffs(5,77)        -0.62936526     -3     3    -7.1899042e-07
1298 region_rec_diffs(5,78)        -0.40969313     -3     3    5.9826507e-08
1299 region_rec_diffs(5,79)        -0.10001241     -3     3    -1.0595475e-07
1300 region_rec_diffs(5,80)        -0.42871607     -3     3    -1.5998184e-07
1301 region_rec_diffs(5,81)        0.79615744     -3     3    1.2928529e-06
1302 region_rec_diffs(5,82)        0.14938496     -3     3    -1.8272387e-07
1303 region_rec_diffs(5,83)        1.3902735     -3     3    2.1286056e-06
1304 region_rec_diffs(5,84)        0.28198308     -3     3    1.155141e-06
1305 region_rec_diffs(5,85)        -0.16058203     -3     3    1.1959243e-06
1306 region_rec_diffs(5,86)        0.012895498     -3     3    -1.16722e-07
1307 region_rec_diffs(5,87)        -0.10364997     -3     3    8.3412468e-07
1308 region_rec_diffs(5,88)        1.5468942     -3     3    1.6168875e-06
1309 region_rec_diffs(5,89)        0.51387918     -3     3    1.6468866e-06
1310 region_rec_diffs(5,90)        0.024303979     -3     3    1.3231815e-07
1311 region_rec_diffs(5,91)        0.096998273     -3     3    2.1918505e-07
1312 region_rec_diffs(5,92)        0.16006571     -3     3    -1.8591849e-07
1313 region_rec_diffs(5,93)        0.18021043     -3     3    -2.0377426e-07
1314 region_rec_diffs(5,94)        0.67905832     -3     3    -6.8395168e-07
1315 region_rec_diffs(5,95)        0.44892557     -3     3    -2.1080124e-07
1316 region_rec_diffs(5,96)        0.10852558     -3     3    -1.2205793e-07
1317 region_rec_diffs(5,97)        0.84893818     -3     3    -1.485268e-06
1318 region_rec_diffs(5,98)        0.14467876     -3     3    1.3241595e-07
1319 region_rec_diffs(5,99)        0.27472667     -3     3    2.1081592e-07
1320 region_rec_diffs(5,100)        1.1190841     -3     3    2.28548e-07
1321 region_rec_diffs(5,101)        0.1187584     -3     3    4.8065582e-07
1322 region_rec_diffs(5,102)        0.018752328     -3     3    -1.5112074e-08
1323 region_rec_diffs(5,103)        0.069136234     -3     3    -1.8945451e-07
1324 region_rec_diffs(5,104)        0.90575538     -3     3    7.3938709e-07
1325 region_rec_diffs(5,105)        -0.024816418     -3     3    7.6329454e-09
1326 region_rec_diffs(5,106)        -0.0085515894     -3     3    -2.060009e-08
1327 region_rec_diffs(5,107)        -0.037699891     -3     3    8.735376e-08
1328 region_rec_diffs(5,108)        -0.32523632     -3     3    3.6540442e-07
1329 region_rec_diffs(5,109)        0.30973148     -3     3    3.9584391e-07
1330 region_rec_diffs(5,110)        0.0020525828     -3     3    -2.0276516e-08
1331 region_rec_diffs(5,111)        -0.022295382     -3     3    -8.4046536e-08
1332 region_rec_diffs(5,112)        -0.56552583     -3     3    -1.9579594e-07
1333 region_rec_diffs(5,113)        0.78943835     -3     3    -1.1528047e-06
1334 region_rec_diffs(5,114)        0.11949128     -3     3    -2.4963114e-07
1335 region_rec_diffs(5,115)        0.12345915     -3     3    3.0555128e-07
1336 region_rec_diffs(5,116)        0.22293302     -3     3    2.6935737e-06
1337 region_rec_diffs(5,117)        0.3333175     -3     3    2.3376281e-06
1338 region_rec_diffs(5,118)        0.14352549     -3     3    -7.2900162e-08
1339 region_rec_diffs(5,119)        1.759035     -3     3    1.9103604e-09
1340 region_rec_diffs(5,120)        -0.18257174     -3     3    3.4357573e-07
1341 region_rec_diffs(5,121)        0.43131407     -3     3    2.1710852e-06
1342 region_rec_diffs(5,122)        0.49810015     -3     3    1.6671008e-06
1343 region_rec_diffs(5,123)        0.0982902     -3     3    1.3832249e-07
1344 region_rec_diffs(5,124)        0.29720432     -3     3    -1.6940933e-07
1345 region_rec_diffs(5,125)        1.0267874     -3     3    -1.4623837e-06
1346 region_rec_diffs(5,126)        0.82602971     -3     3    -2.6435767e-06
1347 region_rec_diffs(5,127)        -0.27934483     -3     3    -7.6232992e-07
1348 region_rec_diffs(5,128)        -0.61850257     -3     3    -1.3408043e-06
1349 region_rec_diffs(5,129)        1.373093     -3     3    -1.910488e-06
1350 region_rec_diffs(5,130)        0.19118945     -3     3    -1.498615e-07
1351 region_rec_diffs(5,131)        -0.077325162     -3     3    3.8988604e-07
1352 region_rec_diffs(5,132)        -0.20123157     -3     3    1.5477153e-06
1353 region_rec_diffs(5,133)        0.92087722     -3     3    1.8112007e-06
1354 region_rec_diffs(5,134)        0.011132313     -3     3    1.5356473e-07
1355 region_rec_diffs(5,135)        -0.22473547     -3     3    -5.413597e-07
1356 region_rec_diffs(5,136)        0.1400867     -3     3    -1.0329524e-07
1357 region_rec_diffs(5,137)        0.301735     -3     3    1.9741728e-07
1358 region_rec_diffs(5,138)        2.5975888     -3     3    -1.6718394e-07
1359 region_rec_diffs(5,139)        -0.31766787     -3     3    9.5659785e-08
1360 region_rec_diffs(5,140)        -1.5578461     -3     3    -7.4713097e-07
1361 region_rec_diffs(5,141)        -1.2344427     -3     3    -4.5080649e-07
1362 region_rec_diffs(5,142)        -0.25824573     -3     3    -3.0505263e-07
1363 region_rec_diffs(5,143)        -0.25938964     -3     3    -1.1788591e-07
1364 region_rec_diffs(5,144)        -0.89003249     -3     3    -7.4316109e-07
1365 region_rec_diffs(5,145)        -0.11360084     -3     3    1.1525509e-07
1366 region_rec_diffs(5,146)        0.13773614     -3     3    5.7984758e-07
1367 region_rec_diffs(5,147)        1.1737031     -3     3    -2.594581e-06
1368 region_rec_diffs(5,148)        1.1534165     -3     3    1.799016e-06
1369 region_rec_diffs(5,149)        -0.48899955     -3     3    -2.7690836e-07
1370 region_rec_diffs(5,150)        -0.26901295     -3     3    5.2780812e-07
1371 region_rec_diffs(5,151)        -0.87264498     -3     3    -1.3137428e-06
1372 region_rec_diffs(5,152)        -0.74587357     -3     3    -5.4038113e-07
1373 region_rec_diffs(5,153)        -0.70062758     -3     3    2.3855408e-08
1374 region_rec_diffs(5,154)        -0.191686     -3     3    -7.0372419e-08
1375 region_rec_diffs(5,155)        0.015306758     -3     3    4.3325844e-07
1376 region_rec_diffs(5,156)        0.47840615     -3     3    2.0759208e-06
1377 region_rec_diffs(5,157)        0.17159454     -3     3    1.2483971e-06
1378 region_rec_diffs(5,158)        0.061528581     -3     3    1.3984121e-07
1379 region_rec_diffs(5,159)        0.061335381     -3     3    6.6948784e-09
1380 region_rec_diffs(5,160)        -0.30647348     -3     3    -4.3148613e-07
1381 region_rec_diffs(5,161)        0.47645723     -3     3    -4.4767746e-07
1382 region_rec_diffs(5,162)        0.1226928     -3     3    1.8710856e-07
1383 region_rec_diffs(5,163)        0.969319     -3     3    -5.7649918e-07
1384 region_rec_diffs(5,164)        -0.27162415     -3     3    -4.5258071e-07
1385 region_rec_diffs(5,165)        -0.18632433     -3     3    -1.188324e-07
1386 region_rec_diffs(5,166)        -0.19707641     -3     3    -1.6145273e-07
1387 region_rec_diffs(5,167)        0.071394747     -3     3    3.5957154e-07
1388 region_rec_diffs(5,168)        1.43473     -3     3    -1.4220651e-07
1389 region_rec_diffs(5,169)        1.5896916     -3     3    4.3945316e-07
1390 region_rec_diffs(5,170)        0.25652718     -3     3    5.6904615e-07
1391 region_rec_diffs(5,171)        0.83097491     -3     3    -5.5758769e-07
1392 region_rec_diffs(5,172)        -0.18876735     -3     3    -1.7655704e-07
1393 region_rec_diffs(5,173)        1.7649526     -3     3    1.0837376e-06
1394 region_rec_diffs(5,174)        0.26737973     -3     3    -7.2871605e-07
1395 region_rec_diffs(5,175)        1.9107303     -3     3    -4.7277293e-07
1396 region_rec_diffs(5,176)        -1.3982351     -3     3    -2.9820541e-07
1397 region_rec_diffs(5,177)        -2.1932573     -3     3    -4.8238805e-07
1398 region_rec_diffs(5,178)        -2.0152443     -3     3    -6.3058673e-07
1399 region_rec_diffs(5,179)        -1.1333902     -3     3    -3.2227167e-07
1400 region_rec_diffs(5,180)        1.1665733     -3     3    1.0543175e-06
1401 region_rec_diffs(5,181)        0.9821959     -3     3    -5.6376346e-07
1402 region_rec_diffs(5,182)        -0.61380573     -3     3    -1.714264e-07
1403 region_rec_diffs(5,183)        -0.89274515     -3     3    -2.3752893e-07
1404 region_rec_diffs(5,184)        -1.0522968     -3     3    -1.2269583e-07
1405 region_rec_diffs(5,185)        -1.6738833     -3     3    -2.1614004e-07
1406 region_rec_diffs(5,186)        -1.5524954     -3     3    -1.1401409e-06
1407 region_rec_diffs(5,187)        2.1203169     -3     3    3.7081474e-07
1408 region_rec_diffs(5,188)        0.24002628     -3     3    1.0427271e-06
1409 region_rec_diffs(5,189)        -1.250398     -3     3    -5.7493785e-07
1410 region_rec_diffs(5,190)        -1.5050464     -3     3    -2.8094509e-07
1411 region_rec_diffs(5,191)        -1.3209078     -3     3    -8.6515895e-07
1412 region_rec_diffs(5,192)        0.68073333     -3     3    -9.4510545e-08
1413 region_rec_diffs(5,193)        -0.53732107     -3     3    1.409876e-06
1414 region_rec_diffs(5,194)        -0.7249672     -3     3    1.8960492e-07
1415 region_rec_diffs(5,195)        0.45115592     -3     3    -1.4951003e-07
1416 region_rec_diffs(5,196)        1.2375337     -3     3    5.6970413e-07
1417 region_rec_diffs(5,197)        -0.063343892     -3     3    1.1732477e-07
1418 region_rec_diffs(5,198)        -0.4407275     -3     3    5.9819796e-07
1419 region_rec_diffs(5,199)        1.300753     -3     3    1.0010905e-06
1420 region_rec_diffs(5,200)        0.31616206     -3     3    -2.0580795e-06
1421 region_rec_diffs(5,201)        -1.1046798     -3     3    -9.9634472e-07
1422 region_rec_diffs(5,202)        -1.0511175     -3     3    -7.6350512e-07
1423 region_rec_diffs(5,203)        -0.3651247     -3     3    -4.1688159e-07
1424 region_rec_diffs(5,204)        1.7577137     -3     3    -4.2280654e-07
1425 region_rec_diffs(5,205)        -0.89634877     -3     3    -5.4631709e-07
1426 region_rec_diffs(5,206)        -1.5391332     -3     3    -3.3884198e-07
1427 region_rec_diffs(5,207)        -1.7210927     -3     3    -7.8723376e-08
1428 region_rec_diffs(5,208)        -2.9426054     -3     3    -1.2352923e-06
1429 region_rec_diffs(5,209)        -2.5204126     -3     3    3.5067127e-07
1430 region_rec_diffs(5,210)        -2.7009205     -3     3    2.1967534e-07
1431 region_rec_diffs(5,211)        -1.927016     -3     3    5.7283979e-07
1432 region_rec_diffs(5,212)        2.2589681     -3     3    1.1367284e-06
1433 region_rec_diffs(5,213)        2.490096     -3     3    7.6558291e-07
1434 region_rec_diffs(5,214)        -1.2634189     -3     3    1.2230128e-07
1435 region_rec_diffs(5,215)        -1.3859487     -3     3    -1.8970204e-07
1436 region_rec_diffs(5,216)        -1.585765     -3     3    -6.9003475e-07
1437 region_rec_diffs(5,217)        -0.61682134     -3     3    -2.4979202e-07
1438 region_rec_diffs(5,218)        0.80972674     -3     3    3.3053422e-07
1439 region_rec_diffs(5,219)        -0.2128452     -3     3    1.5040487e-09
1440 region_rec_diffs(5,220)        -2.0099438     -3     3    -2.4200022e-07
1441 region_rec_diffs(5,221)        -1.4457335     -3     3    -6.9115813e-07
1442 region_rec_diffs(5,222)        -2.2854994     -3     3    9.2267991e-08
1443 region_rec_diffs(5,223)        -0.38441667     -3     3    4.2061721e-07
1444 region_rec_diffs(5,224)        1.3622074     -3     3    5.0702708e-07
1445 region_rec_diffs(5,225)        -1.4282889     -3     3    3.6582927e-08
1446 region_rec_diffs(5,226)        -1.8324226     -3     3    -1.5824269e-07
1447 region_rec_diffs(5,227)        -1.3000513     -3     3    -4.4358755e-07
1448 region_rec_diffs(5,228)        -0.44441383     -3     3    -1.7082272e-06
1449 region_rec_diffs(5,229)        -0.47483063     -3     3    6.004079e-07
1450 region_rec_diffs(5,230)        -0.68906074     -3     3    2.1363014e-07
1451 region_rec_diffs(5,231)        -0.4599069     -3     3    -9.8902291e-08
1452 region_rec_diffs(5,232)        1.5594332     -3     3    -1.4543901e-07
1453 region_rec_diffs(5,233)        -0.38824833     -3     3    -5.3588553e-07
1454 region_rec_diffs(5,234)        -2.1221441     -3     3    1.5405685e-07
1455 region_rec_diffs(5,235)        -2.3605739     -3     3    -3.6587766e-07
1456 region_rec_diffs(5,236)        -1.0377273     -3     3    -4.5029816e-07
1457 region_rec_diffs(5,237)        0.69973046     -3     3    -1.8925217e-06
1458 region_rec_diffs(5,238)        0.6715651     -3     3    1.5180399e-06
1459 region_rec_diffs(5,239)        0.0425721     -3     3    2.3212284e-06
1460 region_rec_diffs(5,240)        0.39597626     -3     3    -1.0628952e-06
1461 region_rec_diffs(5,241)        -0.88777246     -3     3    7.8882332e-08
1462 region_rec_diffs(5,242)        -0.80134202     -3     3    8.6968728e-07
1463 region_rec_diffs(5,243)        -1.7277053     -3     3    1.0996227e-07
1464 region_rec_diffs(5,244)        1.3325769     -3     3    9.6917725e-08
1465 region_rec_diffs(5,245)        1.2688722     -3     3    5.5929233e-07
1466 region_rec_diffs(5,246)        -0.75510855     -3     3    -1.0140595e-07
1467 region_rec_diffs(5,247)        -1.0389084     -3     3    1.1108858e-06
1468 region_rec_diffs(5,248)        -0.14198275     -3     3    1.8161592e-08
1469 region_rec_diffs(5,249)        1.4211182     -3     3    6.6736694e-07
1470 region_rec_diffs(5,250)        -1.3758063     -3     3    -4.0174807e-07
1471 region_rec_diffs(5,251)        -1.9049823     -3     3    3.326059e-07
1472 region_rec_diffs(5,252)        -1.9204854     -3     3    9.9057127e-08
1473 region_rec_diffs(5,253)        -1.0769903     -3     3    -2.0063808e-07
1474 region_rec_diffs(5,254)        -0.76854831     -3     3    1.6625044e-07
1475 region_rec_diffs(5,255)        0.48829079     -3     3    1.035592e-07
1476 region_rec_diffs(5,256)        -1.1746033     -3     3    1.1692854e-06
1477 region_rec_diffs(5,257)        -1.1141068     -3     3    -5.9088126e-07
1478 region_rec_diffs(5,258)        -0.96815716     -3     3    -7.2578254e-07
1479 region_rec_diffs(5,259)        -1.086507     -3     3    -3.1400855e-07
1480 region_rec_diffs(5,260)        0.043622142     -3     3    1.3215063e-07
1481 region_rec_diffs(5,261)        -1.2664331     -3     3    3.4265037e-07
1482 region_rec_diffs(5,262)        -2.1337569     -3     3    -2.0530794e-07
1483 region_rec_diffs(5,263)        -2.1623387     -3     3    -5.751875e-07
1484 region_rec_diffs(5,264)        1.489393     -3     3    -6.2611988e-08
1485 region_rec_diffs(5,265)        0.41186952     -3     3    4.0255295e-07
1486 region_rec_diffs(5,266)        -1.476857     -3     3    4.6777914e-07
1487 region_rec_diffs(5,267)        -1.3722779     -3     3    4.8647721e-07
1488 region_rec_diffs(5,268)        -0.96344379     -3     3    1.364852e-06
1489 region_rec_diffs(5,269)        -1.2576765     -3     3    7.3867769e-07
1490 region_rec_diffs(5,270)        -0.60663705     -3     3    -1.2011414e-07
1491 region_rec_diffs(5,271)        1.5770802     -3     3    3.1683141e-07
1492 region_rec_diffs(5,272)        -0.56474378     -3     3    2.3476539e-07
1493 region_rec_diffs(5,273)        -0.94915977     -3     3    8.3029545e-07
1494 region_rec_diffs(5,274)        -1.5672797     -3     3    1.2429164e-06
1495 region_rec_diffs(5,275)        -0.64123141     -3     3    1.0673556e-06
1496 region_rec_diffs(5,276)        -0.114398     -3     3    -1.6742164e-07
1497 region_rec_diffs(5,277)        -0.13210685     -3     3    -1.02213e-07
1498 region_rec_diffs(5,278)        -0.055872031     -3     3    -5.4633264e-08
1499 region_rec_diffs(5,279)        -0.033980117     -3     3    -3.1232147e-07
1500 region_rec_diffs(6,1)        -9.615424e-10     -3     3    -3.1537032e-09
1501 region_rec_diffs(6,2)        -0.21664466     -3     3    5.6479901e-07
1502 region_rec_diffs(6,3)        -0.22801081     -3     3    -1.9213932e-06
1503 region_rec_diffs(6,4)        -0.24388586     -3     3    -4.811342e-07
1504 region_rec_diffs(6,5)        -0.3301962     -3     3    2.3960874e-06
1505 region_rec_diffs(6,6)        -0.41952613     -3     3    -3.592995e-07
1506 region_rec_diffs(6,7)        -1.6971665     -3     3    2.9610101e-07
1507 region_rec_diffs(6,8)        -0.085446298     -3     3    1.8599668e-07
1508 region_rec_diffs(6,9)        0.13201329     -3     3    -1.4269753e-07
1509 region_rec_diffs(6,10)        -0.40257852     -3     3    -1.2258155e-06
1510 region_rec_diffs(6,11)        0.33961703     -3     3    -4.8100586e-07
1511 region_rec_diffs(6,12)        0.091893068     -3     3    -6.4330407e-07
1512 region_rec_diffs(6,13)        0.17536045     -3     3    -5.8420337e-07
1513 region_rec_diffs(6,14)        -0.82828485     -3     3    -1.9717226e-07
1514 region_rec_diffs(6,15)        0.025515754     -3     3    4.341141e-09
1515 region_rec_diffs(6,16)        0.058284004     -3     3    -1.2402741e-07
1516 region_rec_diffs(6,17)        0.76307559     -3     3    4.8433253e-07
1517 region_rec_diffs(6,18)        -0.5912526     -3     3    8.9347532e-07
1518 region_rec_diffs(6,19)        0.054362647     -3     3    1.784376e-07
1519 region_rec_diffs(6,20)        0.052024064     -3     3    -6.7437571e-07
1520 region_rec_diffs(6,21)        0.23409486     -3     3    -8.155713e-07
1521 region_rec_diffs(6,22)        -0.54677301     -3     3    -7.9218754e-08
1522 region_rec_diffs(6,23)        -0.35185609     -3     3    -2.2783304e-07
1523 region_rec_diffs(6,24)        0.22317132     -3     3    6.6334956e-07
1524 region_rec_diffs(6,25)        -0.11112674     -3     3    7.9205891e-07
1525 region_rec_diffs(6,26)        0.15185143     -3     3    1.6745171e-07
1526 region_rec_diffs(6,27)        0.012638181     -3     3    2.1922814e-07
1527 region_rec_diffs(6,28)        0.043921561     -3     3    -5.4814977e-07
1528 region_rec_diffs(6,29)        -0.14498755     -3     3    -1.533443e-06
1529 region_rec_diffs(6,30)        0.13374275     -3     3    1.3439225e-08
1530 region_rec_diffs(6,31)        0.23594369     -3     3    -3.2709705e-07
1531 region_rec_diffs(6,32)        0.323561     -3     3    -1.2108072e-06
1532 region_rec_diffs(6,33)        1.0041447     -3     3    -1.703944e-07
1533 region_rec_diffs(6,34)        -0.37997329     -3     3    9.548332e-07
1534 region_rec_diffs(6,35)        0.0580899     -3     3    -1.7803286e-08
1535 region_rec_diffs(6,36)        -0.64065536     -3     3    2.5560745e-07
1536 region_rec_diffs(6,37)        -0.31084122     -3     3    2.4248218e-08
1537 region_rec_diffs(6,38)        0.36823149     -3     3    -3.0478318e-07
1538 region_rec_diffs(6,39)        0.14283523     -3     3    -2.6924008e-07
1539 region_rec_diffs(6,40)        0.486051     -3     3    -3.4195763e-08
1540 region_rec_diffs(6,41)        0.065673896     -3     3    -4.3159791e-07
1541 region_rec_diffs(6,42)        -0.24631917     -3     3    -4.9734971e-07
1542 region_rec_diffs(6,43)        0.13917426     -3     3    -3.1396113e-07
1543 region_rec_diffs(6,44)        0.28984761     -3     3    9.9783802e-07
1544 region_rec_diffs(6,45)        -0.57501316     -3     3    2.3901522e-06
1545 region_rec_diffs(6,46)        -0.093064364     -3     3    -5.4082712e-07
1546 region_rec_diffs(6,47)        0.092798998     -3     3    5.3745213e-07
1547 region_rec_diffs(6,48)        0.25461077     -3     3    1.3616856e-07
1548 region_rec_diffs(6,49)        -0.16288367     -3     3    -1.5497538e-07
1549 region_rec_diffs(6,50)        0.23870338     -3     3    6.7710833e-08
1550 region_rec_diffs(6,51)        -0.61995392     -3     3    -1.1293428e-07
1551 region_rec_diffs(6,52)        0.23825624     -3     3    1.5950192e-07
1552 region_rec_diffs(6,53)        0.50061762     -3     3    6.4607394e-08
1553 region_rec_diffs(6,54)        -0.26515727     -3     3    -1.6981024e-07
1554 region_rec_diffs(6,55)        -0.062183231     -3     3    5.2867246e-07
1555 region_rec_diffs(6,56)        0.043437218     -3     3    -1.1124436e-06
1556 region_rec_diffs(6,57)        0.62781964     -3     3    -8.5276443e-07
1557 region_rec_diffs(6,58)        -0.55884358     -3     3    -8.5989151e-07
1558 region_rec_diffs(6,59)        -0.11569193     -3     3    3.5427978e-08
1559 region_rec_diffs(6,60)        0.68835205     -3     3    -7.1275705e-07
1560 region_rec_diffs(6,61)        -0.02629691     -3     3    -5.698095e-07
1561 region_rec_diffs(6,62)        0.20910963     -3     3    5.2758986e-07
1562 region_rec_diffs(6,63)        -0.22835763     -3     3    -4.274502e-07
1563 region_rec_diffs(6,64)        0.17911381     -3     3    3.212275e-07
1564 region_rec_diffs(6,65)        -0.18982602     -3     3    -7.470332e-07
1565 region_rec_diffs(6,66)        0.25903081     -3     3    1.063772e-07
1566 region_rec_diffs(6,67)        -0.012308509     -3     3    -1.1868532e-06
1567 region_rec_diffs(6,68)        0.69251042     -3     3    -5.8508835e-07
1568 region_rec_diffs(6,69)        -0.64239699     -3     3    -1.8964527e-06
1569 region_rec_diffs(6,70)        -0.76558669     -3     3    -1.2395452e-06
1570 region_rec_diffs(6,71)        -0.24421715     -3     3    3.4987813e-07
1571 region_rec_diffs(6,72)        0.67120518     -3     3    8.6403064e-08
1572 region_rec_diffs(6,73)        -0.37686887     -3     3    2.4286354e-07
1573 region_rec_diffs(6,74)        -0.73651627     -3     3    -5.1913458e-07
1574 region_rec_diffs(6,75)        0.12383931     -3     3    1.4621623e-07
1575 region_rec_diffs(6,76)        -0.18862609     -3     3    1.2491108e-07
1576 region_rec_diffs(6,77)        0.41963947     -3     3    1.7152314e-06
1577 region_rec_diffs(6,78)        0.236695     -3     3    -1.6553814e-06
1578 region_rec_diffs(6,79)        0.11520421     -3     3    9.2940015e-08
1579 region_rec_diffs(6,80)        -0.28843636     -3     3    1.0005966e-06
1580 region_rec_diffs(6,81)        -0.85220651     -3     3    7.4421828e-07
1581 region_rec_diffs(6,82)        -0.89688511     -3     3    1.3506629e-07
1582 region_rec_diffs(6,83)        -0.69665149     -3     3    1.4397853e-07
1583 region_rec_diffs(6,84)        0.12154226     -3     3    3.4895822e-07
1584 region_rec_diffs(6,85)        0.0091926645     -3     3    -5.7488726e-07
1585 region_rec_diffs(6,86)        0.22212952     -3     3    4.7546641e-08
1586 region_rec_diffs(6,87)        0.88746088     -3     3    2.2118512e-09
1587 region_rec_diffs(6,88)        0.62370629     -3     3    -1.8722875e-06
1588 region_rec_diffs(6,89)        -0.628325     -3     3    -8.2990077e-07
1589 region_rec_diffs(6,90)        0.25524101     -3     3    2.0790337e-07
1590 region_rec_diffs(6,91)        -0.23755137     -3     3    -1.0739498e-06
1591 region_rec_diffs(6,92)        0.13180236     -3     3    -2.3758119e-07
1592 region_rec_diffs(6,93)        -0.19027815     -3     3    8.8128312e-07
1593 region_rec_diffs(6,94)        -1.2471249     -3     3    1.7124442e-06
1594 region_rec_diffs(6,95)        -0.23836606     -3     3    9.8592755e-07
1595 region_rec_diffs(6,96)        0.57242695     -3     3    8.2018912e-08
1596 region_rec_diffs(6,97)        0.55573852     -3     3    1.284175e-06
1597 region_rec_diffs(6,98)        0.11801677     -3     3    8.9719369e-07
1598 region_rec_diffs(6,99)        0.052911332     -3     3    2.1520705e-07
1599 region_rec_diffs(6,100)        -0.83691775     -3     3    -1.1454894e-06
1600 region_rec_diffs(6,101)        -0.41028937     -3     3    -2.1072673e-07
1601 region_rec_diffs(6,102)        0.091060951     -3     3    1.7747308e-08
1602 region_rec_diffs(6,103)        -0.090251624     -3     3    3.8546179e-07
1603 region_rec_diffs(6,104)        0.38366601     -3     3    -4.4636056e-07
1604 region_rec_diffs(6,105)        0.15595794     -3     3    -1.7967327e-07
1605 region_rec_diffs(6,106)        0.029619504     -3     3    -2.0211218e-08
1606 region_rec_diffs(6,107)        -0.014057951     -3     3    -5.7648305e-08
1607 region_rec_diffs(6,108)        -0.66182987     -3     3    -1.4319267e-07
1608 region_rec_diffs(6,109)        0.17271603     -3     3    -1.6194022e-06
1609 region_rec_diffs(6,110)        0.074885618     -3     3    3.485682e-08
1610 region_rec_diffs(6,111)        0.026935796     -3     3    2.474359e-08
1611 region_rec_diffs(6,112)        -0.43622465     -3     3    -1.8020244e-07
1612 region_rec_diffs(6,113)        -0.34603086     -3     3    9.9944013e-07
1613 region_rec_diffs(6,114)        -0.21010582     -3     3    -3.0587871e-07
1614 region_rec_diffs(6,115)        0.16950479     -3     3    -1.2376471e-07
1615 region_rec_diffs(6,116)        -0.13329751     -3     3    2.6837552e-07
1616 region_rec_diffs(6,117)        -0.42076314     -3     3    8.5797953e-07
1617 region_rec_diffs(6,118)        0.31331139     -3     3    -7.8308622e-08
1618 region_rec_diffs(6,119)        -0.85649573     -3     3    -2.4836559e-07
1619 region_rec_diffs(6,120)        -1.0132506     -3     3    -4.7814002e-08
1620 region_rec_diffs(6,121)        -0.72217887     -3     3    -1.3253215e-06
1621 region_rec_diffs(6,122)        -0.20533814     -3     3    -7.8474919e-07
1622 region_rec_diffs(6,123)        0.30395521     -3     3    -1.2357701e-06
1623 region_rec_diffs(6,124)        0.16110373     -3     3    -2.1320962e-07
1624 region_rec_diffs(6,125)        0.16334177     -3     3    -1.1083318e-06
1625 region_rec_diffs(6,126)        -0.37551723     -3     3    -1.2323602e-06
1626 region_rec_diffs(6,127)        -0.50549079     -3     3    7.3367843e-08
1627 region_rec_diffs(6,128)        -1.137568     -3     3    -4.9349337e-07
1628 region_rec_diffs(6,129)        -0.66821858     -3     3    3.7639403e-07
1629 region_rec_diffs(6,130)        -0.37381567     -3     3    1.210475e-06
1630 region_rec_diffs(6,131)        0.0090040292     -3     3    2.6742456e-07
1631 region_rec_diffs(6,132)        -1.0908734     -3     3    2.5086041e-06
1632 region_rec_diffs(6,133)        -1.7520824     -3     3    7.2968757e-07
1633 region_rec_diffs(6,134)        -0.2910979     -3     3    8.5798316e-07
1634 region_rec_diffs(6,135)        -1.1428442     -3     3    8.2765794e-07
1635 region_rec_diffs(6,136)        -1.7966404     -3     3    4.3450041e-07
1636 region_rec_diffs(6,137)        -0.18945558     -3     3    8.8483041e-07
1637 region_rec_diffs(6,138)        0.094058448     -3     3    1.3629734e-07
1638 region_rec_diffs(6,139)        -0.16024535     -3     3    -3.4968508e-07
1639 region_rec_diffs(6,140)        -0.95545562     -3     3    -1.2621998e-06
1640 region_rec_diffs(6,141)        -0.77369982     -3     3    -1.1514528e-06
1641 region_rec_diffs(6,142)        -0.036487933     -3     3    -6.8331009e-07
1642 region_rec_diffs(6,143)        -0.24112472     -3     3    -1.0649431e-06
1643 region_rec_diffs(6,144)        -0.93430258     -3     3    -6.832297e-07
1644 region_rec_diffs(6,145)        -0.20283077     -3     3    -7.3526258e-08
1645 region_rec_diffs(6,146)        -0.033240904     -3     3    2.3014389e-07
1646 region_rec_diffs(6,147)        0.6845414     -3     3    -2.7467522e-07
1647 region_rec_diffs(6,148)        -0.81087701     -3     3    1.6866801e-06
1648 region_rec_diffs(6,149)        0.46014835     -3     3    5.4336594e-07
1649 region_rec_diffs(6,150)        0.54698332     -3     3    -4.2520541e-07
1650 region_rec_diffs(6,151)        0.15086995     -3     3    -5.9264502e-07
1651 region_rec_diffs(6,152)        -1.3108529     -3     3    -8.7590651e-07
1652 region_rec_diffs(6,153)        -1.5438968     -3     3    -7.3694356e-07
1653 region_rec_diffs(6,154)        -0.67965987     -3     3    -8.9316897e-07
1654 region_rec_diffs(6,155)        -0.85664146     -3     3    -2.3281483e-07
1655 region_rec_diffs(6,156)        -1.1701201     -3     3    -1.324769e-06
1656 region_rec_diffs(6,157)        -1.0895872     -3     3    1.7268972e-07
1657 region_rec_diffs(6,158)        -0.54282468     -3     3    -5.3764759e-07
1658 region_rec_diffs(6,159)        -0.63397052     -3     3    6.6083884e-08
1659 region_rec_diffs(6,160)        -2.5638862     -3     3    2.5900475e-07
1660 region_rec_diffs(6,161)        0.45501941     -3     3    -2.4955395e-07
1661 region_rec_diffs(6,162)        0.7449643     -3     3    -2.566973e-07
1662 region_rec_diffs(6,163)        -0.95703825     -3     3    -1.0213659e-06
1663 region_rec_diffs(6,164)        -2.4630762     -3     3    6.6128294e-07
1664 region_rec_diffs(6,165)        -0.73353939     -3     3    1.1719911e-06
1665 region_rec_diffs(6,166)        0.66688988     -3     3    -4.8540076e-07
1666 region_rec_diffs(6,167)        0.017140992     -3     3    1.7545698e-06
1667 region_rec_diffs(6,168)        -0.89248281     -3     3    8.1367706e-07
1668 region_rec_diffs(6,169)        -0.13358222     -3     3    -9.6340159e-07
1669 region_rec_diffs(6,170)        -0.40444043     -3     3    9.6745935e-09
1670 region_rec_diffs(6,171)        -0.67991149     -3     3    -1.4232933e-06
1671 region_rec_diffs(6,172)        -1.6506627     -3     3    -1.0449617e-07
1672 region_rec_diffs(6,173)        0.25924337     -3     3    -1.0051246e-06
1673 region_rec_diffs(6,174)        -0.76649005     -3     3    2.7504417e-07
1674 region_rec_diffs(6,175)        -1.0258117     -3     3    5.9180627e-07
1675 region_rec_diffs(6,176)        -1.6818487     -3     3    -3.7983508e-08
1676 region_rec_diffs(6,177)        -2.0603112     -3     3    1.3905025e-08
1677 region_rec_diffs(6,178)        -0.8548408     -3     3    1.6210585e-06
1678 region_rec_diffs(6,179)        0.22068235     -3     3    1.3532676e-06
1679 region_rec_diffs(6,180)        -0.37507372     -3     3    1.4107207e-06
1680 region_rec_diffs(6,181)        -0.24847431     -3     3    -2.8061512e-06
1681 region_rec_diffs(6,182)        -0.78952478     -3     3    5.2919043e-07
1682 region_rec_diffs(6,183)        -0.98109342     -3     3    -3.6045051e-07
1683 region_rec_diffs(6,184)        -1.3869771     -3     3    -2.9780928e-07
1684 region_rec_diffs(6,185)        0.071502921     -3     3    3.0330461e-07
1685 region_rec_diffs(6,186)        -0.69753621     -3     3    -1.4388734e-07
1686 region_rec_diffs(6,187)        0.40990275     -3     3    -2.104227e-07
1687 region_rec_diffs(6,188)        -0.7901839     -3     3    1.1408652e-06
1688 region_rec_diffs(6,189)        -0.99310815     -3     3    4.6659406e-07
1689 region_rec_diffs(6,190)        -0.29126534     -3     3    1.0075924e-06
1690 region_rec_diffs(6,191)        0.15021692     -3     3    -7.3451091e-07
1691 region_rec_diffs(6,192)        -1.6374451     -3     3    -1.5067161e-06
1692 region_rec_diffs(6,193)        -2.2243437     -3     3    9.9389167e-07
1693 region_rec_diffs(6,194)        -0.02782954     -3     3    5.2181099e-07
1694 region_rec_diffs(6,195)        -1.176464     -3     3    -5.7854676e-07
1695 region_rec_diffs(6,196)        0.082434255     -3     3    -8.942059e-07
1696 region_rec_diffs(6,197)        -1.1768788     -3     3    -3.8598139e-07
1697 region_rec_diffs(6,198)        0.035859414     -3     3    -5.8413794e-07
1698 region_rec_diffs(6,199)        0.52214313     -3     3    8.3203513e-07
1699 region_rec_diffs(6,200)        -0.2745918     -3     3    -1.1624453e-06
1700 region_rec_diffs(6,201)        -0.31404634     -3     3    -3.3785588e-07
1701 region_rec_diffs(6,202)        -0.48823289     -3     3    4.0761801e-07
1702 region_rec_diffs(6,203)        -1.2699802     -3     3    2.7473875e-07
1703 region_rec_diffs(6,204)        -1.1354978     -3     3    2.610606e-07
1704 region_rec_diffs(6,205)        1.1668326     -3     3    -3.1214112e-08
1705 region_rec_diffs(6,206)        -0.026375933     -3     3    -2.0504345e-06
1706 region_rec_diffs(6,207)        -0.29114861     -3     3    -9.0278162e-07
1707 region_rec_diffs(6,208)        -1.6208031     -3     3    8.1967466e-07
1708 region_rec_diffs(6,209)        -1.7153144     -3     3    3.8582431e-07
1709 region_rec_diffs(6,210)        -1.2669815     -3     3    8.4871034e-09
1710 region_rec_diffs(6,211)        0.07023991     -3     3    1.6892542e-06
1711 region_rec_diffs(6,212)        0.079405856     -3     3    -1.2961463e-06
1712 region_rec_diffs(6,213)        -1.1516514     -3     3    -5.5486095e-10
1713 region_rec_diffs(6,214)        -0.706541     -3     3    -1.359748e-06
1714 region_rec_diffs(6,215)        0.10840279     -3     3    -2.2912695e-07
1715 region_rec_diffs(6,216)        -1.5129453     -3     3    -6.4482924e-07
1716 region_rec_diffs(6,217)        -0.55258262     -3     3    9.0750947e-07
1717 region_rec_diffs(6,218)        0.61702707     -3     3    -5.1485099e-08
1718 region_rec_diffs(6,219)        -0.22448981     -3     3    -5.0839538e-07
1719 region_rec_diffs(6,220)        -1.5089447     -3     3    -3.8667925e-07
1720 region_rec_diffs(6,221)        -2.2249971     -3     3    5.9887238e-07
1721 region_rec_diffs(6,222)        0.015478413     -3     3    -2.5175121e-06
1722 region_rec_diffs(6,223)        -0.75450896     -3     3    1.9049656e-07
1723 region_rec_diffs(6,224)        -0.6649507     -3     3    1.1633423e-06
1724 region_rec_diffs(6,225)        -0.95790073     -3     3    5.9311973e-07
1725 region_rec_diffs(6,226)        0.035480613     -3     3    2.0996715e-06
1726 region_rec_diffs(6,227)        -0.7094766     -3     3    6.3504228e-07
1727 region_rec_diffs(6,228)        -1.6656569     -3     3    -5.6584874e-07
1728 region_rec_diffs(6,229)        -1.1064186     -3     3    -1.5444193e-06
1729 region_rec_diffs(6,230)        0.24241581     -3     3    2.6070919e-07
1730 region_rec_diffs(6,231)        -0.53483634     -3     3    9.8627671e-08
1731 region_rec_diffs(6,232)        -0.25830198     -3     3    7.6994995e-07
1732 region_rec_diffs(6,233)        -0.036485356     -3     3    4.2553829e-07
1733 region_rec_diffs(6,234)        0.073038588     -3     3    -1.6765016e-06
1734 region_rec_diffs(6,235)        0.10556986     -3     3    8.0896631e-07
1735 region_rec_diffs(6,236)        -1.0794983     -3     3    1.0742666e-06
1736 region_rec_diffs(6,237)        -0.51032348     -3     3    2.9456241e-06
1737 region_rec_diffs(6,238)        -0.41615796     -3     3    8.4439784e-07
1738 region_rec_diffs(6,239)        -0.43837543     -3     3    -8.0108181e-07
1739 region_rec_diffs(6,240)        -0.95508343     -3     3    9.9235047e-07
1740 region_rec_diffs(6,241)        -1.4894438     -3     3    2.2654536e-06
1741 region_rec_diffs(6,242)        -0.048696377     -3     3    -2.6477687e-07
1742 region_rec_diffs(6,243)        -0.33912284     -3     3    -2.2860528e-07
1743 region_rec_diffs(6,244)        -0.96319189     -3     3    1.4707341e-07
1744 region_rec_diffs(6,245)        -0.53964757     -3     3    2.0599674e-06
1745 region_rec_diffs(6,246)        -0.15822843     -3     3    -2.2083448e-06
1746 region_rec_diffs(6,247)        -1.5435506     -3     3    1.1038234e-06
1747 region_rec_diffs(6,248)        -0.94520062     -3     3    -7.7580929e-07
1748 region_rec_diffs(6,249)        -0.75593499     -3     3    -2.4511041e-06
1749 region_rec_diffs(6,250)        -0.57856931     -3     3    2.7145633e-06
1750 region_rec_diffs(6,251)        0.47020372     -3     3    1.2523796e-06
1751 region_rec_diffs(6,252)        -1.3535896     -3     3    1.5301682e-07
1752 region_rec_diffs(6,253)        -1.4482069     -3     3    4.4758909e-07
1753 region_rec_diffs(6,254)        -0.69416717     -3     3    8.6435744e-07
1754 region_rec_diffs(6,255)        0.16013753     -3     3    2.8582572e-07
1755 region_rec_diffs(6,256)        -1.3528543     -3     3    8.7678239e-07
1756 region_rec_diffs(6,257)        -1.3665613     -3     3    3.6401821e-07
1757 region_rec_diffs(6,258)        -0.2592612     -3     3    1.3120138e-06
1758 region_rec_diffs(6,259)        -0.94005684     -3     3    6.4441879e-07
1759 region_rec_diffs(6,260)        -1.6882079     -3     3    -6.896616e-07
1760 region_rec_diffs(6,261)        -1.9059348     -3     3    -2.2870683e-07
1761 region_rec_diffs(6,262)        -1.684441     -3     3    -9.297207e-07
1762 region_rec_diffs(6,263)        -1.0142607     -3     3    -1.7025229e-06
1763 region_rec_diffs(6,264)        -1.6199913     -3     3    -7.1926387e-07
1764 region_rec_diffs(6,265)        -1.6425404     -3     3    -2.0793487e-07
1765 region_rec_diffs(6,266)        -0.77491701     -3     3    -5.8264358e-07
1766 region_rec_diffs(6,267)        0.045056558     -3     3    -2.1941279e-06
1767 region_rec_diffs(6,268)        -1.3667133     -3     3    -7.3822043e-07
1768 region_rec_diffs(6,269)        -1.0705643     -3     3    -9.4944233e-07
1769 region_rec_diffs(6,270)        -0.61448369     -3     3    -1.0505013e-07
1770 region_rec_diffs(6,271)        0.29294732     -3     3    -1.4097976e-06
1771 region_rec_diffs(6,272)        -0.93601591     -3     3    -3.0271597e-07
1772 region_rec_diffs(6,273)        -0.78194449     -3     3    3.9730244e-07
1773 region_rec_diffs(6,274)        -0.77967946     -3     3    4.6501187e-07
1774 region_rec_diffs(6,275)        -1.3821478     -3     3    -2.3682175e-07
1775 region_rec_diffs(6,276)        -1.3024327     -3     3    -3.7874796e-07
1776 region_rec_diffs(6,277)        0.59079809     -3     3    -2.8000278e-09
1777 region_rec_diffs(6,278)        0.25551945     -3     3    3.824845e-08
1778 region_rec_diffs(6,279)        -0.15097819     -3     3    -2.2363636e-06
1779 region_rec_diffs(7,1)        -1.0320194e-08     -3     3    -4.0534383e-09
1780 region_rec_diffs(7,2)        -0.83137542     -3     3    -9.8545389e-08
1781 region_rec_diffs(7,3)        -0.80830536     -3     3    8.536944e-07
1782 region_rec_diffs(7,4)        -0.79158369     -3     3    2.1334513e-07
1783 region_rec_diffs(7,5)        -0.77007711     -3     3    -2.2238051e-06
1784 region_rec_diffs(7,6)        -0.21132403     -3     3    -3.8797854e-07
1785 region_rec_diffs(7,7)        -1.2386437     -3     3    4.6257977e-07
1786 region_rec_diffs(7,8)        0.0087011503     -3     3    1.489898e-07
1787 region_rec_diffs(7,9)        -0.25783761     -3     3    1.142011e-06
1788 region_rec_diffs(7,10)        -2.1958272     -3     3    6.5496049e-07
1789 region_rec_diffs(7,11)        -0.63581284     -3     3    -3.7409384e-07
1790 region_rec_diffs(7,12)        -0.18249848     -3     3    -2.5683985e-07
1791 region_rec_diffs(7,13)        -1.265316     -3     3    -8.2302246e-09
1792 region_rec_diffs(7,14)        -0.079351212     -3     3    7.3088138e-07
1793 region_rec_diffs(7,15)        0.046969162     -3     3    -1.1432126e-07
1794 region_rec_diffs(7,16)        0.045968833     -3     3    -4.7444311e-08
1795 region_rec_diffs(7,17)        -0.13138735     -3     3    -4.9768681e-07
1796 region_rec_diffs(7,18)        -0.72792692     -3     3    -6.1871022e-07
1797 region_rec_diffs(7,19)        -0.10680232     -3     3    -1.7391708e-07
1798 region_rec_diffs(7,20)        -0.041702337     -3     3    -2.3205449e-07
1799 region_rec_diffs(7,21)        -0.53800485     -3     3    -1.0641864e-06
1800 region_rec_diffs(7,22)        -1.1327028     -3     3    -7.7641432e-08
1801 region_rec_diffs(7,23)        -1.4413718     -3     3    -1.7649551e-06
1802 region_rec_diffs(7,24)        -0.30089718     -3     3    -1.0189654e-07
1803 region_rec_diffs(7,25)        -2.2429249     -3     3    4.1361524e-07
1804 region_rec_diffs(7,26)        -0.48255269     -3     3    -4.3978724e-07
1805 region_rec_diffs(7,27)        -2.4876605     -3     3    4.328709e-08
1806 region_rec_diffs(7,28)        -0.15172274     -3     3    -1.3967786e-07
1807 region_rec_diffs(7,29)        0.21790284     -3     3    5.2040079e-07
1808 region_rec_diffs(7,30)        0.12907117     -3     3    -3.4514027e-07
1809 region_rec_diffs(7,31)        0.027882902     -3     3    1.5599373e-07
1810 region_rec_diffs(7,32)        -0.12482819     -3     3    1.1181926e-06
1811 region_rec_diffs(7,33)        -1.2978883     -3     3    -1.4206722e-07
1812 region_rec_diffs(7,34)        -1.5869822     -3     3    1.0999041e-06
1813 region_rec_diffs(7,35)        -0.18746086     -3     3    -2.1250199e-07
1814 region_rec_diffs(7,36)        -1.464436     -3     3    1.9159271e-07
1815 region_rec_diffs(7,37)        -1.4795132     -3     3    -4.2019081e-07
1816 region_rec_diffs(7,38)        -0.25483077     -3     3    -2.5975052e-07
1817 region_rec_diffs(7,39)        -0.12387152     -3     3    8.8122167e-08
1818 region_rec_diffs(7,40)        -0.29707616     -3     3    2.1684752e-07
1819 region_rec_diffs(7,41)        -0.74151488     -3     3    1.5475662e-06
1820 region_rec_diffs(7,42)        -1.183044     -3     3    1.1105818e-06
1821 region_rec_diffs(7,43)        -0.054985296     -3     3    2.1524743e-07
1822 region_rec_diffs(7,44)        -1.1364468     -3     3    5.2253773e-07
1823 region_rec_diffs(7,45)        -1.9991751     -3     3    3.5822033e-07
1824 region_rec_diffs(7,46)        -0.68502297     -3     3    -1.0913627e-06
1825 region_rec_diffs(7,47)        -0.55871748     -3     3    5.862491e-07
1826 region_rec_diffs(7,48)        -1.4418652     -3     3    7.1281194e-07
1827 region_rec_diffs(7,49)        -0.47136826     -3     3    -1.644175e-07
1828 region_rec_diffs(7,50)        -0.10093283     -3     3    -1.0502113e-07
1829 region_rec_diffs(7,51)        -1.3234912     -3     3    -1.7009933e-08
1830 region_rec_diffs(7,52)        -0.28983463     -3     3    5.7045634e-08
1831 region_rec_diffs(7,53)        -1.0087851     -3     3    -5.41506e-07
1832 region_rec_diffs(7,54)        -0.53183702     -3     3    8.7115909e-07
1833 region_rec_diffs(7,55)        -0.4269111     -3     3    2.5317463e-07
1834 region_rec_diffs(7,56)        -0.88202262     -3     3    -6.678146e-07
1835 region_rec_diffs(7,57)        -1.0520521     -3     3    -3.6219171e-07
1836 region_rec_diffs(7,58)        -0.8409048     -3     3    -1.0436412e-06
1837 region_rec_diffs(7,59)        -0.32610233     -3     3    6.06524e-07
1838 region_rec_diffs(7,60)        -1.2515643     -3     3    1.8616385e-06
1839 region_rec_diffs(7,61)        -1.2763546     -3     3    8.5944029e-07
1840 region_rec_diffs(7,62)        -0.16082373     -3     3    -7.251855e-08
1841 region_rec_diffs(7,63)        -0.6035657     -3     3    -6.2983325e-08
1842 region_rec_diffs(7,64)        -0.92556152     -3     3    -8.0150214e-08
1843 region_rec_diffs(7,65)        -1.5607108     -3     3    1.7170749e-06
1844 region_rec_diffs(7,66)        -0.014967604     -3     3    -3.1366673e-07
1845 region_rec_diffs(7,67)        -0.55619663     -3     3    -3.0058615e-07
1846 region_rec_diffs(7,68)        -1.3565489     -3     3    -4.3089762e-07
1847 region_rec_diffs(7,69)        -1.0258698     -3     3    2.7185861e-07
1848 region_rec_diffs(7,70)        -0.034956079     -3     3    1.0847691e-06
1849 region_rec_diffs(7,71)        -0.53549113     -3     3    -5.1361174e-08
1850 region_rec_diffs(7,72)        -0.84693264     -3     3    2.3687826e-07
1851 region_rec_diffs(7,73)        0.22672587     -3     3    1.4982773e-07
1852 region_rec_diffs(7,74)        -1.0218385     -3     3    -4.3350586e-07
1853 region_rec_diffs(7,75)        0.15359428     -3     3    -5.2867747e-08
1854 region_rec_diffs(7,76)        0.037164839     -3     3    -3.3993762e-08
1855 region_rec_diffs(7,77)        -0.20793394     -3     3    -1.7947538e-06
1856 region_rec_diffs(7,78)        -0.73297887     -3     3    1.5836466e-07
1857 region_rec_diffs(7,79)        -0.37741246     -3     3    -3.7301806e-07
1858 region_rec_diffs(7,80)        -1.1392396     -3     3    -1.8892806e-06
1859 region_rec_diffs(7,81)        0.21427764     -3     3    -8.0621242e-07
1860 region_rec_diffs(7,82)        -0.12008683     -3     3    -1.4282786e-06
1861 region_rec_diffs(7,83)        -0.78875899     -3     3    -6.8668845e-07
1862 region_rec_diffs(7,84)        -0.16543406     -3     3    -3.4816775e-07
1863 region_rec_diffs(7,85)        -0.17270836     -3     3    1.4804169e-06
1864 region_rec_diffs(7,86)        0.0027805847     -3     3    -3.1145723e-08
1865 region_rec_diffs(7,87)        -1.6320818     -3     3    1.7716168e-06
1866 region_rec_diffs(7,88)        -1.0471322     -3     3    2.0544958e-06
1867 region_rec_diffs(7,89)        0.35468397     -3     3    7.3124678e-07
1868 region_rec_diffs(7,90)        0.086620036     -3     3    -6.629536e-08
1869 region_rec_diffs(7,91)        -0.098905252     -3     3    -1.0299785e-06
1870 region_rec_diffs(7,92)        -0.2289373     -3     3    9.1559631e-07
1871 region_rec_diffs(7,93)        -1.3871319     -3     3    -4.121687e-07
1872 region_rec_diffs(7,94)        -2.0418788     -3     3    3.1127125e-07
1873 region_rec_diffs(7,95)        -0.92464016     -3     3    4.8141058e-07
1874 region_rec_diffs(7,96)        -0.20382567     -3     3    -5.0905574e-08
1875 region_rec_diffs(7,97)        -1.3741599     -3     3    -1.0779157e-06
1876 region_rec_diffs(7,98)        -1.0194332     -3     3    -7.2096411e-07
1877 region_rec_diffs(7,99)        -1.1028558     -3     3    -7.1455945e-07
1878 region_rec_diffs(7,100)        0.2732075     -3     3    3.3122289e-08
1879 region_rec_diffs(7,101)        -1.0678746     -3     3    2.1813403e-06
1880 region_rec_diffs(7,102)        -0.050997392     -3     3    1.1492689e-08
1881 region_rec_diffs(7,103)        -0.47583078     -3     3    -2.2564643e-07
1882 region_rec_diffs(7,104)        -1.1995682     -3     3    -2.9522477e-06
1883 region_rec_diffs(7,105)        -0.046089245     -3     3    -7.3860649e-08
1884 region_rec_diffs(7,106)        0.00026231644     -3     3    -1.5490814e-07
1885 region_rec_diffs(7,107)        -0.00093653544     -3     3    7.8989813e-08
1886 region_rec_diffs(7,108)        -0.18064318     -3     3    1.5236708e-06
1887 region_rec_diffs(7,109)        -0.90103818     -3     3    1.9767472e-06
1888 region_rec_diffs(7,110)        -0.0023873984     -3     3    2.3627308e-08
1889 region_rec_diffs(7,111)        0.08785009     -3     3    2.2304193e-07
1890 region_rec_diffs(7,112)        -0.49773234     -3     3    6.1845497e-07
1891 region_rec_diffs(7,113)        -0.79049092     -3     3    1.7293287e-06
1892 region_rec_diffs(7,114)        0.44052616     -3     3    2.1159713e-07
1893 region_rec_diffs(7,115)        -0.17372985     -3     3    3.3771962e-07
1894 region_rec_diffs(7,116)        -1.5924928     -3     3    -3.9542278e-07
1895 region_rec_diffs(7,117)        -1.3609071     -3     3    1.3582477e-06
1896 region_rec_diffs(7,118)        -0.053057818     -3     3    9.0338834e-08
1897 region_rec_diffs(7,119)        -0.82242198     -3     3    -4.5025408e-07
1898 region_rec_diffs(7,120)        -0.14569629     -3     3    1.4519737e-06
1899 region_rec_diffs(7,121)        -1.3745492     -3     3    1.0218321e-06
1900 region_rec_diffs(7,122)        -0.49287831     -3     3    7.1979828e-07
1901 region_rec_diffs(7,123)        0.17542201     -3     3    1.3134314e-06
1902 region_rec_diffs(7,124)        -2.815155     -3     3    -4.0429504e-07
1903 region_rec_diffs(7,125)        -1.3823145     -3     3    1.3224594e-06
1904 region_rec_diffs(7,126)        -0.31812132     -3     3    1.5386098e-08
1905 region_rec_diffs(7,127)        0.62126992     -3     3    -2.3959943e-07
1906 region_rec_diffs(7,128)        -0.052170703     -3     3    6.8786165e-07
1907 region_rec_diffs(7,129)        -0.45568924     -3     3    1.4921646e-07
1908 region_rec_diffs(7,130)        0.71569525     -3     3    -4.1622053e-07
1909 region_rec_diffs(7,131)        0.52041877     -3     3    -9.6155277e-08
1910 region_rec_diffs(7,132)        -2.7224569     -3     3    -1.992265e-06
1911 region_rec_diffs(7,133)        -2.9999995     -3     3    1.4378264e-08   *************
1912 region_rec_diffs(7,134)        0.097219354     -3     3    -4.9085112e-07
1913 region_rec_diffs(7,135)        0.38735811     -3     3    -1.1213739e-06
1914 region_rec_diffs(7,136)        -0.54349624     -3     3    -1.3392217e-06
1915 region_rec_diffs(7,137)        0.48354796     -3     3    -5.4002203e-07
1916 region_rec_diffs(7,138)        -0.52983178     -3     3    8.1893851e-08
1917 region_rec_diffs(7,139)        0.58927918     -3     3    2.4469372e-07
1918 region_rec_diffs(7,140)        0.74281489     -3     3    6.8118253e-07
1919 region_rec_diffs(7,141)        -0.16402217     -3     3    4.7065159e-07
1920 region_rec_diffs(7,142)        -0.035193732     -3     3    2.1804464e-07
1921 region_rec_diffs(7,143)        0.38059884     -3     3    1.0208801e-06
1922 region_rec_diffs(7,144)        -0.6677024     -3     3    1.7906161e-06
1923 region_rec_diffs(7,145)        -0.20892446     -3     3    -4.427288e-07
1924 region_rec_diffs(7,146)        -1.4016251     -3     3    -1.246436e-07
1925 region_rec_diffs(7,147)        -1.6860596     -3     3    7.4688067e-07
1926 region_rec_diffs(7,148)        -0.11746248     -3     3    -1.4016904e-07
1927 region_rec_diffs(7,149)        -1.1606959     -3     3    -7.6604692e-07
1928 region_rec_diffs(7,150)        -0.7237255     -3     3    1.9005586e-07
1929 region_rec_diffs(7,151)        -0.68701495     -3     3    1.0882102e-07
1930 region_rec_diffs(7,152)        0.47190233     -3     3    5.3937626e-07
1931 region_rec_diffs(7,153)        -1.9477481     -3     3    5.0114346e-07
1932 region_rec_diffs(7,154)        -0.97106129     -3     3    8.1495022e-08
1933 region_rec_diffs(7,155)        -1.0587384     -3     3    7.6533248e-07
1934 region_rec_diffs(7,156)        0.097086019     -3     3    5.5358373e-08
1935 region_rec_diffs(7,157)        -2.515044     -3     3    4.6375964e-07
1936 region_rec_diffs(7,158)        0.39884988     -3     3    1.3748202e-06
1937 region_rec_diffs(7,159)        -1.1186021     -3     3    -2.1904902e-07
1938 region_rec_diffs(7,160)        -0.0008600828     -3     3    -1.0280561e-08
1939 region_rec_diffs(7,161)        -1.5473522     -3     3    3.7091846e-07
1940 region_rec_diffs(7,162)        -0.86641296     -3     3    5.6135953e-07
1941 region_rec_diffs(7,163)        -0.027412094     -3     3    3.3210674e-07
1942 region_rec_diffs(7,164)        -1.2117737     -3     3    -3.2993964e-07
1943 region_rec_diffs(7,165)        -0.55177657     -3     3    -2.1397275e-08
1944 region_rec_diffs(7,166)        0.30606618     -3     3    6.0431213e-07
1945 region_rec_diffs(7,167)        -0.29035223     -3     3    -1.2189499e-08
1946 region_rec_diffs(7,168)        -0.58444118     -3     3    -3.4786485e-06
1947 region_rec_diffs(7,169)        -0.79192336     -3     3    7.3516778e-07
1948 region_rec_diffs(7,170)        0.57609065     -3     3    -4.277882e-07
1949 region_rec_diffs(7,171)        -1.8695557     -3     3    -3.052379e-06
1950 region_rec_diffs(7,172)        -2.2147816     -3     3    1.8223116e-07
1951 region_rec_diffs(7,173)        -2.3902142     -3     3    -5.2484824e-08
1952 region_rec_diffs(7,174)        -0.49918466     -3     3    4.0452133e-07
1953 region_rec_diffs(7,175)        -0.49875742     -3     3    1.0258886e-06
1954 region_rec_diffs(7,176)        0.66056076     -3     3    9.7166945e-07
1955 region_rec_diffs(7,177)        0.38403709     -3     3    -2.9358055e-07
1956 region_rec_diffs(7,178)        -1.4889824     -3     3    4.7755148e-07
1957 region_rec_diffs(7,179)        -0.30553473     -3     3    7.5751983e-08
1958 region_rec_diffs(7,180)        -0.094849759     -3     3    -1.9154908e-07
1959 region_rec_diffs(7,181)        -0.24064955     -3     3    9.7021982e-07
1960 region_rec_diffs(7,182)        0.93504089     -3     3    -2.0470941e-07
1961 region_rec_diffs(7,183)        0.59267331     -3     3    1.4279569e-07
1962 region_rec_diffs(7,184)        0.22956683     -3     3    1.759494e-07
1963 region_rec_diffs(7,185)        -1.8695366     -3     3    -3.0304809e-07
1964 region_rec_diffs(7,186)        -0.33387715     -3     3    2.1665529e-07
1965 region_rec_diffs(7,187)        -0.13448038     -3     3    -1.8152626e-07
1966 region_rec_diffs(7,188)        0.30877932     -3     3    -3.8838939e-07
1967 region_rec_diffs(7,189)        -0.71911616     -3     3    7.6622248e-08
1968 region_rec_diffs(7,190)        0.55273112     -3     3    3.211524e-07
1969 region_rec_diffs(7,191)        -0.22638395     -3     3    1.0725554e-06
1970 region_rec_diffs(7,192)        -0.76667371     -3     3    -2.7025542e-06
1971 region_rec_diffs(7,193)        -2.8813363     -3     3    -5.9973841e-07
1972 region_rec_diffs(7,194)        -0.64113605     -3     3    2.4330689e-07
1973 region_rec_diffs(7,195)        -0.53054651     -3     3    -1.2540942e-06
1974 region_rec_diffs(7,196)        -1.5902021     -3     3    1.308413e-07
1975 region_rec_diffs(7,197)        -1.0672129     -3     3    -2.1468298e-06
1976 region_rec_diffs(7,198)        0.31865132     -3     3    -1.5554538e-07
1977 region_rec_diffs(7,199)        -0.71051393     -3     3    4.7724616e-07
1978 region_rec_diffs(7,200)        0.53490991     -3     3    5.4228415e-07
1979 region_rec_diffs(7,201)        -1.1142659     -3     3    -1.2348668e-06
1980 region_rec_diffs(7,202)        -1.4056462     -3     3    -3.7355006e-07
1981 region_rec_diffs(7,203)        -1.8598783     -3     3    -2.3233791e-07
1982 region_rec_diffs(7,204)        -0.71256434     -3     3    -1.0282577e-06
1983 region_rec_diffs(7,205)        -1.5251923     -3     3    5.0810944e-07
1984 region_rec_diffs(7,206)        0.57392666     -3     3    9.8046756e-07
1985 region_rec_diffs(7,207)        -0.70483704     -3     3    -1.0389278e-06
1986 region_rec_diffs(7,208)        0.96816007     -3     3    -2.2680752e-07
1987 region_rec_diffs(7,209)        -1.2345136     -3     3    5.9648818e-08
1988 region_rec_diffs(7,210)        -1.6432362     -3     3    -7.4190283e-07
1989 region_rec_diffs(7,211)        -2.142058     -3     3    -2.495247e-07
1990 region_rec_diffs(7,212)        0.009254013     -3     3    1.073563e-06
1991 region_rec_diffs(7,213)        -0.20148813     -3     3    1.3763666e-06
1992 region_rec_diffs(7,214)        0.62525416     -3     3    8.558211e-07
1993 region_rec_diffs(7,215)        -0.4751586     -3     3    -1.5207851e-06
1994 region_rec_diffs(7,216)        0.30554212     -3     3    1.4605248e-07
1995 region_rec_diffs(7,217)        -0.36265986     -3     3    -1.6536519e-07
1996 region_rec_diffs(7,218)        0.26955529     -3     3    -4.6959963e-07
1997 region_rec_diffs(7,219)        -0.086059763     -3     3    1.9591502e-07
1998 region_rec_diffs(7,220)        -0.26126675     -3     3    1.4034336e-07
1999 region_rec_diffs(7,221)        -0.54922341     -3     3    -6.5427417e-08
2000 region_rec_diffs(7,222)        -0.7405345     -3     3    2.1687176e-06
2001 region_rec_diffs(7,223)        -0.49400953     -3     3    2.0272574e-06
2002 region_rec_diffs(7,224)        -0.72109932     -3     3    -2.2316164e-06
2003 region_rec_diffs(7,225)        0.19252428     -3     3    -1.4691261e-06
2004 region_rec_diffs(7,226)        0.57914418     -3     3    -6.6190034e-07
2005 region_rec_diffs(7,227)        0.16269872     -3     3    -1.0206946e-06
2006 region_rec_diffs(7,228)        0.34611474     -3     3    9.7907283e-07
2007 region_rec_diffs(7,229)        -1.3728336     -3     3    1.1426667e-06
2008 region_rec_diffs(7,230)        -0.94389903     -3     3    -1.2270005e-06
2009 region_rec_diffs(7,231)        -1.3900159     -3     3    2.2172948e-07
2010 region_rec_diffs(7,232)        -2.133073     -3     3    1.0127359e-06
2011 region_rec_diffs(7,233)        -0.18810772     -3     3    -2.170017e-07
2012 region_rec_diffs(7,234)        -0.31175825     -3     3    8.0740091e-07
2013 region_rec_diffs(7,235)        -0.6156306     -3     3    7.2627663e-08
2014 region_rec_diffs(7,236)        0.038453539     -3     3    -2.8979047e-07
2015 region_rec_diffs(7,237)        -0.48857587     -3     3    1.1760048e-07
2016 region_rec_diffs(7,238)        0.15533291     -3     3    -3.0282023e-07
2017 region_rec_diffs(7,239)        -0.085958335     -3     3    3.4493753e-08
2018 region_rec_diffs(7,240)        -0.85751483     -3     3    -6.655461e-08
2019 region_rec_diffs(7,241)        -1.6211827     -3     3    1.5939154e-06
2020 region_rec_diffs(7,242)        -0.19135673     -3     3    -1.689507e-07
2021 region_rec_diffs(7,243)        -0.35537688     -3     3    -2.3978749e-07
2022 region_rec_diffs(7,244)        -0.34931251     -3     3    -2.1744961e-07
2023 region_rec_diffs(7,245)        -0.16967326     -3     3    -3.5208342e-07
2024 region_rec_diffs(7,246)        -0.32692709     -3     3    3.6648018e-07
2025 region_rec_diffs(7,247)        -0.60842034     -3     3    -2.1657702e-07
2026 region_rec_diffs(7,248)        -1.2265921     -3     3    -1.944004e-07
2027 region_rec_diffs(7,249)        0.1253522     -3     3    1.776163e-07
2028 region_rec_diffs(7,250)        0.35929092     -3     3    -2.4794503e-08
2029 region_rec_diffs(7,251)        -0.27076267     -3     3    -2.539782e-07
2030 region_rec_diffs(7,252)        -0.34226816     -3     3    2.8750548e-07
2031 region_rec_diffs(7,253)        -0.56786758     -3     3    -4.0578171e-07
2032 region_rec_diffs(7,254)        0.16242601     -3     3    -1.3410538e-07
2033 region_rec_diffs(7,255)        0.051620039     -3     3    -3.9200848e-07
2034 region_rec_diffs(7,256)        -0.34215619     -3     3    -5.0347015e-07
2035 region_rec_diffs(7,257)        -0.38434366     -3     3    -8.490133e-07
2036 region_rec_diffs(7,258)        0.2289373     -3     3    -4.0998685e-07
2037 region_rec_diffs(7,259)        0.67033128     -3     3    -3.3291229e-07
2038 region_rec_diffs(7,260)        -0.59568296     -3     3    1.8456744e-07
2039 region_rec_diffs(7,261)        -0.81344578     -3     3    7.0407962e-08
2040 region_rec_diffs(7,262)        0.57962735     -3     3    3.2085511e-07
2041 region_rec_diffs(7,263)        -0.18354986     -3     3    5.9226855e-07
2042 region_rec_diffs(7,264)        -1.1212028     -3     3    4.7284229e-07
2043 region_rec_diffs(7,265)        -0.38004532     -3     3    1.425215e-07
2044 region_rec_diffs(7,266)        0.37587064     -3     3    2.3807336e-07
2045 region_rec_diffs(7,267)        -0.057912988     -3     3    1.0793883e-06
2046 region_rec_diffs(7,268)        -1.0660543     -3     3    1.3167922e-06
2047 region_rec_diffs(7,269)        -0.89242289     -3     3    1.3774294e-06
2048 region_rec_diffs(7,270)        -0.076236586     -3     3    1.9358227e-06
2049 region_rec_diffs(7,271)        -0.58138125     -3     3    3.0861992e-06
2050 region_rec_diffs(7,272)        0.15652328     -3     3    3.7979802e-06
2051 region_rec_diffs(7,273)        0.36558017     -3     3    8.7507347e-07
2052 region_rec_diffs(7,274)        -0.77119897     -3     3    7.8819978e-09
2053 region_rec_diffs(7,275)        0.29199866     -3     3    8.0143521e-07
2054 region_rec_diffs(7,276)        -0.6090162     -3     3    1.4046419e-06
2055 region_rec_diffs(7,277)        -1.4347699     -3     3    -3.1115072e-06
2056 region_rec_diffs(7,278)        -0.47823608     -3     3    1.5492925e-06
2057 region_rec_diffs(7,279)        0.32888124     -3     3    2.0618203e-06
2058 region_rec_diffs(8,1)        4.0634895e-09     -3     3    -6.2841196e-10
2059 region_rec_diffs(8,2)        -1.6199693     -3     3    1.0525658e-06
2060 region_rec_diffs(8,3)        -1.7220003     -3     3    -7.6246468e-07
2061 region_rec_diffs(8,4)        -1.6649984     -3     3    1.3220385e-06
2062 region_rec_diffs(8,5)        -1.6815379     -3     3    1.6541875e-06
2063 region_rec_diffs(8,6)        -0.55985704     -3     3    -3.063711e-07
2064 region_rec_diffs(8,7)        -1.7680492     -3     3    1.4584929e-07
2065 region_rec_diffs(8,8)        -0.20408452     -3     3    1.962268e-08
2066 region_rec_diffs(8,9)        -0.30133586     -3     3    9.9911873e-07
2067 region_rec_diffs(8,10)        -1.5221616     -3     3    1.076033e-06
2068 region_rec_diffs(8,11)        -0.2145115     -3     3    1.4146794e-07
2069 region_rec_diffs(8,12)        -0.050029245     -3     3    -1.4080948e-06
2070 region_rec_diffs(8,13)        -0.78949042     -3     3    3.8746127e-08
2071 region_rec_diffs(8,14)        -0.38160995     -3     3    1.1984963e-06
2072 region_rec_diffs(8,15)        -0.0041523133     -3     3    4.1554317e-09
2073 region_rec_diffs(8,16)        -0.042755046     -3     3    2.7827978e-07
2074 region_rec_diffs(8,17)        -0.73761142     -3     3    -3.5207743e-07
2075 region_rec_diffs(8,18)        -1.2243039     -3     3    9.0748473e-07
2076 region_rec_diffs(8,19)        -0.18924356     -3     3    -5.7924227e-07
2077 region_rec_diffs(8,20)        -0.14672561     -3     3    1.2462005e-07
2078 region_rec_diffs(8,21)        -1.328247     -3     3    -3.2488517e-07
2079 region_rec_diffs(8,22)        -1.0686668     -3     3    3.8492922e-07
2080 region_rec_diffs(8,23)        -1.0152789     -3     3    -3.0943143e-07
2081 region_rec_diffs(8,24)        -0.15371499     -3     3    4.4267345e-07
2082 region_rec_diffs(8,25)        -1.5581942     -3     3    -2.1937042e-07
2083 region_rec_diffs(8,26)        -0.32143365     -3     3    -6.710259e-07
2084 region_rec_diffs(8,27)        -2.0546141     -3     3    -3.8918057e-08
2085 region_rec_diffs(8,28)        -0.19707903     -3     3    -1.8732426e-07
2086 region_rec_diffs(8,29)        -1.2949725     -3     3    -6.2883751e-07
2087 region_rec_diffs(8,30)        -0.20522176     -3     3    2.3341797e-07
2088 region_rec_diffs(8,31)        -0.15401651     -3     3    -2.7934593e-07
2089 region_rec_diffs(8,32)        -0.16282698     -3     3    -6.4945844e-08
2090 region_rec_diffs(8,33)        -0.99256445     -3     3    1.6491751e-07
2091 region_rec_diffs(8,34)        -1.26656     -3     3    -2.8765516e-07
2092 region_rec_diffs(8,35)        -0.079142583     -3     3    1.5795521e-08
2093 region_rec_diffs(8,36)        -0.81271577     -3     3    -4.769578e-07
2094 region_rec_diffs(8,37)        -1.1029374     -3     3    -5.0443729e-07
2095 region_rec_diffs(8,38)        -0.2734018     -3     3    -3.6728189e-07
2096 region_rec_diffs(8,39)        -0.030629038     -3     3    1.4405684e-07
2097 region_rec_diffs(8,40)        -0.21695324     -3     3    -6.8983615e-07
2098 region_rec_diffs(8,41)        -1.3017292     -3     3    -3.6864741e-07
2099 region_rec_diffs(8,42)        -1.3061714     -3     3    -2.2593195e-07
2100 region_rec_diffs(8,43)        -0.13596867     -3     3    2.3594146e-07
2101 region_rec_diffs(8,44)        -1.1322598     -3     3    -5.1213467e-08
2102 region_rec_diffs(8,45)        -1.6378029     -3     3    -4.0776191e-07
2103 region_rec_diffs(8,46)        -0.36521774     -3     3    -4.1209167e-07
2104 region_rec_diffs(8,47)        -0.22736257     -3     3    3.0824076e-07
2105 region_rec_diffs(8,48)        -0.864768     -3     3    -1.5926825e-07
2106 region_rec_diffs(8,49)        -1.3650255     -3     3    5.7261359e-07
2107 region_rec_diffs(8,50)        -0.11004993     -3     3    2.0907896e-07
2108 region_rec_diffs(8,51)        -0.88182549     -3     3    9.2597053e-08
2109 region_rec_diffs(8,52)        -0.43223923     -3     3    1.7050872e-07
2110 region_rec_diffs(8,53)        -1.5870271     -3     3    3.5869784e-07
2111 region_rec_diffs(8,54)        -0.41110023     -3     3    -1.1668686e-07
2112 region_rec_diffs(8,55)        -0.096295273     -3     3    1.3998783e-07
2113 region_rec_diffs(8,56)        -0.30267088     -3     3    6.8628108e-07
2114 region_rec_diffs(8,57)        -0.67300117     -3     3    7.0567757e-07
2115 region_rec_diffs(8,58)        -0.99793301     -3     3    4.7469757e-07
2116 region_rec_diffs(8,59)        -0.19638709     -3     3    -1.29483e-07
2117 region_rec_diffs(8,60)        -1.0942025     -3     3    2.1070822e-07
2118 region_rec_diffs(8,61)        -1.553805     -3     3    -5.3756056e-08
2119 region_rec_diffs(8,62)        -0.26392655     -3     3    1.2429658e-07
2120 region_rec_diffs(8,63)        -0.45040259     -3     3    -2.6015824e-08
2121 region_rec_diffs(8,64)        -0.94289832     -3     3    -1.9811746e-07
2122 region_rec_diffs(8,65)        -1.7129314     -3     3    -1.9592775e-07
2123 region_rec_diffs(8,66)        -0.18803436     -3     3    -4.9895316e-08
2124 region_rec_diffs(8,67)        -0.41658511     -3     3    -2.1957507e-07
2125 region_rec_diffs(8,68)        -1.0680462     -3     3    -3.0406881e-07
2126 region_rec_diffs(8,69)        -1.3189618     -3     3    -3.3582302e-07
2127 region_rec_diffs(8,70)        -0.8118396     -3     3    2.9592274e-07
2128 region_rec_diffs(8,71)        -0.30625584     -3     3    -3.0721717e-07
2129 region_rec_diffs(8,72)        -0.7212205     -3     3    -3.8202345e-08
2130 region_rec_diffs(8,73)        -0.44708856     -3     3    -7.1218398e-08
2131 region_rec_diffs(8,74)        -0.69748999     -3     3    -1.9443183e-07
2132 region_rec_diffs(8,75)        -0.077618213     -3     3    -8.1788448e-08
2133 region_rec_diffs(8,76)        -0.51332094     -3     3    -6.1527165e-07
2134 region_rec_diffs(8,77)        -0.94504495     -3     3    -2.7088797e-08
2135 region_rec_diffs(8,78)        -0.61571713     -3     3    4.7669952e-07
2136 region_rec_diffs(8,79)        -0.27134122     -3     3    -9.4020962e-08
2137 region_rec_diffs(8,80)        -1.0216013     -3     3    1.2405987e-06
2138 region_rec_diffs(8,81)        -0.66576582     -3     3    1.4394011e-06
2139 region_rec_diffs(8,82)        -1.0932815     -3     3    2.0376518e-07
2140 region_rec_diffs(8,83)        1.463724     -3     3    -1.6614139e-06
2141 region_rec_diffs(8,84)        0.30400084     -3     3    1.0884169e-06
2142 region_rec_diffs(8,85)        -0.22753485     -3     3    1.4427941e-06
2143 region_rec_diffs(8,86)        -0.044929304     -3     3    1.2052625e-07
2144 region_rec_diffs(8,87)        -0.8978328     -3     3    -6.3561591e-09
2145 region_rec_diffs(8,88)        -0.54234509     -3     3    -5.6116912e-08
2146 region_rec_diffs(8,89)        -0.23549462     -3     3    -1.7080604e-07
2147 region_rec_diffs(8,90)        -0.42967241     -3     3    -5.0762961e-07
2148 region_rec_diffs(8,91)        -0.40389349     -3     3    -3.1880416e-07
2149 region_rec_diffs(8,92)        -0.47503246     -3     3    2.3843596e-07
2150 region_rec_diffs(8,93)        -0.87929216     -3     3    2.9320193e-07
2151 region_rec_diffs(8,94)        -0.80805513     -3     3    -6.3963461e-07
2152 region_rec_diffs(8,95)        1.7237613     -3     3    -2.5061007e-06
2153 region_rec_diffs(8,96)        -0.29932383     -3     3    3.867777e-07
2154 region_rec_diffs(8,97)        -0.49640476     -3     3    -1.2159346e-06
2155 region_rec_diffs(8,98)        0.68245854     -3     3    -4.1725183e-07
2156 region_rec_diffs(8,99)        0.54685243     -3     3    -8.1990984e-07
2157 region_rec_diffs(8,100)        -0.48957088     -3     3    -4.557536e-07
2158 region_rec_diffs(8,101)        0.41721789     -3     3    1.6337339e-06
2159 region_rec_diffs(8,102)        -0.0079618941     -3     3    2.6838191e-07
2160 region_rec_diffs(8,103)        -0.14067179     -3     3    5.3168545e-08
2161 region_rec_diffs(8,104)        0.59765209     -3     3    9.2293283e-07
2162 region_rec_diffs(8,105)        -0.085096741     -3     3    3.8534692e-08
2163 region_rec_diffs(8,106)        -0.041039939     -3     3    1.4365298e-07
2164 region_rec_diffs(8,107)        -0.099472975     -3     3    7.5446836e-08
2165 region_rec_diffs(8,108)        -0.57838162     -3     3    -2.3216469e-08
2166 region_rec_diffs(8,109)        0.53266001     -3     3    7.202863e-07
2167 region_rec_diffs(8,110)        -7.5370495e-05     -3     3    -1.9682596e-08
2168 region_rec_diffs(8,111)        -0.022102621     -3     3    -1.0563802e-07
2169 region_rec_diffs(8,112)        0.062281051     -3     3    -1.6929273e-06
2170 region_rec_diffs(8,113)        0.37298047     -3     3    -3.4249091e-06
2171 region_rec_diffs(8,114)        -0.11994383     -3     3    -1.3136706e-07
2172 region_rec_diffs(8,115)        -0.030606008     -3     3    -2.7334558e-07
2173 region_rec_diffs(8,116)        -0.023235905     -3     3    -1.2987456e-06
2174 region_rec_diffs(8,117)        0.4085205     -3     3    -2.6853085e-06
2175 region_rec_diffs(8,118)        0.13002002     -3     3    -2.888054e-07
2176 region_rec_diffs(8,119)        0.49701133     -3     3    8.393368e-08
2177 region_rec_diffs(8,120)        2.0837394     -3     3    -1.2470912e-06
2178 region_rec_diffs(8,121)        -0.16181443     -3     3    5.3397254e-08
2179 region_rec_diffs(8,122)        -0.25182518     -3     3    7.7601476e-07
2180 region_rec_diffs(8,123)        -0.0010275276     -3     3    3.1435362e-07
2181 region_rec_diffs(8,124)        1.4067825     -3     3    1.5421738e-06
2182 region_rec_diffs(8,125)        1.38897     -3     3    5.7455158e-07
2183 region_rec_diffs(8,126)        0.24882404     -3     3    -1.1965898e-06
2184 region_rec_diffs(8,127)        0.19161393     -3     3    1.9357711e-06
2185 region_rec_diffs(8,128)        1.366177     -3     3    -8.6175383e-07
2186 region_rec_diffs(8,129)        -0.36429883     -3     3    -1.490374e-06
2187 region_rec_diffs(8,130)        0.0088199054     -3     3    1.0926117e-07
2188 region_rec_diffs(8,131)        0.047747047     -3     3    -2.2435901e-07
2189 region_rec_diffs(8,132)        1.8622848     -3     3    -5.8880183e-07
2190 region_rec_diffs(8,133)        1.0800037     -3     3    4.2169268e-07
2191 region_rec_diffs(8,134)        0.27814346     -3     3    -1.3608503e-06
2192 region_rec_diffs(8,135)        1.3743735     -3     3    1.2169974e-06
2193 region_rec_diffs(8,136)        -0.61978548     -3     3    4.4285763e-07
2194 region_rec_diffs(8,137)        -0.1290718     -3     3    8.3403904e-09
2195 region_rec_diffs(8,138)        -0.28160061     -3     3    -1.1390845e-06
2196 region_rec_diffs(8,139)        -0.092990428     -3     3    3.3610731e-08
2197 region_rec_diffs(8,140)        1.1793886     -3     3    -6.8534739e-07
2198 region_rec_diffs(8,141)        -0.23502123     -3     3    -7.683691e-07
2199 region_rec_diffs(8,142)        -0.0085996755     -3     3    -1.97712e-07
2200 region_rec_diffs(8,143)        0.031602731     -3     3    -2.3595735e-07
2201 region_rec_diffs(8,144)        0.2491224     -3     3    1.5146972e-07
2202 region_rec_diffs(8,145)        0.87215033     -3     3    8.839026e-07
2203 region_rec_diffs(8,146)        2.277307     -3     3    -7.1457554e-08
2204 region_rec_diffs(8,147)        1.81596     -3     3    9.0101008e-07
2205 region_rec_diffs(8,148)        0.69352677     -3     3    -2.0234222e-07
2206 region_rec_diffs(8,149)        -0.52118523     -3     3    -5.3132293e-07
2207 region_rec_diffs(8,150)        -0.24405405     -3     3    2.1342603e-07
2208 region_rec_diffs(8,151)        0.80435489     -3     3    5.9126529e-07
2209 region_rec_diffs(8,152)        -0.14613785     -3     3    3.6054598e-08
2210 region_rec_diffs(8,153)        1.0601185     -3     3    -3.3684968e-07
2211 region_rec_diffs(8,154)        2.2730736     -3     3    2.0979606e-09
2212 region_rec_diffs(8,155)        2.5473806     -3     3    -6.5663176e-07
2213 region_rec_diffs(8,156)        -1.4506053     -3     3    1.7309396e-10
2214 region_rec_diffs(8,157)        -1.2676713     -3     3    1.853342e-07
2215 region_rec_diffs(8,158)        -0.44502349     -3     3    1.6866804e-07
2216 region_rec_diffs(8,159)        0.83454134     -3     3    -2.3637219e-07
2217 region_rec_diffs(8,160)        2.4170739     -3     3    1.6754977e-07
2218 region_rec_diffs(8,161)        0.9739796     -3     3    1.2763811e-06
2219 region_rec_diffs(8,162)        0.14941986     -3     3    6.2126666e-07
2220 region_rec_diffs(8,163)        2.199564     -3     3    3.2691736e-07
2221 region_rec_diffs(8,164)        1.0575851     -3     3    -4.6498494e-07
2222 region_rec_diffs(8,165)        -0.27525512     -3     3    1.4447389e-07
2223 region_rec_diffs(8,166)        -0.5282989     -3     3    -3.0950374e-08
2224 region_rec_diffs(8,167)        -0.52021711     -3     3    -4.5371456e-07
2225 region_rec_diffs(8,168)        2.0291843     -3     3    3.0448165e-06
2226 region_rec_diffs(8,169)        1.3081123     -3     3    -1.354197e-06
2227 region_rec_diffs(8,170)        0.59498756     -3     3    1.4787477e-06
2228 region_rec_diffs(8,171)        2.0843014     -3     3    -5.9118528e-07
2229 region_rec_diffs(8,172)        2.0020739     -3     3    3.0577012e-08
2230 region_rec_diffs(8,173)        0.0031600179     -3     3    -1.656495e-06
2231 region_rec_diffs(8,174)        -0.055159842     -3     3    -1.7707805e-07
2232 region_rec_diffs(8,175)        -0.40725406     -3     3    -1.0029878e-07
2233 region_rec_diffs(8,176)        -0.78622671     -3     3    -6.1639655e-07
2234 region_rec_diffs(8,177)        0.75797303     -3     3    -7.3864407e-07
2235 region_rec_diffs(8,178)        0.75520788     -3     3    3.1406508e-06
2236 region_rec_diffs(8,179)        -1.5269933     -3     3    4.3854777e-08
2237 region_rec_diffs(8,180)        -0.33793272     -3     3    -2.6528033e-07
2238 region_rec_diffs(8,181)        -1.0007425     -3     3    2.1906848e-07
2239 region_rec_diffs(8,182)        -0.41442569     -3     3    6.6929005e-09
2240 region_rec_diffs(8,183)        -0.49743935     -3     3    2.0584215e-07
2241 region_rec_diffs(8,184)        1.6478723     -3     3    3.0130144e-07
2242 region_rec_diffs(8,185)        1.2306747     -3     3    1.2160585e-06
2243 region_rec_diffs(8,186)        1.7062855     -3     3    1.0528054e-06
2244 region_rec_diffs(8,187)        -0.96432746     -3     3    3.1308769e-07
2245 region_rec_diffs(8,188)        -1.0530466     -3     3    -6.5140321e-07
2246 region_rec_diffs(8,189)        0.31359388     -3     3    4.7947977e-07
2247 region_rec_diffs(8,190)        1.4694937     -3     3    -1.6802415e-06
2248 region_rec_diffs(8,191)        1.6398851     -3     3    -4.3962322e-07
2249 region_rec_diffs(8,192)        -0.12653065     -3     3    5.858687e-07
2250 region_rec_diffs(8,193)        -0.052943825     -3     3    1.1228536e-06
2251 region_rec_diffs(8,194)        2.2697962     -3     3    -5.8147087e-07
2252 region_rec_diffs(8,195)        2.1538149     -3     3    1.1765046e-06
2253 region_rec_diffs(8,196)        -1.4901088     -3     3    -3.0388005e-07
2254 region_rec_diffs(8,197)        1.4921819     -3     3    -1.9733415e-06
2255 region_rec_diffs(8,198)        1.4727779     -3     3    7.4172971e-07
2256 region_rec_diffs(8,199)        0.18111011     -3     3    -1.2631198e-06
2257 region_rec_diffs(8,200)        0.73945148     -3     3    -9.3470087e-08
2258 region_rec_diffs(8,201)        0.60268175     -3     3    -1.8440659e-06
2259 region_rec_diffs(8,202)        1.1804065     -3     3    2.6870623e-07
2260 region_rec_diffs(8,203)        0.36817645     -3     3    8.9677307e-07
2261 region_rec_diffs(8,204)        0.88296614     -3     3    -3.87423e-06
2262 region_rec_diffs(8,205)        0.080895435     -3     3    -2.3027911e-07
2263 region_rec_diffs(8,206)        1.0466402     -3     3    4.7639675e-07
2264 region_rec_diffs(8,207)        2.2342003     -3     3    1.1653225e-06
2265 region_rec_diffs(8,208)        0.4019076     -3     3    3.3919721e-06
2266 region_rec_diffs(8,209)        1.0335034     -3     3    -2.2568206e-06
2267 region_rec_diffs(8,210)        -0.51687294     -3     3    -1.444516e-06
2268 region_rec_diffs(8,211)        -0.61575815     -3     3    6.3598745e-08
2269 region_rec_diffs(8,212)        -0.034035462     -3     3    -2.7973551e-07
2270 region_rec_diffs(8,213)        1.2460061     -3     3    -2.3039054e-06
2271 region_rec_diffs(8,214)        0.43431324     -3     3    -2.3316275e-07
2272 region_rec_diffs(8,215)        0.7421527     -3     3    2.6082316e-06
2273 region_rec_diffs(8,216)        -0.20420293     -3     3    1.7882525e-06
2274 region_rec_diffs(8,217)        -0.67346113     -3     3    2.5111024e-06
2275 region_rec_diffs(8,218)        -0.69729258     -3     3    -2.4341643e-07
2276 region_rec_diffs(8,219)        -1.2408544     -3     3    -2.4000885e-06
2277 region_rec_diffs(8,220)        -2.2933819     -3     3    1.8730388e-08
2278 region_rec_diffs(8,221)        -2.1185693     -3     3    3.8852537e-07
2279 region_rec_diffs(8,222)        0.048083151     -3     3    2.0456907e-07
2280 region_rec_diffs(8,223)        0.36925294     -3     3    -1.8994188e-06
2281 region_rec_diffs(8,224)        0.66657934     -3     3    -2.1542918e-06
2282 region_rec_diffs(8,225)        2.0547778     -3     3    1.9347997e-06
2283 region_rec_diffs(8,226)        0.38019926     -3     3    -7.7676271e-07
2284 region_rec_diffs(8,227)        0.97070269     -3     3    -2.8530715e-06
2285 region_rec_diffs(8,228)        -0.44704283     -3     3    -6.8002052e-07
2286 region_rec_diffs(8,229)        -1.4426066     -3     3    -1.4758641e-06
2287 region_rec_diffs(8,230)        -0.22719626     -3     3    -5.5420749e-07
2288 region_rec_diffs(8,231)        -1.8360919     -3     3    -1.2356657e-07
2289 region_rec_diffs(8,232)        -0.94241158     -3     3    -1.1219571e-06
2290 region_rec_diffs(8,233)        -0.61447204     -3     3    -1.8048838e-06
2291 region_rec_diffs(8,234)        -0.051582245     -3     3    1.8946583e-06
2292 region_rec_diffs(8,235)        -0.55626762     -3     3    -6.5646993e-07
2293 region_rec_diffs(8,236)        0.21154006     -3     3    1.1356173e-06
2294 region_rec_diffs(8,237)        0.78001108     -3     3    -6.2576878e-07
2295 region_rec_diffs(8,238)        0.31897807     -3     3    -1.6944213e-07
2296 region_rec_diffs(8,239)        0.84357299     -3     3    -1.245662e-07
2297 region_rec_diffs(8,240)        -0.3524397     -3     3    -3.0063749e-06
2298 region_rec_diffs(8,241)        -0.20000182     -3     3    8.7927921e-07
2299 region_rec_diffs(8,242)        -0.059469805     -3     3    -5.0985058e-07
2300 region_rec_diffs(8,243)        -1.4895109     -3     3    1.7254398e-07
2301 region_rec_diffs(8,244)        -2.064102     -3     3    2.493314e-07
2302 region_rec_diffs(8,245)        0.42839823     -3     3    -6.23407e-07
2303 region_rec_diffs(8,246)        1.0894851     -3     3    5.3621485e-07
2304 region_rec_diffs(8,247)        -0.38690595     -3     3    1.8430957e-06
2305 region_rec_diffs(8,248)        -0.73996585     -3     3    -1.2099073e-06
2306 region_rec_diffs(8,249)        1.4130615     -3     3    4.2350048e-07
2307 region_rec_diffs(8,250)        0.0057526446     -3     3    -1.8017059e-06
2308 region_rec_diffs(8,251)        -0.57602141     -3     3    9.591859e-07
2309 region_rec_diffs(8,252)        -1.4877095     -3     3    2.2986126e-07
2310 region_rec_diffs(8,253)        0.25575643     -3     3    1.5192333e-06
2311 region_rec_diffs(8,254)        0.91526892     -3     3    -9.734463e-08
2312 region_rec_diffs(8,255)        0.20199249     -3     3    -2.2124867e-06
2313 region_rec_diffs(8,256)        -1.8291107     -3     3    1.3606901e-07
2314 region_rec_diffs(8,257)        -1.8564318     -3     3    5.1276338e-07
2315 region_rec_diffs(8,258)        -0.40260407     -3     3    3.3706831e-08
2316 region_rec_diffs(8,259)        -0.018407395     -3     3    -1.3868526e-06
2317 region_rec_diffs(8,260)        -1.3503405     -3     3    4.3095085e-07
2318 region_rec_diffs(8,261)        0.73629724     -3     3    -1.0169444e-06
2319 region_rec_diffs(8,262)        -0.032348845     -3     3    -9.1958454e-07
2320 region_rec_diffs(8,263)        -0.2580123     -3     3    -8.3733213e-07
2321 region_rec_diffs(8,264)        0.47565951     -3     3    7.9556161e-07
2322 region_rec_diffs(8,265)        -0.17671225     -3     3    2.1167304e-06
2323 region_rec_diffs(8,266)        0.64572701     -3     3    8.8376715e-08
2324 region_rec_diffs(8,267)        0.43163736     -3     3    -1.5557325e-06
2325 region_rec_diffs(8,268)        -1.3530716     -3     3    -2.5140875e-07
2326 region_rec_diffs(8,269)        0.14793467     -3     3    -3.9277126e-07
2327 region_rec_diffs(8,270)        -0.22895978     -3     3    2.8884172e-07
2328 region_rec_diffs(8,271)        -0.08674022     -3     3    -1.3768994e-07
2329 region_rec_diffs(8,272)        0.94672239     -3     3    2.2310944e-06
2330 region_rec_diffs(8,273)        -0.18796324     -3     3    -1.7547633e-07
2331 region_rec_diffs(8,274)        0.34328168     -3     3    -3.5069912e-07
2332 region_rec_diffs(8,275)        -0.38748381     -3     3    1.7282264e-07
2333 region_rec_diffs(8,276)        -0.73468784     -3     3    -9.8917644e-07
2334 region_rec_diffs(8,277)        -0.29252032     -3     3    7.6957064e-07
2335 region_rec_diffs(8,278)        0.55633197     -3     3    3.4363705e-07
2336 region_rec_diffs(8,279)        -0.17280383     -3     3    -4.8607927e-07
2337 region_rec_diffs(9,1)        3.6704595e-10     -3     3    -4.3927263e-11
2338 region_rec_diffs(9,2)        0.59133126     -3     3    1.503679e-06
2339 region_rec_diffs(9,3)        0.61204549     -3     3    -2.4863225e-06
2340 region_rec_diffs(9,4)        0.60376576     -3     3    -5.1043173e-07
2341 region_rec_diffs(9,5)        0.57138802     -3     3    3.9330681e-06
2342 region_rec_diffs(9,6)        0.028192723     -3     3    -9.298938e-08
2343 region_rec_diffs(9,7)        0.098807713     -3     3    -1.1735546e-06
2344 region_rec_diffs(9,8)        0.00059167106     -3     3    -3.5005219e-08
2345 region_rec_diffs(9,9)        -0.0055935643     -3     3    -8.1946014e-08
2346 region_rec_diffs(9,10)        -0.11300668     -3     3    -1.0763366e-06
2347 region_rec_diffs(9,11)        0.0029221613     -3     3    -6.1713728e-08
2348 region_rec_diffs(9,12)        0.0066097452     -3     3    2.2457588e-08
2349 region_rec_diffs(9,13)        0.59059664     -3     3    -2.0456181e-06
2350 region_rec_diffs(9,14)        1.7021469     -3     3    3.842229e-07
2351 region_rec_diffs(9,15)        0.0094743241     -3     3    4.0179089e-09
2352 region_rec_diffs(9,16)        0.009506355     -3     3    3.0346991e-08
2353 region_rec_diffs(9,17)        0.15914997     -3     3    1.0047447e-06
2354 region_rec_diffs(9,18)        0.78337967     -3     3    1.2937707e-06
2355 region_rec_diffs(9,19)        0.022920017     -3     3    1.2239611e-07
2356 region_rec_diffs(9,20)        0.017550683     -3     3    2.2289928e-08
2357 region_rec_diffs(9,21)        1.4014627     -3     3    1.8606847e-06
2358 region_rec_diffs(9,22)        0.2070852     -3     3    -6.2900081e-07
2359 region_rec_diffs(9,23)        0.3668834     -3     3    6.8628958e-07
2360 region_rec_diffs(9,24)        0.026081335     -3     3    -4.355995e-08
2361 region_rec_diffs(9,25)        0.68839728     -3     3    7.9126046e-07
2362 region_rec_diffs(9,26)        -0.03155165     -3     3    2.6945177e-07
2363 region_rec_diffs(9,27)        -0.72787003     -3     3    5.9215702e-07
2364 region_rec_diffs(9,28)        -0.0015993494     -3     3    -2.1526522e-07
2365 region_rec_diffs(9,29)        2.4989354     -3     3    4.108538e-07
2366 region_rec_diffs(9,30)        0.015703322     -3     3    -7.8306995e-08
2367 region_rec_diffs(9,31)        0.012793909     -3     3    -1.8109391e-07
2368 region_rec_diffs(9,32)        0.013953916     -3     3    2.1360955e-08
2369 region_rec_diffs(9,33)        0.19869153     -3     3    -1.4575256e-07
2370 region_rec_diffs(9,34)        0.6867962     -3     3    -1.796356e-08
2371 region_rec_diffs(9,35)        0.0077734408     -3     3    5.5495761e-09
2372 region_rec_diffs(9,36)        0.095120929     -3     3    -1.5054741e-07
2373 region_rec_diffs(9,37)        0.8213431     -3     3    -3.0952954e-07
2374 region_rec_diffs(9,38)        0.035579781     -3     3    1.0828549e-07
2375 region_rec_diffs(9,39)        0.0037184226     -3     3    2.4526204e-08
2376 region_rec_diffs(9,40)        0.017347006     -3     3    4.5668278e-08
2377 region_rec_diffs(9,41)        0.44444791     -3     3    1.6068812e-06
2378 region_rec_diffs(9,42)        0.42099437     -3     3    -1.9650909e-07
2379 region_rec_diffs(9,43)        0.014180447     -3     3    -4.9211525e-08
2380 region_rec_diffs(9,44)        0.35264378     -3     3    1.3202176e-06
2381 region_rec_diffs(9,45)        1.1664223     -3     3    1.8258651e-06
2382 region_rec_diffs(9,46)        0.0086785226     -3     3    2.8466162e-08
2383 region_rec_diffs(9,47)        0.0049667645     -3     3    2.8479972e-08
2384 region_rec_diffs(9,48)        -0.085518473     -3     3    8.5961558e-08
2385 region_rec_diffs(9,49)        0.82858512     -3     3    -2.5473437e-07
2386 region_rec_diffs(9,50)        0.017102357     -3     3    -3.1394599e-08
2387 region_rec_diffs(9,51)        0.15610837     -3     3    -1.3049778e-07
2388 region_rec_diffs(9,52)        0.058480768     -3     3    -4.8761205e-08
2389 region_rec_diffs(9,53)        1.0979503     -3     3    1.9261216e-07
2390 region_rec_diffs(9,54)        -0.0066887728     -3     3    5.1763588e-09
2391 region_rec_diffs(9,55)        -0.010967007     -3     3    4.827748e-08
2392 region_rec_diffs(9,56)        -0.054677013     -3     3    -3.6341172e-08
2393 region_rec_diffs(9,57)        -0.03971964     -3     3    -1.8523822e-07
2394 region_rec_diffs(9,58)        0.32001039     -3     3    -5.5675262e-07
2395 region_rec_diffs(9,59)        0.031565417     -3     3    3.0100079e-07
2396 region_rec_diffs(9,60)        0.55559099     -3     3    -6.6318762e-07
2397 region_rec_diffs(9,61)        0.19148682     -3     3    -1.2911598e-08
2398 region_rec_diffs(9,62)        0.0077612506     -3     3    4.2329402e-08
2399 region_rec_diffs(9,63)        0.024332962     -3     3    -1.9227828e-07
2400 region_rec_diffs(9,64)        0.23696427     -3     3    -5.2763214e-07
2401 region_rec_diffs(9,65)        0.1810075     -3     3    -4.0677913e-07
2402 region_rec_diffs(9,66)        -0.019193046     -3     3    1.8596352e-07
2403 region_rec_diffs(9,67)        -0.082842598     -3     3    -1.7781683e-07
2404 region_rec_diffs(9,68)        -0.3410553     -3     3    3.6494438e-08
2405 region_rec_diffs(9,69)        -0.1794942     -3     3    -1.1467367e-07
2406 region_rec_diffs(9,70)        0.29572815     -3     3    2.1979961e-07
2407 region_rec_diffs(9,71)        0.013988142     -3     3    -4.5404647e-08
2408 region_rec_diffs(9,72)        0.077664592     -3     3    -1.2265349e-07
2409 region_rec_diffs(9,73)        1.4437878     -3     3    6.2571048e-07
2410 region_rec_diffs(9,74)        0.13917846     -3     3    -3.0594069e-08
2411 region_rec_diffs(9,75)        0.014375581     -3     3    3.5429751e-08
2412 region_rec_diffs(9,76)        0.11660801     -3     3    -4.1920413e-07
2413 region_rec_diffs(9,77)        0.30447271     -3     3    7.1148202e-08
2414 region_rec_diffs(9,78)        0.026200638     -3     3    -2.9696911e-07
2415 region_rec_diffs(9,79)        0.0054469222     -3     3    -2.3815891e-08
2416 region_rec_diffs(9,80)        0.80317603     -3     3    -1.592083e-06
2417 region_rec_diffs(9,81)        0.25244699     -3     3    -1.3436286e-07
2418 region_rec_diffs(9,82)        0.17676443     -3     3    -2.0340217e-07
2419 region_rec_diffs(9,83)        0.31683698     -3     3    7.6643047e-07
2420 region_rec_diffs(9,84)        0.96098915     -3     3    1.1444835e-06
2421 region_rec_diffs(9,85)        0.12555625     -3     3    6.1198254e-07
2422 region_rec_diffs(9,86)        -0.0067208194     -3     3    6.2325339e-08
2423 region_rec_diffs(9,87)        -0.28384809     -3     3    6.135947e-07
2424 region_rec_diffs(9,88)        -0.2809586     -3     3    9.6651125e-07
2425 region_rec_diffs(9,89)        -0.099793855     -3     3    4.8566859e-07
2426 region_rec_diffs(9,90)        0.0071208714     -3     3    6.2301156e-08
2427 region_rec_diffs(9,91)        0.083034192     -3     3    1.808208e-08
2428 region_rec_diffs(9,92)        0.24842555     -3     3    3.1194657e-07
2429 region_rec_diffs(9,93)        1.707051     -3     3    9.5579911e-07
2430 region_rec_diffs(9,94)        0.30106361     -3     3    5.6011116e-07
2431 region_rec_diffs(9,95)        -0.053238569     -3     3    1.0808021e-07
2432 region_rec_diffs(9,96)        -0.010528387     -3     3    -9.5901195e-09
2433 region_rec_diffs(9,97)        -0.0084964087     -3     3    -1.2257255e-07
2434 region_rec_diffs(9,98)        0.011852003     -3     3    -2.3834851e-08
2435 region_rec_diffs(9,99)        0.064038281     -3     3    -7.8828879e-08
2436 region_rec_diffs(9,100)        1.2175379     -3     3    6.0221021e-09
2437 region_rec_diffs(9,101)        0.27365758     -3     3    -1.9541706e-07
2438 region_rec_diffs(9,102)        0.0053976423     -3     3    -6.7630254e-08
2439 region_rec_diffs(9,103)        0.021024916     -3     3    -8.1008454e-08
2440 region_rec_diffs(9,104)        0.88106314     -3     3    1.5576122e-07
2441 region_rec_diffs(9,105)        0.0099704573     -3     3    -5.8882327e-08
2442 region_rec_diffs(9,106)        0.0017508502     -3     3    1.4809012e-07
2443 region_rec_diffs(9,107)        0.0036259232     -3     3    6.5698154e-09
2444 region_rec_diffs(9,108)        0.19099379     -3     3    4.3490352e-08
2445 region_rec_diffs(9,109)        1.1159729     -3     3    -2.5403509e-07
2446 region_rec_diffs(9,110)        0.0091572359     -3     3    -2.8359338e-08
2447 region_rec_diffs(9,111)        0.0043471792     -3     3    -4.1355423e-09
2448 region_rec_diffs(9,112)        -0.002358798     -3     3    -6.2465019e-07
2449 region_rec_diffs(9,113)        -0.12512914     -3     3    -1.2162933e-06
2450 region_rec_diffs(9,114)        -0.015417724     -3     3    -1.1709005e-07
2451 region_rec_diffs(9,115)        -0.006728877     -3     3    -8.6184669e-08
2452 region_rec_diffs(9,116)        -0.0096768788     -3     3    -6.4335584e-07
2453 region_rec_diffs(9,117)        0.35497157     -3     3    -1.2418444e-06
2454 region_rec_diffs(9,118)        0.032838278     -3     3    -6.369298e-08
2455 region_rec_diffs(9,119)        0.26791162     -3     3    -4.535021e-07
2456 region_rec_diffs(9,120)        0.68892066     -3     3    2.036025e-06
2457 region_rec_diffs(9,121)        0.734688     -3     3    1.5400409e-06
2458 region_rec_diffs(9,122)        0.10098569     -3     3    8.9432959e-08
2459 region_rec_diffs(9,123)        0.028487951     -3     3    -1.9372552e-09
2460 region_rec_diffs(9,124)        0.54015849     -3     3    2.1913713e-07
2461 region_rec_diffs(9,125)        0.27103195     -3     3    6.0568143e-07
2462 region_rec_diffs(9,126)        0.59389489     -3     3    1.4788637e-06
2463 region_rec_diffs(9,127)        0.09061322     -3     3    1.6853092e-07
2464 region_rec_diffs(9,128)        2.3946171     -3     3    1.8411241e-06
2465 region_rec_diffs(9,129)        0.046632053     -3     3    -6.638038e-08
2466 region_rec_diffs(9,130)        -0.051490215     -3     3    3.0630237e-07
2467 region_rec_diffs(9,131)        -0.10040473     -3     3    -2.3687757e-08
2468 region_rec_diffs(9,132)        -0.53499903     -3     3    8.2834249e-07
2469 region_rec_diffs(9,133)        -0.49692351     -3     3    -1.2310296e-07
2470 region_rec_diffs(9,134)        -0.056547023     -3     3    -8.4338876e-09
2471 region_rec_diffs(9,135)        -0.087480925     -3     3    5.6222833e-07
2472 region_rec_diffs(9,136)        0.11032179     -3     3    6.6415281e-07
2473 region_rec_diffs(9,137)        0.039288096     -3     3    1.9426449e-07
2474 region_rec_diffs(9,138)        0.049662318     -3     3    -2.1683076e-07
2475 region_rec_diffs(9,139)        -0.0043620901     -3     3    -9.1961679e-08
2476 region_rec_diffs(9,140)        -0.11627216     -3     3    1.7794381e-07
2477 region_rec_diffs(9,141)        -0.039204893     -3     3    -2.352691e-07
2478 region_rec_diffs(9,142)        -0.0064237809     -3     3    -2.1043547e-08
2479 region_rec_diffs(9,143)        -0.015040645     -3     3    -8.1994355e-08
2480 region_rec_diffs(9,144)        -0.059644015     -3     3    -9.4763079e-07
2481 region_rec_diffs(9,145)        0.27549768     -3     3    -1.2773759e-06
2482 region_rec_diffs(9,146)        0.052229378     -3     3    -2.0161385e-07
2483 region_rec_diffs(9,147)        0.19279417     -3     3    -7.7261352e-07
2484 region_rec_diffs(9,148)        0.74451129     -3     3    -5.828271e-07
2485 region_rec_diffs(9,149)        -0.04994593     -3     3    -1.074496e-07
2486 region_rec_diffs(9,150)        -0.065394047     -3     3    5.1940772e-08
2487 region_rec_diffs(9,151)        -0.38150846     -3     3    -4.8895241e-07
2488 region_rec_diffs(9,152)        -0.31639761     -3     3    6.8651648e-08
2489 region_rec_diffs(9,153)        -0.3007744     -3     3    2.4803208e-07
2490 region_rec_diffs(9,154)        -0.051370573     -3     3    7.7609884e-08
2491 region_rec_diffs(9,155)        0.017136192     -3     3    3.4204972e-08
2492 region_rec_diffs(9,156)        0.12174782     -3     3    5.502294e-07
2493 region_rec_diffs(9,157)        0.011886368     -3     3    1.2991536e-07
2494 region_rec_diffs(9,158)        -0.0040293286     -3     3    1.5899629e-08
2495 region_rec_diffs(9,159)        0.00062834178     -3     3    1.8929938e-08
2496 region_rec_diffs(9,160)        0.13784418     -3     3    2.4457169e-07
2497 region_rec_diffs(9,161)        0.43675246     -3     3    7.7438826e-07
2498 region_rec_diffs(9,162)        0.088779638     -3     3    -1.0549956e-07
2499 region_rec_diffs(9,163)        0.89360988     -3     3    4.5416827e-07
2500 region_rec_diffs(9,164)        0.027698424     -3     3    3.8190328e-07
2501 region_rec_diffs(9,165)        -0.12430692     -3     3    7.9198547e-08
2502 region_rec_diffs(9,166)        -0.2075185     -3     3    -3.1889458e-08
2503 region_rec_diffs(9,167)        -0.45535106     -3     3    7.1383524e-07
2504 region_rec_diffs(9,168)        -0.3651545     -3     3    1.4162765e-07
2505 region_rec_diffs(9,169)        -0.1417005     -3     3    2.201501e-07
2506 region_rec_diffs(9,170)        0.10758246     -3     3    -2.0765392e-07
2507 region_rec_diffs(9,171)        2.9999998     -3     3    2.2704384e-08   *************
2508 region_rec_diffs(9,172)        1.1267729     -3     3    1.5910529e-07
2509 region_rec_diffs(9,173)        -0.41897735     -3     3    -9.9492384e-07
2510 region_rec_diffs(9,174)        -0.28059719     -3     3    -1.1584201e-08
2511 region_rec_diffs(9,175)        -0.79597151     -3     3    2.9560263e-07
2512 region_rec_diffs(9,176)        -1.8185343     -3     3    -2.2818743e-07
2513 region_rec_diffs(9,177)        -1.9973003     -3     3    -4.1493986e-07
2514 region_rec_diffs(9,178)        -1.1730703     -3     3    -2.3679791e-07
2515 region_rec_diffs(9,179)        2.073994     -3     3    -1.0072202e-07
2516 region_rec_diffs(9,180)        -1.2777767     -3     3    1.0999997e-07
2517 region_rec_diffs(9,181)        -1.6516446     -3     3    -2.1024596e-07
2518 region_rec_diffs(9,182)        -0.55332718     -3     3    -4.3830136e-08
2519 region_rec_diffs(9,183)        -0.43265045     -3     3    -3.9998276e-07
2520 region_rec_diffs(9,184)        -1.1718323     -3     3    -6.5343694e-07
2521 region_rec_diffs(9,185)        -1.9992172     -3     3    3.4249492e-07
2522 region_rec_diffs(9,186)        0.4721735     -3     3    -6.2312705e-07
2523 region_rec_diffs(9,187)        1.8373949     -3     3    2.8983278e-07
2524 region_rec_diffs(9,188)        -2.2098151     -3     3    -3.0139527e-07
2525 region_rec_diffs(9,189)        -2.036448     -3     3    -1.0157013e-06
2526 region_rec_diffs(9,190)        -1.621575     -3     3    -6.7067325e-08
2527 region_rec_diffs(9,191)        -0.83039577     -3     3    -9.0784811e-07
2528 region_rec_diffs(9,192)        -0.26112445     -3     3    -2.9525355e-06
2529 region_rec_diffs(9,193)        -1.0954042     -3     3    -4.1550951e-07
2530 region_rec_diffs(9,194)        0.96402434     -3     3    1.9316987e-06
2531 region_rec_diffs(9,195)        1.8623209     -3     3    -1.4474969e-06
2532 region_rec_diffs(9,196)        -2.243535     -3     3    6.6484785e-07
2533 region_rec_diffs(9,197)        -1.6507822     -3     3    3.5881988e-07
2534 region_rec_diffs(9,198)        -1.5084521     -3     3    -1.7917506e-07
2535 region_rec_diffs(9,199)        1.2576015     -3     3    -7.8441031e-07
2536 region_rec_diffs(9,200)        0.41974746     -3     3    5.0433228e-08
2537 region_rec_diffs(9,201)        -0.56474546     -3     3    7.0068684e-07
2538 region_rec_diffs(9,202)        -0.1786206     -3     3    8.6681865e-07
2539 region_rec_diffs(9,203)        1.3057867     -3     3    9.6879191e-07
2540 region_rec_diffs(9,204)        0.87089477     -3     3    -2.2139408e-06
2541 region_rec_diffs(9,205)        -1.2902352     -3     3    -3.9715756e-07
2542 region_rec_diffs(9,206)        -1.610304     -3     3    9.896094e-08
2543 region_rec_diffs(9,207)        -1.5035967     -3     3    -9.7423996e-08
2544 region_rec_diffs(9,208)        -2.2136211     -3     3    5.885968e-09
2545 region_rec_diffs(9,209)        -1.3135774     -3     3    -7.6136789e-07
2546 region_rec_diffs(9,210)        -1.4560512     -3     3    -6.1328994e-08
2547 region_rec_diffs(9,211)        2.0112826     -3     3    -2.6685233e-07
2548 region_rec_diffs(9,212)        -0.071942585     -3     3    1.2920081e-06
2549 region_rec_diffs(9,213)        -0.73385425     -3     3    -3.5910743e-07
2550 region_rec_diffs(9,214)        -0.71893604     -3     3    1.0190817e-06
2551 region_rec_diffs(9,215)        0.30809827     -3     3    7.1982368e-07
2552 region_rec_diffs(9,216)        1.0668868     -3     3    5.2697862e-07
2553 region_rec_diffs(9,217)        0.16595763     -3     3    -2.9444749e-07
2554 region_rec_diffs(9,218)        -0.017270034     -3     3    -1.0560736e-06
2555 region_rec_diffs(9,219)        0.18144015     -3     3    -1.3169083e-06
2556 region_rec_diffs(9,220)        -0.76121757     -3     3    -7.276402e-07
2557 region_rec_diffs(9,221)        -0.66841851     -3     3    -3.7065155e-07
2558 region_rec_diffs(9,222)        2.1474322     -3     3    1.3225145e-06
2559 region_rec_diffs(9,223)        -0.44874485     -3     3    6.1772893e-07
2560 region_rec_diffs(9,224)        -1.9378173     -3     3    -3.2270229e-08
2561 region_rec_diffs(9,225)        -1.4660701     -3     3    1.399091e-07
2562 region_rec_diffs(9,226)        -1.0873181     -3     3    4.2967162e-07
2563 region_rec_diffs(9,227)        0.48325767     -3     3    -3.1821141e-07
2564 region_rec_diffs(9,228)        0.59493048     -3     3    -1.1160408e-06
2565 region_rec_diffs(9,229)        -0.35290028     -3     3    -1.3683225e-07
2566 region_rec_diffs(9,230)        1.6728247     -3     3    4.9474274e-07
2567 region_rec_diffs(9,231)        -0.85073423     -3     3    3.9548669e-08
2568 region_rec_diffs(9,232)        -1.4755056     -3     3    6.4368262e-07
2569 region_rec_diffs(9,233)        -0.8428568     -3     3    5.5186961e-07
2570 region_rec_diffs(9,234)        -0.0056534711     -3     3    7.2610739e-07
2571 region_rec_diffs(9,235)        0.22309882     -3     3    -9.0795179e-08
2572 region_rec_diffs(9,236)        -0.32215982     -3     3    -5.6156489e-07
2573 region_rec_diffs(9,237)        0.23309487     -3     3    -1.2206222e-06
2574 region_rec_diffs(9,238)        1.3318623     -3     3    -2.6192789e-06
2575 region_rec_diffs(9,239)        -0.71824238     -3     3    -2.656137e-07
2576 region_rec_diffs(9,240)        -1.1338336     -3     3    1.7905882e-08
2577 region_rec_diffs(9,241)        -1.2020277     -3     3    2.0473519e-07
2578 region_rec_diffs(9,242)        -1.0522732     -3     3    4.7777525e-07
2579 region_rec_diffs(9,243)        1.0579243     -3     3    9.0211799e-07
2580 region_rec_diffs(9,244)        1.3520488     -3     3    -7.8980733e-07
2581 region_rec_diffs(9,245)        -1.3100658     -3     3    8.2742468e-08
2582 region_rec_diffs(9,246)        -1.4784069     -3     3    -2.6573162e-07
2583 region_rec_diffs(9,247)        -0.91812472     -3     3    -2.2901547e-07
2584 region_rec_diffs(9,248)        1.1911228     -3     3    -1.5180001e-07
2585 region_rec_diffs(9,249)        -1.0084569     -3     3    5.0543783e-07
2586 region_rec_diffs(9,250)        -1.2802637     -3     3    6.7401859e-07
2587 region_rec_diffs(9,251)        -1.4648667     -3     3    9.7637494e-07
2588 region_rec_diffs(9,252)        -1.3561176     -3     3    9.5045375e-09
2589 region_rec_diffs(9,253)        -0.93762719     -3     3    -3.8198625e-07
2590 region_rec_diffs(9,254)        0.2049337     -3     3    -9.0005806e-08
2591 region_rec_diffs(9,255)        -0.63071685     -3     3    1.5387713e-07
2592 region_rec_diffs(9,256)        -1.3185041     -3     3    6.4079746e-08
2593 region_rec_diffs(9,257)        -0.87042124     -3     3    -5.4156885e-08
2594 region_rec_diffs(9,258)        1.0651232     -3     3    3.9955705e-07
2595 region_rec_diffs(9,259)        1.1123551     -3     3    2.1383969e-06
2596 region_rec_diffs(9,260)        -0.82366486     -3     3    3.5382581e-07
2597 region_rec_diffs(9,261)        -0.82299571     -3     3    6.3858461e-08
2598 region_rec_diffs(9,262)        -0.48977464     -3     3    -2.6076036e-07
2599 region_rec_diffs(9,263)        0.024092065     -3     3    7.9357506e-08
2600 region_rec_diffs(9,264)        0.50115887     -3     3    -4.6572921e-07
2601 region_rec_diffs(9,265)        0.15207405     -3     3    -1.0599323e-06
2602 region_rec_diffs(9,266)        -0.13715199     -3     3    -8.4476004e-07
2603 region_rec_diffs(9,267)        -0.70586334     -3     3    -6.169515e-07
2604 region_rec_diffs(9,268)        -1.101153     -3     3    -2.8074632e-07
2605 region_rec_diffs(9,269)        -0.86556171     -3     3    -9.0514447e-08
2606 region_rec_diffs(9,270)        0.061993623     -3     3    -1.1645485e-07
2607 region_rec_diffs(9,271)        1.3232965     -3     3    1.9666782e-07
2608 region_rec_diffs(9,272)        -0.46061102     -3     3    5.841454e-07
2609 region_rec_diffs(9,273)        -0.51678331     -3     3    1.2260483e-07
2610 region_rec_diffs(9,274)        -0.58651248     -3     3    -1.3894286e-06
2611 region_rec_diffs(9,275)        -0.15859672     -3     3    -2.7163841e-07
2612 region_rec_diffs(9,276)        -0.025680987     -3     3    -3.6723315e-08
2613 region_rec_diffs(9,277)        -0.024848821     -3     3    -8.778259e-08
2614 region_rec_diffs(9,278)        -0.017059657     -3     3    -3.1379525e-08
2615 region_rec_diffs(9,279)        -0.004096293     -3     3    -3.9966084e-08
2616 bs_selcoff_gp:1(1,1,1,1)        -9.5383835     -20     7    -1.5970188e-06
2617 bs_selcoff_gp:1(1,1,1,2)        -4.6666116     -20     7    -1.283062e-06
2618 bs_selcoff_gp:1(1,1,1,3)        0.040305305     -20     7    -6.1450103e-08
2619 bs_selcoff_gp:1(1,1,1,4)        0.84582912     -20     7    -2.3025169e-07
2620 bs_selcoff_gp:1(1,1,1,5)        0.48210893     -20     7    3.6786738e-07
2621 bs_selcoff_gp:2(2,1,1,1)        -5.9005854     -20     7    -1.8125003e-07
2622 bs_selcoff_gp:2(2,1,1,2)        -2.0733057     -20     7    4.6517803e-07
2623 bs_selcoff_gp:2(2,1,1,3)        0.43210403     -20     7    -4.9356984e-08
2624 bs_selcoff_gp:2(2,1,1,4)        0.73686499     -20     7    1.3656135e-07
2625 bs_selcoff_gp:2(2,1,1,5)        0.21641896     -20     7    -1.5433164e-07
2626 bs_selcoff_gp:3(3,1,1,1)        -5.0786911     -20     7    -1.6799046e-06
2627 bs_selcoff_gp:3(3,1,1,2)        -4.373917     -20     7    3.4117908e-07
2628 bs_selcoff_gp:3(3,1,1,3)        0.24913062     -20     7    7.7485063e-08
2629 bs_selcoff_gp:3(3,1,1,4)        0.91354602     -20     7    4.9230754e-08
2630 bs_selcoff_gp:3(3,1,1,5)        0.18657315     -20     7    -1.7761444e-07
2631 bs_selcoff_gp:4(4,1,1,1)        -14.558917     -20     7    6.9812252e-06
2632 bs_selcoff_gp:4(4,1,1,2)        -3.7933045     -20     7    1.0008906e-06
2633 bs_selcoff_gp:4(4,1,1,3)        0.0079840133     -20     7    3.4051618e-08
2634 bs_selcoff_gp:4(4,1,1,4)        1.0917544     -20     7    -4.6837009e-08
2635 bs_selcoff_gp:4(4,1,1,5)        -0.010083842     -20     7    1.8421086e-07
2636 bs_selcoff_gp:5(5,1,1,1)        -11.056062     -20     7    -1.1393875e-06
2637 bs_selcoff_gp:5(5,1,1,2)        -3.503953     -20     7    6.3589831e-07
2638 bs_selcoff_gp:5(5,1,1,3)        0.10565601     -20     7    -2.0382832e-07
2639 bs_selcoff_gp:5(5,1,1,4)        0.98840144     -20     7    6.3964362e-08
2640 bs_selcoff_gp:5(5,1,1,5)        0.1583111     -20     7    6.6108412e-08
2641 bs_selcoff_gp:6(6,1,1,1)        -8.6602624     -20     7    -5.0386453e-06
2642 bs_selcoff_gp:6(6,1,1,2)        -2.9082879     -20     7    -6.5997795e-07
2643 bs_selcoff_gp:6(6,1,1,3)        0.090738588     -20     7    -5.0923957e-07
2644 bs_selcoff_gp:6(6,1,1,4)        0.75003256     -20     7    -8.0815869e-08
2645 bs_selcoff_gp:6(6,1,1,5)        0.54997242     -20     7    4.573638e-07
2646 bs_selcoff_gp:7(7,1,1,1)        -8.9583312     -20     7    -5.8087235e-08
2647 bs_selcoff_gp:7(7,1,1,2)        -3.3074387     -20     7    3.5986692e-07
2648 bs_selcoff_gp:7(7,1,1,3)        0.10513561     -20     7    6.7270485e-07
2649 bs_selcoff_gp:7(7,1,1,4)        0.89883878     -20     7    -1.6110618e-07
2650 bs_selcoff_gp:7(7,1,1,5)        0.33336146     -20     7    -4.145015e-08
2651 bs_selcoff_gp:8(8,1,1,1)        -13.189227     -20     7    -2.7867801e-07
2652 bs_selcoff_gp:8(8,1,1,2)        -5.3775553     -20     7    -4.1167267e-08
2653 bs_selcoff_gp:8(8,1,1,3)        -1.319526     -20     7    1.0389544e-07
2654 bs_selcoff_gp:8(8,1,1,4)        1.2285784     -20     7    -1.2058115e-07
2655 bs_selcoff_gp:8(8,1,1,5)        0.27136044     -20     7    2.8219561e-07
2656 bs_selcoff_gp:9(9,1,1,1)        -13.84589     -20     7    -2.0996588e-07
2657 bs_selcoff_gp:9(9,1,1,2)        -7.5212395     -20     7    8.853873e-07
2658 bs_selcoff_gp:9(9,1,1,3)        -2.4309422     -20     7    7.3944717e-08
2659 bs_selcoff_gp:9(9,1,1,4)        0.70519236     -20     7    -1.9011876e-07
2660 bs_selcoff_gp:9(9,1,1,5)        1.0603106     -20     7    1.8406352e-07
2661 bs_selcoff_gp:10(10,1,1,1)        -8.022351     -20     7    8.6729909e-07
2662 bs_selcoff_gp:10(10,1,1,2)        -1.4589168     -20     7    -9.9609483e-08
2663 bs_selcoff_gp:10(10,1,1,3)        0.1997227     -20     7    -9.9874362e-08
2664 bs_selcoff_gp:10(10,1,1,4)        0.79297526     -20     7    -4.983159e-08
2665 bs_selcoff_gp:10(10,1,1,5)        0.28979842     -20     7    3.389761e-07
2666 bs_selcoff_gp:11(11,1,1,1)        -19.999999     -20     7    9.199807e-08   *************
2667 bs_selcoff_gp:11(11,1,1,2)        -9.4994736     -20     7    -7.7571759e-07
2668 bs_selcoff_gp:11(11,1,1,3)        -0.50910178     -20     7    -3.3027537e-07
2669 bs_selcoff_gp:11(11,1,1,4)        1.2970796     -20     7    1.9540719e-07
2670 bs_selcoff_gp:11(11,1,1,5)        -0.30057293     -20     7    -5.8347426e-07
2671 bs_selcoff_gp:12(12,1,1,1)        -6.6090042     -20     7    4.4084137e-07
2672 bs_selcoff_gp:12(12,1,1,2)        -5.3804804     -20     7    -1.5243897e-06
2673 bs_selcoff_gp:12(12,1,1,3)        -0.24502043     -20     7    -6.7024441e-07
2674 bs_selcoff_gp:12(12,1,1,4)        1.0711349     -20     7    -1.3587803e-07
2675 bs_selcoff_gp:12(12,1,1,5)        0.25670792     -20     7    6.7616015e-07
2676 bs_selcoff_gp:13(13,1,1,1)        -2.4980776     -20     7    -1.3239824e-07
2677 bs_selcoff_gp:13(13,1,1,2)        1.4947979     -20     7    1.7277105e-07
2678 bs_selcoff_gp:13(13,1,1,3)        -0.82091544     -20     7    -2.5100111e-07
2679 bs_selcoff_gp:13(13,1,1,4)        -3.8986197     -20     7    -1.1248613e-06
2680 bs_selcoff_gp:13(13,1,1,5)        -20     -20     7    1.967748e-06   *************
2681 bs_selcoff_gp:14(14,1,1,1)        -1.7861901     -20     7    -1.6703077e-08
2682 bs_selcoff_gp:14(14,1,1,2)        1.4791505     -20     7    1.4235244e-07
2683 bs_selcoff_gp:14(14,1,1,3)        -1.0945559     -20     7    -9.3440109e-08
2684 bs_selcoff_gp:14(14,1,1,4)        -2.230181     -20     7    1.691469e-07
2685 bs_selcoff_gp:14(14,1,1,5)        -6.9180893     -20     7    9.679779e-09
2686 bs_selcoff_gp:15(15,1,1,1)        -2.638438     -20     7    2.3945825e-07
2687 bs_selcoff_gp:15(15,1,1,2)        1.4376187     -20     7    6.3352261e-07
2688 bs_selcoff_gp:15(15,1,1,3)        -0.42631677     -20     7    -7.3342736e-07
2689 bs_selcoff_gp:15(15,1,1,4)        -2.7073999     -20     7    1.1829236e-06
2690 bs_selcoff_gp:15(15,1,1,5)        -20     -20     7    2.5424722e-06   *************
2691 bs_selcoff_gp:16(16,1,1,1)        -3.2037139     -20     7    1.4635324e-06
2692 bs_selcoff_gp:16(16,1,1,2)        1.1548499     -20     7    -6.827379e-07
2693 bs_selcoff_gp:16(16,1,1,3)        0.28401914     -20     7    1.0347671e-06
2694 bs_selcoff_gp:16(16,1,1,4)        -0.80318006     -20     7    2.0462222e-06
2695 bs_selcoff_gp:16(16,1,1,5)        -4.6584109     -20     7    -5.1240987e-07
2696 bs_selcoff_gp:17(17,1,1,1)        -0.6547593     -20     7    -3.5982648e-07
2697 bs_selcoff_gp:17(17,1,1,2)        0.976728     -20     7    -7.6621133e-08
2698 bs_selcoff_gp:17(17,1,1,3)        0.52883182     -20     7    2.9914877e-07
2699 bs_selcoff_gp:17(17,1,1,4)        -2.1085096     -20     7    5.5038527e-08
2700 bs_selcoff_gp:17(17,1,1,5)        -5.0651717     -20     7    -4.7217398e-07
2701 bs_selcoff_gp:18(18,1,1,1)        -3.6885089     -20     7    -1.3426252e-06
2702 bs_selcoff_gp:18(18,1,1,2)        1.2330343     -20     7    1.3749666e-06
2703 bs_selcoff_gp:18(18,1,1,3)        -0.45263641     -20     7    3.8814876e-09
2704 bs_selcoff_gp:18(18,1,1,4)        -0.11623899     -20     7    -4.1116785e-06
2705 bs_selcoff_gp:18(18,1,1,5)        -4.0656244     -20     7    1.1304395e-07
2706 bs_selcoff_gp:19(19,1,1,1)        0.13148277     -20     7    3.4306976e-07
2707 bs_selcoff_gp:19(19,1,1,2)        0.95367963     -20     7    -7.5648374e-07
2708 bs_selcoff_gp:19(19,1,1,3)        -0.18466973     -20     7    -1.8681967e-07
2709 bs_selcoff_gp:19(19,1,1,4)        -0.84129266     -20     7    1.6090288e-06
2710 bs_selcoff_gp:19(19,1,1,5)        -6.3720887     -20     7    1.4895525e-07
2711 bs_selcoff_gp:20(20,1,1,1)        -2.1517382     -20     7    -4.9522057e-07
2712 bs_selcoff_gp:20(20,1,1,2)        -0.84845583     -20     7    1.0916777e-06
2713 bs_selcoff_gp:20(20,1,1,3)        -0.50623855     -20     7    -1.0700421e-06
2714 bs_selcoff_gp:20(20,1,1,4)        -0.288659     -20     7    6.4179299e-07
2715 bs_selcoff_gp:20(20,1,1,5)        1.132568     -20     7    1.1135117e-07
2716 bs_selcoff_gp:21(21,1,1,1)        -3.7767443     -20     7    2.2946641e-06
2717 bs_selcoff_gp:21(21,1,1,2)        1.4272363     -20     7    9.2801372e-08
2718 bs_selcoff_gp:21(21,1,1,3)        -0.27691534     -20     7    -3.7650265e-07
2719 bs_selcoff_gp:21(21,1,1,4)        -2.9607341     -20     7    4.6683844e-07
2720 bs_selcoff_gp:21(21,1,1,5)        -10.197292     -20     7    1.5049201e-06
2721 bs_selcoff_gp:22(22,1,1,1)        -4.5715906     -20     7    -3.008836e-06
2722 bs_selcoff_gp:22(22,1,1,2)        1.0381803     -20     7    -2.3289771e-07
2723 bs_selcoff_gp:22(22,1,1,3)        0.59355125     -20     7    -1.9253043e-07
2724 bs_selcoff_gp:22(22,1,1,4)        -1.0371631     -20     7    1.2399314e-06
2725 bs_selcoff_gp:22(22,1,1,5)        -7.2365573     -20     7    -4.5075608e-07
2726 bs_selcoff_gp:23(23,1,1,1)        -5.4617738     -20     7    2.4005732e-06
2727 bs_selcoff_gp:23(23,1,1,2)        0.52632825     -20     7    -1.7200498e-06
2728 bs_selcoff_gp:23(23,1,1,3)        1.1934675     -20     7    8.2957204e-07
2729 bs_selcoff_gp:23(23,1,1,4)        -5.3847906     -20     7    7.3454333e-07
2730 bs_selcoff_gp:23(23,1,1,5)        -19.999998     -20     7    -1.7590331e-08   *************
2731 bs_selcoff_gp:24(24,1,1,1)        -11.406557     -20     7    1.8299399e-07
2732 bs_selcoff_gp:24(24,1,1,2)        -1.7716264     -20     7    -2.147267e-06
2733 bs_selcoff_gp:24(24,1,1,3)        1.4327713     -20     7    7.5226139e-08
2734 bs_selcoff_gp:24(24,1,1,4)        -0.44690021     -20     7    3.8608597e-07
2735 bs_selcoff_gp:24(24,1,1,5)        -10.440333     -20     7    -5.390779e-07
2736 bs_selcoff_gp:25(25,1,1,1)        -2.3958985     -20     7    -6.63696e-07
2737 bs_selcoff_gp:25(25,1,1,2)        1.0615852     -20     7    -9.8804444e-07
2738 bs_selcoff_gp:25(25,1,1,3)        0.70087514     -20     7    1.2165161e-06
2739 bs_selcoff_gp:25(25,1,1,4)        -6.0142556     -20     7    -1.0429418e-06
2740 bs_selcoff_gp:25(25,1,1,5)        -19.996601     -20     7    1.1090952e-07   *************
2741 bs_selcoff_gp:26(26,1,1,1)        -1.2572984     -20     7    1.1290157e-07
2742 bs_selcoff_gp:26(26,1,1,2)        1.3311837     -20     7    -1.0438101e-07
2743 bs_selcoff_gp:26(26,1,1,3)        -0.39233391     -20     7    1.6622929e-06
2744 bs_selcoff_gp:26(26,1,1,4)        -1.3720717     -20     7    -9.9241492e-07
2745 bs_selcoff_gp:26(26,1,1,5)        -6.9102214     -20     7    -4.8796157e-07
2746 bs_selcoff_gp:27(27,1,1,1)        -2.4634629     -20     7    -9.1889813e-07
2747 bs_selcoff_gp:27(27,1,1,2)        1.2849238     -20     7    -4.5319441e-07
2748 bs_selcoff_gp:27(27,1,1,3)        0.2164606     -20     7    1.1612553e-06
2749 bs_selcoff_gp:27(27,1,1,4)        -2.846975     -20     7    3.2081395e-07
2750 bs_selcoff_gp:27(27,1,1,5)        -7.1635421     -20     7    2.6845832e-07
2751 bs_selcoff_gp:28(28,1,1,1)        -4.5480752     -20     7    -4.8564413e-07
2752 bs_selcoff_gp:28(28,1,1,2)        1.5597249     -20     7    -1.0553912e-07
2753 bs_selcoff_gp:28(28,1,1,3)        -3.1850881     -20     7    7.6460464e-07
2754 bs_selcoff_gp:28(28,1,1,4)        -1.6535884     -20     7    1.1387985e-07
2755 bs_selcoff_gp:28(28,1,1,5)        -20     -20     7    6.3646796e-07   *************
2756 bs_selcoff_gp:29(29,1,1,1)        -20     -20     7    3.5397432e-07   *************
2757 bs_selcoff_gp:29(29,1,1,2)        -7.4498909     -20     7    -3.1763525e-07
2758 bs_selcoff_gp:29(29,1,1,3)        -0.43262134     -20     7    -5.6939922e-07
2759 bs_selcoff_gp:29(29,1,1,4)        1.0512373     -20     7    -2.1135212e-07
2760 bs_selcoff_gp:29(29,1,1,5)        0.39845051     -20     7    7.6182678e-07
2761 recr(2)        0.9558432     -20     20    -2.9824044e-07
2762 recr(3)        1.028596     -20     20    -1.4516218e-07
2763 recr(4)        0.95854567     -20     20    6.7428356e-08
2764 recr(5)        0.93175789     -20     20    -4.9708816e-07
2765 recr(6)        -0.85904393     -20     20    1.2555571e-06
2766 recr(7)        1.7373597     -20     20    -1.2229209e-06
2767 recr(8)        -1.4706953     -20     20    -1.0980428e-06
2768 recr(9)        -0.44098391     -20     20    -4.657586e-07
2769 recr(10)        2.4765796     -20     20    6.2319762e-07
2770 recr(11)        -0.34272428     -20     20    -2.992126e-07
2771 recr(12)        -1.5439398     -20     20    5.7034255e-07
2772 recr(13)        1.943552     -20     20    7.9828154e-07
2773 recr(14)        1.7656915     -20     20    -7.482759e-07
2774 recr(15)        -1.8696825     -20     20    -2.7890018e-07
2775 recr(16)        -2.0143703     -20     20    -1.2119703e-06
2776 recr(17)        0.84473896     -20     20    -3.2271935e-07
2777 recr(18)        1.6494924     -20     20    4.3312975e-07
2778 recr(19)        -1.6033549     -20     20    7.2493913e-07
2779 recr(20)        -2.087275     -20     20    -1.457079e-06
2780 recr(21)        1.284411     -20     20    8.2061883e-09
2781 recr(22)        0.53842834     -20     20    -5.9431309e-07
2782 recr(23)        0.24432089     -20     20    -4.9934414e-07
2783 recr(24)        -2.3637455     -20     20    -5.3653968e-07
2784 recr(25)        1.2583979     -20     20    -1.071366e-07
2785 recr(26)        -1.437167     -20     20    -1.0980736e-07
2786 recr(27)        2.1821912     -20     20    2.0550769e-07
2787 recr(28)        -1.8090946     -20     20    -4.8948721e-07
2788 recr(29)        1.35895     -20     20    -3.4992604e-07
2789 recr(30)        -1.4864202     -20     20    -7.1713443e-07
2790 recr(31)        -1.8481237     -20     20    -6.7355224e-07
2791 recr(32)        -1.8967341     -20     20    -6.7820452e-07
2792 recr(33)        0.78102764     -20     20    -5.996372e-07
2793 recr(34)        1.434171     -20     20    5.4103712e-07
2794 recr(35)        -2.638041     -20     20    1.7246589e-06
2795 recr(36)        0.074728454     -20     20    -1.4226319e-06
2796 recr(37)        1.5244192     -20     20    4.1783523e-07
2797 recr(38)        -0.53041295     -20     20    -5.9552639e-07
2798 recr(39)        -2.9896058     -20     20    -1.0245147e-06
2799 recr(40)        -1.4502041     -20     20    8.8158984e-07
2800 recr(41)        1.2331074     -20     20    -1.0459051e-06
2801 recr(42)        0.877391     -20     20    1.1209491e-06
2802 recr(43)        -2.5392135     -20     20    -2.7444771e-06
2803 recr(44)        0.43751876     -20     20    -1.0642774e-07
2804 recr(45)        1.3276808     -20     20    -8.2991598e-08
2805 recr(46)        -1.7435761     -20     20    2.3206423e-06
2806 recr(47)        -2.089136     -20     20    -2.1304751e-06
2807 recr(48)        0.32797066     -20     20    1.0597357e-06
2808 recr(49)        1.6000241     -20     20    -8.6032276e-07
2809 recr(50)        -2.7139173     -20     20    5.5555223e-07
2810 recr(51)        -0.57838742     -20     20    3.3904319e-06
2811 recr(52)        -1.4724809     -20     20    -1.5991017e-07
2812 recr(53)        1.4064783     -20     20    1.24861e-07
2813 recr(54)        -0.51057261     -20     20    5.9895746e-07
2814 recr(55)        -1.5624275     -20     20    2.0077424e-07
2815 recr(56)        -0.35214593     -20     20    2.1144251e-07
2816 recr(57)        0.58816147     -20     20    3.3318986e-10
2817 recr(58)        1.1439255     -20     20    -3.8909836e-07
2818 recr(59)        -1.4333669     -20     20    6.8956252e-07
2819 recr(60)        1.0131544     -20     20    1.8775999e-06
2820 recr(61)        1.298404     -20     20    -1.0936017e-06
2821 recr(62)        -2.3914192     -20     20    1.6577137e-07
2822 recr(63)        -1.9282754     -20     20    1.5877408e-07
2823 recr(64)        -0.35915123     -20     20    -8.7051104e-08
2824 recr(65)        1.2575765     -20     20    3.2844401e-07
2825 recr(66)        -2.5411367     -20     20    2.5765248e-07
2826 recr(67)        -1.6872905     -20     20    1.5915709e-06
2827 recr(68)        0.11557954     -20     20    -1.1251e-06
2828 recr(69)        1.155514     -20     20    -1.5174703e-08
2829 recr(70)        0.32415777     -20     20    1.1828357e-06
2830 recr(71)        -1.3213028     -20     20    1.1002605e-06
2831 recr(72)        0.58381499     -20     20    -1.159903e-06
2832 recr(73)        1.3762527     -20     20    5.3802624e-08
2833 recr(74)        -0.32583871     -20     20    2.1129426e-06
2834 recr(75)        -3.142326     -20     20    -1.5623201e-07
2835 recr(76)        -0.86888029     -20     20    -7.0374859e-07
2836 recr(77)        0.35560914     -20     20    -4.0923432e-08
2837 recr(78)        -0.87364506     -20     20    3.1125723e-07
2838 recr(79)        -2.2058057     -20     20    1.2106336e-06
2839 recr(80)        1.202644     -20     20    2.4171781e-07
2840 recr(81)        0.1273444     -20     20    -7.0071216e-07
2841 recr(82)        -0.32672709     -20     20    4.1656434e-07
2842 recr(83)        0.0233683     -20     20    -1.366039e-07
2843 recr(84)        0.74957267     -20     20    -1.8287784e-06
2844 recr(85)        0.95151616     -20     20    2.36969e-06
2845 recr(86)        -2.4819611     -20     20    3.6072129e-07
2846 recr(87)        0.65751539     -20     20    -2.7724088e-07
2847 recr(88)        0.82285381     -20     20    -2.9445232e-07
2848 recr(89)        0.39320266     -20     20    -1.1312184e-06
2849 recr(90)        -2.6871411     -20     20    1.3789823e-07
2850 recr(91)        -0.57399085     -20     20    1.7402695e-06
2851 recr(92)        0.13172466     -20     20    -1.3378804e-06
2852 recr(93)        0.83794178     -20     20    -7.6104099e-09
2853 recr(94)        1.7713069     -20     20    -1.5985653e-07
2854 recr(95)        0.57194093     -20     20    3.3874533e-06
2855 recr(96)        -1.1404171     -20     20    5.2325029e-07
2856 recr(97)        -0.088364699     -20     20    -2.1067623e-06
2857 recr(98)        -1.4043309     -20     20    -1.7102846e-06
2858 recr(99)        -0.36418329     -20     20    -1.3070838e-07
2859 recr(100)        1.1070184     -20     20    -3.7689834e-07
2860 recr(101)        0.59819526     -20     20    1.3995047e-06
2861 recr(102)        -3.0803728     -20     20    -7.3173875e-07
2862 recr(103)        -1.1574306     -20     20    -3.6890917e-08
2863 recr(104)        1.7913618     -20     20    1.6788092e-07
2864 recr(105)        -1.8732686     -20     20    -6.2759407e-07
2865 recr(106)        -3.8982534     -20     20    -1.5368618e-06
2866 recr(107)        -3.073721     -20     20    5.7500911e-07
2867 recr(108)        0.15255679     -20     20    -1.236981e-07
2868 recr(109)        0.70202958     -20     20    4.0201593e-07
2869 recr(110)        -2.95328     -20     20    -4.4259802e-07
2870 recr(111)        -3.0109691     -20     20    1.2351714e-06
2871 recr(112)        0.62213227     -20     20    -1.0527374e-06
2872 recr(113)        1.2766674     -20     20    8.9279388e-07
2873 recr(114)        -1.4652268     -20     20    5.1563295e-07
2874 recr(115)        -1.6008177     -20     20    5.3108988e-07
2875 recr(116)        0.77483375     -20     20    7.5536795e-07
2876 recr(117)        0.78266959     -20     20    -1.4712289e-06
2877 recr(118)        -2.0039655     -20     20    5.0127559e-07
2878 recr(119)        0.11570898     -20     20    3.9892666e-07
2879 recr(120)        0.78270078     -20     20    1.1262516e-07
2880 recr(121)        1.14238     -20     20    1.7711662e-07
2881 recr(122)        0.39890191     -20     20    -1.2619567e-06
2882 recr(123)        -1.2445108     -20     20    -2.4937647e-07
2883 recr(124)        0.8017696     -20     20    4.1948895e-07
2884 recr(125)        0.096809886     -20     20    1.4750087e-06
2885 recr(126)        0.60497613     -20     20    -8.3299981e-07
2886 recr(127)        -0.46470566     -20     20    -8.8585634e-07
2887 recr(128)        0.70811613     -20     20    2.1468233e-07
2888 recr(129)        0.16304913     -20     20    -3.1630937e-07
2889 recr(130)        -0.75854769     -20     20    -1.0423988e-07
2890 recr(131)        -0.82306855     -20     20    2.412842e-06
2891 recr(132)        1.0210363     -20     20    4.2504604e-08
2892 recr(133)        0.99805834     -20     20    2.637713e-08
2893 recr(134)        -1.072929     -20     20    3.9706215e-07
2894 recr(135)        0.40637903     -20     20    1.6402411e-06
2895 recr(136)        1.1023427     -20     20    -2.2458693e-07
2896 recr(137)        -1.2272188     -20     20    -1.8797358e-08
2897 recr(138)        -0.77101984     -20     20    -1.0738746e-06
2898 recr(139)        -1.3117171     -20     20    1.2516967e-07
2899 recr(140)        0.94602239     -20     20    -7.2344075e-07
2900 recr(141)        0.70070413     -20     20    7.6201446e-07
2901 recr(142)        -1.4923841     -20     20    8.687801e-07
2902 recr(143)        -1.222179     -20     20    -1.1394379e-07
2903 recr(144)        1.2869087     -20     20    3.384188e-08
2904 recr(145)        1.5570424     -20     20    2.7036335e-08
2905 recr(146)        -0.78899923     -20     20    1.4434075e-06
2906 recr(147)        -0.10897756     -20     20    -1.0911553e-06
2907 recr(148)        0.99132133     -20     20    4.2435673e-07
2908 recr(149)        -0.044641741     -20     20    2.659995e-06
2909 recr(150)        -1.0877901     -20     20    6.3712018e-07
2910 recr(151)        0.76064512     -20     20    -4.9171128e-07
2911 recr(152)        0.50041677     -20     20    6.6528511e-08
2912 recr(153)        0.83727084     -20     20    -1.8748543e-07
2913 recr(154)        -0.096466766     -20     20    1.7720116e-06
2914 recr(155)        0.029089717     -20     20    -6.733944e-07
2915 recr(156)        0.88294507     -20     20    3.6286465e-07
2916 recr(157)        0.18832956     -20     20    3.0028251e-07
2917 recr(158)        -1.5297377     -20     20    -1.5191794e-06
2918 recr(159)        -0.91131589     -20     20    -1.6145451e-07
2919 recr(160)        1.0986977     -20     20    2.2965765e-07
2920 recr(161)        0.8130076     -20     20    1.7259256e-07
2921 recr(162)        -0.86907178     -20     20    1.2189676e-06
2922 recr(163)        0.65751378     -20     20    5.0415988e-08
2923 recr(164)        0.95995036     -20     20    8.0949773e-08
2924 recr(165)        -0.57986055     -20     20    3.3328367e-07
2925 recr(166)        -0.59428186     -20     20    -7.5626704e-07
2926 recr(167)        0.33853142     -20     20    -1.0138621e-07
2927 recr(168)        0.32407498     -20     20    1.8950095e-06
2928 recr(169)        0.52291744     -20     20    -1.4586414e-06
2929 recr(170)        -0.13980371     -20     20    -1.5308467e-08
2930 recr(171)        0.67332309     -20     20    1.0152198e-07
2931 recr(172)        0.74276424     -20     20    -4.5186559e-07
2932 recr(173)        1.4451405     -20     20    -1.4437991e-07
2933 recr(174)        -1.5974399     -20     20    1.4085633e-06
2934 recr(175)        -1.0550662     -20     20    -2.6054377e-06
2935 recr(176)        0.40505767     -20     20    1.0244621e-06
2936 recr(177)        0.95065478     -20     20    -5.675006e-07
2937 recr(178)        0.85100939     -20     20    3.6760524e-07
2938 recr(179)        0.15835011     -20     20    2.7148058e-07
2939 recr(180)        0.51326358     -20     20    6.5317547e-07
2940 recr(181)        0.53155732     -20     20    -5.4316525e-07
2941 recr(182)        -0.8334438     -20     20    -5.5629766e-09
2942 recr(183)        -0.46033559     -20     20    -2.6167345e-07
2943 recr(184)        0.14964248     -20     20    -1.9189169e-07
2944 recr(185)        1.0618103     -20     20    -3.6796391e-07
2945 recr(186)        0.72132046     -20     20    -2.7039917e-07
2946 recr(187)        0.36172648     -20     20    -8.8711275e-08
2947 recr(188)        0.15924233     -20     20    -1.3238388e-08
2948 recr(189)        -0.42648357     -20     20    9.7812787e-08
2949 recr(190)        -0.19170286     -20     20    -4.9263836e-07
2950 recr(191)        0.52140087     -20     20    2.1337576e-07
2951 recr(192)        0.52442433     -20     20    -2.5526316e-07
2952 recr(193)        1.0085343     -20     20    -6.6887324e-08
2953 recr(194)        0.75839681     -20     20    -5.8403227e-07
2954 recr(195)        0.47124102     -20     20    5.717412e-07
2955 recr(196)        1.1623314     -20     20    -1.9683987e-07
2956 recr(197)        -0.25276149     -20     20    -7.2573117e-07
2957 recr(198)        0.042011478     -20     20    -3.9546502e-07
2958 recr(199)        0.48850284     -20     20    6.4009474e-07
2959 recr(200)        0.78639764     -20     20    2.0280466e-07
2960 recr(201)        0.51330553     -20     20    -4.1621543e-07
2961 recr(202)        0.2499833     -20     20    4.1765471e-08
2962 recr(203)        0.97561292     -20     20    -3.3039727e-07
2963 recr(204)        0.4730031     -20     20    1.4253987e-06
2964 recr(205)        -0.27867009     -20     20    -1.3786549e-06
2965 recr(206)        -0.40924148     -20     20    3.2996887e-07
2966 recr(207)        -0.55315928     -20     20    8.2173345e-07
2967 recr(208)        1.0786271     -20     20    1.3419599e-07
2968 recr(209)        0.59824367     -20     20    -2.5947457e-07
2969 recr(210)        1.1685617     -20     20    4.7095391e-07
2970 recr(211)        0.94886226     -20     20    3.0197885e-07
2971 recr(212)        0.34998374     -20     20    -2.361802e-07
2972 recr(213)        -0.63215405     -20     20    -1.6543956e-07
2973 recr(214)        -0.16159318     -20     20    -4.1771225e-07
2974 recr(215)        -0.12057878     -20     20    -1.4545422e-07
2975 recr(216)        0.87132888     -20     20    -3.9643343e-07
2976 recr(217)        0.62396326     -20     20    2.2742963e-08
2977 recr(218)        0.57774151     -20     20    -8.1188056e-08
2978 recr(219)        -0.026824716     -20     20    -2.5904378e-07
2979 recr(220)        0.29183733     -20     20    -5.2251377e-07
2980 recr(221)        0.089170987     -20     20    2.2464117e-07
2981 recr(222)        0.46275817     -20     20    -1.3937765e-06
2982 recr(223)        0.43780551     -20     20    -6.336883e-07
2983 recr(224)        0.64864975     -20     20    -5.8531897e-07
2984 recr(225)        -0.2622965     -20     20    -9.8524027e-07
2985 recr(226)        0.009063728     -20     20    -9.9130386e-07
2986 recr(227)        0.20127194     -20     20    -9.8501166e-07
2987 recr(228)        0.71248046     -20     20    -1.2656292e-06
2988 recr(229)        0.8297843     -20     20    -3.8752411e-07
2989 recr(230)        0.56013822     -20     20    -8.8386725e-07
2990 recr(231)        0.20739623     -20     20    -1.1055601e-06
2991 recr(232)        0.45891606     -20     20    6.4487811e-07
2992 recr(233)        -0.11385867     -20     20    -5.1278923e-07
2993 recr(234)        0.05157649     -20     20    -1.7389373e-06
2994 recr(235)        0.37274445     -20     20    -4.6832549e-07
2995 recr(236)        0.33130547     -20     20    -9.2383409e-08
2996 recr(237)        -0.026419944     -20     20    1.2037793e-07
2997 recr(238)        -0.078780962     -20     20    5.8623753e-07
2998 recr(239)        0.3830632     -20     20    -1.5423979e-07
2999 recr(240)        0.65798872     -20     20    7.7023004e-08
3000 recr(241)        0.78553046     -20     20    -1.5231599e-07
3001 recr(242)        0.82861917     -20     20    -4.2792895e-07
3002 recr(243)        0.54005638     -20     20    -2.6973228e-07
3003 recr(244)        0.66929468     -20     20    1.4802527e-07
3004 recr(245)        0.28687524     -20     20    2.584656e-07
3005 recr(246)        0.48220463     -20     20    -1.2200529e-06
3006 recr(247)        0.65238532     -20     20    -6.8959395e-07
3007 recr(248)        0.72576822     -20     20    -2.2892003e-07
3008 recr(249)        -0.089024099     -20     20    -6.2142938e-07
3009 recr(250)        -0.10093544     -20     20    -1.9627577e-08
3010 recr(251)        0.22829605     -20     20    -1.8630597e-08
3011 recr(252)        0.23230079     -20     20    -7.3672633e-07
3012 recr(253)        0.58534281     -20     20    -5.1212652e-07
3013 recr(254)        0.17317413     -20     20    -5.4744676e-07
3014 recr(255)        0.38217334     -20     20    -4.2689201e-07
3015 recr(256)        0.64634582     -20     20    -7.7148732e-07
3016 recr(257)        0.54869245     -20     20    -8.4182755e-07
3017 recr(258)        0.21124415     -20     20    -5.5850795e-07
3018 recr(259)        0.4679224     -20     20    -4.8247786e-07
3019 recr(260)        0.71678245     -20     20    -2.7283446e-07
3020 recr(261)        -0.015265038     -20     20    1.2868296e-07
3021 recr(262)        0.33875574     -20     20    1.7284155e-07
3022 recr(263)        0.62977267     -20     20    -5.6403951e-07
3023 recr(264)        0.34615062     -20     20    3.8151642e-07
3024 recr(265)        0.16812705     -20     20    5.8986567e-07
3025 recr(266)        -0.087313037     -20     20    6.2483726e-07
3026 recr(267)        0.24376051     -20     20    6.7049274e-08
3027 recr(268)        0.57651134     -20     20    8.477384e-07
3028 recr(269)        0.34465457     -20     20    2.228026e-06
3029 recr(270)        -0.49911847     -20     20    2.0937593e-06
3030 recr(271)        -0.05873059     -20     20    2.2724966e-06
3031 recr(272)        -0.130429     -20     20    3.9265959e-06
3032 recr(273)        0.11683622     -20     20    -2.7496567e-07
3033 recr(274)        1.3733517     -20     20    -4.5558949e-08
3034 totpop        16.960707     8     25    -2.019767e-07
3035 tag_fish_rep(1)        0.11356548     0.001     0.99    -3.8701425e-08
3036 tag_fish_rep(3)        0.99     0.001     0.99    1.1480031e-10   *************
3037 tag_fish_rep(4)        0.58619243     0.001     0.99    -8.0336094e-07
3038 tag_fish_rep(5)        0.65942212     0.001     0.99    8.0358957e-07
3039 tag_fish_rep(6)        0.4521622     0.001     0.99    6.5130967e-07
3040 tag_fish_rep(11)        0.62359897     0.001     0.99    2.5409089e-07
3041 tag_fish_rep(12)        0.60142109     0.001     0.99    8.9075747e-08
3042 tag_fish_rep(13)        0.58755693     0.001     0.99    1.6654877e-06
3043 tag_fish_rep(17)        0.77345033     0.001     0.99    1.3804967e-06
3044 tag_fish_rep(18)        0.73592434     0.001     0.99    -1.460834e-06
3045 tag_fish_rep(19)        0.98999999     0.001     0.99    4.6921883e-08   *************
3046 tag_fish_rep(24)        0.82594205     0.001     0.99    3.125627e-06
3047 tag_fish_rep(25)        0.35822863     0.001     0.99    2.3692552e-06
3048 tag_fish_rep(28)        0.48975323     0.001     0.99    -9.0850848e-07
3049 tag_fish_rep(32)        0.13360747     0.001     0.99    4.8250842e-07
3050 tag_fish_rep(34)        0.98062255     0.001     0.99    -3.7631122e-07
3051 tag_fish_rep(35)        0.98999999     0.001     0.99    7.3002158e-09   *************
3052 region_pars(1)        0.20129388     1e-06     1.5    9.235284e-07
3053 region_pars(1)        0.089198752     1e-06     1.5    -4.2223744e-07
3054 region_pars(1)        0.077044234     1e-06     1.5    -1.4127898e-06
3055 region_pars(1)        0.05425904     1e-06     1.5    2.5244496e-07
3056 region_pars(1)        0.02606163     1e-06     1.5    3.2223375e-06
3057 region_pars(1)        0.22217655     1e-06     1.5    -8.4531083e-07
3058 region_pars(1)        0.27951325     1e-06     1.5    2.5183214e-07
3059 region_pars(1)        0.047104648     1e-06     1.5    -1.2827777e-06
3060 region_pars(1)        0.0033479781     1e-06     1.5    7.4791162e-07
3061 sv(21)        0.040206557     1e-06     1000    5.2371908e-08
3062 age_pars(5)        -2.5369666     -20     2    6.1819468e-06
3063 vb_coff(1)        23.30103     10     60    -4.0059847e-07
3064 vb_coff(2)        148.60472     130     200    -2.2766717e-07
3065 vb_coff(3)        0.11313328     0.01     0.3    -4.3235011e-07
3066 var_coff(1)        5.7838304     1     10    -1.8795243e-07
3067 var_coff(2)        0.43012329     0.1     3    1.9894709e-07
