 Index  Var_name   Estimate L_bound  U_bound gradient
1 diff_coffs(1,1)        2.1013131e-09     0     4    8.5156675e-09   *************
2 diff_coffs(1,2)        9.1561514e-10     0     4    -4.0987417e-08   *************
3 diff_coffs(1,3)        6.4151728e-10     0     4    -1.3591083e-08   *************
4 diff_coffs(1,4)        0.002953646     0     4    -8.9639518e-07
5 diff_coffs(1,5)        2.2604414e-09     0     4    -5.7922926e-09   *************
6 diff_coffs(1,6)        2.0505483e-08     0     4    -5.3238033e-07   *************
7 diff_coffs(1,7)        0.24069381     0     4    -9.7681891e-07
8 diff_coffs(1,8)        1.7204365e-09     0     4    1.6299772e-08   *************
9 diff_coffs(1,9)        0.0020956844     0     4    -9.4330659e-07
10 diff_coffs(1,10)        8.8676755e-10     0     4    -2.1806038e-08   *************
11 diff_coffs(1,11)        0.0026847221     0     4    1.4041905e-07
12 diff_coffs(1,12)        0.0039065443     0     4    -2.2734555e-06
13 diff_coffs(1,13)        0.023653878     0     4    1.0970003e-06
14 diff_coffs(1,14)        0.029907008     0     4    -2.3770705e-06
15 diff_coffs(1,15)        2.0059288e-11     0     4    8.1236439e-07   *************
16 diff_coffs(1,16)        0.068085915     0     4    1.0202219e-06
17 diff_coffs(2,1)        0.017666151     0     4    1.3293162e-06
18 diff_coffs(2,2)        9.8556185e-10     0     4    1.776838e-07   *************
19 diff_coffs(2,3)        4.7810667e-10     0     4    -2.3388965e-07   *************
20 diff_coffs(2,4)        4.8396802e-09     0     4    1.0575921e-08   *************
21 diff_coffs(2,5)        0.12728483     0     4    -5.1783619e-07
22 diff_coffs(2,6)        1.6915364e-05     0     4    -3.6675433e-09   *************
23 diff_coffs(2,7)        0.22744485     0     4    1.5299123e-06
24 diff_coffs(2,8)        1.8333481e-09     0     4    1.9830895e-08   *************
25 diff_coffs(2,9)        2.37522e-09     0     4    -3.39382e-09   *************
26 diff_coffs(2,10)        1.967287e-09     0     4    -3.0500889e-07   *************
27 diff_coffs(2,11)        2.7673508e-10     0     4    -4.9605916e-07   *************
28 diff_coffs(2,12)        8.3362495e-10     0     4    -5.3709206e-07   *************
29 diff_coffs(2,13)        0.0074438264     0     4    1.9607228e-06
30 diff_coffs(2,14)        9.5794401e-09     0     4    7.8476978e-07   *************
31 diff_coffs(2,15)        1.8483215e-11     0     4    1.50407e-06   *************
32 diff_coffs(2,16)        4.0241828e-09     0     4    1.3276849e-06   *************
33 diff_coffs(3,1)        0.011348304     0     4    6.5145835e-07
34 diff_coffs(3,2)        5.2306515e-10     0     4    3.3541953e-08   *************
35 diff_coffs(3,3)        5.25056e-10     0     4    3.1016688e-06   *************
36 diff_coffs(3,4)        4.6232018e-10     0     4    -2.1039995e-08   *************
37 diff_coffs(3,5)        0.22415894     0     4    -9.085685e-07
38 diff_coffs(3,6)        4.284978e-08     0     4    3.9463431e-07   *************
39 diff_coffs(3,7)        0.078953729     0     4    2.5069224e-06
40 diff_coffs(3,8)        1.7239981e-09     0     4    -4.2715229e-09   *************
41 diff_coffs(3,9)        1.5390962e-09     0     4    -1.2536082e-11   *************
42 diff_coffs(3,10)        0.097081745     0     4    7.0967339e-07
43 diff_coffs(3,11)        2.0603652e-10     0     4    -9.7074178e-07   *************
44 diff_coffs(3,12)        6.8723804e-10     0     4    1.3271159e-08   *************
45 diff_coffs(3,13)        7.0565507e-09     0     4    6.7915429e-06   *************
46 diff_coffs(3,14)        2.9379217e-09     0     4    -2.6133594e-09   *************
47 diff_coffs(3,15)        1.5620616e-11     0     4    5.6244411e-06   *************
48 diff_coffs(3,16)        1.0272279e-08     0     4    -6.4417718e-07   *************
49 diff_coffs(4,1)        9.7697348e-09     0     4    -8.7046766e-07   *************
50 diff_coffs(4,2)        4.5621595e-10     0     4    1.761015e-08   *************
51 diff_coffs(4,3)        7.0692674e-10     0     4    4.9646326e-08   *************
52 diff_coffs(4,4)        7.1025119e-10     0     4    -2.1614918e-08   *************
53 diff_coffs(4,5)        0.035947324     0     4    -2.2876932e-07
54 diff_coffs(4,6)        1.6536579e-08     0     4    3.3934384e-06   *************
55 diff_coffs(4,7)        0.10231351     0     4    4.7039027e-08
56 diff_coffs(4,8)        1.6200883e-09     0     4    8.4554008e-09   *************
57 diff_coffs(4,9)        4.4658255e-09     0     4    1.7416893e-06   *************
58 diff_coffs(4,10)        6.9167074e-09     0     4    -8.9261212e-07   *************
59 diff_coffs(4,11)        4.6106541e-10     0     4    -4.0178822e-06   *************
60 diff_coffs(4,12)        1.1289947e-09     0     4    -3.0087521e-10   *************
61 diff_coffs(4,13)        1.0367498e-09     0     4    -4.0681787e-10   *************
62 diff_coffs(4,14)        2.0096198e-08     0     4    -2.7600738e-08   *************
63 diff_coffs(4,15)        1.4976242e-11     0     4    5.4229096e-06   *************
64 diff_coffs(4,16)        0.059878156     0     4    1.5576718e-06
65 region_rec_diffs(1,1)        -7.4106576e-08     -3     3    -1.2671123e-08
66 region_rec_diffs(1,2)        0.92678335     -3     3    -5.2563262e-07
67 region_rec_diffs(1,3)        0.94319279     -3     3    -7.2536229e-08
68 region_rec_diffs(1,4)        0.9387905     -3     3    1.3365575e-07
69 region_rec_diffs(1,5)        0.93495443     -3     3    -3.3755471e-07
70 region_rec_diffs(1,6)        0.31288215     -3     3    1.9535122e-06
71 region_rec_diffs(1,7)        1.2959413     -3     3    -2.7848199e-07
72 region_rec_diffs(1,8)        0.25723891     -3     3    1.8360063e-06
73 region_rec_diffs(1,9)        0.51800308     -3     3    6.0435452e-07
74 region_rec_diffs(1,10)        0.46860825     -3     3    7.5639198e-08
75 region_rec_diffs(1,11)        1.1779132     -3     3    -4.0753685e-07
76 region_rec_diffs(1,12)        0.13503794     -3     3    -4.96131e-07
77 region_rec_diffs(1,13)        0.8856524     -3     3    -2.7161469e-07
78 region_rec_diffs(1,14)        0.0030849324     -3     3    1.988826e-06
79 region_rec_diffs(1,15)        0.071709684     -3     3    -3.7552366e-07
80 region_rec_diffs(1,16)        0.025793424     -3     3    5.7847402e-07
81 region_rec_diffs(1,17)        0.041400049     -3     3    -9.0998371e-07
82 region_rec_diffs(1,18)        0.81237198     -3     3    -8.3473522e-07
83 region_rec_diffs(1,19)        0.15919585     -3     3    -5.4447824e-07
84 region_rec_diffs(1,20)        0.75564771     -3     3    1.003584e-06
85 region_rec_diffs(1,21)        0.022230648     -3     3    4.2127522e-06
86 region_rec_diffs(1,22)        0.91311414     -3     3    1.4886035e-06
87 region_rec_diffs(1,23)        0.31802798     -3     3    4.4211271e-07
88 region_rec_diffs(1,24)        0.97630946     -3     3    9.7120738e-08
89 region_rec_diffs(1,25)        1.0977752     -3     3    -4.7203396e-07
90 region_rec_diffs(1,26)        1.1737818     -3     3    -3.6329594e-07
91 region_rec_diffs(1,27)        0.19485696     -3     3    1.435317e-06
92 region_rec_diffs(1,28)        0.94216091     -3     3    -2.5003133e-06
93 region_rec_diffs(1,29)        -1.0838318     -3     3    -1.5840304e-06
94 region_rec_diffs(1,30)        -0.31178869     -3     3    -1.0798059e-06
95 region_rec_diffs(1,31)        -0.064065048     -3     3    2.5417409e-07
96 region_rec_diffs(1,32)        -0.02090574     -3     3    1.0801785e-06
97 region_rec_diffs(1,33)        -0.077856957     -3     3    1.0166244e-06
98 region_rec_diffs(1,34)        0.87437129     -3     3    -1.1526512e-06
99 region_rec_diffs(1,35)        0.22330461     -3     3    -1.5179515e-06
100 region_rec_diffs(1,36)        1.1084811     -3     3    -7.6262921e-08
101 region_rec_diffs(1,37)        0.66174876     -3     3    -5.5939281e-07
102 region_rec_diffs(1,38)        -0.32532423     -3     3    7.5865433e-08
103 region_rec_diffs(1,39)        0.013465014     -3     3    4.4455468e-07
104 region_rec_diffs(1,40)        -0.036340459     -3     3    9.5571441e-07
105 region_rec_diffs(1,41)        0.66953085     -3     3    -3.130667e-07
106 region_rec_diffs(1,42)        1.0079549     -3     3    7.1161071e-07
107 region_rec_diffs(1,43)        0.11511957     -3     3    6.7190146e-07
108 region_rec_diffs(1,44)        0.22612627     -3     3    1.0757256e-09
109 region_rec_diffs(1,45)        0.84865178     -3     3    -1.9717897e-07
110 region_rec_diffs(1,46)        0.45438042     -3     3    -6.3408674e-07
111 region_rec_diffs(1,47)        0.45977123     -3     3    -1.8310542e-06
112 region_rec_diffs(1,48)        0.16418281     -3     3    4.3789458e-07
113 region_rec_diffs(1,49)        0.61361887     -3     3    -1.2352692e-07
114 region_rec_diffs(1,50)        -0.14628054     -3     3    -3.9025612e-07
115 region_rec_diffs(1,51)        1.1098696     -3     3    -2.0578887e-07
116 region_rec_diffs(1,52)        -0.17123429     -3     3    4.9446332e-07
117 region_rec_diffs(1,53)        0.56267602     -3     3    2.6515472e-07
118 region_rec_diffs(1,54)        0.52633494     -3     3    -3.0128563e-07
119 region_rec_diffs(1,55)        -0.41239242     -3     3    -1.6241657e-06
120 region_rec_diffs(1,56)        0.90046601     -3     3    -4.824561e-07
121 region_rec_diffs(1,57)        -0.072130161     -3     3    -1.8923131e-08
122 region_rec_diffs(1,58)        1.028057     -3     3    8.8527485e-09
123 region_rec_diffs(1,59)        0.57390638     -3     3    3.4318486e-07
124 region_rec_diffs(1,60)        -0.078511851     -3     3    -1.2062892e-06
125 region_rec_diffs(1,61)        0.98118654     -3     3    1.1872846e-06
126 region_rec_diffs(1,62)        -0.051216603     -3     3    -1.3550526e-07
127 region_rec_diffs(1,63)        0.88172604     -3     3    3.9981295e-07
128 region_rec_diffs(1,64)        -0.12884492     -3     3    1.8046338e-06
129 region_rec_diffs(1,65)        0.7643561     -3     3    -2.0043325e-07
130 region_rec_diffs(1,66)        -0.16313396     -3     3    -6.7036063e-07
131 region_rec_diffs(1,67)        0.84828697     -3     3    3.7173711e-07
132 region_rec_diffs(1,68)        0.98173705     -3     3    -2.6018003e-07
133 region_rec_diffs(1,69)        0.69526051     -3     3    -8.5035985e-08
134 region_rec_diffs(1,70)        0.46984045     -3     3    -4.3703754e-07
135 region_rec_diffs(1,71)        0.83055257     -3     3    2.68726e-07
136 region_rec_diffs(1,72)        -0.17701573     -3     3    -1.2128621e-06
137 region_rec_diffs(1,73)        0.3263522     -3     3    1.8261701e-07
138 region_rec_diffs(1,74)        -0.55536078     -3     3    -2.448771e-06
139 region_rec_diffs(1,75)        -0.35436652     -3     3    -7.1495449e-07
140 region_rec_diffs(1,76)        -1.4473686     -3     3    1.2255049e-06
141 region_rec_diffs(1,77)        -0.093094956     -3     3    -3.8301564e-07
142 region_rec_diffs(1,78)        0.82825294     -3     3    -2.0374125e-07
143 region_rec_diffs(1,79)        0.43965501     -3     3    -5.6237951e-07
144 region_rec_diffs(1,80)        0.91819445     -3     3    -2.0440878e-07
145 region_rec_diffs(1,81)        0.096711462     -3     3    -1.3744142e-06
146 region_rec_diffs(1,82)        0.27909757     -3     3    -1.0116074e-06
147 region_rec_diffs(1,83)        0.59583834     -3     3    1.5941339e-06
148 region_rec_diffs(1,84)        -0.3806142     -3     3    1.6572551e-06
149 region_rec_diffs(1,85)        0.35142245     -3     3    -4.8345334e-07
150 region_rec_diffs(1,86)        -0.34585801     -3     3    -8.5809565e-07
151 region_rec_diffs(1,87)        0.72853583     -3     3    -2.0321022e-07
152 region_rec_diffs(1,88)        0.049111426     -3     3    -6.2256068e-07
153 region_rec_diffs(1,89)        0.075735523     -3     3    -1.8140966e-07
154 region_rec_diffs(1,90)        -0.15536298     -3     3    -2.2913012e-06
155 region_rec_diffs(1,91)        0.80055463     -3     3    7.3495278e-07
156 region_rec_diffs(1,92)        0.19707158     -3     3    -5.2918868e-08
157 region_rec_diffs(1,93)        0.034160196     -3     3    -3.0721881e-07
158 region_rec_diffs(1,94)        1.0234677     -3     3    -5.8772975e-08
159 region_rec_diffs(1,95)        -0.6226209     -3     3    -4.6485633e-08
160 region_rec_diffs(1,96)        -0.49694575     -3     3    -1.6765125e-06
161 region_rec_diffs(1,97)        0.67270015     -3     3    -1.8693959e-06
162 region_rec_diffs(1,98)        0.86472353     -3     3    -4.3292146e-07
163 region_rec_diffs(1,99)        0.15700948     -3     3    1.2151848e-06
164 region_rec_diffs(1,100)        0.011569739     -3     3    5.8338084e-07
165 region_rec_diffs(1,101)        0.77441841     -3     3    -1.0305115e-06
166 region_rec_diffs(1,102)        -0.048724922     -3     3    -4.5188911e-08
167 region_rec_diffs(1,103)        0.63821266     -3     3    1.9185942e-06
168 region_rec_diffs(1,104)        0.44664194     -3     3    -4.0145478e-07
169 region_rec_diffs(1,105)        0.1270797     -3     3    -3.2851981e-07
170 region_rec_diffs(1,106)        0.050447415     -3     3    -9.9632189e-07
171 region_rec_diffs(1,107)        0.50139777     -3     3    -1.2321966e-06
172 region_rec_diffs(1,108)        0.6208662     -3     3    8.2184386e-07
173 region_rec_diffs(1,109)        0.6066739     -3     3    -1.2678115e-06
174 region_rec_diffs(1,110)        0.0080600146     -3     3    -2.3503869e-07
175 region_rec_diffs(1,111)        -0.91353238     -3     3    -5.1976835e-07
176 region_rec_diffs(1,112)        0.86991177     -3     3    9.5013332e-08
177 region_rec_diffs(1,113)        0.55154349     -3     3    -7.0437907e-07
178 region_rec_diffs(1,114)        -0.75384383     -3     3    1.3864307e-07
179 region_rec_diffs(1,115)        -0.2406695     -3     3    1.0573843e-06
180 region_rec_diffs(1,116)        0.41028514     -3     3    -2.3833045e-08
181 region_rec_diffs(1,117)        0.61943117     -3     3    -7.3577186e-07
182 region_rec_diffs(1,118)        -0.58941665     -3     3    -1.9170168e-07
183 region_rec_diffs(1,119)        0.48399969     -3     3    -1.4466338e-07
184 region_rec_diffs(1,120)        -0.40479861     -3     3    1.1445479e-06
185 region_rec_diffs(1,121)        0.50728547     -3     3    3.4167199e-07
186 region_rec_diffs(1,122)        0.56263684     -3     3    2.4650137e-07
187 region_rec_diffs(1,123)        -0.8150908     -3     3    9.3225648e-07
188 region_rec_diffs(1,124)        0.29637351     -3     3    -5.5110859e-07
189 region_rec_diffs(1,125)        -0.65926105     -3     3    -4.3450547e-07
190 region_rec_diffs(1,126)        -0.23234169     -3     3    -1.3284038e-06
191 region_rec_diffs(1,127)        -0.3252903     -3     3    4.5548941e-06
192 region_rec_diffs(1,128)        0.53888041     -3     3    -4.2660456e-07
193 region_rec_diffs(1,129)        0.62558293     -3     3    6.8938421e-08
194 region_rec_diffs(1,130)        -1.0228836     -3     3    -1.8974522e-06
195 region_rec_diffs(1,131)        -0.23559571     -3     3    1.4427306e-06
196 region_rec_diffs(1,132)        -0.1286388     -3     3    2.2312046e-07
197 region_rec_diffs(1,133)        0.83546649     -3     3    -6.6346482e-07
198 region_rec_diffs(1,134)        -0.86063928     -3     3    -1.4524018e-06
199 region_rec_diffs(1,135)        -0.1387606     -3     3    2.0862421e-06
200 region_rec_diffs(1,136)        0.89341319     -3     3    -1.0325566e-06
201 region_rec_diffs(1,137)        -1.2159292     -3     3    -1.0428183e-06
202 region_rec_diffs(1,138)        -1.6094036     -3     3    -1.6453157e-07
203 region_rec_diffs(1,139)        -1.7893725     -3     3    -1.809209e-06
204 region_rec_diffs(1,140)        -0.41132677     -3     3    2.0476184e-06
205 region_rec_diffs(1,141)        0.36900947     -3     3    -4.9961736e-07
206 region_rec_diffs(1,142)        0.37702296     -3     3    5.3192156e-07
207 region_rec_diffs(1,143)        -0.59710481     -3     3    1.5632918e-06
208 region_rec_diffs(1,144)        0.10748028     -3     3    -1.461647e-07
209 region_rec_diffs(1,145)        0.32241065     -3     3    -9.453718e-08
210 region_rec_diffs(1,146)        -0.94867211     -3     3    -1.8175677e-07
211 region_rec_diffs(1,147)        -1.2674998     -3     3    -3.2103043e-07
212 region_rec_diffs(1,148)        0.2744872     -3     3    -7.1241806e-07
213 region_rec_diffs(1,149)        0.070535179     -3     3    4.1353075e-06
214 region_rec_diffs(1,150)        -0.16319859     -3     3    1.2616756e-06
215 region_rec_diffs(1,151)        -0.60288043     -3     3    4.5261394e-07
216 region_rec_diffs(1,152)        0.33330162     -3     3    -1.7008194e-06
217 region_rec_diffs(1,153)        0.76992546     -3     3    1.6440736e-07
218 region_rec_diffs(1,154)        -1.4984907     -3     3    -7.8653531e-07
219 region_rec_diffs(1,155)        -1.5464875     -3     3    -2.8327324e-06
220 region_rec_diffs(1,156)        0.63268472     -3     3    2.726422e-07
221 region_rec_diffs(1,157)        -0.4162539     -3     3    4.3704813e-07
222 region_rec_diffs(1,158)        -1.4581966     -3     3    1.1423811e-06
223 region_rec_diffs(1,159)        -2.1139378     -3     3    9.483242e-07
224 region_rec_diffs(1,160)        -0.58138042     -3     3    -6.1529337e-08
225 region_rec_diffs(1,161)        0.017552336     -3     3    -7.1710405e-07
226 region_rec_diffs(1,162)        -0.61930665     -3     3    6.4241626e-07
227 region_rec_diffs(1,163)        -0.76474123     -3     3    -7.6576585e-07
228 region_rec_diffs(1,164)        0.93474346     -3     3    -4.5352561e-07
229 region_rec_diffs(1,165)        -1.4334958     -3     3    1.169165e-06
230 region_rec_diffs(1,166)        -1.7572905     -3     3    -6.7066186e-07
231 region_rec_diffs(1,167)        -2.3366519     -3     3    9.3680701e-07
232 region_rec_diffs(1,168)        -0.04000052     -3     3    -3.2881389e-07
233 region_rec_diffs(1,169)        0.049960177     -3     3    1.2716557e-07
234 region_rec_diffs(1,170)        -1.8583865     -3     3    4.2288593e-07
235 region_rec_diffs(1,171)        -1.1918311     -3     3    -4.8367125e-06
236 region_rec_diffs(1,172)        0.57422662     -3     3    -5.0308273e-07
237 region_rec_diffs(1,173)        0.36189178     -3     3    -2.2166014e-06
238 region_rec_diffs(1,174)        -1.3677677     -3     3    -8.8504984e-07
239 region_rec_diffs(1,175)        -1.5236388     -3     3    -8.7491636e-07
240 region_rec_diffs(1,176)        -0.92011312     -3     3    -5.3207678e-07
241 region_rec_diffs(1,177)        -0.36191096     -3     3    2.1277335e-07
242 region_rec_diffs(1,178)        0.31748726     -3     3    -2.9930738e-07
243 region_rec_diffs(1,179)        -2.3936554     -3     3    -4.1131495e-07
244 region_rec_diffs(1,180)        0.40457193     -3     3    4.3832509e-08
245 region_rec_diffs(1,181)        0.35288525     -3     3    -5.1545866e-07
246 region_rec_diffs(1,182)        -1.8960016     -3     3    3.5545094e-07
247 region_rec_diffs(1,183)        -2.4571405     -3     3    2.6853857e-07
248 region_rec_diffs(1,184)        -1.9711511     -3     3    6.7721653e-07
249 region_rec_diffs(1,185)        -0.037948549     -3     3    2.5139444e-09
250 region_rec_diffs(1,186)        -0.29774671     -3     3    -7.6958831e-07
251 region_rec_diffs(1,187)        -1.5154115     -3     3    1.0233162e-06
252 region_rec_diffs(1,188)        0.38134621     -3     3    -3.5483496e-07
253 region_rec_diffs(1,189)        0.81700274     -3     3    -2.228869e-07
254 region_rec_diffs(1,190)        -1.8904182     -3     3    -3.7389449e-07
255 region_rec_diffs(1,191)        -2.5939848     -3     3    1.9947579e-06
256 region_rec_diffs(1,192)        -0.031568581     -3     3    4.1718781e-08
257 region_rec_diffs(1,193)        0.98926376     -3     3    -1.6646272e-07
258 region_rec_diffs(1,194)        -1.7973825     -3     3    -4.0217056e-07
259 region_rec_diffs(1,195)        -2.0868998     -3     3    -1.1992439e-06
260 region_rec_diffs(1,196)        0.55258802     -3     3    -2.783814e-07
261 region_rec_diffs(1,197)        -0.7605102     -3     3    1.0945739e-06
262 region_rec_diffs(1,198)        -2.2488545     -3     3    -5.3518491e-07
263 region_rec_diffs(1,199)        -2.5344914     -3     3    7.1096857e-07
264 region_rec_diffs(1,200)        -2.1404492     -3     3    -1.1484918e-06
265 region_rec_diffs(1,201)        0.84303071     -3     3    8.5732742e-07
266 region_rec_diffs(1,202)        -0.099912349     -3     3    -5.4197681e-07
267 region_rec_diffs(1,203)        0.66634554     -3     3    -1.8840704e-07
268 region_rec_diffs(1,204)        -1.1635522     -3     3    1.495505e-07
269 region_rec_diffs(1,205)        -1.7109264     -3     3    1.4709205e-07
270 region_rec_diffs(1,206)        -2.2789674     -3     3    1.9662512e-06
271 region_rec_diffs(1,207)        -0.95254292     -3     3    3.2897337e-06
272 region_rec_diffs(1,208)        -1.1389948     -3     3    2.2010296e-06
273 region_rec_diffs(1,209)        -0.086335197     -3     3    -2.5541068e-06
274 region_rec_diffs(1,210)        0.58788496     -3     3    5.2707831e-08
275 region_rec_diffs(1,211)        -0.13203618     -3     3    -9.8318e-07
276 region_rec_diffs(1,212)        -2.1665355     -3     3    5.9271559e-07
277 region_rec_diffs(1,213)        -1.4750317     -3     3    2.6144835e-06
278 region_rec_diffs(1,214)        -1.8389282     -3     3    2.4031492e-06
279 region_rec_diffs(1,215)        -1.8709607     -3     3    3.828301e-07
280 region_rec_diffs(1,216)        0.20266716     -3     3    -2.4220832e-07
281 region_rec_diffs(1,217)        0.2205103     -3     3    -2.6652407e-07
282 region_rec_diffs(1,218)        -2.4714587     -3     3    -1.6885972e-06
283 region_rec_diffs(1,219)        -2.0750826     -3     3    3.6166059e-07
284 region_rec_diffs(1,220)        0.407833     -3     3    2.3645419e-07
285 region_rec_diffs(1,221)        -0.21349925     -3     3    -8.4655444e-07
286 region_rec_diffs(1,222)        -1.6402952     -3     3    -1.4508887e-07
287 region_rec_diffs(1,223)        0.058383107     -3     3    -1.0876969e-07
288 region_rec_diffs(1,224)        0.082671518     -3     3    -9.5703065e-09
289 region_rec_diffs(1,225)        -0.89551336     -3     3    4.1796845e-07
290 region_rec_diffs(1,226)        -2.6287081     -3     3    6.9329824e-07
291 region_rec_diffs(1,227)        -1.9632136     -3     3    -6.3315069e-07
292 region_rec_diffs(1,228)        -0.70422486     -3     3    2.8218105e-07
293 region_rec_diffs(1,229)        0.73310449     -3     3    5.9392625e-09
294 region_rec_diffs(1,230)        -1.7264175     -3     3    5.0203986e-07
295 region_rec_diffs(1,231)        -0.22420636     -3     3    1.6046626e-06
296 region_rec_diffs(1,232)        0.44024903     -3     3    -6.2329856e-07
297 region_rec_diffs(1,233)        -0.99285891     -3     3    -1.7106182e-06
298 region_rec_diffs(1,234)        -2.1794611     -3     3    -1.6248549e-06
299 region_rec_diffs(1,235)        -1.0950168     -3     3    -1.4481973e-06
300 region_rec_diffs(1,236)        0.31641806     -3     3    1.0912971e-06
301 region_rec_diffs(1,237)        -0.40888332     -3     3    -6.0445471e-06
302 region_rec_diffs(1,238)        -0.51309486     -3     3    1.5719012e-06
303 region_rec_diffs(1,239)        -2.2968607     -3     3    1.5191009e-06
304 region_rec_diffs(1,240)        -0.80468222     -3     3    -3.839668e-08
305 region_rec_diffs(1,241)        0.72480283     -3     3    -4.6731995e-07
306 region_rec_diffs(1,242)        -0.55228632     -3     3    2.8731338e-06
307 region_rec_diffs(1,243)        -0.10143532     -3     3    -1.5603445e-06
308 region_rec_diffs(1,244)        0.34489931     -3     3    -5.6546213e-07
309 region_rec_diffs(1,245)        -0.85033839     -3     3    3.7101487e-06
310 region_rec_diffs(1,246)        -1.3257675     -3     3    1.1409669e-06
311 region_rec_diffs(1,247)        -0.98019851     -3     3    1.315947e-06
312 region_rec_diffs(1,248)        0.57516286     -3     3    -1.6739475e-07
313 region_rec_diffs(1,249)        -1.2257624     -3     3    -4.8649043e-07
314 region_rec_diffs(1,250)        -2.7933146     -3     3    2.0262442e-06
315 region_rec_diffs(1,251)        -2.5263537     -3     3    9.1220066e-07
316 region_rec_diffs(1,252)        0.13681559     -3     3    4.4029718e-08
317 region_rec_diffs(1,253)        0.58688462     -3     3    -9.5775737e-08
318 region_rec_diffs(1,254)        -2.550759     -3     3    1.7976124e-06
319 region_rec_diffs(1,255)        -2.6072623     -3     3    -1.5980566e-06
320 region_rec_diffs(1,256)        0.29562814     -3     3    -2.717367e-07
321 region_rec_diffs(1,257)        0.41523045     -3     3    2.6536049e-07
322 region_rec_diffs(1,258)        -1.8500572     -3     3    -6.7444859e-07
323 region_rec_diffs(1,259)        -1.7313705     -3     3    -2.7135634e-06
324 region_rec_diffs(1,260)        0.90152618     -3     3    -1.9307041e-08
325 region_rec_diffs(1,261)        -0.67493873     -3     3    1.8063739e-06
326 region_rec_diffs(1,262)        -1.556578     -3     3    1.2770115e-06
327 region_rec_diffs(1,263)        -1.2251881     -3     3    -3.1612572e-07
328 region_rec_diffs(1,264)        0.31636779     -3     3    1.3820683e-06
329 region_rec_diffs(1,265)        0.56702314     -3     3    -1.7028161e-06
330 region_rec_diffs(1,266)        -1.8012535     -3     3    -1.2055615e-06
331 region_rec_diffs(1,267)        -1.9780354     -3     3    -5.6827643e-07
332 region_rec_diffs(1,268)        0.015242272     -3     3    9.2284461e-07
333 region_rec_diffs(1,269)        0.30060222     -3     3    -7.5265093e-07
334 region_rec_diffs(1,270)        -1.6074165     -3     3    -1.0754819e-06
335 region_rec_diffs(1,271)        -1.6585207     -3     3    -5.3094826e-07
336 region_rec_diffs(1,272)        0.17861424     -3     3    -3.5572092e-06
337 region_rec_diffs(1,273)        0.028740756     -3     3    1.1276137e-06
338 region_rec_diffs(1,274)        -0.12696307     -3     3    1.6414925e-06
339 region_rec_diffs(1,275)        -0.8094874     -3     3    1.3915533e-06
340 region_rec_diffs(1,276)        -0.81997285     -3     3    1.8197736e-06
341 region_rec_diffs(1,277)        0.68995872     -3     3    5.9410768e-07
342 region_rec_diffs(1,278)        0.33907675     -3     3    -1.2390803e-06
343 region_rec_diffs(1,279)        -0.6168109     -3     3    -1.681702e-06
344 region_rec_diffs(2,1)        9.2411814e-08     -3     3    -2.0201634e-08
345 region_rec_diffs(2,2)        -0.79288759     -3     3    1.2384932e-07
346 region_rec_diffs(2,3)        -0.81082792     -3     3    -1.2067355e-06
347 region_rec_diffs(2,4)        -0.80292404     -3     3    -2.2260992e-09
348 region_rec_diffs(2,5)        -0.75381526     -3     3    3.4095306e-07
349 region_rec_diffs(2,6)        -0.035873264     -3     3    -1.0109596e-06
350 region_rec_diffs(2,7)        -1.86761     -3     3    -1.3828987e-06
351 region_rec_diffs(2,8)        -0.046006196     -3     3    -7.9344227e-07
352 region_rec_diffs(2,9)        -1.1079381     -3     3    -1.0295172e-06
353 region_rec_diffs(2,10)        -0.3440676     -3     3    1.2315064e-06
354 region_rec_diffs(2,11)        -1.8162911     -3     3    4.1263603e-07
355 region_rec_diffs(2,12)        -0.045151664     -3     3    1.8920275e-07
356 region_rec_diffs(2,13)        -0.45881506     -3     3    6.1833601e-07
357 region_rec_diffs(2,14)        -0.60927501     -3     3    1.8922787e-07
358 region_rec_diffs(2,15)        0.02877358     -3     3    5.1899733e-07
359 region_rec_diffs(2,16)        0.14360388     -3     3    -1.1251708e-07
360 region_rec_diffs(2,17)        0.34056622     -3     3    2.1995693e-07
361 region_rec_diffs(2,18)        -0.65398721     -3     3    -1.2363334e-06
362 region_rec_diffs(2,19)        0.024509127     -3     3    4.5729919e-07
363 region_rec_diffs(2,20)        -0.31374424     -3     3    -2.095632e-06
364 region_rec_diffs(2,21)        0.31294469     -3     3    -1.9856712e-06
365 region_rec_diffs(2,22)        -1.1558423     -3     3    -3.3210764e-06
366 region_rec_diffs(2,23)        -0.1454182     -3     3    -5.5889911e-07
367 region_rec_diffs(2,24)        -1.1114386     -3     3    -9.5905344e-07
368 region_rec_diffs(2,25)        -1.4787057     -3     3    9.4305926e-07
369 region_rec_diffs(2,26)        -1.7289118     -3     3    1.7144032e-06
370 region_rec_diffs(2,27)        -0.095704638     -3     3    -6.5821681e-07
371 region_rec_diffs(2,28)        -0.87525257     -3     3    6.0016797e-06
372 region_rec_diffs(2,29)        -0.23419809     -3     3    -6.3268347e-07
373 region_rec_diffs(2,30)        0.19305666     -3     3    4.054304e-07
374 region_rec_diffs(2,31)        0.042673121     -3     3    1.4843059e-07
375 region_rec_diffs(2,32)        -0.012639789     -3     3    4.9362376e-07
376 region_rec_diffs(2,33)        -0.66821756     -3     3    -1.360469e-06
377 region_rec_diffs(2,34)        -1.6760265     -3     3    5.1859994e-07
378 region_rec_diffs(2,35)        -0.14663634     -3     3    1.1848991e-06
379 region_rec_diffs(2,36)        -1.4321881     -3     3    7.6515361e-07
380 region_rec_diffs(2,37)        -1.3148538     -3     3    6.4967368e-06
381 region_rec_diffs(2,38)        -0.21156257     -3     3    2.1451169e-07
382 region_rec_diffs(2,39)        -0.093346444     -3     3    8.9169817e-08
383 region_rec_diffs(2,40)        -0.19348263     -3     3    5.2294e-07
384 region_rec_diffs(2,41)        -0.67167722     -3     3    2.5087069e-06
385 region_rec_diffs(2,42)        -1.1445731     -3     3    -1.475686e-06
386 region_rec_diffs(2,43)        -0.077442686     -3     3    -1.5043303e-07
387 region_rec_diffs(2,44)        -1.087441     -3     3    -3.4294823e-07
388 region_rec_diffs(2,45)        -2.1477049     -3     3    2.5089377e-07
389 region_rec_diffs(2,46)        -0.42706211     -3     3    4.5936441e-07
390 region_rec_diffs(2,47)        -0.45972223     -3     3    1.8361694e-06
391 region_rec_diffs(2,48)        -1.4578138     -3     3    -2.5703664e-08
392 region_rec_diffs(2,49)        -0.56848497     -3     3    -4.5206659e-07
393 region_rec_diffs(2,50)        0.055034127     -3     3    1.1330621e-07
394 region_rec_diffs(2,51)        -1.4354284     -3     3    -8.1798534e-07
395 region_rec_diffs(2,52)        0.12947604     -3     3    7.9913377e-07
396 region_rec_diffs(2,53)        -1.010439     -3     3    -2.7299572e-07
397 region_rec_diffs(2,54)        -0.44545868     -3     3    2.806864e-07
398 region_rec_diffs(2,55)        -1.7539222     -3     3    1.0942523e-06
399 region_rec_diffs(2,56)        -1.1228207     -3     3    8.8735398e-07
400 region_rec_diffs(2,57)        -0.81130692     -3     3    3.9235027e-07
401 region_rec_diffs(2,58)        -1.1139868     -3     3    9.8648185e-08
402 region_rec_diffs(2,59)        -0.43821284     -3     3    -7.5594555e-07
403 region_rec_diffs(2,60)        -1.4113163     -3     3    -1.6890746e-06
404 region_rec_diffs(2,61)        -1.2898293     -3     3    -4.5962425e-06
405 region_rec_diffs(2,62)        0.064266288     -3     3    -5.5849833e-07
406 region_rec_diffs(2,63)        -0.79991803     -3     3    -1.0128457e-06
407 region_rec_diffs(2,64)        -1.0992825     -3     3    1.4250536e-07
408 region_rec_diffs(2,65)        -1.6721125     -3     3    -3.1109971e-07
409 region_rec_diffs(2,66)        0.019405458     -3     3    -3.4603035e-07
410 region_rec_diffs(2,67)        -0.89236313     -3     3    -4.9063208e-07
411 region_rec_diffs(2,68)        -1.4688654     -3     3    1.1862973e-06
412 region_rec_diffs(2,69)        -1.5564145     -3     3    1.4503326e-06
413 region_rec_diffs(2,70)        -0.92286914     -3     3    1.278629e-06
414 region_rec_diffs(2,71)        -0.80173679     -3     3    -5.6881751e-08
415 region_rec_diffs(2,72)        -0.25999178     -3     3    -2.9267241e-07
416 region_rec_diffs(2,73)        0.049769288     -3     3    -1.422329e-07
417 region_rec_diffs(2,74)        -1.4386906     -3     3    -6.3094439e-07
418 region_rec_diffs(2,75)        0.18630912     -3     3    5.206743e-07
419 region_rec_diffs(2,76)        -0.31548215     -3     3    1.0637907e-06
420 region_rec_diffs(2,77)        0.34367127     -3     3    -1.4769067e-07
421 region_rec_diffs(2,78)        -0.56908057     -3     3    -1.0392396e-07
422 region_rec_diffs(2,79)        -0.18430539     -3     3    4.3333867e-07
423 region_rec_diffs(2,80)        -0.67302343     -3     3    -1.4556204e-06
424 region_rec_diffs(2,81)        0.18788352     -3     3    8.3212347e-07
425 region_rec_diffs(2,82)        0.094374323     -3     3    6.9993194e-07
426 region_rec_diffs(2,83)        -1.0896242     -3     3    -1.2894139e-06
427 region_rec_diffs(2,84)        -0.054345324     -3     3    8.2420842e-07
428 region_rec_diffs(2,85)        0.0097764061     -3     3    7.7455007e-07
429 region_rec_diffs(2,86)        0.13222968     -3     3    1.9022062e-07
430 region_rec_diffs(2,87)        -0.92458811     -3     3    1.2281832e-06
431 region_rec_diffs(2,88)        -1.0700752     -3     3    3.0956431e-06
432 region_rec_diffs(2,89)        0.066077804     -3     3    7.7462179e-07
433 region_rec_diffs(2,90)        0.22417567     -3     3    7.2579438e-07
434 region_rec_diffs(2,91)        -0.50143237     -3     3    -9.0724997e-07
435 region_rec_diffs(2,92)        0.29380328     -3     3    -4.2282246e-07
436 region_rec_diffs(2,93)        0.11039956     -3     3    7.4611001e-07
437 region_rec_diffs(2,94)        -1.2936241     -3     3    1.4560639e-06
438 region_rec_diffs(2,95)        -0.31774073     -3     3    -3.4869047e-07
439 region_rec_diffs(2,96)        0.047202916     -3     3    1.4071095e-07
440 region_rec_diffs(2,97)        -0.91565666     -3     3    -9.1803392e-08
441 region_rec_diffs(2,98)        -1.1212331     -3     3    3.0615441e-07
442 region_rec_diffs(2,99)        -0.70914919     -3     3    -1.0318541e-06
443 region_rec_diffs(2,100)        0.13449134     -3     3    -1.0415005e-07
444 region_rec_diffs(2,101)        -1.113379     -3     3    1.0611394e-06
445 region_rec_diffs(2,102)        0.033527155     -3     3    3.3913125e-08
446 region_rec_diffs(2,103)        -0.43146976     -3     3    -1.3758131e-06
447 region_rec_diffs(2,104)        -0.79995032     -3     3    2.942924e-06
448 region_rec_diffs(2,105)        0.025713502     -3     3    5.5517328e-07
449 region_rec_diffs(2,106)        0.020045732     -3     3    3.3370002e-07
450 region_rec_diffs(2,107)        -0.18592008     -3     3    1.3680127e-06
451 region_rec_diffs(2,108)        -0.010994495     -3     3    -1.117872e-06
452 region_rec_diffs(2,109)        -0.73760991     -3     3    1.2354259e-06
453 region_rec_diffs(2,110)        0.046237876     -3     3    -2.6125687e-07
454 region_rec_diffs(2,111)        0.56980828     -3     3    -1.9412215e-08
455 region_rec_diffs(2,112)        -2.2924222     -3     3    -3.5593008e-07
456 region_rec_diffs(2,113)        -2.9999914     -3     3    9.7529956e-08   *************
457 region_rec_diffs(2,114)        0.42096462     -3     3    6.5677913e-08
458 region_rec_diffs(2,115)        0.15682324     -3     3    -2.6768799e-07
459 region_rec_diffs(2,116)        -1.0703323     -3     3    2.8685873e-06
460 region_rec_diffs(2,117)        -0.91369036     -3     3    -1.2768851e-06
461 region_rec_diffs(2,118)        0.0988513     -3     3    4.6829156e-07
462 region_rec_diffs(2,119)        -1.2257909     -3     3    -2.9912521e-07
463 region_rec_diffs(2,120)        0.087882575     -3     3    8.2024824e-08
464 region_rec_diffs(2,121)        -1.4073506     -3     3    5.7269902e-07
465 region_rec_diffs(2,122)        -0.4074971     -3     3    1.1306484e-06
466 region_rec_diffs(2,123)        0.27402222     -3     3    -2.9818049e-07
467 region_rec_diffs(2,124)        -2.7322319     -3     3    -5.3316218e-07
468 region_rec_diffs(2,125)        -1.4448015     -3     3    1.6229413e-06
469 region_rec_diffs(2,126)        0.087349791     -3     3    -5.6975873e-07
470 region_rec_diffs(2,127)        0.42029124     -3     3    -1.0917978e-06
471 region_rec_diffs(2,128)        -0.090490141     -3     3    2.8174713e-07
472 region_rec_diffs(2,129)        -0.76752939     -3     3    2.5911247e-06
473 region_rec_diffs(2,130)        0.28903001     -3     3    -1.7934812e-08
474 region_rec_diffs(2,131)        0.10313273     -3     3    7.5601737e-07
475 region_rec_diffs(2,132)        -1.9182414     -3     3    -3.1336899e-06
476 region_rec_diffs(2,133)        -0.37805673     -3     3    1.1880892e-06
477 region_rec_diffs(2,134)        -0.19008477     -3     3    -1.2307302e-06
478 region_rec_diffs(2,135)        0.34733277     -3     3    -1.0615815e-06
479 region_rec_diffs(2,136)        -0.35812586     -3     3    1.9023893e-06
480 region_rec_diffs(2,137)        0.31845422     -3     3    5.852872e-07
481 region_rec_diffs(2,138)        -0.23645083     -3     3    -7.339317e-07
482 region_rec_diffs(2,139)        0.68402287     -3     3    1.3711442e-07
483 region_rec_diffs(2,140)        -0.8926865     -3     3    -1.9299244e-06
484 region_rec_diffs(2,141)        0.20384597     -3     3    5.8494801e-07
485 region_rec_diffs(2,142)        -0.2229144     -3     3    -5.1007885e-07
486 region_rec_diffs(2,143)        -0.059165225     -3     3    -1.9675639e-06
487 region_rec_diffs(2,144)        -0.60447741     -3     3    -1.8308542e-06
488 region_rec_diffs(2,145)        -0.077266619     -3     3    2.7440643e-07
489 region_rec_diffs(2,146)        -1.237569     -3     3    -2.2615171e-07
490 region_rec_diffs(2,147)        -1.3552467     -3     3    -4.8453628e-07
491 region_rec_diffs(2,148)        -0.19934005     -3     3    3.7630698e-07
492 region_rec_diffs(2,149)        -0.035019338     -3     3    -1.2460695e-06
493 region_rec_diffs(2,150)        -0.24983327     -3     3    -7.6818558e-07
494 region_rec_diffs(2,151)        -0.18005468     -3     3    -3.6907568e-06
495 region_rec_diffs(2,152)        0.33537807     -3     3    6.829797e-07
496 region_rec_diffs(2,153)        -1.4451373     -3     3    1.8510509e-07
497 region_rec_diffs(2,154)        -0.56530599     -3     3    8.3126495e-07
498 region_rec_diffs(2,155)        -0.35740774     -3     3    -5.6942992e-07
499 region_rec_diffs(2,156)        -0.04659922     -3     3    -7.397143e-08
500 region_rec_diffs(2,157)        -2.1737933     -3     3    1.2451376e-08
501 region_rec_diffs(2,158)        -0.20062334     -3     3    2.1804451e-06
502 region_rec_diffs(2,159)        -1.6648492     -3     3    -2.1828819e-06
503 region_rec_diffs(2,160)        0.03885528     -3     3    -1.3868643e-07
504 region_rec_diffs(2,161)        -2.0291221     -3     3    2.1669167e-08
505 region_rec_diffs(2,162)        -1.2082344     -3     3    -4.8201658e-07
506 region_rec_diffs(2,163)        0.29494502     -3     3    -3.9927323e-07
507 region_rec_diffs(2,164)        -0.59917903     -3     3    -4.9346409e-07
508 region_rec_diffs(2,165)        -0.37622315     -3     3    -2.1497105e-07
509 region_rec_diffs(2,166)        0.52475167     -3     3    -1.7653239e-07
510 region_rec_diffs(2,167)        0.043546312     -3     3    3.1935339e-07
511 region_rec_diffs(2,168)        -0.58677906     -3     3    6.5176655e-07
512 region_rec_diffs(2,169)        -0.38088095     -3     3    7.9990365e-07
513 region_rec_diffs(2,170)        0.64197912     -3     3    2.1849727e-07
514 region_rec_diffs(2,171)        -0.90546455     -3     3    2.0336365e-06
515 region_rec_diffs(2,172)        -1.6874083     -3     3    6.5913639e-07
516 region_rec_diffs(2,173)        -1.1685514     -3     3    2.6471063e-06
517 region_rec_diffs(2,174)        -0.5922623     -3     3    3.0378917e-06
518 region_rec_diffs(2,175)        0.14398209     -3     3    5.7251156e-06
519 region_rec_diffs(2,176)        0.23245501     -3     3    8.2749184e-07
520 region_rec_diffs(2,177)        0.19958348     -3     3    -3.1908641e-07
521 region_rec_diffs(2,178)        -1.5104717     -3     3    7.520997e-07
522 region_rec_diffs(2,179)        -0.19971086     -3     3    1.1628354e-06
523 region_rec_diffs(2,180)        -0.30473074     -3     3    2.6551771e-07
524 region_rec_diffs(2,181)        -0.092612807     -3     3    1.8626667e-07
525 region_rec_diffs(2,182)        0.69197666     -3     3    1.3891151e-08
526 region_rec_diffs(2,183)        0.14935618     -3     3    1.0616168e-06
527 region_rec_diffs(2,184)        -0.29416856     -3     3    -1.0915343e-06
528 region_rec_diffs(2,185)        -1.7034806     -3     3    4.3458783e-07
529 region_rec_diffs(2,186)        -0.16841231     -3     3    -3.8879245e-07
530 region_rec_diffs(2,187)        -0.17010455     -3     3    3.2859868e-07
531 region_rec_diffs(2,188)        0.32538193     -3     3    2.866434e-07
532 region_rec_diffs(2,189)        -0.35933038     -3     3    3.6509146e-07
533 region_rec_diffs(2,190)        0.35857025     -3     3    -1.0987706e-06
534 region_rec_diffs(2,191)        0.011988937     -3     3    1.3495574e-06
535 region_rec_diffs(2,192)        -0.71675637     -3     3    -3.3212019e-07
536 region_rec_diffs(2,193)        -2.2073969     -3     3    -1.0135233e-06
537 region_rec_diffs(2,194)        -0.30455561     -3     3    -6.264196e-07
538 region_rec_diffs(2,195)        -0.18456158     -3     3    9.3372282e-08
539 region_rec_diffs(2,196)        -1.3868728     -3     3    8.2465735e-07
540 region_rec_diffs(2,197)        -1.0241299     -3     3    2.0872214e-06
541 region_rec_diffs(2,198)        0.30498663     -3     3    -4.8490292e-07
542 region_rec_diffs(2,199)        -0.73383514     -3     3    -4.8310537e-07
543 region_rec_diffs(2,200)        0.25378303     -3     3    2.2988439e-07
544 region_rec_diffs(2,201)        -0.98605993     -3     3    -1.4722285e-06
545 region_rec_diffs(2,202)        -1.0163975     -3     3    2.1433943e-07
546 region_rec_diffs(2,203)        -1.5250899     -3     3    -6.5996984e-07
547 region_rec_diffs(2,204)        -0.42647245     -3     3    6.5629051e-07
548 region_rec_diffs(2,205)        -0.6795589     -3     3    4.7285803e-07
549 region_rec_diffs(2,206)        0.65186283     -3     3    4.7919398e-07
550 region_rec_diffs(2,207)        -0.070723191     -3     3    -4.6003946e-06
551 region_rec_diffs(2,208)        0.47295529     -3     3    -3.7012004e-07
552 region_rec_diffs(2,209)        -0.6504448     -3     3    3.0276927e-06
553 region_rec_diffs(2,210)        -0.92803144     -3     3    4.8151761e-06
554 region_rec_diffs(2,211)        -1.8326074     -3     3    -1.1352499e-07
555 region_rec_diffs(2,212)        -0.44438208     -3     3    -1.2142155e-06
556 region_rec_diffs(2,213)        -0.11980735     -3     3    6.2946114e-07
557 region_rec_diffs(2,214)        0.55703876     -3     3    -7.8807674e-07
558 region_rec_diffs(2,215)        -0.32428671     -3     3    -1.7205139e-06
559 region_rec_diffs(2,216)        -0.22770792     -3     3    2.8896331e-07
560 region_rec_diffs(2,217)        -0.39936277     -3     3    1.8297323e-07
561 region_rec_diffs(2,218)        0.12264485     -3     3    -1.2006485e-07
562 region_rec_diffs(2,219)        -0.28358326     -3     3    1.0736994e-07
563 region_rec_diffs(2,220)        -1.3129286     -3     3    1.001297e-06
564 region_rec_diffs(2,221)        0.2158125     -3     3    1.1910961e-07
565 region_rec_diffs(2,222)        -0.25452835     -3     3    3.581196e-07
566 region_rec_diffs(2,223)        -0.13619792     -3     3    2.7956052e-07
567 region_rec_diffs(2,224)        -0.67522199     -3     3    -2.8989932e-06
568 region_rec_diffs(2,225)        0.21266208     -3     3    -9.2495958e-07
569 region_rec_diffs(2,226)        0.55834467     -3     3    -2.9330047e-08
570 region_rec_diffs(2,227)        0.25097035     -3     3    -4.4426805e-07
571 region_rec_diffs(2,228)        0.29599504     -3     3    3.9198286e-07
572 region_rec_diffs(2,229)        -1.056448     -3     3    -1.3285119e-06
573 region_rec_diffs(2,230)        -0.77651586     -3     3    6.6653764e-07
574 region_rec_diffs(2,231)        -1.223339     -3     3    -1.8936727e-06
575 region_rec_diffs(2,232)        -1.5972566     -3     3    5.9903928e-07
576 region_rec_diffs(2,233)        -0.37675359     -3     3    5.891983e-08
577 region_rec_diffs(2,234)        -0.55600878     -3     3    2.4344757e-07
578 region_rec_diffs(2,235)        -0.52714894     -3     3    1.2155864e-07
579 region_rec_diffs(2,236)        -0.31824169     -3     3    -5.369944e-07
580 region_rec_diffs(2,237)        -0.4360119     -3     3    8.6795455e-07
581 region_rec_diffs(2,238)        -0.13811238     -3     3    -4.1066343e-07
582 region_rec_diffs(2,239)        -0.1107711     -3     3    -5.3104925e-08
583 region_rec_diffs(2,240)        -0.85621533     -3     3    -1.0908471e-07
584 region_rec_diffs(2,241)        -1.5918316     -3     3    1.6835691e-07
585 region_rec_diffs(2,242)        -0.35342723     -3     3    -4.3448591e-07
586 region_rec_diffs(2,243)        -0.37154048     -3     3    4.2260788e-07
587 region_rec_diffs(2,244)        -0.36225102     -3     3    4.633711e-07
588 region_rec_diffs(2,245)        -0.06897137     -3     3    -1.2373558e-08
589 region_rec_diffs(2,246)        -0.08380713     -3     3    1.3989485e-07
590 region_rec_diffs(2,247)        -0.59121782     -3     3    2.319893e-07
591 region_rec_diffs(2,248)        -0.9882034     -3     3    2.9977091e-07
592 region_rec_diffs(2,249)        0.04589115     -3     3    6.4931246e-07
593 region_rec_diffs(2,250)        0.38777765     -3     3    -4.9089651e-08
594 region_rec_diffs(2,251)        -0.096425995     -3     3    -2.7972421e-08
595 region_rec_diffs(2,252)        -0.55600112     -3     3    2.3730535e-07
596 region_rec_diffs(2,253)        -0.37274245     -3     3    1.1962828e-07
597 region_rec_diffs(2,254)        0.16451198     -3     3    3.2302769e-07
598 region_rec_diffs(2,255)        0.078018446     -3     3    1.6653332e-07
599 region_rec_diffs(2,256)        -0.5015585     -3     3    7.0217208e-08
600 region_rec_diffs(2,257)        -0.36518216     -3     3    -3.1740254e-07
601 region_rec_diffs(2,258)        0.24843031     -3     3    3.0200117e-08
602 region_rec_diffs(2,259)        0.69201286     -3     3    -2.237296e-08
603 region_rec_diffs(2,260)        -0.66714919     -3     3    -2.4264927e-07
604 region_rec_diffs(2,261)        -0.34432558     -3     3    -4.5512897e-07
605 region_rec_diffs(2,262)        0.36409036     -3     3    -9.0229677e-08
606 region_rec_diffs(2,263)        -0.27983713     -3     3    2.2501079e-07
607 region_rec_diffs(2,264)        -1.5161649     -3     3    -1.0442478e-06
608 region_rec_diffs(2,265)        -0.3302283     -3     3    1.1582442e-06
609 region_rec_diffs(2,266)        0.24981886     -3     3    2.563858e-07
610 region_rec_diffs(2,267)        0.049964853     -3     3    4.2620427e-07
611 region_rec_diffs(2,268)        -0.97115087     -3     3    1.8185895e-07
612 region_rec_diffs(2,269)        -1.0195575     -3     3    1.051577e-06
613 region_rec_diffs(2,270)        -0.09210027     -3     3    1.4556427e-06
614 region_rec_diffs(2,271)        -0.53324907     -3     3    2.1288906e-06
615 region_rec_diffs(2,272)        0.063392523     -3     3    3.8872196e-06
616 region_rec_diffs(2,273)        0.38299984     -3     3    -5.4843021e-07
617 region_rec_diffs(2,274)        0.24776589     -3     3    1.7918695e-07
618 region_rec_diffs(2,275)        0.5277358     -3     3    -4.0987236e-07
619 region_rec_diffs(2,276)        -0.55206205     -3     3    4.0134888e-07
620 region_rec_diffs(2,277)        -1.2680763     -3     3    -1.3231934e-07
621 region_rec_diffs(2,278)        -0.36353564     -3     3    3.8532111e-07
622 region_rec_diffs(2,279)        0.44750596     -3     3    9.4145121e-07
623 region_rec_diffs(3,1)        -6.4915818e-08     -3     3    -5.0568017e-09
624 region_rec_diffs(3,2)        -0.96043398     -3     3    1.3912529e-06
625 region_rec_diffs(3,3)        -1.1339796     -3     3    7.217063e-07
626 region_rec_diffs(3,4)        -1.122163     -3     3    -2.2923646e-06
627 region_rec_diffs(3,5)        -1.1127813     -3     3    -1.0427171e-06
628 region_rec_diffs(3,6)        -0.42110681     -3     3    -2.0805793e-06
629 region_rec_diffs(3,7)        -2.1185191     -3     3    -1.156247e-06
630 region_rec_diffs(3,8)        -0.20968401     -3     3    -1.2654097e-06
631 region_rec_diffs(3,9)        -0.48232808     -3     3    -1.7893113e-06
632 region_rec_diffs(3,10)        0.090207503     -3     3    -2.5465587e-06
633 region_rec_diffs(3,11)        -0.86206792     -3     3    -1.3514277e-06
634 region_rec_diffs(3,12)        -0.12892439     -3     3    1.387937e-07
635 region_rec_diffs(3,13)        -1.2841192     -3     3    -1.487337e-06
636 region_rec_diffs(3,14)        -0.33795993     -3     3    -1.8093784e-06
637 region_rec_diffs(3,15)        0.24556073     -3     3    -1.8059221e-06
638 region_rec_diffs(3,16)        -0.11935663     -3     3    5.1249759e-07
639 region_rec_diffs(3,17)        -0.73664985     -3     3    6.5606308e-07
640 region_rec_diffs(3,18)        -0.69361915     -3     3    4.6861105e-06
641 region_rec_diffs(3,19)        -0.0521929     -3     3    6.5298565e-07
642 region_rec_diffs(3,20)        -0.5853309     -3     3    1.3746447e-06
643 region_rec_diffs(3,21)        -0.71018617     -3     3    6.7109337e-07
644 region_rec_diffs(3,22)        -1.1800916     -3     3    5.4599417e-07
645 region_rec_diffs(3,23)        -0.11683256     -3     3    -4.7378454e-07
646 region_rec_diffs(3,24)        -0.61802102     -3     3    -7.7220218e-07
647 region_rec_diffs(3,25)        -0.95636126     -3     3    3.1440848e-07
648 region_rec_diffs(3,26)        -1.2771611     -3     3    -2.8703566e-07
649 region_rec_diffs(3,27)        -0.089407101     -3     3    -2.2177739e-07
650 region_rec_diffs(3,28)        -1.1874039     -3     3    -4.2958775e-07
651 region_rec_diffs(3,29)        -0.85000184     -3     3    2.3246423e-09
652 region_rec_diffs(3,30)        -0.11566678     -3     3    3.1767268e-07
653 region_rec_diffs(3,31)        -0.039934128     -3     3    -4.9570555e-07
654 region_rec_diffs(3,32)        -0.20107779     -3     3    -9.5204959e-07
655 region_rec_diffs(3,33)        -0.61825964     -3     3    3.8325713e-07
656 region_rec_diffs(3,34)        -1.2371407     -3     3    1.848051e-06
657 region_rec_diffs(3,35)        -0.08597636     -3     3    -4.862547e-07
658 region_rec_diffs(3,36)        -0.91086244     -3     3    -6.4828764e-07
659 region_rec_diffs(3,37)        -1.1374438     -3     3    -2.9287003e-06
660 region_rec_diffs(3,38)        0.51939892     -3     3    -1.3399126e-06
661 region_rec_diffs(3,39)        0.14728084     -3     3    5.9749048e-07
662 region_rec_diffs(3,40)        0.22266289     -3     3    -2.3196223e-06
663 region_rec_diffs(3,41)        -0.90272806     -3     3    -3.8611034e-06
664 region_rec_diffs(3,42)        -1.0173062     -3     3    -2.8991095e-06
665 region_rec_diffs(3,43)        -0.11584867     -3     3    -4.1069789e-07
666 region_rec_diffs(3,44)        -0.89195809     -3     3    2.4382645e-07
667 region_rec_diffs(3,45)        -1.6135245     -3     3    3.0987586e-07
668 region_rec_diffs(3,46)        -0.17339997     -3     3    9.2461586e-07
669 region_rec_diffs(3,47)        -0.098744269     -3     3    -2.1594762e-07
670 region_rec_diffs(3,48)        -0.65486062     -3     3    -2.5363018e-07
671 region_rec_diffs(3,49)        -0.76188291     -3     3    -2.6173895e-06
672 region_rec_diffs(3,50)        -0.0049001688     -3     3    -1.0601938e-07
673 region_rec_diffs(3,51)        -1.0878764     -3     3    -4.3633619e-07
674 region_rec_diffs(3,52)        -0.50279908     -3     3    -1.3405727e-07
675 region_rec_diffs(3,53)        -1.7765158     -3     3    -1.5820988e-06
676 region_rec_diffs(3,54)        -0.24550861     -3     3    -7.7634563e-07
677 region_rec_diffs(3,55)        -0.61852037     -3     3    -1.7181249e-06
678 region_rec_diffs(3,56)        -0.30855159     -3     3    3.2831279e-09
679 region_rec_diffs(3,57)        -0.60662198     -3     3    -1.7615845e-06
680 region_rec_diffs(3,58)        -0.94602238     -3     3    -4.0883445e-06
681 region_rec_diffs(3,59)        -0.0757448     -3     3    -2.3600861e-07
682 region_rec_diffs(3,60)        -1.1592359     -3     3    -5.2637511e-07
683 region_rec_diffs(3,61)        -1.7989615     -3     3    -4.5060208e-07
684 region_rec_diffs(3,62)        -0.2897784     -3     3    -1.4491997e-08
685 region_rec_diffs(3,63)        -0.67280908     -3     3    -1.1318199e-06
686 region_rec_diffs(3,64)        -1.0548776     -3     3    -3.2002954e-07
687 region_rec_diffs(3,65)        -1.511079     -3     3    -1.151532e-06
688 region_rec_diffs(3,66)        -0.12283435     -3     3    1.7784077e-07
689 region_rec_diffs(3,67)        -0.53020297     -3     3    -1.9814714e-06
690 region_rec_diffs(3,68)        -0.82676672     -3     3    -1.4046216e-06
691 region_rec_diffs(3,69)        -0.9441194     -3     3    -4.0701045e-06
692 region_rec_diffs(3,70)        -0.31282474     -3     3    -2.6178674e-06
693 region_rec_diffs(3,71)        -0.33900827     -3     3    -1.3544935e-06
694 region_rec_diffs(3,72)        -0.72677458     -3     3    -2.4364761e-06
695 region_rec_diffs(3,73)        0.01351495     -3     3    -4.6749956e-07
696 region_rec_diffs(3,74)        -1.0662914     -3     3    1.6667683e-06
697 region_rec_diffs(3,75)        -0.1295747     -3     3    8.2987257e-07
698 region_rec_diffs(3,76)        -0.59792594     -3     3    -4.1991838e-07
699 region_rec_diffs(3,77)        -0.36184436     -3     3    2.6718217e-06
700 region_rec_diffs(3,78)        -0.28331717     -3     3    6.9922997e-07
701 region_rec_diffs(3,79)        -0.11742014     -3     3    3.2950765e-07
702 region_rec_diffs(3,80)        -0.6458418     -3     3    3.4496316e-06
703 region_rec_diffs(3,81)        -0.54329733     -3     3    -2.3784672e-07
704 region_rec_diffs(3,82)        -0.84785786     -3     3    -1.3747456e-06
705 region_rec_diffs(3,83)        1.0838601     -3     3    -1.8233654e-06
706 region_rec_diffs(3,84)        -0.017775179     -3     3    2.794761e-06
707 region_rec_diffs(3,85)        -0.54560277     -3     3    2.2454473e-06
708 region_rec_diffs(3,86)        -0.063530806     -3     3    8.5499721e-07
709 region_rec_diffs(3,87)        -0.79657876     -3     3    -2.3265935e-07
710 region_rec_diffs(3,88)        -1.4653004     -3     3    -7.7000715e-07
711 region_rec_diffs(3,89)        0.45747045     -3     3    -5.5343327e-07
712 region_rec_diffs(3,90)        -0.55977195     -3     3    -1.3891929e-06
713 region_rec_diffs(3,91)        -0.44806801     -3     3    4.5609275e-07
714 region_rec_diffs(3,92)        -0.62493843     -3     3    1.0088369e-06
715 region_rec_diffs(3,93)        -0.0098110002     -3     3    3.0284624e-07
716 region_rec_diffs(3,94)        -0.24046078     -3     3    -1.3867403e-06
717 region_rec_diffs(3,95)        0.9172728     -3     3    1.6953353e-07
718 region_rec_diffs(3,96)        -0.42307404     -3     3    7.4870207e-07
719 region_rec_diffs(3,97)        -0.059130885     -3     3    5.3395474e-07
720 region_rec_diffs(3,98)        0.55949787     -3     3    1.8884568e-06
721 region_rec_diffs(3,99)        0.86075813     -3     3    4.5981064e-07
722 region_rec_diffs(3,100)        -0.91735212     -3     3    8.0765763e-07
723 region_rec_diffs(3,101)        0.18180068     -3     3    9.5250873e-07
724 region_rec_diffs(3,102)        0.014797761     -3     3    3.4187453e-08
725 region_rec_diffs(3,103)        -0.17314571     -3     3    -9.7136165e-07
726 region_rec_diffs(3,104)        0.1373735     -3     3    -5.587817e-09
727 region_rec_diffs(3,105)        -0.12601029     -3     3    -2.8325937e-07
728 region_rec_diffs(3,106)        -0.084528232     -3     3    5.416814e-07
729 region_rec_diffs(3,107)        -0.40557303     -3     3    7.1931447e-07
730 region_rec_diffs(3,108)        -1.2868293     -3     3    1.262422e-06
731 region_rec_diffs(3,109)        0.71679653     -3     3    8.1262597e-07
732 region_rec_diffs(3,110)        -0.026778823     -3     3    -1.2058354e-07
733 region_rec_diffs(3,111)        -0.7079633     -3     3    -6.6164247e-07
734 region_rec_diffs(3,112)        -0.36258152     -3     3    -2.4126187e-06
735 region_rec_diffs(3,113)        0.14397467     -3     3    1.5130555e-06
736 region_rec_diffs(3,114)        -0.48018816     -3     3    7.9890227e-07
737 region_rec_diffs(3,115)        -0.47231825     -3     3    -1.0379515e-06
738 region_rec_diffs(3,116)        -0.63562907     -3     3    -1.7965825e-06
739 region_rec_diffs(3,117)        0.58504603     -3     3    -1.2535007e-06
740 region_rec_diffs(3,118)        0.32748145     -3     3    -2.9871106e-06
741 region_rec_diffs(3,119)        0.94711054     -3     3    -9.8022094e-07
742 region_rec_diffs(3,120)        -0.047951557     -3     3    1.2022511e-06
743 region_rec_diffs(3,121)        0.45183042     -3     3    4.2452941e-06
744 region_rec_diffs(3,122)        -0.31875828     -3     3    1.3447289e-06
745 region_rec_diffs(3,123)        -0.060485429     -3     3    -6.3752174e-07
746 region_rec_diffs(3,124)        -0.0043908691     -3     3    -2.6918811e-06
747 region_rec_diffs(3,125)        1.5335554     -3     3    -2.3270614e-06
748 region_rec_diffs(3,126)        0.61997387     -3     3    5.6989457e-07
749 region_rec_diffs(3,127)        -0.0023539356     -3     3    1.0546799e-07
750 region_rec_diffs(3,128)        0.48157868     -3     3    -2.866256e-07
751 region_rec_diffs(3,129)        0.40303937     -3     3    8.8918365e-07
752 region_rec_diffs(3,130)        0.50662141     -3     3    2.5528255e-06
753 region_rec_diffs(3,131)        0.4545699     -3     3    -3.4429181e-06
754 region_rec_diffs(3,132)        1.1300015     -3     3    1.7688693e-06
755 region_rec_diffs(3,133)        0.05869529     -3     3    -6.1514408e-07
756 region_rec_diffs(3,134)        1.4818495     -3     3    2.8187405e-07
757 region_rec_diffs(3,135)        -0.034219583     -3     3    5.2386871e-07
758 region_rec_diffs(3,136)        -1.0876087     -3     3    -8.4956931e-07
759 region_rec_diffs(3,137)        -0.28350308     -3     3    -1.3208732e-06
760 region_rec_diffs(3,138)        -0.70499954     -3     3    1.9490382e-07
761 region_rec_diffs(3,139)        -0.729192     -3     3    5.514276e-07
762 region_rec_diffs(3,140)        1.3462206     -3     3    5.6454505e-07
763 region_rec_diffs(3,141)        -0.3011193     -3     3    3.8642159e-07
764 region_rec_diffs(3,142)        -0.0027649479     -3     3    -2.1626926e-06
765 region_rec_diffs(3,143)        -0.13323163     -3     3    1.4483972e-06
766 region_rec_diffs(3,144)        -0.4499574     -3     3    -4.7077406e-06
767 region_rec_diffs(3,145)        0.35205074     -3     3    -1.3734546e-06
768 region_rec_diffs(3,146)        1.9093444     -3     3    7.1829811e-08
769 region_rec_diffs(3,147)        1.9691913     -3     3    -5.8546646e-07
770 region_rec_diffs(3,148)        0.058051424     -3     3    9.4593876e-09
771 region_rec_diffs(3,149)        -0.17490118     -3     3    8.3345225e-07
772 region_rec_diffs(3,150)        -0.2788418     -3     3    2.1915249e-07
773 region_rec_diffs(3,151)        1.4076586     -3     3    2.3825688e-06
774 region_rec_diffs(3,152)        -0.78336877     -3     3    1.2327983e-06
775 region_rec_diffs(3,153)        0.98560445     -3     3    -1.0058979e-06
776 region_rec_diffs(3,154)        1.8561581     -3     3    -5.2337682e-07
777 region_rec_diffs(3,155)        1.7403313     -3     3    9.4888984e-07
778 region_rec_diffs(3,156)        -1.6822547     -3     3    -1.2288419e-06
779 region_rec_diffs(3,157)        -0.9779944     -3     3    -2.2632307e-06
780 region_rec_diffs(3,158)        -0.55851139     -3     3    -5.2867962e-07
781 region_rec_diffs(3,159)        0.22537013     -3     3    -1.8171547e-06
782 region_rec_diffs(3,160)        -0.35687648     -3     3    -6.7639482e-07
783 region_rec_diffs(3,161)        1.5619887     -3     3    -6.7837944e-07
784 region_rec_diffs(3,162)        1.5628441     -3     3    -8.3736719e-07
785 region_rec_diffs(3,163)        0.38366707     -3     3    -4.4695425e-07
786 region_rec_diffs(3,164)        -0.51601795     -3     3    1.8880754e-06
787 region_rec_diffs(3,165)        0.34680119     -3     3    -1.2835601e-07
788 region_rec_diffs(3,166)        0.010396545     -3     3    -7.86855e-07
789 region_rec_diffs(3,167)        -0.47261514     -3     3    2.2797239e-07
790 region_rec_diffs(3,168)        0.70542492     -3     3    -1.0601295e-06
791 region_rec_diffs(3,169)        1.0173927     -3     3    -1.4674432e-07
792 region_rec_diffs(3,170)        -0.53707291     -3     3    8.049959e-07
793 region_rec_diffs(3,171)        1.7082048     -3     3    -3.9705439e-07
794 region_rec_diffs(3,172)        1.4415694     -3     3    -3.5186179e-07
795 region_rec_diffs(3,173)        -0.11161914     -3     3    -1.2635292e-06
796 region_rec_diffs(3,174)        -0.47186353     -3     3    -6.7188943e-07
797 region_rec_diffs(3,175)        -0.46479581     -3     3    -8.6010953e-07
798 region_rec_diffs(3,176)        -0.58927196     -3     3    8.8564133e-07
799 region_rec_diffs(3,177)        0.1238357     -3     3    -4.2829815e-07
800 region_rec_diffs(3,178)        0.71524509     -3     3    2.4884054e-07
801 region_rec_diffs(3,179)        -1.7092214     -3     3    -7.2404362e-07
802 region_rec_diffs(3,180)        -0.055142051     -3     3    -1.4920876e-06
803 region_rec_diffs(3,181)        -0.42510202     -3     3    1.411596e-06
804 region_rec_diffs(3,182)        -0.42777088     -3     3    -4.4042311e-07
805 region_rec_diffs(3,183)        0.1188222     -3     3    2.5150134e-06
806 region_rec_diffs(3,184)        0.26820546     -3     3    -1.2081422e-06
807 region_rec_diffs(3,185)        0.90611921     -3     3    6.555763e-07
808 region_rec_diffs(3,186)        0.9072355     -3     3    -4.9970752e-07
809 region_rec_diffs(3,187)        -2.1436706     -3     3    -6.3899754e-07
810 region_rec_diffs(3,188)        -1.5660235     -3     3    -2.5178231e-06
811 region_rec_diffs(3,189)        -0.54185537     -3     3    6.9542566e-07
812 region_rec_diffs(3,190)        1.2222922     -3     3    1.7932618e-06
813 region_rec_diffs(3,191)        0.45072649     -3     3    -7.5319744e-07
814 region_rec_diffs(3,192)        -0.43133983     -3     3    1.6121026e-07
815 region_rec_diffs(3,193)        -1.1504751     -3     3    -6.4856337e-08
816 region_rec_diffs(3,194)        1.8089506     -3     3    2.236625e-07
817 region_rec_diffs(3,195)        0.33519251     -3     3    -2.2376133e-06
818 region_rec_diffs(3,196)        -1.6460977     -3     3    -5.028106e-07
819 region_rec_diffs(3,197)        0.98797674     -3     3    9.0862881e-08
820 region_rec_diffs(3,198)        0.88594945     -3     3    -3.2687094e-07
821 region_rec_diffs(3,199)        0.35850792     -3     3    -6.5824855e-07
822 region_rec_diffs(3,200)        0.16490257     -3     3    -4.2481446e-07
823 region_rec_diffs(3,201)        -0.014554535     -3     3    1.1568049e-06
824 region_rec_diffs(3,202)        1.227623     -3     3    -1.9972045e-06
825 region_rec_diffs(3,203)        -0.0003963687     -3     3    1.140693e-07
826 region_rec_diffs(3,204)        0.17121912     -3     3    1.3145576e-06
827 region_rec_diffs(3,205)        1.1914665     -3     3    -3.8613677e-06
828 region_rec_diffs(3,206)        0.25415333     -3     3    -4.3192903e-06
829 region_rec_diffs(3,207)        1.5380572     -3     3    4.6699062e-06
830 region_rec_diffs(3,208)        0.0091211208     -3     3    6.432766e-07
831 region_rec_diffs(3,209)        0.89467666     -3     3    1.1373383e-06
832 region_rec_diffs(3,210)        -0.043905819     -3     3    -3.0604606e-06
833 region_rec_diffs(3,211)        -0.35591619     -3     3    -5.2438327e-06
834 region_rec_diffs(3,212)        -0.88870139     -3     3    -3.9196398e-07
835 region_rec_diffs(3,213)        0.80927631     -3     3    1.4220471e-07
836 region_rec_diffs(3,214)        0.30462054     -3     3    5.6460354e-06
837 region_rec_diffs(3,215)        0.84746846     -3     3    -1.0105302e-06
838 region_rec_diffs(3,216)        0.14177479     -3     3    -4.4767529e-07
839 region_rec_diffs(3,217)        -0.017071252     -3     3    3.4187393e-06
840 region_rec_diffs(3,218)        0.62216926     -3     3    -2.1277469e-06
841 region_rec_diffs(3,219)        0.84825455     -3     3    6.0999727e-07
842 region_rec_diffs(3,220)        1.0798001     -3     3    -1.1840543e-06
843 region_rec_diffs(3,221)        -0.24043347     -3     3    -1.4406179e-07
844 region_rec_diffs(3,222)        0.1944069     -3     3    -2.3549495e-07
845 region_rec_diffs(3,223)        0.031794788     -3     3    5.5042328e-07
846 region_rec_diffs(3,224)        -0.057054937     -3     3    3.4140162e-06
847 region_rec_diffs(3,225)        0.79672439     -3     3    2.5542042e-07
848 region_rec_diffs(3,226)        0.17376894     -3     3    -3.9168299e-06
849 region_rec_diffs(3,227)        0.99818116     -3     3    5.4984092e-07
850 region_rec_diffs(3,228)        0.52652627     -3     3    -8.7527412e-07
851 region_rec_diffs(3,229)        -0.21608928     -3     3    -3.7035968e-07
852 region_rec_diffs(3,230)        1.1750428     -3     3    -4.2790143e-07
853 region_rec_diffs(3,231)        0.23614718     -3     3    -2.2221741e-07
854 region_rec_diffs(3,232)        -0.18840722     -3     3    3.2830475e-07
855 region_rec_diffs(3,233)        0.33775772     -3     3    4.0910253e-07
856 region_rec_diffs(3,234)        0.6298759     -3     3    2.8586024e-07
857 region_rec_diffs(3,235)        -0.16277282     -3     3    1.9628688e-07
858 region_rec_diffs(3,236)        0.2319237     -3     3    -5.3100865e-07
859 region_rec_diffs(3,237)        0.7801072     -3     3    6.5671455e-07
860 region_rec_diffs(3,238)        0.3748996     -3     3    -4.4667852e-07
861 region_rec_diffs(3,239)        0.92476129     -3     3    -9.5678184e-08
862 region_rec_diffs(3,240)        0.54786851     -3     3    -2.7297809e-07
863 region_rec_diffs(3,241)        0.26101285     -3     3    1.9534277e-07
864 region_rec_diffs(3,242)        0.52286151     -3     3    -5.9342199e-07
865 region_rec_diffs(3,243)        0.05172606     -3     3    1.9605364e-07
866 region_rec_diffs(3,244)        -0.83985497     -3     3    7.8473095e-07
867 region_rec_diffs(3,245)        0.49535507     -3     3    -1.2623886e-07
868 region_rec_diffs(3,246)        1.1094319     -3     3    -1.349817e-07
869 region_rec_diffs(3,247)        0.1055089     -3     3    -7.5009575e-07
870 region_rec_diffs(3,248)        -0.62890043     -3     3    -5.9420158e-07
871 region_rec_diffs(3,249)        0.91494456     -3     3    1.1876909e-06
872 region_rec_diffs(3,250)        0.10246217     -3     3    -1.6331025e-07
873 region_rec_diffs(3,251)        -0.22009622     -3     3    -2.2252283e-07
874 region_rec_diffs(3,252)        -1.5174239     -3     3    4.3144255e-06
875 region_rec_diffs(3,253)        0.23428134     -3     3    -1.7773897e-07
876 region_rec_diffs(3,254)        0.99208997     -3     3    -3.5541279e-07
877 region_rec_diffs(3,255)        0.35958233     -3     3    -5.0396527e-07
878 region_rec_diffs(3,256)        -0.74983191     -3     3    5.6759129e-07
879 region_rec_diffs(3,257)        -1.2515803     -3     3    -6.0685783e-06
880 region_rec_diffs(3,258)        -0.33834074     -3     3    -8.4179986e-07
881 region_rec_diffs(3,259)        -0.37291115     -3     3    4.3346018e-07
882 region_rec_diffs(3,260)        -0.973497     -3     3    1.0311503e-06
883 region_rec_diffs(3,261)        1.0805655     -3     3    1.4457648e-07
884 region_rec_diffs(3,262)        0.12005089     -3     3    3.6484167e-07
885 region_rec_diffs(3,263)        0.36667823     -3     3    -7.3545373e-08
886 region_rec_diffs(3,264)        -0.18449682     -3     3    -2.4906153e-06
887 region_rec_diffs(3,265)        -0.5800894     -3     3    -7.2539506e-07
888 region_rec_diffs(3,266)        0.21253394     -3     3    -1.3640184e-06
889 region_rec_diffs(3,267)        0.20214163     -3     3    -1.3321582e-06
890 region_rec_diffs(3,268)        -1.0185483     -3     3    -2.7764497e-06
891 region_rec_diffs(3,269)        -0.037542529     -3     3    3.0837097e-06
892 region_rec_diffs(3,270)        -0.25121795     -3     3    9.2895838e-07
893 region_rec_diffs(3,271)        0.058681455     -3     3    3.8513666e-06
894 region_rec_diffs(3,272)        0.81384311     -3     3    4.861498e-07
895 region_rec_diffs(3,273)        -0.22741621     -3     3    -1.1224383e-06
896 region_rec_diffs(3,274)        0.89509113     -3     3    -2.4027629e-06
897 region_rec_diffs(3,275)        -0.44680179     -3     3    2.8045025e-06
898 region_rec_diffs(3,276)        -1.0762218     -3     3    9.8811825e-07
899 region_rec_diffs(3,277)        -0.15869934     -3     3    -2.3501482e-06
900 region_rec_diffs(3,278)        0.48855887     -3     3    1.6093344e-06
901 region_rec_diffs(3,279)        -0.32781869     -3     3    -5.3494927e-07
902 region_rec_diffs(4,1)        -8.4967154e-08     -3     3    -1.0036114e-08
903 region_rec_diffs(4,2)        -1.250383     -3     3    8.5054355e-07
904 region_rec_diffs(4,3)        -1.2914836     -3     3    2.3621376e-06
905 region_rec_diffs(4,4)        -1.268921     -3     3    -2.4074365e-06
906 region_rec_diffs(4,5)        -1.4865092     -3     3    1.7841009e-06
907 region_rec_diffs(4,6)        -0.25836709     -3     3    -9.7094756e-07
908 region_rec_diffs(4,7)        -1.9854619     -3     3    6.0392323e-07
909 region_rec_diffs(4,8)        -0.25636409     -3     3    -1.3269206e-06
910 region_rec_diffs(4,9)        -1.0497309     -3     3    -8.5864935e-09
911 region_rec_diffs(4,10)        -0.28297315     -3     3    2.1648869e-07
912 region_rec_diffs(4,11)        -1.3816873     -3     3    4.0235163e-07
913 region_rec_diffs(4,12)        -0.04114374     -3     3    -3.3895141e-08
914 region_rec_diffs(4,13)        -1.0187138     -3     3    -7.6902888e-08
915 region_rec_diffs(4,14)        -1.3791974     -3     3    9.5628107e-07
916 region_rec_diffs(4,15)        -0.47280256     -3     3    1.8417852e-06
917 region_rec_diffs(4,16)        -0.45352953     -3     3    -9.8871828e-07
918 region_rec_diffs(4,17)        -1.4055508     -3     3    -8.1497462e-08
919 region_rec_diffs(4,18)        -2.0537292     -3     3    4.2623671e-07
920 region_rec_diffs(4,19)        -0.32746464     -3     3    1.3452163e-08
921 region_rec_diffs(4,20)        -1.0596983     -3     3    6.0676836e-07
922 region_rec_diffs(4,21)        -1.1171157     -3     3    -7.5068367e-07
923 region_rec_diffs(4,22)        -1.6142975     -3     3    -8.5809227e-07
924 region_rec_diffs(4,23)        -0.18561482     -3     3    4.0778454e-07
925 region_rec_diffs(4,24)        -0.74774104     -3     3    -1.168475e-06
926 region_rec_diffs(4,25)        -0.95376526     -3     3    6.0820196e-07
927 region_rec_diffs(4,26)        -1.2154063     -3     3    1.8707561e-06
928 region_rec_diffs(4,27)        -0.051115681     -3     3    -1.2071245e-06
929 region_rec_diffs(4,28)        -1.1826396     -3     3    8.3629335e-07
930 region_rec_diffs(4,29)        -1.0704802     -3     3    6.0561258e-07
931 region_rec_diffs(4,30)        -0.20229063     -3     3    -6.3112318e-07
932 region_rec_diffs(4,31)        -0.025994172     -3     3    -4.5685078e-07
933 region_rec_diffs(4,32)        0.06125573     -3     3    -1.2981677e-06
934 region_rec_diffs(4,33)        0.85648036     -3     3    -2.648031e-07
935 region_rec_diffs(4,34)        -0.47585367     -3     3    1.2428363e-06
936 region_rec_diffs(4,35)        0.0017681928     -3     3    3.8365526e-07
937 region_rec_diffs(4,36)        -0.7069085     -3     3    -1.5575205e-06
938 region_rec_diffs(4,37)        0.097156072     -3     3    -2.1782128e-06
939 region_rec_diffs(4,38)        0.12485393     -3     3    -1.1887256e-07
940 region_rec_diffs(4,39)        0.060409246     -3     3    -1.0163349e-06
941 region_rec_diffs(4,40)        0.18436985     -3     3    8.3214397e-07
942 region_rec_diffs(4,41)        -0.14548523     -3     3    3.7026419e-07
943 region_rec_diffs(4,42)        -0.42276846     -3     3    -1.8409918e-06
944 region_rec_diffs(4,43)        0.050412644     -3     3    -2.6150428e-07
945 region_rec_diffs(4,44)        0.91042662     -3     3    1.3836602e-07
946 region_rec_diffs(4,45)        -0.2797379     -3     3    -4.0991213e-07
947 region_rec_diffs(4,46)        0.052918172     -3     3    1.7240315e-07
948 region_rec_diffs(4,47)        0.063854228     -3     3    -2.9986744e-08
949 region_rec_diffs(4,48)        1.008993     -3     3    -1.8979802e-07
950 region_rec_diffs(4,49)        -0.84828112     -3     3    8.5858232e-07
951 region_rec_diffs(4,50)        -0.0020465951     -3     3    -2.6749429e-07
952 region_rec_diffs(4,51)        -1.0010959     -3     3    1.4390094e-07
953 region_rec_diffs(4,52)        0.013905972     -3     3    -1.4664181e-06
954 region_rec_diffs(4,53)        -0.066241015     -3     3    1.3325038e-06
955 region_rec_diffs(4,54)        -0.073726155     -3     3    -8.2138032e-08
956 region_rec_diffs(4,55)        -1.0240606     -3     3    9.4484421e-07
957 region_rec_diffs(4,56)        -0.38361703     -3     3    1.2252112e-07
958 region_rec_diffs(4,57)        0.92239967     -3     3    -5.9051624e-10
959 region_rec_diffs(4,58)        -0.72594344     -3     3    1.1539457e-07
960 region_rec_diffs(4,59)        -0.24321877     -3     3    2.4850719e-07
961 region_rec_diffs(4,60)        0.3960199     -3     3    2.0048922e-06
962 region_rec_diffs(4,61)        -0.78431294     -3     3    -4.7464944e-07
963 region_rec_diffs(4,62)        -0.065347787     -3     3    5.434169e-07
964 region_rec_diffs(4,63)        -0.52127661     -3     3    3.1160993e-07
965 region_rec_diffs(4,64)        -0.30188042     -3     3    -1.7006733e-06
966 region_rec_diffs(4,65)        0.63147006     -3     3    4.2452831e-08
967 region_rec_diffs(4,66)        0.15130332     -3     3    4.9650126e-07
968 region_rec_diffs(4,67)        -0.22328561     -3     3    -1.0608815e-06
969 region_rec_diffs(4,68)        -0.10915971     -3     3    -1.6501003e-07
970 region_rec_diffs(4,69)        0.62368171     -3     3    1.3562199e-07
971 region_rec_diffs(4,70)        -0.48962981     -3     3    -8.4923314e-07
972 region_rec_diffs(4,71)        -0.48077166     -3     3    2.8846243e-07
973 region_rec_diffs(4,72)        0.18495937     -3     3    -2.2084174e-07
974 region_rec_diffs(4,73)        -0.99094565     -3     3    -6.4271816e-07
975 region_rec_diffs(4,74)        -1.3901609     -3     3    -3.1488468e-07
976 region_rec_diffs(4,75)        -0.11251693     -3     3    -1.2338769e-06
977 region_rec_diffs(4,76)        -0.76082472     -3     3    -2.215673e-06
978 region_rec_diffs(4,77)        -0.73353773     -3     3    4.9924608e-07
979 region_rec_diffs(4,78)        -0.56392812     -3     3    -3.5343713e-07
980 region_rec_diffs(4,79)        -0.31227933     -3     3    7.6450211e-07
981 region_rec_diffs(4,80)        -0.86583566     -3     3    2.3287065e-06
982 region_rec_diffs(4,81)        -1.3785256     -3     3    2.3304522e-07
983 region_rec_diffs(4,82)        -0.50264335     -3     3    8.8627425e-09
984 region_rec_diffs(4,83)        -1.291896     -3     3    -2.6092771e-06
985 region_rec_diffs(4,84)        -0.64983749     -3     3    -1.9350219e-06
986 region_rec_diffs(4,85)        -0.62086772     -3     3    -9.2492823e-07
987 region_rec_diffs(4,86)        0.054934519     -3     3    -1.3075471e-08
988 region_rec_diffs(4,87)        0.1847929     -3     3    -1.1657196e-06
989 region_rec_diffs(4,88)        -0.1216956     -3     3    -3.6302917e-06
990 region_rec_diffs(4,89)        -0.77700777     -3     3    -3.1395551e-07
991 region_rec_diffs(4,90)        -0.22488802     -3     3    1.0364163e-06
992 region_rec_diffs(4,91)        -0.59191782     -3     3    -2.4945905e-06
993 region_rec_diffs(4,92)        -1.4854146     -3     3    5.246907e-07
994 region_rec_diffs(4,93)        -0.3872394     -3     3    -1.2300634e-06
995 region_rec_diffs(4,94)        -0.50572206     -3     3    -7.2094974e-07
996 region_rec_diffs(4,95)        -0.58713619     -3     3    4.6856786e-07
997 region_rec_diffs(4,96)        0.32562097     -3     3    -8.4992567e-07
998 region_rec_diffs(4,97)        -0.15188902     -3     3    2.8635408e-06
999 region_rec_diffs(4,98)        -1.1365388     -3     3    -1.3206347e-06
1000 region_rec_diffs(4,99)        -0.02798839     -3     3    -1.4775626e-06
1001 region_rec_diffs(4,100)        -1.982335     -3     3    1.0040486e-06
1002 region_rec_diffs(4,101)        -0.43728165     -3     3    3.5100538e-06
1003 region_rec_diffs(4,102)        -0.051665256     -3     3    -2.2157986e-07
1004 region_rec_diffs(4,103)        -0.36539196     -3     3    -2.6640263e-06
1005 region_rec_diffs(4,104)        -0.54781326     -3     3    -5.5762018e-06
1006 region_rec_diffs(4,105)        -0.23208052     -3     3    -8.7523816e-07
1007 region_rec_diffs(4,106)        -0.084516125     -3     3    3.6256335e-07
1008 region_rec_diffs(4,107)        -0.31436446     -3     3    -4.3220432e-07
1009 region_rec_diffs(4,108)        -0.98680622     -3     3    6.7682074e-07
1010 region_rec_diffs(4,109)        -0.80984641     -3     3    9.7072423e-07
1011 region_rec_diffs(4,110)        -0.13209717     -3     3    1.0280242e-06
1012 region_rec_diffs(4,111)        -0.83238401     -3     3    3.7611543e-07
1013 region_rec_diffs(4,112)        0.46192779     -3     3    2.0111985e-07
1014 region_rec_diffs(4,113)        0.3541615     -3     3    3.5616439e-07
1015 region_rec_diffs(4,114)        -0.52856757     -3     3    -6.8512687e-07
1016 region_rec_diffs(4,115)        -0.19791541     -3     3    -6.7468754e-07
1017 region_rec_diffs(4,116)        0.71695045     -3     3    -1.0969652e-06
1018 region_rec_diffs(4,117)        -0.6517617     -3     3    1.3782883e-06
1019 region_rec_diffs(4,118)        -0.083187251     -3     3    3.4525977e-07
1020 region_rec_diffs(4,119)        -1.0956736     -3     3    -1.1419565e-07
1021 region_rec_diffs(4,120)        0.2798609     -3     3    -5.0143446e-07
1022 region_rec_diffs(4,121)        0.41408157     -3     3    -1.8734169e-06
1023 region_rec_diffs(4,122)        -0.9511345     -3     3    -1.4315107e-07
1024 region_rec_diffs(4,123)        -0.058373417     -3     3    9.6625756e-07
1025 region_rec_diffs(4,124)        0.95133157     -3     3    8.6261716e-07
1026 region_rec_diffs(4,125)        -0.8245901     -3     3    1.3237786e-06
1027 region_rec_diffs(4,126)        -1.3726267     -3     3    -5.3064928e-09
1028 region_rec_diffs(4,127)        -1.009258     -3     3    2.2563167e-07
1029 region_rec_diffs(4,128)        -1.5717923     -3     3    5.9472867e-07
1030 region_rec_diffs(4,129)        -1.4783788     -3     3    -6.4568586e-07
1031 region_rec_diffs(4,130)        -0.95548504     -3     3    -4.3164512e-07
1032 region_rec_diffs(4,131)        -0.34380398     -3     3    -1.6229974e-07
1033 region_rec_diffs(4,132)        0.83388419     -3     3    -1.108834e-06
1034 region_rec_diffs(4,133)        -1.5831103     -3     3    -1.0549015e-06
1035 region_rec_diffs(4,134)        -1.2098158     -3     3    1.6237989e-07
1036 region_rec_diffs(4,135)        -0.97510418     -3     3    1.0790754e-06
1037 region_rec_diffs(4,136)        -1.0737455     -3     3    6.2537904e-08
1038 region_rec_diffs(4,137)        -0.30082422     -3     3    -8.0405676e-07
1039 region_rec_diffs(4,138)        -0.88929261     -3     3    1.5732432e-07
1040 region_rec_diffs(4,139)        -0.93179266     -3     3    -3.7071063e-07
1041 region_rec_diffs(4,140)        0.54897566     -3     3    -5.8216169e-07
1042 region_rec_diffs(4,141)        -1.0119869     -3     3    -2.4751244e-06
1043 region_rec_diffs(4,142)        -0.11877372     -3     3    6.9423908e-07
1044 region_rec_diffs(4,143)        0.63577763     -3     3    1.1169712e-06
1045 region_rec_diffs(4,144)        0.82519965     -3     3    1.8824033e-06
1046 region_rec_diffs(4,145)        -1.6223564     -3     3    -6.9448368e-07
1047 region_rec_diffs(4,146)        -0.66996784     -3     3    -1.0690894e-06
1048 region_rec_diffs(4,147)        -1.2690676     -3     3    -6.9478223e-07
1049 region_rec_diffs(4,148)        -1.8437411     -3     3    2.3164681e-06
1050 region_rec_diffs(4,149)        0.15498982     -3     3    -1.8940792e-06
1051 region_rec_diffs(4,150)        0.64189577     -3     3    7.8155631e-08
1052 region_rec_diffs(4,151)        -0.36039117     -3     3    3.3656737e-06
1053 region_rec_diffs(4,152)        -2.1002691     -3     3    2.9834782e-06
1054 region_rec_diffs(4,153)        -0.37977228     -3     3    9.6299607e-07
1055 region_rec_diffs(4,154)        -0.63422054     -3     3    1.1089266e-06
1056 region_rec_diffs(4,155)        -0.74926165     -3     3    2.284144e-07
1057 region_rec_diffs(4,156)        -0.86747756     -3     3    1.4770278e-06
1058 region_rec_diffs(4,157)        1.3463167     -3     3    2.3112096e-07
1059 region_rec_diffs(4,158)        0.98354133     -3     3    -1.6399585e-06
1060 region_rec_diffs(4,159)        1.3853702     -3     3    6.2772618e-07
1061 region_rec_diffs(4,160)        0.60029831     -3     3    1.0269114e-06
1062 region_rec_diffs(4,161)        0.13015433     -3     3    1.9460596e-06
1063 region_rec_diffs(4,162)        0.22632043     -3     3    9.7594352e-07
1064 region_rec_diffs(4,163)        -1.289028     -3     3    2.5103209e-06
1065 region_rec_diffs(4,164)        -1.0650687     -3     3    2.3119054e-06
1066 region_rec_diffs(4,165)        0.962952     -3     3    -5.1222481e-08
1067 region_rec_diffs(4,166)        -0.44340926     -3     3    1.5747263e-06
1068 region_rec_diffs(4,167)        0.86917551     -3     3    -7.8052724e-08
1069 region_rec_diffs(4,168)        -0.78569507     -3     3    2.6991693e-06
1070 region_rec_diffs(4,169)        -0.58259725     -3     3    7.078842e-07
1071 region_rec_diffs(4,170)        -1.0997359     -3     3    3.4172939e-06
1072 region_rec_diffs(4,171)        -0.19440676     -3     3    3.5613813e-08
1073 region_rec_diffs(4,172)        -0.86963625     -3     3    -3.6125456e-06
1074 region_rec_diffs(4,173)        -0.64189653     -3     3    2.3551489e-06
1075 region_rec_diffs(4,174)        -0.70991402     -3     3    -1.1200918e-06
1076 region_rec_diffs(4,175)        0.56536244     -3     3    -2.8472018e-06
1077 region_rec_diffs(4,176)        0.590131     -3     3    -5.3637294e-07
1078 region_rec_diffs(4,177)        0.24174856     -3     3    7.9425995e-07
1079 region_rec_diffs(4,178)        0.79243973     -3     3    -8.4057629e-09
1080 region_rec_diffs(4,179)        1.1747135     -3     3    -6.2422294e-07
1081 region_rec_diffs(4,180)        -1.1053267     -3     3    -2.2189428e-06
1082 region_rec_diffs(4,181)        -0.64834454     -3     3    -4.2903439e-08
1083 region_rec_diffs(4,182)        -1.2959463     -3     3    -6.4872786e-07
1084 region_rec_diffs(4,183)        0.75296898     -3     3    -1.919293e-06
1085 region_rec_diffs(4,184)        1.0804549     -3     3    1.0111839e-06
1086 region_rec_diffs(4,185)        0.96063852     -3     3    -3.4583304e-07
1087 region_rec_diffs(4,186)        0.2498174     -3     3    1.5536717e-06
1088 region_rec_diffs(4,187)        -0.045623451     -3     3    -8.9532944e-07
1089 region_rec_diffs(4,188)        -1.2629729     -3     3    -2.9455857e-06
1090 region_rec_diffs(4,189)        -0.46957917     -3     3    -4.7373974e-07
1091 region_rec_diffs(4,190)        -0.95110841     -3     3    2.1400962e-06
1092 region_rec_diffs(4,191)        0.82919231     -3     3    -1.1078674e-06
1093 region_rec_diffs(4,192)        0.84332855     -3     3    3.1338628e-07
1094 region_rec_diffs(4,193)        0.40054211     -3     3    1.324143e-07
1095 region_rec_diffs(4,194)        -0.6159083     -3     3    -9.6923442e-08
1096 region_rec_diffs(4,195)        0.72027261     -3     3    7.5606845e-07
1097 region_rec_diffs(4,196)        0.37695996     -3     3    2.244411e-07
1098 region_rec_diffs(4,197)        0.91983835     -3     3    -9.4716199e-07
1099 region_rec_diffs(4,198)        -0.081192844     -3     3    2.1742105e-06
1100 region_rec_diffs(4,199)        0.7801443     -3     3    2.0921249e-07
1101 region_rec_diffs(4,200)        0.38550083     -3     3    7.1566995e-07
1102 region_rec_diffs(4,201)        0.065324867     -3     3    -1.6763287e-06
1103 region_rec_diffs(4,202)        0.54303159     -3     3    1.7750478e-06
1104 region_rec_diffs(4,203)        0.42011381     -3     3    5.008707e-08
1105 region_rec_diffs(4,204)        0.20209805     -3     3    -6.295767e-07
1106 region_rec_diffs(4,205)        0.84666499     -3     3    2.3155122e-06
1107 region_rec_diffs(4,206)        -1.0705922     -3     3    -8.9441684e-07
1108 region_rec_diffs(4,207)        -0.48201093     -3     3    -1.5828743e-06
1109 region_rec_diffs(4,208)        -0.022329831     -3     3    3.7526266e-07
1110 region_rec_diffs(4,209)        0.66987756     -3     3    -8.645784e-07
1111 region_rec_diffs(4,210)        0.59646576     -3     3    -1.628297e-06
1112 region_rec_diffs(4,211)        1.2336531     -3     3    7.0429601e-07
1113 region_rec_diffs(4,212)        -0.50064999     -3     3    2.6944624e-06
1114 region_rec_diffs(4,213)        -0.29773244     -3     3    3.2599437e-07
1115 region_rec_diffs(4,214)        -0.80782695     -3     3    -6.8347203e-08
1116 region_rec_diffs(4,215)        0.82831225     -3     3    1.8677338e-06
1117 region_rec_diffs(4,216)        0.36959966     -3     3    9.9679204e-08
1118 region_rec_diffs(4,217)        0.41451559     -3     3    -8.156234e-07
1119 region_rec_diffs(4,218)        -0.48519173     -3     3    5.0926012e-06
1120 region_rec_diffs(4,219)        0.7870292     -3     3    -9.4809177e-07
1121 region_rec_diffs(4,220)        0.40496859     -3     3    2.4057833e-07
1122 region_rec_diffs(4,221)        0.19284135     -3     3    2.3387239e-07
1123 region_rec_diffs(4,222)        1.024485     -3     3    -8.8256131e-08
1124 region_rec_diffs(4,223)        0.13143781     -3     3    -8.2059738e-07
1125 region_rec_diffs(4,224)        0.082539596     -3     3    1.2158096e-06
1126 region_rec_diffs(4,225)        -0.20388944     -3     3    2.2240913e-06
1127 region_rec_diffs(4,226)        -0.28962075     -3     3    3.4081158e-06
1128 region_rec_diffs(4,227)        -0.23576363     -3     3    1.4942666e-07
1129 region_rec_diffs(4,228)        -0.1820245     -3     3    -5.7904381e-07
1130 region_rec_diffs(4,229)        0.25148683     -3     3    1.0321675e-06
1131 region_rec_diffs(4,230)        0.76077984     -3     3    -2.6067862e-07
1132 region_rec_diffs(4,231)        1.0539102     -3     3    2.2969344e-07
1133 region_rec_diffs(4,232)        -0.0054366705     -3     3    3.7603434e-07
1134 region_rec_diffs(4,233)        0.9195308     -3     3    -1.9960287e-07
1135 region_rec_diffs(4,234)        1.0939885     -3     3    -1.8480824e-07
1136 region_rec_diffs(4,235)        1.1529873     -3     3    1.160393e-07
1137 region_rec_diffs(4,236)        0.30521112     -3     3    -3.61947e-07
1138 region_rec_diffs(4,237)        0.13287629     -3     3    1.8657427e-06
1139 region_rec_diffs(4,238)        0.43236112     -3     3    -2.6111914e-07
1140 region_rec_diffs(4,239)        0.51949276     -3     3    2.7724364e-07
1141 region_rec_diffs(4,240)        0.98528138     -3     3    1.0951863e-07
1142 region_rec_diffs(4,241)        0.47238171     -3     3    3.8347573e-07
1143 region_rec_diffs(4,242)        0.75589879     -3     3    -3.1575291e-07
1144 region_rec_diffs(4,243)        0.61348384     -3     3    3.6036945e-07
1145 region_rec_diffs(4,244)        -0.14355848     -3     3    4.0910205e-07
1146 region_rec_diffs(4,245)        -0.22184636     -3     3    -1.4733862e-06
1147 region_rec_diffs(4,246)        0.2700672     -3     3    -5.8863902e-07
1148 region_rec_diffs(4,247)        1.1349764     -3     3    7.4904852e-08
1149 region_rec_diffs(4,248)        0.43522248     -3     3    2.0610292e-07
1150 region_rec_diffs(4,249)        -0.91520484     -3     3    -5.1737248e-06
1151 region_rec_diffs(4,250)        0.27324545     -3     3    -2.4690493e-07
1152 region_rec_diffs(4,251)        1.0282483     -3     3    -3.8522529e-08
1153 region_rec_diffs(4,252)        0.95677139     -3     3    -4.9830818e-08
1154 region_rec_diffs(4,253)        -0.16802198     -3     3    2.6582338e-07
1155 region_rec_diffs(4,254)        0.14197945     -3     3    3.5977425e-07
1156 region_rec_diffs(4,255)        0.47423667     -3     3    2.4455489e-07
1157 region_rec_diffs(4,256)        0.72636288     -3     3    7.8415422e-09
1158 region_rec_diffs(4,257)        0.53206973     -3     3    1.2983902e-07
1159 region_rec_diffs(4,258)        0.60005124     -3     3    3.0921404e-07
1160 region_rec_diffs(4,259)        -1.6392815     -3     3    -2.5796422e-07
1161 region_rec_diffs(4,260)        -0.52399793     -3     3    3.0873181e-07
1162 region_rec_diffs(4,261)        0.54242496     -3     3    -3.6508333e-07
1163 region_rec_diffs(4,262)        0.33895707     -3     3    1.4475839e-07
1164 region_rec_diffs(4,263)        0.98819383     -3     3    1.315119e-07
1165 region_rec_diffs(4,264)        0.40566782     -3     3    -4.6299483e-07
1166 region_rec_diffs(4,265)        -0.03559446     -3     3    2.2452193e-06
1167 region_rec_diffs(4,266)        0.53159242     -3     3    2.465662e-07
1168 region_rec_diffs(4,267)        0.81337347     -3     3    1.1297625e-07
1169 region_rec_diffs(4,268)        1.117713     -3     3    -7.9251883e-07
1170 region_rec_diffs(4,269)        0.87123429     -3     3    -9.2163373e-07
1171 region_rec_diffs(4,270)        0.92897731     -3     3    -1.0592494e-06
1172 region_rec_diffs(4,271)        0.445462     -3     3    -2.2169831e-06
1173 region_rec_diffs(4,272)        -1.2937041     -3     3    -1.867629e-06
1174 region_rec_diffs(4,273)        -1.1583611     -3     3    1.9590776e-06
1175 region_rec_diffs(4,274)        -2.1169953     -3     3    -9.0358857e-07
1176 region_rec_diffs(4,275)        -0.52970403     -3     3    3.3569494e-07
1177 region_rec_diffs(4,276)        1.1740493     -3     3    -2.7287194e-07
1178 region_rec_diffs(4,277)        0.30776565     -3     3    -2.349342e-07
1179 region_rec_diffs(4,278)        -0.21801925     -3     3    1.4506169e-06
1180 region_rec_diffs(4,279)        -0.56460533     -3     3    -2.0811609e-06
1181 region_rec_diffs(5,1)        -6.2032056e-08     -3     3    -4.8308905e-09
1182 region_rec_diffs(5,2)        0.46342744     -3     3    5.2659349e-07
1183 region_rec_diffs(5,3)        0.47133026     -3     3    -4.8244893e-08
1184 region_rec_diffs(5,4)        0.46660903     -3     3    -5.6261755e-07
1185 region_rec_diffs(5,5)        0.48856362     -3     3    2.0143449e-07
1186 region_rec_diffs(5,6)        -0.0014441724     -3     3    -4.8252822e-09
1187 region_rec_diffs(5,7)        -0.56559265     -3     3    1.4379207e-06
1188 region_rec_diffs(5,8)        0.084211341     -3     3    3.1061214e-07
1189 region_rec_diffs(5,9)        1.4429011     -3     3    -4.6679264e-08
1190 region_rec_diffs(5,10)        0.17824942     -3     3    -2.2109965e-06
1191 region_rec_diffs(5,11)        0.080340634     -3     3    2.1267413e-06
1192 region_rec_diffs(5,12)        0.025756511     -3     3    4.5144617e-07
1193 region_rec_diffs(5,13)        -0.23170871     -3     3    -1.2830774e-06
1194 region_rec_diffs(5,14)        1.6445326     -3     3    -1.1936723e-06
1195 region_rec_diffs(5,15)        0.1589326     -3     3    -1.6800534e-06
1196 region_rec_diffs(5,16)        0.071458952     -3     3    -1.1444094e-06
1197 region_rec_diffs(5,17)        0.067602462     -3     3    8.8840943e-07
1198 region_rec_diffs(5,18)        0.78630269     -3     3    2.7255538e-06
1199 region_rec_diffs(5,19)        0.050761414     -3     3    -7.5210249e-07
1200 region_rec_diffs(5,20)        0.046877147     -3     3    -9.2783437e-07
1201 region_rec_diffs(5,21)        0.11287986     -3     3    1.1939531e-06
1202 region_rec_diffs(5,22)        0.93594439     -3     3    -3.2354014e-06
1203 region_rec_diffs(5,23)        0.094923637     -3     3    -5.7107369e-09
1204 region_rec_diffs(5,24)        0.2636915     -3     3    3.9596589e-07
1205 region_rec_diffs(5,25)        0.17782766     -3     3    3.6282547e-07
1206 region_rec_diffs(5,26)        0.083674844     -3     3    -5.8769501e-07
1207 region_rec_diffs(5,27)        0.043064992     -3     3    4.6729441e-07
1208 region_rec_diffs(5,28)        0.54561305     -3     3    3.2660002e-06
1209 region_rec_diffs(5,29)        1.7044298     -3     3    8.1011703e-07
1210 region_rec_diffs(5,30)        0.19332642     -3     3    4.1139616e-07
1211 region_rec_diffs(5,31)        0.054081798     -3     3    2.5697457e-07
1212 region_rec_diffs(5,32)        0.1597634     -3     3    -1.4799909e-06
1213 region_rec_diffs(5,33)        0.15408087     -3     3    1.5860889e-06
1214 region_rec_diffs(5,34)        0.97588622     -3     3    1.7767993e-06
1215 region_rec_diffs(5,35)        0.051619341     -3     3    -7.5144701e-07
1216 region_rec_diffs(5,36)        -0.21673457     -3     3    8.4994399e-07
1217 region_rec_diffs(5,37)        0.88368987     -3     3    1.416752e-07
1218 region_rec_diffs(5,38)        0.54111306     -3     3    4.3068616e-07
1219 region_rec_diffs(5,39)        0.094948598     -3     3    6.699287e-08
1220 region_rec_diffs(5,40)        0.23601322     -3     3    -2.6899323e-06
1221 region_rec_diffs(5,41)        0.49018972     -3     3    -2.3982335e-06
1222 region_rec_diffs(5,42)        -0.11400044     -3     3    -1.2855595e-06
1223 region_rec_diffs(5,43)        0.026912119     -3     3    3.1292324e-08
1224 region_rec_diffs(5,44)        -0.035502071     -3     3    -4.5329171e-08
1225 region_rec_diffs(5,45)        1.0650274     -3     3    8.3136325e-07
1226 region_rec_diffs(5,46)        0.14031926     -3     3    4.8747165e-07
1227 region_rec_diffs(5,47)        0.12815413     -3     3    1.9449804e-06
1228 region_rec_diffs(5,48)        0.025554972     -3     3    2.7011392e-08
1229 region_rec_diffs(5,49)        0.90718293     -3     3    6.8314518e-07
1230 region_rec_diffs(5,50)        0.10628388     -3     3    1.1114119e-06
1231 region_rec_diffs(5,51)        0.12999554     -3     3    -1.289485e-07
1232 region_rec_diffs(5,52)        0.13483528     -3     3    -2.1245966e-06
1233 region_rec_diffs(5,53)        1.0953554     -3     3    -1.3197779e-06
1234 region_rec_diffs(5,54)        0.19329298     -3     3    7.4868239e-07
1235 region_rec_diffs(5,55)        2.0736432     -3     3    5.2442908e-07
1236 region_rec_diffs(5,56)        0.18929069     -3     3    8.900522e-07
1237 region_rec_diffs(5,57)        0.12778549     -3     3    1.5966654e-07
1238 region_rec_diffs(5,58)        0.014081725     -3     3    -7.0530524e-08
1239 region_rec_diffs(5,59)        0.11334734     -3     3    2.8764223e-07
1240 region_rec_diffs(5,60)        1.5274218     -3     3    -4.5388987e-07
1241 region_rec_diffs(5,61)        0.66750418     -3     3    -1.9716594e-06
1242 region_rec_diffs(5,62)        0.19358311     -3     3    2.089962e-06
1243 region_rec_diffs(5,63)        0.13885887     -3     3    -8.2986074e-07
1244 region_rec_diffs(5,64)        1.7750258     -3     3    -3.6333146e-07
1245 region_rec_diffs(5,65)        -0.36358622     -3     3    6.9446597e-07
1246 region_rec_diffs(5,66)        0.088967915     -3     3    1.6666503e-06
1247 region_rec_diffs(5,67)        0.038054181     -3     3    5.3380352e-07
1248 region_rec_diffs(5,68)        -0.057210929     -3     3    1.4708943e-06
1249 region_rec_diffs(5,69)        -0.16988735     -3     3    -2.3437438e-07
1250 region_rec_diffs(5,70)        1.2296318     -3     3    8.50059e-07
1251 region_rec_diffs(5,71)        0.2018478     -3     3    -1.0283229e-06
1252 region_rec_diffs(5,72)        0.98817403     -3     3    1.8788939e-06
1253 region_rec_diffs(5,73)        -0.14773618     -3     3    1.6931043e-06
1254 region_rec_diffs(5,74)        2.1200224     -3     3    8.7509916e-07
1255 region_rec_diffs(5,75)        0.17083971     -3     3    4.5098528e-07
1256 region_rec_diffs(5,76)        1.8152936     -3     3    -4.1374645e-07
1257 region_rec_diffs(5,77)        -0.39207563     -3     3    -3.2783137e-07
1258 region_rec_diffs(5,78)        -0.32275378     -3     3    9.2084502e-07
1259 region_rec_diffs(5,79)        -0.020393575     -3     3    -1.2640711e-06
1260 region_rec_diffs(5,80)        -0.12762354     -3     3    4.5738618e-07
1261 region_rec_diffs(5,81)        0.5649158     -3     3    -5.4551539e-07
1262 region_rec_diffs(5,82)        0.063608042     -3     3    -3.2242889e-07
1263 region_rec_diffs(5,83)        0.41702221     -3     3    -8.7337676e-07
1264 region_rec_diffs(5,84)        1.1490568     -3     3    -2.4355629e-06
1265 region_rec_diffs(5,85)        0.19025963     -3     3    -2.0376637e-06
1266 region_rec_diffs(5,86)        0.064262598     -3     3    4.7363262e-08
1267 region_rec_diffs(5,87)        0.10895198     -3     3    1.0589199e-06
1268 region_rec_diffs(5,88)        1.6467632     -3     3    8.4654951e-07
1269 region_rec_diffs(5,89)        0.0089573734     -3     3    -2.5944442e-06
1270 region_rec_diffs(5,90)        0.051798394     -3     3    -3.3880215e-07
1271 region_rec_diffs(5,91)        -0.15558853     -3     3    1.508877e-07
1272 region_rec_diffs(5,92)        -0.3741781     -3     3    2.3888325e-06
1273 region_rec_diffs(5,93)        0.032628529     -3     3    -1.6137719e-06
1274 region_rec_diffs(5,94)        -0.4474814     -3     3    -2.1726692e-06
1275 region_rec_diffs(5,95)        1.1130212     -3     3    1.592236e-08
1276 region_rec_diffs(5,96)        0.32978803     -3     3    2.3405662e-06
1277 region_rec_diffs(5,97)        0.49252893     -3     3    2.3962031e-06
1278 region_rec_diffs(5,98)        0.15700408     -3     3    -7.9719336e-07
1279 region_rec_diffs(5,99)        0.50712124     -3     3    -4.7508178e-07
1280 region_rec_diffs(5,100)        0.98702278     -3     3    -5.001422e-07
1281 region_rec_diffs(5,101)        0.46454598     -3     3    -2.0357992e-06
1282 region_rec_diffs(5,102)        0.056942905     -3     3    -2.5671814e-07
1283 region_rec_diffs(5,103)        0.054122464     -3     3    -1.4277011e-06
1284 region_rec_diffs(5,104)        1.0404948     -3     3    7.8601368e-07
1285 region_rec_diffs(5,105)        0.062351497     -3     3    -4.812719e-08
1286 region_rec_diffs(5,106)        0.01550161     -3     3    7.7306713e-08
1287 region_rec_diffs(5,107)        -0.054534898     -3     3    -7.5568014e-08
1288 region_rec_diffs(5,108)        -0.32087522     -3     3    -1.0905544e-07
1289 region_rec_diffs(5,109)        0.28354088     -3     3    7.8586755e-07
1290 region_rec_diffs(5,110)        0.038471357     -3     3    -7.46327e-08
1291 region_rec_diffs(5,111)        -0.41359358     -3     3    1.4006206e-06
1292 region_rec_diffs(5,112)        -0.50463149     -3     3    -1.3103392e-07
1293 region_rec_diffs(5,113)        0.93911402     -3     3    -1.9960545e-07
1294 region_rec_diffs(5,114)        0.18246592     -3     3    -4.6541156e-07
1295 region_rec_diffs(5,115)        0.43658574     -3     3    9.8648913e-07
1296 region_rec_diffs(5,116)        0.040085575     -3     3    1.7377057e-06
1297 region_rec_diffs(5,117)        0.53715827     -3     3    4.2222662e-06
1298 region_rec_diffs(5,118)        0.4085347     -3     3    1.0649257e-06
1299 region_rec_diffs(5,119)        0.92070651     -3     3    1.2710034e-06
1300 region_rec_diffs(5,120)        -0.22403927     -3     3    -2.3781572e-06
1301 region_rec_diffs(5,121)        0.13563888     -3     3    -2.7931164e-06
1302 region_rec_diffs(5,122)        0.76712797     -3     3    -3.1132565e-06
1303 region_rec_diffs(5,123)        0.18007755     -3     3    -2.6313606e-07
1304 region_rec_diffs(5,124)        0.20314439     -3     3    5.5126549e-08
1305 region_rec_diffs(5,125)        1.2719569     -3     3    2.1275886e-06
1306 region_rec_diffs(5,126)        0.31565822     -3     3    4.0822919e-06
1307 region_rec_diffs(5,127)        -0.53279947     -3     3    7.5374234e-07
1308 region_rec_diffs(5,128)        -0.73596611     -3     3    3.0266214e-07
1309 region_rec_diffs(5,129)        0.85956758     -3     3    -3.5959436e-06
1310 region_rec_diffs(5,130)        0.5854331     -3     3    -1.2498888e-06
1311 region_rec_diffs(5,131)        0.078792361     -3     3    -8.0251057e-07
1312 region_rec_diffs(5,132)        -0.5827455     -3     3    1.3708395e-06
1313 region_rec_diffs(5,133)        -0.56608874     -3     3    1.498553e-06
1314 region_rec_diffs(5,134)        0.37619064     -3     3    3.8755123e-06
1315 region_rec_diffs(5,135)        -0.34878674     -3     3    1.751368e-06
1316 region_rec_diffs(5,136)        -0.56519606     -3     3    -9.2725067e-07
1317 region_rec_diffs(5,137)        0.67036116     -3     3    8.4730385e-07
1318 region_rec_diffs(5,138)        1.8130707     -3     3    6.6267928e-07
1319 region_rec_diffs(5,139)        -0.9662138     -3     3    -1.1709113e-06
1320 region_rec_diffs(5,140)        -1.139148     -3     3    1.1056855e-06
1321 region_rec_diffs(5,141)        -1.2110552     -3     3    -9.0207652e-07
1322 region_rec_diffs(5,142)        -0.054469787     -3     3    4.8349088e-07
1323 region_rec_diffs(5,143)        -0.28020245     -3     3    -1.9685359e-07
1324 region_rec_diffs(5,144)        -0.6458857     -3     3    -2.0532031e-06
1325 region_rec_diffs(5,145)        0.45426168     -3     3    6.2762988e-07
1326 region_rec_diffs(5,146)        0.26360294     -3     3    4.3754981e-07
1327 region_rec_diffs(5,147)        0.60522446     -3     3    2.9292924e-08
1328 region_rec_diffs(5,148)        1.0135751     -3     3    8.7002936e-08
1329 region_rec_diffs(5,149)        -0.25928358     -3     3    -2.9770303e-06
1330 region_rec_diffs(5,150)        -0.19448523     -3     3    -2.3769542e-07
1331 region_rec_diffs(5,151)        -0.61922359     -3     3    9.4894893e-07
1332 region_rec_diffs(5,152)        -0.82967048     -3     3    2.37566e-07
1333 region_rec_diffs(5,153)        -0.73487023     -3     3    -5.0412869e-07
1334 region_rec_diffs(5,154)        -0.31602982     -3     3    -1.6097011e-07
1335 region_rec_diffs(5,155)        -0.032987774     -3     3    -1.4545814e-06
1336 region_rec_diffs(5,156)        -0.1066853     -3     3    -3.4770985e-06
1337 region_rec_diffs(5,157)        -0.14400761     -3     3    -1.1657398e-06
1338 region_rec_diffs(5,158)        -0.11219524     -3     3    6.620705e-09
1339 region_rec_diffs(5,159)        -0.28249423     -3     3    -8.5463718e-07
1340 region_rec_diffs(5,160)        -0.60060332     -3     3    -3.3013622e-07
1341 region_rec_diffs(5,161)        0.0016469085     -3     3    1.2538659e-06
1342 region_rec_diffs(5,162)        0.24868407     -3     3    4.5710024e-07
1343 region_rec_diffs(5,163)        0.65405052     -3     3    2.1433578e-06
1344 region_rec_diffs(5,164)        -0.25856776     -3     3    8.8225961e-07
1345 region_rec_diffs(5,165)        -0.25223932     -3     3    4.0086525e-07
1346 region_rec_diffs(5,166)        -0.32618072     -3     3    7.5025054e-07
1347 region_rec_diffs(5,167)        -0.26849189     -3     3    3.5904038e-08
1348 region_rec_diffs(5,168)        1.2366698     -3     3    -2.5995807e-07
1349 region_rec_diffs(5,169)        0.43223829     -3     3    -1.7898658e-06
1350 region_rec_diffs(5,170)        -0.18631647     -3     3    -8.0494878e-07
1351 region_rec_diffs(5,171)        0.19010083     -3     3    -1.3983905e-06
1352 region_rec_diffs(5,172)        -0.34817532     -3     3    -1.9700463e-07
1353 region_rec_diffs(5,173)        1.469156     -3     3    -1.8514038e-06
1354 region_rec_diffs(5,174)        1.9236681     -3     3    -1.306073e-06
1355 region_rec_diffs(5,175)        0.1880885     -3     3    -3.5008371e-06
1356 region_rec_diffs(5,176)        -1.6803783     -3     3    -3.3861304e-07
1357 region_rec_diffs(5,177)        -2.340059     -3     3    -2.242689e-07
1358 region_rec_diffs(5,178)        -2.0366642     -3     3    -1.2848236e-06
1359 region_rec_diffs(5,179)        -1.1134541     -3     3    5.3330251e-07
1360 region_rec_diffs(5,180)        0.89608083     -3     3    3.3678e-07
1361 region_rec_diffs(5,181)        0.52403357     -3     3    2.2694284e-07
1362 region_rec_diffs(5,182)        -0.78616247     -3     3    -1.9749804e-09
1363 region_rec_diffs(5,183)        -1.3325529     -3     3    -9.4949066e-07
1364 region_rec_diffs(5,184)        -1.569495     -3     3    -1.5486882e-06
1365 region_rec_diffs(5,185)        -1.7218968     -3     3    -1.1418664e-06
1366 region_rec_diffs(5,186)        -1.2165206     -3     3    -7.6828671e-09
1367 region_rec_diffs(5,187)        1.6021182     -3     3    7.2637032e-08
1368 region_rec_diffs(5,188)        -1.3397793     -3     3    -7.1028068e-08
1369 region_rec_diffs(5,189)        -1.3775678     -3     3    -1.9378042e-07
1370 region_rec_diffs(5,190)        -1.8365369     -3     3    -3.1954364e-07
1371 region_rec_diffs(5,191)        -1.5689917     -3     3    -9.744313e-07
1372 region_rec_diffs(5,192)        0.13462197     -3     3    -1.2338487e-07
1373 region_rec_diffs(5,193)        -0.99956137     -3     3    2.5543656e-06
1374 region_rec_diffs(5,194)        -1.1926338     -3     3    1.6495532e-06
1375 region_rec_diffs(5,195)        0.44271211     -3     3    2.2297599e-07
1376 region_rec_diffs(5,196)        0.93822381     -3     3    -2.7972835e-08
1377 region_rec_diffs(5,197)        -0.38635833     -3     3    1.1730893e-06
1378 region_rec_diffs(5,198)        -0.71236656     -3     3    9.5304906e-07
1379 region_rec_diffs(5,199)        1.1345223     -3     3    5.5481826e-07
1380 region_rec_diffs(5,200)        -0.1406866     -3     3    -1.7801122e-06
1381 region_rec_diffs(5,201)        -1.2906124     -3     3    5.1731258e-09
1382 region_rec_diffs(5,202)        -1.0884852     -3     3    -6.4433708e-07
1383 region_rec_diffs(5,203)        0.011937254     -3     3    9.2053649e-07
1384 region_rec_diffs(5,204)        1.3775782     -3     3    -4.3390674e-07
1385 region_rec_diffs(5,205)        -0.69655143     -3     3    -3.8905433e-07
1386 region_rec_diffs(5,206)        -1.6888284     -3     3    -5.3518966e-08
1387 region_rec_diffs(5,207)        -1.9861313     -3     3    8.6137559e-07
1388 region_rec_diffs(5,208)        -2.9999977     -3     3    -6.2842822e-09   *************
1389 region_rec_diffs(5,209)        -2.6298118     -3     3    -1.0062758e-07
1390 region_rec_diffs(5,210)        -2.5887891     -3     3    2.4116177e-06
1391 region_rec_diffs(5,211)        -1.1976654     -3     3    3.0127966e-08
1392 region_rec_diffs(5,212)        1.9173188     -3     3    4.6903235e-07
1393 region_rec_diffs(5,213)        1.1031623     -3     3    -1.6258191e-06
1394 region_rec_diffs(5,214)        -0.58941381     -3     3    -3.1148857e-06
1395 region_rec_diffs(5,215)        -0.60244742     -3     3    -1.3265419e-06
1396 region_rec_diffs(5,216)        -1.5688877     -3     3    2.8142485e-07
1397 region_rec_diffs(5,217)        -0.19079377     -3     3    -9.8304489e-07
1398 region_rec_diffs(5,218)        1.0548094     -3     3    -5.0133056e-07
1399 region_rec_diffs(5,219)        -0.35444598     -3     3    5.1485492e-06
1400 region_rec_diffs(5,220)        -2.098017     -3     3    2.3002218e-06
1401 region_rec_diffs(5,221)        -1.8890172     -3     3    1.7791132e-06
1402 region_rec_diffs(5,222)        -2.3447937     -3     3    7.5668493e-08
1403 region_rec_diffs(5,223)        0.14223793     -3     3    -2.5982743e-08
1404 region_rec_diffs(5,224)        1.131139     -3     3    3.7845448e-07
1405 region_rec_diffs(5,225)        -0.41948538     -3     3    1.7507772e-06
1406 region_rec_diffs(5,226)        -1.1381523     -3     3    -1.94028e-06
1407 region_rec_diffs(5,227)        -0.4095565     -3     3    4.1440196e-06
1408 region_rec_diffs(5,228)        -1.0588029     -3     3    1.4147931e-06
1409 region_rec_diffs(5,229)        -0.26793013     -3     3    -1.3266784e-06
1410 region_rec_diffs(5,230)        0.070034322     -3     3    1.1659813e-06
1411 region_rec_diffs(5,231)        -0.2774041     -3     3    -2.208871e-06
1412 region_rec_diffs(5,232)        1.2877364     -3     3    1.778034e-07
1413 region_rec_diffs(5,233)        -0.41181609     -3     3    3.1974627e-06
1414 region_rec_diffs(5,234)        -0.92661648     -3     3    2.7011521e-06
1415 region_rec_diffs(5,235)        -1.0341706     -3     3    -4.6557758e-07
1416 region_rec_diffs(5,236)        -1.2803613     -3     3    -3.1041833e-06
1417 region_rec_diffs(5,237)        0.75321988     -3     3    9.4894705e-07
1418 region_rec_diffs(5,238)        0.063715102     -3     3    9.0959495e-07
1419 region_rec_diffs(5,239)        0.017119033     -3     3    -3.9765386e-07
1420 region_rec_diffs(5,240)        0.03036331     -3     3    1.9850405e-07
1421 region_rec_diffs(5,241)        -0.98598744     -3     3    2.2470637e-07
1422 region_rec_diffs(5,242)        -0.62861103     -3     3    -5.9795278e-07
1423 region_rec_diffs(5,243)        -0.1858879     -3     3    1.0277402e-06
1424 region_rec_diffs(5,244)        0.77554978     -3     3    1.5949148e-07
1425 region_rec_diffs(5,245)        1.004961     -3     3    -3.5722026e-08
1426 region_rec_diffs(5,246)        -0.35040131     -3     3    -2.2249378e-07
1427 region_rec_diffs(5,247)        -1.1965364     -3     3    -9.6720923e-07
1428 region_rec_diffs(5,248)        0.1412357     -3     3    1.2194951e-06
1429 region_rec_diffs(5,249)        0.9269241     -3     3    -9.7906493e-07
1430 region_rec_diffs(5,250)        -0.57425125     -3     3    1.7812695e-06
1431 region_rec_diffs(5,251)        -0.87844386     -3     3    3.7114334e-06
1432 region_rec_diffs(5,252)        -2.2642669     -3     3    -5.139729e-07
1433 region_rec_diffs(5,253)        -0.97073399     -3     3    2.3838068e-06
1434 region_rec_diffs(5,254)        -0.48771156     -3     3    -2.6726668e-06
1435 region_rec_diffs(5,255)        0.38560872     -3     3    -6.7975087e-08
1436 region_rec_diffs(5,256)        -1.3220857     -3     3    2.326935e-06
1437 region_rec_diffs(5,257)        -1.1199389     -3     3    1.4726292e-06
1438 region_rec_diffs(5,258)        -0.79595276     -3     3    3.0094982e-07
1439 region_rec_diffs(5,259)        -0.81064113     -3     3    8.9875925e-07
1440 region_rec_diffs(5,260)        -0.14129673     -3     3    -2.9662588e-07
1441 region_rec_diffs(5,261)        -1.3787498     -3     3    3.6460297e-07
1442 region_rec_diffs(5,262)        -2.4638364     -3     3    -3.6611517e-07
1443 region_rec_diffs(5,263)        -2.3715781     -3     3    -1.8579302e-06
1444 region_rec_diffs(5,264)        1.0658679     -3     3    -3.6489334e-07
1445 region_rec_diffs(5,265)        -0.24120262     -3     3    6.6856324e-07
1446 region_rec_diffs(5,266)        -1.5947222     -3     3    2.7968057e-07
1447 region_rec_diffs(5,267)        -1.3637962     -3     3    -1.7314271e-06
1448 region_rec_diffs(5,268)        -1.2528216     -3     3    -2.6593628e-06
1449 region_rec_diffs(5,269)        -1.4447441     -3     3    6.7877511e-07
1450 region_rec_diffs(5,270)        -0.50852918     -3     3    2.1926315e-07
1451 region_rec_diffs(5,271)        1.3799453     -3     3    -7.633564e-07
1452 region_rec_diffs(5,272)        -0.88871858     -3     3    -3.7090948e-07
1453 region_rec_diffs(5,273)        -1.0727421     -3     3    -1.4035329e-07
1454 region_rec_diffs(5,274)        -0.99790863     -3     3    -9.65314e-07
1455 region_rec_diffs(5,275)        -0.87742687     -3     3    5.9107792e-07
1456 region_rec_diffs(5,276)        -0.62334872     -3     3    -2.4647485e-07
1457 region_rec_diffs(5,277)        0.12928828     -3     3    -1.6149912e-06
1458 region_rec_diffs(5,278)        0.12790407     -3     3    -1.584881e-06
1459 region_rec_diffs(5,279)        -0.29497093     -3     3    -8.4946913e-07
1460 region_rec_diffs(6,1)        -1.8904145e-09     -3     3    -1.1633203e-10
1461 region_rec_diffs(6,2)        0.8489532     -3     3    4.4767537e-07
1462 region_rec_diffs(6,3)        0.86220532     -3     3    -4.8307671e-07
1463 region_rec_diffs(6,4)        0.91758595     -3     3    -9.1590162e-07
1464 region_rec_diffs(6,5)        0.89390707     -3     3    2.3806104e-07
1465 region_rec_diffs(6,6)        0.0095277123     -3     3    1.774666e-07
1466 region_rec_diffs(6,7)        0.10802518     -3     3    2.6053312e-08
1467 region_rec_diffs(6,8)        0.0012824594     -3     3    -1.8552802e-08
1468 region_rec_diffs(6,9)        -0.011055061     -3     3    -8.7810558e-08
1469 region_rec_diffs(6,10)        0.00051597846     -3     3    4.8498558e-08
1470 region_rec_diffs(6,11)        0.050782013     -3     3    -4.7919536e-07
1471 region_rec_diffs(6,12)        0.008063304     -3     3    1.0072079e-07
1472 region_rec_diffs(6,13)        2.0832377     -3     3    -3.9268845e-06
1473 region_rec_diffs(6,14)        0.32046988     -3     3    1.7731009e-06
1474 region_rec_diffs(6,15)        0.02539784     -3     3    -1.5424999e-07
1475 region_rec_diffs(6,16)        0.019112783     -3     3    -4.0385662e-08
1476 region_rec_diffs(6,17)        0.13429857     -3     3    2.58375e-07
1477 region_rec_diffs(6,18)        1.4634196     -3     3    2.0132216e-06
1478 region_rec_diffs(6,19)        0.015799205     -3     3    1.0927683e-07
1479 region_rec_diffs(6,20)        0.11059935     -3     3    5.8133229e-08
1480 region_rec_diffs(6,21)        0.15393531     -3     3    -1.8630724e-07
1481 region_rec_diffs(6,22)        1.7833701     -3     3    6.0303327e-06
1482 region_rec_diffs(6,23)        0.018717508     -3     3    -2.7127246e-08
1483 region_rec_diffs(6,24)        0.13725315     -3     3    2.427958e-07
1484 region_rec_diffs(6,25)        0.29924516     -3     3    -6.5172026e-07
1485 region_rec_diffs(6,26)        0.38584691     -3     3    8.8302459e-07
1486 region_rec_diffs(6,27)        0.0060155988     -3     3    3.2849252e-08
1487 region_rec_diffs(6,28)        0.29937162     -3     3    1.9744365e-06
1488 region_rec_diffs(6,29)        2.9394439     -3     3    -6.9789368e-07
1489 region_rec_diffs(6,30)        0.02188007     -3     3    1.9169484e-07
1490 region_rec_diffs(6,31)        0.0066008828     -3     3    4.3210022e-08
1491 region_rec_diffs(6,32)        0.024684155     -3     3    -3.7523933e-07
1492 region_rec_diffs(6,33)        0.096798631     -3     3    -1.1866939e-07
1493 region_rec_diffs(6,34)        0.58684425     -3     3    -1.7336766e-07
1494 region_rec_diffs(6,35)        0.0080059511     -3     3    -8.4643574e-08
1495 region_rec_diffs(6,36)        0.096898478     -3     3    -7.5140759e-07
1496 region_rec_diffs(6,37)        1.1510427     -3     3    -1.5537443e-06
1497 region_rec_diffs(6,38)        0.041083285     -3     3    4.2335664e-07
1498 region_rec_diffs(6,39)        0.006671225     -3     3    9.7144797e-08
1499 region_rec_diffs(6,40)        0.029739457     -3     3    -3.7727456e-07
1500 region_rec_diffs(6,41)        0.67431389     -3     3    1.9407226e-07
1501 region_rec_diffs(6,42)        0.53610288     -3     3    -2.5995122e-06
1502 region_rec_diffs(6,43)        0.016687002     -3     3    -2.0996354e-08
1503 region_rec_diffs(6,44)        0.18698992     -3     3    1.0177633e-06
1504 region_rec_diffs(6,45)        1.5809584     -3     3    -3.1346804e-07
1505 region_rec_diffs(6,46)        0.009268831     -3     3    -2.8927975e-08
1506 region_rec_diffs(6,47)        0.007822094     -3     3    3.4547046e-09
1507 region_rec_diffs(6,48)        0.056798981     -3     3    9.0522013e-07
1508 region_rec_diffs(6,49)        1.474432     -3     3    1.9072019e-06
1509 region_rec_diffs(6,50)        0.0074471947     -3     3    2.0294553e-08
1510 region_rec_diffs(6,51)        0.13554101     -3     3    -4.7582452e-07
1511 region_rec_diffs(6,52)        0.038028858     -3     3    1.6767202e-06
1512 region_rec_diffs(6,53)        1.0948657     -3     3    -7.8853638e-07
1513 region_rec_diffs(6,54)        0.014268115     -3     3    -2.177418e-07
1514 region_rec_diffs(6,55)        0.008498463     -3     3    -4.5357175e-07
1515 region_rec_diffs(6,56)        0.013432472     -3     3    1.0188976e-07
1516 region_rec_diffs(6,57)        0.094131476     -3     3    -6.6580938e-07
1517 region_rec_diffs(6,58)        0.83649558     -3     3    -3.4749678e-06
1518 region_rec_diffs(6,59)        0.051283348     -3     3    1.0879801e-07
1519 region_rec_diffs(6,60)        0.65901387     -3     3    -1.5614785e-06
1520 region_rec_diffs(6,61)        0.62265594     -3     3    -1.6648601e-06
1521 region_rec_diffs(6,62)        0.01407242     -3     3    -1.9258964e-07
1522 region_rec_diffs(6,63)        0.045583878     -3     3    -2.7200417e-07
1523 region_rec_diffs(6,64)        0.22828649     -3     3    -1.1033027e-06
1524 region_rec_diffs(6,65)        0.60140403     -3     3    3.5403938e-07
1525 region_rec_diffs(6,66)        0.0047359741     -3     3    1.2626845e-07
1526 region_rec_diffs(6,67)        -0.0027548283     -3     3    3.3417531e-07
1527 region_rec_diffs(6,68)        0.038267695     -3     3    1.5903172e-06
1528 region_rec_diffs(6,69)        0.34233397     -3     3    1.9459429e-06
1529 region_rec_diffs(6,70)        0.086336771     -3     3    5.5942618e-07
1530 region_rec_diffs(6,71)        0.028371657     -3     3    -3.0421523e-08
1531 region_rec_diffs(6,72)        0.16069922     -3     3    1.4201849e-06
1532 region_rec_diffs(6,73)        1.9211177     -3     3    -1.0991514e-06
1533 region_rec_diffs(6,74)        0.090015188     -3     3    -2.35871e-06
1534 region_rec_diffs(6,75)        0.0068774317     -3     3    -7.7845931e-08
1535 region_rec_diffs(6,76)        0.048621156     -3     3    4.5069841e-07
1536 region_rec_diffs(6,77)        0.081761317     -3     3    4.3256358e-07
1537 region_rec_diffs(6,78)        0.021246523     -3     3    3.1275099e-07
1538 region_rec_diffs(6,79)        0.007786682     -3     3    4.8606275e-07
1539 region_rec_diffs(6,80)        1.3510428     -3     3    -2.7976045e-07
1540 region_rec_diffs(6,81)        0.19404727     -3     3    2.6423748e-06
1541 region_rec_diffs(6,82)        0.11222354     -3     3    1.3804782e-06
1542 region_rec_diffs(6,83)        0.3183547     -3     3    6.2801259e-07
1543 region_rec_diffs(6,84)        1.0670424     -3     3    -1.8657167e-06
1544 region_rec_diffs(6,85)        0.20960378     -3     3    1.9280108e-06
1545 region_rec_diffs(6,86)        -0.00046635073     -3     3    4.5445783e-08
1546 region_rec_diffs(6,87)        -0.059461905     -3     3    -1.0742621e-07
1547 region_rec_diffs(6,88)        -0.17364894     -3     3    3.0694521e-06
1548 region_rec_diffs(6,89)        -0.0023293708     -3     3    4.5065635e-07
1549 region_rec_diffs(6,90)        0.006447038     -3     3    1.0452635e-07
1550 region_rec_diffs(6,91)        0.068845462     -3     3    5.2208944e-07
1551 region_rec_diffs(6,92)        2.1223073     -3     3    -1.413009e-06
1552 region_rec_diffs(6,93)        0.021526139     -3     3    2.919091e-07
1553 region_rec_diffs(6,94)        0.83121913     -3     3    -1.7709588e-07
1554 region_rec_diffs(6,95)        0.031993822     -3     3    -7.2696581e-07
1555 region_rec_diffs(6,96)        0.0076312052     -3     3    -1.5689818e-07
1556 region_rec_diffs(6,97)        0.015388274     -3     3    -1.3127111e-07
1557 region_rec_diffs(6,98)        0.014438805     -3     3    -8.9575865e-08
1558 region_rec_diffs(6,99)        0.071396426     -3     3    1.3175064e-07
1559 region_rec_diffs(6,100)        1.4637093     -3     3    -2.1165618e-06
1560 region_rec_diffs(6,101)        0.20127418     -3     3    1.2877523e-06
1561 region_rec_diffs(6,102)        0.004035515     -3     3    1.7702005e-08
1562 region_rec_diffs(6,103)        0.023032825     -3     3    -9.4766285e-08
1563 region_rec_diffs(6,104)        1.2665584     -3     3    3.8918323e-07
1564 region_rec_diffs(6,105)        0.012640036     -3     3    -2.3690131e-07
1565 region_rec_diffs(6,106)        0.0032592952     -3     3    1.8732553e-08
1566 region_rec_diffs(6,107)        0.017481132     -3     3    2.696794e-07
1567 region_rec_diffs(6,108)        0.94961531     -3     3    -4.5937371e-07
1568 region_rec_diffs(6,109)        0.44993996     -3     3    -1.1183482e-06
1569 region_rec_diffs(6,110)        0.019829319     -3     3    8.2059831e-08
1570 region_rec_diffs(6,111)        0.10943981     -3     3    1.709982e-07
1571 region_rec_diffs(6,112)        0.28381713     -3     3    9.3775009e-08
1572 region_rec_diffs(6,113)        0.25458784     -3     3    4.4659432e-07
1573 region_rec_diffs(6,114)        0.031016622     -3     3    5.5821317e-08
1574 region_rec_diffs(6,115)        0.042183515     -3     3    2.2979758e-07
1575 region_rec_diffs(6,116)        0.23617416     -3     3    -3.825135e-07
1576 region_rec_diffs(6,117)        0.9684897     -3     3    1.2129902e-06
1577 region_rec_diffs(6,118)        0.042300966     -3     3    -6.4837538e-08
1578 region_rec_diffs(6,119)        0.74971911     -3     3    -1.1661273e-07
1579 region_rec_diffs(6,120)        0.73143047     -3     3    4.8902691e-06
1580 region_rec_diffs(6,121)        0.56855705     -3     3    -8.6094234e-07
1581 region_rec_diffs(6,122)        0.066377893     -3     3    1.1456567e-06
1582 region_rec_diffs(6,123)        0.012088461     -3     3    1.5797611e-07
1583 region_rec_diffs(6,124)        0.14886185     -3     3    1.6387927e-06
1584 region_rec_diffs(6,125)        0.10993984     -3     3    5.6299752e-07
1585 region_rec_diffs(6,126)        2.9999992     -3     3    -8.7096992e-08   *************
1586 region_rec_diffs(6,127)        0.15083413     -3     3    9.3292177e-07
1587 region_rec_diffs(6,128)        0.65133616     -3     3    2.4549536e-06
1588 region_rec_diffs(6,129)        0.25042896     -3     3    -1.6776537e-06
1589 region_rec_diffs(6,130)        0.05346011     -3     3    3.4806642e-07
1590 region_rec_diffs(6,131)        0.010107109     -3     3    -9.1510434e-08
1591 region_rec_diffs(6,132)        -0.065147853     -3     3    -4.0160242e-08
1592 region_rec_diffs(6,133)        -0.082018068     -3     3    1.7492389e-07
1593 region_rec_diffs(6,134)        0.011687057     -3     3    -5.6334107e-07
1594 region_rec_diffs(6,135)        0.070843033     -3     3    -1.2476641e-06
1595 region_rec_diffs(6,136)        0.20416738     -3     3    -2.3797408e-06
1596 region_rec_diffs(6,137)        0.029117881     -3     3    1.0288695e-07
1597 region_rec_diffs(6,138)        0.048160316     -3     3    -1.0635766e-06
1598 region_rec_diffs(6,139)        0.021752834     -3     3    -1.3891666e-06
1599 region_rec_diffs(6,140)        0.018981699     -3     3    -1.4279514e-06
1600 region_rec_diffs(6,141)        0.046167206     -3     3    -1.7044567e-06
1601 region_rec_diffs(6,142)        0.0045104258     -3     3    -3.7418099e-07
1602 region_rec_diffs(6,143)        0.015195861     -3     3    4.5749584e-07
1603 region_rec_diffs(6,144)        0.1776446     -3     3    -8.505486e-07
1604 region_rec_diffs(6,145)        0.70006014     -3     3    -1.5743074e-06
1605 region_rec_diffs(6,146)        0.04425057     -3     3    2.5006564e-08
1606 region_rec_diffs(6,147)        0.082364575     -3     3    5.4824192e-07
1607 region_rec_diffs(6,148)        0.62207647     -3     3    4.9645224e-07
1608 region_rec_diffs(6,149)        -0.017270178     -3     3    4.0859596e-07
1609 region_rec_diffs(6,150)        -0.044622623     -3     3    -5.3136498e-07
1610 region_rec_diffs(6,151)        -0.39944025     -3     3    1.5461557e-06
1611 region_rec_diffs(6,152)        -0.49676735     -3     3    3.1865149e-06
1612 region_rec_diffs(6,153)        -0.58897275     -3     3    2.4289999e-07
1613 region_rec_diffs(6,154)        -0.41938573     -3     3    9.0161938e-07
1614 region_rec_diffs(6,155)        -0.61902893     -3     3    9.3960147e-07
1615 region_rec_diffs(6,156)        -0.82967615     -3     3    7.3170402e-07
1616 region_rec_diffs(6,157)        -0.31050855     -3     3    2.1147399e-07
1617 region_rec_diffs(6,158)        -0.13760717     -3     3    4.0555754e-07
1618 region_rec_diffs(6,159)        -0.089918241     -3     3    4.1211877e-07
1619 region_rec_diffs(6,160)        0.73053008     -3     3    -1.2335895e-06
1620 region_rec_diffs(6,161)        0.38571311     -3     3    1.283254e-06
1621 region_rec_diffs(6,162)        -0.12566529     -3     3    -9.8513128e-07
1622 region_rec_diffs(6,163)        -0.86145182     -3     3    -1.3206012e-06
1623 region_rec_diffs(6,164)        -1.1995869     -3     3    -5.4624236e-07
1624 region_rec_diffs(6,165)        -0.73140788     -3     3    -1.1442492e-06
1625 region_rec_diffs(6,166)        -0.7337024     -3     3    -1.3485972e-06
1626 region_rec_diffs(6,167)        -1.1731453     -3     3    -2.5370699e-07
1627 region_rec_diffs(6,168)        -0.97466156     -3     3    -8.1682661e-08
1628 region_rec_diffs(6,169)        -0.24542532     -3     3    -1.4318013e-08
1629 region_rec_diffs(6,170)        0.12936917     -3     3    -5.5471259e-07
1630 region_rec_diffs(6,171)        2.738382     -3     3    1.6099059e-06
1631 region_rec_diffs(6,172)        0.93291177     -3     3    -2.7944529e-06
1632 region_rec_diffs(6,173)        -0.41730336     -3     3    -2.3323376e-06
1633 region_rec_diffs(6,174)        -0.40540407     -3     3    -2.9744651e-07
1634 region_rec_diffs(6,175)        -0.7465751     -3     3    -5.483847e-07
1635 region_rec_diffs(6,176)        -1.951947     -3     3    -6.5847239e-07
1636 region_rec_diffs(6,177)        -1.949197     -3     3    9.180214e-07
1637 region_rec_diffs(6,178)        -0.65631096     -3     3    1.4431505e-06
1638 region_rec_diffs(6,179)        2.0131738     -3     3    -9.2560647e-07
1639 region_rec_diffs(6,180)        -1.7033928     -3     3    -8.381362e-07
1640 region_rec_diffs(6,181)        -1.6982027     -3     3    -1.0667719e-06
1641 region_rec_diffs(6,182)        -0.76187292     -3     3    -1.6911131e-06
1642 region_rec_diffs(6,183)        -1.0146763     -3     3    -2.9288315e-06
1643 region_rec_diffs(6,184)        -1.803318     -3     3    -1.8689896e-06
1644 region_rec_diffs(6,185)        -2.2578946     -3     3    -4.6611733e-07
1645 region_rec_diffs(6,186)        0.85266362     -3     3    3.2330279e-07
1646 region_rec_diffs(6,187)        1.1183954     -3     3    -9.4475474e-07
1647 region_rec_diffs(6,188)        -2.368214     -3     3    1.236259e-06
1648 region_rec_diffs(6,189)        -1.8036063     -3     3    -8.3070319e-07
1649 region_rec_diffs(6,190)        -1.7850671     -3     3    -9.9419631e-08
1650 region_rec_diffs(6,191)        -1.1422027     -3     3    -2.8058767e-07
1651 region_rec_diffs(6,192)        -1.058572     -3     3    1.480606e-06
1652 region_rec_diffs(6,193)        -1.4027002     -3     3    1.5054783e-07
1653 region_rec_diffs(6,194)        0.73985436     -3     3    -1.416002e-06
1654 region_rec_diffs(6,195)        0.93447132     -3     3    3.0463391e-07
1655 region_rec_diffs(6,196)        -2.3744345     -3     3    2.3113939e-07
1656 region_rec_diffs(6,197)        -1.7744533     -3     3    -2.3356267e-07
1657 region_rec_diffs(6,198)        -1.6244374     -3     3    -1.6227935e-06
1658 region_rec_diffs(6,199)        1.064091     -3     3    -2.2403897e-06
1659 region_rec_diffs(6,200)        -0.22219428     -3     3    4.4555415e-06
1660 region_rec_diffs(6,201)        -0.32097329     -3     3    1.8934866e-06
1661 region_rec_diffs(6,202)        0.22648309     -3     3    9.1376572e-07
1662 region_rec_diffs(6,203)        1.221984     -3     3    -5.4130959e-07
1663 region_rec_diffs(6,204)        0.305939     -3     3    3.2082303e-07
1664 region_rec_diffs(6,205)        -0.87591508     -3     3    3.9248354e-07
1665 region_rec_diffs(6,206)        -1.6578347     -3     3    7.9668158e-07
1666 region_rec_diffs(6,207)        -1.5958545     -3     3    7.6442621e-07
1667 region_rec_diffs(6,208)        -2.1641937     -3     3    4.1602878e-07
1668 region_rec_diffs(6,209)        -1.3379132     -3     3    1.0105481e-06
1669 region_rec_diffs(6,210)        -1.2171981     -3     3    6.6583271e-07
1670 region_rec_diffs(6,211)        2.4066668     -3     3    6.0543484e-08
1671 region_rec_diffs(6,212)        -1.0423285     -3     3    3.5698841e-07
1672 region_rec_diffs(6,213)        -0.8544703     -3     3    2.6256531e-07
1673 region_rec_diffs(6,214)        -0.7747286     -3     3    2.6113975e-07
1674 region_rec_diffs(6,215)        0.58122806     -3     3    1.5353683e-06
1675 region_rec_diffs(6,216)        0.97327693     -3     3    -7.5308945e-07
1676 region_rec_diffs(6,217)        0.31289598     -3     3    -1.2719208e-06
1677 region_rec_diffs(6,218)        0.23884743     -3     3    -3.6509326e-07
1678 region_rec_diffs(6,219)        0.034256563     -3     3    -2.6465549e-07
1679 region_rec_diffs(6,220)        -0.59754947     -3     3    -9.4962422e-07
1680 region_rec_diffs(6,221)        -0.6990132     -3     3    -5.3966726e-07
1681 region_rec_diffs(6,222)        2.2333133     -3     3    -8.9422579e-07
1682 region_rec_diffs(6,223)        -1.3009745     -3     3    -3.8635298e-07
1683 region_rec_diffs(6,224)        -1.8375933     -3     3    -1.0153858e-06
1684 region_rec_diffs(6,225)        -1.3407308     -3     3    -7.7043089e-07
1685 region_rec_diffs(6,226)        -1.0117442     -3     3    4.9205034e-07
1686 region_rec_diffs(6,227)        0.55120864     -3     3    -6.2878578e-07
1687 region_rec_diffs(6,228)        0.45800008     -3     3    -1.0117825e-06
1688 region_rec_diffs(6,229)        0.28235929     -3     3    -1.3728002e-06
1689 region_rec_diffs(6,230)        1.5830382     -3     3    -4.5921652e-07
1690 region_rec_diffs(6,231)        -1.0268446     -3     3    3.1307776e-07
1691 region_rec_diffs(6,232)        -1.3712767     -3     3    -1.3751173e-06
1692 region_rec_diffs(6,233)        -0.87487055     -3     3    4.451034e-08
1693 region_rec_diffs(6,234)        0.17429048     -3     3    -9.469771e-08
1694 region_rec_diffs(6,235)        0.41438706     -3     3    -1.0087629e-06
1695 region_rec_diffs(6,236)        -0.50431401     -3     3    -2.2869487e-06
1696 region_rec_diffs(6,237)        0.48339435     -3     3    -6.5407223e-07
1697 region_rec_diffs(6,238)        0.98655643     -3     3    2.6061831e-08
1698 region_rec_diffs(6,239)        -0.84789723     -3     3    1.2522824e-06
1699 region_rec_diffs(6,240)        -1.2116537     -3     3    9.6268492e-07
1700 region_rec_diffs(6,241)        -1.353979     -3     3    2.2060379e-07
1701 region_rec_diffs(6,242)        -1.2638638     -3     3    1.6841546e-07
1702 region_rec_diffs(6,243)        1.3660498     -3     3    -4.4490813e-07
1703 region_rec_diffs(6,244)        1.1449127     -3     3    1.2538001e-07
1704 region_rec_diffs(6,245)        -1.1080231     -3     3    -9.9419817e-08
1705 region_rec_diffs(6,246)        -1.2862161     -3     3    3.0921092e-07
1706 region_rec_diffs(6,247)        -0.50205191     -3     3    2.4696966e-07
1707 region_rec_diffs(6,248)        1.323643     -3     3    -3.5608006e-07
1708 region_rec_diffs(6,249)        -1.0369634     -3     3    -1.2427953e-07
1709 region_rec_diffs(6,250)        -1.2665784     -3     3    4.4487139e-07
1710 region_rec_diffs(6,251)        -1.2898249     -3     3    6.509979e-07
1711 region_rec_diffs(6,252)        -1.2371703     -3     3    2.6646733e-09
1712 region_rec_diffs(6,253)        -0.5883542     -3     3    -5.4053564e-07
1713 region_rec_diffs(6,254)        0.28383831     -3     3    1.1686195e-06
1714 region_rec_diffs(6,255)        -0.63082629     -3     3    -4.4026483e-07
1715 region_rec_diffs(6,256)        -1.1659429     -3     3    -6.3761169e-08
1716 region_rec_diffs(6,257)        -0.62329807     -3     3    -1.151036e-06
1717 region_rec_diffs(6,258)        1.1454394     -3     3    -2.1858884e-06
1718 region_rec_diffs(6,259)        0.96806245     -3     3    -1.2775517e-06
1719 region_rec_diffs(6,260)        -0.82731488     -3     3    1.0235159e-06
1720 region_rec_diffs(6,261)        -0.56510653     -3     3    1.1562281e-07
1721 region_rec_diffs(6,262)        -0.3904363     -3     3    8.5897631e-07
1722 region_rec_diffs(6,263)        0.22142373     -3     3    3.8494624e-07
1723 region_rec_diffs(6,264)        0.20220997     -3     3    -5.3533756e-07
1724 region_rec_diffs(6,265)        0.0801492     -3     3    -4.0982217e-07
1725 region_rec_diffs(6,266)        -0.064212791     -3     3    -2.9496219e-07
1726 region_rec_diffs(6,267)        -0.61850526     -3     3    -1.855859e-08
1727 region_rec_diffs(6,268)        -1.0122987     -3     3    3.5511588e-08
1728 region_rec_diffs(6,269)        -0.71592058     -3     3    -7.8802172e-07
1729 region_rec_diffs(6,270)        0.23402552     -3     3    -1.545231e-07
1730 region_rec_diffs(6,271)        1.3139025     -3     3    1.627171e-06
1731 region_rec_diffs(6,272)        -0.338012     -3     3    3.5132875e-07
1732 region_rec_diffs(6,273)        -0.33543381     -3     3    -4.246095e-07
1733 region_rec_diffs(6,274)        -0.13959423     -3     3    -1.6415272e-07
1734 region_rec_diffs(6,275)        -0.099841734     -3     3    -7.5023834e-08
1735 region_rec_diffs(6,276)        -0.040009669     -3     3    3.0613754e-07
1736 region_rec_diffs(6,277)        0.0011080633     -3     3    1.5157703e-07
1737 region_rec_diffs(6,278)        0.0019855684     -3     3    8.8073111e-08
1738 region_rec_diffs(6,279)        -0.0090699499     -3     3    -8.2396096e-09
1739 bs_selcoff_gp:1(1,1,1,1)        -9.1666929     -20     7    -1.6415762e-06
1740 bs_selcoff_gp:1(1,1,1,2)        -4.0485208     -20     7    -3.7691244e-07
1741 bs_selcoff_gp:1(1,1,1,3)        0.33686618     -20     7    -1.6620612e-07
1742 bs_selcoff_gp:1(1,1,1,4)        0.83346954     -20     7    -5.0075359e-08
1743 bs_selcoff_gp:1(1,1,1,5)        0.24733353     -20     7    1.6920514e-07
1744 bs_selcoff_gp:2(2,1,1,1)        -6.1199447     -20     7    2.000933e-06
1745 bs_selcoff_gp:2(2,1,1,2)        -2.241461     -20     7    -9.8743834e-07
1746 bs_selcoff_gp:2(2,1,1,3)        0.30370222     -20     7    -1.0299055e-07
1747 bs_selcoff_gp:2(2,1,1,4)        0.73580991     -20     7    5.3418629e-08
1748 bs_selcoff_gp:2(2,1,1,5)        0.3711919     -20     7    1.52006e-07
1749 bs_selcoff_gp:3(3,1,1,1)        -5.3989865     -20     7    1.6396352e-06
1750 bs_selcoff_gp:3(3,1,1,2)        -4.7337188     -20     7    9.89833e-07
1751 bs_selcoff_gp:3(3,1,1,3)        0.10418997     -20     7    -5.8006835e-08
1752 bs_selcoff_gp:3(3,1,1,4)        0.85009978     -20     7    8.6595805e-08
1753 bs_selcoff_gp:3(3,1,1,5)        0.42982848     -20     7    2.8122881e-08
1754 bs_selcoff_gp:4(4,1,1,1)        -13.996664     -20     7    -1.3082838e-07
1755 bs_selcoff_gp:4(4,1,1,2)        -3.5277676     -20     7    -2.2273187e-07
1756 bs_selcoff_gp:4(4,1,1,3)        -0.0013346752     -20     7    -6.8441575e-08
1757 bs_selcoff_gp:4(4,1,1,4)        1.1213397     -20     7    1.8903041e-07
1758 bs_selcoff_gp:4(4,1,1,5)        -0.10203308     -20     7    -4.8814367e-08
1759 bs_selcoff_gp:5(5,1,1,1)        -13.716914     -20     7    -6.6920686e-06
1760 bs_selcoff_gp:5(5,1,1,2)        -4.3440769     -20     7    -7.1720984e-06
1761 bs_selcoff_gp:5(5,1,1,3)        0.076350081     -20     7    4.1297982e-07
1762 bs_selcoff_gp:5(5,1,1,4)        0.97220748     -20     7    -5.181872e-07
1763 bs_selcoff_gp:5(5,1,1,5)        0.23420155     -20     7    4.5686977e-07
1764 bs_selcoff_gp:6(6,1,1,1)        -6.0025988     -20     7    1.0680745e-06
1765 bs_selcoff_gp:6(6,1,1,2)        -2.1376087     -20     7    -1.2761885e-06
1766 bs_selcoff_gp:6(6,1,1,3)        0.35543823     -20     7    -9.7895936e-07
1767 bs_selcoff_gp:6(6,1,1,4)        0.78907273     -20     7    2.5408341e-07
1768 bs_selcoff_gp:6(6,1,1,5)        0.2242878     -20     7    8.1626685e-07
1769 bs_selcoff_gp:7(7,1,1,1)        -5.1225534     -20     7    -1.7073706e-06
1770 bs_selcoff_gp:7(7,1,1,2)        -2.6718591     -20     7    -1.1595769e-06
1771 bs_selcoff_gp:7(7,1,1,3)        0.044831817     -20     7    -5.2091552e-07
1772 bs_selcoff_gp:7(7,1,1,4)        0.98423172     -20     7    1.5349252e-07
1773 bs_selcoff_gp:7(7,1,1,5)        0.18507454     -20     7    2.9326755e-07
1774 bs_selcoff_gp:8(8,1,1,1)        -20     -20     7    -1.4299208e-07   *************
1775 bs_selcoff_gp:8(8,1,1,2)        -7.2229573     -20     7    -4.1651022e-07
1776 bs_selcoff_gp:8(8,1,1,3)        -1.3198269     -20     7    1.1410831e-07
1777 bs_selcoff_gp:8(8,1,1,4)        1.258826     -20     7    1.5868084e-07
1778 bs_selcoff_gp:8(8,1,1,5)        0.19144985     -20     7    -2.6715745e-07
1779 bs_selcoff_gp:9(9,1,1,1)        -19.999999     -20     7    -8.0217098e-08   *************
1780 bs_selcoff_gp:9(9,1,1,2)        -8.8316088     -20     7    5.806639e-07
1781 bs_selcoff_gp:9(9,1,1,3)        -2.607851     -20     7    -7.2937349e-07
1782 bs_selcoff_gp:9(9,1,1,4)        0.6800499     -20     7    -1.0225337e-07
1783 bs_selcoff_gp:9(9,1,1,5)        1.0825635     -20     7    -4.375474e-08
1784 bs_selcoff_gp:10(10,1,1,1)        -7.9255379     -20     7    -4.1611211e-06
1785 bs_selcoff_gp:10(10,1,1,2)        -1.6307021     -20     7    -6.258231e-07
1786 bs_selcoff_gp:10(10,1,1,3)        0.040184579     -20     7    1.7442559e-08
1787 bs_selcoff_gp:10(10,1,1,4)        0.85026808     -20     7    -3.0875021e-08
1788 bs_selcoff_gp:10(10,1,1,5)        0.35246437     -20     7    4.9620583e-07
1789 bs_selcoff_gp:11(11,1,1,1)        -19.999999     -20     7    -4.2389568e-08   *************
1790 bs_selcoff_gp:11(11,1,1,2)        -9.0786366     -20     7    -1.9474919e-06
1791 bs_selcoff_gp:11(11,1,1,3)        -0.44712007     -20     7    1.3067984e-07
1792 bs_selcoff_gp:11(11,1,1,4)        1.1496665     -20     7    1.0855587e-07
1793 bs_selcoff_gp:11(11,1,1,5)        0.18518252     -20     7    -3.5708533e-07
1794 bs_selcoff_gp:12(12,1,1,1)        -8.3515136     -20     7    3.8509645e-07
1795 bs_selcoff_gp:12(12,1,1,2)        -5.1953335     -20     7    -3.7842958e-07
1796 bs_selcoff_gp:12(12,1,1,3)        -0.14128026     -20     7    1.7424634e-08
1797 bs_selcoff_gp:12(12,1,1,4)        1.0212456     -20     7    -2.5347835e-07
1798 bs_selcoff_gp:12(12,1,1,5)        0.29960414     -20     7    4.0159862e-07
1799 bs_selcoff_gp:13(13,1,1,1)        -2.7467034     -20     7    -4.9925514e-07
1800 bs_selcoff_gp:13(13,1,1,2)        1.5330933     -20     7    7.8454179e-07
1801 bs_selcoff_gp:13(13,1,1,3)        -1.2591001     -20     7    -9.1901148e-07
1802 bs_selcoff_gp:13(13,1,1,4)        -3.8927603     -20     7    6.2159193e-06
1803 bs_selcoff_gp:13(13,1,1,5)        -20     -20     7    -9.3459468e-08   *************
1804 bs_selcoff_gp:14(14,1,1,1)        -2.9723131     -20     7    6.751473e-07
1805 bs_selcoff_gp:14(14,1,1,2)        1.5670854     -20     7    1.0566965e-06
1806 bs_selcoff_gp:14(14,1,1,3)        -2.0578942     -20     7    -8.1018652e-07
1807 bs_selcoff_gp:14(14,1,1,4)        -3.4855488     -20     7    -1.4970349e-06
1808 bs_selcoff_gp:14(14,1,1,5)        -20     -20     7    -7.523902e-08   *************
1809 bs_selcoff_gp:15(15,1,1,1)        -3.6338275     -20     7    -9.1038836e-07
1810 bs_selcoff_gp:15(15,1,1,2)        1.5018729     -20     7    -1.4935499e-07
1811 bs_selcoff_gp:15(15,1,1,3)        -1.9621234     -20     7    -2.2480682e-06
1812 bs_selcoff_gp:15(15,1,1,4)        -1.0704693     -20     7    2.3968881e-06
1813 bs_selcoff_gp:15(15,1,1,5)        -9.3489276     -20     7    -2.7719892e-07
1814 bs_selcoff_gp:16(16,1,1,1)        -4.0689579     -20     7    2.379945e-06
1815 bs_selcoff_gp:16(16,1,1,2)        1.3552482     -20     7    1.3109046e-07
1816 bs_selcoff_gp:16(16,1,1,3)        0.070927247     -20     7    -1.7634352e-07
1817 bs_selcoff_gp:16(16,1,1,4)        -3.4507786     -20     7    -3.5214866e-07
1818 bs_selcoff_gp:16(16,1,1,5)        -19.999999     -20     7    -1.3323357e-07   *************
1819 bs_selcoff_gp:17(17,1,1,1)        -2.5893486     -20     7    2.4600979e-06
1820 bs_selcoff_gp:17(17,1,1,2)        1.5307105     -20     7    -2.7115099e-07
1821 bs_selcoff_gp:17(17,1,1,3)        -1.2631498     -20     7    3.2763102e-06
1822 bs_selcoff_gp:17(17,1,1,4)        -3.8662675     -20     7    7.735804e-07
1823 bs_selcoff_gp:17(17,1,1,5)        -20     -20     7    -1.0477152e-08   *************
1824 bs_selcoff_gp:18(18,1,1,1)        -4.305029     -20     7    3.7893782e-06
1825 bs_selcoff_gp:18(18,1,1,2)        1.4708561     -20     7    1.1320911e-07
1826 bs_selcoff_gp:18(18,1,1,3)        -0.75951743     -20     7    2.7187758e-06
1827 bs_selcoff_gp:18(18,1,1,4)        -1.7977674     -20     7    2.3430448e-06
1828 bs_selcoff_gp:18(18,1,1,5)        -19.999831     -20     7    8.3035644e-07   *************
1829 bs_selcoff_gp:19(19,1,1,1)        0.067495633     -20     7    -9.1454869e-07
1830 bs_selcoff_gp:19(19,1,1,2)        0.92190454     -20     7    -1.024418e-06
1831 bs_selcoff_gp:19(19,1,1,3)        -0.18064005     -20     7    -5.0582976e-07
1832 bs_selcoff_gp:19(19,1,1,4)        -0.54470436     -20     7    3.2118447e-06
1833 bs_selcoff_gp:19(19,1,1,5)        -6.6066479     -20     7    -1.2894891e-06
1834 bs_selcoff_gp:20(20,1,1,1)        -1.2738764     -20     7    -1.040049e-06
1835 bs_selcoff_gp:20(20,1,1,2)        1.3083335     -20     7    -2.1802306e-07
1836 bs_selcoff_gp:20(20,1,1,3)        -0.2196269     -20     7    -7.3252423e-07
1837 bs_selcoff_gp:20(20,1,1,4)        -1.5272418     -20     7    1.8921866e-06
1838 bs_selcoff_gp:20(20,1,1,5)        -8.1119017     -20     7    -2.3538117e-06
1839 bs_selcoff_gp:21(21,1,1,1)        -2.8638883     -20     7    3.3578385e-06
1840 bs_selcoff_gp:21(21,1,1,2)        -1.262406     -20     7    -1.8182422e-06
1841 bs_selcoff_gp:21(21,1,1,3)        -0.98331779     -20     7    -1.3290687e-07
1842 bs_selcoff_gp:21(21,1,1,4)        -0.11330513     -20     7    -3.4564345e-07
1843 bs_selcoff_gp:21(21,1,1,5)        1.2217248     -20     7    2.0806876e-07
1844 bs_selcoff_gp:22(22,1,1,1)        -1.8573311     -20     7    -2.1249635e-06
1845 bs_selcoff_gp:22(22,1,1,2)        1.4334838     -20     7    2.0520855e-07
1846 bs_selcoff_gp:22(22,1,1,3)        -0.46561916     -20     7    -6.4139173e-07
1847 bs_selcoff_gp:22(22,1,1,4)        -3.7774192     -20     7    -1.6367458e-06
1848 bs_selcoff_gp:22(22,1,1,5)        -14.53424     -20     7    2.5562718e-07
1849 bs_selcoff_gp:23(23,1,1,1)        -4.2060491     -20     7    8.0637803e-07
1850 bs_selcoff_gp:23(23,1,1,2)        1.1911929     -20     7    -1.4465611e-07
1851 bs_selcoff_gp:23(23,1,1,3)        0.38949612     -20     7    3.532501e-07
1852 bs_selcoff_gp:23(23,1,1,4)        -1.5247982     -20     7    4.154505e-07
1853 bs_selcoff_gp:23(23,1,1,5)        -8.5757299     -20     7    1.3114046e-06
1854 bs_selcoff_gp:24(24,1,1,1)        -5.5854299     -20     7    -4.0046537e-07
1855 bs_selcoff_gp:24(24,1,1,2)        0.51897696     -20     7    1.5652075e-06
1856 bs_selcoff_gp:24(24,1,1,3)        1.1982656     -20     7    -9.4882051e-08
1857 bs_selcoff_gp:24(24,1,1,4)        -6.4478096     -20     7    -1.6258224e-06
1858 bs_selcoff_gp:24(24,1,1,5)        -19.999265     -20     7    6.4409725e-07   *************
1859 bs_selcoff_gp:25(25,1,1,1)        -9.8208408     -20     7    4.8353293e-08
1860 bs_selcoff_gp:25(25,1,1,2)        -1.6793373     -20     7    2.3908755e-06
1861 bs_selcoff_gp:25(25,1,1,3)        1.4383515     -20     7    -7.2045404e-08
1862 bs_selcoff_gp:25(25,1,1,4)        -0.51136295     -20     7    -4.0956276e-07
1863 bs_selcoff_gp:25(25,1,1,5)        -10.516175     -20     7    3.0204497e-07
1864 bs_selcoff_gp:26(26,1,1,1)        -19.632417     -20     7    3.1372149e-06
1865 bs_selcoff_gp:26(26,1,1,2)        1.3526582     -20     7    2.3110923e-06
1866 bs_selcoff_gp:26(26,1,1,3)        0.11565885     -20     7    -5.1721527e-06
1867 bs_selcoff_gp:26(26,1,1,4)        -4.636041     -20     7    1.3065613e-06
1868 bs_selcoff_gp:26(26,1,1,5)        -16.308753     -20     7    1.9599034e-06
1869 bs_selcoff_gp:27(27,1,1,1)        -2.6145746     -20     7    1.2959999e-06
1870 bs_selcoff_gp:27(27,1,1,2)        1.2856058     -20     7    -5.5784633e-07
1871 bs_selcoff_gp:27(27,1,1,3)        0.21522332     -20     7    -3.242615e-07
1872 bs_selcoff_gp:27(27,1,1,4)        -2.6730881     -20     7    1.3306019e-06
1873 bs_selcoff_gp:27(27,1,1,5)        -7.1753934     -20     7    -4.4420332e-07
1874 bs_selcoff_gp:28(28,1,1,1)        -4.5802133     -20     7    7.9750633e-07
1875 bs_selcoff_gp:28(28,1,1,2)        1.5457142     -20     7    -3.8249476e-08
1876 bs_selcoff_gp:28(28,1,1,3)        -3.4810899     -20     7    1.1421601e-07
1877 bs_selcoff_gp:28(28,1,1,4)        -1.314976     -20     7    4.0540885e-07
1878 bs_selcoff_gp:28(28,1,1,5)        -20     -20     7    -3.5044294e-08   *************
1879 bs_selcoff_gp:29(29,1,1,1)        -20     -20     7    3.7036479e-08   *************
1880 bs_selcoff_gp:29(29,1,1,2)        -7.2347003     -20     7    -4.7534937e-08
1881 bs_selcoff_gp:29(29,1,1,3)        -0.3660154     -20     7    -1.7115049e-07
1882 bs_selcoff_gp:29(29,1,1,4)        1.0461615     -20     7    2.2042061e-07
1883 bs_selcoff_gp:29(29,1,1,5)        0.37795918     -20     7    1.9858184e-08
1884 recr(2)        0.70600033     -20     20    -2.7339212e-08
1885 recr(3)        0.77565226     -20     20    6.9173135e-07
1886 recr(4)        0.7094091     -20     20    1.4479057e-06
1887 recr(5)        0.68257747     -20     20    3.9991858e-07
1888 recr(6)        -1.6790126     -20     20    1.1598573e-06
1889 recr(7)        1.914875     -20     20    -2.4470933e-07
1890 recr(8)        -1.3178053     -20     20    2.6565496e-06
1891 recr(9)        0.80650649     -20     20    2.2833414e-06
1892 recr(10)        -0.66064109     -20     20    4.9299283e-10
1893 recr(11)        1.9018051     -20     20    7.1568613e-07
1894 recr(12)        -1.421878     -20     20    1.7123533e-06
1895 recr(13)        1.6818307     -20     20    6.1833467e-07
1896 recr(14)        1.4190764     -20     20    7.2612731e-07
1897 recr(15)        -0.97957789     -20     20    -1.8385942e-06
1898 recr(16)        -1.323004     -20     20    -1.2126676e-06
1899 recr(17)        0.55695069     -20     20    6.3559023e-07
1900 recr(18)        1.4511954     -20     20    1.4122279e-06
1901 recr(19)        -1.9419695     -20     20    -2.817479e-06
1902 recr(20)        -0.11177808     -20     20    1.4066006e-06
1903 recr(21)        0.30412168     -20     20    -8.6649941e-07
1904 recr(22)        1.1703696     -20     20    -2.1221523e-06
1905 recr(23)        -2.0798116     -20     20    3.8473367e-06
1906 recr(24)        -0.43435946     -20     20    2.0256589e-06
1907 recr(25)        0.34064829     -20     20    2.2967169e-06
1908 recr(26)        1.3698716     -20     20    6.6675382e-06
1909 recr(27)        -1.7856527     -20     20    2.9489358e-06
1910 recr(28)        1.5902052     -20     20    -2.6473758e-06
1911 recr(29)        1.007773     -20     20    -1.7039402e-06
1912 recr(30)        -1.2298648     -20     20    -2.0567959e-06
1913 recr(31)        -2.6466673     -20     20    -3.3964957e-07
1914 recr(32)        -1.331426     -20     20    -3.9819745e-08
1915 recr(33)        0.072106975     -20     20    -4.1378649e-06
1916 recr(34)        1.3322756     -20     20    2.0424445e-06
1917 recr(35)        -2.6080089     -20     20    -3.9224263e-06
1918 recr(36)        -0.018286669     -20     20    2.9747945e-06
1919 recr(37)        1.3595104     -20     20    -1.3777171e-08
1920 recr(38)        -0.89329302     -20     20    1.0260239e-06
1921 recr(39)        -2.8715169     -20     20    -4.8240122e-07
1922 recr(40)        -1.4589288     -20     20    -1.1714368e-06
1923 recr(41)        0.9617762     -20     20    1.6748393e-06
1924 recr(42)        0.70554697     -20     20    -1.0108852e-06
1925 recr(43)        -2.4113449     -20     20    2.67913e-06
1926 recr(44)        -0.0084240815     -20     20    3.6909804e-07
1927 recr(45)        1.1395166     -20     20    7.0483301e-07
1928 recr(46)        -2.2281551     -20     20    9.2169027e-07
1929 recr(47)        -2.2540511     -20     20    3.0033471e-07
1930 recr(48)        0.18374686     -20     20    3.5423064e-06
1931 recr(49)        1.3932777     -20     20    -1.3108154e-08
1932 recr(50)        -3.1202562     -20     20    6.8832231e-07
1933 recr(51)        -0.35163498     -20     20    7.2875642e-07
1934 recr(52)        -1.6355687     -20     20    1.3809467e-07
1935 recr(53)        1.0537245     -20     20    -1.2448874e-07
1936 recr(54)        -1.6091468     -20     20    2.7425385e-06
1937 recr(55)        0.0087073828     -20     20    3.5277655e-06
1938 recr(56)        -0.66582024     -20     20    -9.2880601e-07
1939 recr(57)        0.036952361     -20     20    -6.8096561e-07
1940 recr(58)        1.0307642     -20     20    8.5514451e-07
1941 recr(59)        -1.1464726     -20     20    2.8689048e-07
1942 recr(60)        0.91059442     -20     20    2.836288e-06
1943 recr(61)        1.0721665     -20     20    -1.3726402e-06
1944 recr(62)        -2.5105744     -20     20    1.5240909e-06
1945 recr(63)        -1.5658686     -20     20    3.7474139e-06
1946 recr(64)        -0.29683018     -20     20    2.9514173e-06
1947 recr(65)        0.71497085     -20     20    1.1224586e-07
1948 recr(66)        -2.7185055     -20     20    2.0430188e-06
1949 recr(67)        -1.2026162     -20     20    3.5977392e-06
1950 recr(68)        0.024831411     -20     20    -1.3252629e-07
1951 recr(69)        0.98863914     -20     20    9.6216919e-07
1952 recr(70)        -0.17170411     -20     20    -7.5010092e-07
1953 recr(71)        -0.9503674     -20     20    1.4342231e-06
1954 recr(72)        0.46729374     -20     20    1.4350513e-06
1955 recr(73)        1.1030118     -20     20    8.6874166e-07
1956 recr(74)        -0.20384981     -20     20    -1.6227615e-06
1957 recr(75)        -3.1519687     -20     20    1.6978028e-06
1958 recr(76)        -0.82920533     -20     20    -6.4314339e-07
1959 recr(77)        -0.099686806     -20     20    -6.6936802e-08
1960 recr(78)        -1.0426703     -20     20    3.1676235e-06
1961 recr(79)        -2.4320408     -20     20    1.9136532e-06
1962 recr(80)        1.0520254     -20     20    1.0260977e-06
1963 recr(81)        -0.10624723     -20     20    -7.2990077e-07
1964 recr(82)        -0.79455595     -20     20    -3.5690482e-06
1965 recr(83)        0.013040046     -20     20    -3.1444668e-08
1966 recr(84)        0.69124827     -20     20    1.9392444e-06
1967 recr(85)        0.60695433     -20     20    -1.4849043e-06
1968 recr(86)        -2.6884162     -20     20    4.2703139e-07
1969 recr(87)        -0.30288836     -20     20    1.0288177e-06
1970 recr(88)        1.2547245     -20     20    1.2906831e-06
1971 recr(89)        -0.80820333     -20     20    -3.6403828e-07
1972 recr(90)        -2.7586143     -20     20    -2.6509104e-07
1973 recr(91)        -0.66970863     -20     20    -1.6074901e-07
1974 recr(92)        0.54070792     -20     20    3.1610256e-07
1975 recr(93)        -1.8891443     -20     20    2.1542688e-06
1976 recr(94)        1.7085176     -20     20    3.344039e-07
1977 recr(95)        0.55237975     -20     20    2.0389527e-06
1978 recr(96)        -1.1127725     -20     20    -1.1769136e-06
1979 recr(97)        -0.82002779     -20     20    -5.0588431e-07
1980 recr(98)        -1.4927131     -20     20    -1.9628075e-06
1981 recr(99)        -0.40359855     -20     20    8.7563807e-07
1982 recr(100)        1.0518212     -20     20    -1.1406214e-07
1983 recr(101)        0.44697644     -20     20    1.1904831e-06
1984 recr(102)        -3.2555707     -20     20    -7.3575009e-07
1985 recr(103)        -1.0818722     -20     20    1.253969e-06
1986 recr(104)        1.6002109     -20     20    6.8167412e-07
1987 recr(105)        -2.1419577     -20     20    -1.4463864e-07
1988 recr(106)        -3.9222556     -20     20    -1.4341974e-06
1989 recr(107)        -2.3798497     -20     20    2.9284848e-07
1990 recr(108)        0.49268095     -20     20    3.3101244e-07
1991 recr(109)        0.11450468     -20     20    -1.0216722e-07
1992 recr(110)        -2.6431162     -20     20    -9.9063391e-07
1993 recr(111)        -0.66487711     -20     20    1.0814971e-06
1994 recr(112)        0.48027525     -20     20    1.7058609e-06
1995 recr(113)        0.81583978     -20     20    -1.4065133e-07
1996 recr(114)        -0.69279667     -20     20    -1.0447093e-06
1997 recr(115)        -0.59707626     -20     20    -4.9750572e-07
1998 recr(116)        0.4810998     -20     20    2.2904629e-06
1999 recr(117)        0.62128098     -20     20    9.7560331e-08
2000 recr(118)        -1.8943603     -20     20    -8.9982558e-07
2001 recr(119)        0.38402641     -20     20    2.411699e-07
2002 recr(120)        0.53371192     -20     20    2.18397e-06
2003 recr(121)        0.93894661     -20     20    -8.105392e-07
2004 recr(122)        0.3886848     -20     20    3.5910569e-07
2005 recr(123)        -1.1798251     -20     20    -4.6486343e-07
2006 recr(124)        0.70940727     -20     20    1.324127e-06
2007 recr(125)        0.020086482     -20     20    1.865498e-06
2008 recr(126)        0.31243232     -20     20    -6.0984129e-07
2009 recr(127)        -0.37365618     -20     20    1.0880851e-06
2010 recr(128)        0.50916801     -20     20    2.3048539e-07
2011 recr(129)        0.10477232     -20     20    3.6908682e-07
2012 recr(130)        -0.71476892     -20     20    6.3463813e-07
2013 recr(131)        -0.86187353     -20     20    4.170224e-06
2014 recr(132)        0.6763175     -20     20    -3.9335529e-08
2015 recr(133)        0.98879131     -20     20    1.3965971e-06
2016 recr(134)        0.044602435     -20     20    -1.2757168e-06
2017 recr(135)        0.29050155     -20     20    -1.1027916e-06
2018 recr(136)        0.8107549     -20     20    1.6070078e-06
2019 recr(137)        -1.3010206     -20     20    2.741075e-06
2020 recr(138)        -0.34360399     -20     20    -7.0766106e-07
2021 recr(139)        0.10165841     -20     20    3.3140031e-08
2022 recr(140)        0.18351418     -20     20    1.180062e-06
2023 recr(141)        0.95927696     -20     20    6.0058395e-07
2024 recr(142)        -1.6986963     -20     20    7.0684057e-07
2025 recr(143)        -0.5487726     -20     20    -1.3536044e-06
2026 recr(144)        1.0563317     -20     20    7.2595626e-07
2027 recr(145)        1.4837787     -20     20    4.44938e-07
2028 recr(146)        -0.9993003     -20     20    6.9397855e-06
2029 recr(147)        -0.699838     -20     20    9.3635942e-07
2030 recr(148)        1.2209787     -20     20    7.08019e-07
2031 recr(149)        -0.680017     -20     20    9.9191375e-07
2032 recr(150)        -1.3985337     -20     20    -3.9054245e-07
2033 recr(151)        0.63132761     -20     20    -1.2758648e-06
2034 recr(152)        0.60193623     -20     20    2.9025869e-06
2035 recr(153)        0.56415076     -20     20    2.1987283e-07
2036 recr(154)        -0.17883498     -20     20    -1.6454524e-06
2037 recr(155)        0.34775026     -20     20    2.3165925e-06
2038 recr(156)        0.91987903     -20     20    -2.0593186e-07
2039 recr(157)        -0.42860712     -20     20    1.3608289e-06
2040 recr(158)        -1.0270407     -20     20    -1.5746251e-06
2041 recr(159)        -0.35323575     -20     20    -3.5748738e-07
2042 recr(160)        1.1907081     -20     20    5.746529e-07
2043 recr(161)        0.78986854     -20     20    1.7303274e-06
2044 recr(162)        -0.65929702     -20     20    -1.7690602e-06
2045 recr(163)        0.74991919     -20     20    1.3138167e-06
2046 recr(164)        0.86022125     -20     20    1.0006318e-06
2047 recr(165)        -0.49269434     -20     20    5.5496197e-07
2048 recr(166)        -0.71380545     -20     20    8.1995255e-07
2049 recr(167)        0.33494364     -20     20    1.1340558e-06
2050 recr(168)        0.61004872     -20     20    9.3447769e-07
2051 recr(169)        0.24881479     -20     20    1.336546e-06
2052 recr(170)        -0.067331231     -20     20    3.1276362e-06
2053 recr(171)        0.60209346     -20     20    2.2136956e-06
2054 recr(172)        0.91617131     -20     20    3.1389478e-06
2055 recr(173)        1.1934907     -20     20    5.4099663e-06
2056 recr(174)        -1.3610555     -20     20    5.0799024e-06
2057 recr(175)        -1.3533351     -20     20    8.1212594e-06
2058 recr(176)        0.60390836     -20     20    1.9292649e-06
2059 recr(177)        1.0182854     -20     20    4.405343e-07
2060 recr(178)        0.82354919     -20     20    3.6767131e-07
2061 recr(179)        0.0736972     -20     20    1.0998641e-06
2062 recr(180)        0.76713374     -20     20    3.5712409e-07
2063 recr(181)        0.36957855     -20     20    5.5725116e-07
2064 recr(182)        -0.73022821     -20     20    2.4946272e-07
2065 recr(183)        -0.049805663     -20     20    1.3697011e-06
2066 recr(184)        0.56721341     -20     20    -2.2190132e-07
2067 recr(185)        1.0660036     -20     20    5.2123207e-07
2068 recr(186)        0.63695121     -20     20    2.3824191e-07
2069 recr(187)        0.59775431     -20     20    6.9471372e-07
2070 recr(188)        0.36531329     -20     20    4.5576725e-07
2071 recr(189)        -0.75014774     -20     20    1.1991555e-06
2072 recr(190)        0.0037009326     -20     20    -1.0374472e-06
2073 recr(191)        0.65422463     -20     20    1.2062132e-06
2074 recr(192)        0.89936895     -20     20    1.3430327e-07
2075 recr(193)        0.88634738     -20     20    5.605696e-07
2076 recr(194)        0.73417993     -20     20    8.4558134e-07
2077 recr(195)        0.60181783     -20     20    2.7264082e-07
2078 recr(196)        1.1290968     -20     20    6.4558474e-07
2079 recr(197)        -0.21793224     -20     20    1.3338495e-06
2080 recr(198)        0.076794273     -20     20    5.8699722e-07
2081 recr(199)        0.60102731     -20     20    5.4345797e-07
2082 recr(200)        1.0071126     -20     20    3.4065189e-07
2083 recr(201)        0.55762297     -20     20    -7.9302517e-07
2084 recr(202)        0.094731094     -20     20    2.5070629e-06
2085 recr(203)        1.0857316     -20     20    2.4466031e-07
2086 recr(204)        0.65643036     -20     20    9.5510765e-07
2087 recr(205)        -0.98206989     -20     20    1.4621241e-06
2088 recr(206)        -0.23435692     -20     20    -1.1449743e-07
2089 recr(207)        -0.26646029     -20     20    -1.503127e-06
2090 recr(208)        1.2175298     -20     20    4.1255282e-07
2091 recr(209)        0.81323731     -20     20    2.1445375e-07
2092 recr(210)        1.2559989     -20     20    1.3898428e-06
2093 recr(211)        0.58445331     -20     20    -4.5270214e-07
2094 recr(212)        0.74892312     -20     20    7.0283346e-07
2095 recr(213)        -0.57345615     -20     20    4.3286364e-07
2096 recr(214)        0.012096078     -20     20    -8.8827107e-07
2097 recr(215)        0.054535663     -20     20    4.1708065e-08
2098 recr(216)        1.0919996     -20     20    5.5314767e-07
2099 recr(217)        0.50334031     -20     20    7.0951949e-07
2100 recr(218)        0.39417792     -20     20    2.8672262e-07
2101 recr(219)        0.072803367     -20     20    6.3554208e-07
2102 recr(220)        0.42054388     -20     20    6.4300606e-07
2103 recr(221)        0.56227655     -20     20    2.5990228e-07
2104 recr(222)        0.53029843     -20     20    6.9862315e-07
2105 recr(223)        0.80023497     -20     20    8.7270886e-07
2106 recr(224)        0.53934636     -20     20    -3.8743362e-07
2107 recr(225)        -0.19757425     -20     20    5.3363994e-07
2108 recr(226)        0.22211129     -20     20    9.1597093e-07
2109 recr(227)        0.28066156     -20     20    -3.2496109e-08
2110 recr(228)        0.88341042     -20     20    8.5829934e-07
2111 recr(229)        0.80412572     -20     20    -2.1793943e-07
2112 recr(230)        0.66559635     -20     20    5.6559763e-07
2113 recr(231)        0.44472798     -20     20    6.7755374e-07
2114 recr(232)        0.44296555     -20     20    2.2900747e-07
2115 recr(233)        0.039336761     -20     20    4.1570222e-07
2116 recr(234)        0.21772254     -20     20    3.5267882e-07
2117 recr(235)        0.44888076     -20     20    3.6811893e-07
2118 recr(236)        0.58533336     -20     20    1.1486556e-06
2119 recr(237)        -0.019812963     -20     20    -6.3148109e-07
2120 recr(238)        0.16515595     -20     20    8.6099674e-07
2121 recr(239)        0.60504392     -20     20    2.84439e-07
2122 recr(240)        0.75584852     -20     20    5.0257329e-07
2123 recr(241)        0.86753199     -20     20    4.3785672e-08
2124 recr(242)        0.98313029     -20     20    8.9011863e-07
2125 recr(243)        0.71675871     -20     20    -1.5266715e-07
2126 recr(244)        0.73935361     -20     20    -1.6710218e-07
2127 recr(245)        0.34383989     -20     20    8.8985457e-07
2128 recr(246)        0.50915718     -20     20    1.8670809e-07
2129 recr(247)        0.81969484     -20     20    1.0426659e-07
2130 recr(248)        0.75050664     -20     20    2.2609582e-07
2131 recr(249)        0.036272809     -20     20    1.8936761e-08
2132 recr(250)        -0.019791508     -20     20    6.4742355e-07
2133 recr(251)        0.15837565     -20     20    4.6943817e-07
2134 recr(252)        0.50043856     -20     20    3.2652379e-07
2135 recr(253)        0.47828625     -20     20    2.4402415e-07
2136 recr(254)        0.21404091     -20     20    -3.2485151e-07
2137 recr(255)        0.43397783     -20     20    -4.6330217e-08
2138 recr(256)        0.79562186     -20     20    2.7230262e-07
2139 recr(257)        0.53575137     -20     20    5.5515978e-07
2140 recr(258)        0.19680694     -20     20    2.5464524e-07
2141 recr(259)        0.58308405     -20     20    -3.5122642e-08
2142 recr(260)        0.82464284     -20     20    5.3374516e-07
2143 recr(261)        -0.29922096     -20     20    1.0001807e-06
2144 recr(262)        0.58444519     -20     20    1.7704556e-07
2145 recr(263)        0.80664659     -20     20    -6.08535e-07
2146 recr(264)        0.75861422     -20     20    6.4757492e-07
2147 recr(265)        0.10550501     -20     20    -1.4435174e-06
2148 recr(266)        0.067354519     -20     20    -1.964099e-07
2149 recr(267)        0.31286571     -20     20    -9.8754546e-09
2150 recr(268)        0.73645913     -20     20    4.028073e-07
2151 recr(269)        0.5087805     -20     20    7.983259e-08
2152 recr(270)        -0.44088008     -20     20    1.1678254e-06
2153 recr(271)        0.033579288     -20     20    1.4876069e-06
2154 recr(272)        -0.062285385     -20     20    2.3406858e-06
2155 recr(273)        0.14985961     -20     20    1.4189146e-06
2156 recr(274)        0.46131695     -20     20    4.3129404e-07
2157 totpop        16.577896     8     25    -1.6536954e-06
2158 tag_fish_rep(1)        0.49267259     0.001     0.99    6.0325273e-07
2159 tag_fish_rep(3)        0.99     0.001     0.99    -1.0184097e-09   *************
2160 tag_fish_rep(4)        0.50288265     0.001     0.99    -2.676572e-06
2161 tag_fish_rep(5)        0.65036395     0.001     0.99    -4.8129715e-07
2162 tag_fish_rep(6)        0.4304034     0.001     0.99    4.3190046e-06
2163 tag_fish_rep(11)        0.61285527     0.001     0.99    6.3882633e-06
2164 tag_fish_rep(12)        0.59856839     0.001     0.99    4.4586808e-07
2165 tag_fish_rep(13)        0.56088497     0.001     0.99    8.0176527e-08
2166 tag_fish_rep(17)        0.5719155     0.001     0.99    -1.0519673e-17
2167 tag_fish_rep(18)        0.6195912     0.001     0.99    -1.2191587e-15
2168 tag_fish_rep(19)        0.49999947     0.001     0.99    -1.107062e-09
2169 tag_fish_rep(24)        0.7093884     0.001     0.99    -2.1390389e-15
2170 tag_fish_rep(25)        0.49999947     0.001     0.99    -1.107062e-09
2171 tag_fish_rep(28)        0.37991125     0.001     0.99    -3.7643287e-07
2172 tag_fish_rep(32)        0.12475801     0.001     0.99    -3.6301776e-07
2173 tag_fish_rep(34)        0.98999985     0.001     0.99    -9.3685157e-07   *************
2174 tag_fish_rep(35)        0.98999999     0.001     0.99    3.020444e-09   *************
2175 region_pars(1)        0.2344345     1e-06     1.5    7.8457126e-07
2176 region_pars(1)        0.41261776     1e-06     1.5    6.1530708e-07
2177 region_pars(1)        0.08703626     1e-06     1.5    -4.6735986e-07
2178 region_pars(1)        0.18083471     1e-06     1.5    -2.6618363e-06
2179 region_pars(1)        0.083144925     1e-06     1.5    -2.1576986e-06
2180 region_pars(1)        0.0019290061     1e-06     1.5    3.4778554e-07
2181 sv(21)        0.053196126     1e-06     1000    -1.1279693e-08
2182 age_pars(5)        -2.5507326     -20     2    7.5828752e-06
2183 vb_coff(1)        24.18787     10     60    1.406774e-06
2184 vb_coff(2)        151.23797     130     200    -8.5144526e-07
2185 vb_coff(3)        0.10667112     0.01     0.3    -3.3932382e-06
2186 var_coff(1)        5.9363052     1     10    -2.3630708e-08
2187 var_coff(2)        0.41045617     0.1     3    5.5384743e-07
