 Index  Var_name   Estimate L_bound  U_bound gradient
1 diff_coffs(1,1)        1.3944861e-08     0     4    8.1893309e-06   *************
2 diff_coffs(1,2)        1.6008026e-09     0     4    2.1020715e-05   *************
3 diff_coffs(1,3)        8.9134811e-10     0     4    1.1037018e-05   *************
4 diff_coffs(1,4)        0.0063965062     0     4    5.6143518e-05
5 diff_coffs(1,5)        8.1545999e-09     0     4    1.1800155e-06   *************
6 diff_coffs(1,6)        0.01920366     0     4    0.00028798377
7 diff_coffs(1,7)        8.5506002e-10     0     4    1.6933789e-07   *************
8 diff_coffs(1,8)        0.060603699     0     4    -0.00011009927
9 diff_coffs(2,1)        1.2683061e-07     0     4    8.2409888e-05   *************
10 diff_coffs(2,2)        0.0040833238     0     4    -0.00020443682
11 diff_coffs(2,3)        4.6618132e-10     0     4    -3.3893024e-07   *************
12 diff_coffs(2,4)        0.0083623683     0     4    -7.9834097e-06
13 diff_coffs(2,5)        1.0391164e-07     0     4    5.4287861e-05   *************
14 diff_coffs(2,6)        0.003812455     0     4    0.00021324668
15 diff_coffs(2,7)        1.5960724e-08     0     4    3.6221002e-05   *************
16 diff_coffs(2,8)        0.037288245     0     4    6.0488341e-05
17 diff_coffs(3,1)        0.024023337     0     4    -0.00017007797
18 diff_coffs(3,2)        7.2593309e-10     0     4    -2.2879537e-07   *************
19 diff_coffs(3,3)        3.6612469e-10     0     4    -2.0188771e-06   *************
20 diff_coffs(3,4)        0.023916629     0     4    -7.7617469e-06
21 diff_coffs(3,5)        0.010360196     0     4    0.0002084182
22 diff_coffs(3,6)        0.0018007857     0     4    1.3323436e-05
23 diff_coffs(3,7)        9.6767923e-09     0     4    7.8438645e-08   *************
24 diff_coffs(3,8)        3.1487057e-09     0     4    -3.4036786e-08   *************
25 diff_coffs(4,1)        0.028491277     0     4    0.00011269284
26 diff_coffs(4,2)        5.7768257e-10     0     4    -1.5706444e-07   *************
27 diff_coffs(4,3)        6.3792793e-10     0     4    1.1889516e-06   *************
28 diff_coffs(4,4)        0.60117264     0     4    4.3975711e-05
29 diff_coffs(4,5)        3.6278025e-10     0     4    -3.1709407e-05   *************
30 diff_coffs(4,6)        0.120713     0     4    0.00043599004
31 diff_coffs(4,7)        0.011442193     0     4    1.699257e-05
32 diff_coffs(4,8)        7.7294926e-10     0     4    -2.3264234e-05   *************
33 region_rec_diffs(1,1)        8.8817842e-16     -3     3    1.8290096e-15
34 region_rec_diffs(1,2)        0.89846237     -3     3    6.8471425e-05
35 region_rec_diffs(1,3)        0.92759367     -3     3    8.6950369e-05
36 region_rec_diffs(1,4)        0.9209344     -3     3    -4.6228148e-05
37 region_rec_diffs(1,5)        0.90630109     -3     3    -7.5530103e-05
38 region_rec_diffs(1,6)        0.93277381     -3     3    0.00026894218
39 region_rec_diffs(1,7)        0.1886119     -3     3    -0.00013614695
40 region_rec_diffs(1,8)        0.15681545     -3     3    0.00013441932
41 region_rec_diffs(1,9)        0.59346436     -3     3    -0.00022814789
42 region_rec_diffs(1,10)        0.99025216     -3     3    -0.00017903602
43 region_rec_diffs(1,11)        0.15580855     -3     3    6.8958017e-05
44 region_rec_diffs(1,12)        0.11537336     -3     3    4.6481722e-05
45 region_rec_diffs(1,13)        0.7560018     -3     3    -0.00040217564
46 region_rec_diffs(1,14)        0.0079269467     -3     3    6.4321711e-06
47 region_rec_diffs(1,15)        -0.01938733     -3     3    -7.3724845e-06
48 region_rec_diffs(1,16)        -0.057841662     -3     3    2.4580745e-05
49 region_rec_diffs(1,17)        -0.51334661     -3     3    5.3646882e-05
50 region_rec_diffs(1,18)        0.80605455     -3     3    -0.00015424361
51 region_rec_diffs(1,19)        0.29706093     -3     3    0.00014953471
52 region_rec_diffs(1,20)        0.55415895     -3     3    -0.00011741283
53 region_rec_diffs(1,21)        -0.12948164     -3     3    4.6565678e-05
54 region_rec_diffs(1,22)        0.87530033     -3     3    0.00053975319
55 region_rec_diffs(1,23)        0.50137222     -3     3    -0.00014887286
56 region_rec_diffs(1,24)        0.67753622     -3     3    0.00019714089
57 region_rec_diffs(1,25)        0.86973011     -3     3    -0.00025183698
58 region_rec_diffs(1,26)        1.0090928     -3     3    5.3565017e-05
59 region_rec_diffs(1,27)        0.2240735     -3     3    -2.7585811e-05
60 region_rec_diffs(1,28)        0.62650548     -3     3    0.00035809201
61 region_rec_diffs(1,29)        -1.1592081     -3     3    -6.2814806e-05
62 region_rec_diffs(1,30)        -0.5762452     -3     3    4.5236863e-05
63 region_rec_diffs(1,31)        -0.14380118     -3     3    7.4018244e-05
64 region_rec_diffs(1,32)        -0.25025277     -3     3    8.6870968e-05
65 region_rec_diffs(1,33)        -0.63915647     -3     3    -2.7340186e-05
66 region_rec_diffs(1,34)        0.65704205     -3     3    -0.00017426243
67 region_rec_diffs(1,35)        0.26533544     -3     3    2.193033e-05
68 region_rec_diffs(1,36)        0.28860173     -3     3    -0.00020684539
69 region_rec_diffs(1,37)        0.5275797     -3     3    3.0300899e-05
70 region_rec_diffs(1,38)        -0.5194244     -3     3    -8.5746452e-05
71 region_rec_diffs(1,39)        -0.025159508     -3     3    -1.0368885e-05
72 region_rec_diffs(1,40)        -0.11646572     -3     3    -3.7428935e-07
73 region_rec_diffs(1,41)        0.26098391     -3     3    0.00012903486
74 region_rec_diffs(1,42)        0.80154142     -3     3    -0.00033301411
75 region_rec_diffs(1,43)        -0.028963423     -3     3    1.7199697e-05
76 region_rec_diffs(1,44)        -0.39806141     -3     3    -0.00014255592
77 region_rec_diffs(1,45)        0.56742146     -3     3    -3.108045e-05
78 region_rec_diffs(1,46)        0.59478414     -3     3    -7.0887185e-05
79 region_rec_diffs(1,47)        0.330991     -3     3    -7.5024553e-05
80 region_rec_diffs(1,48)        -0.60765816     -3     3    -8.5834203e-05
81 region_rec_diffs(1,49)        0.40907009     -3     3    -5.3893159e-05
82 region_rec_diffs(1,50)        -0.16766462     -3     3    1.7530336e-05
83 region_rec_diffs(1,51)        0.68131349     -3     3    5.1195709e-05
84 region_rec_diffs(1,52)        -0.25186748     -3     3    2.0730519e-05
85 region_rec_diffs(1,53)        0.40761495     -3     3    3.2587108e-05
86 region_rec_diffs(1,54)        -0.19255547     -3     3    0.00015450076
87 region_rec_diffs(1,55)        0.3898541     -3     3    0.00028566891
88 region_rec_diffs(1,56)        0.0018830747     -3     3    0.00028530836
89 region_rec_diffs(1,57)        -0.63220955     -3     3    -2.6784602e-05
90 region_rec_diffs(1,58)        0.77917415     -3     3    0.00012566702
91 region_rec_diffs(1,59)        0.48253334     -3     3    2.2593728e-05
92 region_rec_diffs(1,60)        -0.45300327     -3     3    -0.00015838521
93 region_rec_diffs(1,61)        0.84256405     -3     3    -0.00029721838
94 region_rec_diffs(1,62)        -0.013208034     -3     3    5.2811321e-05
95 region_rec_diffs(1,63)        0.64536132     -3     3    1.67913e-06
96 region_rec_diffs(1,64)        -0.43635814     -3     3    0.00021032882
97 region_rec_diffs(1,65)        0.39452878     -3     3    0.00013037943
98 region_rec_diffs(1,66)        -0.32026064     -3     3    -4.1292005e-05
99 region_rec_diffs(1,67)        0.55387515     -3     3    -0.00019539345
100 region_rec_diffs(1,68)        0.79811685     -3     3    0.00011074507
101 region_rec_diffs(1,69)        0.44066058     -3     3    0.00041100608
102 region_rec_diffs(1,70)        0.1136355     -3     3    -5.9407342e-05
103 region_rec_diffs(1,71)        0.067348326     -3     3    -0.00027686901
104 region_rec_diffs(1,72)        0.011173864     -3     3    -4.529603e-05
105 region_rec_diffs(1,73)        0.03026273     -3     3    -0.00024823253
106 region_rec_diffs(1,74)        0.59528842     -3     3    0.00013459047
107 region_rec_diffs(1,75)        -2.2752567     -3     3    -4.3473077e-06
108 region_rec_diffs(1,76)        -0.71448648     -3     3    8.6769832e-05
109 region_rec_diffs(1,77)        -0.5964953     -3     3    2.2776951e-05
110 region_rec_diffs(1,78)        0.67170921     -3     3    -0.00014721384
111 region_rec_diffs(1,79)        0.50626969     -3     3    -2.1015823e-05
112 region_rec_diffs(1,80)        0.87605252     -3     3    0.0003137317
113 region_rec_diffs(1,81)        0.033368893     -3     3    0.00010867046
114 region_rec_diffs(1,82)        0.66745232     -3     3    -0.00012601601
115 region_rec_diffs(1,83)        0.11338766     -3     3    5.0218604e-05
116 region_rec_diffs(1,84)        -0.11901541     -3     3    -0.00015096463
117 region_rec_diffs(1,85)        0.0016703919     -3     3    -0.00026468057
118 region_rec_diffs(1,86)        -0.34303727     -3     3    -4.4374576e-06
119 region_rec_diffs(1,87)        0.76637054     -3     3    0.00025473468
120 region_rec_diffs(1,88)        -2.1105968     -3     3    7.2584743e-05
121 region_rec_diffs(1,89)        0.5590476     -3     3    -6.9297381e-05
122 region_rec_diffs(1,90)        -0.54557306     -3     3    3.4313911e-05
123 region_rec_diffs(1,91)        0.25695762     -3     3    -2.0572394e-05
124 region_rec_diffs(1,92)        0.11820125     -3     3    -9.8127763e-06
125 region_rec_diffs(1,93)        -0.23530581     -3     3    -2.1549377e-07
126 region_rec_diffs(1,94)        0.84361575     -3     3    1.2738259e-05
127 region_rec_diffs(1,95)        -0.39917549     -3     3    -2.612212e-05
128 region_rec_diffs(1,96)        -1.3771291     -3     3    5.8114843e-05
129 region_rec_diffs(1,97)        0.36829536     -3     3    0.00025934812
130 region_rec_diffs(1,98)        0.77231377     -3     3    0.00015442759
131 region_rec_diffs(1,99)        0.11705616     -3     3    -0.00012252284
132 region_rec_diffs(1,100)        -0.0088504947     -3     3    6.3590903e-05
133 region_rec_diffs(1,101)        0.56175941     -3     3    8.8643263e-05
134 region_rec_diffs(1,102)        -0.032327187     -3     3    -2.4071036e-05
135 region_rec_diffs(1,103)        0.60715578     -3     3    0.00016742076
136 region_rec_diffs(1,104)        0.27981876     -3     3    9.2792071e-05
137 region_rec_diffs(1,105)        -0.17763818     -3     3    -2.250199e-05
138 region_rec_diffs(1,106)        -0.061973685     -3     3    -4.9993195e-06
139 region_rec_diffs(1,107)        0.0074744788     -3     3    0.00021334227
140 region_rec_diffs(1,108)        0.50647899     -3     3    -9.8785743e-05
141 region_rec_diffs(1,109)        0.41269694     -3     3    7.8395127e-05
142 region_rec_diffs(1,110)        -0.042835785     -3     3    -2.6799738e-06
143 region_rec_diffs(1,111)        -0.09838301     -3     3    9.0637741e-06
144 region_rec_diffs(1,112)        0.44682083     -3     3    7.1622324e-05
145 region_rec_diffs(1,113)        0.17426689     -3     3    2.9999254e-06
146 region_rec_diffs(1,114)        -0.60965382     -3     3    1.0374141e-05
147 region_rec_diffs(1,115)        0.0077731473     -3     3    2.7636584e-05
148 region_rec_diffs(1,116)        0.059106045     -3     3    6.3151212e-05
149 region_rec_diffs(1,117)        0.74118153     -3     3    -7.1305633e-06
150 region_rec_diffs(1,118)        -0.66376461     -3     3    6.1982528e-05
151 region_rec_diffs(1,119)        0.38345896     -3     3    -0.00025207588
152 region_rec_diffs(1,120)        -1.1197798     -3     3    -5.9216643e-05
153 region_rec_diffs(1,121)        0.57051623     -3     3    0.000107843
154 region_rec_diffs(1,122)        0.42336846     -3     3    0.0001984236
155 region_rec_diffs(1,123)        -0.88346143     -3     3    -8.1488909e-06
156 region_rec_diffs(1,124)        0.044083013     -3     3    0.00030797748
157 region_rec_diffs(1,125)        -0.43748978     -3     3    0.00014685502
158 region_rec_diffs(1,126)        -0.19986578     -3     3    -2.999373e-05
159 region_rec_diffs(1,127)        -0.42899657     -3     3    -7.7311101e-05
160 region_rec_diffs(1,128)        0.45849399     -3     3    3.35589e-05
161 region_rec_diffs(1,129)        0.58977272     -3     3    -0.00012526304
162 region_rec_diffs(1,130)        -0.95817397     -3     3    -9.5276546e-05
163 region_rec_diffs(1,131)        -0.51534845     -3     3    -6.2671743e-05
164 region_rec_diffs(1,132)        -0.56206237     -3     3    -8.385416e-05
165 region_rec_diffs(1,133)        0.68259832     -3     3    -0.00023255072
166 region_rec_diffs(1,134)        -0.65995965     -3     3    5.7115027e-05
167 region_rec_diffs(1,135)        -0.25011722     -3     3    8.990541e-05
168 region_rec_diffs(1,136)        0.72036922     -3     3    9.4752676e-05
169 region_rec_diffs(1,137)        -1.4357515     -3     3    4.1023126e-05
170 region_rec_diffs(1,138)        -1.7196131     -3     3    -3.2582097e-05
171 region_rec_diffs(1,139)        -0.91078272     -3     3    -1.6960859e-05
172 region_rec_diffs(1,140)        -1.7617562     -3     3    -0.00010817885
173 region_rec_diffs(1,141)        1.0558595     -3     3    -3.9482685e-05
174 region_rec_diffs(1,142)        0.60394908     -3     3    -5.0628783e-05
175 region_rec_diffs(1,143)        -0.85758162     -3     3    -2.9548723e-05
176 region_rec_diffs(1,144)        -0.084699831     -3     3    0.00051325245
177 region_rec_diffs(1,145)        0.30189936     -3     3    0.00024767601
178 region_rec_diffs(1,146)        -1.027774     -3     3    -2.773077e-05
179 region_rec_diffs(1,147)        -1.8165695     -3     3    -4.9526117e-05
180 region_rec_diffs(1,148)        0.3601697     -3     3    -1.3347616e-05
181 region_rec_diffs(1,149)        0.2017686     -3     3    -9.9133355e-05
182 region_rec_diffs(1,150)        0.15757532     -3     3    -0.00012364841
183 region_rec_diffs(1,151)        -0.94484859     -3     3    -5.3912985e-05
184 region_rec_diffs(1,152)        0.71508835     -3     3    -0.00042353052
185 region_rec_diffs(1,153)        0.74409098     -3     3    -0.00031080825
186 region_rec_diffs(1,154)        -1.5244562     -3     3    1.8815037e-05
187 region_rec_diffs(1,155)        -1.7473775     -3     3    9.9651707e-05
188 region_rec_diffs(1,156)        0.64778821     -3     3    0.00054896576
189 region_rec_diffs(1,157)        1.0027566     -3     3    -0.00017882148
190 region_rec_diffs(1,158)        -1.2951232     -3     3    1.5472823e-05
191 region_rec_diffs(1,159)        -2.2644315     -3     3    -1.5438102e-05
192 region_rec_diffs(1,160)        -0.53113957     -3     3    -0.0001677554
193 region_rec_diffs(1,161)        0.15418607     -3     3    0.00032990086
194 region_rec_diffs(1,162)        -0.23719315     -3     3    0.00020667981
195 region_rec_diffs(1,163)        -1.5268359     -3     3    -9.170423e-06
196 region_rec_diffs(1,164)        0.8399992     -3     3    0.00049899545
197 region_rec_diffs(1,165)        -1.2879589     -3     3    -9.0041394e-05
198 region_rec_diffs(1,166)        -1.3720915     -3     3    3.3848024e-05
199 region_rec_diffs(1,167)        -2.1976558     -3     3    -1.9665471e-06
200 region_rec_diffs(1,168)        -0.54976638     -3     3    -5.5649118e-05
201 region_rec_diffs(1,169)        0.56390031     -3     3    -0.00026231341
202 region_rec_diffs(1,170)        -1.8003158     -3     3    -3.2545844e-05
203 region_rec_diffs(1,171)        -0.89949852     -3     3    4.1982204e-05
204 region_rec_diffs(1,172)        0.15403205     -3     3    0.00019097422
205 region_rec_diffs(1,173)        0.53894252     -3     3    0.00028179586
206 region_rec_diffs(1,174)        -0.84890654     -3     3    9.0014433e-05
207 region_rec_diffs(1,175)        -1.4756005     -3     3    4.1891016e-05
208 region_rec_diffs(1,176)        -0.50742735     -3     3    3.9221861e-06
209 region_rec_diffs(1,177)        -0.39609556     -3     3    7.613812e-05
210 region_rec_diffs(1,178)        0.43990772     -3     3    -4.804271e-05
211 region_rec_diffs(1,179)        -2.3460494     -3     3    -4.882932e-06
212 region_rec_diffs(1,180)        0.565859     -3     3    -0.00021136044
213 region_rec_diffs(1,181)        0.61909861     -3     3    -8.4252918e-05
214 region_rec_diffs(1,182)        -1.8217061     -3     3    9.0559963e-06
215 region_rec_diffs(1,183)        -2.2173422     -3     3    -5.3026993e-05
216 region_rec_diffs(1,184)        -1.8776705     -3     3    -4.4112672e-05
217 region_rec_diffs(1,185)        0.27132758     -3     3    -1.4638367e-05
218 region_rec_diffs(1,186)        0.018764266     -3     3    6.7860991e-05
219 region_rec_diffs(1,187)        -1.4393087     -3     3    -6.966948e-05
220 region_rec_diffs(1,188)        0.66473723     -3     3    0.00026391938
221 region_rec_diffs(1,189)        0.83236772     -3     3    0.00084850485
222 region_rec_diffs(1,190)        -1.6244036     -3     3    -2.9932034e-05
223 region_rec_diffs(1,191)        -2.4781409     -3     3    3.5616095e-06
224 region_rec_diffs(1,192)        0.031836225     -3     3    -7.2513145e-05
225 region_rec_diffs(1,193)        0.96171223     -3     3    1.3849222e-06
226 region_rec_diffs(1,194)        -1.4326327     -3     3    -2.7120822e-07
227 region_rec_diffs(1,195)        -2.2269384     -3     3    -5.644618e-05
228 region_rec_diffs(1,196)        0.63613008     -3     3    0.00041965834
229 region_rec_diffs(1,197)        0.2213441     -3     3    -0.00020130275
230 region_rec_diffs(1,198)        -2.2330403     -3     3    -6.2673279e-05
231 region_rec_diffs(1,199)        -2.5043359     -3     3    3.1871404e-05
232 region_rec_diffs(1,200)        -1.8316593     -3     3    -5.3436421e-05
233 region_rec_diffs(1,201)        0.47770883     -3     3    8.2325396e-05
234 region_rec_diffs(1,202)        0.43436558     -3     3    -0.00024524002
235 region_rec_diffs(1,203)        0.59592252     -3     3    0.00020129801
236 region_rec_diffs(1,204)        -0.61207106     -3     3    0.00017855058
237 region_rec_diffs(1,205)        -1.3606885     -3     3    -3.2363989e-05
238 region_rec_diffs(1,206)        -2.3385877     -3     3    -3.5576095e-05
239 region_rec_diffs(1,207)        -1.0659861     -3     3    -5.4902842e-05
240 region_rec_diffs(1,208)        -1.09396     -3     3    0.00012948174
241 region_rec_diffs(1,209)        0.27002512     -3     3    0.00015304796
242 region_rec_diffs(1,210)        0.67311102     -3     3    -5.2517385e-05
243 region_rec_diffs(1,211)        -0.025492493     -3     3    -0.00026093971
244 region_rec_diffs(1,212)        -2.316702     -3     3    -2.6096961e-05
245 region_rec_diffs(1,213)        -1.531054     -3     3    -2.1171539e-05
246 region_rec_diffs(1,214)        -1.947135     -3     3    -9.2065135e-06
247 region_rec_diffs(1,215)        -1.7557308     -3     3    -2.6134778e-05
248 region_rec_diffs(1,216)        0.21643783     -3     3    8.0090192e-05
249 region_rec_diffs(1,217)        0.42024048     -3     3    -0.00018823149
250 region_rec_diffs(1,218)        -2.4570056     -3     3    -1.8037169e-05
251 region_rec_diffs(1,219)        -1.9808868     -3     3    8.1480685e-06
252 region_rec_diffs(1,220)        0.67571367     -3     3    -9.9191449e-05
253 region_rec_diffs(1,221)        -0.021569216     -3     3    0.00023267271
254 region_rec_diffs(1,222)        -1.3124547     -3     3    2.0803609e-05
255 region_rec_diffs(1,223)        -0.2840608     -3     3    -0.00020171745
256 region_rec_diffs(1,224)        0.55941116     -3     3    -0.00027892498
257 region_rec_diffs(1,225)        -0.82270018     -3     3    -0.00019740169
258 region_rec_diffs(1,226)        -2.6752505     -3     3    -5.6491328e-05
259 region_rec_diffs(1,227)        -2.2126539     -3     3    1.7925699e-05
260 region_rec_diffs(1,228)        -1.1034983     -3     3    5.0819514e-05
261 region_rec_diffs(1,229)        0.69484426     -3     3    -4.0351944e-05
262 region_rec_diffs(1,230)        -1.5163393     -3     3    -2.057862e-05
263 region_rec_diffs(1,231)        0.048778424     -3     3    -8.880369e-06
264 region_rec_diffs(1,232)        0.46230308     -3     3    -0.00016224967
265 region_rec_diffs(1,233)        -0.59244132     -3     3    0.00015855134
266 region_rec_diffs(1,234)        -2.0156001     -3     3    4.3510371e-05
267 region_rec_diffs(1,235)        -0.94456304     -3     3    9.2191093e-05
268 region_rec_diffs(1,236)        0.34475338     -3     3    -0.00018048045
269 region_rec_diffs(1,237)        -0.11809208     -3     3    -0.00028914953
270 region_rec_diffs(1,238)        -0.41135009     -3     3    -2.0824514e-05
271 region_rec_diffs(1,239)        -2.286626     -3     3    -2.5739995e-06
272 region_rec_diffs(1,240)        -0.93575844     -3     3    0.00017429598
273 region_rec_diffs(1,241)        0.76547766     -3     3    0.00021507836
274 region_rec_diffs(1,242)        -0.23980261     -3     3    7.3326379e-05
275 region_rec_diffs(1,243)        0.077044386     -3     3    6.8462714e-05
276 region_rec_diffs(1,244)        0.31385062     -3     3    0.00030513145
277 region_rec_diffs(1,245)        -0.91834787     -3     3    7.3018104e-05
278 region_rec_diffs(1,246)        -1.3599082     -3     3    -7.6676751e-05
279 region_rec_diffs(1,247)        -0.99274205     -3     3    -0.00019396936
280 region_rec_diffs(1,248)        0.50809456     -3     3    -0.00038185433
281 region_rec_diffs(1,249)        -1.2015803     -3     3    -8.3665352e-05
282 region_rec_diffs(1,250)        -2.6705013     -3     3    6.4046791e-05
283 region_rec_diffs(1,251)        -2.3791257     -3     3    -1.9989235e-05
284 region_rec_diffs(1,252)        0.085295425     -3     3    -7.0514787e-05
285 region_rec_diffs(1,253)        0.66140019     -3     3    0.00017717667
286 region_rec_diffs(1,254)        -2.4451797     -3     3    -2.75955e-05
287 region_rec_diffs(1,255)        -2.5380698     -3     3    1.7146313e-05
288 region_rec_diffs(1,256)        0.47355621     -3     3    2.4282239e-05
289 region_rec_diffs(1,257)        0.63910097     -3     3    -0.00055409065
290 region_rec_diffs(1,258)        -1.8274016     -3     3    -3.2234063e-05
291 region_rec_diffs(1,259)        -1.9638797     -3     3    -1.0804574e-08
292 region_rec_diffs(1,260)        0.82815211     -3     3    9.2049927e-05
293 region_rec_diffs(1,261)        -0.19040156     -3     3    -1.2014347e-05
294 region_rec_diffs(1,262)        -1.2680318     -3     3    0.00018251123
295 region_rec_diffs(1,263)        -0.86060476     -3     3    2.7008713e-05
296 region_rec_diffs(1,264)        0.24820481     -3     3    0.00010713589
297 region_rec_diffs(1,265)        0.60379037     -3     3    -8.0486999e-05
298 region_rec_diffs(1,266)        -1.5117705     -3     3    -8.5955725e-05
299 region_rec_diffs(1,267)        -1.6376027     -3     3    -6.8351674e-05
300 region_rec_diffs(1,268)        0.043189604     -3     3    -0.00010900793
301 region_rec_diffs(1,269)        0.65900776     -3     3    -0.00070068448
302 region_rec_diffs(1,270)        -1.5956667     -3     3    -2.486159e-05
303 region_rec_diffs(1,271)        -1.8485894     -3     3    -0.00013225068
304 region_rec_diffs(1,272)        0.26975616     -3     3    -0.00042848707
305 region_rec_diffs(1,273)        0.48905905     -3     3    0.00014677067
306 region_rec_diffs(1,274)        -1.052374     -3     3    -0.00023659689
307 region_rec_diffs(1,275)        0.29756115     -3     3    5.7602069e-05
308 region_rec_diffs(1,276)        0.84229128     -3     3    0.00031664743
309 region_rec_diffs(1,277)        0.27885564     -3     3    4.0142004e-05
310 region_rec_diffs(1,278)        -0.12479194     -3     3    0.00018277038
311 region_rec_diffs(1,279)        -0.19845292     -3     3    7.1146942e-05
312 region_rec_diffs(2,1)        8.8817842e-16     -3     3    2.5886474e-15
313 region_rec_diffs(2,2)        -1.4292786     -3     3    4.3765385e-05
314 region_rec_diffs(2,3)        -1.5914972     -3     3    -2.702839e-05
315 region_rec_diffs(2,4)        -1.4408117     -3     3    1.7017071e-05
316 region_rec_diffs(2,5)        -1.4852104     -3     3    1.3729014e-05
317 region_rec_diffs(2,6)        -1.371191     -3     3    -0.00010445798
318 region_rec_diffs(2,7)        -0.12263059     -3     3    -4.0968573e-05
319 region_rec_diffs(2,8)        -0.10777769     -3     3    0.0002059024
320 region_rec_diffs(2,9)        -0.62049527     -3     3    -0.00011935533
321 region_rec_diffs(2,10)        -2.0137162     -3     3    -8.9512677e-05
322 region_rec_diffs(2,11)        -0.11633905     -3     3    1.3393921e-05
323 region_rec_diffs(2,12)        -0.084516222     -3     3    1.7182598e-05
324 region_rec_diffs(2,13)        -1.1874412     -3     3    -0.00010677181
325 region_rec_diffs(2,14)        -0.48838407     -3     3    -0.0003055353
326 region_rec_diffs(2,15)        0.010748923     -3     3    9.4101612e-06
327 region_rec_diffs(2,16)        0.020674396     -3     3    3.1991102e-05
328 region_rec_diffs(2,17)        0.1189317     -3     3    -0.00012660991
329 region_rec_diffs(2,18)        -0.86316803     -3     3    4.23748e-05
330 region_rec_diffs(2,19)        -0.2197246     -3     3    0.00017776504
331 region_rec_diffs(2,20)        -0.5641762     -3     3    -4.3984879e-05
332 region_rec_diffs(2,21)        -0.098858491     -3     3    -0.00014803814
333 region_rec_diffs(2,22)        -1.1117908     -3     3    2.5553603e-05
334 region_rec_diffs(2,23)        -0.50522635     -3     3    -8.9489511e-05
335 region_rec_diffs(2,24)        -1.4567707     -3     3    -4.6076309e-05
336 region_rec_diffs(2,25)        -1.5270953     -3     3    -6.2641375e-05
337 region_rec_diffs(2,26)        -1.666561     -3     3    -6.8217142e-05
338 region_rec_diffs(2,27)        -0.16781919     -3     3    2.616161e-06
339 region_rec_diffs(2,28)        -1.6085848     -3     3    1.9876483e-05
340 region_rec_diffs(2,29)        0.46037078     -3     3    -0.00039660334
341 region_rec_diffs(2,30)        0.253527     -3     3    0.00018479319
342 region_rec_diffs(2,31)        0.06746406     -3     3    0.00013619081
343 region_rec_diffs(2,32)        0.065182178     -3     3    0.00015345354
344 region_rec_diffs(2,33)        -0.45953909     -3     3    9.7723667e-05
345 region_rec_diffs(2,34)        -1.7164585     -3     3    0.00010067529
346 region_rec_diffs(2,35)        -0.22411438     -3     3    1.9510545e-05
347 region_rec_diffs(2,36)        -0.23895736     -3     3    -0.00013117352
348 region_rec_diffs(2,37)        -1.5561088     -3     3    2.5169772e-06
349 region_rec_diffs(2,38)        -0.18815749     -3     3    -0.00020380093
350 region_rec_diffs(2,39)        -0.044216475     -3     3    -2.491492e-05
351 region_rec_diffs(2,40)        0.001641369     -3     3    -1.5356816e-05
352 region_rec_diffs(2,41)        -0.25953191     -3     3    -0.00020702146
353 region_rec_diffs(2,42)        -1.0138545     -3     3    -0.00019020356
354 region_rec_diffs(2,43)        0.00042656018     -3     3    1.0387597e-05
355 region_rec_diffs(2,44)        -0.047748116     -3     3    -0.00036782861
356 region_rec_diffs(2,45)        -1.8614166     -3     3    -2.2215853e-05
357 region_rec_diffs(2,46)        -0.75352951     -3     3    -1.2452564e-05
358 region_rec_diffs(2,47)        -0.4566654     -3     3    -2.8014078e-05
359 region_rec_diffs(2,48)        -0.70319399     -3     3    -6.8165012e-05
360 region_rec_diffs(2,49)        -0.46766152     -3     3    1.3292087e-05
361 region_rec_diffs(2,50)        -0.0051484936     -3     3    9.381696e-06
362 region_rec_diffs(2,51)        -1.6586546     -3     3    3.8395669e-05
363 region_rec_diffs(2,52)        0.052697032     -3     3    2.1070601e-05
364 region_rec_diffs(2,53)        -0.82940516     -3     3    2.0826625e-05
365 region_rec_diffs(2,54)        -1.3407857     -3     3    3.1702927e-05
366 region_rec_diffs(2,55)        -0.67854464     -3     3    0.00010747978
367 region_rec_diffs(2,56)        -1.3407406     -3     3    -1.8887854e-05
368 region_rec_diffs(2,57)        -0.52897193     -3     3    -7.4983411e-05
369 region_rec_diffs(2,58)        -1.1488063     -3     3    4.0737928e-05
370 region_rec_diffs(2,59)        -0.46972476     -3     3    3.1976299e-05
371 region_rec_diffs(2,60)        -1.413708     -3     3    4.6482477e-05
372 region_rec_diffs(2,61)        -1.4003466     -3     3    -0.00011306109
373 region_rec_diffs(2,62)        -0.020266767     -3     3    7.2483744e-05
374 region_rec_diffs(2,63)        -0.72009421     -3     3    -1.9686183e-05
375 region_rec_diffs(2,64)        -0.87243112     -3     3    -2.9436044e-05
376 region_rec_diffs(2,65)        -0.69950009     -3     3    -3.184478e-05
377 region_rec_diffs(2,66)        0.14000226     -3     3    -6.383731e-05
378 region_rec_diffs(2,67)        -0.49416187     -3     3    -5.6341916e-05
379 region_rec_diffs(2,68)        -0.91365938     -3     3    -1.2235977e-06
380 region_rec_diffs(2,69)        -0.88466754     -3     3    -3.1929503e-05
381 region_rec_diffs(2,70)        -0.43318828     -3     3    1.8041418e-05
382 region_rec_diffs(2,71)        -0.71391985     -3     3    -7.5162064e-05
383 region_rec_diffs(2,72)        -0.10774041     -3     3    0.00025716686
384 region_rec_diffs(2,73)        -0.093704172     -3     3    4.5100508e-05
385 region_rec_diffs(2,74)        -0.75888126     -3     3    7.892318e-05
386 region_rec_diffs(2,75)        -1.5673178     -3     3    4.6253079e-05
387 region_rec_diffs(2,76)        0.2866783     -3     3    0.00013982238
388 region_rec_diffs(2,77)        0.35392784     -3     3    -0.00057166736
389 region_rec_diffs(2,78)        -0.5361489     -3     3    -0.00017573351
390 region_rec_diffs(2,79)        -0.33504883     -3     3    -3.437313e-05
391 region_rec_diffs(2,80)        -1.1219232     -3     3    4.9574695e-05
392 region_rec_diffs(2,81)        0.28868552     -3     3    1.9232945e-06
393 region_rec_diffs(2,82)        -0.55968591     -3     3    -7.4173569e-05
394 region_rec_diffs(2,83)        -0.44538036     -3     3    0.00014833613
395 region_rec_diffs(2,84)        0.16228178     -3     3    5.3509775e-06
396 region_rec_diffs(2,85)        -0.41496196     -3     3    -0.00029545191
397 region_rec_diffs(2,86)        0.095726496     -3     3    3.4907551e-06
398 region_rec_diffs(2,87)        -1.4260104     -3     3    -2.2146191e-06
399 region_rec_diffs(2,88)        -1.6640598     -3     3    -2.9409182e-06
400 region_rec_diffs(2,89)        -0.46460398     -3     3    -6.4278052e-05
401 region_rec_diffs(2,90)        0.2547522     -3     3    9.6049853e-05
402 region_rec_diffs(2,91)        -0.11301941     -3     3    1.1291536e-05
403 region_rec_diffs(2,92)        0.15880208     -3     3    0.00017334955
404 region_rec_diffs(2,93)        0.18348965     -3     3    3.8261681e-05
405 region_rec_diffs(2,94)        -1.9532763     -3     3    -4.3692304e-05
406 region_rec_diffs(2,95)        -1.0672245     -3     3    -2.5482057e-05
407 region_rec_diffs(2,96)        -1.1605281     -3     3    3.8312663e-05
408 region_rec_diffs(2,97)        -1.0124666     -3     3    4.9454031e-05
409 region_rec_diffs(2,98)        -1.0154786     -3     3    -2.2512337e-05
410 region_rec_diffs(2,99)        -0.83935199     -3     3    -0.00010010956
411 region_rec_diffs(2,100)        0.22130351     -3     3    0.00034392047
412 region_rec_diffs(2,101)        -1.6860028     -3     3    7.2047611e-05
413 region_rec_diffs(2,102)        -0.0094495699     -3     3    -3.6188283e-05
414 region_rec_diffs(2,103)        -0.71568028     -3     3    2.2520315e-06
415 region_rec_diffs(2,104)        -1.3980773     -3     3    2.0144958e-05
416 region_rec_diffs(2,105)        0.08730947     -3     3    5.7193738e-06
417 region_rec_diffs(2,106)        0.04592838     -3     3    -1.1219256e-05
418 region_rec_diffs(2,107)        0.020729329     -3     3    0.00034539196
419 region_rec_diffs(2,108)        -0.33769237     -3     3    2.0986751e-05
420 region_rec_diffs(2,109)        -1.129895     -3     3    9.6491207e-06
421 region_rec_diffs(2,110)        0.020491051     -3     3    -7.1656339e-06
422 region_rec_diffs(2,111)        0.07416392     -3     3    2.3041086e-05
423 region_rec_diffs(2,112)        -0.39546498     -3     3    -2.3501563e-05
424 region_rec_diffs(2,113)        -0.847142     -3     3    -6.6887465e-06
425 region_rec_diffs(2,114)        0.31827128     -3     3    -9.0704604e-05
426 region_rec_diffs(2,115)        -0.2284026     -3     3    5.8752318e-05
427 region_rec_diffs(2,116)        -1.4660938     -3     3    4.0841195e-05
428 region_rec_diffs(2,117)        -1.239821     -3     3    -5.1801977e-05
429 region_rec_diffs(2,118)        -0.061268174     -3     3    0.0002256417
430 region_rec_diffs(2,119)        -1.2016074     -3     3    -2.0659581e-05
431 region_rec_diffs(2,120)        0.12096193     -3     3    -8.6613738e-05
432 region_rec_diffs(2,121)        -0.71829561     -3     3    -2.8499822e-05
433 region_rec_diffs(2,122)        -0.40653542     -3     3    -1.2993295e-05
434 region_rec_diffs(2,123)        0.28000931     -3     3    4.3799773e-05
435 region_rec_diffs(2,124)        -2.6778493     -3     3    3.469806e-06
436 region_rec_diffs(2,125)        -0.80849281     -3     3    0.00016537009
437 region_rec_diffs(2,126)        0.1505611     -3     3    -0.00022656528
438 region_rec_diffs(2,127)        0.39163836     -3     3    3.8940654e-05
439 region_rec_diffs(2,128)        -0.12360409     -3     3    -0.0001221083
440 region_rec_diffs(2,129)        -1.3155463     -3     3    -1.6244138e-05
441 region_rec_diffs(2,130)        0.20796848     -3     3    -0.00029382968
442 region_rec_diffs(2,131)        0.085774513     -3     3    -0.00015540984
443 region_rec_diffs(2,132)        -2.5952775     -3     3    2.6067652e-05
444 region_rec_diffs(2,133)        -0.35746348     -3     3    4.8627093e-05
445 region_rec_diffs(2,134)        0.35936573     -3     3    0.00022953246
446 region_rec_diffs(2,135)        0.3695554     -3     3    2.3206668e-05
447 region_rec_diffs(2,136)        -0.34320394     -3     3    -0.0001385634
448 region_rec_diffs(2,137)        0.31901954     -3     3    0.00024800879
449 region_rec_diffs(2,138)        -1.1704894     -3     3    -2.1204045e-05
450 region_rec_diffs(2,139)        0.52516191     -3     3    -0.0002453311
451 region_rec_diffs(2,140)        0.79796548     -3     3    5.2459025e-05
452 region_rec_diffs(2,141)        -1.6211094     -3     3    -2.3870345e-05
453 region_rec_diffs(2,142)        -0.58159956     -3     3    -7.7856897e-05
454 region_rec_diffs(2,143)        -0.082946972     -3     3    -0.00016189738
455 region_rec_diffs(2,144)        -0.11312008     -3     3    -1.2444998e-05
456 region_rec_diffs(2,145)        -0.019100524     -3     3    6.0543547e-05
457 region_rec_diffs(2,146)        -1.1043751     -3     3    2.1545818e-05
458 region_rec_diffs(2,147)        -1.2260242     -3     3    -2.3935043e-06
459 region_rec_diffs(2,148)        -0.40530862     -3     3    -4.7798932e-05
460 region_rec_diffs(2,149)        0.22771416     -3     3    -0.00039607033
461 region_rec_diffs(2,150)        -0.23553774     -3     3    -0.00010369198
462 region_rec_diffs(2,151)        0.067246309     -3     3    -0.00013398485
463 region_rec_diffs(2,152)        -0.41880528     -3     3    -1.7764702e-05
464 region_rec_diffs(2,153)        -1.6073107     -3     3    -4.3676165e-05
465 region_rec_diffs(2,154)        -0.97058454     -3     3    2.1458754e-06
466 region_rec_diffs(2,155)        0.2499657     -3     3    -0.00019760828
467 region_rec_diffs(2,156)        -0.35368167     -3     3    -2.5492594e-05
468 region_rec_diffs(2,157)        -1.8165776     -3     3    -1.8619303e-05
469 region_rec_diffs(2,158)        -0.24474625     -3     3    9.4900058e-05
470 region_rec_diffs(2,159)        -1.7587936     -3     3    -1.8600821e-05
471 region_rec_diffs(2,160)        0.16043651     -3     3    1.9494537e-05
472 region_rec_diffs(2,161)        -0.46344271     -3     3    5.2194101e-05
473 region_rec_diffs(2,162)        -0.39091345     -3     3    0.00020225694
474 region_rec_diffs(2,163)        0.29191717     -3     3    -0.00015080343
475 region_rec_diffs(2,164)        -0.87601394     -3     3    0.00011654714
476 region_rec_diffs(2,165)        -1.1385283     -3     3    7.4336847e-05
477 region_rec_diffs(2,166)        0.6122626     -3     3    -7.4832546e-05
478 region_rec_diffs(2,167)        0.15662684     -3     3    0.0002958719
479 region_rec_diffs(2,168)        -0.56768543     -3     3    0.00021586189
480 region_rec_diffs(2,169)        -0.73442719     -3     3    0.00026358722
481 region_rec_diffs(2,170)        0.37566538     -3     3    -0.00071186958
482 region_rec_diffs(2,171)        -1.1388455     -3     3    -5.3443878e-05
483 region_rec_diffs(2,172)        -2.5423427     -3     3    -1.0396119e-05
484 region_rec_diffs(2,173)        -1.4423753     -3     3    5.3428934e-05
485 region_rec_diffs(2,174)        0.19065139     -3     3    0.00053600427
486 region_rec_diffs(2,175)        -0.23785462     -3     3    0.00018938624
487 region_rec_diffs(2,176)        0.33329446     -3     3    -3.9833248e-05
488 region_rec_diffs(2,177)        0.41053103     -3     3    -0.00014753253
489 region_rec_diffs(2,178)        -0.12649787     -3     3    -0.00016676241
490 region_rec_diffs(2,179)        0.47670846     -3     3    0.00051164469
491 region_rec_diffs(2,180)        -0.51054199     -3     3    -2.5497657e-05
492 region_rec_diffs(2,181)        -0.079625346     -3     3    -0.00021024031
493 region_rec_diffs(2,182)        0.69151172     -3     3    8.7781369e-06
494 region_rec_diffs(2,183)        0.53374934     -3     3    3.2067244e-05
495 region_rec_diffs(2,184)        0.19503837     -3     3    -0.00021035313
496 region_rec_diffs(2,185)        -0.69328154     -3     3    0.00013801462
497 region_rec_diffs(2,186)        0.17103     -3     3    0.00036647633
498 region_rec_diffs(2,187)        -0.18615775     -3     3    -0.00011280885
499 region_rec_diffs(2,188)        0.0034024828     -3     3    1.627456e-05
500 region_rec_diffs(2,189)        -0.48678526     -3     3    0.00033561826
501 region_rec_diffs(2,190)        0.70815129     -3     3    2.5449483e-05
502 region_rec_diffs(2,191)        0.82128226     -3     3    3.2410475e-05
503 region_rec_diffs(2,192)        0.066743374     -3     3    -0.00022216438
504 region_rec_diffs(2,193)        -1.7489337     -3     3    4.6925907e-05
505 region_rec_diffs(2,194)        0.66698365     -3     3    3.4155011e-05
506 region_rec_diffs(2,195)        0.30621512     -3     3    -0.00026002222
507 region_rec_diffs(2,196)        -0.94347049     -3     3    0.00032232136
508 region_rec_diffs(2,197)        -0.86016076     -3     3    -6.524726e-05
509 region_rec_diffs(2,198)        0.6878081     -3     3    7.1211812e-05
510 region_rec_diffs(2,199)        0.16579071     -3     3    -0.00020869111
511 region_rec_diffs(2,200)        0.59022824     -3     3    0.00010653988
512 region_rec_diffs(2,201)        0.1592223     -3     3    -7.9071143e-05
513 region_rec_diffs(2,202)        -0.39466221     -3     3    -0.00014928804
514 region_rec_diffs(2,203)        -1.3349968     -3     3    -5.3131361e-05
515 region_rec_diffs(2,204)        -0.84927817     -3     3    0.00017990973
516 region_rec_diffs(2,205)        -0.24568998     -3     3    -0.00014983509
517 region_rec_diffs(2,206)        0.73732012     -3     3    6.5674829e-05
518 region_rec_diffs(2,207)        0.56831417     -3     3    0.0001636963
519 region_rec_diffs(2,208)        0.74974008     -3     3    0.0001075088
520 region_rec_diffs(2,209)        -1.9037168     -3     3    7.1393039e-05
521 region_rec_diffs(2,210)        -0.83632031     -3     3    6.6455906e-05
522 region_rec_diffs(2,211)        -1.0021315     -3     3    -0.00016518475
523 region_rec_diffs(2,212)        -0.3936703     -3     3    -0.00027638164
524 region_rec_diffs(2,213)        -0.15306403     -3     3    -0.00017744193
525 region_rec_diffs(2,214)        0.57619463     -3     3    7.7184052e-06
526 region_rec_diffs(2,215)        0.19319046     -3     3    0.00012605547
527 region_rec_diffs(2,216)        0.2390081     -3     3    0.00050348659
528 region_rec_diffs(2,217)        -0.3920374     -3     3    0.00011698914
529 region_rec_diffs(2,218)        0.41655268     -3     3    -0.00087106403
530 region_rec_diffs(2,219)        0.46756739     -3     3    0.00012127365
531 region_rec_diffs(2,220)        -0.31521111     -3     3    0.00016177891
532 region_rec_diffs(2,221)        0.33018483     -3     3    -0.00030347163
533 region_rec_diffs(2,222)        0.71851526     -3     3    1.4734411e-05
534 region_rec_diffs(2,223)        0.1025271     -3     3    -2.7566277e-05
535 region_rec_diffs(2,224)        -0.96526245     -3     3    0.00013415158
536 region_rec_diffs(2,225)        -0.064655524     -3     3    -8.372849e-07
537 region_rec_diffs(2,226)        0.73901963     -3     3    3.7635881e-05
538 region_rec_diffs(2,227)        0.64435916     -3     3    3.7964396e-05
539 region_rec_diffs(2,228)        0.39650113     -3     3    -0.00028998837
540 region_rec_diffs(2,229)        -1.5039243     -3     3    8.4076973e-05
541 region_rec_diffs(2,230)        -0.22474814     -3     3    0.00016778774
542 region_rec_diffs(2,231)        -0.60482757     -3     3    -0.00024346988
543 region_rec_diffs(2,232)        -1.3001408     -3     3    -6.356153e-05
544 region_rec_diffs(2,233)        -0.017208414     -3     3    0.00022107286
545 region_rec_diffs(2,234)        -0.0043040649     -3     3    -0.00027446212
546 region_rec_diffs(2,235)        -0.0069307923     -3     3    -3.7849985e-05
547 region_rec_diffs(2,236)        0.061208908     -3     3    6.2725295e-05
548 region_rec_diffs(2,237)        -0.37597917     -3     3    -0.00016234824
549 region_rec_diffs(2,238)        0.22895951     -3     3    -0.00019389972
550 region_rec_diffs(2,239)        0.45073265     -3     3    0.00013248678
551 region_rec_diffs(2,240)        -0.4248987     -3     3    8.2260832e-05
552 region_rec_diffs(2,241)        -1.344786     -3     3    -7.9171584e-05
553 region_rec_diffs(2,242)        0.2376626     -3     3    9.7256308e-05
554 region_rec_diffs(2,243)        0.13497524     -3     3    3.5171193e-05
555 region_rec_diffs(2,244)        -0.31521785     -3     3    2.2464635e-05
556 region_rec_diffs(2,245)        -0.21146374     -3     3    4.1182513e-05
557 region_rec_diffs(2,246)        -0.084071767     -3     3    0.00026791393
558 region_rec_diffs(2,247)        -0.44691184     -3     3    -0.00034985795
559 region_rec_diffs(2,248)        -1.3121697     -3     3    0.00029475995
560 region_rec_diffs(2,249)        -0.46781555     -3     3    -3.1078715e-05
561 region_rec_diffs(2,250)        -0.01674353     -3     3    0.00036422167
562 region_rec_diffs(2,251)        -0.18563574     -3     3    -2.3147342e-06
563 region_rec_diffs(2,252)        -0.80349845     -3     3    0.00025504561
564 region_rec_diffs(2,253)        -1.3679472     -3     3    -9.7446773e-05
565 region_rec_diffs(2,254)        -0.35981115     -3     3    -0.00020509627
566 region_rec_diffs(2,255)        0.036501695     -3     3    -0.00018160039
567 region_rec_diffs(2,256)        -0.50551303     -3     3    0.00022117407
568 region_rec_diffs(2,257)        -0.70988145     -3     3    -8.4741691e-05
569 region_rec_diffs(2,258)        0.2058575     -3     3    -0.00020728808
570 region_rec_diffs(2,259)        0.78689038     -3     3    5.4074375e-05
571 region_rec_diffs(2,260)        -0.62286431     -3     3    -0.0001914505
572 region_rec_diffs(2,261)        -0.5223569     -3     3    -0.00014285303
573 region_rec_diffs(2,262)        0.49198484     -3     3    3.9844276e-05
574 region_rec_diffs(2,263)        0.28451275     -3     3    -1.0299638e-05
575 region_rec_diffs(2,264)        -1.9826646     -3     3    0.00016242551
576 region_rec_diffs(2,265)        -0.94415413     -3     3    -0.00024119143
577 region_rec_diffs(2,266)        0.066154656     -3     3    -5.4565548e-05
578 region_rec_diffs(2,267)        0.044002529     -3     3    -4.0861118e-05
579 region_rec_diffs(2,268)        -1.3518201     -3     3    0.00012751588
580 region_rec_diffs(2,269)        -1.9412193     -3     3    7.5640527e-05
581 region_rec_diffs(2,270)        -0.66199274     -3     3    0.00019304641
582 region_rec_diffs(2,271)        -0.85471106     -3     3    0.00029426105
583 region_rec_diffs(2,272)        0.045538012     -3     3    0.00092853685
584 region_rec_diffs(2,273)        -0.069501874     -3     3    -5.2191e-05
585 region_rec_diffs(2,274)        -1.3518674     -3     3    -4.6957101e-05
586 region_rec_diffs(2,275)        0.20556411     -3     3    4.6508592e-05
587 region_rec_diffs(2,276)        -0.73763112     -3     3    -0.00019829328
588 region_rec_diffs(2,277)        -1.8856419     -3     3    0.00017037371
589 region_rec_diffs(2,278)        -0.92511534     -3     3    6.5733832e-05
590 region_rec_diffs(2,279)        0.23752346     -3     3    9.0057533e-05
591 region_rec_diffs(3,1)        0     -3     3    1.0748363e-15
592 region_rec_diffs(3,2)        -1.1427784     -3     3    -2.4981102e-05
593 region_rec_diffs(3,3)        -1.1847368     -3     3    -7.8255664e-05
594 region_rec_diffs(3,4)        -1.3896308     -3     3    -5.1106445e-05
595 region_rec_diffs(3,5)        -1.184503     -3     3    -2.5811972e-05
596 region_rec_diffs(3,6)        -1.2274792     -3     3    -2.4453651e-05
597 region_rec_diffs(3,7)        -0.14570244     -3     3    -2.4828355e-05
598 region_rec_diffs(3,8)        -0.10585165     -3     3    0.00014058575
599 region_rec_diffs(3,9)        -0.54946689     -3     3    5.8841461e-05
600 region_rec_diffs(3,10)        -1.658372     -3     3    -1.5803866e-05
601 region_rec_diffs(3,11)        -0.074742782     -3     3    9.8765682e-06
602 region_rec_diffs(3,12)        -0.050174336     -3     3    1.0744064e-05
603 region_rec_diffs(3,13)        -1.0227769     -3     3    -3.925893e-05
604 region_rec_diffs(3,14)        -0.74950389     -3     3    -0.00014503255
605 region_rec_diffs(3,15)        -0.051411558     -3     3    -2.0912863e-06
606 region_rec_diffs(3,16)        -0.039757293     -3     3    1.0055955e-05
607 region_rec_diffs(3,17)        -0.6138415     -3     3    1.3837593e-05
608 region_rec_diffs(3,18)        -1.3697415     -3     3    -1.4035224e-05
609 region_rec_diffs(3,19)        -0.20085091     -3     3    7.4200009e-05
610 region_rec_diffs(3,20)        -0.42834185     -3     3    -2.1879235e-05
611 region_rec_diffs(3,21)        -0.68629248     -3     3    -2.4802703e-05
612 region_rec_diffs(3,22)        -1.0407409     -3     3    2.0081948e-05
613 region_rec_diffs(3,23)        -0.26692831     -3     3    -7.0848912e-05
614 region_rec_diffs(3,24)        -0.8464943     -3     3    -1.7386842e-05
615 region_rec_diffs(3,25)        -0.76298848     -3     3    -3.9563047e-05
616 region_rec_diffs(3,26)        -0.91018696     -3     3    -3.1283452e-05
617 region_rec_diffs(3,27)        -0.049592025     -3     3    3.337083e-06
618 region_rec_diffs(3,28)        -1.1964436     -3     3    2.5574075e-05
619 region_rec_diffs(3,29)        -0.81446138     -3     3    -3.4210129e-05
620 region_rec_diffs(3,30)        -0.18234949     -3     3    4.7723782e-05
621 region_rec_diffs(3,31)        -0.00084199349     -3     3    4.8801102e-05
622 region_rec_diffs(3,32)        0.054608019     -3     3    6.179113e-05
623 region_rec_diffs(3,33)        0.77138977     -3     3    7.6008973e-05
624 region_rec_diffs(3,34)        -0.031320954     -3     3    0.00027146995
625 region_rec_diffs(3,35)        -0.051645174     -3     3    1.5275941e-05
626 region_rec_diffs(3,36)        -0.068013324     -3     3    -5.4628843e-05
627 region_rec_diffs(3,37)        0.017664786     -3     3    0.00010127162
628 region_rec_diffs(3,38)        0.12971558     -3     3    -9.678963e-05
629 region_rec_diffs(3,39)        0.053966573     -3     3    -1.1191906e-05
630 region_rec_diffs(3,40)        0.069947564     -3     3    -4.5243483e-06
631 region_rec_diffs(3,41)        -0.24045628     -3     3    -7.0863434e-05
632 region_rec_diffs(3,42)        -0.428436     -3     3    -0.00014782524
633 region_rec_diffs(3,43)        0.027626352     -3     3    6.6241552e-06
634 region_rec_diffs(3,44)        0.51800181     -3     3    -0.00025137867
635 region_rec_diffs(3,45)        -0.40294461     -3     3    -8.490031e-05
636 region_rec_diffs(3,46)        -0.23108713     -3     3    4.9245541e-06
637 region_rec_diffs(3,47)        -0.017302328     -3     3    -4.5971738e-05
638 region_rec_diffs(3,48)        0.95556358     -3     3    -0.00024416309
639 region_rec_diffs(3,49)        -0.23404354     -3     3    -3.8007377e-05
640 region_rec_diffs(3,50)        -0.028420897     -3     3    6.1411966e-06
641 region_rec_diffs(3,51)        -1.2051021     -3     3    1.1212229e-05
642 region_rec_diffs(3,52)        -0.12105961     -3     3    1.1452031e-05
643 region_rec_diffs(3,53)        -0.0060100412     -3     3    -1.5074016e-05
644 region_rec_diffs(3,54)        -0.22471261     -3     3    -1.0538885e-05
645 region_rec_diffs(3,55)        -0.11180647     -3     3    0.00010257827
646 region_rec_diffs(3,56)        -0.5033512     -3     3    -1.6168174e-05
647 region_rec_diffs(3,57)        1.0408089     -3     3    -6.9239219e-05
648 region_rec_diffs(3,58)        -0.0063779185     -3     3    0.00017191263
649 region_rec_diffs(3,59)        -0.17962293     -3     3    1.502461e-05
650 region_rec_diffs(3,60)        -0.071949805     -3     3    4.6493395e-05
651 region_rec_diffs(3,61)        -0.37109964     -3     3    -0.00012666843
652 region_rec_diffs(3,62)        -0.1159741     -3     3    1.9525415e-05
653 region_rec_diffs(3,63)        -0.49812478     -3     3    -9.1717646e-07
654 region_rec_diffs(3,64)        -0.55889171     -3     3    -8.8751384e-06
655 region_rec_diffs(3,65)        0.52332968     -3     3    -7.8453917e-05
656 region_rec_diffs(3,66)        0.098309297     -3     3    -2.9029015e-05
657 region_rec_diffs(3,67)        -0.17260461     -3     3    -3.4485589e-05
658 region_rec_diffs(3,68)        -0.3378488     -3     3    5.9697482e-06
659 region_rec_diffs(3,69)        0.64357648     -3     3    -3.1708047e-05
660 region_rec_diffs(3,70)        -0.09415431     -3     3    -2.2665643e-06
661 region_rec_diffs(3,71)        -0.42296234     -3     3    -3.217627e-05
662 region_rec_diffs(3,72)        -0.081133172     -3     3    0.0001043643
663 region_rec_diffs(3,73)        0.20990066     -3     3    4.9730319e-05
664 region_rec_diffs(3,74)        -0.62116744     -3     3    3.5649341e-05
665 region_rec_diffs(3,75)        -1.3057661     -3     3    9.3724588e-07
666 region_rec_diffs(3,76)        -0.036151358     -3     3    5.5338473e-05
667 region_rec_diffs(3,77)        0.15506069     -3     3    -0.00022300057
668 region_rec_diffs(3,78)        -0.34586333     -3     3    -7.1701655e-05
669 region_rec_diffs(3,79)        -0.41896192     -3     3    -9.2099378e-06
670 region_rec_diffs(3,80)        -0.35387908     -3     3    0.00010882166
671 region_rec_diffs(3,81)        -1.2559612     -3     3    2.9330332e-06
672 region_rec_diffs(3,82)        -0.71041998     -3     3    -9.7208977e-06
673 region_rec_diffs(3,83)        0.15293988     -3     3    0.00011540913
674 region_rec_diffs(3,84)        -0.55937872     -3     3    2.2895265e-05
675 region_rec_diffs(3,85)        0.36358888     -3     3    -0.00012363485
676 region_rec_diffs(3,86)        0.10688089     -3     3    3.9454469e-06
677 region_rec_diffs(3,87)        -0.47536238     -3     3    2.1862582e-05
678 region_rec_diffs(3,88)        0.34839403     -3     3    -0.00011636318
679 region_rec_diffs(3,89)        -0.31656943     -3     3    -4.4283289e-05
680 region_rec_diffs(3,90)        -0.12044262     -3     3    1.9830808e-05
681 region_rec_diffs(3,91)        -0.20777744     -3     3    1.3448071e-05
682 region_rec_diffs(3,92)        -0.80725172     -3     3    1.6191338e-05
683 region_rec_diffs(3,93)        -0.24350219     -3     3    -9.78979e-06
684 region_rec_diffs(3,94)        0.12750609     -3     3    8.4958704e-05
685 region_rec_diffs(3,95)        0.91242643     -3     3    6.9631648e-05
686 region_rec_diffs(3,96)        -0.24708017     -3     3    0.00010440928
687 region_rec_diffs(3,97)        0.4702546     -3     3    0.00018054698
688 region_rec_diffs(3,98)        -0.51053405     -3     3    -1.8353053e-05
689 region_rec_diffs(3,99)        0.63724512     -3     3    -0.00019077926
690 region_rec_diffs(3,100)        -1.4816702     -3     3    -2.5372218e-05
691 region_rec_diffs(3,101)        0.20520547     -3     3    1.707105e-05
692 region_rec_diffs(3,102)        -0.0041397006     -3     3    -1.8455225e-05
693 region_rec_diffs(3,103)        -0.39985722     -3     3    1.830602e-05
694 region_rec_diffs(3,104)        0.48156838     -3     3    -5.827528e-06
695 region_rec_diffs(3,105)        -0.010141579     -3     3    -5.6483886e-06
696 region_rec_diffs(3,106)        -0.030833306     -3     3    -4.5193e-06
697 region_rec_diffs(3,107)        -0.066565757     -3     3    0.00013997409
698 region_rec_diffs(3,108)        -0.12784877     -3     3    1.7932964e-05
699 region_rec_diffs(3,109)        0.461256     -3     3    7.9857522e-05
700 region_rec_diffs(3,110)        -0.019828039     -3     3    -5.138541e-06
701 region_rec_diffs(3,111)        -0.027370749     -3     3    4.458948e-06
702 region_rec_diffs(3,112)        0.22533069     -3     3    -6.0626177e-06
703 region_rec_diffs(3,113)        0.3574398     -3     3    -0.00010263638
704 region_rec_diffs(3,114)        -0.30522959     -3     3    -7.5149128e-06
705 region_rec_diffs(3,115)        -0.0036924993     -3     3    2.5829897e-05
706 region_rec_diffs(3,116)        0.97176802     -3     3    0.00022614022
707 region_rec_diffs(3,117)        -0.15215765     -3     3    -6.3516551e-06
708 region_rec_diffs(3,118)        0.042993011     -3     3    0.00010579656
709 region_rec_diffs(3,119)        -0.85836348     -3     3    -5.6177356e-06
710 region_rec_diffs(3,120)        0.72697271     -3     3    2.1875827e-05
711 region_rec_diffs(3,121)        -0.31799597     -3     3    -7.2691357e-06
712 region_rec_diffs(3,122)        -1.0808746     -3     3    2.1720806e-05
713 region_rec_diffs(3,123)        -0.086978899     -3     3    1.1849934e-05
714 region_rec_diffs(3,124)        1.1422964     -3     3    0.00022775827
715 region_rec_diffs(3,125)        0.27460786     -3     3    7.6221073e-05
716 region_rec_diffs(3,126)        -0.69577901     -3     3    -4.2774043e-05
717 region_rec_diffs(3,127)        -0.30322225     -3     3    -8.3604989e-06
718 region_rec_diffs(3,128)        -0.32754749     -3     3    -3.8991433e-05
719 region_rec_diffs(3,129)        -0.9717827     -3     3    1.5926894e-05
720 region_rec_diffs(3,130)        -0.28855236     -3     3    -8.005447e-05
721 region_rec_diffs(3,131)        0.29652948     -3     3    -0.0001256408
722 region_rec_diffs(3,132)        1.4620852     -3     3    0.00015301352
723 region_rec_diffs(3,133)        -1.0324566     -3     3    4.4907288e-05
724 region_rec_diffs(3,134)        -0.67300075     -3     3    3.1049028e-05
725 region_rec_diffs(3,135)        -0.7904917     -3     3    -2.2810221e-05
726 region_rec_diffs(3,136)        -1.2467609     -3     3    -5.8572614e-05
727 region_rec_diffs(3,137)        -0.66261155     -3     3    3.5657724e-05
728 region_rec_diffs(3,138)        -1.1297086     -3     3    -4.0524809e-05
729 region_rec_diffs(3,139)        -0.52382053     -3     3    -8.6299788e-06
730 region_rec_diffs(3,140)        -1.8564088     -3     3    -3.4512895e-05
731 region_rec_diffs(3,141)        -1.2232319     -3     3    -3.4050249e-05
732 region_rec_diffs(3,142)        -0.26659678     -3     3    -2.0983183e-05
733 region_rec_diffs(3,143)        0.87708461     -3     3    -0.00017124696
734 region_rec_diffs(3,144)        0.59069136     -3     3    3.9795989e-06
735 region_rec_diffs(3,145)        -0.39338603     -3     3    1.7285183e-05
736 region_rec_diffs(3,146)        1.2947607     -3     3    0.00010931841
737 region_rec_diffs(3,147)        0.73085839     -3     3    -5.4733422e-05
738 region_rec_diffs(3,148)        -1.3894012     -3     3    1.7672406e-05
739 region_rec_diffs(3,149)        -1.1475331     -3     3    4.4463125e-05
740 region_rec_diffs(3,150)        0.22657979     -3     3    -0.00010303244
741 region_rec_diffs(3,151)        0.73603063     -3     3    3.5816589e-05
742 region_rec_diffs(3,152)        -1.3439858     -3     3    3.8666209e-05
743 region_rec_diffs(3,153)        0.27617516     -3     3    -9.0049172e-06
744 region_rec_diffs(3,154)        1.3733536     -3     3    -4.4932186e-05
745 region_rec_diffs(3,155)        0.035257205     -3     3    6.5802766e-06
746 region_rec_diffs(3,156)        -1.6575596     -3     3    1.2928273e-05
747 region_rec_diffs(3,157)        -1.3234846     -3     3    1.2854446e-05
748 region_rec_diffs(3,158)        0.99715309     -3     3    -4.7526182e-05
749 region_rec_diffs(3,159)        1.562502     -3     3    0.00010840047
750 region_rec_diffs(3,160)        0.51861837     -3     3    5.4656265e-05
751 region_rec_diffs(3,161)        0.58862822     -3     3    0.00017774947
752 region_rec_diffs(3,162)        0.52066792     -3     3    0.00015376966
753 region_rec_diffs(3,163)        -2.2315842     -3     3    6.9730605e-06
754 region_rec_diffs(3,164)        -0.71420982     -3     3    -4.7268568e-05
755 region_rec_diffs(3,165)        1.4470651     -3     3    -0.00029953885
756 region_rec_diffs(3,166)        -0.65807163     -3     3    0.00011297516
757 region_rec_diffs(3,167)        0.82167421     -3     3    0.00054457483
758 region_rec_diffs(3,168)        -1.4983734     -3     3    4.6012175e-05
759 region_rec_diffs(3,169)        -0.37917651     -3     3    0.00018125617
760 region_rec_diffs(3,170)        0.36546967     -3     3    -8.3748549e-05
761 region_rec_diffs(3,171)        1.2949978     -3     3    0.00026433359
762 region_rec_diffs(3,172)        -0.12667933     -3     3    -6.1344303e-05
763 region_rec_diffs(3,173)        -0.77177357     -3     3    -0.00012934975
764 region_rec_diffs(3,174)        0.33932341     -3     3    0.0002265496
765 region_rec_diffs(3,175)        1.14829     -3     3    0.00019411116
766 region_rec_diffs(3,176)        0.30317358     -3     3    -4.2929212e-06
767 region_rec_diffs(3,177)        0.028510535     -3     3    0.00022073366
768 region_rec_diffs(3,178)        -0.0055452296     -3     3    -4.1293716e-05
769 region_rec_diffs(3,179)        -0.8761367     -3     3    -3.50285e-06
770 region_rec_diffs(3,180)        -2.1805428     -3     3    1.0027234e-05
771 region_rec_diffs(3,181)        -1.8791192     -3     3    -3.5555831e-05
772 region_rec_diffs(3,182)        -1.0126099     -3     3    -3.8820476e-05
773 region_rec_diffs(3,183)        0.27216578     -3     3    0.00016916695
774 region_rec_diffs(3,184)        0.9280693     -3     3    -0.00021039175
775 region_rec_diffs(3,185)        0.84975928     -3     3    -0.00022583944
776 region_rec_diffs(3,186)        0.040123387     -3     3    -3.1817135e-05
777 region_rec_diffs(3,187)        -1.7587064     -3     3    -3.4177138e-06
778 region_rec_diffs(3,188)        -2.448646     -3     3    -1.0407209e-05
779 region_rec_diffs(3,189)        -0.89496911     -3     3    -1.189506e-06
780 region_rec_diffs(3,190)        -0.61170151     -3     3    6.7845645e-05
781 region_rec_diffs(3,191)        -2.1746281     -3     3    1.0724244e-05
782 region_rec_diffs(3,192)        -0.2316556     -3     3    -4.290506e-05
783 region_rec_diffs(3,193)        -0.36765848     -3     3    -4.861393e-05
784 region_rec_diffs(3,194)        -0.58392765     -3     3    9.4068876e-05
785 region_rec_diffs(3,195)        -1.1765826     -3     3    0.00010665341
786 region_rec_diffs(3,196)        0.07358154     -3     3    2.5966597e-05
787 region_rec_diffs(3,197)        0.89593689     -3     3    2.48224e-06
788 region_rec_diffs(3,198)        -0.32445607     -3     3    1.8292257e-05
789 region_rec_diffs(3,199)        -0.85883075     -3     3    -1.862425e-05
790 region_rec_diffs(3,200)        -1.6626147     -3     3    2.8861346e-06
791 region_rec_diffs(3,201)        -1.7712774     -3     3    4.0357551e-05
792 region_rec_diffs(3,202)        0.30376649     -3     3    -8.2820701e-06
793 region_rec_diffs(3,203)        -0.11258829     -3     3    -0.00016000865
794 region_rec_diffs(3,204)        0.17950087     -3     3    -3.2461311e-05
795 region_rec_diffs(3,205)        1.1606005     -3     3    -0.00035681261
796 region_rec_diffs(3,206)        -0.53904526     -3     3    -9.8706755e-05
797 region_rec_diffs(3,207)        -0.054696852     -3     3    3.8074297e-05
798 region_rec_diffs(3,208)        -1.724299     -3     3    -0.00010823192
799 region_rec_diffs(3,209)        1.1592136     -3     3    -3.2127596e-05
800 region_rec_diffs(3,210)        0.36267953     -3     3    -0.00061311885
801 region_rec_diffs(3,211)        0.45777296     -3     3    -9.6058916e-05
802 region_rec_diffs(3,212)        -1.8375875     -3     3    -4.2084527e-06
803 region_rec_diffs(3,213)        0.81111891     -3     3    0.00028410197
804 region_rec_diffs(3,214)        -0.090433214     -3     3    0.00017075546
805 region_rec_diffs(3,215)        0.15413474     -3     3    -3.063064e-05
806 region_rec_diffs(3,216)        -1.781018     -3     3    7.5517907e-05
807 region_rec_diffs(3,217)        -0.31582443     -3     3    5.5060446e-05
808 region_rec_diffs(3,218)        -1.4937796     -3     3    -1.7669427e-05
809 region_rec_diffs(3,219)        -0.86525019     -3     3    8.0242677e-05
810 region_rec_diffs(3,220)        -0.80065554     -3     3    -1.8146554e-05
811 region_rec_diffs(3,221)        -0.52377026     -3     3    -0.00018144127
812 region_rec_diffs(3,222)        -1.0808994     -3     3    2.0591895e-05
813 region_rec_diffs(3,223)        -2.4230294     -3     3    -1.5346945e-05
814 region_rec_diffs(3,224)        0.20086049     -3     3    0.00011971558
815 region_rec_diffs(3,225)        0.82180051     -3     3    -0.00028811768
816 region_rec_diffs(3,226)        -0.82350814     -3     3    8.4834289e-06
817 region_rec_diffs(3,227)        -0.97008018     -3     3    -8.0874045e-06
818 region_rec_diffs(3,228)        0.26993549     -3     3    -0.00013670114
819 region_rec_diffs(3,229)        0.31294834     -3     3    -0.00029500527
820 region_rec_diffs(3,230)        0.87448311     -3     3    -0.00012405927
821 region_rec_diffs(3,231)        0.61507218     -3     3    -1.3358076e-05
822 region_rec_diffs(3,232)        -0.17613144     -3     3    6.7137522e-05
823 region_rec_diffs(3,233)        0.57995646     -3     3    7.303779e-05
824 region_rec_diffs(3,234)        1.0164254     -3     3    0.0001276403
825 region_rec_diffs(3,235)        0.88065071     -3     3    -2.6117907e-05
826 region_rec_diffs(3,236)        -0.36655898     -3     3    0.00013690776
827 region_rec_diffs(3,237)        -0.17621434     -3     3    -0.00017127514
828 region_rec_diffs(3,238)        -0.37264773     -3     3    -0.00021188653
829 region_rec_diffs(3,239)        0.14184648     -3     3    -8.5702271e-05
830 region_rec_diffs(3,240)        1.0512303     -3     3    0.00013071799
831 region_rec_diffs(3,241)        0.26980305     -3     3    2.6241478e-05
832 region_rec_diffs(3,242)        0.031103033     -3     3    0.00014243601
833 region_rec_diffs(3,243)        -0.74579684     -3     3    0.00032963204
834 region_rec_diffs(3,244)        -2.4875241     -3     3    -0.00014298213
835 region_rec_diffs(3,245)        0.56064696     -3     3    -9.0463149e-05
836 region_rec_diffs(3,246)        1.0053276     -3     3    0.00030571098
837 region_rec_diffs(3,247)        1.2406188     -3     3    0.00012401365
838 region_rec_diffs(3,248)        0.30674943     -3     3    -0.0001106667
839 region_rec_diffs(3,249)        0.94549755     -3     3    -2.5786705e-05
840 region_rec_diffs(3,250)        1.1168033     -3     3    -0.0001312466
841 region_rec_diffs(3,251)        1.2338467     -3     3    -5.3712217e-05
842 region_rec_diffs(3,252)        1.0474609     -3     3    -1.0422617e-05
843 region_rec_diffs(3,253)        0.57584984     -3     3    -2.2738028e-05
844 region_rec_diffs(3,254)        1.2942023     -3     3    -3.3549882e-05
845 region_rec_diffs(3,255)        0.78156129     -3     3    -1.288277e-05
846 region_rec_diffs(3,256)        0.41626646     -3     3    4.6432757e-05
847 region_rec_diffs(3,257)        0.21062155     -3     3    0.00011416968
848 region_rec_diffs(3,258)        0.7820765     -3     3    -0.00016514147
849 region_rec_diffs(3,259)        -2.4614104     -3     3    2.0798012e-06
850 region_rec_diffs(3,260)        -1.8269615     -3     3    -2.4777741e-05
851 region_rec_diffs(3,261)        1.0500193     -3     3    -5.2268334e-05
852 region_rec_diffs(3,262)        0.32780031     -3     3    -2.2246137e-05
853 region_rec_diffs(3,263)        0.62353102     -3     3    -3.6762926e-05
854 region_rec_diffs(3,264)        0.48251511     -3     3    0.00016102425
855 region_rec_diffs(3,265)        0.16424687     -3     3    -0.00017798034
856 region_rec_diffs(3,266)        1.0131689     -3     3    -0.00010500703
857 region_rec_diffs(3,267)        1.0424018     -3     3    -0.00012173527
858 region_rec_diffs(3,268)        1.172205     -3     3    -8.8871111e-05
859 region_rec_diffs(3,269)        0.74252608     -3     3    0.00018519829
860 region_rec_diffs(3,270)        1.3612866     -3     3    0.00029491041
861 region_rec_diffs(3,271)        0.4609742     -3     3    -0.00017384149
862 region_rec_diffs(3,272)        -0.25915644     -3     3    0.00011504383
863 region_rec_diffs(3,273)        -0.54003378     -3     3    4.1638365e-05
864 region_rec_diffs(3,274)        1.5059384     -3     3    -2.4592776e-05
865 region_rec_diffs(3,275)        -1.2684518     -3     3    9.9103584e-05
866 region_rec_diffs(3,276)        -1.3298797     -3     3    0.00011394607
867 region_rec_diffs(3,277)        0.89367798     -3     3    2.9858517e-05
868 region_rec_diffs(3,278)        0.9707129     -3     3    0.00018885611
869 region_rec_diffs(3,279)        -0.31949385     -3     3    1.9035852e-05
870 region_rec_diffs(4,1)        0     -3     3    8.0241181e-16
871 region_rec_diffs(4,2)        0.064996714     -3     3    -0.00020800387
872 region_rec_diffs(4,3)        0.03627061     -3     3    -5.8346805e-05
873 region_rec_diffs(4,4)        0.043905074     -3     3    5.5421095e-05
874 region_rec_diffs(4,5)        0.080102658     -3     3    0.00016904954
875 region_rec_diffs(4,6)        -0.14704593     -3     3    0.00018794056
876 region_rec_diffs(4,7)        0.078429041     -3     3    -2.0811042e-05
877 region_rec_diffs(4,8)        0.075295461     -3     3    9.1408587e-05
878 region_rec_diffs(4,9)        0.19661933     -3     3    4.904987e-05
879 region_rec_diffs(4,10)        0.050894258     -3     3    -4.109574e-05
880 region_rec_diffs(4,11)        0.064857415     -3     3    9.7525818e-05
881 region_rec_diffs(4,12)        0.047413411     -3     3    3.8797423e-05
882 region_rec_diffs(4,13)        0.42979357     -3     3    4.4181806e-05
883 region_rec_diffs(4,14)        1.0755767     -3     3    -2.0767847e-05
884 region_rec_diffs(4,15)        0.073095906     -3     3    -5.0001973e-06
885 region_rec_diffs(4,16)        0.10648219     -3     3    -2.3584982e-05
886 region_rec_diffs(4,17)        0.75211361     -3     3    0.00017626951
887 region_rec_diffs(4,18)        0.05585474     -3     3    -8.1978932e-05
888 region_rec_diffs(4,19)        0.089733132     -3     3    5.5282126e-05
889 region_rec_diffs(4,20)        0.16129327     -3     3    -8.4268626e-05
890 region_rec_diffs(4,21)        0.80829233     -3     3    -5.8651396e-05
891 region_rec_diffs(4,22)        -0.15046408     -3     3    4.9627868e-05
892 region_rec_diffs(4,23)        0.10719899     -3     3    -5.091277e-05
893 region_rec_diffs(4,24)        0.7129912     -3     3    9.5278347e-05
894 region_rec_diffs(4,25)        0.092468086     -3     3    -9.6719752e-05
895 region_rec_diffs(4,26)        -0.75144683     -3     3    -4.6923175e-05
896 region_rec_diffs(4,27)        -0.0083126234     -3     3    1.6892235e-08
897 region_rec_diffs(4,28)        0.93232053     -3     3    0.00011890601
898 region_rec_diffs(4,29)        0.35891097     -3     3    -0.00018836349
899 region_rec_diffs(4,30)        0.25571508     -3     3    4.963087e-05
900 region_rec_diffs(4,31)        0.077748304     -3     3    4.1224051e-05
901 region_rec_diffs(4,32)        0.19094393     -3     3    5.1067286e-05
902 region_rec_diffs(4,33)        0.52899552     -3     3    -6.2271709e-05
903 region_rec_diffs(4,34)        0.45501458     -3     3    -2.1857981e-05
904 region_rec_diffs(4,35)        0.023258249     -3     3    -1.3812683e-06
905 region_rec_diffs(4,36)        0.012058305     -3     3    -6.6223573e-05
906 region_rec_diffs(4,37)        0.66244874     -3     3    -0.00022689767
907 region_rec_diffs(4,38)        0.82542781     -3     3    -0.00015094522
908 region_rec_diffs(4,39)        0.11366154     -3     3    -7.1667157e-06
909 region_rec_diffs(4,40)        0.13660899     -3     3    -1.5218485e-06
910 region_rec_diffs(4,41)        0.29567039     -3     3    -0.00016596838
911 region_rec_diffs(4,42)        -0.30923886     -3     3    -0.00011796486
912 region_rec_diffs(4,43)        0.025397974     -3     3    6.9605257e-06
913 region_rec_diffs(4,44)        -0.015335061     -3     3    -7.8742703e-05
914 region_rec_diffs(4,45)        0.88936435     -3     3    0.00022542922
915 region_rec_diffs(4,46)        0.12798402     -3     3    -2.3174826e-05
916 region_rec_diffs(4,47)        0.27039252     -3     3    -4.8626768e-05
917 region_rec_diffs(4,48)        0.41393864     -3     3    -0.00019647187
918 region_rec_diffs(4,49)        0.28795956     -3     3    -0.00020637207
919 region_rec_diffs(4,50)        0.33877515     -3     3    -1.577627e-05
920 region_rec_diffs(4,51)        0.84865687     -3     3    3.4634163e-05
921 region_rec_diffs(4,52)        0.39431434     -3     3    -1.9034048e-05
922 region_rec_diffs(4,53)        0.51773672     -3     3    4.6099224e-05
923 region_rec_diffs(4,54)        1.3973226     -3     3    8.9426654e-05
924 region_rec_diffs(4,55)        0.49703795     -3     3    8.6798283e-05
925 region_rec_diffs(4,56)        1.3619174     -3     3    -6.4567401e-05
926 region_rec_diffs(4,57)        -0.070262241     -3     3    -3.8403985e-05
927 region_rec_diffs(4,58)        -0.62321274     -3     3    -2.7565683e-05
928 region_rec_diffs(4,59)        0.019400193     -3     3    -2.1275093e-05
929 region_rec_diffs(4,60)        1.4716898     -3     3    -2.8439753e-05
930 region_rec_diffs(4,61)        -0.16713825     -3     3    1.2403829e-05
931 region_rec_diffs(4,62)        0.21559103     -3     3    3.3069361e-05
932 region_rec_diffs(4,63)        0.11551607     -3     3    -4.9898605e-06
933 region_rec_diffs(4,64)        1.4471359     -3     3    -9.259284e-05
934 region_rec_diffs(4,65)        -0.50803824     -3     3    -7.0486373e-05
935 region_rec_diffs(4,66)        0.00067381335     -3     3    -2.779353e-05
936 region_rec_diffs(4,67)        -0.23616182     -3     3    -4.7650222e-05
937 region_rec_diffs(4,68)        -0.60302177     -3     3    -5.5418939e-05
938 region_rec_diffs(4,69)        -0.85087244     -3     3    -7.9836348e-05
939 region_rec_diffs(4,70)        0.68090222     -3     3    -2.8105928e-05
940 region_rec_diffs(4,71)        1.0798658     -3     3    -0.00012525815
941 region_rec_diffs(4,72)        0.34103788     -3     3    0.0001026658
942 region_rec_diffs(4,73)        -0.10037329     -3     3    -9.8832041e-05
943 region_rec_diffs(4,74)        0.39696195     -3     3    0.00010633452
944 region_rec_diffs(4,75)        1.8844738     -3     3    8.6994523e-05
945 region_rec_diffs(4,76)        0.13214588     -3     3    3.8408938e-05
946 region_rec_diffs(4,77)        -0.83096392     -3     3    -7.3476862e-05
947 region_rec_diffs(4,78)        -0.58108511     -3     3    -2.9219976e-05
948 region_rec_diffs(4,79)        -0.12627274     -3     3    -1.0771134e-05
949 region_rec_diffs(4,80)        -0.9156613     -3     3    8.0232244e-06
950 region_rec_diffs(4,81)        -0.20595059     -3     3    2.4773881e-05
951 region_rec_diffs(4,82)        -0.093314766     -3     3    -9.214106e-06
952 region_rec_diffs(4,83)        0.50665986     -3     3    6.6931271e-05
953 region_rec_diffs(4,84)        0.2342504     -3     3    -6.6802313e-05
954 region_rec_diffs(4,85)        0.40378499     -3     3    -0.00021509109
955 region_rec_diffs(4,86)        0.16933706     -3     3    1.2069978e-06
956 region_rec_diffs(4,87)        0.29487505     -3     3    2.9063888e-05
957 region_rec_diffs(4,88)        1.6206774     -3     3    -6.3055936e-05
958 region_rec_diffs(4,89)        -0.14880439     -3     3    -2.7485156e-05
959 region_rec_diffs(4,90)        0.1614176     -3     3    2.2182942e-05
960 region_rec_diffs(4,91)        -0.07126629     -3     3    -2.1320718e-05
961 region_rec_diffs(4,92)        -0.095503446     -3     3    1.3592724e-05
962 region_rec_diffs(4,93)        0.11248033     -3     3    5.5978e-06
963 region_rec_diffs(4,94)        -0.53856083     -3     3    -1.9259547e-05
964 region_rec_diffs(4,95)        0.62035952     -3     3    9.3482345e-05
965 region_rec_diffs(4,96)        1.6500606     -3     3    0.00037403544
966 region_rec_diffs(4,97)        0.2094581     -3     3    9.4550357e-05
967 region_rec_diffs(4,98)        -0.051257487     -3     3    3.743651e-05
968 region_rec_diffs(4,99)        0.29925772     -3     3    -2.2496885e-05
969 region_rec_diffs(4,100)        0.23668349     -3     3    9.4779467e-05
970 region_rec_diffs(4,101)        0.47514389     -3     3    4.1055954e-05
971 region_rec_diffs(4,102)        0.10204542     -3     3    -1.8005886e-05
972 region_rec_diffs(4,103)        0.17631889     -3     3    -3.1464545e-05
973 region_rec_diffs(4,104)        0.62061153     -3     3    -5.8352595e-05
974 region_rec_diffs(4,105)        0.085740112     -3     3    5.6454059e-06
975 region_rec_diffs(4,106)        0.025696868     -3     3    -3.8133062e-06
976 region_rec_diffs(4,107)        0.0028265385     -3     3    0.00010453101
977 region_rec_diffs(4,108)        -0.52789387     -3     3    6.7380517e-06
978 region_rec_diffs(4,109)        0.20952985     -3     3    3.9684173e-05
979 region_rec_diffs(4,110)        0.053317626     -3     3    -3.0151685e-06
980 region_rec_diffs(4,111)        0.0016351378     -3     3    3.8573557e-06
981 region_rec_diffs(4,112)        -0.82571688     -3     3    -2.905378e-05
982 region_rec_diffs(4,113)        0.60286356     -3     3    -0.00015467214
983 region_rec_diffs(4,114)        0.1707865     -3     3    -2.121742e-06
984 region_rec_diffs(4,115)        0.49584067     -3     3    6.3784495e-05
985 region_rec_diffs(4,116)        0.12906127     -3     3    0.00014393647
986 region_rec_diffs(4,117)        -0.013142564     -3     3    7.9457532e-05
987 region_rec_diffs(4,118)        0.8030651     -3     3    9.7011363e-05
988 region_rec_diffs(4,119)        1.086649     -3     3    -8.8236742e-05
989 region_rec_diffs(4,120)        -0.37365849     -3     3    -7.5200979e-05
990 region_rec_diffs(4,121)        0.23833294     -3     3    -0.00012147069
991 region_rec_diffs(4,122)        0.56949997     -3     3    0.00012697499
992 region_rec_diffs(4,123)        0.34100636     -3     3    3.6030655e-05
993 region_rec_diffs(4,124)        0.04484904     -3     3    0.00010204455
994 region_rec_diffs(4,125)        1.1514403     -3     3    0.0001661731
995 region_rec_diffs(4,126)        0.44603671     -3     3    -4.6384469e-05
996 region_rec_diffs(4,127)        -0.49949515     -3     3    3.0293016e-05
997 region_rec_diffs(4,128)        -0.83340373     -3     3    1.6602709e-05
998 region_rec_diffs(4,129)        0.86234413     -3     3    0.00015244421
999 region_rec_diffs(4,130)        0.68972715     -3     3    -0.00016609184
1000 region_rec_diffs(4,131)        0.15089557     -3     3    -6.652937e-05
1001 region_rec_diffs(4,132)        -0.6361835     -3     3    7.2922864e-05
1002 region_rec_diffs(4,133)        -0.48299553     -3     3    0.00016031582
1003 region_rec_diffs(4,134)        0.31286111     -3     3    0.00010363408
1004 region_rec_diffs(4,135)        -0.21895808     -3     3    3.1856154e-05
1005 region_rec_diffs(4,136)        -0.68025408     -3     3    -3.177831e-05
1006 region_rec_diffs(4,137)        0.77835491     -3     3    8.0253947e-05
1007 region_rec_diffs(4,138)        1.7925051     -3     3    -0.00016627091
1008 region_rec_diffs(4,139)        -0.36938195     -3     3    -9.3550432e-06
1009 region_rec_diffs(4,140)        -2.1061362     -3     3    2.1208934e-05
1010 region_rec_diffs(4,141)        -1.2181481     -3     3    4.3740579e-05
1011 region_rec_diffs(4,142)        -0.15914129     -3     3    -2.9405242e-06
1012 region_rec_diffs(4,143)        -0.37818923     -3     3    9.4426901e-08
1013 region_rec_diffs(4,144)        -0.79146414     -3     3    6.9494406e-05
1014 region_rec_diffs(4,145)        -0.35562343     -3     3    -4.0479507e-05
1015 region_rec_diffs(4,146)        0.06141558     -3     3    -1.9740388e-05
1016 region_rec_diffs(4,147)        1.3183191     -3     3    -0.00014832471
1017 region_rec_diffs(4,148)        0.74145597     -3     3    0.00016359927
1018 region_rec_diffs(4,149)        -0.52077994     -3     3    -6.2736341e-06
1019 region_rec_diffs(4,150)        -0.055613772     -3     3    -3.6099792e-05
1020 region_rec_diffs(4,151)        -0.34250034     -3     3    -3.1195421e-05
1021 region_rec_diffs(4,152)        -0.31323912     -3     3    -7.5978188e-05
1022 region_rec_diffs(4,153)        -0.43601243     -3     3    -4.5255992e-05
1023 region_rec_diffs(4,154)        -0.18290054     -3     3    1.055642e-05
1024 region_rec_diffs(4,155)        0.65159737     -3     3    -7.7646876e-05
1025 region_rec_diffs(4,156)        -0.014420641     -3     3    2.0808523e-05
1026 region_rec_diffs(4,157)        -0.25030876     -3     3    -1.4240952e-05
1027 region_rec_diffs(4,158)        0.056624966     -3     3    2.7680802e-05
1028 region_rec_diffs(4,159)        -0.40554158     -3     3    4.9347522e-05
1029 region_rec_diffs(4,160)        -0.75564366     -3     3    0.00016314917
1030 region_rec_diffs(4,161)        -0.29908161     -3     3    0.00015000062
1031 region_rec_diffs(4,162)        0.47135432     -3     3    5.7993085e-05
1032 region_rec_diffs(4,163)        1.0648757     -3     3    9.1136333e-05
1033 region_rec_diffs(4,164)        -0.53778987     -3     3    -2.0334092e-06
1034 region_rec_diffs(4,165)        -0.71842114     -3     3    -6.7759094e-05
1035 region_rec_diffs(4,166)        -0.44915504     -3     3    -3.3732223e-05
1036 region_rec_diffs(4,167)        -0.25231059     -3     3    -1.446196e-05
1037 region_rec_diffs(4,168)        1.4820299     -3     3    0.00020750187
1038 region_rec_diffs(4,169)        0.32123523     -3     3    0.00011166607
1039 region_rec_diffs(4,170)        -0.16787205     -3     3    -0.00033450022
1040 region_rec_diffs(4,171)        -0.012895613     -3     3    1.2680037e-05
1041 region_rec_diffs(4,172)        1.3227549     -3     3    0.00016328733
1042 region_rec_diffs(4,173)        0.94052418     -3     3    -0.00012374775
1043 region_rec_diffs(4,174)        0.080869262     -3     3    0.00012915875
1044 region_rec_diffs(4,175)        -0.58574417     -3     3    0.00013881841
1045 region_rec_diffs(4,176)        -1.7751192     -3     3    2.0349705e-05
1046 region_rec_diffs(4,177)        -2.4103782     -3     3    6.8188761e-05
1047 region_rec_diffs(4,178)        -1.9096042     -3     3    4.7223102e-05
1048 region_rec_diffs(4,179)        0.63491671     -3     3    0.00053019014
1049 region_rec_diffs(4,180)        0.56495865     -3     3    5.8500352e-05
1050 region_rec_diffs(4,181)        -0.79319939     -3     3    -5.0797504e-06
1051 region_rec_diffs(4,182)        -0.56054512     -3     3    1.9983954e-05
1052 region_rec_diffs(4,183)        -1.0381695     -3     3    -1.6414792e-05
1053 region_rec_diffs(4,184)        -1.6164591     -3     3    -4.4058465e-05
1054 region_rec_diffs(4,185)        -2.1189183     -3     3    -6.448379e-05
1055 region_rec_diffs(4,186)        -1.1714141     -3     3    -0.0001741056
1056 region_rec_diffs(4,187)        1.481714     -3     3    -0.00022639539
1057 region_rec_diffs(4,188)        -2.2731702     -3     3    2.4020879e-05
1058 region_rec_diffs(4,189)        -2.2302059     -3     3    4.7431407e-05
1059 region_rec_diffs(4,190)        -1.9043778     -3     3    9.0058959e-06
1060 region_rec_diffs(4,191)        -1.5455668     -3     3    -5.4644283e-05
1061 region_rec_diffs(4,192)        -0.017874504     -3     3    -0.00030792713
1062 region_rec_diffs(4,193)        -0.87396331     -3     3    7.9901366e-05
1063 region_rec_diffs(4,194)        -1.2355172     -3     3    3.0949933e-05
1064 region_rec_diffs(4,195)        1.034795     -3     3    -8.6335965e-05
1065 region_rec_diffs(4,196)        -0.16477407     -3     3    0.00019620987
1066 region_rec_diffs(4,197)        -1.0299052     -3     3    1.7734195e-05
1067 region_rec_diffs(4,198)        -1.4217873     -3     3    2.4597093e-05
1068 region_rec_diffs(4,199)        1.1913342     -3     3    0.00025850681
1069 region_rec_diffs(4,200)        0.3537855     -3     3    4.1145511e-05
1070 region_rec_diffs(4,201)        -1.6651972     -3     3    9.6470612e-06
1071 region_rec_diffs(4,202)        -1.0666428     -3     3    -2.5856538e-05
1072 region_rec_diffs(4,203)        0.51063447     -3     3    0.00019523874
1073 region_rec_diffs(4,204)        1.2854012     -3     3    0.00035942318
1074 region_rec_diffs(4,205)        -0.77531839     -3     3    -1.991245e-05
1075 region_rec_diffs(4,206)        -2.0054852     -3     3    1.9434113e-05
1076 region_rec_diffs(4,207)        -2.127896     -3     3    1.1219529e-05
1077 region_rec_diffs(4,208)        -2.8428475     -3     3    -1.3285302e-05
1078 region_rec_diffs(4,209)        -2.0928235     -3     3    1.5558876e-05
1079 region_rec_diffs(4,210)        -2.5781382     -3     3    1.2248414e-05
1080 region_rec_diffs(4,211)        0.83807431     -3     3    -0.00023808714
1081 region_rec_diffs(4,212)        1.6563852     -3     3    9.3018689e-08
1082 region_rec_diffs(4,213)        0.44660783     -3     3    -8.8600485e-06
1083 region_rec_diffs(4,214)        -0.5600204     -3     3    1.1016084e-06
1084 region_rec_diffs(4,215)        0.68004215     -3     3    -0.00022509069
1085 region_rec_diffs(4,216)        -0.34114069     -3     3    -3.3441892e-05
1086 region_rec_diffs(4,217)        0.1998444     -3     3    2.4273762e-05
1087 region_rec_diffs(4,218)        0.90474257     -3     3    -0.00024273712
1088 region_rec_diffs(4,219)        0.60365099     -3     3    -4.0527782e-05
1089 region_rec_diffs(4,220)        -0.85105348     -3     3    -8.0241215e-05
1090 region_rec_diffs(4,221)        -1.0605698     -3     3    -3.0272265e-05
1091 region_rec_diffs(4,222)        -1.6680162     -3     3    -1.4040744e-05
1092 region_rec_diffs(4,223)        0.89528054     -3     3    0.00024514537
1093 region_rec_diffs(4,224)        -0.0063608458     -3     3    5.4775006e-05
1094 region_rec_diffs(4,225)        -0.26340449     -3     3    -7.3929362e-05
1095 region_rec_diffs(4,226)        -0.97863295     -3     3    -0.00015377528
1096 region_rec_diffs(4,227)        -0.037408547     -3     3    -8.5258622e-06
1097 region_rec_diffs(4,228)        -0.60808137     -3     3    7.9035693e-05
1098 region_rec_diffs(4,229)        -0.30328998     -3     3    0.00029226212
1099 region_rec_diffs(4,230)        0.4379472     -3     3    0.00018382022
1100 region_rec_diffs(4,231)        0.18677519     -3     3    -0.00016782265
1101 region_rec_diffs(4,232)        0.79910049     -3     3    -0.00023574795
1102 region_rec_diffs(4,233)        0.016939084     -3     3    0.00031491692
1103 region_rec_diffs(4,234)        -0.4618828     -3     3    0.00022494513
1104 region_rec_diffs(4,235)        -0.64939766     -3     3    -0.0002071265
1105 region_rec_diffs(4,236)        -1.2598966     -3     3    1.20975e-05
1106 region_rec_diffs(4,237)        0.90594368     -3     3    -0.00028329566
1107 region_rec_diffs(4,238)        0.30468966     -3     3    6.551276e-05
1108 region_rec_diffs(4,239)        0.016139661     -3     3    1.5641468e-05
1109 region_rec_diffs(4,240)        0.0017052668     -3     3    -5.5889904e-06
1110 region_rec_diffs(4,241)        -1.0104702     -3     3    0.00013217743
1111 region_rec_diffs(4,242)        -0.53931585     -3     3    0.00015235209
1112 region_rec_diffs(4,243)        0.05999913     -3     3    7.8369613e-05
1113 region_rec_diffs(4,244)        0.82158273     -3     3    -9.1151798e-05
1114 region_rec_diffs(4,245)        0.67718053     -3     3    5.2952235e-05
1115 region_rec_diffs(4,246)        -0.45841704     -3     3    0.00011523347
1116 region_rec_diffs(4,247)        -1.1860937     -3     3    1.066463e-06
1117 region_rec_diffs(4,248)        0.3132289     -3     3    -0.00016764857
1118 region_rec_diffs(4,249)        0.51937955     -3     3    -0.00010519974
1119 region_rec_diffs(4,250)        -0.84005876     -3     3    -1.806204e-05
1120 region_rec_diffs(4,251)        -1.0193311     -3     3    -0.00019033187
1121 region_rec_diffs(4,252)        -2.2069265     -3     3    1.9743318e-05
1122 region_rec_diffs(4,253)        -1.431056     -3     3    9.0179044e-05
1123 region_rec_diffs(4,254)        -0.66624159     -3     3    -5.8837618e-06
1124 region_rec_diffs(4,255)        0.33196709     -3     3    9.9326853e-06
1125 region_rec_diffs(4,256)        -1.5175024     -3     3    2.8225998e-05
1126 region_rec_diffs(4,257)        -1.2100225     -3     3    6.070182e-06
1127 region_rec_diffs(4,258)        -0.5265638     -3     3    -7.4651462e-05
1128 region_rec_diffs(4,259)        -1.0089895     -3     3    -2.8991537e-05
1129 region_rec_diffs(4,260)        -0.34927789     -3     3    1.7031213e-05
1130 region_rec_diffs(4,261)        -1.5036547     -3     3    1.6154078e-05
1131 region_rec_diffs(4,262)        -2.4110451     -3     3    -1.7506548e-05
1132 region_rec_diffs(4,263)        -2.2187674     -3     3    1.2568975e-05
1133 region_rec_diffs(4,264)        0.83574763     -3     3    -8.110133e-05
1134 region_rec_diffs(4,265)        -0.16637046     -3     3    -0.00011255463
1135 region_rec_diffs(4,266)        -1.5419095     -3     3    -3.7835874e-05
1136 region_rec_diffs(4,267)        -1.430873     -3     3    3.7969375e-05
1137 region_rec_diffs(4,268)        -1.1782068     -3     3    0.00010295579
1138 region_rec_diffs(4,269)        -1.7170769     -3     3    -7.6988888e-05
1139 region_rec_diffs(4,270)        -0.7079656     -3     3    4.4269874e-05
1140 region_rec_diffs(4,271)        1.3816463     -3     3    -0.00021338116
1141 region_rec_diffs(4,272)        -0.77770428     -3     3    -0.00013145399
1142 region_rec_diffs(4,273)        -1.0416301     -3     3    4.450461e-05
1143 region_rec_diffs(4,274)        -1.7083805     -3     3    8.9615437e-05
1144 region_rec_diffs(4,275)        -0.78790673     -3     3    -8.0501226e-05
1145 region_rec_diffs(4,276)        -0.39000625     -3     3    6.7478875e-05
1146 region_rec_diffs(4,277)        0.066668991     -3     3    3.0571487e-05
1147 region_rec_diffs(4,278)        0.011191855     -3     3    2.5636051e-05
1148 region_rec_diffs(4,279)        -0.088106829     -3     3    1.3628024e-05
1149 bs_selcoff_gp:1(1,1,1,1)        -9.0675174     -20     7    -4.0277121e-05
1150 bs_selcoff_gp:1(1,1,1,2)        -4.1370278     -20     7    4.5834394e-06
1151 bs_selcoff_gp:1(1,1,1,3)        0.31368888     -20     7    -0.00012079857
1152 bs_selcoff_gp:1(1,1,1,4)        0.86682973     -20     7    2.3377811e-05
1153 bs_selcoff_gp:1(1,1,1,5)        0.21194673     -20     7    3.4771991e-05
1154 bs_selcoff_gp:2(2,1,1,1)        -5.9061759     -20     7    4.6591446e-05
1155 bs_selcoff_gp:2(2,1,1,2)        -2.2083579     -20     7    -1.1905683e-05
1156 bs_selcoff_gp:2(2,1,1,3)        0.28551744     -20     7    -0.00010090829
1157 bs_selcoff_gp:2(2,1,1,4)        0.72048853     -20     7    0.00013153279
1158 bs_selcoff_gp:2(2,1,1,5)        0.40650002     -20     7    0.00025839744
1159 bs_selcoff_gp:3(3,1,1,1)        -5.1384241     -20     7    -5.5199611e-05
1160 bs_selcoff_gp:3(3,1,1,2)        -4.8705628     -20     7    0.00019551586
1161 bs_selcoff_gp:3(3,1,1,3)        0.061345616     -20     7    3.6559874e-05
1162 bs_selcoff_gp:3(3,1,1,4)        0.87339066     -20     7    5.2673505e-05
1163 bs_selcoff_gp:3(3,1,1,5)        0.42409442     -20     7    -2.2254642e-05
1164 bs_selcoff_gp:4(4,1,1,1)        -8.3907373     -20     7    8.7558271e-06
1165 bs_selcoff_gp:4(4,1,1,2)        -2.4317641     -20     7    1.0106331e-05
1166 bs_selcoff_gp:4(4,1,1,3)        0.13084282     -20     7    -0.00033652366
1167 bs_selcoff_gp:4(4,1,1,4)        1.0764288     -20     7    0.00018100829
1168 bs_selcoff_gp:4(4,1,1,5)        -0.17680527     -20     7    0.00029924492
1169 bs_selcoff_gp:5(5,1,1,1)        -10.470183     -20     7    -0.00010010897
1170 bs_selcoff_gp:5(5,1,1,2)        -3.4607466     -20     7    -1.4163931e-05
1171 bs_selcoff_gp:5(5,1,1,3)        0.076253658     -20     7    -0.00021292544
1172 bs_selcoff_gp:5(5,1,1,4)        1.0050747     -20     7    6.3181499e-05
1173 bs_selcoff_gp:5(5,1,1,5)        0.14599557     -20     7    5.2531083e-05
1174 bs_selcoff_gp:6(6,1,1,1)        -6.1749224     -20     7    -3.5232917e-06
1175 bs_selcoff_gp:6(6,1,1,2)        -2.2957455     -20     7    1.2464451e-05
1176 bs_selcoff_gp:6(6,1,1,3)        0.3286846     -20     7    0.000297051
1177 bs_selcoff_gp:6(6,1,1,4)        0.8144827     -20     7    -0.00013042371
1178 bs_selcoff_gp:6(6,1,1,5)        0.22321207     -20     7    -0.00017332211
1179 bs_selcoff_gp:7(7,1,1,1)        -7.5905075     -20     7    3.0797428e-05
1180 bs_selcoff_gp:7(7,1,1,2)        -2.9663353     -20     7    -2.0976539e-05
1181 bs_selcoff_gp:7(7,1,1,3)        0.13468811     -20     7    -0.00015074222
1182 bs_selcoff_gp:7(7,1,1,4)        0.92064538     -20     7    8.4072803e-05
1183 bs_selcoff_gp:7(7,1,1,5)        0.25689525     -20     7    7.9697692e-06
1184 bs_selcoff_gp:8(8,1,1,1)        -13.786144     -20     7    -1.6271683e-05
1185 bs_selcoff_gp:8(8,1,1,2)        -5.1336624     -20     7    -0.00010719484
1186 bs_selcoff_gp:8(8,1,1,3)        -1.1353294     -20     7    -2.718872e-05
1187 bs_selcoff_gp:8(8,1,1,4)        1.2934281     -20     7    3.1354061e-05
1188 bs_selcoff_gp:8(8,1,1,5)        0.027125288     -20     7    -0.00011859322
1189 bs_selcoff_gp:9(9,1,1,1)        -12.165952     -20     7    5.6185812e-05
1190 bs_selcoff_gp:9(9,1,1,2)        -7.9339064     -20     7    9.0843665e-05
1191 bs_selcoff_gp:9(9,1,1,3)        -2.491741     -20     7    -0.00020949131
1192 bs_selcoff_gp:9(9,1,1,4)        0.75834458     -20     7    -1.6510898e-05
1193 bs_selcoff_gp:9(9,1,1,5)        1.0232125     -20     7    -2.1899263e-05
1194 bs_selcoff_gp:10(10,1,1,1)        -8.0302041     -20     7    4.8564844e-05
1195 bs_selcoff_gp:10(10,1,1,2)        -1.6183862     -20     7    4.3269856e-05
1196 bs_selcoff_gp:10(10,1,1,3)        0.12877754     -20     7    9.2728004e-05
1197 bs_selcoff_gp:10(10,1,1,4)        0.89292195     -20     7    -7.2052629e-05
1198 bs_selcoff_gp:10(10,1,1,5)        0.20030252     -20     7    -3.7424032e-05
1199 bs_selcoff_gp:11(11,1,1,1)        -5.6357936     -20     7    -2.5054308e-05
1200 bs_selcoff_gp:11(11,1,1,2)        -5.1486192     -20     7    -0.00016527121
1201 bs_selcoff_gp:11(11,1,1,3)        -0.08433317     -20     7    0.00032424678
1202 bs_selcoff_gp:11(11,1,1,4)        1.270337     -20     7    1.7533684e-06
1203 bs_selcoff_gp:11(11,1,1,5)        -0.6744825     -20     7    -0.00036992081
1204 bs_selcoff_gp:12(12,1,1,1)        -7.0678817     -20     7    -1.5421075e-05
1205 bs_selcoff_gp:12(12,1,1,2)        -5.1541218     -20     7    6.9109267e-05
1206 bs_selcoff_gp:12(12,1,1,3)        -0.25430458     -20     7    -0.00012746238
1207 bs_selcoff_gp:12(12,1,1,4)        1.095825     -20     7    -1.5649912e-05
1208 bs_selcoff_gp:12(12,1,1,5)        0.20397327     -20     7    6.7784506e-05
1209 bs_selcoff_gp:13(13,1,1,1)        -2.1861462     -20     7    -7.5625491e-05
1210 bs_selcoff_gp:13(13,1,1,2)        1.5381427     -20     7    7.0698207e-06
1211 bs_selcoff_gp:13(13,1,1,3)        -1.5368223     -20     7    0.00014417828
1212 bs_selcoff_gp:13(13,1,1,4)        -4.061028     -20     7    0.00024831607
1213 bs_selcoff_gp:13(13,1,1,5)        -19.999906     -20     7    3.5323737e-05   *************
1214 bs_selcoff_gp:14(14,1,1,1)        -1.634968     -20     7    0.00032498041
1215 bs_selcoff_gp:14(14,1,1,2)        1.4022185     -20     7    1.092523e-05
1216 bs_selcoff_gp:14(14,1,1,3)        -0.5910538     -20     7    0.00015974438
1217 bs_selcoff_gp:14(14,1,1,4)        -1.6910598     -20     7    0.00032172805
1218 bs_selcoff_gp:14(14,1,1,5)        -5.8602536     -20     7    -0.0001805368
1219 bs_selcoff_gp:15(15,1,1,1)        -2.1377338     -20     7    -0.00027510099
1220 bs_selcoff_gp:15(15,1,1,2)        1.49448     -20     7    1.4063039e-05
1221 bs_selcoff_gp:15(15,1,1,3)        -0.91472333     -20     7    -0.00027081867
1222 bs_selcoff_gp:15(15,1,1,4)        -3.6598695     -20     7    3.985589e-05
1223 bs_selcoff_gp:15(15,1,1,5)        -19.990521     -20     7    0.00043408901   *************
1224 bs_selcoff_gp:16(16,1,1,1)        -2.820819     -20     7    -0.00020997638
1225 bs_selcoff_gp:16(16,1,1,2)        1.2792984     -20     7    0.0001075665
1226 bs_selcoff_gp:16(16,1,1,3)        0.010529695     -20     7    -5.5214968e-05
1227 bs_selcoff_gp:16(16,1,1,4)        -1.1214633     -20     7    -0.00016510451
1228 bs_selcoff_gp:16(16,1,1,5)        -4.6131186     -20     7    4.5266563e-05
1229 bs_selcoff_gp:17(17,1,1,1)        -0.77448766     -20     7    -0.0001119692
1230 bs_selcoff_gp:17(17,1,1,2)        1.0826138     -20     7    -0.00010814556
1231 bs_selcoff_gp:17(17,1,1,3)        0.45628689     -20     7    4.0003171e-05
1232 bs_selcoff_gp:17(17,1,1,4)        -4.7528629     -20     7    0.00038807426
1233 bs_selcoff_gp:17(17,1,1,5)        -19.954848     -20     7    9.3407327e-05
1234 bs_selcoff_gp:18(18,1,1,1)        -2.8824952     -20     7    -0.00020435095
1235 bs_selcoff_gp:18(18,1,1,2)        1.4108769     -20     7    -2.3002875e-06
1236 bs_selcoff_gp:18(18,1,1,3)        -0.71574525     -20     7    -5.9639568e-05
1237 bs_selcoff_gp:18(18,1,1,4)        -1.0812635     -20     7    0.00010014793
1238 bs_selcoff_gp:18(18,1,1,5)        -4.1078063     -20     7    1.7273969e-05
1239 bs_selcoff_gp:19(19,1,1,1)        0.1402188     -20     7    0.00024372468
1240 bs_selcoff_gp:19(19,1,1,2)        1.0011405     -20     7    9.192058e-05
1241 bs_selcoff_gp:19(19,1,1,3)        -0.31619595     -20     7    -0.00010237548
1242 bs_selcoff_gp:19(19,1,1,4)        -0.9229955     -20     7    -0.00011864307
1243 bs_selcoff_gp:19(19,1,1,5)        -6.2828951     -20     7    3.1765505e-05
1244 bs_selcoff_gp:20(20,1,1,1)        -2.4547035     -20     7    5.2484392e-05
1245 bs_selcoff_gp:20(20,1,1,2)        -0.78716861     -20     7    -0.000135478
1246 bs_selcoff_gp:20(20,1,1,3)        -0.45808096     -20     7    -0.00010161849
1247 bs_selcoff_gp:20(20,1,1,4)        0.013038092     -20     7    -0.00010521723
1248 bs_selcoff_gp:20(20,1,1,5)        1.034369     -20     7    6.4900698e-05
1249 bs_selcoff_gp:21(21,1,1,1)        -2.2431443     -20     7    -7.0633515e-05
1250 bs_selcoff_gp:21(21,1,1,2)        1.4512809     -20     7    -4.9572713e-06
1251 bs_selcoff_gp:21(21,1,1,3)        -0.52542885     -20     7    0.00027419844
1252 bs_selcoff_gp:21(21,1,1,4)        -3.3795181     -20     7    0.00021416816
1253 bs_selcoff_gp:21(21,1,1,5)        -11.822108     -20     7    0.000181082
1254 bs_selcoff_gp:22(22,1,1,1)        -4.4608499     -20     7    0.00019151417
1255 bs_selcoff_gp:22(22,1,1,2)        1.1565958     -20     7    2.1561113e-05
1256 bs_selcoff_gp:22(22,1,1,3)        0.44189673     -20     7    -9.3133019e-06
1257 bs_selcoff_gp:22(22,1,1,4)        -1.3724334     -20     7    0.00012968542
1258 bs_selcoff_gp:22(22,1,1,5)        -8.3615961     -20     7    -0.00015129701
1259 bs_selcoff_gp:23(23,1,1,1)        -5.1978381     -20     7    -5.2971331e-05
1260 bs_selcoff_gp:23(23,1,1,2)        -0.00060845286     -20     7    2.1164546e-07
1261 bs_selcoff_gp:23(23,1,1,3)        1.3843684     -20     7    1.1826242e-05
1262 bs_selcoff_gp:23(23,1,1,4)        -5.8763262     -20     7    0.00012982452
1263 bs_selcoff_gp:23(23,1,1,5)        -12.987425     -20     7    0.00015072241
1264 bs_selcoff_gp:24(24,1,1,1)        -7.8911648     -20     7    0.00011484801
1265 bs_selcoff_gp:24(24,1,1,2)        -0.87145753     -20     7    8.3832275e-06
1266 bs_selcoff_gp:24(24,1,1,3)        1.4980121     -20     7    -3.7770544e-05
1267 bs_selcoff_gp:24(24,1,1,4)        -2.2210265     -20     7    -2.6048407e-05
1268 bs_selcoff_gp:24(24,1,1,5)        -12.251234     -20     7    5.635157e-06
1269 bs_selcoff_gp:25(25,1,1,1)        -2.456453     -20     7    3.8859781e-05
1270 bs_selcoff_gp:25(25,1,1,2)        1.1983139     -20     7    -0.00010299758
1271 bs_selcoff_gp:25(25,1,1,3)        0.46924617     -20     7    0.00016546925
1272 bs_selcoff_gp:25(25,1,1,4)        -6.9216357     -20     7    0.00016691999
1273 bs_selcoff_gp:25(25,1,1,5)        -13.112101     -20     7    4.6977931e-05
1274 bs_selcoff_gp:26(26,1,1,1)        -1.2142659     -20     7    -0.00012407415
1275 bs_selcoff_gp:26(26,1,1,2)        1.3685508     -20     7    2.3408989e-05
1276 bs_selcoff_gp:26(26,1,1,3)        -0.61211633     -20     7    0.00015203584
1277 bs_selcoff_gp:26(26,1,1,4)        -1.4683398     -20     7    4.4054879e-05
1278 bs_selcoff_gp:26(26,1,1,5)        -6.9887351     -20     7    -1.1656924e-05
1279 bs_selcoff_gp:27(27,1,1,1)        -2.4349738     -20     7    1.5142805e-05
1280 bs_selcoff_gp:27(27,1,1,2)        1.3374847     -20     7    3.4886859e-06
1281 bs_selcoff_gp:27(27,1,1,3)        0.054848555     -20     7    9.9399916e-05
1282 bs_selcoff_gp:27(27,1,1,4)        -3.0805913     -20     7    1.3094466e-05
1283 bs_selcoff_gp:27(27,1,1,5)        -7.3315069     -20     7    -5.2301899e-06
1284 bs_selcoff_gp:28(28,1,1,1)        -4.6528515     -20     7    -0.00023474886
1285 bs_selcoff_gp:28(28,1,1,2)        1.5616666     -20     7    -0.00010627965
1286 bs_selcoff_gp:28(28,1,1,3)        -3.5109663     -20     7    2.3351223e-05
1287 bs_selcoff_gp:28(28,1,1,4)        -1.6369118     -20     7    -3.5832302e-05
1288 bs_selcoff_gp:28(28,1,1,5)        -19.995719     -20     7    0.00016795732   *************
1289 bs_selcoff_gp:29(29,1,1,1)        -19.99607     -20     7    0.00015581093   *************
1290 bs_selcoff_gp:29(29,1,1,2)        -6.6990666     -20     7    3.3757996e-05
1291 bs_selcoff_gp:29(29,1,1,3)        -0.13532181     -20     7    -6.4288435e-05
1292 bs_selcoff_gp:29(29,1,1,4)        1.0307494     -20     7    1.6722096e-06
1293 bs_selcoff_gp:29(29,1,1,5)        0.27941584     -20     7    1.5533628e-05
1294 recr(2)        1.098206     -20     20    -0.00023580245
1295 recr(3)        1.1779345     -20     20    -0.00019530966
1296 recr(4)        1.1208724     -20     20    0.00014438685
1297 recr(5)        1.0911788     -20     20    0.00014091239
1298 recr(6)        1.3338724     -20     20    -0.00012334915
1299 recr(7)        -1.2437379     -20     20    -0.00029959529
1300 recr(8)        -1.3380605     -20     20    -0.00023942418
1301 recr(9)        0.35782309     -20     20    -0.00052731303
1302 recr(10)        2.3497836     -20     20    -7.429891e-05
1303 recr(11)        -1.6141559     -20     20    -0.00016694115
1304 recr(12)        -1.610225     -20     20    8.0707948e-05
1305 recr(13)        2.236789     -20     20    0.00031169733
1306 recr(14)        1.641916     -20     20    -5.0848258e-05
1307 recr(15)        -1.7333757     -20     20    -6.12628e-05
1308 recr(16)        -1.6294945     -20     20    2.7651364e-05
1309 recr(17)        0.68424332     -20     20    0.00014020155
1310 recr(18)        1.6742266     -20     20    6.7516519e-05
1311 recr(19)        -1.4423208     -20     20    -0.0001112682
1312 recr(20)        -0.50811212     -20     20    7.4670606e-06
1313 recr(21)        0.75242648     -20     20    -4.5968664e-05
1314 recr(22)        1.1716935     -20     20    -0.0001654251
1315 recr(23)        -1.3588212     -20     20    -7.3132678e-05
1316 recr(24)        0.10532953     -20     20    -8.0343264e-05
1317 recr(25)        0.36746992     -20     20    -0.00011423871
1318 recr(26)        1.3814501     -20     20    -6.7162472e-05
1319 recr(27)        -1.4986407     -20     20    -2.0157285e-05
1320 recr(28)        2.0779174     -20     20    0.0002438369
1321 recr(29)        1.1736949     -20     20    0.00026115446
1322 recr(30)        -0.65833521     -20     20    5.7718192e-05
1323 recr(31)        -2.3769183     -20     20    1.0277963e-05
1324 recr(32)        -1.4972948     -20     20    2.2769746e-05
1325 recr(33)        0.03020396     -20     20    0.00014565296
1326 recr(34)        1.7100387     -20     20    9.1534993e-05
1327 recr(35)        -2.3864664     -20     20    5.7772021e-05
1328 recr(36)        -2.2194494     -20     20    2.0134496e-05
1329 recr(37)        1.8964768     -20     20    3.2704022e-05
1330 recr(38)        -0.43351092     -20     20    -0.00011814321
1331 recr(39)        -2.7493437     -20     20    -1.2568065e-05
1332 recr(40)        -1.9974541     -20     20    -2.1677799e-05
1333 recr(41)        1.1748179     -20     20    -8.6372349e-05
1334 recr(42)        1.1936176     -20     20    -4.5333212e-05
1335 recr(43)        -2.0416008     -20     20    -1.9024063e-05
1336 recr(44)        -0.039604792     -20     20    -6.7168536e-05
1337 recr(45)        1.4060742     -20     20    0.00045310845
1338 recr(46)        -1.2997458     -20     20    2.1625864e-06
1339 recr(47)        -1.6461523     -20     20    2.1237058e-05
1340 recr(48)        0.043549673     -20     20    7.5176666e-05
1341 recr(49)        1.671419     -20     20    3.6971616e-05
1342 recr(50)        -2.4244652     -20     20    -2.6852982e-05
1343 recr(51)        -0.0072070672     -20     20    4.7494453e-05
1344 recr(52)        -1.3483896     -20     20    -6.1446615e-06
1345 recr(53)        1.0595623     -20     20    0.0002734073
1346 recr(54)        0.30814472     -20     20    0.00031055643
1347 recr(55)        -1.1936785     -20     20    1.8454739e-06
1348 recr(56)        0.24944151     -20     20    0.00017018764
1349 recr(57)        -0.31311122     -20     20    5.4875114e-05
1350 recr(58)        1.3488669     -20     20    0.00026342958
1351 recr(59)        -1.1372214     -20     20    1.4626057e-05
1352 recr(60)        1.1548164     -20     20    0.00025808259
1353 recr(61)        1.3406539     -20     20    0.00032015403
1354 recr(62)        -2.0062834     -20     20    -4.8644921e-06
1355 recr(63)        -1.3574914     -20     20    9.9590987e-06
1356 recr(64)        -0.022374895     -20     20    0.00012713964
1357 recr(65)        0.93427045     -20     20    -1.9009673e-05
1358 recr(66)        -1.9326324     -20     20    -4.2927837e-05
1359 recr(67)        -0.99940144     -20     20    -0.00016001431
1360 recr(68)        0.095608614     -20     20    -0.00019919093
1361 recr(69)        1.1529078     -20     20    3.0624915e-05
1362 recr(70)        0.24330429     -20     20    3.797178e-06
1363 recr(71)        -0.29556448     -20     20    -6.4489408e-05
1364 recr(72)        0.26146557     -20     20    -0.0001069321
1365 recr(73)        1.444394     -20     20    0.0001270532
1366 recr(74)        -1.0269339     -20     20    -8.2339517e-05
1367 recr(75)        -0.088633517     -20     20    -8.7999327e-05
1368 recr(76)        -1.660241     -20     20    -3.5237909e-06
1369 recr(77)        -0.015014564     -20     20    -0.00011447686
1370 recr(78)        -1.0522505     -20     20    5.6111291e-05
1371 recr(79)        -2.0088718     -20     20    -3.346884e-06
1372 recr(80)        1.0255013     -20     20    -5.3568626e-05
1373 recr(81)        0.56054267     -20     20    -0.00012409152
1374 recr(82)        -0.7022216     -20     20    -5.7943356e-05
1375 recr(83)        0.43423272     -20     20    -4.1367127e-05
1376 recr(84)        0.31507634     -20     20    5.6992916e-05
1377 recr(85)        0.99571814     -20     20    3.1883779e-05
1378 recr(86)        -2.5735736     -20     20    -1.8459266e-05
1379 recr(87)        0.12079319     -20     20    -3.4387073e-05
1380 recr(88)        1.2343388     -20     20    -0.00022538967
1381 recr(89)        -0.2357536     -20     20    5.2097996e-05
1382 recr(90)        -2.3011807     -20     20    3.4475395e-06
1383 recr(91)        -0.42872454     -20     20    0.0001253174
1384 recr(92)        0.25736105     -20     20    -1.4141055e-05
1385 recr(93)        -1.9704758     -20     20    -1.0319345e-05
1386 recr(94)        1.8625419     -20     20    -0.00017991547
1387 recr(95)        0.71790894     -20     20    -0.00020162183
1388 recr(96)        0.10819237     -20     20    -0.00010927909
1389 recr(97)        -1.024259     -20     20    -4.3631122e-06
1390 recr(98)        -1.334042     -20     20    -2.8169294e-05
1391 recr(99)        -0.30193817     -20     20    -0.0002523986
1392 recr(100)        1.1656438     -20     20    -0.0001775683
1393 recr(101)        0.72975421     -20     20    4.0909522e-05
1394 recr(102)        -3.2275646     -20     20    -3.4309782e-06
1395 recr(103)        -1.0451212     -20     20    5.3914656e-05
1396 recr(104)        1.7657766     -20     20    -0.00055323369
1397 recr(105)        -1.9827114     -20     20    -3.4748181e-05
1398 recr(106)        -3.9764835     -20     20    4.2398618e-07
1399 recr(107)        -3.0812458     -20     20    -4.3955813e-05
1400 recr(108)        0.42793066     -20     20    -5.2617512e-05
1401 recr(109)        0.53631976     -20     20    -8.6524145e-05
1402 recr(110)        -2.9109141     -20     20    7.0962642e-06
1403 recr(111)        -2.9681825     -20     20    -5.1785905e-06
1404 recr(112)        0.7547215     -20     20    -0.00038941309
1405 recr(113)        1.2061591     -20     20    -0.0005145356
1406 recr(114)        -1.3545801     -20     20    -3.6097602e-05
1407 recr(115)        -1.4573078     -20     20    1.5718157e-05
1408 recr(116)        0.66817797     -20     20    0.0002011259
1409 recr(117)        0.62111233     -20     20    0.00016695837
1410 recr(118)        -1.8455623     -20     20    2.5297503e-06
1411 recr(119)        0.25432136     -20     20    -5.6712101e-05
1412 recr(120)        1.1149465     -20     20    -6.3447455e-05
1413 recr(121)        0.83791991     -20     20    0.00010143831
1414 recr(122)        0.59935282     -20     20    -0.00026765613
1415 recr(123)        -1.2349565     -20     20    -9.2948852e-05
1416 recr(124)        0.82077157     -20     20    -0.00019922821
1417 recr(125)        -0.24364039     -20     20    2.9171362e-05
1418 recr(126)        0.1249229     -20     20    -9.0844253e-05
1419 recr(127)        -0.39012399     -20     20    -4.9172658e-05
1420 recr(128)        0.47967691     -20     20    1.5606134e-05
1421 recr(129)        0.14400555     -20     20    -6.8822207e-05
1422 recr(130)        -1.1201643     -20     20    8.6865971e-05
1423 recr(131)        -0.89541913     -20     20    9.9081748e-05
1424 recr(132)        0.73991093     -20     20    9.0730784e-05
1425 recr(133)        1.1828476     -20     20    -5.2534851e-05
1426 recr(134)        -0.30094108     -20     20    4.176893e-05
1427 recr(135)        0.37928638     -20     20    -6.1577688e-05
1428 recr(136)        1.0251956     -20     20    0.00034738185
1429 recr(137)        -0.86063367     -20     20    5.8775119e-05
1430 recr(138)        -0.31835553     -20     20    8.0031592e-06
1431 recr(139)        -1.5744     -20     20    5.0241027e-05
1432 recr(140)        1.2076371     -20     20    -0.00017274273
1433 recr(141)        0.28877868     -20     20    -5.5115923e-05
1434 recr(142)        -1.6375948     -20     20    -4.8297684e-05
1435 recr(143)        -0.55623214     -20     20    3.0713642e-05
1436 recr(144)        1.0603295     -20     20    0.00040273247
1437 recr(145)        1.4751331     -20     20    3.6107616e-05
1438 recr(146)        -0.91019669     -20     20    0.00010004236
1439 recr(147)        -0.054143303     -20     20    7.2681281e-05
1440 recr(148)        1.0123275     -20     20    3.7846012e-05
1441 recr(149)        -0.36755402     -20     20    -3.6492579e-05
1442 recr(150)        -1.5538656     -20     20    -2.8040456e-05
1443 recr(151)        0.73854091     -20     20    5.0718758e-05
1444 recr(152)        0.1022471     -20     20    0.00037916862
1445 recr(153)        0.68739702     -20     20    0.00030209579
1446 recr(154)        -0.32733068     -20     20    9.7594285e-05
1447 recr(155)        0.34874558     -20     20    0.00017872409
1448 recr(156)        0.89994027     -20     20    0.00034531441
1449 recr(157)        -1.4327699     -20     20    -5.1713434e-05
1450 recr(158)        -1.2516228     -20     20    -1.7380075e-05
1451 recr(159)        -0.30749529     -20     20    0.00027164214
1452 recr(160)        0.94218548     -20     20    0.00017589576
1453 recr(161)        0.80387711     -20     20    0.00019147552
1454 recr(162)        -0.98048885     -20     20    9.1006675e-05
1455 recr(163)        0.69490539     -20     20    -0.00018694436
1456 recr(164)        1.053131     -20     20    -0.00041610329
1457 recr(165)        -0.26591516     -20     20    0.00011650353
1458 recr(166)        -1.0752502     -20     20    1.4470727e-05
1459 recr(167)        0.14908338     -20     20    -0.00014487283
1460 recr(168)        0.6302483     -20     20    -0.00010688695
1461 recr(169)        0.28595691     -20     20    -0.0004930293
1462 recr(170)        -0.16470832     -20     20    -0.00014044333
1463 recr(171)        0.33250789     -20     20    -1.8440685e-05
1464 recr(172)        1.1769433     -20     20    -0.00014645174
1465 recr(173)        1.2320404     -20     20    9.3839778e-05
1466 recr(174)        -1.9762377     -20     20    2.3434143e-05
1467 recr(175)        -1.4275192     -20     20    -0.00015195208
1468 recr(176)        0.095757699     -20     20    -0.00018229383
1469 recr(177)        0.9420001     -20     20    -0.00029134533
1470 recr(178)        0.92678957     -20     20    0.00010391457
1471 recr(179)        0.021651801     -20     20    8.834081e-05
1472 recr(180)        0.64907709     -20     20    -0.00016345429
1473 recr(181)        0.34765797     -20     20    -0.00031271385
1474 recr(182)        -0.75970399     -20     20    4.1742611e-05
1475 recr(183)        -0.41287986     -20     20    0.00051020445
1476 recr(184)        0.18294891     -20     20    0.00042301656
1477 recr(185)        0.86472509     -20     20    -0.00033948762
1478 recr(186)        0.63606301     -20     20    -9.8160781e-05
1479 recr(187)        0.55473387     -20     20    -4.943131e-05
1480 recr(188)        0.11820329     -20     20    0.00024914783
1481 recr(189)        -0.37905923     -20     20    2.6754212e-05
1482 recr(190)        -0.44377908     -20     20    0.00017561057
1483 recr(191)        0.44604901     -20     20    3.3687422e-05
1484 recr(192)        0.63845882     -20     20    -7.2469868e-05
1485 recr(193)        1.0736947     -20     20    -0.00031678997
1486 recr(194)        0.41784047     -20     20    -3.0564241e-05
1487 recr(195)        0.82518803     -20     20    2.8576625e-05
1488 recr(196)        0.95713151     -20     20    -0.000222524
1489 recr(197)        -0.21104077     -20     20    -0.00019700785
1490 recr(198)        0.074622729     -20     20    2.3036193e-05
1491 recr(199)        0.50028177     -20     20    -8.1267227e-05
1492 recr(200)        0.43481168     -20     20    -1.2463098e-05
1493 recr(201)        0.87888871     -20     20    -3.1730473e-06
1494 recr(202)        -0.015106009     -20     20    8.4408516e-05
1495 recr(203)        1.0386057     -20     20    -0.00017196207
1496 recr(204)        0.47943177     -20     20    -0.00011190065
1497 recr(205)        -1.5117538     -20     20    -9.0873282e-05
1498 recr(206)        -0.28756757     -20     20    -6.4534012e-05
1499 recr(207)        -0.30413786     -20     20    0.00011152875
1500 recr(208)        0.91413866     -20     20    -0.00014523232
1501 recr(209)        0.21773583     -20     20    -0.00016712005
1502 recr(210)        1.1841407     -20     20    -0.00021208571
1503 recr(211)        0.57327501     -20     20    0.00047512231
1504 recr(212)        0.74102117     -20     20    0.00014022366
1505 recr(213)        -0.89238554     -20     20    2.3727036e-05
1506 recr(214)        -0.21968112     -20     20    0.00035614159
1507 recr(215)        -0.32404718     -20     20    -0.00018973152
1508 recr(216)        0.79502854     -20     20    0.00017683425
1509 recr(217)        0.59142846     -20     20    -0.00037112443
1510 recr(218)        0.17181729     -20     20    -5.2355702e-05
1511 recr(219)        -0.32787155     -20     20    -8.3672349e-05
1512 recr(220)        0.028578449     -20     20    0.00016113927
1513 recr(221)        0.39516766     -20     20    3.4305024e-05
1514 recr(222)        0.32310993     -20     20    2.0759522e-05
1515 recr(223)        0.83273661     -20     20    3.4378619e-06
1516 recr(224)        0.32328594     -20     20    -0.00055867945
1517 recr(225)        -0.49751236     -20     20    0.00010720556
1518 recr(226)        0.075035325     -20     20    4.4482094e-05
1519 recr(227)        0.25217111     -20     20    0.00052481051
1520 recr(228)        0.67699045     -20     20    -7.8224615e-06
1521 recr(229)        0.88645714     -20     20    -0.00011940218
1522 recr(230)        0.46806852     -20     20    0.00015331467
1523 recr(231)        0.27419414     -20     20    -0.00024861014
1524 recr(232)        0.35856893     -20     20    0.00016191377
1525 recr(233)        -0.17172762     -20     20    0.00028476741
1526 recr(234)        -0.14875842     -20     20    -0.00023419657
1527 recr(235)        0.12554933     -20     20    5.6411329e-06
1528 recr(236)        0.43312038     -20     20    -0.00012287327
1529 recr(237)        -0.10176285     -20     20    5.3345061e-05
1530 recr(238)        -0.029150374     -20     20    -3.0980732e-05
1531 recr(239)        0.42965247     -20     20    -0.00029623834
1532 recr(240)        0.55534022     -20     20    -5.4896974e-05
1533 recr(241)        0.78588102     -20     20    0.00025055158
1534 recr(242)        0.77536965     -20     20    -0.0001799011
1535 recr(243)        0.60738497     -20     20    -3.525193e-05
1536 recr(244)        0.85762632     -20     20    0.0001428146
1537 recr(245)        0.29978833     -20     20    0.00018101926
1538 recr(246)        0.36540855     -20     20    0.00027298944
1539 recr(247)        0.60430167     -20     20    5.5533758e-05
1540 recr(248)        0.81219768     -20     20    -0.00024229994
1541 recr(249)        -0.046068042     -20     20    0.00027446434
1542 recr(250)        -0.23983331     -20     20    -0.00019128918
1543 recr(251)        -0.14624605     -20     20    -6.6513326e-05
1544 recr(252)        0.14812839     -20     20    -0.00017736819
1545 recr(253)        0.64681131     -20     20    0.00022782774
1546 recr(254)        0.02756416     -20     20    -8.1072779e-05
1547 recr(255)        0.25279429     -20     20    -0.00027420216
1548 recr(256)        0.61457489     -20     20    -0.00013846741
1549 recr(257)        0.53825983     -20     20    0.00031961049
1550 recr(258)        0.0071603556     -20     20    -3.283321e-05
1551 recr(259)        0.50160124     -20     20    -0.00016383162
1552 recr(260)        1.0046703     -20     20    8.4062256e-05
1553 recr(261)        -0.22620593     -20     20    0.00019967988
1554 recr(262)        0.47448052     -20     20    -7.8587584e-05
1555 recr(263)        0.61244843     -20     20    6.9005381e-05
1556 recr(264)        0.80164345     -20     20    -4.582006e-05
1557 recr(265)        0.37106583     -20     20    2.3811829e-05
1558 recr(266)        -0.17891891     -20     20    0.00031949164
1559 recr(267)        0.041696021     -20     20    -1.993929e-05
1560 recr(268)        0.37544457     -20     20    3.9420682e-05
1561 recr(269)        0.6050521     -20     20    7.392639e-05
1562 recr(270)        -0.66568328     -20     20    0.00014521566
1563 recr(271)        0.0056941586     -20     20    0.00027811206
1564 recr(272)        -0.21603152     -20     20    0.00095529485
1565 recr(273)        -0.056760383     -20     20    3.8434565e-05
1566 recr(274)        1.2572538     -20     20    6.8767465e-06
1567 totpop        17.101434     8     25    0.00018399026
1568 tag_fish_rep(1)        0.13241937     0.001     0.99    0.00014897653
1569 tag_fish_rep(3)        0.46856447     0.001     0.99    -2.0054169e-05
1570 tag_fish_rep(4)        0.57703796     0.001     0.99    -6.6912913e-05
1571 tag_fish_rep(5)        0.66131648     0.001     0.99    -4.3725941e-05
1572 tag_fish_rep(6)        0.4488121     0.001     0.99    9.7190268e-05
1573 tag_fish_rep(11)        0.61692739     0.001     0.99    -0.00011881937
1574 tag_fish_rep(12)        0.59693206     0.001     0.99    1.6039227e-05
1575 tag_fish_rep(13)        0.87822237     0.001     0.99    2.568767e-05
1576 tag_fish_rep(17)        0.70678085     0.001     0.99    -0.00021685905
1577 tag_fish_rep(18)        0.82179635     0.001     0.99    3.4321051e-05
1578 tag_fish_rep(19)        0.99     0.001     0.99    1.2222712e-08   *************
1579 tag_fish_rep(24)        0.85833977     0.001     0.99    -0.00012163741
1580 tag_fish_rep(25)        0.59468435     0.001     0.99    2.017332e-05
1581 tag_fish_rep(28)        0.69594558     0.001     0.99    -0.00011226225
1582 tag_fish_rep(32)        0.12295739     0.001     0.99    -3.3369664e-06
1583 tag_fish_rep(34)        0.98999998     0.001     0.99    -1.0902068e-08   *************
1584 tag_fish_rep(35)        0.99     0.001     0.99    -2.4509965e-08   *************
1585 region_pars(1)        0.29000456     1e-06     1.5    0.00012465389
1586 region_pars(1)        0.41100518     1e-06     1.5    -4.2754786e-05
1587 region_pars(1)        0.17120772     1e-06     1.5    -3.2885462e-05
1588 region_pars(1)        0.12781398     1e-06     1.5    -4.2866837e-05
1589 sv(21)        0.032712292     1e-06     1000    -0.00014629331
1590 vb_coff(1)        23.588734     10     60    0.00075401432
1591 vb_coff(2)        149.41098     130     200    9.9523765e-05
1592 vb_coff(3)        0.11107921     0.01     0.3    0.00015740837
1593 var_coff(1)        5.784387     1     10    0.00054722218
1594 var_coff(2)        0.40520115     0.1     3    -0.00019849332
