 Index  Var_name   Estimate L_bound  U_bound gradient
1 diff_coffs(1,1)        8.5066398e-11     0     4    -8.1048997e-05   *************
2 diff_coffs(1,2)        1.4477008e-09     0     4    0.00023300699   *************
3 diff_coffs(1,3)        3.3590877e-09     0     4    2.2225244e-06   *************
4 diff_coffs(1,4)        0.014634851     0     4    -6.3736014e-05
5 diff_coffs(1,5)        7.1072392e-10     0     4    -1.7263763e-07   *************
6 diff_coffs(1,6)        0.013938453     0     4    0.0001492885
7 diff_coffs(1,7)        0.47082917     0     4    -0.00010525137
8 diff_coffs(1,8)        1.2559564     0     4    8.1127726e-05
9 diff_coffs(2,1)        0.018385286     0     4    -8.1292325e-05
10 diff_coffs(2,2)        0.14065217     0     4    3.7093961e-05
11 diff_coffs(2,3)        7.0353079e-10     0     4    -1.1000181e-06   *************
12 diff_coffs(2,4)        1.6231989e-09     0     4    1.0506092e-05   *************
13 diff_coffs(2,5)        0.0091860558     0     4    -5.1749516e-05
14 diff_coffs(2,6)        1.9460382e-09     0     4    4.077979e-07   *************
15 diff_coffs(2,7)        0.0533229     0     4    4.3681163e-05
16 diff_coffs(2,8)        2.3295366e-11     0     4    -0.00015317669   *************
17 diff_coffs(3,1)        0.0015475865     0     4    -0.00010032436
18 diff_coffs(3,2)        3.1585423e-10     0     4    -9.7280527e-06   *************
19 diff_coffs(3,3)        8.5850904e-10     0     4    -3.0310136e-07   *************
20 diff_coffs(3,4)        0.59366958     0     4    7.3278733e-05
21 diff_coffs(3,5)        0.026052026     0     4    -6.6932783e-05
22 diff_coffs(3,6)        0.16675501     0     4    -7.1869722e-05
23 diff_coffs(3,7)        1.5515892e-08     0     4    -1.6783794e-07   *************
24 diff_coffs(3,8)        8.4578788e-11     0     4    -3.1689404e-05   *************
25 diff_coffs(4,1)        0.010185106     0     4    0.00010299124
26 diff_coffs(4,2)        9.0294883e-11     0     4    4.5592287e-07   *************
27 diff_coffs(4,3)        1.2666734e-09     0     4    -7.351558e-06   *************
28 diff_coffs(4,4)        3.2792191e-10     0     4    -2.7088176e-05   *************
29 diff_coffs(4,5)        0.023951526     0     4    -4.025584e-05
30 diff_coffs(4,6)        1.8490547e-09     0     4    -3.3326539e-07   *************
31 diff_coffs(4,7)        2.0399027e-09     0     4    -1.8963663e-08   *************
32 diff_coffs(4,8)        0.012256104     0     4    -2.3701372e-05
33 region_rec_diffs(1,1)        0     -3     3    1.0894211e-15
34 region_rec_diffs(1,2)        0.41431209     -3     3    -0.00014458374
35 region_rec_diffs(1,3)        0.43237395     -3     3    0.00028510408
36 region_rec_diffs(1,4)        0.42706957     -3     3    -0.00056985561
37 region_rec_diffs(1,5)        0.39277108     -3     3    0.00014301817
38 region_rec_diffs(1,6)        0.18501008     -3     3    -7.6178115e-05
39 region_rec_diffs(1,7)        0.23679324     -3     3    7.2616916e-05
40 region_rec_diffs(1,8)        0.34671876     -3     3    0.00016245707
41 region_rec_diffs(1,9)        0.59999565     -3     3    -2.4923754e-05
42 region_rec_diffs(1,10)        0.20238708     -3     3    5.7981063e-05
43 region_rec_diffs(1,11)        0.14581415     -3     3    -0.0001204593
44 region_rec_diffs(1,12)        0.36401352     -3     3    0.00019492675
45 region_rec_diffs(1,13)        0.39102607     -3     3    9.1381818e-05
46 region_rec_diffs(1,14)        -0.97581658     -3     3    -0.00010829675
47 region_rec_diffs(1,15)        -0.054672174     -3     3    4.7778231e-05
48 region_rec_diffs(1,16)        -0.118205     -3     3    6.8131608e-06
49 region_rec_diffs(1,17)        -0.33922947     -3     3    -2.5532672e-05
50 region_rec_diffs(1,18)        0.47051507     -3     3    0.00011780774
51 region_rec_diffs(1,19)        0.186337     -3     3    -6.1478481e-07
52 region_rec_diffs(1,20)        0.11914582     -3     3    -3.4841811e-05
53 region_rec_diffs(1,21)        0.057495691     -3     3    -0.00020649382
54 region_rec_diffs(1,22)        0.48848895     -3     3    -0.0004870828
55 region_rec_diffs(1,23)        0.35348059     -3     3    -9.5214149e-05
56 region_rec_diffs(1,24)        0.37978073     -3     3    5.1403682e-05
57 region_rec_diffs(1,25)        0.54094147     -3     3    -7.8459206e-06
58 region_rec_diffs(1,26)        0.50000899     -3     3    0.00016403556
59 region_rec_diffs(1,27)        0.24347061     -3     3    -7.9560226e-05
60 region_rec_diffs(1,28)        0.3562777     -3     3    -0.00012217657
61 region_rec_diffs(1,29)        -0.95172249     -3     3    -1.6304322e-05
62 region_rec_diffs(1,30)        -0.97847684     -3     3    9.0785716e-05
63 region_rec_diffs(1,31)        -0.17341198     -3     3    -6.7390651e-06
64 region_rec_diffs(1,32)        -0.35371005     -3     3    -3.4878676e-05
65 region_rec_diffs(1,33)        -0.19307503     -3     3    3.211734e-05
66 region_rec_diffs(1,34)        0.47119982     -3     3    -9.9851771e-05
67 region_rec_diffs(1,35)        0.1357161     -3     3    4.1320247e-05
68 region_rec_diffs(1,36)        0.44961798     -3     3    -2.2085246e-05
69 region_rec_diffs(1,37)        0.21181962     -3     3    -3.0986943e-05
70 region_rec_diffs(1,38)        -0.28163118     -3     3    -4.1735194e-05
71 region_rec_diffs(1,39)        -0.050364284     -3     3    2.4327079e-06
72 region_rec_diffs(1,40)        -0.28332067     -3     3    1.6078324e-05
73 region_rec_diffs(1,41)        0.25199088     -3     3    0.0001435966
74 region_rec_diffs(1,42)        0.4484433     -3     3    2.0596232e-05
75 region_rec_diffs(1,43)        0.047144456     -3     3    -3.8871691e-05
76 region_rec_diffs(1,44)        -0.044323833     -3     3    8.3372975e-06
77 region_rec_diffs(1,45)        0.4649984     -3     3    -0.00010291513
78 region_rec_diffs(1,46)        0.13475569     -3     3    8.2473843e-06
79 region_rec_diffs(1,47)        0.13935072     -3     3    5.9333957e-05
80 region_rec_diffs(1,48)        -0.26705732     -3     3    2.9951559e-05
81 region_rec_diffs(1,49)        0.23624979     -3     3    0.00011642286
82 region_rec_diffs(1,50)        -0.060349754     -3     3    -1.9620956e-05
83 region_rec_diffs(1,51)        0.51901025     -3     3    -8.6394024e-05
84 region_rec_diffs(1,52)        0.21131846     -3     3    -8.0508497e-05
85 region_rec_diffs(1,53)        -0.59665512     -3     3    -0.00016799779
86 region_rec_diffs(1,54)        -0.95796369     -3     3    2.149708e-05
87 region_rec_diffs(1,55)        0.058150855     -3     3    0.00010292008
88 region_rec_diffs(1,56)        -0.014284812     -3     3    2.50034e-05
89 region_rec_diffs(1,57)        -0.082244163     -3     3    4.7976304e-05
90 region_rec_diffs(1,58)        0.3861629     -3     3    -0.00019558217
91 region_rec_diffs(1,59)        -0.08225777     -3     3    1.7848482e-05
92 region_rec_diffs(1,60)        -0.1423955     -3     3    6.9764502e-05
93 region_rec_diffs(1,61)        0.54453384     -3     3    5.7139383e-05
94 region_rec_diffs(1,62)        -0.005311079     -3     3    3.0553269e-05
95 region_rec_diffs(1,63)        0.30423583     -3     3    -0.00012569247
96 region_rec_diffs(1,64)        -0.64856974     -3     3    -5.3646417e-05
97 region_rec_diffs(1,65)        -0.10970903     -3     3    -3.9695879e-05
98 region_rec_diffs(1,66)        -0.300988     -3     3    4.3293557e-05
99 region_rec_diffs(1,67)        0.24746901     -3     3    -1.3982619e-06
100 region_rec_diffs(1,68)        0.4433264     -3     3    -0.00021310191
101 region_rec_diffs(1,69)        0.18696517     -3     3    0.00023193161
102 region_rec_diffs(1,70)        0.11760977     -3     3    -0.0001390619
103 region_rec_diffs(1,71)        0.28939758     -3     3    0.00010563038
104 region_rec_diffs(1,72)        -0.50516808     -3     3    -0.00033327979
105 region_rec_diffs(1,73)        0.090259284     -3     3    0.00013730857
106 region_rec_diffs(1,74)        0.25950675     -3     3    -0.00011225521
107 region_rec_diffs(1,75)        -0.21433553     -3     3    -4.2557641e-06
108 region_rec_diffs(1,76)        -1.2968558     -3     3    1.6128147e-05
109 region_rec_diffs(1,77)        -0.49971751     -3     3    -0.00011895202
110 region_rec_diffs(1,78)        0.21856792     -3     3    -1.7594433e-05
111 region_rec_diffs(1,79)        0.165268     -3     3    -9.2149868e-06
112 region_rec_diffs(1,80)        0.47359044     -3     3    0.00036274154
113 region_rec_diffs(1,81)        -1.1037384     -3     3    -2.0222101e-05
114 region_rec_diffs(1,82)        -0.40775037     -3     3    -1.1435135e-05
115 region_rec_diffs(1,83)        0.12468429     -3     3    -0.00019949694
116 region_rec_diffs(1,84)        -0.70841178     -3     3    -1.1947453e-05
117 region_rec_diffs(1,85)        -0.61020095     -3     3    -1.4670321e-05
118 region_rec_diffs(1,86)        -0.31203961     -3     3    -6.6530654e-05
119 region_rec_diffs(1,87)        0.1066149     -3     3    -1.3736604e-05
120 region_rec_diffs(1,88)        -1.5675729     -3     3    -4.1912026e-05
121 region_rec_diffs(1,89)        -0.70434135     -3     3    1.8484203e-05
122 region_rec_diffs(1,90)        -0.94841236     -3     3    8.0743756e-05
123 region_rec_diffs(1,91)        -0.20913387     -3     3    -2.3652232e-05
124 region_rec_diffs(1,92)        -0.00020329819     -3     3    -9.8497239e-05
125 region_rec_diffs(1,93)        0.21930076     -3     3    2.5574139e-05
126 region_rec_diffs(1,94)        0.4903642     -3     3    4.8567851e-05
127 region_rec_diffs(1,95)        -1.0175391     -3     3    -2.3239308e-05
128 region_rec_diffs(1,96)        -0.22396534     -3     3    7.7422884e-05
129 region_rec_diffs(1,97)        0.4205672     -3     3    -0.00023030331
130 region_rec_diffs(1,98)        0.38857216     -3     3    6.2313307e-05
131 region_rec_diffs(1,99)        -0.71000626     -3     3    -0.00016877504
132 region_rec_diffs(1,100)        -0.12718908     -3     3    -0.00014221766
133 region_rec_diffs(1,101)        0.39817572     -3     3    2.0966279e-05
134 region_rec_diffs(1,102)        -0.14257805     -3     3    3.9485864e-06
135 region_rec_diffs(1,103)        -1.2475387     -3     3    3.232981e-05
136 region_rec_diffs(1,104)        0.21759711     -3     3    7.5720735e-05
137 region_rec_diffs(1,105)        -0.092473358     -3     3    5.5077559e-05
138 region_rec_diffs(1,106)        -0.030745815     -3     3    7.595103e-06
139 region_rec_diffs(1,107)        -0.071886175     -3     3    1.1423311e-05
140 region_rec_diffs(1,108)        0.28941693     -3     3    -8.6529683e-05
141 region_rec_diffs(1,109)        0.14995212     -3     3    -0.00014640729
142 region_rec_diffs(1,110)        -0.10439867     -3     3    -1.8870662e-05
143 region_rec_diffs(1,111)        -0.13357345     -3     3    -5.4484614e-05
144 region_rec_diffs(1,112)        0.25620578     -3     3    0.00019082747
145 region_rec_diffs(1,113)        -0.36789896     -3     3    6.5311035e-05
146 region_rec_diffs(1,114)        -0.60973585     -3     3    4.1364971e-05
147 region_rec_diffs(1,115)        -0.33086826     -3     3    -1.0338969e-05
148 region_rec_diffs(1,116)        0.20695796     -3     3    0.00013403177
149 region_rec_diffs(1,117)        0.2057057     -3     3    3.5624896e-05
150 region_rec_diffs(1,118)        -0.48391057     -3     3    3.355352e-06
151 region_rec_diffs(1,119)        -0.17194611     -3     3    -0.00011559824
152 region_rec_diffs(1,120)        -0.76828623     -3     3    0.00012558506
153 region_rec_diffs(1,121)        0.47921733     -3     3    -0.00020461448
154 region_rec_diffs(1,122)        0.14667466     -3     3    7.3392252e-05
155 region_rec_diffs(1,123)        -1.1471691     -3     3    -1.0011311e-05
156 region_rec_diffs(1,124)        -0.045870861     -3     3    8.6707939e-05
157 region_rec_diffs(1,125)        -0.12112136     -3     3    -0.00022245521
158 region_rec_diffs(1,126)        -1.3236738     -3     3    4.5104481e-05
159 region_rec_diffs(1,127)        -1.8505499     -3     3    9.8861531e-06
160 region_rec_diffs(1,128)        0.40889846     -3     3    -0.0003749815
161 region_rec_diffs(1,129)        -0.30534636     -3     3    -7.3412273e-05
162 region_rec_diffs(1,130)        -1.1423702     -3     3    4.1436923e-06
163 region_rec_diffs(1,131)        -0.49799467     -3     3    0.00019650178
164 region_rec_diffs(1,132)        0.4156646     -3     3    -0.00012213887
165 region_rec_diffs(1,133)        0.2313107     -3     3    0.00036399207
166 region_rec_diffs(1,134)        -0.80936299     -3     3    -1.4587066e-05
167 region_rec_diffs(1,135)        -0.29741912     -3     3    0.00024146187
168 region_rec_diffs(1,136)        0.47395057     -3     3    -0.00034720669
169 region_rec_diffs(1,137)        -1.6927793     -3     3    -4.6765099e-05
170 region_rec_diffs(1,138)        -1.134347     -3     3    5.6051248e-05
171 region_rec_diffs(1,139)        -2.602214     -3     3    -6.5333831e-05
172 region_rec_diffs(1,140)        -0.93401972     -3     3    -3.3864782e-05
173 region_rec_diffs(1,141)        0.57912222     -3     3    -6.9376443e-06
174 region_rec_diffs(1,142)        0.26277811     -3     3    3.6543866e-05
175 region_rec_diffs(1,143)        -0.24223206     -3     3    0.00022334625
176 region_rec_diffs(1,144)        -0.065581472     -3     3    -1.7164428e-05
177 region_rec_diffs(1,145)        0.12534076     -3     3    -2.0633882e-05
178 region_rec_diffs(1,146)        -1.3656477     -3     3    6.7990654e-06
179 region_rec_diffs(1,147)        -1.8772592     -3     3    -2.7830943e-05
180 region_rec_diffs(1,148)        0.30202898     -3     3    0.00011164588
181 region_rec_diffs(1,149)        -1.1604122     -3     3    -4.8847115e-05
182 region_rec_diffs(1,150)        -1.8612456     -3     3    2.8085415e-05
183 region_rec_diffs(1,151)        -1.8720351     -3     3    6.3375727e-05
184 region_rec_diffs(1,152)        0.29798844     -3     3    3.914837e-05
185 region_rec_diffs(1,153)        0.58200977     -3     3    -2.6332126e-05
186 region_rec_diffs(1,154)        -0.91386857     -3     3    -2.8545638e-05
187 region_rec_diffs(1,155)        -1.6361487     -3     3    -1.9089364e-06
188 region_rec_diffs(1,156)        0.37322534     -3     3    0.00016381905
189 region_rec_diffs(1,157)        0.39595892     -3     3    -6.3465516e-05
190 region_rec_diffs(1,158)        -1.6531593     -3     3    -5.2301052e-06
191 region_rec_diffs(1,159)        -2.8653844     -3     3    2.55628e-05
192 region_rec_diffs(1,160)        -0.27136     -3     3    -0.00023722298
193 region_rec_diffs(1,161)        -0.27070324     -3     3    0.00022997283
194 region_rec_diffs(1,162)        -1.7951795     -3     3    1.2963725e-06
195 region_rec_diffs(1,163)        -0.040082938     -3     3    7.3679097e-05
196 region_rec_diffs(1,164)        0.48867843     -3     3    -3.9062827e-05
197 region_rec_diffs(1,165)        -1.3659523     -3     3    0.00013625849
198 region_rec_diffs(1,166)        -1.8969297     -3     3    3.3280381e-05
199 region_rec_diffs(1,167)        -2.9999997     -3     3    -6.035372e-06   *************
200 region_rec_diffs(1,168)        0.34168091     -3     3    -0.00026393396
201 region_rec_diffs(1,169)        0.27611617     -3     3    3.5710384e-05
202 region_rec_diffs(1,170)        -2.4572332     -3     3    -4.5993249e-05
203 region_rec_diffs(1,171)        -2.9999998     -3     3    7.9575282e-07   *************
204 region_rec_diffs(1,172)        0.36204582     -3     3    -0.00025776309
205 region_rec_diffs(1,173)        -0.086683019     -3     3    -5.7898196e-05
206 region_rec_diffs(1,174)        -1.8919413     -3     3    3.2770343e-05
207 region_rec_diffs(1,175)        -2.0168773     -3     3    1.317464e-05
208 region_rec_diffs(1,176)        -0.0046878326     -3     3    -0.00010913432
209 region_rec_diffs(1,177)        -0.82871697     -3     3    -0.00020535254
210 region_rec_diffs(1,178)        0.31430888     -3     3    0.00029705938
211 region_rec_diffs(1,179)        -2.4337102     -3     3    -5.2789202e-06
212 region_rec_diffs(1,180)        0.42692738     -3     3    -0.00011978855
213 region_rec_diffs(1,181)        -2.0953598     -3     3    7.2977605e-06
214 region_rec_diffs(1,182)        -2.9274691     -3     3    9.4161881e-06
215 region_rec_diffs(1,183)        -2.0561367     -3     3    -2.0101614e-05
216 region_rec_diffs(1,184)        -0.085501709     -3     3    -0.00013735032
217 region_rec_diffs(1,185)        0.0063215358     -3     3    5.5949458e-05
218 region_rec_diffs(1,186)        -2.3538636     -3     3    3.2717621e-06
219 region_rec_diffs(1,187)        -0.37701556     -3     3    9.5641742e-05
220 region_rec_diffs(1,188)        0.17747341     -3     3    -0.00015084552
221 region_rec_diffs(1,189)        0.04964213     -3     3    1.9951713e-05
222 region_rec_diffs(1,190)        -2.0587975     -3     3    -2.2117596e-05
223 region_rec_diffs(1,191)        -2.2495576     -3     3    -1.5033732e-05
224 region_rec_diffs(1,192)        0.27495436     -3     3    -5.8219325e-05
225 region_rec_diffs(1,193)        0.57439678     -3     3    4.0269134e-06
226 region_rec_diffs(1,194)        -2.9999999     -3     3    -1.526963e-05   *************
227 region_rec_diffs(1,195)        -2.4227503     -3     3    -2.3701422e-06
228 region_rec_diffs(1,196)        0.29513055     -3     3    -2.7866199e-06
229 region_rec_diffs(1,197)        0.046418956     -3     3    -2.6544604e-05
230 region_rec_diffs(1,198)        -2.7115711     -3     3    9.7742461e-06
231 region_rec_diffs(1,199)        -2.9999996     -3     3    -4.5115937e-06   *************
232 region_rec_diffs(1,200)        -1.3498604     -3     3    9.835858e-05
233 region_rec_diffs(1,201)        0.59354476     -3     3    6.8029799e-06
234 region_rec_diffs(1,202)        -1.5788983     -3     3    -9.8913877e-06
235 region_rec_diffs(1,203)        0.046976838     -3     3    -6.6677058e-05
236 region_rec_diffs(1,204)        -1.6066983     -3     3    5.6727745e-05
237 region_rec_diffs(1,205)        -1.9440792     -3     3    3.8047431e-05
238 region_rec_diffs(1,206)        -2.3390483     -3     3    -1.1600001e-05
239 region_rec_diffs(1,207)        -1.0818627     -3     3    4.6967169e-05
240 region_rec_diffs(1,208)        -0.33502893     -3     3    -0.00015600984
241 region_rec_diffs(1,209)        0.18116064     -3     3    -0.00028233157
242 region_rec_diffs(1,210)        0.50500997     -3     3    1.2292285e-05
243 region_rec_diffs(1,211)        -1.9872514     -3     3    0.00017420891
244 region_rec_diffs(1,212)        -2.2148231     -3     3    -7.5450247e-05
245 region_rec_diffs(1,213)        -0.77798336     -3     3    -9.5521626e-05
246 region_rec_diffs(1,214)        -2.3491491     -3     3    -3.6517413e-05
247 region_rec_diffs(1,215)        -2.4141095     -3     3    -1.7815379e-05
248 region_rec_diffs(1,216)        0.075792384     -3     3    -0.00016544584
249 region_rec_diffs(1,217)        0.07679346     -3     3    -0.0001480624
250 region_rec_diffs(1,218)        -2.4864575     -3     3    -2.7147053e-05
251 region_rec_diffs(1,219)        -2.2685468     -3     3    6.9612565e-05
252 region_rec_diffs(1,220)        0.33209023     -3     3    -0.00016037244
253 region_rec_diffs(1,221)        -0.28041028     -3     3    -0.000144627
254 region_rec_diffs(1,222)        -2.5717343     -3     3    -6.0845562e-05
255 region_rec_diffs(1,223)        -0.45249584     -3     3    -7.6947528e-05
256 region_rec_diffs(1,224)        0.20766585     -3     3    0.00024125451
257 region_rec_diffs(1,225)        -1.787252     -3     3    6.903133e-05
258 region_rec_diffs(1,226)        -2.7458767     -3     3    2.0656548e-05
259 region_rec_diffs(1,227)        -2.318667     -3     3    1.2929918e-06
260 region_rec_diffs(1,228)        -0.43812747     -3     3    0.00010644537
261 region_rec_diffs(1,229)        0.37967439     -3     3    -0.00018354464
262 region_rec_diffs(1,230)        -2.3040203     -3     3    1.9860125e-05
263 region_rec_diffs(1,231)        -0.22376969     -3     3    -9.8476853e-05
264 region_rec_diffs(1,232)        -0.0090805946     -3     3    0.00016656406
265 region_rec_diffs(1,233)        0.11580231     -3     3    6.5446501e-06
266 region_rec_diffs(1,234)        -2.120318     -3     3    9.4745066e-05
267 region_rec_diffs(1,235)        -1.165003     -3     3    0.00015530028
268 region_rec_diffs(1,236)        0.15142026     -3     3    -4.5227517e-05
269 region_rec_diffs(1,237)        0.19769282     -3     3    0.00013704605
270 region_rec_diffs(1,238)        -1.4818542     -3     3    7.5530693e-05
271 region_rec_diffs(1,239)        -1.9117724     -3     3    0.00010926877
272 region_rec_diffs(1,240)        -0.52851761     -3     3    0.00023193553
273 region_rec_diffs(1,241)        0.59694914     -3     3    -6.7860567e-06
274 region_rec_diffs(1,242)        -1.9099826     -3     3    -0.00011114051
275 region_rec_diffs(1,243)        -0.11504812     -3     3    5.0695968e-05
276 region_rec_diffs(1,244)        -0.36337468     -3     3    -4.7071356e-05
277 region_rec_diffs(1,245)        0.14991154     -3     3    0.00014644026
278 region_rec_diffs(1,246)        -1.6695405     -3     3    -0.00018845368
279 region_rec_diffs(1,247)        -1.1476209     -3     3    -0.00019085552
280 region_rec_diffs(1,248)        0.13637356     -3     3    5.2453626e-05
281 region_rec_diffs(1,249)        -0.86595342     -3     3    0.0001643727
282 region_rec_diffs(1,250)        -2.6973321     -3     3    4.2816857e-06
283 region_rec_diffs(1,251)        -2.8579197     -3     3    3.5339983e-05
284 region_rec_diffs(1,252)        0.30545986     -3     3    -6.9666362e-06
285 region_rec_diffs(1,253)        0.01932487     -3     3    7.8487309e-05
286 region_rec_diffs(1,254)        -2.2757425     -3     3    -7.181375e-06
287 region_rec_diffs(1,255)        -2.4533351     -3     3    -7.5571263e-05
288 region_rec_diffs(1,256)        0.46665384     -3     3    5.7555287e-05
289 region_rec_diffs(1,257)        -0.28627256     -3     3    0.00030524097
290 region_rec_diffs(1,258)        -2.2322721     -3     3    7.7173979e-05
291 region_rec_diffs(1,259)        -0.69407324     -3     3    -7.1049904e-05
292 region_rec_diffs(1,260)        0.36117383     -3     3    -8.8679711e-05
293 region_rec_diffs(1,261)        0.5164008     -3     3    3.4972485e-05
294 region_rec_diffs(1,262)        -1.765798     -3     3    0.00014037571
295 region_rec_diffs(1,263)        -1.522241     -3     3    -0.00019400579
296 region_rec_diffs(1,264)        0.25979973     -3     3    0.00010277729
297 region_rec_diffs(1,265)        0.2241316     -3     3    0.00030065365
298 region_rec_diffs(1,266)        -2.0735148     -3     3    -2.8704048e-05
299 region_rec_diffs(1,267)        -2.3319104     -3     3    4.6001232e-05
300 region_rec_diffs(1,268)        0.21247139     -3     3    7.8999865e-05
301 region_rec_diffs(1,269)        0.4616659     -3     3    -6.9775678e-05
302 region_rec_diffs(1,270)        -1.69929     -3     3    -0.00015939817
303 region_rec_diffs(1,271)        -2.0132378     -3     3    9.6476749e-05
304 region_rec_diffs(1,272)        0.3017889     -3     3    -0.0001868219
305 region_rec_diffs(1,273)        -0.24522518     -3     3    -6.0657107e-05
306 region_rec_diffs(1,274)        -2.9999997     -3     3    -7.5013337e-08   *************
307 region_rec_diffs(1,275)        -1.8943764     -3     3    -9.5824991e-05
308 region_rec_diffs(1,276)        -1.7161579     -3     3    5.5831737e-05
309 region_rec_diffs(1,277)        -1.1501832     -3     3    7.6881466e-05
310 region_rec_diffs(1,278)        -0.7830324     -3     3    -4.0019537e-05
311 region_rec_diffs(1,279)        -0.88375743     -3     3    1.8704588e-05
312 region_rec_diffs(2,1)        0     -3     3    5.7463068e-16
313 region_rec_diffs(2,2)        -0.97005204     -3     3    -5.6552095e-05
314 region_rec_diffs(2,3)        -1.1649488     -3     3    7.5863543e-05
315 region_rec_diffs(2,4)        -0.95725469     -3     3    -5.5950513e-05
316 region_rec_diffs(2,5)        -0.69650034     -3     3    9.760003e-05
317 region_rec_diffs(2,6)        -0.20273097     -3     3    7.645871e-06
318 region_rec_diffs(2,7)        -0.31890672     -3     3    4.0988718e-05
319 region_rec_diffs(2,8)        -0.48334093     -3     3    0.00021735439
320 region_rec_diffs(2,9)        -2.085749     -3     3    -0.00012597992
321 region_rec_diffs(2,10)        -0.33572655     -3     3    -2.8182344e-05
322 region_rec_diffs(2,11)        -0.23600277     -3     3    -4.8068885e-05
323 region_rec_diffs(2,12)        -0.75198885     -3     3    0.00015315265
324 region_rec_diffs(2,13)        -0.8577333     -3     3    -2.2586021e-05
325 region_rec_diffs(2,14)        -0.51888787     -3     3    1.1157985e-05
326 region_rec_diffs(2,15)        0.036301739     -3     3    2.3249967e-05
327 region_rec_diffs(2,16)        0.14872872     -3     3    -2.6488005e-05
328 region_rec_diffs(2,17)        0.68244598     -3     3    -0.00016175294
329 region_rec_diffs(2,18)        -0.88001048     -3     3    0.00019675297
330 region_rec_diffs(2,19)        -0.23615328     -3     3    2.4511581e-05
331 region_rec_diffs(2,20)        -0.057998055     -3     3    2.8705718e-06
332 region_rec_diffs(2,21)        0.31266043     -3     3    -4.1413668e-05
333 region_rec_diffs(2,22)        -1.1525816     -3     3    -7.2855862e-05
334 region_rec_diffs(2,23)        -0.72710666     -3     3    -3.4666766e-05
335 region_rec_diffs(2,24)        -0.90271987     -3     3    2.5380921e-05
336 region_rec_diffs(2,25)        -1.7656413     -3     3    -3.3143652e-05
337 region_rec_diffs(2,26)        -1.5329609     -3     3    3.4138188e-05
338 region_rec_diffs(2,27)        -0.50419024     -3     3    -4.8668343e-06
339 region_rec_diffs(2,28)        -1.2244542     -3     3    -2.1809394e-05
340 region_rec_diffs(2,29)        0.73607133     -3     3    5.7565184e-06
341 region_rec_diffs(2,30)        0.065175216     -3     3    0.00021328931
342 region_rec_diffs(2,31)        0.12412381     -3     3    3.0632196e-05
343 region_rec_diffs(2,32)        -0.1774498     -3     3    -5.4053815e-05
344 region_rec_diffs(2,33)        -0.9831558     -3     3    1.9855669e-05
345 region_rec_diffs(2,34)        -1.8705743     -3     3    -1.3951196e-05
346 region_rec_diffs(2,35)        -0.26525532     -3     3    4.9886138e-05
347 region_rec_diffs(2,36)        -1.314532     -3     3    -7.7381172e-06
348 region_rec_diffs(2,37)        -1.2790007     -3     3    4.5853963e-05
349 region_rec_diffs(2,38)        -0.1236791     -3     3    -6.0958579e-05
350 region_rec_diffs(2,39)        -0.0068128012     -3     3    -1.0305215e-05
351 region_rec_diffs(2,40)        0.012092764     -3     3    3.8475904e-06
352 region_rec_diffs(2,41)        -0.41828082     -3     3    -0.00020956647
353 region_rec_diffs(2,42)        -1.0985793     -3     3    -3.1945827e-05
354 region_rec_diffs(2,43)        -0.094029851     -3     3    -6.4038147e-06
355 region_rec_diffs(2,44)        -1.1152646     -3     3    1.8287977e-05
356 region_rec_diffs(2,45)        -1.8566538     -3     3    -1.5563727e-05
357 region_rec_diffs(2,46)        -0.41335522     -3     3    1.6273976e-05
358 region_rec_diffs(2,47)        -0.37193959     -3     3    2.6447897e-05
359 region_rec_diffs(2,48)        -0.87018569     -3     3    -6.9485991e-05
360 region_rec_diffs(2,49)        -0.2008119     -3     3    -3.1917362e-05
361 region_rec_diffs(2,50)        -0.0012356368     -3     3    9.3976282e-07
362 region_rec_diffs(2,51)        -1.538733     -3     3    3.7579893e-05
363 region_rec_diffs(2,52)        -0.34892401     -3     3    -3.9315431e-05
364 region_rec_diffs(2,53)        -0.70960311     -3     3    -6.1791868e-05
365 region_rec_diffs(2,54)        -0.75521935     -3     3    3.3544198e-06
366 region_rec_diffs(2,55)        -0.56303339     -3     3    2.8106399e-05
367 region_rec_diffs(2,56)        -1.4237791     -3     3    3.166823e-05
368 region_rec_diffs(2,57)        -0.66057543     -3     3    -1.7615683e-05
369 region_rec_diffs(2,58)        -1.2284268     -3     3    -1.3468526e-05
370 region_rec_diffs(2,59)        -0.012402146     -3     3    -6.6297783e-06
371 region_rec_diffs(2,60)        -1.3724236     -3     3    -4.956267e-05
372 region_rec_diffs(2,61)        -1.6555496     -3     3    -1.0319834e-05
373 region_rec_diffs(2,62)        -0.039863194     -3     3    9.1333302e-06
374 region_rec_diffs(2,63)        -0.61154566     -3     3    -2.5018943e-05
375 region_rec_diffs(2,64)        -0.96326917     -3     3    1.4311568e-05
376 region_rec_diffs(2,65)        -1.0208322     -3     3    -2.3708841e-05
377 region_rec_diffs(2,66)        0.19822509     -3     3    -2.4194015e-05
378 region_rec_diffs(2,67)        -0.49461264     -3     3    1.6202414e-06
379 region_rec_diffs(2,68)        -1.2140072     -3     3    -3.6080424e-05
380 region_rec_diffs(2,69)        -0.89452751     -3     3    5.6949063e-05
381 region_rec_diffs(2,70)        -0.79284186     -3     3    2.440395e-05
382 region_rec_diffs(2,71)        -0.6141171     -3     3    6.7006141e-05
383 region_rec_diffs(2,72)        -0.075397595     -3     3    -0.00011261277
384 region_rec_diffs(2,73)        0.036756547     -3     3    8.1154396e-06
385 region_rec_diffs(2,74)        -0.47720182     -3     3    -5.0519623e-05
386 region_rec_diffs(2,75)        0.17238699     -3     3    2.1947271e-05
387 region_rec_diffs(2,76)        0.38955966     -3     3    0.00010049739
388 region_rec_diffs(2,77)        0.52522699     -3     3    -2.4678549e-05
389 region_rec_diffs(2,78)        -0.29658007     -3     3    2.4784724e-05
390 region_rec_diffs(2,79)        -0.19044035     -3     3    3.5117359e-05
391 region_rec_diffs(2,80)        -0.81219353     -3     3    0.00011066358
392 region_rec_diffs(2,81)        0.98400064     -3     3    0.00023582219
393 region_rec_diffs(2,82)        0.56898031     -3     3    1.8416173e-05
394 region_rec_diffs(2,83)        -0.84981745     -3     3    -4.2452714e-05
395 region_rec_diffs(2,84)        0.66630389     -3     3    -9.0731452e-05
396 region_rec_diffs(2,85)        -0.54321147     -3     3    4.7894753e-05
397 region_rec_diffs(2,86)        0.23131946     -3     3    -2.5115409e-05
398 region_rec_diffs(2,87)        -1.3305166     -3     3    6.46978e-05
399 region_rec_diffs(2,88)        -0.9304666     -3     3    7.0065592e-05
400 region_rec_diffs(2,89)        0.53472195     -3     3    9.9835586e-06
401 region_rec_diffs(2,90)        0.64735385     -3     3    0.00017518485
402 region_rec_diffs(2,91)        0.15392929     -3     3    2.7545495e-05
403 region_rec_diffs(2,92)        0.32388889     -3     3    1.6030735e-05
404 region_rec_diffs(2,93)        -0.31629022     -3     3    1.7124711e-06
405 region_rec_diffs(2,94)        -1.0796831     -3     3    1.1744271e-06
406 region_rec_diffs(2,95)        0.021412851     -3     3    -3.6505886e-05
407 region_rec_diffs(2,96)        -0.24031724     -3     3    3.2732318e-05
408 region_rec_diffs(2,97)        -1.0336848     -3     3    -3.6222991e-05
409 region_rec_diffs(2,98)        -0.78754191     -3     3    6.7258382e-05
410 region_rec_diffs(2,99)        0.26352482     -3     3    9.0187295e-05
411 region_rec_diffs(2,100)        0.44469853     -3     3    7.249184e-05
412 region_rec_diffs(2,101)        -1.0962861     -3     3    2.202287e-06
413 region_rec_diffs(2,102)        0.12288827     -3     3    -1.2847926e-05
414 region_rec_diffs(2,103)        -0.76301901     -3     3    7.2236899e-06
415 region_rec_diffs(2,104)        -0.76852366     -3     3    -0.0001249698
416 region_rec_diffs(2,105)        0.13782093     -3     3    5.3286883e-05
417 region_rec_diffs(2,106)        0.048277324     -3     3    2.4385736e-06
418 region_rec_diffs(2,107)        0.10830932     -3     3    4.2502699e-06
419 region_rec_diffs(2,108)        -0.46500424     -3     3    -4.8248875e-05
420 region_rec_diffs(2,109)        -0.31322677     -3     3    6.1602289e-05
421 region_rec_diffs(2,110)        0.11741863     -3     3    7.103519e-06
422 region_rec_diffs(2,111)        0.16416799     -3     3    -3.415691e-05
423 region_rec_diffs(2,112)        -0.86912794     -3     3    -2.2125347e-05
424 region_rec_diffs(2,113)        -0.083002639     -3     3    -4.9745888e-05
425 region_rec_diffs(2,114)        0.65729355     -3     3    4.5338511e-05
426 region_rec_diffs(2,115)        0.27456249     -3     3    -2.0898745e-05
427 region_rec_diffs(2,116)        -1.5314665     -3     3    3.3677245e-05
428 region_rec_diffs(2,117)        -0.33514283     -3     3    5.6178521e-05
429 region_rec_diffs(2,118)        0.40131387     -3     3    -2.1299707e-05
430 region_rec_diffs(2,119)        -0.15683634     -3     3    3.3805609e-05
431 region_rec_diffs(2,120)        -0.18196697     -3     3    3.1456434e-05
432 region_rec_diffs(2,121)        -1.0386666     -3     3    -2.7899644e-05
433 region_rec_diffs(2,122)        0.17208728     -3     3    8.5387485e-05
434 region_rec_diffs(2,123)        0.88901346     -3     3    -5.6959979e-06
435 region_rec_diffs(2,124)        -2.999998     -3     3    3.8381773e-07   *************
436 region_rec_diffs(2,125)        -0.11734388     -3     3    -0.00020624948
437 region_rec_diffs(2,126)        0.96140832     -3     3    -2.2800696e-06
438 region_rec_diffs(2,127)        0.95403306     -3     3    7.575953e-05
439 region_rec_diffs(2,128)        -0.88138032     -3     3    -2.6872685e-05
440 region_rec_diffs(2,129)        0.50177019     -3     3    -0.00018057828
441 region_rec_diffs(2,130)        0.8576913     -3     3    6.1058871e-05
442 region_rec_diffs(2,131)        -0.72200944     -3     3    0.0001404726
443 region_rec_diffs(2,132)        -2.1475547     -3     3    3.6299901e-06
444 region_rec_diffs(2,133)        0.12247814     -3     3    -0.00017364058
445 region_rec_diffs(2,134)        0.92022948     -3     3    -0.00014814023
446 region_rec_diffs(2,135)        0.72392723     -3     3    0.00012185833
447 region_rec_diffs(2,136)        -0.78610304     -3     3    4.2190711e-05
448 region_rec_diffs(2,137)        0.95726506     -3     3    -6.4323642e-05
449 region_rec_diffs(2,138)        0.69508876     -3     3    2.5938527e-05
450 region_rec_diffs(2,139)        1.1328504     -3     3    4.3266869e-05
451 region_rec_diffs(2,140)        1.0248464     -3     3    -0.00010689878
452 region_rec_diffs(2,141)        -1.8973028     -3     3    -8.2257915e-05
453 region_rec_diffs(2,142)        -0.49608397     -3     3    3.4572584e-05
454 region_rec_diffs(2,143)        0.12214558     -3     3    6.2674876e-05
455 region_rec_diffs(2,144)        0.546037     -3     3    0.00015234577
456 region_rec_diffs(2,145)        0.22544485     -3     3    0.00017580957
457 region_rec_diffs(2,146)        -0.75619166     -3     3    -1.1086606e-05
458 region_rec_diffs(2,147)        -1.102049     -3     3    -3.4626115e-06
459 region_rec_diffs(2,148)        0.012114963     -3     3    0.00030127356
460 region_rec_diffs(2,149)        1.0491124     -3     3    5.0360853e-06
461 region_rec_diffs(2,150)        1.1244214     -3     3    -8.533305e-05
462 region_rec_diffs(2,151)        -1.8898832     -3     3    4.4241052e-05
463 region_rec_diffs(2,152)        0.059225433     -3     3    0.00014400669
464 region_rec_diffs(2,153)        -1.4715824     -3     3    -1.4993518e-05
465 region_rec_diffs(2,154)        0.32905002     -3     3    -2.7536584e-06
466 region_rec_diffs(2,155)        -1.6437297     -3     3    -2.2385926e-05
467 region_rec_diffs(2,156)        -0.16341884     -3     3    0.00018205304
468 region_rec_diffs(2,157)        -1.1912372     -3     3    -3.3451369e-05
469 region_rec_diffs(2,158)        0.86937381     -3     3    -4.1247921e-05
470 region_rec_diffs(2,159)        -2.2416535     -3     3    -8.1429621e-05
471 region_rec_diffs(2,160)        0.64590583     -3     3    -7.1497074e-05
472 region_rec_diffs(2,161)        0.42292467     -3     3    -0.00017387099
473 region_rec_diffs(2,162)        -1.8472128     -3     3    7.9278892e-05
474 region_rec_diffs(2,163)        -1.3009782     -3     3    7.6011143e-05
475 region_rec_diffs(2,164)        -0.66647943     -3     3    -0.00011031755
476 region_rec_diffs(2,165)        1.0912901     -3     3    0.00040315198
477 region_rec_diffs(2,166)        1.0141953     -3     3    -0.00011486944
478 region_rec_diffs(2,167)        -0.080369565     -3     3    -3.8517405e-05
479 region_rec_diffs(2,168)        -0.30116912     -3     3    -0.00021663954
480 region_rec_diffs(2,169)        0.06446315     -3     3    -0.00036078566
481 region_rec_diffs(2,170)        0.6467603     -3     3    4.6869017e-05
482 region_rec_diffs(2,171)        -0.65882398     -3     3    9.8717971e-05
483 region_rec_diffs(2,172)        -2.9999857     -3     3    7.2277267e-05   *************
484 region_rec_diffs(2,173)        -1.1677349     -3     3    -9.0666998e-05
485 region_rec_diffs(2,174)        -0.65516381     -3     3    6.5253481e-05
486 region_rec_diffs(2,175)        0.11892726     -3     3    0.00011982782
487 region_rec_diffs(2,176)        0.16955269     -3     3    -1.2529879e-05
488 region_rec_diffs(2,177)        1.0177746     -3     3    0.00010174388
489 region_rec_diffs(2,178)        -0.27678024     -3     3    0.00020359152
490 region_rec_diffs(2,179)        -1.0495753     -3     3    4.6468017e-05
491 region_rec_diffs(2,180)        -0.35734229     -3     3    -3.0164858e-05
492 region_rec_diffs(2,181)        1.2017441     -3     3    -0.00025503203
493 region_rec_diffs(2,182)        1.1714377     -3     3    -0.0002542251
494 region_rec_diffs(2,183)        0.35090534     -3     3    -0.00012015064
495 region_rec_diffs(2,184)        0.31632491     -3     3    -0.00027544398
496 region_rec_diffs(2,185)        0.52996456     -3     3    -0.00016803611
497 region_rec_diffs(2,186)        0.091254405     -3     3    -0.00017746416
498 region_rec_diffs(2,187)        -1.2873579     -3     3    9.8246411e-05
499 region_rec_diffs(2,188)        0.23195804     -3     3    0.00013441534
500 region_rec_diffs(2,189)        0.39602966     -3     3    -0.00013323229
501 region_rec_diffs(2,190)        1.1920114     -3     3    -0.00029980909
502 region_rec_diffs(2,191)        -2.2321647     -3     3    5.7667299e-05
503 region_rec_diffs(2,192)        -0.019709836     -3     3    0.00022799803
504 region_rec_diffs(2,193)        -1.310285     -3     3    0.00011674759
505 region_rec_diffs(2,194)        0.55609396     -3     3    -1.6513281e-05
506 region_rec_diffs(2,195)        -0.037520107     -3     3    -0.00017906692
507 region_rec_diffs(2,196)        -1.2540621     -3     3    -0.00012788893
508 region_rec_diffs(2,197)        0.19117657     -3     3    -7.6113852e-05
509 region_rec_diffs(2,198)        1.1083047     -3     3    -0.00028218754
510 region_rec_diffs(2,199)        -1.545468     -3     3    -7.0081532e-05
511 region_rec_diffs(2,200)        0.72429086     -3     3    7.5274713e-05
512 region_rec_diffs(2,201)        -1.6445826     -3     3    -6.2531714e-05
513 region_rec_diffs(2,202)        0.60698885     -3     3    -3.5576291e-05
514 region_rec_diffs(2,203)        -2.4486162     -3     3    6.4324056e-05
515 region_rec_diffs(2,204)        0.24545994     -3     3    0.00022373013
516 region_rec_diffs(2,205)        1.0424238     -3     3    0.00018990863
517 region_rec_diffs(2,206)        1.1745475     -3     3    -0.00023991723
518 region_rec_diffs(2,207)        -0.43243395     -3     3    6.7325405e-05
519 region_rec_diffs(2,208)        0.30801048     -3     3    0.00019791463
520 region_rec_diffs(2,209)        0.30365557     -3     3    0.00055799997
521 region_rec_diffs(2,210)        -0.88001472     -3     3    -0.00018064708
522 region_rec_diffs(2,211)        -2.9999999     -3     3    5.358257e-07   *************
523 region_rec_diffs(2,212)        -0.031814669     -3     3    8.145258e-05
524 region_rec_diffs(2,213)        0.0062013858     -3     3    3.3454975e-05
525 region_rec_diffs(2,214)        1.0180266     -3     3    0.00016789647
526 region_rec_diffs(2,215)        -0.77151721     -3     3    5.3031143e-06
527 region_rec_diffs(2,216)        -0.26776207     -3     3    -0.00031036372
528 region_rec_diffs(2,217)        0.38061409     -3     3    8.1796465e-05
529 region_rec_diffs(2,218)        0.80426267     -3     3    -0.00017776388
530 region_rec_diffs(2,219)        0.20013398     -3     3    -3.6184018e-05
531 region_rec_diffs(2,220)        -1.3726948     -3     3    -0.00035323912
532 region_rec_diffs(2,221)        0.78104094     -3     3    -0.00012256613
533 region_rec_diffs(2,222)        0.97130589     -3     3    -0.00022440796
534 region_rec_diffs(2,223)        -0.91234836     -3     3    -4.8794392e-05
535 region_rec_diffs(2,224)        -0.17436909     -3     3    -8.9578994e-05
536 region_rec_diffs(2,225)        1.1599415     -3     3    -0.00036118785
537 region_rec_diffs(2,226)        1.20267     -3     3    0.00044181639
538 region_rec_diffs(2,227)        -0.80785446     -3     3    -0.00035123854
539 region_rec_diffs(2,228)        0.41734644     -3     3    -0.00011970494
540 region_rec_diffs(2,229)        -0.25570825     -3     3    7.2361819e-05
541 region_rec_diffs(2,230)        0.81192052     -3     3    -3.4983326e-06
542 region_rec_diffs(2,231)        -1.6083214     -3     3    9.4303226e-05
543 region_rec_diffs(2,232)        -0.14714932     -3     3    8.1124727e-05
544 region_rec_diffs(2,233)        0.33153936     -3     3    0.00012115667
545 region_rec_diffs(2,234)        0.58754854     -3     3    1.7298549e-06
546 region_rec_diffs(2,235)        -0.087895867     -3     3    0.00023293094
547 region_rec_diffs(2,236)        -0.24318681     -3     3    0.00013374608
548 region_rec_diffs(2,237)        0.24670628     -3     3    -0.00015272781
549 region_rec_diffs(2,238)        0.6336763     -3     3    3.6021838e-05
550 region_rec_diffs(2,239)        0.37777137     -3     3    0.00036161607
551 region_rec_diffs(2,240)        -0.58397122     -3     3    0.00027147329
552 region_rec_diffs(2,241)        -1.7648486     -3     3    -0.00010235376
553 region_rec_diffs(2,242)        0.80253355     -3     3    -0.00014588619
554 region_rec_diffs(2,243)        -0.21319022     -3     3    0.00026137208
555 region_rec_diffs(2,244)        0.26247148     -3     3    8.4337562e-05
556 region_rec_diffs(2,245)        0.17418888     -3     3    0.00010742288
557 region_rec_diffs(2,246)        0.73560583     -3     3    0.00016722998
558 region_rec_diffs(2,247)        0.075682758     -3     3    0.00016093192
559 region_rec_diffs(2,248)        -0.76168087     -3     3    -3.1146271e-05
560 region_rec_diffs(2,249)        0.85395193     -3     3    -0.0002675962
561 region_rec_diffs(2,250)        1.1320717     -3     3    -0.00017651997
562 region_rec_diffs(2,251)        0.78027932     -3     3    -5.6611809e-05
563 region_rec_diffs(2,252)        -0.53835757     -3     3    0.00013118615
564 region_rec_diffs(2,253)        0.48571721     -3     3    -0.00026769251
565 region_rec_diffs(2,254)        0.69482752     -3     3    0.00010994639
566 region_rec_diffs(2,255)        0.099961316     -3     3    -4.5802266e-05
567 region_rec_diffs(2,256)        -0.71824482     -3     3    -0.00014736165
568 region_rec_diffs(2,257)        0.77962081     -3     3    -0.00017551404
569 region_rec_diffs(2,258)        0.77490591     -3     3    9.4843919e-05
570 region_rec_diffs(2,259)        0.64382436     -3     3    -9.4504231e-05
571 region_rec_diffs(2,260)        -0.4833554     -3     3    -0.00021705679
572 region_rec_diffs(2,261)        -0.84449209     -3     3    -0.00025157259
573 region_rec_diffs(2,262)        1.1784876     -3     3    -0.00010521374
574 region_rec_diffs(2,263)        0.01912199     -3     3    3.0226281e-05
575 region_rec_diffs(2,264)        -1.0468466     -3     3    -0.00029437405
576 region_rec_diffs(2,265)        0.098967251     -3     3    -0.0002422717
577 region_rec_diffs(2,266)        1.1406622     -3     3    -7.3373535e-05
578 region_rec_diffs(2,267)        0.58305168     -3     3    0.00018039682
579 region_rec_diffs(2,268)        -0.68645431     -3     3    0.00011848517
580 region_rec_diffs(2,269)        -0.58792641     -3     3    0.00016607858
581 region_rec_diffs(2,270)        -0.075378486     -3     3    0.00014278271
582 region_rec_diffs(2,271)        -0.62857798     -3     3    0.00033940468
583 region_rec_diffs(2,272)        -0.7214893     -3     3    -5.9811109e-05
584 region_rec_diffs(2,273)        0.74446254     -3     3    -4.2900072e-05
585 region_rec_diffs(2,274)        -0.28517959     -3     3    2.5981432e-05
586 region_rec_diffs(2,275)        0.76666963     -3     3    2.390932e-07
587 region_rec_diffs(2,276)        -0.56584743     -3     3    -2.3146644e-05
588 region_rec_diffs(2,277)        -1.1896182     -3     3    -1.1525785e-05
589 region_rec_diffs(2,278)        -0.49116499     -3     3    -0.00015270006
590 region_rec_diffs(2,279)        0.88256815     -3     3    0.0001104379
591 region_rec_diffs(3,1)        0     -3     3    2.5958395e-20
592 region_rec_diffs(3,2)        -0.00069708234     -3     3    1.1614804e-08
593 region_rec_diffs(3,3)        -0.0018174284     -3     3    -1.6883536e-06
594 region_rec_diffs(3,4)        0.0076483137     -3     3    1.9963565e-06
595 region_rec_diffs(3,5)        0.56550897     -3     3    -2.9670735e-05
596 region_rec_diffs(3,6)        -6.2863293e-05     -3     3    -2.2553092e-07
597 region_rec_diffs(3,7)        -9.0606923e-05     -3     3    -4.2553265e-07
598 region_rec_diffs(3,8)        -0.00019334545     -3     3    -4.3989856e-07
599 region_rec_diffs(3,9)        -0.0018066281     -3     3    3.4134507e-07
600 region_rec_diffs(3,10)        2.7104356e-05     -3     3    6.9720263e-07
601 region_rec_diffs(3,11)        6.073305e-05     -3     3    7.8464361e-07
602 region_rec_diffs(3,12)        -7.6857994e-05     -3     3    9.5287221e-07
603 region_rec_diffs(3,13)        -0.0005054444     -3     3    -3.8053426e-07
604 region_rec_diffs(3,14)        -7.7421178e-05     -3     3    7.1252497e-07
605 region_rec_diffs(3,15)        2.4019298e-05     -3     3    2.6932718e-07
606 region_rec_diffs(3,16)        2.0954376e-05     -3     3    2.9371869e-07
607 region_rec_diffs(3,17)        -0.00011280335     -3     3    8.2566689e-07
608 region_rec_diffs(3,18)        -0.00044602554     -3     3    4.7853236e-07
609 region_rec_diffs(3,19)        4.5682942e-05     -3     3    7.2189891e-07
610 region_rec_diffs(3,20)        3.7281249e-05     -3     3    6.7317146e-07
611 region_rec_diffs(3,21)        -0.0001491561     -3     3    8.5174595e-07
612 region_rec_diffs(3,22)        -0.00025244228     -3     3    8.7035026e-07
613 region_rec_diffs(3,23)        2.0438247e-05     -3     3    8.735252e-07
614 region_rec_diffs(3,24)        2.0025763e-05     -3     3    8.9282286e-07
615 region_rec_diffs(3,25)        -0.00027354897     -3     3    8.590732e-07
616 region_rec_diffs(3,26)        -0.00028408279     -3     3    8.1728606e-07
617 region_rec_diffs(3,27)        1.5019999e-05     -3     3    5.2394125e-07
618 region_rec_diffs(3,28)        -0.0002348826     -3     3    7.1408699e-07
619 region_rec_diffs(3,29)        -2.1458577e-05     -3     3    1.4711685e-07
620 region_rec_diffs(3,30)        2.0946874e-06     -3     3    2.8492759e-07
621 region_rec_diffs(3,31)        6.7666056e-05     -3     3    6.1488141e-07
622 region_rec_diffs(3,32)        0.00011138668     -3     3    1.0536698e-06
623 region_rec_diffs(3,33)        -4.7311988e-05     -3     3    -3.8993858e-08
624 region_rec_diffs(3,34)        -0.00076347949     -3     3    -3.6242118e-06
625 region_rec_diffs(3,35)        0.00010351288     -3     3    1.0771021e-06
626 region_rec_diffs(3,36)        -0.0029299597     -3     3    -2.6458876e-05
627 region_rec_diffs(3,37)        -0.00015340676     -3     3    -5.7922359e-07
628 region_rec_diffs(3,38)        9.4638877e-05     -3     3    8.5403646e-07
629 region_rec_diffs(3,39)        0.00011605211     -3     3    1.060955e-06
630 region_rec_diffs(3,40)        0.0001361543     -3     3    1.1677328e-06
631 region_rec_diffs(3,41)        -0.00091820218     -3     3    -8.0856803e-06
632 region_rec_diffs(3,42)        -0.00019124353     -3     3    -4.6905524e-07
633 region_rec_diffs(3,43)        -0.00033365343     -3     3    -3.113862e-06
634 region_rec_diffs(3,44)        -0.00014409386     -3     3    -1.0217233e-06
635 region_rec_diffs(3,45)        -0.00035404402     -3     3    -1.8408917e-06
636 region_rec_diffs(3,46)        3.4683988e-05     -3     3    4.0860052e-07
637 region_rec_diffs(3,47)        9.0564902e-05     -3     3    9.201098e-07
638 region_rec_diffs(3,48)        -3.4418993e-05     -3     3    -5.3005136e-07
639 region_rec_diffs(3,49)        -5.0137144e-05     -3     3    1.915608e-07
640 region_rec_diffs(3,50)        3.6603345e-05     -3     3    3.2498892e-07
641 region_rec_diffs(3,51)        -0.00024084829     -3     3    4.9921642e-07
642 region_rec_diffs(3,52)        7.2349292e-05     -3     3    1.0754393e-06
643 region_rec_diffs(3,53)        -0.00017541567     -3     3    -1.1740161e-06
644 region_rec_diffs(3,54)        7.8900725e-05     -3     3    9.7346496e-07
645 region_rec_diffs(3,55)        1.920411e-05     -3     3    3.0318871e-07
646 region_rec_diffs(3,56)        5.5693641e-05     -3     3    1.0751967e-06
647 region_rec_diffs(3,57)        1.6364088e-05     -3     3    1.9538026e-07
648 region_rec_diffs(3,58)        -8.6548989e-05     -3     3    9.6123173e-07
649 region_rec_diffs(3,59)        -0.00044728611     -3     3    -4.2234791e-06
650 region_rec_diffs(3,60)        1.3966283e-05     -3     3    1.2455603e-06
651 region_rec_diffs(3,61)        -0.00041360682     -3     3    -1.6915884e-08
652 region_rec_diffs(3,62)        1.9456907e-05     -3     3    2.2893136e-07
653 region_rec_diffs(3,63)        -5.3896753e-05     -3     3    -5.9220819e-08
654 region_rec_diffs(3,64)        8.5774716e-05     -3     3    1.0732628e-06
655 region_rec_diffs(3,65)        -6.9369533e-05     -3     3    -7.2267805e-07
656 region_rec_diffs(3,66)        1.2415261e-05     -3     3    -4.9737179e-10
657 region_rec_diffs(3,67)        9.5635492e-05     -3     3    1.0642838e-06
658 region_rec_diffs(3,68)        5.4855272e-05     -3     3    1.0516716e-06
659 region_rec_diffs(3,69)        -7.1752409e-05     -3     3    -8.3876327e-07
660 region_rec_diffs(3,70)        -2.3546649e-05     -3     3    1.5081403e-07
661 region_rec_diffs(3,71)        5.240399e-05     -3     3    9.4474058e-07
662 region_rec_diffs(3,72)        2.8850683e-05     -3     3    5.636516e-07
663 region_rec_diffs(3,73)        6.8134312e-05     -3     3    1.0797967e-06
664 region_rec_diffs(3,74)        -5.9524295e-06     -3     3    4.1628891e-07
665 region_rec_diffs(3,75)        8.5842937e-05     -3     3    7.7523821e-07
666 region_rec_diffs(3,76)        4.9619559e-05     -3     3    6.1864809e-07
667 region_rec_diffs(3,77)        4.7343764e-05     -3     3    3.7315341e-07
668 region_rec_diffs(3,78)        7.3922459e-05     -3     3    9.2502079e-07
669 region_rec_diffs(3,79)        5.8993448e-05     -3     3    8.3863555e-07
670 region_rec_diffs(3,80)        -0.00033735069     -3     3    3.5490912e-07
671 region_rec_diffs(3,81)        -5.4105154e-05     -3     3    6.4748738e-07
672 region_rec_diffs(3,82)        0.00010654655     -3     3    8.158955e-07
673 region_rec_diffs(3,83)        1.3344825e-05     -3     3    1.526788e-06
674 region_rec_diffs(3,84)        -0.00016701075     -3     3    1.7314363e-07
675 region_rec_diffs(3,85)        -7.5346431e-05     -3     3    -6.5833578e-07
676 region_rec_diffs(3,86)        0.00012182528     -3     3    1.0544746e-06
677 region_rec_diffs(3,87)        -0.00036980947     -3     3    -2.4860749e-06
678 region_rec_diffs(3,88)        -3.1992786e-05     -3     3    6.2974878e-08
679 region_rec_diffs(3,89)        5.8449159e-05     -3     3    4.3587227e-07
680 region_rec_diffs(3,90)        6.8723154e-05     -3     3    5.7759114e-07
681 region_rec_diffs(3,91)        4.7975881e-05     -3     3    5.8221965e-07
682 region_rec_diffs(3,92)        -0.00022320417     -3     3    4.7604385e-07
683 region_rec_diffs(3,93)        -0.00010905049     -3     3    -5.6010266e-07
684 region_rec_diffs(3,94)        0.00067924636     -3     3    -5.2094643e-08
685 region_rec_diffs(3,95)        0.00019064312     -3     3    1.3959303e-06
686 region_rec_diffs(3,96)        8.8677568e-05     -3     3    6.8080713e-07
687 region_rec_diffs(3,97)        -6.1604345e-05     -3     3    9.4387994e-08
688 region_rec_diffs(3,98)        -6.5287228e-05     -3     3    2.9881462e-07
689 region_rec_diffs(3,99)        0.00029809748     -3     3    1.1680313e-06
690 region_rec_diffs(3,100)        -0.0001463049     -3     3    -1.1675227e-06
691 region_rec_diffs(3,101)        0.0001455009     -3     3    8.1678575e-07
692 region_rec_diffs(3,102)        9.4179925e-05     -3     3    8.1729804e-07
693 region_rec_diffs(3,103)        -5.4706491e-05     -3     3    -6.5570313e-07
694 region_rec_diffs(3,104)        0.00020627454     -3     3    1.1517248e-06
695 region_rec_diffs(3,105)        0.00010239259     -3     3    9.5313874e-07
696 region_rec_diffs(3,106)        6.7218005e-05     -3     3    6.3292667e-07
697 region_rec_diffs(3,107)        8.9257888e-05     -3     3    8.4780005e-07
698 region_rec_diffs(3,108)        -9.8471024e-05     -3     3    6.2919277e-08
699 region_rec_diffs(3,109)        6.3398801e-05     -3     3    7.6209439e-07
700 region_rec_diffs(3,110)        0.00010151431     -3     3    9.3459924e-07
701 region_rec_diffs(3,111)        6.5435966e-05     -3     3    5.8588862e-07
702 region_rec_diffs(3,112)        6.9781578e-05     -3     3    6.6140622e-07
703 region_rec_diffs(3,113)        2.5522031e-05     -3     3    4.9563442e-08
704 region_rec_diffs(3,114)        2.7943179e-05     -3     3    3.3728315e-07
705 region_rec_diffs(3,115)        6.0183628e-05     -3     3    4.2011388e-07
706 region_rec_diffs(3,116)        8.953966e-05     -3     3    -5.6278107e-07
707 region_rec_diffs(3,117)        4.8730809e-05     -3     3    1.2527598e-07
708 region_rec_diffs(3,118)        7.347313e-05     -3     3    5.0246622e-07
709 region_rec_diffs(3,119)        0.0001781674     -3     3    9.4272852e-07
710 region_rec_diffs(3,120)        6.2064147e-05     -3     3    -7.7065881e-07
711 region_rec_diffs(3,121)        -1.9235525e-05     -3     3    7.8879369e-07
712 region_rec_diffs(3,122)        -2.0330386e-05     -3     3    7.0219629e-07
713 region_rec_diffs(3,123)        2.3158389e-06     -3     3    5.5037812e-08
714 region_rec_diffs(3,124)        4.1927975e-05     -3     3    -5.3678179e-07
715 region_rec_diffs(3,125)        0.00013388191     -3     3    1.0629679e-06
716 region_rec_diffs(3,126)        -1.0688054e-06     -3     3    2.5075393e-08
717 region_rec_diffs(3,127)        0.0001176473     -3     3    1.056392e-06
718 region_rec_diffs(3,128)        -8.802747e-05     -3     3    -4.7706385e-07
719 region_rec_diffs(3,129)        5.7713184e-05     -3     3    6.6471611e-07
720 region_rec_diffs(3,130)        4.0145889e-05     -3     3    3.1160203e-07
721 region_rec_diffs(3,131)        6.1783103e-05     -3     3    -1.9798782e-07
722 region_rec_diffs(3,132)        8.7280594e-05     -3     3    -3.2358452e-07
723 region_rec_diffs(3,133)        -0.00029705571     -3     3    4.0505499e-07
724 region_rec_diffs(3,134)        2.5239984e-05     -3     3    9.6429614e-07
725 region_rec_diffs(3,135)        -0.00014285788     -3     3    2.4644998e-07
726 region_rec_diffs(3,136)        -0.00033202685     -3     3    6.0688687e-08
727 region_rec_diffs(3,137)        6.4940763e-05     -3     3    7.3840149e-07
728 region_rec_diffs(3,138)        6.5424334e-05     -3     3    5.9710108e-07
729 region_rec_diffs(3,139)        -0.00019063841     -3     3    -9.3513411e-07
730 region_rec_diffs(3,140)        -0.00051213444     -3     3    -1.0510036e-07
731 region_rec_diffs(3,141)        -0.00047963351     -3     3    7.2494676e-07
732 region_rec_diffs(3,142)        7.6824927e-05     -3     3    9.0077497e-07
733 region_rec_diffs(3,143)        -6.1354422e-05     -3     3    -3.4161526e-07
734 region_rec_diffs(3,144)        -0.0020972943     -3     3    -1.2012008e-05
735 region_rec_diffs(3,145)        4.8931067e-05     -3     3    9.280009e-07
736 region_rec_diffs(3,146)        0.00017232932     -3     3    1.1023323e-06
737 region_rec_diffs(3,147)        -0.00026931793     -3     3    -1.2518111e-06
738 region_rec_diffs(3,148)        -0.0020158254     -3     3    -1.9645692e-05
739 region_rec_diffs(3,149)        -0.00059903667     -3     3    -1.3090958e-06
740 region_rec_diffs(3,150)        -0.00037285075     -3     3    -1.4124692e-06
741 region_rec_diffs(3,151)        -0.0018659539     -3     3    -7.3974353e-07
742 region_rec_diffs(3,152)        -0.012040477     -3     3    -2.0013795e-07
743 region_rec_diffs(3,153)        -0.0063014273     -3     3    1.647716e-05
744 region_rec_diffs(3,154)        0.00036169409     -3     3    5.372241e-07
745 region_rec_diffs(3,155)        -0.001407862     -3     3    -1.381483e-06
746 region_rec_diffs(3,156)        -0.0039533303     -3     3    8.7321703e-06
747 region_rec_diffs(3,157)        3.1831314e-05     -3     3    9.3446319e-07
748 region_rec_diffs(3,158)        0.00027346682     -3     3    1.5128733e-07
749 region_rec_diffs(3,159)        -0.0013080527     -3     3    -9.0099724e-07
750 region_rec_diffs(3,160)        -0.033017253     -3     3    -4.2753075e-07
751 region_rec_diffs(3,161)        1.5228902e-05     -3     3    8.633909e-07
752 region_rec_diffs(3,162)        -0.00060102233     -3     3    6.4436671e-06
753 region_rec_diffs(3,163)        -0.013355774     -3     3    -3.2388185e-07
754 region_rec_diffs(3,164)        -0.012561295     -3     3    2.079151e-05
755 region_rec_diffs(3,165)        -0.00060878634     -3     3    -2.4922971e-07
756 region_rec_diffs(3,166)        -0.0020236707     -3     3    -1.6576791e-05
757 region_rec_diffs(3,167)        -0.00041713199     -3     3    -1.6448428e-06
758 region_rec_diffs(3,168)        -0.0072846827     -3     3    5.7550133e-07
759 region_rec_diffs(3,169)        -0.002428831     -3     3    -8.4134915e-07
760 region_rec_diffs(3,170)        -0.0023731368     -3     3    -2.7228084e-05
761 region_rec_diffs(3,171)        0.00078891331     -3     3    1.1144273e-06
762 region_rec_diffs(3,172)        0.0016304738     -3     3    -4.5886536e-08
763 region_rec_diffs(3,173)        -0.00084286252     -3     3    -9.3334765e-07
764 region_rec_diffs(3,174)        -0.0011550547     -3     3    6.307623e-07
765 region_rec_diffs(3,175)        -4.5029468e-05     -3     3    -1.1670076e-06
766 region_rec_diffs(3,176)        0.0021665041     -3     3    3.9956833e-07
767 region_rec_diffs(3,177)        -8.8861763e-05     -3     3    -1.1273162e-06
768 region_rec_diffs(3,178)        -4.707325e-05     -3     3    5.5921935e-07
769 region_rec_diffs(3,179)        -0.00093346726     -3     3    -6.4631711e-07
770 region_rec_diffs(3,180)        -0.015505411     -3     3    2.8936525e-05
771 region_rec_diffs(3,181)        -0.0019206653     -3     3    -7.4345495e-07
772 region_rec_diffs(3,182)        -0.0017162117     -3     3    -1.4401217e-06
773 region_rec_diffs(3,183)        -0.00092781732     -3     3    1.5127404e-07
774 region_rec_diffs(3,184)        -0.022292791     -3     3    -4.2475484e-06
775 region_rec_diffs(3,185)        -0.0038455604     -3     3    3.3481466e-06
776 region_rec_diffs(3,186)        -0.013704376     -3     3    2.4312337e-06
777 region_rec_diffs(3,187)        -0.0055442482     -3     3    1.6921792e-06
778 region_rec_diffs(3,188)        -0.0003252893     -3     3    3.8823288e-06
779 region_rec_diffs(3,189)        -0.00055630299     -3     3    9.9112142e-08
780 region_rec_diffs(3,190)        -0.0019691436     -3     3    1.0256393e-06
781 region_rec_diffs(3,191)        -0.0066232467     -3     3    -9.3806452e-07
782 region_rec_diffs(3,192)        -0.040945993     -3     3    -4.1575695e-08
783 region_rec_diffs(3,193)        -0.01781295     -3     3    6.1746144e-07
784 region_rec_diffs(3,194)        -0.012745304     -3     3    8.3633135e-07
785 region_rec_diffs(3,195)        -0.0015635699     -3     3    -3.9647256e-07
786 region_rec_diffs(3,196)        -0.0010746087     -3     3    1.104355e-06
787 region_rec_diffs(3,197)        -0.00018611005     -3     3    -1.4996471e-06
788 region_rec_diffs(3,198)        0.00081644835     -3     3    1.1128242e-06
789 region_rec_diffs(3,199)        -0.0032593614     -3     3    2.0778891e-07
790 region_rec_diffs(3,200)        -0.004461665     -3     3    4.645008e-08
791 region_rec_diffs(3,201)        -0.0092612928     -3     3    1.0099327e-06
792 region_rec_diffs(3,202)        -0.002811902     -3     3    -5.6761813e-07
793 region_rec_diffs(3,203)        -0.0012776757     -3     3    4.7194279e-07
794 region_rec_diffs(3,204)        0.00067576281     -3     3    8.522757e-07
795 region_rec_diffs(3,205)        0.00012532168     -3     3    1.0148724e-06
796 region_rec_diffs(3,206)        -0.00018834492     -3     3    9.27151e-07
797 region_rec_diffs(3,207)        -0.0010149036     -3     3    7.3450365e-07
798 region_rec_diffs(3,208)        -0.0023928659     -3     3    -6.3104651e-08
799 region_rec_diffs(3,209)        -0.011837266     -3     3    -1.0617338e-06
800 region_rec_diffs(3,210)        -0.0041003299     -3     3    9.8587052e-07
801 region_rec_diffs(3,211)        -0.043015387     -3     3    -2.3348391e-06
802 region_rec_diffs(3,212)        -0.0062091996     -3     3    -8.2533113e-08
803 region_rec_diffs(3,213)        -9.5328158e-05     -3     3    2.4317181e-07
804 region_rec_diffs(3,214)        0.00033354655     -3     3    1.011899e-06
805 region_rec_diffs(3,215)        -0.0046973291     -3     3    -1.0486751e-06
806 region_rec_diffs(3,216)        0.0051771881     -3     3    -1.3027792e-06
807 region_rec_diffs(3,217)        -0.001777666     -3     3    -6.2503408e-07
808 region_rec_diffs(3,218)        0.00071364949     -3     3    2.8688538e-07
809 region_rec_diffs(3,219)        -0.00090029201     -3     3    1.0625184e-06
810 region_rec_diffs(3,220)        0.00143287     -3     3    -1.8311962e-06
811 region_rec_diffs(3,221)        -0.0060017456     -3     3    1.4606051e-05
812 region_rec_diffs(3,222)        -0.0070107703     -3     3    6.6755183e-07
813 region_rec_diffs(3,223)        -0.011925802     -3     3    -7.4012166e-07
814 region_rec_diffs(3,224)        -0.021215669     -3     3    -1.184495e-06
815 region_rec_diffs(3,225)        -0.00052008712     -3     3    9.4468938e-07
816 region_rec_diffs(3,226)        -0.00058593423     -3     3    7.2724731e-07
817 region_rec_diffs(3,227)        -0.001733185     -3     3    -6.2306541e-07
818 region_rec_diffs(3,228)        -0.0096367265     -3     3    7.9877883e-06
819 region_rec_diffs(3,229)        0.0020281518     -3     3    1.6730081e-05
820 region_rec_diffs(3,230)        0.00081439625     -3     3    2.484925e-05
821 region_rec_diffs(3,231)        -0.0055046131     -3     3    3.3001098e-05
822 region_rec_diffs(3,232)        0.003667735     -3     3    3.4289094e-06
823 region_rec_diffs(3,233)        0.0015546524     -3     3    2.8355871e-05
824 region_rec_diffs(3,234)        0.0027012652     -3     3    7.1494565e-07
825 region_rec_diffs(3,235)        -0.00090056462     -3     3    1.9801016e-05
826 region_rec_diffs(3,236)        0.0023410574     -3     3    2.9495715e-05
827 region_rec_diffs(3,237)        -0.0053232936     -3     3    -1.0847394e-06
828 region_rec_diffs(3,238)        -0.0016059915     -3     3    3.4563278e-05
829 region_rec_diffs(3,239)        -0.0049543587     -3     3    -7.3747624e-08
830 region_rec_diffs(3,240)        -0.027310361     -3     3    -1.5221709e-06
831 region_rec_diffs(3,241)        -0.0029246072     -3     3    1.1207722e-05
832 region_rec_diffs(3,242)        -0.018257152     -3     3    -9.4268806e-05
833 region_rec_diffs(3,243)        -0.0071437276     -3     3    1.5145151e-05
834 region_rec_diffs(3,244)        -0.0054906737     -3     3    -5.0352435e-05
835 region_rec_diffs(3,245)        -0.004274198     -3     3    4.3456602e-06
836 region_rec_diffs(3,246)        0.00092896796     -3     3    -1.5808065e-06
837 region_rec_diffs(3,247)        -0.0025115624     -3     3    -9.9263843e-07
838 region_rec_diffs(3,248)        0.0099926502     -3     3    6.9044867e-06
839 region_rec_diffs(3,249)        -0.00057258769     -3     3    -4.4027806e-07
840 region_rec_diffs(3,250)        0.0021579922     -3     3    1.00384e-06
841 region_rec_diffs(3,251)        -0.0016535183     -3     3    4.6579583e-07
842 region_rec_diffs(3,252)        0.0007742189     -3     3    -1.5161113e-06
843 region_rec_diffs(3,253)        -0.0016998337     -3     3    8.6497314e-07
844 region_rec_diffs(3,254)        -0.0020809872     -3     3    -3.587598e-05
845 region_rec_diffs(3,255)        -0.01302734     -3     3    -1.1759462e-07
846 region_rec_diffs(3,256)        -0.010606595     -3     3    2.0791043e-05
847 region_rec_diffs(3,257)        -0.0021430673     -3     3    2.6882013e-05
848 region_rec_diffs(3,258)        -0.0025680158     -3     3    -8.7688926e-07
849 region_rec_diffs(3,259)        -0.0069460226     -3     3    9.4199508e-06
850 region_rec_diffs(3,260)        0.0061422961     -3     3    3.649272e-05
851 region_rec_diffs(3,261)        0.00020650423     -3     3    3.5932778e-05
852 region_rec_diffs(3,262)        0.0031533089     -3     3    -7.0656682e-07
853 region_rec_diffs(3,263)        -0.015489784     -3     3    -3.857989e-07
854 region_rec_diffs(3,264)        0.0021454841     -3     3    1.8934371e-06
855 region_rec_diffs(3,265)        -0.001254641     -3     3    -6.949794e-06
856 region_rec_diffs(3,266)        -0.00051330405     -3     3    1.0373882e-07
857 region_rec_diffs(3,267)        -0.0033084781     -3     3    -1.409098e-07
858 region_rec_diffs(3,268)        0.0040511287     -3     3    -4.44974e-07
859 region_rec_diffs(3,269)        -0.0018145068     -3     3    -2.7259329e-07
860 region_rec_diffs(3,270)        0.0017728812     -3     3    1.127244e-07
861 region_rec_diffs(3,271)        -0.010167584     -3     3    1.8725028e-06
862 region_rec_diffs(3,272)        -0.0035496651     -3     3    -1.1577879e-06
863 region_rec_diffs(3,273)        -0.0035074771     -3     3    -9.4239459e-07
864 region_rec_diffs(3,274)        -0.022029206     -3     3    4.2433292e-06
865 region_rec_diffs(3,275)        0.0012323607     -3     3    8.4978256e-06
866 region_rec_diffs(3,276)        -0.00074090578     -3     3    -1.4467995e-06
867 region_rec_diffs(3,277)        0.00047497623     -3     3    3.9694788e-06
868 region_rec_diffs(3,278)        -0.00037578264     -3     3    8.8998072e-07
869 region_rec_diffs(3,279)        -0.00038862774     -3     3    -5.0304419e-07
870 region_rec_diffs(4,1)        0     -3     3    4.2864331e-16
871 region_rec_diffs(4,2)        -0.62850929     -3     3    -0.0001045453
872 region_rec_diffs(4,3)        -0.59002449     -3     3    1.3244597e-05
873 region_rec_diffs(4,4)        -0.73890195     -3     3    -5.2975526e-05
874 region_rec_diffs(4,5)        -0.79291679     -3     3    3.7918325e-05
875 region_rec_diffs(4,6)        -0.31327331     -3     3    -1.5586719e-05
876 region_rec_diffs(4,7)        -0.37209076     -3     3    2.0576175e-05
877 region_rec_diffs(4,8)        -0.76519652     -3     3    0.00016544948
878 region_rec_diffs(4,9)        -2.275101     -3     3    -0.00016812269
879 region_rec_diffs(4,10)        -0.20598675     -3     3    -2.0667251e-05
880 region_rec_diffs(4,11)        -0.12355459     -3     3    -4.8676623e-05
881 region_rec_diffs(4,12)        -0.51543783     -3     3    5.6893041e-05
882 region_rec_diffs(4,13)        -0.57792804     -3     3    6.8412351e-05
883 region_rec_diffs(4,14)        1.1404248     -3     3    8.1538555e-05
884 region_rec_diffs(4,15)        0.08194242     -3     3    7.8386032e-06
885 region_rec_diffs(4,16)        0.065691988     -3     3    4.5180362e-06
886 region_rec_diffs(4,17)        -0.86380333     -3     3    -7.8786691e-06
887 region_rec_diffs(4,18)        -1.3234584     -3     3    8.9712753e-05
888 region_rec_diffs(4,19)        -0.27052227     -3     3    1.633947e-05
889 region_rec_diffs(4,20)        -0.2810234     -3     3    1.5270348e-05
890 region_rec_diffs(4,21)        -1.0200923     -3     3    -7.7972024e-06
891 region_rec_diffs(4,22)        -1.1244705     -3     3    -2.5599564e-05
892 region_rec_diffs(4,23)        -0.47949756     -3     3    -3.1018188e-05
893 region_rec_diffs(4,24)        -0.46554419     -3     3    1.9434242e-05
894 region_rec_diffs(4,25)        -1.2066113     -3     3    -1.6289777e-05
895 region_rec_diffs(4,26)        -0.88705171     -3     3    3.8840988e-05
896 region_rec_diffs(4,27)        -0.18348004     -3     3    -1.1939304e-05
897 region_rec_diffs(4,28)        -0.14665054     -3     3    -9.5670494e-05
898 region_rec_diffs(4,29)        0.097780328     -3     3    -1.749658e-06
899 region_rec_diffs(4,30)        0.91480294     -3     3    0.0003398754
900 region_rec_diffs(4,31)        0.20436114     -3     3    2.5520244e-05
901 region_rec_diffs(4,32)        0.68024704     -3     3    -3.5834254e-05
902 region_rec_diffs(4,33)        0.82723495     -3     3    -4.1814128e-05
903 region_rec_diffs(4,34)        -0.48867303     -3     3    -1.7811729e-05
904 region_rec_diffs(4,35)        -0.057748211     -3     3    3.1377917e-05
905 region_rec_diffs(4,36)        -0.6073209     -3     3    1.0396965e-05
906 region_rec_diffs(4,37)        0.31590762     -3     3    -6.9030717e-05
907 region_rec_diffs(4,38)        0.57596323     -3     3    -9.3103356e-05
908 region_rec_diffs(4,39)        0.12539323     -3     3    -8.6958378e-06
909 region_rec_diffs(4,40)        0.47608483     -3     3    3.2232045e-06
910 region_rec_diffs(4,41)        -0.31174037     -3     3    2.692895e-06
911 region_rec_diffs(4,42)        -0.77120656     -3     3    1.6595255e-05
912 region_rec_diffs(4,43)        -0.002174952     -3     3    -1.6647986e-05
913 region_rec_diffs(4,44)        0.69993832     -3     3    0.00014642767
914 region_rec_diffs(4,45)        -0.45327767     -3     3    6.0099882e-05
915 region_rec_diffs(4,46)        0.084517291     -3     3    -2.8612155e-05
916 region_rec_diffs(4,47)        0.036681345     -3     3    6.4407563e-06
917 region_rec_diffs(4,48)        0.8654197     -3     3    -2.7654305e-05
918 region_rec_diffs(4,49)        -0.56349692     -3     3    -7.0621079e-06
919 region_rec_diffs(4,50)        0.13983658     -3     3    -4.5556517e-05
920 region_rec_diffs(4,51)        -1.0967325     -3     3    -1.3578749e-08
921 region_rec_diffs(4,52)        -0.22498165     -3     3    -1.368223e-05
922 region_rec_diffs(4,53)        1.0382791     -3     3    -0.00020247851
923 region_rec_diffs(4,54)        1.187751     -3     3    0.00010066168
924 region_rec_diffs(4,55)        0.35471746     -3     3    7.3330206e-06
925 region_rec_diffs(4,56)        0.72142648     -3     3    3.9469141e-05
926 region_rec_diffs(4,57)        0.61488531     -3     3    8.0968064e-05
927 region_rec_diffs(4,58)        -0.28026168     -3     3    -2.4239059e-05
928 region_rec_diffs(4,59)        0.19612164     -3     3    -0.0001045103
929 region_rec_diffs(4,60)        0.85068893     -3     3    -0.00012217949
930 region_rec_diffs(4,61)        -1.3584213     -3     3    2.2283871e-05
931 region_rec_diffs(4,62)        0.063705492     -3     3    -5.669859e-06
932 region_rec_diffs(4,63)        -0.33882463     -3     3    -3.9556582e-05
933 region_rec_diffs(4,64)        1.1132735     -3     3    0.00015785707
934 region_rec_diffs(4,65)        0.75306165     -3     3    4.7115787e-05
935 region_rec_diffs(4,66)        0.31164854     -3     3    8.6040532e-06
936 region_rec_diffs(4,67)        -0.20863763     -3     3    -7.8866334e-06
937 region_rec_diffs(4,68)        -0.63252492     -3     3    -2.0487978e-05
938 region_rec_diffs(4,69)        0.24099117     -3     3    7.0638454e-05
939 region_rec_diffs(4,70)        0.34945156     -3     3    0.00012526563
940 region_rec_diffs(4,71)        -0.26761966     -3     3    9.9263085e-05
941 region_rec_diffs(4,72)        0.74402983     -3     3    0.00018584411
942 region_rec_diffs(4,73)        -0.34120698     -3     3    0.00010082796
943 region_rec_diffs(4,74)        -0.27707337     -3     3    -3.9327286e-05
944 region_rec_diffs(4,75)        0.21291852     -3     3    -1.0528041e-06
945 region_rec_diffs(4,76)        0.7924512     -3     3    3.817993e-05
946 region_rec_diffs(4,77)        0.070394615     -3     3    3.0980918e-05
947 region_rec_diffs(4,78)        -0.32139401     -3     3    3.3210757e-05
948 region_rec_diffs(4,79)        -0.25217208     -3     3    4.0625015e-05
949 region_rec_diffs(4,80)        -1.5352281     -3     3    4.0079015e-05
950 region_rec_diffs(4,81)        -0.78174403     -3     3    7.0970842e-05
951 region_rec_diffs(4,82)        -0.193933     -3     3    8.1281848e-06
952 region_rec_diffs(4,83)        0.35880085     -3     3    -9.1559871e-05
953 region_rec_diffs(4,84)        0.020322833     -3     3    2.9969388e-05
954 region_rec_diffs(4,85)        1.0019347     -3     3    8.6601147e-05
955 region_rec_diffs(4,86)        0.28616423     -3     3    1.1047169e-05
956 region_rec_diffs(4,87)        0.5328239     -3     3    0.00011424064
957 region_rec_diffs(4,88)        1.3425587     -3     3    -0.00041106452
958 region_rec_diffs(4,89)        0.29012811     -3     3    4.6964209e-06
959 region_rec_diffs(4,90)        0.29024448     -3     3    0.00012222281
960 region_rec_diffs(4,91)        0.2276938     -3     3    -2.1967676e-06
961 region_rec_diffs(4,92)        -0.71420203     -3     3    -6.7879181e-05
962 region_rec_diffs(4,93)        -0.29808678     -3     3    -7.0266812e-06
963 region_rec_diffs(4,94)        -1.2532608     -3     3    -0.00010000812
964 region_rec_diffs(4,95)        0.95315732     -3     3    -0.00018693221
965 region_rec_diffs(4,96)        0.58547645     -3     3    4.2615467e-05
966 region_rec_diffs(4,97)        -0.61473868     -3     3    -5.7415762e-05
967 region_rec_diffs(4,98)        -0.63698875     -3     3    6.0052767e-06
968 region_rec_diffs(4,99)        0.63492851     -3     3    4.9297992e-05
969 region_rec_diffs(4,100)        -0.59042567     -3     3    1.0426889e-06
970 region_rec_diffs(4,101)        -0.42296738     -3     3    4.2002102e-05
971 region_rec_diffs(4,102)        0.14995461     -3     3    -1.6525115e-05
972 region_rec_diffs(4,103)        1.2615172     -3     3    -4.5142372e-05
973 region_rec_diffs(4,104)        0.098239831     -3     3    -0.00018317738
974 region_rec_diffs(4,105)        0.025788044     -3     3    4.8836805e-05
975 region_rec_diffs(4,106)        0.010459773     -3     3    5.3210294e-07
976 region_rec_diffs(4,107)        0.022412462     -3     3    1.226727e-05
977 region_rec_diffs(4,108)        -0.4333485     -3     3    -3.4702221e-05
978 region_rec_diffs(4,109)        -0.050909083     -3     3    5.6416615e-05
979 region_rec_diffs(4,110)        0.081090287     -3     3    5.6739144e-06
980 region_rec_diffs(4,111)        0.075147304     -3     3    -1.3513963e-05
981 region_rec_diffs(4,112)        0.038360204     -3     3    -0.00011204111
982 region_rec_diffs(4,113)        0.63561147     -3     3    -6.2039601e-05
983 region_rec_diffs(4,114)        -0.089549821     -3     3    2.0533829e-05
984 region_rec_diffs(4,115)        0.25573115     -3     3    2.1389741e-06
985 region_rec_diffs(4,116)        0.38594693     -3     3    -1.3045939e-05
986 region_rec_diffs(4,117)        -0.21933871     -3     3    3.8712424e-05
987 region_rec_diffs(4,118)        0.2716499     -3     3    -3.5890975e-06
988 region_rec_diffs(4,119)        0.46710959     -3     3    -4.7468329e-06
989 region_rec_diffs(4,120)        0.95009147     -3     3    0.00011817915
990 region_rec_diffs(4,121)        -1.1653328     -3     3    -4.5760475e-05
991 region_rec_diffs(4,122)        -1.0486766     -3     3    -4.7002406e-06
992 region_rec_diffs(4,123)        -0.20322929     -3     3    1.7595291e-05
993 region_rec_diffs(4,124)        0.87574092     -3     3    2.4872861e-05
994 region_rec_diffs(4,125)        0.36283957     -3     3    -0.00022917234
995 region_rec_diffs(4,126)        -0.35232765     -3     3    -5.6281664e-05
996 region_rec_diffs(4,127)        0.0067609727     -3     3    3.8793039e-05
997 region_rec_diffs(4,128)        -0.67974848     -3     3    -0.00015237221
998 region_rec_diffs(4,129)        -0.22922687     -3     3    -0.00012453569
999 region_rec_diffs(4,130)        -0.091688215     -3     3    -1.0967057e-05
1000 region_rec_diffs(4,131)        0.9886807     -3     3    0.00016253077
1001 region_rec_diffs(4,132)        -0.12417551     -3     3    6.9795217e-05
1002 region_rec_diffs(4,133)        -1.7668286     -3     3    -2.875653e-05
1003 region_rec_diffs(4,134)        -0.94140729     -3     3    4.9518959e-06
1004 region_rec_diffs(4,135)        -1.4496938     -3     3    -2.960341e-05
1005 region_rec_diffs(4,136)        -1.6194024     -3     3    -6.1081993e-05
1006 region_rec_diffs(4,137)        -0.07604805     -3     3    5.184505e-05
1007 region_rec_diffs(4,138)        0.32132683     -3     3    3.0136346e-05
1008 region_rec_diffs(4,139)        -0.61233882     -3     3    -2.0619836e-05
1009 region_rec_diffs(4,140)        -1.8568134     -3     3    -1.9428207e-05
1010 region_rec_diffs(4,141)        -1.8261005     -3     3    -4.6295662e-05
1011 region_rec_diffs(4,142)        -0.27054475     -3     3    2.6419532e-05
1012 region_rec_diffs(4,143)        0.31612314     -3     3    3.6387201e-05
1013 region_rec_diffs(4,144)        -1.643693     -3     3    -4.8012188e-05
1014 region_rec_diffs(4,145)        -1.1226054     -3     3    -5.026673e-05
1015 region_rec_diffs(4,146)        1.2832252     -3     3    1.4919086e-05
1016 region_rec_diffs(4,147)        1.4000966     -3     3    -5.7097499e-05
1017 region_rec_diffs(4,148)        -2.3274323     -3     3    -1.6982058e-05
1018 region_rec_diffs(4,149)        -1.3271117     -3     3    4.5810178e-05
1019 region_rec_diffs(4,150)        -0.99821647     -3     3    -5.9946826e-06
1020 region_rec_diffs(4,151)        1.458589     -3     3    -0.00020553989
1021 region_rec_diffs(4,152)        -2.9997842     -3     3    1.8285487e-05   *************
1022 region_rec_diffs(4,153)        -2.9999994     -3     3    -2.6427747e-06   *************
1023 region_rec_diffs(4,154)        0.69291568     -3     3    -5.95562e-05
1024 region_rec_diffs(4,155)        1.4200186     -3     3    -4.660124e-05
1025 region_rec_diffs(4,156)        -2.7360764     -3     3    -9.5852392e-06
1026 region_rec_diffs(4,157)        -0.35088715     -3     3    -5.026263e-05
1027 region_rec_diffs(4,158)        0.18282524     -3     3    -6.1401011e-05
1028 region_rec_diffs(4,159)        1.5286599     -3     3    -0.00063343486
1029 region_rec_diffs(4,160)        -0.9418598     -3     3    -5.0590618e-05
1030 region_rec_diffs(4,161)        -0.10898805     -3     3    -0.00022738868
1031 region_rec_diffs(4,162)        1.4491532     -3     3    0.00019315156
1032 region_rec_diffs(4,163)        0.73163805     -3     3    -0.00016183619
1033 region_rec_diffs(4,164)        -2.7316085     -3     3    0.00024633793
1034 region_rec_diffs(4,165)        -1.3874717     -3     3    -2.1378358e-05
1035 region_rec_diffs(4,166)        -0.21081546     -3     3    -7.123316e-05
1036 region_rec_diffs(4,167)        1.2628804     -3     3    -7.2066224e-05
1037 region_rec_diffs(4,168)        -1.1440486     -3     3    -0.00010613581
1038 region_rec_diffs(4,169)        -2.1949208     -3     3    -7.3006956e-05
1039 region_rec_diffs(4,170)        0.74663573     -3     3    -0.00010252353
1040 region_rec_diffs(4,171)        1.4106929     -3     3    7.597046e-05
1041 region_rec_diffs(4,172)        0.17335663     -3     3    -0.00021432423
1042 region_rec_diffs(4,173)        0.75936344     -3     3    -3.8706614e-05
1043 region_rec_diffs(4,174)        1.337267     -3     3    -6.3104113e-05
1044 region_rec_diffs(4,175)        1.1111708     -3     3    -9.3356147e-05
1045 region_rec_diffs(4,176)        -0.26835805     -3     3    4.0510086e-05
1046 region_rec_diffs(4,177)        -2.5946785     -3     3    -7.5607476e-05
1047 region_rec_diffs(4,178)        -0.94094122     -3     3    0.00016702875
1048 region_rec_diffs(4,179)        1.4351476     -3     3    0.00056560593
1049 region_rec_diffs(4,180)        -2.772432     -3     3    -2.4455436e-05
1050 region_rec_diffs(4,181)        -2.0779829     -3     3    -3.2826034e-05
1051 region_rec_diffs(4,182)        -0.83683363     -3     3    -1.8096848e-05
1052 region_rec_diffs(4,183)        0.97695342     -3     3    2.2203714e-05
1053 region_rec_diffs(4,184)        -0.34263811     -3     3    -4.4196666e-05
1054 region_rec_diffs(4,185)        -2.8432555     -3     3    6.0822322e-06
1055 region_rec_diffs(4,186)        1.1560502     -3     3    -7.5054157e-05
1056 region_rec_diffs(4,187)        1.0195974     -3     3    -0.00013684227
1057 region_rec_diffs(4,188)        -1.8122258     -3     3    -2.5506637e-05
1058 region_rec_diffs(4,189)        -1.4947766     -3     3    -1.8721094e-05
1059 region_rec_diffs(4,190)        -1.8611414     -3     3    -2.0161459e-05
1060 region_rec_diffs(4,191)        1.500683     -3     3    -0.00031820722
1061 region_rec_diffs(4,192)        -1.4779458     -3     3    1.0228983e-05
1062 region_rec_diffs(4,193)        -2.9999998     -3     3    -4.3828944e-08   *************
1063 region_rec_diffs(4,194)        0.88805885     -3     3    -9.8856256e-05
1064 region_rec_diffs(4,195)        1.2154016     -3     3    0.00019225423
1065 region_rec_diffs(4,196)        0.08586844     -3     3    -0.00012840413
1066 region_rec_diffs(4,197)        -0.51400509     -3     3    -3.6994988e-05
1067 region_rec_diffs(4,198)        -0.41234657     -3     3    1.6541785e-05
1068 region_rec_diffs(4,199)        1.5018255     -3     3    0.00024130847
1069 region_rec_diffs(4,200)        0.37738695     -3     3    -0.00011134991
1070 region_rec_diffs(4,201)        -2.9999994     -3     3    7.5782366e-07   *************
1071 region_rec_diffs(4,202)        0.6418092     -3     3    0.00015072727
1072 region_rec_diffs(4,203)        0.74696103     -3     3    -5.9613774e-05
1073 region_rec_diffs(4,204)        0.9786453     -3     3    -0.00010298449
1074 region_rec_diffs(4,205)        -0.32494356     -3     3    9.469595e-05
1075 region_rec_diffs(4,206)        -1.1734028     -3     3    -4.6543873e-05
1076 region_rec_diffs(4,207)        1.1482382     -3     3    0.00013820862
1077 region_rec_diffs(4,208)        0.21441351     -3     3    9.0508438e-05
1078 region_rec_diffs(4,209)        -2.9999998     -3     3    3.7938522e-08   *************
1079 region_rec_diffs(4,210)        -2.0657278     -3     3    0.00018898055
1080 region_rec_diffs(4,211)        1.5186894     -3     3    -0.00029892508
1081 region_rec_diffs(4,212)        1.1973443     -3     3    0.0001851707
1082 region_rec_diffs(4,213)        0.86086661     -3     3    -0.000227028
1083 region_rec_diffs(4,214)        -0.066052182     -3     3    2.1573795e-05
1084 region_rec_diffs(4,215)        1.3971533     -3     3    -0.00019410773
1085 region_rec_diffs(4,216)        0.10871752     -3     3    -0.00016019024
1086 region_rec_diffs(4,217)        -1.7018734     -3     3    0.00013643826
1087 region_rec_diffs(4,218)        0.51877304     -3     3    -3.0208742e-06
1088 region_rec_diffs(4,219)        1.0941243     -3     3    0.00034569127
1089 region_rec_diffs(4,220)        0.0044886763     -3     3    -8.8851317e-05
1090 region_rec_diffs(4,221)        -2.9999984     -3     3    9.2617952e-07   *************
1091 region_rec_diffs(4,222)        0.14319191     -3     3    4.5452732e-05
1092 region_rec_diffs(4,223)        1.0039852     -3     3    0.00022633607
1093 region_rec_diffs(4,224)        -0.46163844     -3     3    0.00011580572
1094 region_rec_diffs(4,225)        -1.6526368     -3     3    5.9320511e-05
1095 region_rec_diffs(4,226)        -1.3077956     -3     3    -1.8200204e-05
1096 region_rec_diffs(4,227)        1.3969166     -3     3    9.7133362e-05
1097 region_rec_diffs(4,228)        0.18762695     -3     3    -0.00030100068
1098 region_rec_diffs(4,229)        -1.9815855     -3     3    9.6876889e-05
1099 region_rec_diffs(4,230)        0.47863186     -3     3    -0.00030507293
1100 region_rec_diffs(4,231)        0.95016607     -3     3    5.8368035e-05
1101 region_rec_diffs(4,232)        0.18760085     -3     3    -3.7541399e-05
1102 region_rec_diffs(4,233)        -1.7860876     -3     3    5.2885028e-05
1103 region_rec_diffs(4,234)        0.77399754     -3     3    -7.9531193e-05
1104 region_rec_diffs(4,235)        1.0517941     -3     3    -2.3863261e-05
1105 region_rec_diffs(4,236)        -0.13349677     -3     3    -1.8157579e-05
1106 region_rec_diffs(4,237)        -2.5314735     -3     3    -2.4501695e-05
1107 region_rec_diffs(4,238)        0.5764106     -3     3    -0.00014043667
1108 region_rec_diffs(4,239)        0.93750499     -3     3    -0.0001840232
1109 region_rec_diffs(4,240)        0.96975008     -3     3    -0.00025947178
1110 region_rec_diffs(4,241)        -2.8908679     -3     3    1.00771e-05
1111 region_rec_diffs(4,242)        0.41735831     -3     3    -6.1224168e-06
1112 region_rec_diffs(4,243)        0.42739668     -3     3    -0.00010799618
1113 region_rec_diffs(4,244)        0.31550219     -3     3    -2.0640367e-05
1114 region_rec_diffs(4,245)        -1.0856444     -3     3    -9.8484443e-05
1115 region_rec_diffs(4,246)        0.47512381     -3     3    -3.7771627e-05
1116 region_rec_diffs(4,247)        0.96697254     -3     3    -4.2018562e-05
1117 region_rec_diffs(4,248)        0.29639714     -3     3    0.00017557956
1118 region_rec_diffs(4,249)        -0.40631508     -3     3    -3.0094673e-05
1119 region_rec_diffs(4,250)        -0.57518154     -3     3    -8.7236673e-05
1120 region_rec_diffs(4,251)        0.59788195     -3     3    -5.8446472e-05
1121 region_rec_diffs(4,252)        -0.42537819     -3     3    0.00026750646
1122 region_rec_diffs(4,253)        -2.1214507     -3     3    -5.1200871e-05
1123 region_rec_diffs(4,254)        0.66258106     -3     3    -0.00025317414
1124 region_rec_diffs(4,255)        1.1593392     -3     3    -2.3594962e-05
1125 region_rec_diffs(4,256)        -1.6877179     -3     3    -0.00019052609
1126 region_rec_diffs(4,257)        -2.7916849     -3     3    3.0735141e-05
1127 region_rec_diffs(4,258)        0.53323116     -3     3    -0.00017955344
1128 region_rec_diffs(4,259)        0.058452746     -3     3    -0.0002408315
1129 region_rec_diffs(4,260)        -0.88411925     -3     3    0.00020986073
1130 region_rec_diffs(4,261)        -2.7946471     -3     3    -0.00028806675
1131 region_rec_diffs(4,262)        -2.251908     -3     3    7.060862e-05
1132 region_rec_diffs(4,263)        1.0862213     -3     3    -1.006044e-05
1133 region_rec_diffs(4,264)        0.11254602     -3     3    -4.9685847e-05
1134 region_rec_diffs(4,265)        -1.4797708     -3     3    -5.6547309e-06
1135 region_rec_diffs(4,266)        -0.97472483     -3     3    -0.00010986538
1136 region_rec_diffs(4,267)        0.80578807     -3     3    4.3596928e-05
1137 region_rec_diffs(4,268)        0.064202484     -3     3    0.0001911343
1138 region_rec_diffs(4,269)        -2.1546794     -3     3    -2.1972342e-05
1139 region_rec_diffs(4,270)        1.1559787     -3     3    -0.00020942794
1140 region_rec_diffs(4,271)        1.3439834     -3     3    -8.9941767e-05
1141 region_rec_diffs(4,272)        -0.22725128     -3     3    -3.6278262e-05
1142 region_rec_diffs(4,273)        -2.5163483     -3     3    -2.8077224e-05
1143 region_rec_diffs(4,274)        1.3271526     -3     3    0.00013180908
1144 region_rec_diffs(4,275)        0.48067619     -3     3    -0.00013204202
1145 region_rec_diffs(4,276)        1.2998483     -3     3    -0.00012885008
1146 region_rec_diffs(4,277)        1.3014715     -3     3    8.1393299e-05
1147 region_rec_diffs(4,278)        1.0651139     -3     3    -5.9457141e-05
1148 region_rec_diffs(4,279)        -0.52054367     -3     3    -5.7781132e-06
1149 bs_selcoff_gp:1(1,1,1,1)        -9.2206368     -20     7    -7.9378958e-06
1150 bs_selcoff_gp:1(1,1,1,2)        -2.2909454     -20     7    -4.7064865e-05
1151 bs_selcoff_gp:1(1,1,1,3)        0.76717658     -20     7    3.6129195e-05
1152 bs_selcoff_gp:1(1,1,1,4)        0.55678369     -20     7    -9.8396378e-06
1153 bs_selcoff_gp:2(2,1,1,1)        -5.6574363     -20     7    -0.00011002818
1154 bs_selcoff_gp:2(2,1,1,2)        -1.4236032     -20     7    -3.8230501e-05
1155 bs_selcoff_gp:2(2,1,1,3)        0.47926215     -20     7    0.00010258036
1156 bs_selcoff_gp:2(2,1,1,4)        0.76117096     -20     7    2.7055019e-05
1157 bs_selcoff_gp:3(3,1,1,1)        -19.974611     -20     7    0.0003109431
1158 bs_selcoff_gp:3(3,1,1,2)        -4.728057     -20     7    0.0002531624
1159 bs_selcoff_gp:3(3,1,1,3)        0.73132112     -20     7    2.6706974e-05
1160 bs_selcoff_gp:3(3,1,1,4)        0.64910354     -20     7    -0.00012250732
1161 bs_selcoff_gp:4(4,1,1,1)        -4.6099237     -20     7    -0.00011141363
1162 bs_selcoff_gp:4(4,1,1,2)        -1.4822174     -20     7    0.00024876769
1163 bs_selcoff_gp:4(4,1,1,3)        0.90028516     -20     7    -4.5306691e-06
1164 bs_selcoff_gp:4(4,1,1,4)        0.26438463     -20     7    5.1613436e-05
1165 bs_selcoff_gp:5(5,1,1,1)        -5.2597487     -20     7    -7.5032929e-05
1166 bs_selcoff_gp:5(5,1,1,2)        -1.7284391     -20     7    -0.00034326962
1167 bs_selcoff_gp:5(5,1,1,3)        0.80976741     -20     7    -0.00011182114
1168 bs_selcoff_gp:5(5,1,1,4)        0.45094869     -20     7    -1.6693367e-05
1169 bs_selcoff_gp:6(6,1,1,1)        -5.2416868     -20     7    0.00014629305
1170 bs_selcoff_gp:6(6,1,1,2)        -1.247866     -20     7    1.0132247e-05
1171 bs_selcoff_gp:6(6,1,1,3)        0.8212897     -20     7    9.7177036e-05
1172 bs_selcoff_gp:6(6,1,1,4)        0.36059779     -20     7    -1.0254064e-05
1173 bs_selcoff_gp:7(7,1,1,1)        -5.7009876     -20     7    0.00016662183
1174 bs_selcoff_gp:7(7,1,1,2)        -1.7420437     -20     7    -4.5868064e-05
1175 bs_selcoff_gp:7(7,1,1,3)        0.91666886     -20     7    1.8247009e-05
1176 bs_selcoff_gp:7(7,1,1,4)        0.27805141     -20     7    -4.1756914e-05
1177 bs_selcoff_gp:8(8,1,1,1)        -5.5282349     -20     7    -3.8770168e-05
1178 bs_selcoff_gp:8(8,1,1,2)        -4.1047441     -20     7    8.3505845e-05
1179 bs_selcoff_gp:8(8,1,1,3)        0.90627332     -20     7    2.7622483e-05
1180 bs_selcoff_gp:8(8,1,1,4)        0.408435     -20     7    2.4932276e-05
1181 bs_selcoff_gp:9(9,1,1,1)        -8.5372105     -20     7    1.2019517e-05
1182 bs_selcoff_gp:9(9,1,1,2)        -5.9839423     -20     7    5.7730392e-05
1183 bs_selcoff_gp:9(9,1,1,3)        0.10073564     -20     7    3.5506868e-05
1184 bs_selcoff_gp:9(9,1,1,4)        1.0617105     -20     7    9.2482965e-06
1185 bs_selcoff_gp:10(10,1,1,1)        -4.6505152     -20     7    5.9444613e-05
1186 bs_selcoff_gp:10(10,1,1,2)        -0.85200703     -20     7    -0.00011782107
1187 bs_selcoff_gp:10(10,1,1,3)        0.55906329     -20     7    -6.558413e-05
1188 bs_selcoff_gp:10(10,1,1,4)        0.59600142     -20     7    8.4122936e-05
1189 bs_selcoff_gp:11(11,1,1,1)        -8.3247087     -20     7    -2.3173828e-05
1190 bs_selcoff_gp:11(11,1,1,2)        -3.0375353     -20     7    6.965839e-05
1191 bs_selcoff_gp:11(11,1,1,3)        1.2215796     -20     7    3.2182462e-05
1192 bs_selcoff_gp:11(11,1,1,4)        -0.58114679     -20     7    -0.00013201638
1193 bs_selcoff_gp:12(12,1,1,1)        -12.081184     -20     7    -0.00016187293
1194 bs_selcoff_gp:12(12,1,1,2)        -4.0571427     -20     7    0.00017297542
1195 bs_selcoff_gp:12(12,1,1,3)        0.98280018     -20     7    1.9414859e-05
1196 bs_selcoff_gp:12(12,1,1,4)        0.27061637     -20     7    5.1479546e-05
1197 bs_selcoff_gp:13(13,1,1,1)        0.50204681     -20     7    2.6911693e-05
1198 bs_selcoff_gp:13(13,1,1,2)        0.82580548     -20     7    -1.6900945e-05
1199 bs_selcoff_gp:13(13,1,1,3)        -3.0993943     -20     7    -0.00011952822
1200 bs_selcoff_gp:13(13,1,1,4)        -3.9581371     -20     7    -1.4303158e-05
1201 bs_selcoff_gp:14(14,1,1,1)        0.52867196     -20     7    -0.00010386186
1202 bs_selcoff_gp:14(14,1,1,2)        0.77212145     -20     7    0.00010235276
1203 bs_selcoff_gp:14(14,1,1,3)        -2.075474     -20     7    0.00014150416
1204 bs_selcoff_gp:14(14,1,1,4)        -4.3065196     -20     7    -6.5674893e-05
1205 bs_selcoff_gp:15(15,1,1,1)        0.38346149     -20     7    0.00036603412
1206 bs_selcoff_gp:15(15,1,1,2)        0.89652361     -20     7    -0.00021427625
1207 bs_selcoff_gp:15(15,1,1,3)        -2.7236507     -20     7    0.00024669273
1208 bs_selcoff_gp:15(15,1,1,4)        -4.1367092     -20     7    -8.0513496e-05
1209 bs_selcoff_gp:16(16,1,1,1)        -1.0882715     -20     7    -6.9701471e-06
1210 bs_selcoff_gp:16(16,1,1,2)        1.2788507     -20     7    1.7443718e-05
1211 bs_selcoff_gp:16(16,1,1,3)        -2.7259907     -20     7    2.8734035e-05
1212 bs_selcoff_gp:16(16,1,1,4)        -5.2564315     -20     7    -3.4519727e-06
1213 bs_selcoff_gp:17(17,1,1,1)        0.034745753     -20     7    2.1674898e-05
1214 bs_selcoff_gp:17(17,1,1,2)        1.0615139     -20     7    -4.3521985e-05
1215 bs_selcoff_gp:17(17,1,1,3)        -2.6577321     -20     7    -3.1702279e-05
1216 bs_selcoff_gp:17(17,1,1,4)        -5.5770114     -20     7    -3.0311349e-05
1217 bs_selcoff_gp:18(18,1,1,1)        -0.67872626     -20     7    -3.0905927e-06
1218 bs_selcoff_gp:18(18,1,1,2)        1.2121207     -20     7    7.0805924e-06
1219 bs_selcoff_gp:18(18,1,1,3)        -2.1659559     -20     7    1.6936545e-05
1220 bs_selcoff_gp:18(18,1,1,4)        -4.0463073     -20     7    -8.6368753e-05
1221 bs_selcoff_gp:19(19,1,1,1)        0.48305515     -20     7    0.0001128324
1222 bs_selcoff_gp:19(19,1,1,2)        0.67931001     -20     7    0.00016990937
1223 bs_selcoff_gp:19(19,1,1,3)        -0.91802796     -20     7    7.5378393e-05
1224 bs_selcoff_gp:19(19,1,1,4)        -4.9312847     -20     7    0.00020334098
1225 bs_selcoff_gp:20(20,1,1,1)        -2.3883654     -20     7    -8.8712901e-05
1226 bs_selcoff_gp:20(20,1,1,2)        -0.95944613     -20     7    -8.299986e-05
1227 bs_selcoff_gp:20(20,1,1,3)        -0.41742894     -20     7    -5.850535e-05
1228 bs_selcoff_gp:20(20,1,1,4)        1.0530409     -20     7    4.2812754e-06
1229 bs_selcoff_gp:21(21,1,1,1)        0.34701264     -20     7    -0.00019193185
1230 bs_selcoff_gp:21(21,1,1,2)        0.90363926     -20     7    -3.6681051e-05
1231 bs_selcoff_gp:21(21,1,1,3)        -2.1580498     -20     7    9.0135506e-06
1232 bs_selcoff_gp:21(21,1,1,4)        -6.8821809     -20     7    5.8970823e-05
1233 bs_selcoff_gp:22(22,1,1,1)        -1.5754212     -20     7    -0.0001974796
1234 bs_selcoff_gp:22(22,1,1,2)        1.2517203     -20     7    -4.2268297e-06
1235 bs_selcoff_gp:22(22,1,1,3)        -1.2595969     -20     7    7.8591863e-05
1236 bs_selcoff_gp:22(22,1,1,4)        -4.346872     -20     7    1.1541634e-05
1237 bs_selcoff_gp:23(23,1,1,1)        -4.2933286     -20     7    -0.00010106494
1238 bs_selcoff_gp:23(23,1,1,2)        1.3664514     -20     7    -1.5557566e-05
1239 bs_selcoff_gp:23(23,1,1,3)        -2.7345414     -20     7    -4.8930579e-05
1240 bs_selcoff_gp:23(23,1,1,4)        -11.605101     -20     7    0.00018473376
1241 bs_selcoff_gp:24(24,1,1,1)        -3.0601964     -20     7    -5.674497e-06
1242 bs_selcoff_gp:24(24,1,1,2)        1.0192078     -20     7    1.081541e-05
1243 bs_selcoff_gp:24(24,1,1,3)        0.16710751     -20     7    5.9998342e-06
1244 bs_selcoff_gp:24(24,1,1,4)        -8.3209492     -20     7    6.1768877e-06
1245 bs_selcoff_gp:25(25,1,1,1)        -1.8548213     -20     7    0.00013125018
1246 bs_selcoff_gp:25(25,1,1,2)        1.3021882     -20     7    -6.7643446e-06
1247 bs_selcoff_gp:25(25,1,1,3)        -1.8039775     -20     7    -8.972535e-05
1248 bs_selcoff_gp:25(25,1,1,4)        -6.472858     -20     7    -3.0700477e-06
1249 bs_selcoff_gp:26(26,1,1,1)        -0.52038556     -20     7    0.00017938939
1250 bs_selcoff_gp:26(26,1,1,2)        1.2188441     -20     7    -3.9924151e-05
1251 bs_selcoff_gp:26(26,1,1,3)        -3.8456388     -20     7    -1.7113416e-06
1252 bs_selcoff_gp:26(26,1,1,4)        -6.8227499     -20     7    0.00014376671
1253 bs_selcoff_gp:27(27,1,1,1)        -1.886586     -20     7    -0.0001034489
1254 bs_selcoff_gp:27(27,1,1,2)        1.3456288     -20     7    -5.9702945e-07
1255 bs_selcoff_gp:27(27,1,1,3)        -5.0063712     -20     7    0.00010335475
1256 bs_selcoff_gp:27(27,1,1,4)        -6.7890625     -20     7    0.00011543849
1257 bs_selcoff_gp:28(28,1,1,1)        -1.2833663     -20     7    0.00013335684
1258 bs_selcoff_gp:28(28,1,1,2)        1.3153437     -20     7    -2.1974149e-05
1259 bs_selcoff_gp:28(28,1,1,3)        -20     -20     7    5.2106401e-06   *************
1260 bs_selcoff_gp:28(28,1,1,4)        -6.8023585     -20     7    -8.1930102e-06
1261 bs_selcoff_gp:29(29,1,1,1)        -8.708733     -20     7    1.8187284e-05
1262 bs_selcoff_gp:29(29,1,1,2)        -2.8104555     -20     7    -0.00012378277
1263 bs_selcoff_gp:29(29,1,1,3)        0.79484144     -20     7    7.6748952e-05
1264 bs_selcoff_gp:29(29,1,1,4)        0.54555495     -20     7    -4.3772975e-05
1265 recr(2)        0.95346682     -20     20    2.2895656e-06
1266 recr(3)        1.0630869     -20     20    0.00012499667
1267 recr(4)        0.98802856     -20     20    -0.00013581549
1268 recr(5)        0.93907339     -20     20    1.0509287e-05
1269 recr(6)        -1.5041861     -20     20    -1.6862169e-05
1270 recr(7)        -1.3006135     -20     20    -9.3677426e-05
1271 recr(8)        -0.064751889     -20     20    -0.00017163651
1272 recr(9)        2.6243374     -20     20    -0.00011335758
1273 recr(10)        -0.87281432     -20     20    0.0001062064
1274 recr(11)        -1.4068586     -20     20    -2.6260956e-05
1275 recr(12)        0.9544122     -20     20    -0.00019943219
1276 recr(13)        2.4370145     -20     20    -2.180467e-05
1277 recr(14)        0.96212228     -20     20    -8.8172821e-05
1278 recr(15)        -1.7216131     -20     20    -7.7458677e-05
1279 recr(16)        -0.99248276     -20     20    -1.5230245e-05
1280 recr(17)        1.2443488     -20     20    -3.5365926e-05
1281 recr(18)        1.6372821     -20     20    -0.00013131849
1282 recr(19)        -1.2203874     -20     20    -1.5917583e-05
1283 recr(20)        -1.0000281     -20     20    -1.6028317e-05
1284 recr(21)        1.1203177     -20     20    3.457514e-05
1285 recr(22)        1.0484556     -20     20    0.00016015321
1286 recr(23)        -0.79578268     -20     20    4.8852652e-05
1287 recr(24)        -0.59804954     -20     20    -1.6825029e-05
1288 recr(25)        1.1752762     -20     20    -7.8511375e-05
1289 recr(26)        1.4683204     -20     20    0.00024400718
1290 recr(27)        -0.51723592     -20     20    -3.9638167e-06
1291 recr(28)        2.0935572     -20     20    -0.00014353475
1292 recr(29)        0.43157154     -20     20    -0.00010431975
1293 recr(30)        -0.2309335     -20     20    -2.3136563e-05
1294 recr(31)        -1.9877925     -20     20    3.8284628e-05
1295 recr(32)        -0.70141933     -20     20    -5.0085535e-05
1296 recr(33)        0.73406556     -20     20    -9.0128456e-05
1297 recr(34)        1.5838621     -20     20    5.2156809e-05
1298 recr(35)        -2.2531746     -20     20    -3.7122891e-05
1299 recr(36)        0.38186922     -20     20    5.7498146e-05
1300 recr(37)        1.7272196     -20     20    0.00016244037
1301 recr(38)        -1.1896621     -20     20    3.8098203e-05
1302 recr(39)        -2.8669398     -20     20    4.3558414e-05
1303 recr(40)        -1.4062638     -20     20    4.1707611e-05
1304 recr(41)        1.5318014     -20     20    2.5876823e-05
1305 recr(42)        0.82234936     -20     20    3.5783845e-05
1306 recr(43)        -2.1533056     -20     20    -8.0993491e-06
1307 recr(44)        0.64838452     -20     20    -9.9988135e-05
1308 recr(45)        1.185007     -20     20    -0.00021835364
1309 recr(46)        -1.8775953     -20     20    -1.5281469e-05
1310 recr(47)        -1.6941756     -20     20    -3.5874266e-06
1311 recr(48)        1.1376813     -20     20    9.3473945e-05
1312 recr(49)        1.4004146     -20     20    0.00019374513
1313 recr(50)        -2.6940877     -20     20    -2.143763e-05
1314 recr(51)        0.31462907     -20     20    0.0001035177
1315 recr(52)        -0.51580913     -20     20    -6.0934406e-05
1316 recr(53)        1.0761185     -20     20    0.00014477399
1317 recr(54)        -0.57902335     -20     20    -3.5152157e-05
1318 recr(55)        -1.2244331     -20     20    -1.0640692e-05
1319 recr(56)        0.42524007     -20     20    -0.00011416825
1320 recr(57)        0.15497128     -20     20    -2.083911e-05
1321 recr(58)        1.4269573     -20     20    -0.00021503162
1322 recr(59)        -1.7280675     -20     20    2.7666064e-06
1323 recr(60)        1.3268416     -20     20    0.00025345187
1324 recr(61)        1.2997633     -20     20    -8.0967939e-05
1325 recr(62)        -2.2537659     -20     20    3.6764056e-05
1326 recr(63)        -1.2808866     -20     20    3.3970689e-05
1327 recr(64)        0.30526279     -20     20    0.00014045022
1328 recr(65)        0.61610679     -20     20    0.00021509274
1329 recr(66)        -2.4626376     -20     20    -2.4550982e-06
1330 recr(67)        -1.0776398     -20     20    4.124472e-05
1331 recr(68)        0.64604166     -20     20    7.9617153e-06
1332 recr(69)        1.162351     -20     20    0.00015859909
1333 recr(70)        0.32552725     -20     20    -0.0001333034
1334 recr(71)        -0.51989111     -20     20    -9.2945615e-05
1335 recr(72)        1.1124492     -20     20    -4.524607e-05
1336 recr(73)        1.4088921     -20     20    -0.0001065589
1337 recr(74)        -0.77641685     -20     20    -9.451862e-06
1338 recr(75)        -2.4703392     -20     20    -2.1114318e-05
1339 recr(76)        0.2727943     -20     20    -2.7847645e-05
1340 recr(77)        -0.566406     -20     20    -6.9498524e-05
1341 recr(78)        -1.5811403     -20     20    -5.4713133e-05
1342 recr(79)        -2.2328109     -20     20    1.0530575e-05
1343 recr(80)        1.5848669     -20     20    5.8381478e-05
1344 recr(81)        -0.24314577     -20     20    -8.8917036e-05
1345 recr(82)        -1.6720748     -20     20    2.143172e-05
1346 recr(83)        0.96894503     -20     20    2.1695117e-05
1347 recr(84)        1.0078343     -20     20    0.00010152948
1348 recr(85)        0.35594555     -20     20    0.00017181258
1349 recr(86)        -2.9565727     -20     20    3.1363871e-05
1350 recr(87)        1.0454913     -20     20    9.0408537e-05
1351 recr(88)        1.0525322     -20     20    -6.4348094e-05
1352 recr(89)        -2.4220566     -20     20    3.1585985e-05
1353 recr(90)        -2.4839366     -20     20    3.1663202e-05
1354 recr(91)        0.021600018     -20     20    1.4874787e-05
1355 recr(92)        0.6780921     -20     20    -6.5624525e-05
1356 recr(93)        -2.0845567     -20     20    3.9678724e-05
1357 recr(94)        2.2121793     -20     20    0.00012526019
1358 recr(95)        0.14113169     -20     20    -1.1971904e-05
1359 recr(96)        -1.1010459     -20     20    3.9345985e-05
1360 recr(97)        -0.67999522     -20     20    -1.1728595e-05
1361 recr(98)        -1.4218066     -20     20    -1.9335827e-06
1362 recr(99)        0.25165754     -20     20    -0.00010171949
1363 recr(100)        1.3357434     -20     20    -0.00037863981
1364 recr(101)        0.23765931     -20     20    -0.00016773834
1365 recr(102)        -3.5085045     -20     20    1.3990108e-06
1366 recr(103)        0.51522548     -20     20    -5.405302e-05
1367 recr(104)        1.5805795     -20     20    0.00015454374
1368 recr(105)        -2.5548142     -20     20    3.4624489e-05
1369 recr(106)        -4.2488713     -20     20    8.1191013e-06
1370 recr(107)        -2.8664266     -20     20    1.6042245e-05
1371 recr(108)        1.0100748     -20     20    -0.00016245314
1372 recr(109)        -0.41176191     -20     20    -0.00019910553
1373 recr(110)        -3.1755624     -20     20    1.3363844e-05
1374 recr(111)        -3.0736488     -20     20    2.0801596e-05
1375 recr(112)        1.332221     -20     20    0.00045814112
1376 recr(113)        0.88417532     -20     20    0.00014405336
1377 recr(114)        -1.4441471     -20     20    -7.468713e-06
1378 recr(115)        -1.4513029     -20     20    2.3293109e-05
1379 recr(116)        1.0692867     -20     20    9.3100788e-05
1380 recr(117)        0.22272633     -20     20    -9.9479624e-05
1381 recr(118)        -1.717596     -20     20    -4.7878339e-05
1382 recr(119)        0.55492861     -20     20    9.0084265e-07
1383 recr(120)        1.0318205     -20     20    -0.0001277247
1384 recr(121)        1.0746698     -20     20    -0.00017736411
1385 recr(122)        0.22105229     -20     20    -0.00015651521
1386 recr(123)        -0.5767723     -20     20    -9.275616e-05
1387 recr(124)        1.0552334     -20     20    -0.00027976342
1388 recr(125)        -1.3988978     -20     20    -5.8309674e-06
1389 recr(126)        0.33448099     -20     20    3.7383788e-05
1390 recr(127)        -0.36108061     -20     20    7.5212568e-05
1391 recr(128)        0.91035874     -20     20    0.00028458082
1392 recr(129)        -0.89136976     -20     20    -2.5336238e-05
1393 recr(130)        -1.3068373     -20     20    2.7511588e-05
1394 recr(131)        0.45025631     -20     20    -0.0001476974
1395 recr(132)        0.42951682     -20     20    -0.00016235054
1396 recr(133)        1.4560014     -20     20    -0.00013584715
1397 recr(134)        -0.64415832     -20     20    -2.4579831e-05
1398 recr(135)        0.5298707     -20     20    -9.3014336e-05
1399 recr(136)        1.1267561     -20     20    0.00020437347
1400 recr(137)        -1.1619916     -20     20    7.4916718e-05
1401 recr(138)        -2.4529059     -20     20    -8.9415092e-05
1402 recr(139)        -0.33892191     -20     20    0.00013490369
1403 recr(140)        1.0679034     -20     20    3.9016579e-05
1404 recr(141)        0.75841335     -20     20    4.3135076e-05
1405 recr(142)        -2.3455704     -20     20    -8.1654503e-05
1406 recr(143)        -0.24446478     -20     20    -7.5820273e-05
1407 recr(144)        1.5262892     -20     20    -7.8954803e-05
1408 recr(145)        1.2531983     -20     20    1.6006853e-05
1409 recr(146)        -0.85456503     -20     20    -7.6679875e-05
1410 recr(147)        -0.032978881     -20     20    -2.2211453e-05
1411 recr(148)        1.2929772     -20     20    0.00031452622
1412 recr(149)        -1.4781454     -20     20    6.1406685e-05
1413 recr(150)        -1.3017657     -20     20    0.00016408039
1414 recr(151)        0.45674129     -20     20    -6.1909548e-05
1415 recr(152)        1.2162108     -20     20    -8.3409864e-05
1416 recr(153)        0.44519373     -20     20    -2.6863084e-05
1417 recr(154)        -0.1084744     -20     20    4.572483e-05
1418 recr(155)        -0.15650511     -20     20    -8.7816014e-05
1419 recr(156)        1.2809947     -20     20    -4.6303575e-05
1420 recr(157)        -2.6946148     -20     20    3.1323984e-05
1421 recr(158)        -1.4069474     -20     20    0.00021353595
1422 recr(159)        -0.025733001     -20     20    5.0310528e-05
1423 recr(160)        1.179991     -20     20    7.8425834e-05
1424 recr(161)        0.91800865     -20     20    -0.00013616898
1425 recr(162)        -0.46776005     -20     20    0.00012065482
1426 recr(163)        0.62477497     -20     20    -6.992218e-05
1427 recr(164)        1.162575     -20     20    1.6754512e-05
1428 recr(165)        -1.6925837     -20     20    -0.00011638364
1429 recr(166)        -1.3774338     -20     20    0.00010854448
1430 recr(167)        0.86336239     -20     20    0.00021196295
1431 recr(168)        0.42593521     -20     20    9.7010633e-05
1432 recr(169)        -0.18234399     -20     20    -0.00010331319
1433 recr(170)        -0.067373674     -20     20    0.00012455715
1434 recr(171)        0.89742371     -20     20    -3.0388853e-05
1435 recr(172)        1.6588488     -20     20    -2.3808373e-05
1436 recr(173)        0.16257982     -20     20    7.1457464e-05
1437 recr(174)        -1.1002306     -20     20    -0.00024793577
1438 recr(175)        -0.98885777     -20     20    -0.00019397278
1439 recr(176)        0.43752023     -20     20    -3.923384e-05
1440 recr(177)        0.9184664     -20     20    -3.5361763e-05
1441 recr(178)        0.78760816     -20     20    2.768959e-05
1442 recr(179)        0.22848874     -20     20    5.9061328e-05
1443 recr(180)        1.09299     -20     20    0.00017514906
1444 recr(181)        -0.90133681     -20     20    5.3189514e-05
1445 recr(182)        -0.59443312     -20     20    -0.00013322939
1446 recr(183)        -0.73765638     -20     20    -0.00019000255
1447 recr(184)        0.63690499     -20     20    -0.00012515012
1448 recr(185)        0.68154989     -20     20    0.00010078492
1449 recr(186)        0.82175899     -20     20    -7.4876751e-05
1450 recr(187)        0.32023504     -20     20    -0.00010010823
1451 recr(188)        0.54135553     -20     20    -1.4113649e-05
1452 recr(189)        -1.1780478     -20     20    -0.00018430195
1453 recr(190)        -0.5924597     -20     20    -8.5554053e-06
1454 recr(191)        0.1549406     -20     20    3.3294563e-05
1455 recr(192)        1.1815875     -20     20    0.00018200138
1456 recr(193)        0.93878235     -20     20    4.129006e-05
1457 recr(194)        0.55688005     -20     20    -0.00024579467
1458 recr(195)        0.80950484     -20     20    -6.6319807e-05
1459 recr(196)        1.0033977     -20     20    0.00029250518
1460 recr(197)        -0.60284036     -20     20    0.00020141203
1461 recr(198)        0.041853197     -20     20    0.0001077742
1462 recr(199)        0.68208176     -20     20    -0.00022394226
1463 recr(200)        0.61177943     -20     20    9.7147035e-05
1464 recr(201)        0.79299933     -20     20    -0.00010850861
1465 recr(202)        -0.032473639     -20     20    -0.0001851429
1466 recr(203)        1.3178109     -20     20    5.930588e-05
1467 recr(204)        0.045259986     -20     20    -0.00025134096
1468 recr(205)        -0.95052457     -20     20    6.8742662e-06
1469 recr(206)        -0.53218067     -20     20    0.00019459449
1470 recr(207)        -1.3371462     -20     20    3.1131901e-05
1471 recr(208)        0.65567555     -20     20    0.00021553313
1472 recr(209)        0.9105447     -20     20    -4.7029829e-05
1473 recr(210)        1.0233299     -20     20    -8.7459014e-05
1474 recr(211)        1.0762686     -20     20    -2.3492756e-05
1475 recr(212)        0.14756781     -20     20    -8.8873022e-05
1476 recr(213)        -1.3038093     -20     20    -3.3692508e-06
1477 recr(214)        -0.089112356     -20     20    0.00017521688
1478 recr(215)        -0.12202949     -20     20    0.00017615951
1479 recr(216)        1.1738343     -20     20    7.118715e-06
1480 recr(217)        0.093525066     -20     20    -1.5470895e-05
1481 recr(218)        0.11094038     -20     20    3.8939654e-06
1482 recr(219)        -0.27506816     -20     20    -0.00012869632
1483 recr(220)        0.46291498     -20     20    -0.0003400698
1484 recr(221)        0.21625779     -20     20    0.00011651579
1485 recr(222)        0.20556188     -20     20    -0.00022332166
1486 recr(223)        0.81705928     -20     20    0.00032891732
1487 recr(224)        0.43253256     -20     20    -0.00011435674
1488 recr(225)        -0.14863246     -20     20    -1.2096933e-05
1489 recr(226)        -0.16825136     -20     20    -2.7196347e-07
1490 recr(227)        -0.085009614     -20     20    -0.00014479409
1491 recr(228)        0.84134558     -20     20    0.00010154484
1492 recr(229)        0.98814764     -20     20    0.0001102972
1493 recr(230)        0.5452662     -20     20    -0.00023107818
1494 recr(231)        0.48655511     -20     20    0.00018524545
1495 recr(232)        0.10586364     -20     20    0.00038098081
1496 recr(233)        -0.094048638     -20     20    -1.2250624e-05
1497 recr(234)        -0.19449865     -20     20    -5.0073878e-05
1498 recr(235)        0.17967634     -20     20    -6.9450495e-05
1499 recr(236)        0.63639427     -20     20    4.3015337e-06
1500 recr(237)        -0.17794153     -20     20    5.001352e-05
1501 recr(238)        -0.13276688     -20     20    0.00028130981
1502 recr(239)        0.35820575     -20     20    -0.00010328169
1503 recr(240)        0.58399893     -20     20    0.00022706535
1504 recr(241)        1.0959439     -20     20    5.6983144e-07
1505 recr(242)        0.64040784     -20     20    -2.2159048e-05
1506 recr(243)        0.8592426     -20     20    -9.694772e-05
1507 recr(244)        0.48188872     -20     20    0.00014496535
1508 recr(245)        0.4125027     -20     20    -0.00015645462
1509 recr(246)        0.32178098     -20     20    0.00026207255
1510 recr(247)        0.64113316     -20     20    -0.0001236422
1511 recr(248)        0.7868228     -20     20    -1.6882377e-05
1512 recr(249)        -0.33668838     -20     20    2.4104187e-05
1513 recr(250)        -0.3645344     -20     20    -0.00056607417
1514 recr(251)        -0.14384672     -20     20    8.0694065e-05
1515 recr(252)        0.7085678     -20     20    0.00018707877
1516 recr(253)        0.20375434     -20     20    -0.00023236821
1517 recr(254)        0.022344275     -20     20    0.00022891902
1518 recr(255)        0.12308507     -20     20    0.00013697876
1519 recr(256)        1.1120169     -20     20    0.00027475791
1520 recr(257)        -0.023561357     -20     20    -0.00015724055
1521 recr(258)        0.063630108     -20     20    -6.5583671e-05
1522 recr(259)        0.48245596     -20     20    0.00020211116
1523 recr(260)        0.84025511     -20     20    -0.00012153283
1524 recr(261)        0.24683519     -20     20    -4.7399223e-05
1525 recr(262)        0.22677524     -20     20    -8.0541654e-05
1526 recr(263)        0.59976185     -20     20    4.7514697e-05
1527 recr(264)        0.86132376     -20     20    6.7481515e-05
1528 recr(265)        0.1697876     -20     20    -0.00032140606
1529 recr(266)        -0.4142286     -20     20    0.00015958071
1530 recr(267)        -0.069507625     -20     20    -1.9816307e-05
1531 recr(268)        0.69297504     -20     20    -7.6350332e-06
1532 recr(269)        0.4191947     -20     20    3.925831e-05
1533 recr(270)        -0.38595863     -20     20    5.4388702e-05
1534 recr(271)        -0.14260623     -20     20    -0.00016497296
1535 recr(272)        0.027026632     -20     20    0.0001652609
1536 recr(273)        -0.078894947     -20     20    0.00043017417
1537 recr(274)        0.98406941     -20     20    -6.3208939e-05
1538 totpop        17.262947     8     25    3.7699144e-05
1539 tag_fish_rep(1)        0.16905927     0.001     0.99    -2.9864166e-05
1540 tag_fish_rep(3)        0.056666388     0.001     0.99    -0.00012705528
1541 tag_fish_rep(4)        0.57717321     0.001     0.99    0.00018599804
1542 tag_fish_rep(5)        0.66435005     0.001     0.99    1.5458807e-05
1543 tag_fish_rep(6)        0.51507614     0.001     0.99    -0.00016286485
1544 tag_fish_rep(11)        0.61742086     0.001     0.99    1.3855013e-05
1545 tag_fish_rep(12)        0.59641526     0.001     0.99    6.8472553e-06
1546 tag_fish_rep(13)        0.73050364     0.001     0.99    0.00025253456
1547 tag_fish_rep(17)        0.68611974     0.001     0.99    -0.00018851458
1548 tag_fish_rep(18)        0.85885089     0.001     0.99    4.1865941e-05
1549 tag_fish_rep(19)        0.99     0.001     0.99    4.9668135e-09   *************
1550 tag_fish_rep(24)        0.82952739     0.001     0.99    -0.00027812854
1551 tag_fish_rep(25)        0.83879007     0.001     0.99    4.6486261e-05
1552 tag_fish_rep(28)        0.74825539     0.001     0.99    -0.00018593286
1553 tag_fish_rep(32)        0.14641566     0.001     0.99    -6.9080357e-05
1554 tag_fish_rep(34)        0.98999999     0.001     0.99    -1.0523858e-07   *************
1555 tag_fish_rep(35)        0.99     0.001     0.99    -5.4257781e-06   *************
1556 region_pars(1)        0.52053471     1e-06     1.5    -1.2746945e-05
1557 region_pars(1)        0.27456344     1e-06     1.5    -2.6179754e-05
1558 region_pars(1)        1.2403141e-05     1e-06     1.5    -1.6207942e-05
1559 region_pars(1)        0.20480943     1e-06     1.5    -8.5756433e-06
1560 sv(21)        0.039485983     1e-06     1000    4.3656734e-06
1561 age_pars(5)        -2.4149257     -20     2    -0.0003628585
1562 vb_coff(1)        26.437023     10     60    -0.00064390246
1563 vb_coff(2)        151.50569     130     200    -0.00049352754
1564 vb_coff(3)        0.10073269     0.01     0.3    -0.00032971888
1565 var_coff(1)        6.0828716     1     10    0.00026759665
1566 var_coff(2)        0.39469892     0.1     3    -0.00016985263
