 Index  Var_name   Estimate L_bound  U_bound gradient
1 diff_coffs(1,1)        1.4080574e-09     0     4    -1.7577388e-08   *************
2 diff_coffs(1,2)        1.4827528e-09     0     4    -5.3062597e-08   *************
3 diff_coffs(1,3)        6.361871e-10     0     4    -3.0295861e-06   *************
4 diff_coffs(1,4)        0.0076972649     0     4    -2.4455457e-06
5 diff_coffs(1,5)        0.013893183     0     4    -1.9035179e-06
6 diff_coffs(1,6)        0.036885804     0     4    6.5738419e-07
7 diff_coffs(1,7)        0.59782843     0     4    -1.1936677e-06
8 diff_coffs(1,8)        1.2319537e-09     0     4    -7.1310515e-10   *************
9 diff_coffs(1,9)        0.0038114549     0     4    3.2094061e-06
10 diff_coffs(1,10)        0.0017344952     0     4    2.4207978e-06
11 diff_coffs(1,11)        0.025867355     0     4    -1.0265225e-06
12 diff_coffs(1,12)        2.4445979e-10     0     4    1.2642759e-07   *************
13 diff_coffs(1,13)        0.010027569     0     4    2.7620702e-06
14 diff_coffs(1,14)        0.020677896     0     4    7.7455553e-07
15 diff_coffs(1,15)        2.2077185e-10     0     4    6.3225725e-07   *************
16 diff_coffs(1,16)        1.7671288e-08     0     4    -3.1083108e-06   *************
17 diff_coffs(2,1)        3.2480683e-09     0     4    -7.7743344e-09   *************
18 diff_coffs(2,2)        0.0098619809     0     4    2.6647793e-06
19 diff_coffs(2,3)        6.7545014e-10     0     4    -5.9212497e-10   *************
20 diff_coffs(2,4)        2.463354e-10     0     4    -4.8348067e-08   *************
21 diff_coffs(2,5)        0.042672358     0     4    1.1098147e-06
22 diff_coffs(2,6)        4.6380321e-07     0     4    2.0469007e-07   *************
23 diff_coffs(2,7)        0.098486035     0     4    -1.8375287e-07
24 diff_coffs(2,8)        3.5460912e-09     0     4    1.0811524e-08   *************
25 diff_coffs(2,9)        1.0378165e-09     0     4    1.5728061e-09   *************
26 diff_coffs(2,10)        0.0016505903     0     4    -2.5886222e-06
27 diff_coffs(2,11)        0.0067592558     0     4    1.7054073e-07
28 diff_coffs(2,12)        3.753089e-10     0     4    -4.0615266e-08   *************
29 diff_coffs(2,13)        3.0684566e-10     0     4    1.5776613e-07   *************
30 diff_coffs(2,14)        2.288625e-08     0     4    1.2393832e-06   *************
31 diff_coffs(2,15)        5.9251004e-10     0     4    -4.0943882e-06   *************
32 diff_coffs(2,16)        7.4003752e-09     0     4    8.8768578e-08   *************
33 diff_coffs(3,1)        0.02063543     0     4    2.7474772e-06
34 diff_coffs(3,2)        6.3465433e-10     0     4    9.2180819e-08   *************
35 diff_coffs(3,3)        5.4271032e-10     0     4    -8.9529159e-08   *************
36 diff_coffs(3,4)        6.1481753e-10     0     4    -3.1220341e-08   *************
37 diff_coffs(3,5)        6.3943206e-09     0     4    -1.1579763e-06   *************
38 diff_coffs(3,6)        6.7700132e-09     0     4    1.3424686e-07   *************
39 diff_coffs(3,7)        0.27164397     0     4    -2.298558e-07
40 diff_coffs(3,8)        2.5675557e-09     0     4    -6.7275662e-09   *************
41 diff_coffs(3,9)        2.2671622e-09     0     4    1.7431301e-06   *************
42 diff_coffs(3,10)        2.6084743e-09     0     4    -2.214111e-07   *************
43 diff_coffs(3,11)        0.0108496     0     4    -9.0141672e-08
44 diff_coffs(3,12)        3.8367531e-10     0     4    1.5115868e-07   *************
45 diff_coffs(3,13)        9.205221e-10     0     4    -6.4293095e-09   *************
46 diff_coffs(3,14)        7.5115094e-09     0     4    3.5749579e-07   *************
47 diff_coffs(3,15)        7.3374418e-11     0     4    -4.907988e-06   *************
48 diff_coffs(3,16)        0.036625617     0     4    1.5549913e-06
49 diff_coffs(4,1)        2.162045e-08     0     4    -2.6474325e-08   *************
50 diff_coffs(4,2)        5.7183747e-10     0     4    3.4484455e-08   *************
51 diff_coffs(4,3)        7.6182682e-10     0     4    6.6053332e-10   *************
52 diff_coffs(4,4)        1.0171806e-09     0     4    -2.4624701e-09   *************
53 diff_coffs(4,5)        0.22449281     0     4    -1.2851092e-06
54 diff_coffs(4,6)        0.018133843     0     4    1.579171e-06
55 diff_coffs(4,7)        0.16547157     0     4    -7.0132629e-07
56 diff_coffs(4,8)        2.171388e-09     0     4    6.0259901e-09   *************
57 diff_coffs(4,9)        1.1515407e-08     0     4    -1.3501663e-07   *************
58 diff_coffs(4,10)        0.067877672     0     4    2.6328601e-07
59 diff_coffs(4,11)        0.0063647902     0     4    1.9524049e-06
60 diff_coffs(4,12)        3.7228376e-10     0     4    1.4255178e-08   *************
61 diff_coffs(4,13)        3.9902701e-09     0     4    1.5994002e-07   *************
62 diff_coffs(4,14)        3.9941733e-08     0     4    2.3977557e-08   *************
63 diff_coffs(4,15)        6.9540373e-11     0     4    2.9446188e-07   *************
64 diff_coffs(4,16)        0.28355952     0     4    -5.0507305e-07
65 region_rec_diffs(1,1)        -1.897362e-08     -3     3    -5.1700207e-08
66 region_rec_diffs(1,2)        0.68977353     -3     3    1.8368264e-06
67 region_rec_diffs(1,3)        0.71590941     -3     3    8.2217848e-08
68 region_rec_diffs(1,4)        0.70383312     -3     3    -1.5198666e-06
69 region_rec_diffs(1,5)        0.69803065     -3     3    2.7432742e-07
70 region_rec_diffs(1,6)        0.17681551     -3     3    1.0678927e-07
71 region_rec_diffs(1,7)        0.18282674     -3     3    8.5874554e-07
72 region_rec_diffs(1,8)        1.0293736     -3     3    -1.7587551e-07
73 region_rec_diffs(1,9)        0.44192387     -3     3    -7.8843421e-07
74 region_rec_diffs(1,10)        0.13307055     -3     3    1.6042461e-07
75 region_rec_diffs(1,11)        0.12161945     -3     3    -9.1810972e-08
76 region_rec_diffs(1,12)        0.78220005     -3     3    2.2334672e-07
77 region_rec_diffs(1,13)        0.63591376     -3     3    -9.6297035e-08
78 region_rec_diffs(1,14)        -0.57930954     -3     3    9.1253576e-08
79 region_rec_diffs(1,15)        -0.37039425     -3     3    5.5433526e-07
80 region_rec_diffs(1,16)        -0.29390798     -3     3    -1.1701589e-06
81 region_rec_diffs(1,17)        -0.63735939     -3     3    1.0806673e-06
82 region_rec_diffs(1,18)        0.088253667     -3     3    9.9485965e-07
83 region_rec_diffs(1,19)        0.82544234     -3     3    4.1619212e-07
84 region_rec_diffs(1,20)        0.14905856     -3     3    1.1393037e-06
85 region_rec_diffs(1,21)        -0.21173812     -3     3    -2.3360589e-07
86 region_rec_diffs(1,22)        0.44363255     -3     3    3.9097352e-07
87 region_rec_diffs(1,23)        0.82319805     -3     3    -1.3026059e-07
88 region_rec_diffs(1,24)        0.64292904     -3     3    -9.7887871e-07
89 region_rec_diffs(1,25)        0.66438414     -3     3    -2.8700474e-07
90 region_rec_diffs(1,26)        0.95165122     -3     3    -2.6994304e-07
91 region_rec_diffs(1,27)        0.24028815     -3     3    4.466705e-07
92 region_rec_diffs(1,28)        0.84829212     -3     3    9.7313114e-08
93 region_rec_diffs(1,29)        -0.96144072     -3     3    3.6449364e-07
94 region_rec_diffs(1,30)        -0.4998826     -3     3    8.9239907e-07
95 region_rec_diffs(1,31)        -0.33196176     -3     3    9.6600911e-07
96 region_rec_diffs(1,32)        -0.33041877     -3     3    7.8719589e-09
97 region_rec_diffs(1,33)        -0.43005184     -3     3    4.2185163e-07
98 region_rec_diffs(1,34)        0.24655146     -3     3    -2.3350693e-06
99 region_rec_diffs(1,35)        0.90231061     -3     3    -2.4133239e-07
100 region_rec_diffs(1,36)        0.18408291     -3     3    -6.8866737e-07
101 region_rec_diffs(1,37)        0.58452305     -3     3    1.3751722e-06
102 region_rec_diffs(1,38)        -0.51508117     -3     3    -1.4662609e-06
103 region_rec_diffs(1,39)        0.042794287     -3     3    8.4770856e-07
104 region_rec_diffs(1,40)        -0.01845162     -3     3    3.4293657e-08
105 region_rec_diffs(1,41)        -0.083278462     -3     3    7.6464392e-07
106 region_rec_diffs(1,42)        0.70056085     -3     3    -4.1935161e-07
107 region_rec_diffs(1,43)        0.046646824     -3     3    -4.1129645e-08
108 region_rec_diffs(1,44)        0.062192929     -3     3    2.7200732e-07
109 region_rec_diffs(1,45)        0.50364466     -3     3    2.859853e-07
110 region_rec_diffs(1,46)        0.51930026     -3     3    -6.1829108e-07
111 region_rec_diffs(1,47)        0.15818286     -3     3    1.21872e-06
112 region_rec_diffs(1,48)        0.055219841     -3     3    3.3471554e-07
113 region_rec_diffs(1,49)        0.26922717     -3     3    -9.5554907e-08
114 region_rec_diffs(1,50)        0.039759654     -3     3    7.5490716e-07
115 region_rec_diffs(1,51)        0.5033989     -3     3    -2.6989392e-07
116 region_rec_diffs(1,52)        0.84810875     -3     3    -1.8328861e-07
117 region_rec_diffs(1,53)        0.34330645     -3     3    1.1419802e-07
118 region_rec_diffs(1,54)        -1.5390868     -3     3    2.8430381e-07
119 region_rec_diffs(1,55)        0.3236231     -3     3    5.5572751e-07
120 region_rec_diffs(1,56)        0.46426383     -3     3    2.9585789e-06
121 region_rec_diffs(1,57)        -0.71368616     -3     3    4.0849751e-07
122 region_rec_diffs(1,58)        0.55778973     -3     3    3.1465528e-08
123 region_rec_diffs(1,59)        -0.00089635067     -3     3    1.6339835e-07
124 region_rec_diffs(1,60)        -0.14428757     -3     3    -8.1969861e-07
125 region_rec_diffs(1,61)        0.5321999     -3     3    6.9197208e-08
126 region_rec_diffs(1,62)        0.080331548     -3     3    4.3514399e-07
127 region_rec_diffs(1,63)        0.57218742     -3     3    -7.9697935e-07
128 region_rec_diffs(1,64)        0.39776315     -3     3    -4.493533e-07
129 region_rec_diffs(1,65)        0.35597887     -3     3    -4.4487137e-07
130 region_rec_diffs(1,66)        0.42799313     -3     3    7.8890294e-08
131 region_rec_diffs(1,67)        0.33344739     -3     3    3.9478454e-07
132 region_rec_diffs(1,68)        0.8291839     -3     3    -2.4294178e-07
133 region_rec_diffs(1,69)        0.45895337     -3     3    6.5089935e-08
134 region_rec_diffs(1,70)        0.12919937     -3     3    3.0436203e-06
135 region_rec_diffs(1,71)        0.28556275     -3     3    -4.5170856e-07
136 region_rec_diffs(1,72)        0.21380843     -3     3    -1.754246e-06
137 region_rec_diffs(1,73)        -0.10509215     -3     3    9.444449e-07
138 region_rec_diffs(1,74)        -0.13029908     -3     3    -8.3545302e-06
139 region_rec_diffs(1,75)        -0.44747073     -3     3    4.0683728e-07
140 region_rec_diffs(1,76)        -1.6344559     -3     3    3.2887e-06
141 region_rec_diffs(1,77)        -1.3711032     -3     3    1.7647103e-06
142 region_rec_diffs(1,78)        0.43770078     -3     3    1.2555632e-06
143 region_rec_diffs(1,79)        -0.3027877     -3     3    3.2510265e-07
144 region_rec_diffs(1,80)        0.76642294     -3     3    -1.5511063e-07
145 region_rec_diffs(1,81)        0.24301298     -3     3    1.8358757e-06
146 region_rec_diffs(1,82)        0.50222963     -3     3    -9.7284959e-07
147 region_rec_diffs(1,83)        -0.27782199     -3     3    -1.0454168e-06
148 region_rec_diffs(1,84)        -0.87166043     -3     3    2.003481e-06
149 region_rec_diffs(1,85)        0.13769538     -3     3    2.6150758e-07
150 region_rec_diffs(1,86)        -0.22494676     -3     3    1.3333332e-06
151 region_rec_diffs(1,87)        0.54312601     -3     3    1.6566615e-07
152 region_rec_diffs(1,88)        -0.10984452     -3     3    -1.0087862e-07
153 region_rec_diffs(1,89)        -0.41852912     -3     3    -1.923299e-06
154 region_rec_diffs(1,90)        -0.042217296     -3     3    3.8591124e-07
155 region_rec_diffs(1,91)        0.16065967     -3     3    3.0202107e-06
156 region_rec_diffs(1,92)        0.51439056     -3     3    -1.7388008e-06
157 region_rec_diffs(1,93)        -0.54671786     -3     3    8.133562e-07
158 region_rec_diffs(1,94)        0.73292282     -3     3    -5.7442339e-07
159 region_rec_diffs(1,95)        -0.25306233     -3     3    6.0492916e-06
160 region_rec_diffs(1,96)        -0.39672108     -3     3    9.6875774e-08
161 region_rec_diffs(1,97)        0.21273008     -3     3    1.1549863e-06
162 region_rec_diffs(1,98)        0.63258474     -3     3    -5.0268585e-07
163 region_rec_diffs(1,99)        -0.1202162     -3     3    -1.4018977e-06
164 region_rec_diffs(1,100)        -0.7031436     -3     3    9.2439716e-06
165 region_rec_diffs(1,101)        0.42403248     -3     3    2.6343088e-07
166 region_rec_diffs(1,102)        0.24885366     -3     3    5.90418e-07
167 region_rec_diffs(1,103)        0.44974876     -3     3    -1.4661832e-07
168 region_rec_diffs(1,104)        0.072322725     -3     3    -8.192732e-08
169 region_rec_diffs(1,105)        0.61465148     -3     3    3.4830265e-07
170 region_rec_diffs(1,106)        -0.10601996     -3     3    -5.1596327e-07
171 region_rec_diffs(1,107)        -0.56254176     -3     3    -1.9492876e-06
172 region_rec_diffs(1,108)        0.55717559     -3     3    2.8986132e-07
173 region_rec_diffs(1,109)        0.48655523     -3     3    -7.2910307e-08
174 region_rec_diffs(1,110)        0.41892679     -3     3    2.6105053e-07
175 region_rec_diffs(1,111)        -0.58808267     -3     3    -5.3780958e-07
176 region_rec_diffs(1,112)        0.66020939     -3     3    -2.0132722e-07
177 region_rec_diffs(1,113)        0.49364955     -3     3    1.9871827e-07
178 region_rec_diffs(1,114)        -1.0100864     -3     3    -1.249176e-06
179 region_rec_diffs(1,115)        -0.39745018     -3     3    2.9418482e-07
180 region_rec_diffs(1,116)        0.15659869     -3     3    5.984155e-07
181 region_rec_diffs(1,117)        0.43829222     -3     3    -5.2317601e-07
182 region_rec_diffs(1,118)        -0.36950638     -3     3    -1.0106325e-06
183 region_rec_diffs(1,119)        0.61405077     -3     3    1.4930567e-07
184 region_rec_diffs(1,120)        -0.29369756     -3     3    3.6042318e-06
185 region_rec_diffs(1,121)        -0.12661173     -3     3    -2.7826508e-06
186 region_rec_diffs(1,122)        0.66799753     -3     3    -1.3355095e-06
187 region_rec_diffs(1,123)        -1.1982213     -3     3    -9.2404337e-08
188 region_rec_diffs(1,124)        0.56723129     -3     3    1.0395244e-07
189 region_rec_diffs(1,125)        -1.528426     -3     3    -4.1219351e-06
190 region_rec_diffs(1,126)        0.25668008     -3     3    1.068116e-06
191 region_rec_diffs(1,127)        -1.0664571     -3     3    2.2269387e-06
192 region_rec_diffs(1,128)        0.084323282     -3     3    2.3384499e-06
193 region_rec_diffs(1,129)        0.62377124     -3     3    1.2810249e-07
194 region_rec_diffs(1,130)        -1.2713584     -3     3    -1.7291546e-06
195 region_rec_diffs(1,131)        -1.8253808     -3     3    2.2938208e-06
196 region_rec_diffs(1,132)        -0.77469155     -3     3    -3.0636129e-06
197 region_rec_diffs(1,133)        0.60772051     -3     3    7.5929382e-07
198 region_rec_diffs(1,134)        0.75729207     -3     3    6.3739938e-08
199 region_rec_diffs(1,135)        -0.48003331     -3     3    -1.8590816e-06
200 region_rec_diffs(1,136)        0.55948405     -3     3    1.1211309e-06
201 region_rec_diffs(1,137)        -0.96331211     -3     3    -1.3625076e-06
202 region_rec_diffs(1,138)        -1.0066143     -3     3    -1.6641025e-06
203 region_rec_diffs(1,139)        -1.40834     -3     3    -2.5229896e-06
204 region_rec_diffs(1,140)        -0.50509082     -3     3    -1.3203246e-06
205 region_rec_diffs(1,141)        -0.0058681834     -3     3    1.2427192e-07
206 region_rec_diffs(1,142)        0.31108333     -3     3    2.1206361e-06
207 region_rec_diffs(1,143)        -1.3472208     -3     3    1.5484533e-06
208 region_rec_diffs(1,144)        0.011417947     -3     3    -9.5440698e-07
209 region_rec_diffs(1,145)        0.24073911     -3     3    2.1815433e-07
210 region_rec_diffs(1,146)        -0.54656934     -3     3    1.4783322e-06
211 region_rec_diffs(1,147)        -1.4336886     -3     3    -1.4338892e-06
212 region_rec_diffs(1,148)        0.012023564     -3     3    -8.4113494e-07
213 region_rec_diffs(1,149)        0.17664788     -3     3    3.8059631e-07
214 region_rec_diffs(1,150)        0.64579231     -3     3    -6.1388381e-07
215 region_rec_diffs(1,151)        -1.322866     -3     3    1.0652815e-06
216 region_rec_diffs(1,152)        0.094692841     -3     3    2.6454919e-07
217 region_rec_diffs(1,153)        0.67513324     -3     3    7.4000658e-08
218 region_rec_diffs(1,154)        -0.68880884     -3     3    -1.5841882e-06
219 region_rec_diffs(1,155)        -1.6864555     -3     3    1.3909668e-07
220 region_rec_diffs(1,156)        0.37204449     -3     3    6.0600088e-07
221 region_rec_diffs(1,157)        0.35379887     -3     3    -1.8084908e-06
222 region_rec_diffs(1,158)        -1.0774344     -3     3    -2.526226e-07
223 region_rec_diffs(1,159)        -2.393961     -3     3    -1.9656494e-06
224 region_rec_diffs(1,160)        -0.7058952     -3     3    1.778449e-06
225 region_rec_diffs(1,161)        -0.15821387     -3     3    -9.0989463e-07
226 region_rec_diffs(1,162)        -0.54207036     -3     3    1.2863435e-06
227 region_rec_diffs(1,163)        -1.8405321     -3     3    -1.4548205e-06
228 region_rec_diffs(1,164)        0.69105387     -3     3    1.9149377e-07
229 region_rec_diffs(1,165)        -0.60844182     -3     3    8.2027729e-07
230 region_rec_diffs(1,166)        -0.93328195     -3     3    -8.2224765e-07
231 region_rec_diffs(1,167)        -2.7714664     -3     3    -5.904751e-07
232 region_rec_diffs(1,168)        -0.30036431     -3     3    -2.9102466e-07
233 region_rec_diffs(1,169)        0.1398792     -3     3    -8.797797e-07
234 region_rec_diffs(1,170)        -1.3023164     -3     3    3.275944e-06
235 region_rec_diffs(1,171)        -2.0696952     -3     3    2.2808666e-07
236 region_rec_diffs(1,172)        0.2202897     -3     3    -5.7334165e-08
237 region_rec_diffs(1,173)        0.30705047     -3     3    -1.5202993e-07
238 region_rec_diffs(1,174)        0.029518146     -3     3    -6.647572e-07
239 region_rec_diffs(1,175)        -1.0146463     -3     3    -3.3847306e-06
240 region_rec_diffs(1,176)        -0.28086716     -3     3    2.8026611e-07
241 region_rec_diffs(1,177)        -2.0072847     -3     3    7.9308622e-08
242 region_rec_diffs(1,178)        0.32398995     -3     3    -4.2319866e-07
243 region_rec_diffs(1,179)        -2.2147832     -3     3    1.3885117e-06
244 region_rec_diffs(1,180)        0.39285596     -3     3    -2.2938404e-07
245 region_rec_diffs(1,181)        0.35626244     -3     3    3.6539604e-07
246 region_rec_diffs(1,182)        -1.3582335     -3     3    2.898259e-07
247 region_rec_diffs(1,183)        -2.0665631     -3     3    -1.1145641e-06
248 region_rec_diffs(1,184)        -1.8322606     -3     3    -1.4693281e-06
249 region_rec_diffs(1,185)        -0.33438002     -3     3    1.1098935e-06
250 region_rec_diffs(1,186)        0.15162826     -3     3    -7.4793383e-07
251 region_rec_diffs(1,187)        -1.7937766     -3     3    -1.8731419e-06
252 region_rec_diffs(1,188)        -0.06243218     -3     3    3.2565751e-06
253 region_rec_diffs(1,189)        0.87620019     -3     3    1.0706051e-06
254 region_rec_diffs(1,190)        -1.3772451     -3     3    4.7584832e-07
255 region_rec_diffs(1,191)        -2.6253106     -3     3    -1.4444351e-06
256 region_rec_diffs(1,192)        -0.070916616     -3     3    8.3800109e-07
257 region_rec_diffs(1,193)        0.75440027     -3     3    -1.0656898e-06
258 region_rec_diffs(1,194)        0.089562283     -3     3    4.0866545e-06
259 region_rec_diffs(1,195)        -1.7736629     -3     3    1.9687474e-07
260 region_rec_diffs(1,196)        0.089972327     -3     3    -4.447576e-07
261 region_rec_diffs(1,197)        0.26902935     -3     3    -1.0801447e-06
262 region_rec_diffs(1,198)        -2.1094681     -3     3    -6.1050341e-07
263 region_rec_diffs(1,199)        -2.4809961     -3     3    4.916241e-07
264 region_rec_diffs(1,200)        -2.1893368     -3     3    -4.4881006e-07
265 region_rec_diffs(1,201)        -0.37615075     -3     3    1.0629024e-07
266 region_rec_diffs(1,202)        0.80722186     -3     3    -5.1013329e-07
267 region_rec_diffs(1,203)        0.46732211     -3     3    -5.9348443e-07
268 region_rec_diffs(1,204)        -0.44963496     -3     3    7.9160932e-07
269 region_rec_diffs(1,205)        -1.4819571     -3     3    2.439058e-07
270 region_rec_diffs(1,206)        -2.2614923     -3     3    -3.5699639e-07
271 region_rec_diffs(1,207)        -1.4181944     -3     3    -1.652201e-06
272 region_rec_diffs(1,208)        -1.4831637     -3     3    6.6323328e-06
273 region_rec_diffs(1,209)        -0.9445713     -3     3    3.2111364e-06
274 region_rec_diffs(1,210)        0.63920558     -3     3    8.9948317e-07
275 region_rec_diffs(1,211)        0.18707253     -3     3    -3.36747e-06
276 region_rec_diffs(1,212)        -2.3372208     -3     3    -1.1671564e-07
277 region_rec_diffs(1,213)        -2.2979176     -3     3    1.2176616e-07
278 region_rec_diffs(1,214)        -2.1461484     -3     3    -4.4764524e-07
279 region_rec_diffs(1,215)        -1.7005379     -3     3    -9.3916423e-07
280 region_rec_diffs(1,216)        -0.66805905     -3     3    -4.0946601e-06
281 region_rec_diffs(1,217)        0.59375883     -3     3    3.9149196e-07
282 region_rec_diffs(1,218)        -2.3212556     -3     3    -1.4271006e-06
283 region_rec_diffs(1,219)        -1.9364916     -3     3    -1.4196074e-06
284 region_rec_diffs(1,220)        -0.52650107     -3     3    8.2408976e-07
285 region_rec_diffs(1,221)        0.61859896     -3     3    2.2132837e-07
286 region_rec_diffs(1,222)        -1.0059138     -3     3    -1.4174849e-06
287 region_rec_diffs(1,223)        -0.17114736     -3     3    -2.2782901e-06
288 region_rec_diffs(1,224)        0.20359975     -3     3    4.6385011e-08
289 region_rec_diffs(1,225)        -0.69674783     -3     3    5.0813669e-07
290 region_rec_diffs(1,226)        -2.5952648     -3     3    -1.3984505e-07
291 region_rec_diffs(1,227)        -2.5320004     -3     3    1.1166419e-07
292 region_rec_diffs(1,228)        -2.4417226     -3     3    -7.0454138e-07
293 region_rec_diffs(1,229)        0.55951035     -3     3    -1.2483619e-07
294 region_rec_diffs(1,230)        -0.2156534     -3     3    1.0931289e-06
295 region_rec_diffs(1,231)        -1.0402702     -3     3    6.256292e-07
296 region_rec_diffs(1,232)        0.40750185     -3     3    -2.5171916e-08
297 region_rec_diffs(1,233)        -0.24082513     -3     3    -6.5393108e-07
298 region_rec_diffs(1,234)        -1.9624084     -3     3    6.0526101e-07
299 region_rec_diffs(1,235)        -1.3677192     -3     3    -1.2400539e-06
300 region_rec_diffs(1,236)        -0.79013041     -3     3    -1.4404829e-07
301 region_rec_diffs(1,237)        0.59917154     -3     3    -4.2383825e-09
302 region_rec_diffs(1,238)        -0.34608036     -3     3    7.5512014e-07
303 region_rec_diffs(1,239)        -2.6834236     -3     3    5.2676209e-07
304 region_rec_diffs(1,240)        -1.8259976     -3     3    -1.8309736e-06
305 region_rec_diffs(1,241)        0.69429641     -3     3    -1.3831176e-07
306 region_rec_diffs(1,242)        0.20086503     -3     3    7.2267385e-07
307 region_rec_diffs(1,243)        -0.34039612     -3     3    -4.0915465e-07
308 region_rec_diffs(1,244)        0.47429644     -3     3    -2.5778261e-07
309 region_rec_diffs(1,245)        -0.81737776     -3     3    -2.095257e-06
310 region_rec_diffs(1,246)        -1.5949031     -3     3    -1.2831524e-06
311 region_rec_diffs(1,247)        -1.6718317     -3     3    -1.8495431e-07
312 region_rec_diffs(1,248)        0.41542722     -3     3    -1.1166066e-07
313 region_rec_diffs(1,249)        -0.51693968     -3     3    -5.3084762e-07
314 region_rec_diffs(1,250)        -2.4749799     -3     3    -6.0946107e-07
315 region_rec_diffs(1,251)        -2.4829529     -3     3    -3.5800417e-07
316 region_rec_diffs(1,252)        -1.8248175     -3     3    -6.6769528e-07
317 region_rec_diffs(1,253)        0.71799796     -3     3    -1.3123433e-07
318 region_rec_diffs(1,254)        -1.8652233     -3     3    -1.7577585e-07
319 region_rec_diffs(1,255)        -2.2026576     -3     3    -4.0346507e-07
320 region_rec_diffs(1,256)        -0.93179028     -3     3    -1.6770912e-06
321 region_rec_diffs(1,257)        0.73753032     -3     3    -8.450616e-08
322 region_rec_diffs(1,258)        -1.7171661     -3     3    1.5531635e-07
323 region_rec_diffs(1,259)        -1.9938465     -3     3    9.0180782e-07
324 region_rec_diffs(1,260)        0.59119089     -3     3    4.1156288e-07
325 region_rec_diffs(1,261)        0.66327142     -3     3    -1.0794269e-06
326 region_rec_diffs(1,262)        -1.7687146     -3     3    -5.9072692e-07
327 region_rec_diffs(1,263)        -1.6284027     -3     3    -2.8376821e-06
328 region_rec_diffs(1,264)        -0.44973594     -3     3    -4.7703626e-06
329 region_rec_diffs(1,265)        0.69228946     -3     3    3.6631093e-07
330 region_rec_diffs(1,266)        -1.4771144     -3     3    -2.3180884e-07
331 region_rec_diffs(1,267)        -1.9460259     -3     3    -3.9717849e-07
332 region_rec_diffs(1,268)        -1.5037252     -3     3    1.1929569e-06
333 region_rec_diffs(1,269)        0.65254397     -3     3    -4.641429e-07
334 region_rec_diffs(1,270)        -1.4689742     -3     3    -3.8658886e-07
335 region_rec_diffs(1,271)        -1.8996495     -3     3    -2.3486767e-08
336 region_rec_diffs(1,272)        -0.79763971     -3     3    1.1630433e-06
337 region_rec_diffs(1,273)        0.41238126     -3     3    -1.7003717e-06
338 region_rec_diffs(1,274)        -1.0411196     -3     3    -4.0992139e-07
339 region_rec_diffs(1,275)        -1.5210887     -3     3    -5.9977906e-07
340 region_rec_diffs(1,276)        0.78689413     -3     3    -2.3541827e-07
341 region_rec_diffs(1,277)        0.007478753     -3     3    -1.3953728e-06
342 region_rec_diffs(1,278)        -0.28157576     -3     3    -5.9363706e-07
343 region_rec_diffs(1,279)        -0.20847665     -3     3    4.3966461e-07
344 region_rec_diffs(2,1)        -6.8768324e-09     -3     3    -5.8870806e-08
345 region_rec_diffs(2,2)        -0.74903404     -3     3    -3.2772974e-06
346 region_rec_diffs(2,3)        -0.81750675     -3     3    2.2584941e-06
347 region_rec_diffs(2,4)        -0.64110158     -3     3    4.7154212e-06
348 region_rec_diffs(2,5)        -0.67148566     -3     3    -2.2069816e-06
349 region_rec_diffs(2,6)        0.023334479     -3     3    -3.7557062e-09
350 region_rec_diffs(2,7)        0.0076383641     -3     3    3.150277e-08
351 region_rec_diffs(2,8)        -1.5607901     -3     3    2.9678945e-06
352 region_rec_diffs(2,9)        -0.28749188     -3     3    2.1981809e-06
353 region_rec_diffs(2,10)        -0.12478289     -3     3    2.2212936e-07
354 region_rec_diffs(2,11)        -0.14358314     -3     3    -1.251156e-07
355 region_rec_diffs(2,12)        -1.3110165     -3     3    -1.2101302e-06
356 region_rec_diffs(2,13)        -1.4584817     -3     3    -1.6535184e-06
357 region_rec_diffs(2,14)        0.35952614     -3     3    2.7915769e-07
358 region_rec_diffs(2,15)        0.2886522     -3     3    2.3410504e-07
359 region_rec_diffs(2,16)        0.24514755     -3     3    6.4767791e-07
360 region_rec_diffs(2,17)        0.52243477     -3     3    -8.5571712e-08
361 region_rec_diffs(2,18)        0.17226141     -3     3    1.6930154e-06
362 region_rec_diffs(2,19)        -0.80609512     -3     3    -2.6774724e-06
363 region_rec_diffs(2,20)        -0.0026593905     -3     3    -6.2542914e-07
364 region_rec_diffs(2,21)        0.41150768     -3     3    4.0320869e-07
365 region_rec_diffs(2,22)        -0.45094564     -3     3    -9.3351778e-07
366 region_rec_diffs(2,23)        -1.1880802     -3     3    -5.2753956e-07
367 region_rec_diffs(2,24)        -0.81785324     -3     3    6.6752272e-07
368 region_rec_diffs(2,25)        -0.89026625     -3     3    -4.9941205e-08
369 region_rec_diffs(2,26)        -1.8143791     -3     3    5.5709804e-07
370 region_rec_diffs(2,27)        -0.21153876     -3     3    -1.3937969e-07
371 region_rec_diffs(2,28)        -1.1747493     -3     3    -8.885773e-07
372 region_rec_diffs(2,29)        -0.089445358     -3     3    -1.8344205e-06
373 region_rec_diffs(2,30)        0.29529783     -3     3    -1.8335727e-07
374 region_rec_diffs(2,31)        0.17268512     -3     3    -2.2886668e-07
375 region_rec_diffs(2,32)        0.13132122     -3     3    -1.4051961e-07
376 region_rec_diffs(2,33)        -0.17234476     -3     3    8.6383776e-07
377 region_rec_diffs(2,34)        -1.2088826     -3     3    -4.0135348e-07
378 region_rec_diffs(2,35)        -1.5658571     -3     3    3.5419368e-07
379 region_rec_diffs(2,36)        -0.15769306     -3     3    6.139457e-07
380 region_rec_diffs(2,37)        -1.4381433     -3     3    1.4841848e-06
381 region_rec_diffs(2,38)        -0.46258023     -3     3    -3.2204824e-07
382 region_rec_diffs(2,39)        -0.18111053     -3     3    -1.5947269e-06
383 region_rec_diffs(2,40)        -0.0094395083     -3     3    -5.6639736e-08
384 region_rec_diffs(2,41)        0.066712098     -3     3    -1.8939488e-06
385 region_rec_diffs(2,42)        -0.81008814     -3     3    -1.9915962e-06
386 region_rec_diffs(2,43)        -0.033778896     -3     3    6.1189697e-08
387 region_rec_diffs(2,44)        -0.056489514     -3     3    -3.4989477e-07
388 region_rec_diffs(2,45)        -1.9484562     -3     3    1.5396054e-06
389 region_rec_diffs(2,46)        -0.69388507     -3     3    8.6070645e-07
390 region_rec_diffs(2,47)        -0.21265376     -3     3    -1.7240044e-06
391 region_rec_diffs(2,48)        -0.43365592     -3     3    -1.8417638e-06
392 region_rec_diffs(2,49)        -0.56981161     -3     3    -8.1045929e-07
393 region_rec_diffs(2,50)        0.065361943     -3     3    -7.3643099e-07
394 region_rec_diffs(2,51)        -0.420565     -3     3    -1.1022103e-07
395 region_rec_diffs(2,52)        -1.3142764     -3     3    1.4288866e-10
396 region_rec_diffs(2,53)        -0.45087987     -3     3    1.3655359e-06
397 region_rec_diffs(2,54)        -1.1714063     -3     3    2.2788842e-06
398 region_rec_diffs(2,55)        -0.37622868     -3     3    -6.5845214e-07
399 region_rec_diffs(2,56)        -1.0673268     -3     3    -1.6044104e-06
400 region_rec_diffs(2,57)        -0.10984444     -3     3    1.0762129e-06
401 region_rec_diffs(2,58)        -0.9692957     -3     3    -1.2515238e-06
402 region_rec_diffs(2,59)        -0.015686038     -3     3    1.375777e-06
403 region_rec_diffs(2,60)        -0.52688137     -3     3    1.2685195e-07
404 region_rec_diffs(2,61)        -1.2198672     -3     3    -6.0904749e-06
405 region_rec_diffs(2,62)        0.066982481     -3     3    -8.1435484e-07
406 region_rec_diffs(2,63)        -0.49677026     -3     3    -2.7653822e-06
407 region_rec_diffs(2,64)        -0.34833955     -3     3    3.1971983e-07
408 region_rec_diffs(2,65)        -1.1636854     -3     3    -1.0796418e-06
409 region_rec_diffs(2,66)        -0.41855091     -3     3    8.9188836e-08
410 region_rec_diffs(2,67)        -0.28957519     -3     3    1.0885891e-07
411 region_rec_diffs(2,68)        -1.139957     -3     3    9.7294406e-07
412 region_rec_diffs(2,69)        -1.4148263     -3     3    6.0030278e-07
413 region_rec_diffs(2,70)        -0.81222631     -3     3    2.448607e-06
414 region_rec_diffs(2,71)        -0.23768658     -3     3    3.8262487e-07
415 region_rec_diffs(2,72)        -0.58123843     -3     3    1.018255e-06
416 region_rec_diffs(2,73)        0.15709404     -3     3    -2.0907916e-06
417 region_rec_diffs(2,74)        -0.97909988     -3     3    -6.4626116e-07
418 region_rec_diffs(2,75)        0.25749214     -3     3    4.1155364e-07
419 region_rec_diffs(2,76)        -0.62860919     -3     3    -1.3485097e-06
420 region_rec_diffs(2,77)        0.65028426     -3     3    -1.7105308e-07
421 region_rec_diffs(2,78)        -0.051043138     -3     3    -1.3830367e-06
422 region_rec_diffs(2,79)        0.25118634     -3     3    -3.5961621e-07
423 region_rec_diffs(2,80)        -1.0035435     -3     3    1.9140122e-06
424 region_rec_diffs(2,81)        0.13075094     -3     3    -1.4289079e-06
425 region_rec_diffs(2,82)        -0.13380532     -3     3    2.4373021e-06
426 region_rec_diffs(2,83)        -0.65675738     -3     3    -6.5254429e-07
427 region_rec_diffs(2,84)        -0.38951113     -3     3    4.4055701e-07
428 region_rec_diffs(2,85)        -0.094565259     -3     3    -1.11057e-06
429 region_rec_diffs(2,86)        0.092578157     -3     3    -6.0200832e-07
430 region_rec_diffs(2,87)        -0.74538587     -3     3    -1.6680802e-06
431 region_rec_diffs(2,88)        -1.9371279     -3     3    -1.5567324e-06
432 region_rec_diffs(2,89)        0.54937725     -3     3    4.8694148e-07
433 region_rec_diffs(2,90)        0.22775667     -3     3    -8.8649535e-07
434 region_rec_diffs(2,91)        0.056585107     -3     3    -1.538054e-06
435 region_rec_diffs(2,92)        -0.13409333     -3     3    2.4843006e-06
436 region_rec_diffs(2,93)        0.39603098     -3     3    -1.7257584e-07
437 region_rec_diffs(2,94)        -0.90968918     -3     3    5.6303635e-07
438 region_rec_diffs(2,95)        -0.75599223     -3     3    -1.5905266e-06
439 region_rec_diffs(2,96)        0.2372128     -3     3    -1.053793e-07
440 region_rec_diffs(2,97)        -0.69154082     -3     3    -1.1060748e-06
441 region_rec_diffs(2,98)        -0.78843572     -3     3    1.5763287e-06
442 region_rec_diffs(2,99)        -0.98426129     -3     3    1.0652047e-06
443 region_rec_diffs(2,100)        0.60896104     -3     3    -1.5243158e-06
444 region_rec_diffs(2,101)        -0.74720436     -3     3    -5.1547867e-06
445 region_rec_diffs(2,102)        -0.18184816     -3     3    -5.5088564e-07
446 region_rec_diffs(2,103)        -0.36494231     -3     3    1.8903439e-07
447 region_rec_diffs(2,104)        -0.81746241     -3     3    -2.130188e-06
448 region_rec_diffs(2,105)        -0.40711231     -3     3    -7.7941599e-07
449 region_rec_diffs(2,106)        0.12762395     -3     3    5.2996091e-07
450 region_rec_diffs(2,107)        0.35005444     -3     3    7.0690396e-07
451 region_rec_diffs(2,108)        -0.26475498     -3     3    -3.7849503e-07
452 region_rec_diffs(2,109)        -0.49707621     -3     3    -6.209375e-07
453 region_rec_diffs(2,110)        -0.36057373     -3     3    -7.5241226e-07
454 region_rec_diffs(2,111)        0.64043725     -3     3    1.9293167e-07
455 region_rec_diffs(2,112)        -1.1171485     -3     3    4.9256669e-07
456 region_rec_diffs(2,113)        -2.9999998     -3     3    -1.8875638e-08   *************
457 region_rec_diffs(2,114)        0.28665627     -3     3    -1.7501051e-06
458 region_rec_diffs(2,115)        0.15723862     -3     3    3.1082689e-07
459 region_rec_diffs(2,116)        -0.47773697     -3     3    8.707958e-07
460 region_rec_diffs(2,117)        -1.4314198     -3     3    1.2346704e-06
461 region_rec_diffs(2,118)        -0.084009011     -3     3    -9.2691088e-07
462 region_rec_diffs(2,119)        -0.8259348     -3     3    5.9595404e-08
463 region_rec_diffs(2,120)        -0.2954121     -3     3    -3.4364315e-06
464 region_rec_diffs(2,121)        -1.2375194     -3     3    -3.543013e-06
465 region_rec_diffs(2,122)        -1.0054442     -3     3    3.339773e-06
466 region_rec_diffs(2,123)        0.46987908     -3     3    -7.8396914e-08
467 region_rec_diffs(2,124)        -1.9296018     -3     3    3.0613867e-07
468 region_rec_diffs(2,125)        -2.1903138     -3     3    1.509363e-06
469 region_rec_diffs(2,126)        -0.11809526     -3     3    2.8265311e-07
470 region_rec_diffs(2,127)        0.69164203     -3     3    5.5589885e-08
471 region_rec_diffs(2,128)        0.32902803     -3     3    -1.0690096e-06
472 region_rec_diffs(2,129)        -0.53875401     -3     3    1.178479e-06
473 region_rec_diffs(2,130)        0.66766381     -3     3    6.10206e-07
474 region_rec_diffs(2,131)        0.73361123     -3     3    -3.1613353e-07
475 region_rec_diffs(2,132)        -1.7201137     -3     3    2.8475652e-06
476 region_rec_diffs(2,133)        -2.9999998     -3     3    -3.0562896e-08   *************
477 region_rec_diffs(2,134)        -1.4149131     -3     3    -1.9586649e-06
478 region_rec_diffs(2,135)        0.54384793     -3     3    6.4227134e-07
479 region_rec_diffs(2,136)        -0.10954916     -3     3    -1.7775006e-06
480 region_rec_diffs(2,137)        0.5219526     -3     3    7.3447096e-08
481 region_rec_diffs(2,138)        -0.30825065     -3     3    1.2119777e-06
482 region_rec_diffs(2,139)        0.70449032     -3     3    4.9507273e-07
483 region_rec_diffs(2,140)        -0.12419443     -3     3    -5.5219891e-07
484 region_rec_diffs(2,141)        0.13346657     -3     3    -8.61395e-07
485 region_rec_diffs(2,142)        -0.089766425     -3     3    -2.2600482e-06
486 region_rec_diffs(2,143)        0.56311047     -3     3    2.7204806e-08
487 region_rec_diffs(2,144)        -1.8663442     -3     3    5.0614998e-07
488 region_rec_diffs(2,145)        -0.021264256     -3     3    1.3110705e-07
489 region_rec_diffs(2,146)        -1.2054767     -3     3    2.2788489e-08
490 region_rec_diffs(2,147)        -1.1767326     -3     3    -2.2070627e-06
491 region_rec_diffs(2,148)        -0.8173711     -3     3    -1.1690822e-06
492 region_rec_diffs(2,149)        0.35299403     -3     3    -1.4240069e-07
493 region_rec_diffs(2,150)        -0.66664247     -3     3    3.386301e-07
494 region_rec_diffs(2,151)        -0.43671545     -3     3    -1.2878457e-06
495 region_rec_diffs(2,152)        0.48577323     -3     3    2.7772485e-08
496 region_rec_diffs(2,153)        -1.4134471     -3     3    2.9911134e-06
497 region_rec_diffs(2,154)        -0.47976101     -3     3    3.0641489e-07
498 region_rec_diffs(2,155)        -1.2552145     -3     3    1.6590228e-06
499 region_rec_diffs(2,156)        0.20672029     -3     3    -3.0286117e-07
500 region_rec_diffs(2,157)        -2.3691676     -3     3    8.942556e-07
501 region_rec_diffs(2,158)        0.073417379     -3     3    7.7916163e-07
502 region_rec_diffs(2,159)        -0.89851888     -3     3    -7.7328044e-08
503 region_rec_diffs(2,160)        -0.017509827     -3     3    1.3052517e-06
504 region_rec_diffs(2,161)        -0.61977814     -3     3    -2.478574e-06
505 region_rec_diffs(2,162)        -1.4700156     -3     3    2.3891045e-06
506 region_rec_diffs(2,163)        0.49999938     -3     3    -1.6733151e-07
507 region_rec_diffs(2,164)        -1.0337501     -3     3    1.2726203e-06
508 region_rec_diffs(2,165)        -1.2543918     -3     3    4.0597489e-06
509 region_rec_diffs(2,166)        0.61274564     -3     3    5.6678997e-07
510 region_rec_diffs(2,167)        0.015509057     -3     3    7.684658e-07
511 region_rec_diffs(2,168)        -0.56496655     -3     3    -1.028817e-06
512 region_rec_diffs(2,169)        -0.66437585     -3     3    -1.6432229e-06
513 region_rec_diffs(2,170)        0.35662791     -3     3    -1.1252007e-06
514 region_rec_diffs(2,171)        -1.110437     -3     3    5.8798045e-07
515 region_rec_diffs(2,172)        -2.0263743     -3     3    3.9509527e-06
516 region_rec_diffs(2,173)        -1.6372954     -3     3    2.11209e-06
517 region_rec_diffs(2,174)        -0.54188214     -3     3    1.2862789e-06
518 region_rec_diffs(2,175)        -0.18280716     -3     3    2.1879585e-07
519 region_rec_diffs(2,176)        -0.57468688     -3     3    -1.2481423e-06
520 region_rec_diffs(2,177)        0.51999951     -3     3    -3.0229009e-07
521 region_rec_diffs(2,178)        -0.38713265     -3     3    1.6281249e-06
522 region_rec_diffs(2,179)        -0.759386     -3     3    1.3357007e-06
523 region_rec_diffs(2,180)        -0.12894479     -3     3    -8.6225564e-07
524 region_rec_diffs(2,181)        -0.50264111     -3     3    -5.5053637e-07
525 region_rec_diffs(2,182)        0.7585529     -3     3    4.185761e-07
526 region_rec_diffs(2,183)        0.57486603     -3     3    1.9764796e-06
527 region_rec_diffs(2,184)        0.058150812     -3     3    1.639187e-06
528 region_rec_diffs(2,185)        -0.6886812     -3     3    3.8318809e-06
529 region_rec_diffs(2,186)        -0.51697107     -3     3    -2.4855969e-08
530 region_rec_diffs(2,187)        -0.076317108     -3     3    -9.6341014e-07
531 region_rec_diffs(2,188)        0.43841078     -3     3    -1.9236963e-06
532 region_rec_diffs(2,189)        -0.87191319     -3     3    -5.1676284e-06
533 region_rec_diffs(2,190)        0.45562616     -3     3    -2.5241953e-06
534 region_rec_diffs(2,191)        0.39486615     -3     3    8.9511714e-07
535 region_rec_diffs(2,192)        -0.39709784     -3     3    -4.0226979e-07
536 region_rec_diffs(2,193)        -2.3799671     -3     3    -2.731067e-06
537 region_rec_diffs(2,194)        -0.76809272     -3     3    -2.9334455e-06
538 region_rec_diffs(2,195)        -0.20082377     -3     3    -6.3449945e-07
539 region_rec_diffs(2,196)        -1.4480707     -3     3    4.2036682e-06
540 region_rec_diffs(2,197)        -1.3222918     -3     3    7.0722225e-08
541 region_rec_diffs(2,198)        0.28559992     -3     3    -1.7618067e-06
542 region_rec_diffs(2,199)        -0.16972765     -3     3    6.7448642e-07
543 region_rec_diffs(2,200)        0.080652348     -3     3    1.8570347e-06
544 region_rec_diffs(2,201)        0.37260515     -3     3    2.4551465e-06
545 region_rec_diffs(2,202)        -1.4694311     -3     3    3.0894351e-08
546 region_rec_diffs(2,203)        -1.6796579     -3     3    1.609811e-07
547 region_rec_diffs(2,204)        -0.70916556     -3     3    -1.2385767e-06
548 region_rec_diffs(2,205)        -0.77815774     -3     3    -1.0748706e-06
549 region_rec_diffs(2,206)        0.43982059     -3     3    6.4200229e-07
550 region_rec_diffs(2,207)        0.0037874703     -3     3    -1.0495465e-07
551 region_rec_diffs(2,208)        0.72869126     -3     3    2.3244816e-07
552 region_rec_diffs(2,209)        -0.63157717     -3     3    -3.144216e-06
553 region_rec_diffs(2,210)        -1.1424317     -3     3    -6.1437526e-06
554 region_rec_diffs(2,211)        -1.3870675     -3     3    5.0723745e-07
555 region_rec_diffs(2,212)        -0.48454589     -3     3    9.3490108e-07
556 region_rec_diffs(2,213)        -0.63402069     -3     3    1.9420346e-07
557 region_rec_diffs(2,214)        0.42377573     -3     3    4.9735654e-07
558 region_rec_diffs(2,215)        -0.0483291     -3     3    -7.4386268e-07
559 region_rec_diffs(2,216)        0.40748348     -3     3    8.9386517e-07
560 region_rec_diffs(2,217)        -0.55706901     -3     3    -7.6476339e-07
561 region_rec_diffs(2,218)        0.33523129     -3     3    8.5851961e-08
562 region_rec_diffs(2,219)        0.27390608     -3     3    -4.7668695e-07
563 region_rec_diffs(2,220)        0.13900206     -3     3    -5.1442443e-07
564 region_rec_diffs(2,221)        -0.87246108     -3     3    -1.1536151e-06
565 region_rec_diffs(2,222)        -0.75922911     -3     3    -1.3919811e-08
566 region_rec_diffs(2,223)        0.085240282     -3     3    5.2822633e-07
567 region_rec_diffs(2,224)        -0.73495828     -3     3    1.6066805e-06
568 region_rec_diffs(2,225)        -0.15373148     -3     3    1.9850043e-06
569 region_rec_diffs(2,226)        0.60962999     -3     3    -6.5049487e-07
570 region_rec_diffs(2,227)        0.46686992     -3     3    9.5749248e-07
571 region_rec_diffs(2,228)        0.52734097     -3     3    -5.0757856e-07
572 region_rec_diffs(2,229)        -1.3341972     -3     3    -3.3758939e-06
573 region_rec_diffs(2,230)        -0.81120103     -3     3    -1.2853435e-06
574 region_rec_diffs(2,231)        -0.79511271     -3     3    -2.1509177e-07
575 region_rec_diffs(2,232)        -1.7104655     -3     3    -3.3759106e-06
576 region_rec_diffs(2,233)        -0.26758489     -3     3    -1.4327036e-08
577 region_rec_diffs(2,234)        -0.23808224     -3     3    -2.114314e-07
578 region_rec_diffs(2,235)        -0.2302624     -3     3    -4.414265e-07
579 region_rec_diffs(2,236)        0.18093506     -3     3    -5.3043565e-07
580 region_rec_diffs(2,237)        -0.57833998     -3     3    1.7762416e-07
581 region_rec_diffs(2,238)        -0.040919682     -3     3    -1.1471803e-06
582 region_rec_diffs(2,239)        0.28247207     -3     3    -2.9294203e-07
583 region_rec_diffs(2,240)        -0.6900998     -3     3    -3.4819794e-07
584 region_rec_diffs(2,241)        -1.4104204     -3     3    1.3205387e-06
585 region_rec_diffs(2,242)        -0.33657622     -3     3    -6.7664906e-07
586 region_rec_diffs(2,243)        -0.11686844     -3     3    -1.2144486e-07
587 region_rec_diffs(2,244)        -0.25521196     -3     3    -8.3926093e-09
588 region_rec_diffs(2,245)        -0.25879488     -3     3    6.3622274e-08
589 region_rec_diffs(2,246)        -0.21388076     -3     3    -2.5524229e-07
590 region_rec_diffs(2,247)        -0.46143504     -3     3    -1.8750001e-07
591 region_rec_diffs(2,248)        -1.2076141     -3     3    -1.3738348e-08
592 region_rec_diffs(2,249)        -0.30747274     -3     3    3.3791504e-07
593 region_rec_diffs(2,250)        0.11570519     -3     3    -1.3058342e-07
594 region_rec_diffs(2,251)        -0.033580629     -3     3    3.807633e-08
595 region_rec_diffs(2,252)        -0.23914195     -3     3    1.3759893e-07
596 region_rec_diffs(2,253)        -1.1072721     -3     3    7.4613043e-08
597 region_rec_diffs(2,254)        -0.068307974     -3     3    -2.6367807e-07
598 region_rec_diffs(2,255)        0.098390802     -3     3    -5.3317771e-07
599 region_rec_diffs(2,256)        -0.20325866     -3     3    -2.5668117e-08
600 region_rec_diffs(2,257)        -0.97635258     -3     3    -3.3790411e-07
601 region_rec_diffs(2,258)        0.035436886     -3     3    -6.7166841e-07
602 region_rec_diffs(2,259)        0.78505817     -3     3    9.2386854e-09
603 region_rec_diffs(2,260)        -0.33259513     -3     3    -6.1861157e-07
604 region_rec_diffs(2,261)        -0.988104     -3     3    1.8843367e-06
605 region_rec_diffs(2,262)        0.45341454     -3     3    -2.1242351e-08
606 region_rec_diffs(2,263)        0.2135701     -3     3    -1.8404815e-08
607 region_rec_diffs(2,264)        -1.5245273     -3     3    8.5662021e-07
608 region_rec_diffs(2,265)        -1.1224747     -3     3    -5.5323103e-07
609 region_rec_diffs(2,266)        0.14588886     -3     3    -1.0641844e-07
610 region_rec_diffs(2,267)        0.18576853     -3     3    -9.1930924e-08
611 region_rec_diffs(2,268)        -0.55924267     -3     3    2.0726596e-07
612 region_rec_diffs(2,269)        -1.77178     -3     3    2.209956e-06
613 region_rec_diffs(2,270)        -0.43795232     -3     3    1.3188365e-06
614 region_rec_diffs(2,271)        -0.69640856     -3     3    1.1747203e-06
615 region_rec_diffs(2,272)        0.36102841     -3     3    3.1917347e-06
616 region_rec_diffs(2,273)        0.040476317     -3     3    1.4677859e-06
617 region_rec_diffs(2,274)        -0.99224448     -3     3    -9.473765e-07
618 region_rec_diffs(2,275)        0.22094146     -3     3    -7.8012711e-07
619 region_rec_diffs(2,276)        -0.60357332     -3     3    4.430305e-07
620 region_rec_diffs(2,277)        -1.7448764     -3     3    -6.2419287e-06
621 region_rec_diffs(2,278)        -0.92212351     -3     3    -2.0199334e-07
622 region_rec_diffs(2,279)        0.28466136     -3     3    -6.5762854e-07
623 region_rec_diffs(3,1)        -2.2549303e-08     -3     3    -1.4017545e-08
624 region_rec_diffs(3,2)        -1.6803443     -3     3    9.2428686e-07
625 region_rec_diffs(3,3)        -1.6613338     -3     3    1.9625664e-06
626 region_rec_diffs(3,4)        -1.6507725     -3     3    -1.9105513e-06
627 region_rec_diffs(3,5)        -1.6531446     -3     3    -4.0323745e-06
628 region_rec_diffs(3,6)        -0.3594748     -3     3    4.7853811e-07
629 region_rec_diffs(3,7)        -0.34981532     -3     3    -2.4085261e-06
630 region_rec_diffs(3,8)        -2.1541514     -3     3    3.4144386e-07
631 region_rec_diffs(3,9)        -0.55202786     -3     3    -2.7116584e-06
632 region_rec_diffs(3,10)        -0.060796676     -3     3    -4.4571902e-07
633 region_rec_diffs(3,11)        0.023900891     -3     3    2.5285473e-07
634 region_rec_diffs(3,12)        -0.34075501     -3     3    -1.0316908e-06
635 region_rec_diffs(3,13)        -0.80258548     -3     3    -2.0119432e-07
636 region_rec_diffs(3,14)        0.13448449     -3     3    -3.0957696e-07
637 region_rec_diffs(3,15)        0.06928816     -3     3    -9.4204701e-07
638 region_rec_diffs(3,16)        -0.0062126524     -3     3    4.8987934e-08
639 region_rec_diffs(3,17)        -0.27378318     -3     3    -8.1316243e-08
640 region_rec_diffs(3,18)        -0.87101704     -3     3    -3.7130562e-07
641 region_rec_diffs(3,19)        -0.73834876     -3     3    6.0202668e-07
642 region_rec_diffs(3,20)        -0.12518731     -3     3    -9.3535969e-07
643 region_rec_diffs(3,21)        -0.42255949     -3     3    -2.5635385e-07
644 region_rec_diffs(3,22)        -1.0696436     -3     3    -1.2180796e-06
645 region_rec_diffs(3,23)        -0.76756844     -3     3    -9.8697598e-07
646 region_rec_diffs(3,24)        -0.40978475     -3     3    -7.1798599e-07
647 region_rec_diffs(3,25)        -0.47970932     -3     3    -4.2747292e-07
648 region_rec_diffs(3,26)        -1.418464     -3     3    2.9333538e-07
649 region_rec_diffs(3,27)        -0.21634509     -3     3    -9.1641974e-07
650 region_rec_diffs(3,28)        -1.4412356     -3     3    -7.3172475e-07
651 region_rec_diffs(3,29)        -1.1149028     -3     3    -4.3546015e-08
652 region_rec_diffs(3,30)        -0.32417553     -3     3    8.6341885e-07
653 region_rec_diffs(3,31)        -0.11806552     -3     3    -5.7554414e-08
654 region_rec_diffs(3,32)        -0.12525517     -3     3    3.7082237e-07
655 region_rec_diffs(3,33)        -0.31921964     -3     3    -1.2831554e-07
656 region_rec_diffs(3,34)        -1.1508275     -3     3    -2.7873156e-07
657 region_rec_diffs(3,35)        -1.116077     -3     3    -1.4779463e-07
658 region_rec_diffs(3,36)        -0.11559023     -3     3    -3.538448e-07
659 region_rec_diffs(3,37)        -1.3526366     -3     3    -1.1138641e-07
660 region_rec_diffs(3,38)        -0.53649619     -3     3    6.547552e-07
661 region_rec_diffs(3,39)        -0.045619795     -3     3    -3.9570108e-07
662 region_rec_diffs(3,40)        -0.058661852     -3     3    2.2033386e-07
663 region_rec_diffs(3,41)        -0.79120984     -3     3    -6.9951452e-07
664 region_rec_diffs(3,42)        -1.6968136     -3     3    -1.0769942e-06
665 region_rec_diffs(3,43)        -0.12601326     -3     3    -4.6702313e-08
666 region_rec_diffs(3,44)        -0.18827518     -3     3    -5.816261e-07
667 region_rec_diffs(3,45)        -1.7731207     -3     3    -7.9938306e-07
668 region_rec_diffs(3,46)        -0.51433126     -3     3    3.6757811e-07
669 region_rec_diffs(3,47)        -0.10004764     -3     3    -8.3618437e-07
670 region_rec_diffs(3,48)        -0.24965122     -3     3    9.9083878e-07
671 region_rec_diffs(3,49)        -1.5650474     -3     3    7.9507872e-07
672 region_rec_diffs(3,50)        -0.24646221     -3     3    3.3243857e-07
673 region_rec_diffs(3,51)        -0.32124303     -3     3    3.4294201e-07
674 region_rec_diffs(3,52)        -1.4638977     -3     3    5.8300382e-07
675 region_rec_diffs(3,53)        -1.080924     -3     3    1.552481e-06
676 region_rec_diffs(3,54)        -1.164938     -3     3    2.2136433e-07
677 region_rec_diffs(3,55)        -0.15728542     -3     3    -3.857553e-06
678 region_rec_diffs(3,56)        -0.53374924     -3     3    2.1475744e-08
679 region_rec_diffs(3,57)        -0.12168704     -3     3    -1.2785555e-06
680 region_rec_diffs(3,58)        -1.3009638     -3     3    1.2187279e-06
681 region_rec_diffs(3,59)        -0.13938638     -3     3    1.2296279e-06
682 region_rec_diffs(3,60)        -0.55613155     -3     3    -9.6494205e-08
683 region_rec_diffs(3,61)        -1.8115158     -3     3    2.8245762e-07
684 region_rec_diffs(3,62)        -0.41672202     -3     3    2.0357139e-07
685 region_rec_diffs(3,63)        -0.48613216     -3     3    -1.0129468e-06
686 region_rec_diffs(3,64)        -0.55084084     -3     3    -1.5502107e-07
687 region_rec_diffs(3,65)        -1.4640941     -3     3    -1.0105441e-07
688 region_rec_diffs(3,66)        -0.51824217     -3     3    6.2197136e-07
689 region_rec_diffs(3,67)        -0.30073366     -3     3    8.3920674e-07
690 region_rec_diffs(3,68)        -1.0367633     -3     3    5.0892832e-07
691 region_rec_diffs(3,69)        -1.5572604     -3     3    -5.9442408e-07
692 region_rec_diffs(3,70)        -1.339052     -3     3    -1.5094132e-06
693 region_rec_diffs(3,71)        -0.21257784     -3     3    -1.4143235e-07
694 region_rec_diffs(3,72)        -0.56218435     -3     3    3.0289024e-07
695 region_rec_diffs(3,73)        -0.48556312     -3     3    -2.2003859e-06
696 region_rec_diffs(3,74)        -0.8456622     -3     3    -1.5026625e-06
697 region_rec_diffs(3,75)        -0.030241425     -3     3    -5.2256355e-07
698 region_rec_diffs(3,76)        -0.65178979     -3     3    -1.2293971e-07
699 region_rec_diffs(3,77)        -0.40149471     -3     3    2.5172459e-07
700 region_rec_diffs(3,78)        -0.59267502     -3     3    -9.7506621e-07
701 region_rec_diffs(3,79)        -0.061142537     -3     3    -8.0360543e-09
702 region_rec_diffs(3,80)        -0.97728681     -3     3    -7.978183e-08
703 region_rec_diffs(3,81)        -0.5344164     -3     3    -1.4673376e-06
704 region_rec_diffs(3,82)        -1.3735643     -3     3    -3.0740615e-06
705 region_rec_diffs(3,83)        1.5590869     -3     3    2.1909466e-08
706 region_rec_diffs(3,84)        1.1044333     -3     3    -1.3633884e-06
707 region_rec_diffs(3,85)        -0.2992007     -3     3    -2.6155197e-06
708 region_rec_diffs(3,86)        -0.036796583     -3     3    -1.4455254e-07
709 region_rec_diffs(3,87)        -0.31738414     -3     3    7.7620154e-07
710 region_rec_diffs(3,88)        -1.1797509     -3     3    -5.1477735e-07
711 region_rec_diffs(3,89)        -0.35777677     -3     3    9.0179861e-07
712 region_rec_diffs(3,90)        -0.57617037     -3     3    7.1995428e-07
713 region_rec_diffs(3,91)        -0.5467742     -3     3    -1.8290623e-06
714 region_rec_diffs(3,92)        -0.48385457     -3     3    6.255505e-07
715 region_rec_diffs(3,93)        -0.053924361     -3     3    5.3199681e-07
716 region_rec_diffs(3,94)        -0.16252056     -3     3    1.7911699e-06
717 region_rec_diffs(3,95)        1.3180194     -3     3    -3.7030831e-06
718 region_rec_diffs(3,96)        -0.2121955     -3     3    -5.0988026e-07
719 region_rec_diffs(3,97)        -0.39813972     -3     3    5.4808819e-07
720 region_rec_diffs(3,98)        0.14507979     -3     3    -1.855064e-06
721 region_rec_diffs(3,99)        1.1842721     -3     3    7.4102187e-07
722 region_rec_diffs(3,100)        -0.38741326     -3     3    1.5626446e-06
723 region_rec_diffs(3,101)        0.10884918     -3     3    4.5634646e-06
724 region_rec_diffs(3,102)        -0.059665421     -3     3    -3.3371449e-07
725 region_rec_diffs(3,103)        -0.16249364     -3     3    -1.029241e-07
726 region_rec_diffs(3,104)        0.6893381     -3     3    4.2777608e-07
727 region_rec_diffs(3,105)        -0.38324388     -3     3    -8.8211552e-07
728 region_rec_diffs(3,106)        -0.056183139     -3     3    -3.0729963e-07
729 region_rec_diffs(3,107)        -0.079379487     -3     3    -9.6943447e-08
730 region_rec_diffs(3,108)        -0.53354345     -3     3    -1.080846e-06
731 region_rec_diffs(3,109)        0.54528607     -3     3    1.0883536e-06
732 region_rec_diffs(3,110)        0.0068626283     -3     3    -5.6725995e-07
733 region_rec_diffs(3,111)        -0.455048     -3     3    2.0619143e-07
734 region_rec_diffs(3,112)        -0.040695464     -3     3    -1.1421312e-06
735 region_rec_diffs(3,113)        -0.058859321     -3     3    -7.7275304e-07
736 region_rec_diffs(3,114)        -0.36297574     -3     3    2.2426888e-07
737 region_rec_diffs(3,115)        -0.15979145     -3     3    -2.1087017e-07
738 region_rec_diffs(3,116)        -0.23546607     -3     3    9.3482635e-07
739 region_rec_diffs(3,117)        0.52997734     -3     3    -1.1074199e-06
740 region_rec_diffs(3,118)        0.29687103     -3     3    3.0303591e-07
741 region_rec_diffs(3,119)        -0.093210827     -3     3    -5.9983625e-07
742 region_rec_diffs(3,120)        1.2698604     -3     3    -5.4876568e-07
743 region_rec_diffs(3,121)        0.50285392     -3     3    4.9034772e-07
744 region_rec_diffs(3,122)        -0.25098846     -3     3    2.0601773e-07
745 region_rec_diffs(3,123)        -0.018536863     -3     3    -3.1145524e-08
746 region_rec_diffs(3,124)        0.07163711     -3     3    1.629591e-07
747 region_rec_diffs(3,125)        1.7740517     -3     3    2.1249051e-07
748 region_rec_diffs(3,126)        0.17233736     -3     3    -2.7184565e-06
749 region_rec_diffs(3,127)        -0.1369584     -3     3    -2.1490372e-06
750 region_rec_diffs(3,128)        0.1429376     -3     3    -2.0462337e-06
751 region_rec_diffs(3,129)        -0.42576069     -3     3    -1.5889856e-07
752 region_rec_diffs(3,130)        -0.19095207     -3     3    -1.0528592e-06
753 region_rec_diffs(3,131)        -0.21557734     -3     3    9.913617e-07
754 region_rec_diffs(3,132)        2.0323061     -3     3    2.4619309e-08
755 region_rec_diffs(3,133)        1.2249072     -3     3    -1.1289021e-06
756 region_rec_diffs(3,134)        0.3887768     -3     3    1.6113421e-07
757 region_rec_diffs(3,135)        -0.022726902     -3     3    1.1655274e-07
758 region_rec_diffs(3,136)        -0.42375196     -3     3    3.1864832e-07
759 region_rec_diffs(3,137)        -0.16500561     -3     3    1.9887401e-07
760 region_rec_diffs(3,138)        -0.40469711     -3     3    -1.2062788e-07
761 region_rec_diffs(3,139)        -0.20721784     -3     3    -1.6987666e-08
762 region_rec_diffs(3,140)        0.34808771     -3     3    2.4606947e-07
763 region_rec_diffs(3,141)        0.76273689     -3     3    9.4439341e-07
764 region_rec_diffs(3,142)        -0.12468319     -3     3    -5.5864354e-07
765 region_rec_diffs(3,143)        -0.075164321     -3     3    -7.8418679e-07
766 region_rec_diffs(3,144)        -0.21891272     -3     3    -1.2572183e-06
767 region_rec_diffs(3,145)        0.36892025     -3     3    -1.2027832e-07
768 region_rec_diffs(3,146)        1.8980409     -3     3    -9.2911396e-07
769 region_rec_diffs(3,147)        2.1109039     -3     3    9.7612977e-07
770 region_rec_diffs(3,148)        0.51114497     -3     3    -1.2450669e-06
771 region_rec_diffs(3,149)        -0.30606856     -3     3    -6.6083438e-07
772 region_rec_diffs(3,150)        -0.55210183     -3     3    -1.3610468e-06
773 region_rec_diffs(3,151)        0.56641009     -3     3    2.5281021e-07
774 region_rec_diffs(3,152)        -0.73535906     -3     3    -6.2985791e-07
775 region_rec_diffs(3,153)        1.1426029     -3     3    -1.1064932e-06
776 region_rec_diffs(3,154)        1.8103331     -3     3    4.9499874e-07
777 region_rec_diffs(3,155)        2.2061158     -3     3    -5.2963904e-07
778 region_rec_diffs(3,156)        -1.2673528     -3     3    -7.6248215e-07
779 region_rec_diffs(3,157)        -0.23315461     -3     3    -1.9593906e-06
780 region_rec_diffs(3,158)        -0.12345484     -3     3    5.5741416e-07
781 region_rec_diffs(3,159)        1.9566908     -3     3    -5.2756001e-07
782 region_rec_diffs(3,160)        1.6115476     -3     3    -1.4168442e-06
783 region_rec_diffs(3,161)        1.3373693     -3     3    1.6383982e-06
784 region_rec_diffs(3,162)        1.8616366     -3     3    -1.2484899e-06
785 region_rec_diffs(3,163)        0.96981873     -3     3    7.1878995e-07
786 region_rec_diffs(3,164)        0.52237798     -3     3    -9.5878357e-07
787 region_rec_diffs(3,165)        -0.51636318     -3     3    -2.6828151e-06
788 region_rec_diffs(3,166)        -0.30796078     -3     3    -1.2803421e-06
789 region_rec_diffs(3,167)        0.32306787     -3     3    -6.4222212e-07
790 region_rec_diffs(3,168)        0.99611723     -3     3    2.3554163e-06
791 region_rec_diffs(3,169)        1.3513846     -3     3    2.0644627e-06
792 region_rec_diffs(3,170)        1.2411969     -3     3    1.2364644e-06
793 region_rec_diffs(3,171)        1.9244075     -3     3    -8.0812672e-09
794 region_rec_diffs(3,172)        1.7477351     -3     3    -2.1808923e-07
795 region_rec_diffs(3,173)        0.45456684     -3     3    -3.3759681e-07
796 region_rec_diffs(3,174)        -0.24918647     -3     3    -1.742813e-06
797 region_rec_diffs(3,175)        -0.35483833     -3     3    -7.9507055e-07
798 region_rec_diffs(3,176)        -0.97573233     -3     3    3.191033e-07
799 region_rec_diffs(3,177)        0.38285335     -3     3    -1.0253325e-07
800 region_rec_diffs(3,178)        0.34913259     -3     3    9.2444454e-07
801 region_rec_diffs(3,179)        -1.5585901     -3     3    8.9012639e-07
802 region_rec_diffs(3,180)        -0.73369954     -3     3    1.4684073e-06
803 region_rec_diffs(3,181)        -0.8904762     -3     3    2.1249814e-06
804 region_rec_diffs(3,182)        -0.76977827     -3     3    5.0992781e-07
805 region_rec_diffs(3,183)        -0.74557914     -3     3    -2.2052887e-07
806 region_rec_diffs(3,184)        1.8023098     -3     3    -1.681385e-06
807 region_rec_diffs(3,185)        1.0641331     -3     3    -2.5535338e-06
808 region_rec_diffs(3,186)        1.6128716     -3     3    6.2585675e-07
809 region_rec_diffs(3,187)        -0.95286136     -3     3    1.0568667e-06
810 region_rec_diffs(3,188)        -0.93683556     -3     3    8.5843901e-07
811 region_rec_diffs(3,189)        -0.31178082     -3     3    -5.912354e-07
812 region_rec_diffs(3,190)        1.3375258     -3     3    4.6970982e-06
813 region_rec_diffs(3,191)        1.7184099     -3     3    -1.1931844e-06
814 region_rec_diffs(3,192)        0.56654736     -3     3    -1.024633e-06
815 region_rec_diffs(3,193)        0.84423445     -3     3    3.5942792e-06
816 region_rec_diffs(3,194)        1.7508752     -3     3    -2.5547552e-06
817 region_rec_diffs(3,195)        1.9453465     -3     3    3.7384877e-07
818 region_rec_diffs(3,196)        -1.2438167     -3     3    9.842069e-08
819 region_rec_diffs(3,197)        0.37584732     -3     3    3.1233008e-06
820 region_rec_diffs(3,198)        1.462567     -3     3    1.3301254e-06
821 region_rec_diffs(3,199)        0.21381852     -3     3    -6.9047481e-07
822 region_rec_diffs(3,200)        1.0266954     -3     3    1.3165281e-06
823 region_rec_diffs(3,201)        0.88341231     -3     3    -6.7660281e-06
824 region_rec_diffs(3,202)        0.42455396     -3     3    -1.0116901e-06
825 region_rec_diffs(3,203)        0.58073142     -3     3    1.701239e-06
826 region_rec_diffs(3,204)        0.31601508     -3     3    -2.1741456e-06
827 region_rec_diffs(3,205)        1.8362364     -3     3    6.8817494e-07
828 region_rec_diffs(3,206)        0.51017171     -3     3    9.1767154e-07
829 region_rec_diffs(3,207)        1.5421418     -3     3    1.8939841e-06
830 region_rec_diffs(3,208)        -0.23723473     -3     3    4.4216612e-06
831 region_rec_diffs(3,209)        0.833766     -3     3    -6.5627947e-06
832 region_rec_diffs(3,210)        -1.1923803     -3     3    1.9558409e-06
833 region_rec_diffs(3,211)        -1.1478926     -3     3    4.5272164e-06
834 region_rec_diffs(3,212)        -0.9107919     -3     3    2.2557741e-07
835 region_rec_diffs(3,213)        0.32903207     -3     3    1.3142929e-06
836 region_rec_diffs(3,214)        0.014967579     -3     3    -2.718985e-08
837 region_rec_diffs(3,215)        0.63828334     -3     3    3.0417781e-06
838 region_rec_diffs(3,216)        -0.16043981     -3     3    -3.6195373e-06
839 region_rec_diffs(3,217)        -1.4511984     -3     3    1.8095779e-06
840 region_rec_diffs(3,218)        -0.89161242     -3     3    4.0961673e-06
841 region_rec_diffs(3,219)        -0.55595686     -3     3    1.8153048e-06
842 region_rec_diffs(3,220)        -1.0307268     -3     3    2.2307808e-06
843 region_rec_diffs(3,221)        -2.6563161     -3     3    2.28889e-06
844 region_rec_diffs(3,222)        -0.37429139     -3     3    -2.4620112e-06
845 region_rec_diffs(3,223)        0.70621101     -3     3    2.4627228e-06
846 region_rec_diffs(3,224)        0.48688279     -3     3    9.5992717e-07
847 region_rec_diffs(3,225)        1.6174968     -3     3    -2.3582387e-06
848 region_rec_diffs(3,226)        0.58024891     -3     3    -1.084498e-06
849 region_rec_diffs(3,227)        1.1341632     -3     3    -1.9904071e-06
850 region_rec_diffs(3,228)        0.36852443     -3     3    -4.1525286e-07
851 region_rec_diffs(3,229)        -1.8164645     -3     3    -1.7318141e-06
852 region_rec_diffs(3,230)        -0.075932831     -3     3    -7.0869208e-08
853 region_rec_diffs(3,231)        -0.37431715     -3     3    -1.9521216e-06
854 region_rec_diffs(3,232)        -0.7002223     -3     3    4.2907185e-06
855 region_rec_diffs(3,233)        -0.12059137     -3     3    -3.0091485e-06
856 region_rec_diffs(3,234)        0.16938693     -3     3    1.2176342e-06
857 region_rec_diffs(3,235)        0.10916064     -3     3    -3.6853789e-07
858 region_rec_diffs(3,236)        0.39048254     -3     3    -5.699573e-07
859 region_rec_diffs(3,237)        0.1400801     -3     3    1.3772433e-06
860 region_rec_diffs(3,238)        -0.018949323     -3     3    -2.4913798e-06
861 region_rec_diffs(3,239)        0.70085134     -3     3    3.6704047e-07
862 region_rec_diffs(3,240)        0.79279918     -3     3    -3.807009e-07
863 region_rec_diffs(3,241)        -0.19818551     -3     3    5.8217187e-07
864 region_rec_diffs(3,242)        -0.1083124     -3     3    -5.3541357e-07
865 region_rec_diffs(3,243)        -0.21011789     -3     3    -9.4995149e-07
866 region_rec_diffs(3,244)        -1.5613393     -3     3    3.7568808e-07
867 region_rec_diffs(3,245)        0.40840807     -3     3    -6.1788475e-07
868 region_rec_diffs(3,246)        1.1543306     -3     3    -5.2434846e-07
869 region_rec_diffs(3,247)        0.2146586     -3     3    -1.9453953e-06
870 region_rec_diffs(3,248)        -0.38941714     -3     3    -2.6676241e-06
871 region_rec_diffs(3,249)        1.1050741     -3     3    -2.3725485e-07
872 region_rec_diffs(3,250)        0.21569068     -3     3    4.3885762e-06
873 region_rec_diffs(3,251)        -0.14474636     -3     3    -8.9046182e-07
874 region_rec_diffs(3,252)        -1.1488738     -3     3    -3.7215371e-06
875 region_rec_diffs(3,253)        -0.48258285     -3     3    7.7232452e-06
876 region_rec_diffs(3,254)        0.53534063     -3     3    -4.9246854e-06
877 region_rec_diffs(3,255)        0.050486047     -3     3    -7.4162539e-06
878 region_rec_diffs(3,256)        -1.2486561     -3     3    4.7597048e-06
879 region_rec_diffs(3,257)        -2.4480765     -3     3    1.4003707e-07
880 region_rec_diffs(3,258)        -0.77003572     -3     3    -2.5106675e-06
881 region_rec_diffs(3,259)        -0.078054749     -3     3    -5.8150856e-09
882 region_rec_diffs(3,260)        -1.2308521     -3     3    -3.6169266e-06
883 region_rec_diffs(3,261)        -0.0051527758     -3     3    2.0438401e-06
884 region_rec_diffs(3,262)        -0.30598532     -3     3    1.4299192e-06
885 region_rec_diffs(3,263)        -0.058388262     -3     3    2.1331646e-06
886 region_rec_diffs(3,264)        0.43163376     -3     3    8.1574146e-08
887 region_rec_diffs(3,265)        -1.3037009     -3     3    6.4811193e-07
888 region_rec_diffs(3,266)        0.34218416     -3     3    3.4200639e-07
889 region_rec_diffs(3,267)        0.51757817     -3     3    -7.5804131e-06
890 region_rec_diffs(3,268)        -1.2079345     -3     3    -6.4413143e-07
891 region_rec_diffs(3,269)        -0.91039651     -3     3    4.5152093e-06
892 region_rec_diffs(3,270)        -0.80312636     -3     3    9.6387852e-07
893 region_rec_diffs(3,271)        -0.42688903     -3     3    1.6200851e-06
894 region_rec_diffs(3,272)        0.61261942     -3     3    -5.4872001e-06
895 region_rec_diffs(3,273)        -0.62977549     -3     3    1.9755258e-06
896 region_rec_diffs(3,274)        2.228632     -3     3    1.6036917e-07
897 region_rec_diffs(3,275)        -0.7751399     -3     3    9.9995094e-08
898 region_rec_diffs(3,276)        -0.58470366     -3     3    -6.3527724e-07
899 region_rec_diffs(3,277)        0.89542989     -3     3    -6.0748704e-07
900 region_rec_diffs(3,278)        1.1187344     -3     3    1.771855e-08
901 region_rec_diffs(3,279)        -0.025363248     -3     3    2.8472223e-07
902 region_rec_diffs(4,1)        -3.3627928e-08     -3     3    -3.1630856e-08
903 region_rec_diffs(4,2)        -0.58364614     -3     3    -5.2893286e-06
904 region_rec_diffs(4,3)        -0.63149877     -3     3    -2.1869443e-06
905 region_rec_diffs(4,4)        -0.90590258     -3     3    -3.9159395e-06
906 region_rec_diffs(4,5)        -0.80838342     -3     3    -2.807267e-06
907 region_rec_diffs(4,6)        -0.2566509     -3     3    -3.1403526e-07
908 region_rec_diffs(4,7)        -0.24358854     -3     3    -1.4007859e-06
909 region_rec_diffs(4,8)        -1.8845776     -3     3    -5.6969762e-07
910 region_rec_diffs(4,9)        -0.37944952     -3     3    -2.0471623e-06
911 region_rec_diffs(4,10)        -0.018230381     -3     3    -2.2209181e-07
912 region_rec_diffs(4,11)        0.0041470205     -3     3    -9.0861151e-08
913 region_rec_diffs(4,12)        -0.6492458     -3     3    -1.5450546e-06
914 region_rec_diffs(4,13)        -0.93116561     -3     3    -3.0622371e-06
915 region_rec_diffs(4,14)        -0.45683854     -3     3    -9.1322979e-07
916 region_rec_diffs(4,15)        -0.2301031     -3     3    -5.7169747e-07
917 region_rec_diffs(4,16)        -0.17805843     -3     3    -3.2902426e-07
918 region_rec_diffs(4,17)        -0.68633933     -3     3    -1.1083286e-06
919 region_rec_diffs(4,18)        -1.7700787     -3     3    -6.8057829e-07
920 region_rec_diffs(4,19)        -1.3023047     -3     3    5.4924082e-07
921 region_rec_diffs(4,20)        -0.23600742     -3     3    -7.6347643e-07
922 region_rec_diffs(4,21)        -0.59076229     -3     3    -6.2300498e-07
923 region_rec_diffs(4,22)        -1.1494546     -3     3    2.2288165e-06
924 region_rec_diffs(4,23)        -0.93948225     -3     3    -8.8213279e-08
925 region_rec_diffs(4,24)        -0.47160158     -3     3    1.6540134e-06
926 region_rec_diffs(4,25)        -0.43749645     -3     3    -3.3466839e-07
927 region_rec_diffs(4,26)        -1.0502668     -3     3    -6.7588678e-07
928 region_rec_diffs(4,27)        -0.02859336     -3     3    -4.2008621e-07
929 region_rec_diffs(4,28)        -0.80767321     -3     3    -2.6592698e-06
930 region_rec_diffs(4,29)        -0.54272847     -3     3    -1.531585e-06
931 region_rec_diffs(4,30)        -0.0045737484     -3     3    -4.4490786e-07
932 region_rec_diffs(4,31)        0.074052696     -3     3    -3.8042229e-07
933 region_rec_diffs(4,32)        0.14714438     -3     3    1.6349284e-07
934 region_rec_diffs(4,33)        0.5924298     -3     3    -8.7597126e-07
935 region_rec_diffs(4,34)        0.4037263     -3     3    2.4346062e-06
936 region_rec_diffs(4,35)        -0.93996203     -3     3    1.5853282e-06
937 region_rec_diffs(4,36)        -0.038280101     -3     3    5.2335548e-07
938 region_rec_diffs(4,37)        -0.21733384     -3     3    -3.4575002e-06
939 region_rec_diffs(4,38)        0.86250064     -3     3    -2.4725202e-07
940 region_rec_diffs(4,39)        0.15183677     -3     3    1.384925e-07
941 region_rec_diffs(4,40)        0.043799691     -3     3    -4.0188818e-08
942 region_rec_diffs(4,41)        0.16237129     -3     3    2.6016315e-06
943 region_rec_diffs(4,42)        -0.14941575     -3     3    3.4707866e-06
944 region_rec_diffs(4,43)        0.028457726     -3     3    -1.4060962e-08
945 region_rec_diffs(4,44)        0.05978381     -3     3    2.6420775e-08
946 region_rec_diffs(4,45)        0.17973053     -3     3    -1.5032628e-06
947 region_rec_diffs(4,46)        -0.036996505     -3     3    5.8665202e-07
948 region_rec_diffs(4,47)        0.088624871     -3     3    2.384681e-08
949 region_rec_diffs(4,48)        0.48842003     -3     3    -6.8511523e-07
950 region_rec_diffs(4,49)        0.1985684     -3     3    -2.0963807e-07
951 region_rec_diffs(4,50)        -0.17714159     -3     3    1.3235134e-06
952 region_rec_diffs(4,51)        -0.3549175     -3     3    9.3732634e-07
953 region_rec_diffs(4,52)        -1.2244079     -3     3    5.8581597e-07
954 region_rec_diffs(4,53)        -0.047518391     -3     3    -6.5735265e-07
955 region_rec_diffs(4,54)        0.12663806     -3     3    -1.0096022e-06
956 region_rec_diffs(4,55)        -0.040687898     -3     3    -1.8376568e-08
957 region_rec_diffs(4,56)        -0.35578143     -3     3    -2.8125199e-06
958 region_rec_diffs(4,57)        0.64810385     -3     3    -8.2758675e-07
959 region_rec_diffs(4,58)        0.10058065     -3     3    2.2162286e-06
960 region_rec_diffs(4,59)        0.038141884     -3     3    -2.8003465e-06
961 region_rec_diffs(4,60)        0.73697793     -3     3    5.7317851e-07
962 region_rec_diffs(4,61)        -0.59382649     -3     3    -1.5315008e-06
963 region_rec_diffs(4,62)        -0.24854398     -3     3    -3.3979382e-07
964 region_rec_diffs(4,63)        -0.49581713     -3     3    -1.7167485e-06
965 region_rec_diffs(4,64)        -0.32526069     -3     3    2.037503e-07
966 region_rec_diffs(4,65)        0.61704871     -3     3    3.6432115e-07
967 region_rec_diffs(4,66)        -0.00014021033     -3     3    -7.1832972e-07
968 region_rec_diffs(4,67)        -0.037309725     -3     3    -1.0353781e-06
969 region_rec_diffs(4,68)        -0.46048717     -3     3    3.3434069e-07
970 region_rec_diffs(4,69)        0.70178988     -3     3    1.8176548e-07
971 region_rec_diffs(4,70)        0.43290425     -3     3    1.6116949e-06
972 region_rec_diffs(4,71)        -0.09327693     -3     3    -2.067147e-07
973 region_rec_diffs(4,72)        0.042970922     -3     3    2.6255926e-07
974 region_rec_diffs(4,73)        0.025096957     -3     3    2.9878291e-06
975 region_rec_diffs(4,74)        -1.204318     -3     3    -1.4482069e-07
976 region_rec_diffs(4,75)        -0.023662117     -3     3    -7.4701832e-07
977 region_rec_diffs(4,76)        -0.82948629     -3     3    -3.4370605e-07
978 region_rec_diffs(4,77)        -0.32665469     -3     3    -8.0465627e-08
979 region_rec_diffs(4,78)        -0.51751567     -3     3    -7.6988724e-07
980 region_rec_diffs(4,79)        -0.10229613     -3     3    1.523277e-07
981 region_rec_diffs(4,80)        -0.21536839     -3     3    -7.8107769e-07
982 region_rec_diffs(4,81)        -1.3841653     -3     3    3.2396919e-06
983 region_rec_diffs(4,82)        -0.7511477     -3     3    -1.8691278e-06
984 region_rec_diffs(4,83)        -0.82002287     -3     3    1.1159511e-06
985 region_rec_diffs(4,84)        -0.33037244     -3     3    1.7337235e-07
986 region_rec_diffs(4,85)        -0.037439872     -3     3    1.858351e-06
987 region_rec_diffs(4,86)        0.10835383     -3     3    -2.7346851e-07
988 region_rec_diffs(4,87)        -0.095099945     -3     3    8.5638707e-07
989 region_rec_diffs(4,88)        0.045120289     -3     3    4.9677048e-07
990 region_rec_diffs(4,89)        -1.0324023     -3     3    1.0962552e-06
991 region_rec_diffs(4,90)        -0.32513238     -3     3    1.8170522e-06
992 region_rec_diffs(4,91)        -0.18840772     -3     3    -3.7679754e-06
993 region_rec_diffs(4,92)        -0.86532059     -3     3    5.8210318e-07
994 region_rec_diffs(4,93)        -0.23227031     -3     3    -1.2112235e-06
995 region_rec_diffs(4,94)        -0.46983697     -3     3    6.3881547e-07
996 region_rec_diffs(4,95)        -0.60268931     -3     3    9.8400685e-07
997 region_rec_diffs(4,96)        -0.0027853895     -3     3    -5.6013663e-07
998 region_rec_diffs(4,97)        0.4616296     -3     3    -6.2752724e-07
999 region_rec_diffs(4,98)        -0.90557988     -3     3    4.6629285e-07
1000 region_rec_diffs(4,99)        -0.3366036     -3     3    -3.1571616e-07
1001 region_rec_diffs(4,100)        -1.2448864     -3     3    -5.255749e-07
1002 region_rec_diffs(4,101)        -0.47458882     -3     3    5.3593514e-06
1003 region_rec_diffs(4,102)        -0.13593996     -3     3    -4.9988502e-08
1004 region_rec_diffs(4,103)        -0.31728745     -3     3    -4.6954359e-07
1005 region_rec_diffs(4,104)        -0.58732756     -3     3    4.6997267e-08
1006 region_rec_diffs(4,105)        -0.78608825     -3     3    -5.6851089e-07
1007 region_rec_diffs(4,106)        -0.096571854     -3     3    -3.1349515e-07
1008 region_rec_diffs(4,107)        -0.088144338     -3     3    4.0065494e-08
1009 region_rec_diffs(4,108)        -0.66689077     -3     3    -4.5855974e-07
1010 region_rec_diffs(4,109)        -0.72833214     -3     3    1.7180885e-06
1011 region_rec_diffs(4,110)        -0.27910416     -3     3    2.4357251e-07
1012 region_rec_diffs(4,111)        -0.84867754     -3     3    4.7134599e-09
1013 region_rec_diffs(4,112)        -0.18927559     -3     3    1.3790856e-07
1014 region_rec_diffs(4,113)        0.53397667     -3     3    -9.5077764e-07
1015 region_rec_diffs(4,114)        -0.45040024     -3     3    1.3718432e-06
1016 region_rec_diffs(4,115)        0.057447935     -3     3    -6.3658495e-07
1017 region_rec_diffs(4,116)        0.37013472     -3     3    -1.298978e-06
1018 region_rec_diffs(4,117)        0.03443067     -3     3    4.4019908e-06
1019 region_rec_diffs(4,118)        -0.067839097     -3     3    1.0170364e-06
1020 region_rec_diffs(4,119)        -0.73892112     -3     3    2.973798e-07
1021 region_rec_diffs(4,120)        -0.96210641     -3     3    2.7705761e-07
1022 region_rec_diffs(4,121)        0.8125366     -3     3    2.3166813e-06
1023 region_rec_diffs(4,122)        -0.47557712     -3     3    1.7881983e-06
1024 region_rec_diffs(4,123)        -0.02035683     -3     3    3.7219327e-07
1025 region_rec_diffs(4,124)        0.22417292     -3     3    -7.3575844e-07
1026 region_rec_diffs(4,125)        -0.10144366     -3     3    -6.4680599e-07
1027 region_rec_diffs(4,126)        -0.90038178     -3     3    -1.8338731e-06
1028 region_rec_diffs(4,127)        -0.90156938     -3     3    -5.1333154e-07
1029 region_rec_diffs(4,128)        -1.2997402     -3     3    -2.0159973e-06
1030 region_rec_diffs(4,129)        -1.6875618     -3     3    -2.0073148e-06
1031 region_rec_diffs(4,130)        -1.0658127     -3     3    -1.2878309e-06
1032 region_rec_diffs(4,131)        -0.76656487     -3     3    2.8143966e-07
1033 region_rec_diffs(4,132)        -0.40795814     -3     3    6.5322988e-07
1034 region_rec_diffs(4,133)        -0.35718391     -3     3    -2.6051987e-06
1035 region_rec_diffs(4,134)        -0.82733499     -3     3    -1.2808175e-06
1036 region_rec_diffs(4,135)        -1.0066226     -3     3    -7.5666775e-07
1037 region_rec_diffs(4,136)        -0.98033625     -3     3    -9.1227005e-07
1038 region_rec_diffs(4,137)        -0.33119504     -3     3    -5.6397555e-07
1039 region_rec_diffs(4,138)        -0.72818171     -3     3    1.0980023e-07
1040 region_rec_diffs(4,139)        -0.49568642     -3     3    -4.6418205e-07
1041 region_rec_diffs(4,140)        0.61125283     -3     3    -4.6451616e-07
1042 region_rec_diffs(4,141)        -0.41221518     -3     3    2.1316494e-06
1043 region_rec_diffs(4,142)        -0.2795423     -3     3    -8.1465828e-08
1044 region_rec_diffs(4,143)        -0.074166487     -3     3    -1.1137874e-07
1045 region_rec_diffs(4,144)        1.0744722     -3     3    6.7772894e-07
1046 region_rec_diffs(4,145)        -1.0555347     -3     3    2.8424224e-07
1047 region_rec_diffs(4,146)        -1.0643226     -3     3    5.2485282e-08
1048 region_rec_diffs(4,147)        -1.2106922     -3     3    -1.284651e-06
1049 region_rec_diffs(4,148)        -1.8304824     -3     3    6.9878447e-07
1050 region_rec_diffs(4,149)        -1.6284831     -3     3    -1.0377638e-06
1051 region_rec_diffs(4,150)        -0.31048971     -3     3    1.8110235e-06
1052 region_rec_diffs(4,151)        1.0068384     -3     3    2.7939939e-07
1053 region_rec_diffs(4,152)        -1.7951443     -3     3    -3.8431982e-07
1054 region_rec_diffs(4,153)        -1.6085297     -3     3    -5.266946e-07
1055 region_rec_diffs(4,154)        -0.95832258     -3     3    3.5632902e-07
1056 region_rec_diffs(4,155)        -1.5523966     -3     3    1.315674e-06
1057 region_rec_diffs(4,156)        -1.7703036     -3     3    -3.0987962e-07
1058 region_rec_diffs(4,157)        0.74535103     -3     3    2.4386699e-06
1059 region_rec_diffs(4,158)        0.69752535     -3     3    -9.7097402e-07
1060 region_rec_diffs(4,159)        0.025701363     -3     3    9.8571658e-07
1061 region_rec_diffs(4,160)        -1.3453475     -3     3    -1.0711364e-06
1062 region_rec_diffs(4,161)        -0.52993564     -3     3    -7.3753123e-07
1063 region_rec_diffs(4,162)        -0.38835166     -3     3    2.1075815e-07
1064 region_rec_diffs(4,163)        -1.2267013     -3     3    2.2140466e-07
1065 region_rec_diffs(4,164)        -1.1554081     -3     3    -4.2056376e-06
1066 region_rec_diffs(4,165)        1.2321592     -3     3    -4.9055305e-07
1067 region_rec_diffs(4,166)        -0.51735929     -3     3    -2.0110707e-06
1068 region_rec_diffs(4,167)        0.86153462     -3     3    -1.0565368e-07
1069 region_rec_diffs(4,168)        -1.6755378     -3     3    -1.9919795e-06
1070 region_rec_diffs(4,169)        -1.4836107     -3     3    9.8429517e-07
1071 region_rec_diffs(4,170)        -0.96602911     -3     3    1.4272006e-06
1072 region_rec_diffs(4,171)        -1.1971391     -3     3    5.6470348e-07
1073 region_rec_diffs(4,172)        -2.2273706     -3     3    -2.2311239e-07
1074 region_rec_diffs(4,173)        -2.125512     -3     3    1.75748e-06
1075 region_rec_diffs(4,174)        0.51714604     -3     3    -5.6019525e-07
1076 region_rec_diffs(4,175)        0.95424605     -3     3    7.3772194e-07
1077 region_rec_diffs(4,176)        1.077355     -3     3    2.3801425e-07
1078 region_rec_diffs(4,177)        0.38095834     -3     3    7.9696039e-07
1079 region_rec_diffs(4,178)        0.27772238     -3     3    -1.3145037e-06
1080 region_rec_diffs(4,179)        1.3744124     -3     3    -3.4307171e-07
1081 region_rec_diffs(4,180)        -1.1094706     -3     3    2.6268162e-06
1082 region_rec_diffs(4,181)        -0.77371035     -3     3    -1.2362998e-06
1083 region_rec_diffs(4,182)        -0.40890793     -3     3    -2.7887294e-06
1084 region_rec_diffs(4,183)        0.484545     -3     3    -3.9383819e-06
1085 region_rec_diffs(4,184)        -0.71663371     -3     3    1.2356333e-06
1086 region_rec_diffs(4,185)        0.71529399     -3     3    -1.7173536e-06
1087 region_rec_diffs(4,186)        -1.5543767     -3     3    2.0808305e-06
1088 region_rec_diffs(4,187)        -0.62954443     -3     3    2.6870406e-06
1089 region_rec_diffs(4,188)        -1.6604752     -3     3    2.7964547e-06
1090 region_rec_diffs(4,189)        -1.0281628     -3     3    -3.0316803e-06
1091 region_rec_diffs(4,190)        -1.0332899     -3     3    1.6778462e-06
1092 region_rec_diffs(4,191)        -2.6559461     -3     3    8.8712117e-07
1093 region_rec_diffs(4,192)        0.4041214     -3     3    -5.2120413e-07
1094 region_rec_diffs(4,193)        -1.1591367     -3     3    -9.7777914e-07
1095 region_rec_diffs(4,194)        -2.2882748     -3     3    1.9716978e-07
1096 region_rec_diffs(4,195)        -2.0109965     -3     3    1.5855041e-06
1097 region_rec_diffs(4,196)        0.37339334     -3     3    -4.2288576e-07
1098 region_rec_diffs(4,197)        0.64022545     -3     3    9.9124895e-08
1099 region_rec_diffs(4,198)        -0.41136729     -3     3    4.470028e-06
1100 region_rec_diffs(4,199)        0.34249308     -3     3    -1.5895752e-06
1101 region_rec_diffs(4,200)        -0.1774233     -3     3    -4.2179475e-06
1102 region_rec_diffs(4,201)        -0.91123702     -3     3    -1.8605172e-06
1103 region_rec_diffs(4,202)        -0.50132137     -3     3    4.4923477e-06
1104 region_rec_diffs(4,203)        0.31969976     -3     3    1.8484078e-07
1105 region_rec_diffs(4,204)        -0.098138464     -3     3    1.8083722e-06
1106 region_rec_diffs(4,205)        0.21540552     -3     3    -6.0840364e-07
1107 region_rec_diffs(4,206)        0.47512352     -3     3    -1.4134291e-06
1108 region_rec_diffs(4,207)        0.088485395     -3     3    -1.9721049e-06
1109 region_rec_diffs(4,208)        -0.09045289     -3     3    -3.5772761e-06
1110 region_rec_diffs(4,209)        1.0395913     -3     3    2.578286e-06
1111 region_rec_diffs(4,210)        0.51130519     -3     3    -1.5703663e-07
1112 region_rec_diffs(4,211)        0.95943908     -3     3    2.3809615e-06
1113 region_rec_diffs(4,212)        -0.0057694775     -3     3    -9.5146078e-07
1114 region_rec_diffs(4,213)        -0.52966889     -3     3    -1.9059493e-07
1115 region_rec_diffs(4,214)        0.38823627     -3     3    -3.2423172e-07
1116 region_rec_diffs(4,215)        0.76545682     -3     3    -1.7065989e-07
1117 region_rec_diffs(4,216)        0.24005683     -3     3    1.3218342e-06
1118 region_rec_diffs(4,217)        0.1589004     -3     3    -5.2620303e-07
1119 region_rec_diffs(4,218)        0.03916357     -3     3    -2.7542178e-07
1120 region_rec_diffs(4,219)        0.69405301     -3     3    6.5049636e-08
1121 region_rec_diffs(4,220)        0.7636486     -3     3    2.0122448e-07
1122 region_rec_diffs(4,221)        0.4457873     -3     3    -5.5246591e-09
1123 region_rec_diffs(4,222)        1.2323746     -3     3    2.6241559e-07
1124 region_rec_diffs(4,223)        -0.29353173     -3     3    1.2616959e-06
1125 region_rec_diffs(4,224)        -0.82138883     -3     3    -4.5189635e-06
1126 region_rec_diffs(4,225)        -1.4214388     -3     3    -1.4073464e-07
1127 region_rec_diffs(4,226)        -0.15187722     -3     3    3.5218023e-06
1128 region_rec_diffs(4,227)        -0.37734301     -3     3    7.8079784e-07
1129 region_rec_diffs(4,228)        0.32084323     -3     3    1.7417461e-06
1130 region_rec_diffs(4,229)        0.52883422     -3     3    8.1211013e-07
1131 region_rec_diffs(4,230)        0.76269546     -3     3    -8.6813504e-08
1132 region_rec_diffs(4,231)        1.2128815     -3     3    -2.2767652e-07
1133 region_rec_diffs(4,232)        -0.18601633     -3     3    -4.2765417e-07
1134 region_rec_diffs(4,233)        0.57424261     -3     3    2.0408857e-06
1135 region_rec_diffs(4,234)        1.0395036     -3     3    -3.6899792e-07
1136 region_rec_diffs(4,235)        1.0191705     -3     3    4.7069844e-07
1137 region_rec_diffs(4,236)        0.4942398     -3     3    1.2061239e-06
1138 region_rec_diffs(4,237)        -1.3317946     -3     3    -5.3851691e-07
1139 region_rec_diffs(4,238)        0.22255194     -3     3    5.4509042e-07
1140 region_rec_diffs(4,239)        0.18380633     -3     3    1.1583436e-06
1141 region_rec_diffs(4,240)        0.98693376     -3     3    3.4446948e-07
1142 region_rec_diffs(4,241)        0.13404615     -3     3    7.2578076e-07
1143 region_rec_diffs(4,242)        0.32536458     -3     3    -1.1727981e-07
1144 region_rec_diffs(4,243)        0.48262782     -3     3    3.7354809e-07
1145 region_rec_diffs(4,244)        -0.57439294     -3     3    7.5883501e-07
1146 region_rec_diffs(4,245)        0.21029944     -3     3    1.6568314e-06
1147 region_rec_diffs(4,246)        0.47764576     -3     3    4.4641666e-07
1148 region_rec_diffs(4,247)        1.1694326     -3     3    5.1133704e-07
1149 region_rec_diffs(4,248)        0.46887822     -3     3    6.9694111e-07
1150 region_rec_diffs(4,249)        -0.17418722     -3     3    7.8359578e-07
1151 region_rec_diffs(4,250)        0.81947039     -3     3    -8.8855127e-07
1152 region_rec_diffs(4,251)        1.0553134     -3     3    6.8153425e-09
1153 region_rec_diffs(4,252)        1.2745866     -3     3    1.9605727e-07
1154 region_rec_diffs(4,253)        0.12503794     -3     3    -1.1600185e-06
1155 region_rec_diffs(4,254)        0.9411971     -3     3    1.5054771e-06
1156 region_rec_diffs(4,255)        0.66684972     -3     3    2.1855019e-06
1157 region_rec_diffs(4,256)        1.0320409     -3     3    3.3144258e-07
1158 region_rec_diffs(4,257)        0.17822363     -3     3    3.2720847e-07
1159 region_rec_diffs(4,258)        1.0262146     -3     3    6.9589179e-07
1160 region_rec_diffs(4,259)        -0.77182156     -3     3    -1.1257595e-07
1161 region_rec_diffs(4,260)        -0.52565889     -3     3    -7.4981068e-07
1162 region_rec_diffs(4,261)        0.026490983     -3     3    1.4080221e-06
1163 region_rec_diffs(4,262)        0.63444902     -3     3    7.0370744e-10
1164 region_rec_diffs(4,263)        0.85601338     -3     3    1.618316e-07
1165 region_rec_diffs(4,264)        0.69122319     -3     3    1.305287e-06
1166 region_rec_diffs(4,265)        -0.406193     -3     3    -3.1595831e-07
1167 region_rec_diffs(4,266)        0.78825695     -3     3    1.8781241e-07
1168 region_rec_diffs(4,267)        0.77138506     -3     3    2.5759654e-06
1169 region_rec_diffs(4,268)        1.3348979     -3     3    -2.1271665e-07
1170 region_rec_diffs(4,269)        0.57288808     -3     3    -4.8887309e-08
1171 region_rec_diffs(4,270)        1.2505244     -3     3    -7.3625038e-07
1172 region_rec_diffs(4,271)        0.41926404     -3     3    -7.015591e-07
1173 region_rec_diffs(4,272)        -0.21997589     -3     3    -3.7640021e-06
1174 region_rec_diffs(4,273)        -0.41188312     -3     3    4.3338288e-07
1175 region_rec_diffs(4,274)        -2.9303394     -3     3    -4.6968709e-07
1176 region_rec_diffs(4,275)        0.89071052     -3     3    5.345419e-07
1177 region_rec_diffs(4,276)        -1.7643991     -3     3    2.2104394e-06
1178 region_rec_diffs(4,277)        0.65009295     -3     3    1.7330416e-06
1179 region_rec_diffs(4,278)        0.50296788     -3     3    5.2748355e-07
1180 region_rec_diffs(4,279)        -0.30037339     -3     3    1.1941697e-06
1181 region_rec_diffs(5,1)        -2.5545623e-08     -3     3    -1.6780024e-08
1182 region_rec_diffs(5,2)        0.24657486     -3     3    -2.3810256e-06
1183 region_rec_diffs(5,3)        0.24110389     -3     3    -3.0477945e-06
1184 region_rec_diffs(5,4)        0.24354182     -3     3    2.4270509e-06
1185 region_rec_diffs(5,5)        0.26627576     -3     3    3.3525412e-06
1186 region_rec_diffs(5,6)        -0.0026849037     -3     3    4.9735121e-08
1187 region_rec_diffs(5,7)        0.007043001     -3     3    -6.8843288e-08
1188 region_rec_diffs(5,8)        -0.48652227     -3     3    -1.348448e-06
1189 region_rec_diffs(5,9)        0.11455866     -3     3    6.2187907e-07
1190 region_rec_diffs(5,10)        0.057169551     -3     3    -3.9299583e-07
1191 region_rec_diffs(5,11)        0.043930983     -3     3    -1.8684257e-07
1192 region_rec_diffs(5,12)        0.063791319     -3     3    -1.3163723e-07
1193 region_rec_diffs(5,13)        0.91871848     -3     3    1.055445e-06
1194 region_rec_diffs(5,14)        0.3312204     -3     3    4.6348596e-09
1195 region_rec_diffs(5,15)        0.09798865     -3     3    -1.0160311e-06
1196 region_rec_diffs(5,16)        0.11262309     -3     3    3.7304176e-07
1197 region_rec_diffs(5,17)        0.15970356     -3     3    -2.5424273e-06
1198 region_rec_diffs(5,18)        0.66750665     -3     3    -5.764893e-06
1199 region_rec_diffs(5,19)        -0.22581307     -3     3    -4.0268845e-07
1200 region_rec_diffs(5,20)        0.0059425978     -3     3    -6.6642015e-07
1201 region_rec_diffs(5,21)        -0.08352178     -3     3    -1.2107768e-06
1202 region_rec_diffs(5,22)        0.8165381     -3     3    -1.0236603e-06
1203 region_rec_diffs(5,23)        0.09422946     -3     3    3.532809e-07
1204 region_rec_diffs(5,24)        0.158794     -3     3    1.5196407e-06
1205 region_rec_diffs(5,25)        0.13839765     -3     3    -5.8939591e-07
1206 region_rec_diffs(5,26)        -0.099513302     -3     3    1.3140925e-06
1207 region_rec_diffs(5,27)        0.048027221     -3     3    -1.2097763e-07
1208 region_rec_diffs(5,28)        -0.0012374079     -3     3    1.1576979e-06
1209 region_rec_diffs(5,29)        1.4346912     -3     3    2.0096935e-06
1210 region_rec_diffs(5,30)        0.21768422     -3     3    -7.0788629e-07
1211 region_rec_diffs(5,31)        0.14473781     -3     3    -2.7460935e-07
1212 region_rec_diffs(5,32)        0.16005916     -3     3    1.2120917e-07
1213 region_rec_diffs(5,33)        0.29468928     -3     3    -1.5838012e-07
1214 region_rec_diffs(5,34)        0.77321901     -3     3    1.4176777e-06
1215 region_rec_diffs(5,35)        -0.030716669     -3     3    1.2025671e-07
1216 region_rec_diffs(5,36)        0.050158168     -3     3    9.3831228e-08
1217 region_rec_diffs(5,37)        0.7725847     -3     3    -2.4989865e-06
1218 region_rec_diffs(5,38)        0.28220277     -3     3    1.7835189e-06
1219 region_rec_diffs(5,39)        0.1634675     -3     3    1.5220065e-06
1220 region_rec_diffs(5,40)        0.051464982     -3     3    7.2551009e-09
1221 region_rec_diffs(5,41)        0.12230848     -3     3    -1.1117882e-06
1222 region_rec_diffs(5,42)        -0.25996772     -3     3    2.588454e-07
1223 region_rec_diffs(5,43)        0.013724344     -3     3    4.6437739e-08
1224 region_rec_diffs(5,44)        0.022013196     -3     3    2.3223173e-07
1225 region_rec_diffs(5,45)        0.80590608     -3     3    5.6875854e-07
1226 region_rec_diffs(5,46)        0.067195868     -3     3    -1.8247082e-07
1227 region_rec_diffs(5,47)        0.050233056     -3     3    2.3086961e-07
1228 region_rec_diffs(5,48)        0.065351132     -3     3    8.6824747e-07
1229 region_rec_diffs(5,49)        0.58692299     -3     3    1.5980343e-06
1230 region_rec_diffs(5,50)        0.11687622     -3     3    -2.0726063e-06
1231 region_rec_diffs(5,51)        -0.017397562     -3     3    -5.784803e-07
1232 region_rec_diffs(5,52)        0.17728398     -3     3    4.0198963e-07
1233 region_rec_diffs(5,53)        0.49475757     -3     3    -2.4045435e-06
1234 region_rec_diffs(5,54)        1.830382     -3     3    2.2973126e-07
1235 region_rec_diffs(5,55)        0.11656131     -3     3    8.1765391e-07
1236 region_rec_diffs(5,56)        0.88250224     -3     3    -4.9144201e-06
1237 region_rec_diffs(5,57)        0.28500348     -3     3    3.7585573e-08
1238 region_rec_diffs(5,58)        0.26018629     -3     3    -3.4856396e-06
1239 region_rec_diffs(5,59)        0.087959401     -3     3    -4.5137275e-07
1240 region_rec_diffs(5,60)        0.15258335     -3     3    -4.6945025e-07
1241 region_rec_diffs(5,61)        1.0478901     -3     3    1.8725632e-06
1242 region_rec_diffs(5,62)        0.1801912     -3     3    1.7361231e-06
1243 region_rec_diffs(5,63)        0.05533914     -3     3    3.9841158e-06
1244 region_rec_diffs(5,64)        0.34075529     -3     3    7.2767992e-07
1245 region_rec_diffs(5,65)        0.12121086     -3     3    1.2175287e-06
1246 region_rec_diffs(5,66)        -0.10852411     -3     3    -6.7513618e-08
1247 region_rec_diffs(5,67)        -0.049109347     -3     3    -5.8846102e-07
1248 region_rec_diffs(5,68)        -0.40918787     -3     3    -9.6383677e-07
1249 region_rec_diffs(5,69)        -0.43577854     -3     3    -4.4520218e-06
1250 region_rec_diffs(5,70)        0.76639112     -3     3    -9.6477197e-06
1251 region_rec_diffs(5,71)        0.052387849     -3     3    6.9944736e-07
1252 region_rec_diffs(5,72)        0.74356015     -3     3    1.9563462e-06
1253 region_rec_diffs(5,73)        -0.14956633     -3     3    3.2420735e-06
1254 region_rec_diffs(5,74)        1.684107     -3     3    5.2880883e-06
1255 region_rec_diffs(5,75)        0.13867871     -3     3    -5.4799702e-07
1256 region_rec_diffs(5,76)        1.892179     -3     3    1.9811557e-07
1257 region_rec_diffs(5,77)        -0.14847617     -3     3    1.6684797e-07
1258 region_rec_diffs(5,78)        -0.51602185     -3     3    -6.1786773e-08
1259 region_rec_diffs(5,79)        0.032428291     -3     3    -1.7068885e-07
1260 region_rec_diffs(5,80)        -0.67331931     -3     3    -8.8003629e-07
1261 region_rec_diffs(5,81)        0.31352459     -3     3    -1.2651492e-06
1262 region_rec_diffs(5,82)        0.039607015     -3     3    -9.1159131e-07
1263 region_rec_diffs(5,83)        0.31802025     -3     3    1.3517443e-06
1264 region_rec_diffs(5,84)        1.016942     -3     3    -1.1288622e-07
1265 region_rec_diffs(5,85)        0.098841679     -3     3    8.9531292e-07
1266 region_rec_diffs(5,86)        0.091626555     -3     3    5.4094118e-08
1267 region_rec_diffs(5,87)        0.028927561     -3     3    -3.405203e-07
1268 region_rec_diffs(5,88)        1.5877719     -3     3    1.0259444e-07
1269 region_rec_diffs(5,89)        -0.055849608     -3     3    -4.3465831e-08
1270 region_rec_diffs(5,90)        0.10904873     -3     3    -8.073731e-08
1271 region_rec_diffs(5,91)        -0.079837664     -3     3    6.505523e-07
1272 region_rec_diffs(5,92)        -0.2801151     -3     3    -3.8840704e-08
1273 region_rec_diffs(5,93)        0.021626954     -3     3    4.1572505e-07
1274 region_rec_diffs(5,94)        -0.63382607     -3     3    1.5695731e-07
1275 region_rec_diffs(5,95)        0.77085626     -3     3    -1.4281026e-06
1276 region_rec_diffs(5,96)        0.21117357     -3     3    4.6790747e-07
1277 region_rec_diffs(5,97)        0.1854644     -3     3    -2.0931287e-06
1278 region_rec_diffs(5,98)        0.17855536     -3     3    1.1513712e-06
1279 region_rec_diffs(5,99)        0.7968266     -3     3    -3.9776108e-08
1280 region_rec_diffs(5,100)        0.19264253     -3     3    -2.0921938e-06
1281 region_rec_diffs(5,101)        0.55644442     -3     3    -1.738688e-06
1282 region_rec_diffs(5,102)        0.0010537252     -3     3    -2.7170046e-07
1283 region_rec_diffs(5,103)        -0.038806725     -3     3    7.2263573e-07
1284 region_rec_diffs(5,104)        0.99274022     -3     3    9.6192995e-07
1285 region_rec_diffs(5,105)        -0.16420977     -3     3    4.6817131e-07
1286 region_rec_diffs(5,106)        0.048534207     -3     3    3.1443034e-07
1287 region_rec_diffs(5,107)        0.073222393     -3     3    -1.8041782e-08
1288 region_rec_diffs(5,108)        -0.24999428     -3     3    1.3003968e-07
1289 region_rec_diffs(5,109)        -0.4136259     -3     3    -1.4873091e-06
1290 region_rec_diffs(5,110)        -0.091802478     -3     3    -1.5627146e-08
1291 region_rec_diffs(5,111)        -0.51265074     -3     3    -5.8921574e-07
1292 region_rec_diffs(5,112)        -0.16516009     -3     3    7.916402e-07
1293 region_rec_diffs(5,113)        0.16090617     -3     3    1.7397435e-06
1294 region_rec_diffs(5,114)        1.0126971     -3     3    2.5915536e-06
1295 region_rec_diffs(5,115)        0.35788123     -3     3    -8.5399786e-07
1296 region_rec_diffs(5,116)        0.14387496     -3     3    -1.4529149e-06
1297 region_rec_diffs(5,117)        0.29165093     -3     3    -4.412745e-06
1298 region_rec_diffs(5,118)        0.73033379     -3     3    5.6725054e-07
1299 region_rec_diffs(5,119)        0.35137795     -3     3    -2.8931381e-06
1300 region_rec_diffs(5,120)        0.50015661     -3     3    1.1092332e-06
1301 region_rec_diffs(5,121)        -0.034917754     -3     3    2.6268808e-07
1302 region_rec_diffs(5,122)        0.18789005     -3     3    2.2337707e-06
1303 region_rec_diffs(5,123)        0.097600375     -3     3    1.7731119e-07
1304 region_rec_diffs(5,124)        0.1206305     -3     3    3.3625364e-07
1305 region_rec_diffs(5,125)        0.93518517     -3     3    9.205514e-07
1306 region_rec_diffs(5,126)        0.35916731     -3     3    -1.2121545e-06
1307 region_rec_diffs(5,127)        -0.30471817     -3     3    -8.8998859e-07
1308 region_rec_diffs(5,128)        -0.5605092     -3     3    -4.5878425e-07
1309 region_rec_diffs(5,129)        0.1984881     -3     3    -2.0563477e-06
1310 region_rec_diffs(5,130)        0.23965007     -3     3    -9.2459712e-07
1311 region_rec_diffs(5,131)        -0.03273465     -3     3    8.8092296e-07
1312 region_rec_diffs(5,132)        -0.3122245     -3     3    1.5015348e-06
1313 region_rec_diffs(5,133)        -0.8288258     -3     3    5.7897175e-07
1314 region_rec_diffs(5,134)        -0.15089188     -3     3    1.0085981e-06
1315 region_rec_diffs(5,135)        -0.1517342     -3     3    7.1035157e-07
1316 region_rec_diffs(5,136)        -0.65004721     -3     3    -3.6564983e-08
1317 region_rec_diffs(5,137)        0.14470552     -3     3    1.3182831e-06
1318 region_rec_diffs(5,138)        1.6449554     -3     3    -2.8739984e-08
1319 region_rec_diffs(5,139)        -0.45830787     -3     3    -1.4233092e-06
1320 region_rec_diffs(5,140)        -0.34620155     -3     3    -4.7466488e-08
1321 region_rec_diffs(5,141)        -1.5961893     -3     3    -4.1106726e-06
1322 region_rec_diffs(5,142)        -0.30995829     -3     3    -9.2441536e-07
1323 region_rec_diffs(5,143)        -0.19213499     -3     3    -1.6172572e-07
1324 region_rec_diffs(5,144)        -0.6753981     -3     3    -8.1918652e-07
1325 region_rec_diffs(5,145)        0.10134866     -3     3    -2.2555115e-06
1326 region_rec_diffs(5,146)        0.27149553     -3     3    1.1803186e-06
1327 region_rec_diffs(5,147)        0.11002862     -3     3    -1.3720795e-06
1328 region_rec_diffs(5,148)        1.3571357     -3     3    1.5229978e-06
1329 region_rec_diffs(5,149)        -0.42145757     -3     3    -4.7308592e-07
1330 region_rec_diffs(5,150)        -0.24953411     -3     3    5.2185227e-07
1331 region_rec_diffs(5,151)        -0.44457565     -3     3    9.020062e-07
1332 region_rec_diffs(5,152)        -0.64535366     -3     3    -1.8018193e-06
1333 region_rec_diffs(5,153)        -0.77851365     -3     3    -1.3581659e-06
1334 region_rec_diffs(5,154)        -0.20743838     -3     3    -9.0843757e-07
1335 region_rec_diffs(5,155)        -0.16103865     -3     3    9.2387387e-07
1336 region_rec_diffs(5,156)        -0.036754996     -3     3    -1.6620968e-06
1337 region_rec_diffs(5,157)        -0.0058568597     -3     3    -1.2741814e-07
1338 region_rec_diffs(5,158)        -0.023722608     -3     3    4.8524576e-07
1339 region_rec_diffs(5,159)        -0.17948479     -3     3    -5.1571157e-07
1340 region_rec_diffs(5,160)        -0.35566687     -3     3    -1.3219155e-06
1341 region_rec_diffs(5,161)        0.40656916     -3     3    2.1274273e-06
1342 region_rec_diffs(5,162)        0.10980436     -3     3    5.4158191e-07
1343 region_rec_diffs(5,163)        0.251643     -3     3    9.405652e-08
1344 region_rec_diffs(5,164)        -0.1576897     -3     3    -6.7672172e-07
1345 region_rec_diffs(5,165)        -0.34708807     -3     3    2.8060822e-07
1346 region_rec_diffs(5,166)        -0.12617126     -3     3    1.0441723e-07
1347 region_rec_diffs(5,167)        -0.036156423     -3     3    -1.630454e-06
1348 region_rec_diffs(5,168)        1.2323454     -3     3    -8.7220479e-07
1349 region_rec_diffs(5,169)        0.25202331     -3     3    -1.2176236e-06
1350 region_rec_diffs(5,170)        -0.16714931     -3     3    -1.4241756e-06
1351 region_rec_diffs(5,171)        0.35155148     -3     3    -9.6813906e-07
1352 region_rec_diffs(5,172)        -0.55248798     -3     3    -5.9090595e-07
1353 region_rec_diffs(5,173)        1.385757     -3     3    -1.9372188e-07
1354 region_rec_diffs(5,174)        0.28524871     -3     3    1.2378392e-06
1355 region_rec_diffs(5,175)        -0.16611572     -3     3    2.8037226e-07
1356 region_rec_diffs(5,176)        -1.3804821     -3     3    2.1317165e-06
1357 region_rec_diffs(5,177)        -2.2572008     -3     3    -1.2442515e-06
1358 region_rec_diffs(5,178)        -2.5438725     -3     3    1.2163398e-07
1359 region_rec_diffs(5,179)        -1.3306189     -3     3    1.2052492e-06
1360 region_rec_diffs(5,180)        0.52066891     -3     3    1.037785e-06
1361 region_rec_diffs(5,181)        0.9753612     -3     3    -2.4052517e-07
1362 region_rec_diffs(5,182)        -0.84391835     -3     3    3.6037961e-07
1363 region_rec_diffs(5,183)        -1.2518062     -3     3    -1.2689104e-06
1364 region_rec_diffs(5,184)        -1.5515209     -3     3    9.3103162e-07
1365 region_rec_diffs(5,185)        -1.8516367     -3     3    9.7457787e-07
1366 region_rec_diffs(5,186)        -2.0385134     -3     3    6.1085785e-07
1367 region_rec_diffs(5,187)        1.6046789     -3     3    3.9738064e-07
1368 region_rec_diffs(5,188)        0.30275224     -3     3    4.1534776e-07
1369 region_rec_diffs(5,189)        -1.4296974     -3     3    -1.1328549e-07
1370 region_rec_diffs(5,190)        -1.4603184     -3     3    9.7027843e-07
1371 region_rec_diffs(5,191)        -1.5525711     -3     3    1.33484e-06
1372 region_rec_diffs(5,192)        -0.20767584     -3     3    9.3107601e-07
1373 region_rec_diffs(5,193)        -0.036175296     -3     3    7.6529437e-07
1374 region_rec_diffs(5,194)        -1.143311     -3     3    -2.6692915e-07
1375 region_rec_diffs(5,195)        -0.59226902     -3     3    6.5879731e-07
1376 region_rec_diffs(5,196)        1.1758653     -3     3    1.1359118e-07
1377 region_rec_diffs(5,197)        -0.45385747     -3     3    5.7559143e-07
1378 region_rec_diffs(5,198)        -0.68916416     -3     3    -2.2781462e-07
1379 region_rec_diffs(5,199)        1.236689     -3     3    1.1874697e-06
1380 region_rec_diffs(5,200)        0.7302268     -3     3    -1.8972057e-06
1381 region_rec_diffs(5,201)        -0.99937725     -3     3    -8.537629e-07
1382 region_rec_diffs(5,202)        -1.457962     -3     3    2.8340033e-07
1383 region_rec_diffs(5,203)        -0.67750268     -3     3    -1.7828416e-07
1384 region_rec_diffs(5,204)        1.3157062     -3     3    -3.0204013e-09
1385 region_rec_diffs(5,205)        -0.65371187     -3     3    -3.011756e-08
1386 region_rec_diffs(5,206)        -1.591523     -3     3    -9.8915756e-07
1387 region_rec_diffs(5,207)        -1.7275495     -3     3    -6.5131531e-07
1388 region_rec_diffs(5,208)        -2.9772167     -3     3    3.2232364e-07
1389 region_rec_diffs(5,209)        -2.3332308     -3     3    2.583813e-07
1390 region_rec_diffs(5,210)        -2.9737617     -3     3    2.5452005e-06
1391 region_rec_diffs(5,211)        -1.888686     -3     3    -8.8957286e-07
1392 region_rec_diffs(5,212)        1.7300501     -3     3    6.9646584e-08
1393 region_rec_diffs(5,213)        1.78932     -3     3    -1.1796848e-07
1394 region_rec_diffs(5,214)        0.023130592     -3     3    -1.3105579e-06
1395 region_rec_diffs(5,215)        -0.19276127     -3     3    -5.9820811e-07
1396 region_rec_diffs(5,216)        -1.6201833     -3     3    -4.8493231e-07
1397 region_rec_diffs(5,217)        -1.2704709     -3     3    -2.6017404e-08
1398 region_rec_diffs(5,218)        1.0498931     -3     3    1.5230178e-07
1399 region_rec_diffs(5,219)        0.044252967     -3     3    2.6426405e-06
1400 region_rec_diffs(5,220)        -1.7530027     -3     3    -2.0470451e-07
1401 region_rec_diffs(5,221)        -1.6103357     -3     3    8.7371481e-08
1402 region_rec_diffs(5,222)        -2.2606273     -3     3    -8.4796591e-07
1403 region_rec_diffs(5,223)        -0.27188498     -3     3    -2.9456932e-06
1404 region_rec_diffs(5,224)        1.0104102     -3     3    -3.2297251e-07
1405 region_rec_diffs(5,225)        0.18082804     -3     3    1.3891038e-06
1406 region_rec_diffs(5,226)        -0.54654675     -3     3    1.5981147e-06
1407 region_rec_diffs(5,227)        -0.4788515     -3     3    -1.8776116e-06
1408 region_rec_diffs(5,228)        -1.4587526     -3     3    1.9555839e-06
1409 region_rec_diffs(5,229)        -0.34400506     -3     3    7.0374269e-07
1410 region_rec_diffs(5,230)        0.22496394     -3     3    -7.6478892e-07
1411 region_rec_diffs(5,231)        -0.23763684     -3     3    3.4462873e-06
1412 region_rec_diffs(5,232)        1.1479884     -3     3    1.1045395e-07
1413 region_rec_diffs(5,233)        0.16191165     -3     3    -2.971941e-06
1414 region_rec_diffs(5,234)        -0.15371414     -3     3    2.3341843e-06
1415 region_rec_diffs(5,235)        -0.57775026     -3     3    1.5491635e-06
1416 region_rec_diffs(5,236)        -0.90020262     -3     3    3.4208566e-07
1417 region_rec_diffs(5,237)        0.25821426     -3     3    -6.481269e-07
1418 region_rec_diffs(5,238)        0.35190417     -3     3    2.8926906e-06
1419 region_rec_diffs(5,239)        0.43821176     -3     3    -4.4722125e-07
1420 region_rec_diffs(5,240)        0.21493452     -3     3    4.1309999e-07
1421 region_rec_diffs(5,241)        -0.67504094     -3     3    -4.3964644e-06
1422 region_rec_diffs(5,242)        -0.32047285     -3     3    -6.0662608e-07
1423 region_rec_diffs(5,243)        0.21079094     -3     3    1.000638e-06
1424 region_rec_diffs(5,244)        0.18514543     -3     3    1.5851909e-06
1425 region_rec_diffs(5,245)        1.0059383     -3     3    -1.1479212e-07
1426 region_rec_diffs(5,246)        0.22668235     -3     3    1.3985712e-06
1427 region_rec_diffs(5,247)        -0.67651151     -3     3    -1.7956831e-06
1428 region_rec_diffs(5,248)        -0.078838094     -3     3    -8.5594097e-07
1429 region_rec_diffs(5,249)        0.61845486     -3     3    -2.1745567e-07
1430 region_rec_diffs(5,250)        -0.12346596     -3     3    1.1308101e-06
1431 region_rec_diffs(5,251)        -0.48440982     -3     3    1.9870554e-06
1432 region_rec_diffs(5,252)        -1.8946239     -3     3    3.4583706e-07
1433 region_rec_diffs(5,253)        -1.3895678     -3     3    1.4960425e-06
1434 region_rec_diffs(5,254)        -1.100399     -3     3    -8.2741994e-08
1435 region_rec_diffs(5,255)        0.46576557     -3     3    1.9059944e-09
1436 region_rec_diffs(5,256)        -0.25274054     -3     3    6.6658846e-07
1437 region_rec_diffs(5,257)        -1.2081278     -3     3    -2.0041816e-07
1438 region_rec_diffs(5,258)        -0.83523361     -3     3    -1.0147634e-07
1439 region_rec_diffs(5,259)        -0.94834103     -3     3    -1.0840263e-07
1440 region_rec_diffs(5,260)        -0.093756571     -3     3    7.327043e-08
1441 region_rec_diffs(5,261)        -1.1651487     -3     3    4.6835796e-08
1442 region_rec_diffs(5,262)        -1.9051801     -3     3    8.5302294e-07
1443 region_rec_diffs(5,263)        -1.8520538     -3     3    6.9285818e-07
1444 region_rec_diffs(5,264)        0.94019666     -3     3    1.6794391e-06
1445 region_rec_diffs(5,265)        0.44350369     -3     3    -1.0989098e-06
1446 region_rec_diffs(5,266)        -1.34807     -3     3    6.086887e-08
1447 region_rec_diffs(5,267)        -1.49096     -3     3    -1.1510594e-06
1448 region_rec_diffs(5,268)        -1.2004629     -3     3    2.5359387e-07
1449 region_rec_diffs(5,269)        -1.6248303     -3     3    -1.7682328e-06
1450 region_rec_diffs(5,270)        -0.84278605     -3     3    1.1520424e-06
1451 region_rec_diffs(5,271)        1.5302614     -3     3    -4.3961001e-07
1452 region_rec_diffs(5,272)        -0.16760544     -3     3    4.1299412e-07
1453 region_rec_diffs(5,273)        -1.0820305     -3     3    2.10365e-06
1454 region_rec_diffs(5,274)        -1.585742     -3     3    2.8338194e-08
1455 region_rec_diffs(5,275)        -1.132003     -3     3    3.4168501e-07
1456 region_rec_diffs(5,276)        -0.16665113     -3     3    -3.5169151e-08
1457 region_rec_diffs(5,277)        -0.029704747     -3     3    7.51715e-08
1458 region_rec_diffs(5,278)        -0.05687303     -3     3    -3.9851944e-07
1459 region_rec_diffs(5,279)        -0.071423075     -3     3    3.4599645e-07
1460 region_rec_diffs(6,1)        -1.8253785e-09     -3     3    -8.8978429e-10
1461 region_rec_diffs(6,2)        0.49156943     -3     3    -4.2155555e-06
1462 region_rec_diffs(6,3)        0.50183926     -3     3    -3.529382e-06
1463 region_rec_diffs(6,4)        0.6138054     -3     3    3.0789742e-06
1464 region_rec_diffs(6,5)        0.45767745     -3     3    2.615542e-06
1465 region_rec_diffs(6,6)        0.019352849     -3     3    8.18238e-08
1466 region_rec_diffs(6,7)        0.0093601278     -3     3    2.170179e-07
1467 region_rec_diffs(6,8)        -0.24880509     -3     3    1.9806195e-06
1468 region_rec_diffs(6,9)        -0.085287269     -3     3    2.1439057e-07
1469 region_rec_diffs(6,10)        -0.024374578     -3     3    -1.5602681e-07
1470 region_rec_diffs(6,11)        -0.012568819     -3     3    4.4281513e-07
1471 region_rec_diffs(6,12)        -0.059443941     -3     3    -1.6167608e-07
1472 region_rec_diffs(6,13)        0.8445417     -3     3    -1.5816665e-06
1473 region_rec_diffs(6,14)        0.2181753     -3     3    -1.5640664e-06
1474 region_rec_diffs(6,15)        0.035856785     -3     3    5.7694766e-07
1475 region_rec_diffs(6,16)        0.024104054     -3     3    1.5398328e-08
1476 region_rec_diffs(6,17)        0.078507771     -3     3    -2.2163147e-06
1477 region_rec_diffs(6,18)        1.3686941     -3     3    -2.8786156e-06
1478 region_rec_diffs(6,19)        0.16579528     -3     3    -1.2673607e-06
1479 region_rec_diffs(6,20)        0.018478414     -3     3    1.3731201e-07
1480 region_rec_diffs(6,21)        0.092809092     -3     3    1.3550031e-06
1481 region_rec_diffs(6,22)        1.2532696     -3     3    5.3506474e-06
1482 region_rec_diffs(6,23)        0.20170938     -3     3    1.6774758e-06
1483 region_rec_diffs(6,24)        0.091976186     -3     3    -1.2503442e-07
1484 region_rec_diffs(6,25)        0.12571341     -3     3    -1.7560052e-06
1485 region_rec_diffs(6,26)        0.24815161     -3     3    1.1471741e-06
1486 region_rec_diffs(6,27)        0.0016728165     -3     3    -1.8455779e-07
1487 region_rec_diffs(6,28)        0.16249424     -3     3    4.2143225e-07
1488 region_rec_diffs(6,29)        2.0935632     -3     3    -2.1728911e-06
1489 region_rec_diffs(6,30)        0.060169322     -3     3    4.5470284e-07
1490 region_rec_diffs(6,31)        0.032453815     -3     3    -1.236043e-07
1491 region_rec_diffs(6,32)        0.035689751     -3     3    2.4868173e-07
1492 region_rec_diffs(6,33)        0.10492275     -3     3    -6.8668039e-07
1493 region_rec_diffs(6,34)        0.95991104     -3     3    -6.4337955e-08
1494 region_rec_diffs(6,35)        0.30772196     -3     3    -1.7906317e-06
1495 region_rec_diffs(6,36)        0.010910315     -3     3    -1.8452432e-08
1496 region_rec_diffs(6,37)        0.84101182     -3     3    -2.3359594e-06
1497 region_rec_diffs(6,38)        0.047138816     -3     3    3.0160488e-07
1498 region_rec_diffs(6,39)        0.0096810822     -3     3    -1.2589243e-07
1499 region_rec_diffs(6,40)        0.0037788336     -3     3    -3.367596e-08
1500 region_rec_diffs(6,41)        0.023945941     -3     3    3.2943613e-07
1501 region_rec_diffs(6,42)        0.13590372     -3     3    1.5268245e-06
1502 region_rec_diffs(6,43)        0.0069081829     -3     3    6.7376952e-08
1503 region_rec_diffs(6,44)        0.012462157     -3     3    1.3523211e-07
1504 region_rec_diffs(6,45)        1.0812912     -3     3    1.8237085e-06
1505 region_rec_diffs(6,46)        -0.00097324088     -3     3    -2.4561756e-07
1506 region_rec_diffs(6,47)        -0.0014942669     -3     3    -3.2802013e-08
1507 region_rec_diffs(6,48)        -0.0067851525     -3     3    1.5996362e-07
1508 region_rec_diffs(6,49)        0.4967737     -3     3    1.9237242e-06
1509 region_rec_diffs(6,50)        0.020400798     -3     3    -9.5085991e-08
1510 region_rec_diffs(6,51)        0.015915263     -3     3    -5.5117377e-08
1511 region_rec_diffs(6,52)        1.7088845     -3     3    1.1464603e-06
1512 region_rec_diffs(6,53)        0.29854721     -3     3    -1.0263201e-06
1513 region_rec_diffs(6,54)        0.042571157     -3     3    -2.8483131e-07
1514 region_rec_diffs(6,55)        -0.012165621     -3     3    4.3534058e-08
1515 region_rec_diffs(6,56)        -0.10532269     -3     3    2.3677868e-07
1516 region_rec_diffs(6,57)        -0.023256152     -3     3    8.3126341e-09
1517 region_rec_diffs(6,58)        0.067947032     -3     3    6.6556889e-07
1518 region_rec_diffs(6,59)        0.023271247     -3     3    -2.7618418e-07
1519 region_rec_diffs(6,60)        0.098918356     -3     3    6.7727789e-07
1520 region_rec_diffs(6,61)        0.42789119     -3     3    -1.8559001e-06
1521 region_rec_diffs(6,62)        0.0048793205     -3     3    -2.1835888e-07
1522 region_rec_diffs(6,63)        0.0035941846     -3     3    1.9433777e-07
1523 region_rec_diffs(6,64)        0.037644804     -3     3    -3.4936944e-07
1524 region_rec_diffs(6,65)        0.35313651     -3     3    -5.283856e-06
1525 region_rec_diffs(6,66)        -0.013936201     -3     3    -4.3735059e-07
1526 region_rec_diffs(6,67)        -0.020780641     -3     3    -2.6528272e-07
1527 region_rec_diffs(6,68)        -0.13779626     -3     3    -8.4205095e-07
1528 region_rec_diffs(6,69)        -0.2301006     -3     3    -1.3286011e-06
1529 region_rec_diffs(6,70)        -0.088769004     -3     3    -1.0334755e-06
1530 region_rec_diffs(6,71)        -0.009093295     -3     3    -9.5093559e-08
1531 region_rec_diffs(6,72)        -0.022841152     -3     3    9.0349148e-09
1532 region_rec_diffs(6,73)        1.1372519     -3     3    -4.0476241e-07
1533 region_rec_diffs(6,74)        0.40010114     -3     3    1.4199667e-06
1534 region_rec_diffs(6,75)        0.016930616     -3     3    1.0810791e-07
1535 region_rec_diffs(6,76)        0.2717679     -3     3    6.999856e-07
1536 region_rec_diffs(6,77)        0.34718695     -3     3    1.7667572e-06
1537 region_rec_diffs(6,78)        0.28652485     -3     3    -8.1523664e-07
1538 region_rec_diffs(6,79)        0.016858182     -3     3    -5.6108566e-08
1539 region_rec_diffs(6,80)        0.71681913     -3     3    -7.768623e-07
1540 region_rec_diffs(6,81)        0.65436512     -3     3    -2.2688883e-06
1541 region_rec_diffs(6,82)        0.20153399     -3     3    1.1529388e-06
1542 region_rec_diffs(6,83)        0.24857907     -3     3    5.6695516e-07
1543 region_rec_diffs(6,84)        0.48163204     -3     3    -8.4149678e-07
1544 region_rec_diffs(6,85)        0.55074852     -3     3    -1.0105602e-06
1545 region_rec_diffs(6,86)        -0.0026967083     -3     3    4.9390029e-08
1546 region_rec_diffs(6,87)        -0.054862734     -3     3    4.9586003e-08
1547 region_rec_diffs(6,88)        -0.32898384     -3     3    -4.9258972e-07
1548 region_rec_diffs(6,89)        0.0027418015     -3     3    -1.3398004e-07
1549 region_rec_diffs(6,90)        0.02413202     -3     3    -1.8458166e-07
1550 region_rec_diffs(6,91)        0.14506566     -3     3    -2.1165328e-07
1551 region_rec_diffs(6,92)        0.33915817     -3     3    4.7935455e-08
1552 region_rec_diffs(6,93)        0.045950427     -3     3    -6.6665593e-08
1553 region_rec_diffs(6,94)        0.81945827     -3     3    5.0909852e-07
1554 region_rec_diffs(6,95)        -0.18319044     -3     3    -5.1128365e-07
1555 region_rec_diffs(6,96)        -0.0047254876     -3     3    9.4278696e-08
1556 region_rec_diffs(6,97)        -0.023796194     -3     3    -6.727743e-07
1557 region_rec_diffs(6,98)        0.0016873904     -3     3    1.1047374e-07
1558 region_rec_diffs(6,99)        0.051226405     -3     3    7.4268683e-07
1559 region_rec_diffs(6,100)        0.16820221     -3     3    -1.7481679e-06
1560 region_rec_diffs(6,101)        1.0093935     -3     3    4.2961799e-07
1561 region_rec_diffs(6,102)        0.0043451585     -3     3    1.0569967e-08
1562 region_rec_diffs(6,103)        0.0089233977     -3     3    -4.3822908e-08
1563 region_rec_diffs(6,104)        0.71305242     -3     3    -1.1387456e-06
1564 region_rec_diffs(6,105)        0.060635269     -3     3    -1.060274e-07
1565 region_rec_diffs(6,106)        0.0059940079     -3     3    -7.1476891e-07
1566 region_rec_diffs(6,107)        0.0098881708     -3     3    3.6407218e-08
1567 region_rec_diffs(6,108)        0.060125052     -3     3    2.1506004e-07
1568 region_rec_diffs(6,109)        1.3255857     -3     3    1.5877385e-06
1569 region_rec_diffs(6,110)        0.027018942     -3     3    1.9251716e-07
1570 region_rec_diffs(6,111)        0.035495881     -3     3    3.6601709e-07
1571 region_rec_diffs(6,112)        -0.0028697513     -3     3    5.3011928e-07
1572 region_rec_diffs(6,113)        -0.27831732     -3     3    1.0490999e-06
1573 region_rec_diffs(6,114)        -0.10917942     -3     3    3.6850791e-07
1574 region_rec_diffs(6,115)        -0.046921703     -3     3    6.6134327e-07
1575 region_rec_diffs(6,116)        -0.080013607     -3     3    6.2451514e-07
1576 region_rec_diffs(6,117)        0.084149559     -3     3    3.2883751e-07
1577 region_rec_diffs(6,118)        0.053303437     -3     3    2.5954856e-08
1578 region_rec_diffs(6,119)        0.10654205     -3     3    -1.5546003e-06
1579 region_rec_diffs(6,120)        0.88091734     -3     3    -2.36727e-06
1580 region_rec_diffs(6,121)        0.15988768     -3     3    -1.7068651e-06
1581 region_rec_diffs(6,122)        -0.022758111     -3     3    -1.2410341e-06
1582 region_rec_diffs(6,123)        0.008242268     -3     3    3.5740258e-08
1583 region_rec_diffs(6,124)        0.079369589     -3     3    -3.378386e-07
1584 region_rec_diffs(6,125)        1.3188954     -3     3    9.0641767e-07
1585 region_rec_diffs(6,126)        0.29995159     -3     3    -1.8261745e-06
1586 region_rec_diffs(6,127)        0.15101668     -3     3    -4.3042375e-07
1587 region_rec_diffs(6,128)        0.42386969     -3     3    2.2077888e-06
1588 region_rec_diffs(6,129)        2.1345436     -3     3    1.6565663e-06
1589 region_rec_diffs(6,130)        -0.044319007     -3     3    1.1504942e-07
1590 region_rec_diffs(6,131)        -0.1044036     -3     3    -7.3108082e-08
1591 region_rec_diffs(6,132)        -0.41093678     -3     3    1.5592446e-06
1592 region_rec_diffs(6,133)        -0.71248763     -3     3    1.1640472e-06
1593 region_rec_diffs(6,134)        -0.24611172     -3     3    3.9821071e-07
1594 region_rec_diffs(6,135)        -0.15333662     -3     3    2.2562582e-07
1595 region_rec_diffs(6,136)        -0.010073027     -3     3    4.3479822e-06
1596 region_rec_diffs(6,137)        0.046102006     -3     3    4.9721981e-07
1597 region_rec_diffs(6,138)        0.069229861     -3     3    1.6011176e-06
1598 region_rec_diffs(6,139)        0.00011901181     -3     3    5.8219117e-07
1599 region_rec_diffs(6,140)        0.0040164251     -3     3    1.1558839e-08
1600 region_rec_diffs(6,141)        0.064451216     -3     3    4.5811332e-06
1601 region_rec_diffs(6,142)        -0.0032762086     -3     3    2.1133355e-08
1602 region_rec_diffs(6,143)        -0.012619025     -3     3    -3.6163494e-08
1603 region_rec_diffs(6,144)        -0.1462411     -3     3    1.4386371e-07
1604 region_rec_diffs(6,145)        -0.24288425     -3     3    -1.3740974e-06
1605 region_rec_diffs(6,146)        0.034051705     -3     3    -1.5559436e-07
1606 region_rec_diffs(6,147)        0.078509751     -3     3    -4.0873988e-07
1607 region_rec_diffs(6,148)        1.0159267     -3     3    -5.3871738e-06
1608 region_rec_diffs(6,149)        -0.034215002     -3     3    -9.8199217e-07
1609 region_rec_diffs(6,150)        -0.077876085     -3     3    -6.7452817e-07
1610 region_rec_diffs(6,151)        -0.27553291     -3     3    -1.4607912e-06
1611 region_rec_diffs(6,152)        -0.30463133     -3     3    -1.3706193e-06
1612 region_rec_diffs(6,153)        -0.35377461     -3     3    -1.3634595e-06
1613 region_rec_diffs(6,154)        -0.026313776     -3     3    7.4312894e-07
1614 region_rec_diffs(6,155)        0.041371059     -3     3    -6.1932658e-07
1615 region_rec_diffs(6,156)        0.18027543     -3     3    -3.0570911e-06
1616 region_rec_diffs(6,157)        -0.0063099355     -3     3    -1.3253092e-06
1617 region_rec_diffs(6,158)        -0.01837031     -3     3    -6.1133616e-07
1618 region_rec_diffs(6,159)        -0.035768335     -3     3    -1.5192868e-06
1619 region_rec_diffs(6,160)        -0.0089109655     -3     3    -1.8346896e-06
1620 region_rec_diffs(6,161)        0.35572595     -3     3    -1.0331847e-06
1621 region_rec_diffs(6,162)        0.053274733     -3     3    2.4803394e-08
1622 region_rec_diffs(6,163)        0.19406276     -3     3    -2.2040913e-07
1623 region_rec_diffs(6,164)        0.78435107     -3     3    2.3834037e-06
1624 region_rec_diffs(6,165)        0.12850626     -3     3    -6.0262605e-07
1625 region_rec_diffs(6,166)        0.026062523     -3     3    -9.3016674e-08
1626 region_rec_diffs(6,167)        0.16049173     -3     3    7.1861389e-07
1627 region_rec_diffs(6,168)        0.40191483     -3     3    -2.1250821e-06
1628 region_rec_diffs(6,169)        0.60490129     -3     3    7.1814658e-08
1629 region_rec_diffs(6,170)        0.36257427     -3     3    3.491836e-06
1630 region_rec_diffs(6,171)        2.9999999     -3     3    -2.7771803e-08   *************
1631 region_rec_diffs(6,172)        2.3135569     -3     3    -1.2621613e-07
1632 region_rec_diffs(6,173)        -1.2072884     -3     3    -5.0191317e-07
1633 region_rec_diffs(6,174)        -0.71717854     -3     3    -7.50157e-07
1634 region_rec_diffs(6,175)        -0.6732756     -3     3    -6.9461983e-07
1635 region_rec_diffs(6,176)        -1.6157048     -3     3    -1.3544286e-06
1636 region_rec_diffs(6,177)        -2.1453155     -3     3    -5.8213536e-07
1637 region_rec_diffs(6,178)        -1.8209023     -3     3    1.6697766e-06
1638 region_rec_diffs(6,179)        2.3373419     -3     3    1.6616174e-06
1639 region_rec_diffs(6,180)        -0.81668257     -3     3    -1.7122057e-06
1640 region_rec_diffs(6,181)        -1.6504924     -3     3    -1.7417229e-06
1641 region_rec_diffs(6,182)        -0.90950427     -3     3    -8.5426477e-07
1642 region_rec_diffs(6,183)        -0.81210011     -3     3    -1.620075e-06
1643 region_rec_diffs(6,184)        -0.96442121     -3     3    -8.1917092e-07
1644 region_rec_diffs(6,185)        -1.3389329     -3     3    7.9720698e-07
1645 region_rec_diffs(6,186)        -0.88589124     -3     3    5.2673051e-07
1646 region_rec_diffs(6,187)        1.8396668     -3     3    9.0247639e-07
1647 region_rec_diffs(6,188)        -1.6678248     -3     3    7.3563521e-07
1648 region_rec_diffs(6,189)        -2.1131419     -3     3    -2.2112195e-06
1649 region_rec_diffs(6,190)        -1.5970594     -3     3    9.3651505e-07
1650 region_rec_diffs(6,191)        -1.3457496     -3     3    -1.7903124e-06
1651 region_rec_diffs(6,192)        -0.2846446     -3     3    -2.0962784e-06
1652 region_rec_diffs(6,193)        -0.69373065     -3     3    -1.5979752e-06
1653 region_rec_diffs(6,194)        0.59050209     -3     3    -4.2146968e-07
1654 region_rec_diffs(6,195)        1.9615347     -3     3    -8.3708276e-07
1655 region_rec_diffs(6,196)        -1.9825824     -3     3    -3.1058437e-07
1656 region_rec_diffs(6,197)        -1.7893197     -3     3    -2.1730679e-07
1657 region_rec_diffs(6,198)        -1.4221457     -3     3    -1.5810051e-06
1658 region_rec_diffs(6,199)        0.030992365     -3     3    -2.0098499e-06
1659 region_rec_diffs(6,200)        1.541311     -3     3    -1.4890843e-06
1660 region_rec_diffs(6,201)        -0.8317765     -3     3    8.5151473e-07
1661 region_rec_diffs(6,202)        -0.73257696     -3     3    1.0774533e-06
1662 region_rec_diffs(6,203)        1.3690933     -3     3    1.8094113e-06
1663 region_rec_diffs(6,204)        0.77287838     -3     3    -5.3074328e-07
1664 region_rec_diffs(6,205)        -0.79755902     -3     3    8.9249733e-07
1665 region_rec_diffs(6,206)        -1.6034242     -3     3    -9.3395967e-07
1666 region_rec_diffs(6,207)        -1.5097215     -3     3    1.8833472e-07
1667 region_rec_diffs(6,208)        -2.3880906     -3     3    2.7734681e-06
1668 region_rec_diffs(6,209)        -1.4172515     -3     3    1.0898404e-06
1669 region_rec_diffs(6,210)        -1.4966036     -3     3    1.8899156e-06
1670 region_rec_diffs(6,211)        2.1672324     -3     3    4.6641571e-06
1671 region_rec_diffs(6,212)        0.77227766     -3     3    -2.1889342e-06
1672 region_rec_diffs(6,213)        -1.0887809     -3     3    -5.8163208e-07
1673 region_rec_diffs(6,214)        -1.0771214     -3     3    8.8117781e-08
1674 region_rec_diffs(6,215)        -0.54340416     -3     3    -5.8546848e-07
1675 region_rec_diffs(6,216)        1.3290111     -3     3    -3.3012386e-06
1676 region_rec_diffs(6,217)        0.6195038     -3     3    4.189574e-06
1677 region_rec_diffs(6,218)        -0.55978402     -3     3    1.8262065e-06
1678 region_rec_diffs(6,219)        -0.47627656     -3     3    1.2570965e-06
1679 region_rec_diffs(6,220)        -0.76335123     -3     3    6.63094e-07
1680 region_rec_diffs(6,221)        -0.95556286     -3     3    1.6626111e-06
1681 region_rec_diffs(6,222)        2.222039     -3     3    -1.1702831e-07
1682 region_rec_diffs(6,223)        0.46514055     -3     3    3.6809204e-07
1683 region_rec_diffs(6,224)        -1.8617923     -3     3    8.359884e-07
1684 region_rec_diffs(6,225)        -1.6370156     -3     3    -2.3740585e-07
1685 region_rec_diffs(6,226)        -1.2117685     -3     3    3.7557386e-07
1686 region_rec_diffs(6,227)        -0.23986657     -3     3    -4.9917855e-07
1687 region_rec_diffs(6,228)        0.87100354     -3     3    2.3646794e-06
1688 region_rec_diffs(6,229)        -0.38648709     -3     3    8.9126229e-07
1689 region_rec_diffs(6,230)        1.5950789     -3     3    -1.5992699e-06
1690 region_rec_diffs(6,231)        -0.46982761     -3     3    -3.4161127e-07
1691 region_rec_diffs(6,232)        -1.3667463     -3     3    -3.438571e-07
1692 region_rec_diffs(6,233)        -1.1998779     -3     3    5.4174401e-09
1693 region_rec_diffs(6,234)        -0.58694646     -3     3    -6.5603059e-07
1694 region_rec_diffs(6,235)        0.63713413     -3     3    -5.5089459e-07
1695 region_rec_diffs(6,236)        -0.21895402     -3     3    3.4461905e-07
1696 region_rec_diffs(6,237)        -0.20450315     -3     3    1.4632942e-06
1697 region_rec_diffs(6,238)        1.3922541     -3     3    6.2109256e-06
1698 region_rec_diffs(6,239)        -0.51408442     -3     3    9.2333243e-07
1699 region_rec_diffs(6,240)        -1.0278659     -3     3    6.3452662e-07
1700 region_rec_diffs(6,241)        -1.2161091     -3     3    9.8091725e-07
1701 region_rec_diffs(6,242)        -0.95740744     -3     3    1.4535694e-06
1702 region_rec_diffs(6,243)        0.50253662     -3     3    2.1078154e-06
1703 region_rec_diffs(6,244)        1.5495452     -3     3    6.8552682e-07
1704 region_rec_diffs(6,245)        -1.3890356     -3     3    -7.2489218e-07
1705 region_rec_diffs(6,246)        -1.6280792     -3     3    -6.5058758e-07
1706 region_rec_diffs(6,247)        -1.3338362     -3     3    -6.1367644e-07
1707 region_rec_diffs(6,248)        1.0510747     -3     3    8.3558609e-07
1708 region_rec_diffs(6,249)        -1.1470758     -3     3    7.2398857e-07
1709 region_rec_diffs(6,250)        -1.470107     -3     3    5.5039983e-07
1710 region_rec_diffs(6,251)        -1.434681     -3     3    1.7061746e-07
1711 region_rec_diffs(6,252)        -1.2427512     -3     3    -3.6958906e-07
1712 region_rec_diffs(6,253)        -1.2502314     -3     3    2.7176305e-07
1713 region_rec_diffs(6,254)        0.010826758     -3     3    2.3231976e-06
1714 region_rec_diffs(6,255)        -0.33716538     -3     3    1.9437623e-06
1715 region_rec_diffs(6,256)        -0.98156716     -3     3    -4.8425603e-07
1716 region_rec_diffs(6,257)        -1.1565992     -3     3    -3.1714926e-07
1717 region_rec_diffs(6,258)        0.82002205     -3     3    -7.7314404e-07
1718 region_rec_diffs(6,259)        1.3999795     -3     3    -2.6378826e-06
1719 region_rec_diffs(6,260)        -0.70542825     -3     3    1.1396517e-07
1720 region_rec_diffs(6,261)        -0.96911577     -3     3    -1.5454927e-06
1721 region_rec_diffs(6,262)        -0.64544414     -3     3    8.1665027e-08
1722 region_rec_diffs(6,263)        0.15433746     -3     3    -2.1807107e-06
1723 region_rec_diffs(6,264)        0.17240994     -3     3    -1.8641375e-06
1724 region_rec_diffs(6,265)        -0.20252071     -3     3    1.0383656e-06
1725 region_rec_diffs(6,266)        -0.16529094     -3     3    5.8706786e-07
1726 region_rec_diffs(6,267)        -0.5403141     -3     3    2.0510288e-06
1727 region_rec_diffs(6,268)        -0.81108219     -3     3    1.5413474e-06
1728 region_rec_diffs(6,269)        -1.0846019     -3     3    2.2321181e-06
1729 region_rec_diffs(6,270)        -0.081692271     -3     3    5.5488863e-07
1730 region_rec_diffs(6,271)        1.1636536     -3     3    3.7764244e-07
1731 region_rec_diffs(6,272)        -0.15193713     -3     3    -1.2700353e-07
1732 region_rec_diffs(6,273)        -0.57406061     -3     3    -7.6593955e-07
1733 region_rec_diffs(6,274)        -0.64380286     -3     3    1.0372527e-06
1734 region_rec_diffs(6,275)        -0.22434058     -3     3    3.2488521e-07
1735 region_rec_diffs(6,276)        0.0035284729     -3     3    1.6519642e-07
1736 region_rec_diffs(6,277)        0.00023091573     -3     3    -5.5781787e-08
1737 region_rec_diffs(6,278)        -0.0031330777     -3     3    5.5831451e-08
1738 region_rec_diffs(6,279)        -0.0040330063     -3     3    -1.3757513e-09
1739 bs_selcoff_gp:1(1,1,1,1)        -8.6483365     -20     7    2.7178745e-06
1740 bs_selcoff_gp:1(1,1,1,2)        -4.1175108     -20     7    8.4683851e-07
1741 bs_selcoff_gp:1(1,1,1,3)        0.31008828     -20     7    -2.0183382e-07
1742 bs_selcoff_gp:1(1,1,1,4)        0.86152733     -20     7    -5.6355816e-08
1743 bs_selcoff_gp:1(1,1,1,5)        0.22571767     -20     7    5.8469867e-07
1744 bs_selcoff_gp:2(2,1,1,1)        -5.2420958     -20     7    -1.3236281e-06
1745 bs_selcoff_gp:2(2,1,1,2)        -2.2252543     -20     7    4.6028712e-06
1746 bs_selcoff_gp:2(2,1,1,3)        0.39628105     -20     7    -1.0977446e-06
1747 bs_selcoff_gp:2(2,1,1,4)        0.58403928     -20     7    8.8605424e-07
1748 bs_selcoff_gp:2(2,1,1,5)        0.47444188     -20     7    7.0043437e-08
1749 bs_selcoff_gp:3(3,1,1,1)        -4.6885836     -20     7    -4.7903566e-07
1750 bs_selcoff_gp:3(3,1,1,2)        -5.0541217     -20     7    2.2805856e-06
1751 bs_selcoff_gp:3(3,1,1,3)        0.034127777     -20     7    -7.0334537e-08
1752 bs_selcoff_gp:3(3,1,1,4)        0.89269333     -20     7    1.1627109e-07
1753 bs_selcoff_gp:3(3,1,1,5)        0.4107867     -20     7    2.7984862e-07
1754 bs_selcoff_gp:4(4,1,1,1)        -17.775411     -20     7    -6.9602528e-06
1755 bs_selcoff_gp:4(4,1,1,2)        -4.1002776     -20     7    -4.4732948e-06
1756 bs_selcoff_gp:4(4,1,1,3)        -0.065599373     -20     7    3.7078025e-07
1757 bs_selcoff_gp:4(4,1,1,4)        1.1261009     -20     7    -2.7747805e-07
1758 bs_selcoff_gp:4(4,1,1,5)        -0.037375409     -20     7    7.8116191e-07
1759 bs_selcoff_gp:5(5,1,1,1)        -10.708419     -20     7    4.6027306e-06
1760 bs_selcoff_gp:5(5,1,1,2)        -3.5383377     -20     7    1.1450815e-06
1761 bs_selcoff_gp:5(5,1,1,3)        -0.1162554     -20     7    -3.7793851e-07
1762 bs_selcoff_gp:5(5,1,1,4)        1.0094914     -20     7    7.6482124e-08
1763 bs_selcoff_gp:5(5,1,1,5)        0.29002724     -20     7    3.4662277e-07
1764 bs_selcoff_gp:6(6,1,1,1)        -5.9921248     -20     7    -2.6837005e-07
1765 bs_selcoff_gp:6(6,1,1,2)        -2.0823049     -20     7    7.4390967e-06
1766 bs_selcoff_gp:6(6,1,1,3)        0.33896151     -20     7    -1.0534601e-06
1767 bs_selcoff_gp:6(6,1,1,4)        0.82274299     -20     7    -3.9287141e-07
1768 bs_selcoff_gp:6(6,1,1,5)        0.17616454     -20     7    1.4838288e-06
1769 bs_selcoff_gp:7(7,1,1,1)        -6.4356813     -20     7    -7.8602484e-06
1770 bs_selcoff_gp:7(7,1,1,2)        -3.1031888     -20     7    -2.0764492e-06
1771 bs_selcoff_gp:7(7,1,1,3)        0.091789253     -20     7    -2.0192855e-06
1772 bs_selcoff_gp:7(7,1,1,4)        0.90469516     -20     7    1.1528901e-06
1773 bs_selcoff_gp:7(7,1,1,5)        0.3265503     -20     7    -1.3482717e-07
1774 bs_selcoff_gp:8(8,1,1,1)        -19.986727     -20     7    4.0454954e-06   *************
1775 bs_selcoff_gp:8(8,1,1,2)        -5.7952373     -20     7    1.8295267e-06
1776 bs_selcoff_gp:8(8,1,1,3)        -1.8899326     -20     7    1.3119595e-06
1777 bs_selcoff_gp:8(8,1,1,4)        1.3040512     -20     7    -1.6631394e-07
1778 bs_selcoff_gp:8(8,1,1,5)        0.14988059     -20     7    6.5794159e-07
1779 bs_selcoff_gp:9(9,1,1,1)        -14.526287     -20     7    1.6134255e-07
1780 bs_selcoff_gp:9(9,1,1,2)        -7.1136337     -20     7    -8.5456386e-07
1781 bs_selcoff_gp:9(9,1,1,3)        -3.1560227     -20     7    -8.7080583e-06
1782 bs_selcoff_gp:9(9,1,1,4)        0.57052553     -20     7    2.9200934e-07
1783 bs_selcoff_gp:9(9,1,1,5)        1.1592034     -20     7    6.999146e-08
1784 bs_selcoff_gp:10(10,1,1,1)        -9.5148055     -20     7    7.7387888e-07
1785 bs_selcoff_gp:10(10,1,1,2)        -1.5816249     -20     7    -3.2800743e-07
1786 bs_selcoff_gp:10(10,1,1,3)        0.10151673     -20     7    5.6544935e-07
1787 bs_selcoff_gp:10(10,1,1,4)        0.85267895     -20     7    -2.206008e-07
1788 bs_selcoff_gp:10(10,1,1,5)        0.29379897     -20     7    1.6024901e-07
1789 bs_selcoff_gp:11(11,1,1,1)        -6.1534331     -20     7    2.081419e-06
1790 bs_selcoff_gp:11(11,1,1,2)        -7.1478125     -20     7    -1.9533845e-06
1791 bs_selcoff_gp:11(11,1,1,3)        -0.91055042     -20     7    -1.8317068e-06
1792 bs_selcoff_gp:11(11,1,1,4)        1.3559591     -20     7    2.5317391e-07
1793 bs_selcoff_gp:11(11,1,1,5)        -0.33644754     -20     7    -7.219033e-09
1794 bs_selcoff_gp:12(12,1,1,1)        -19.999835     -20     7    2.2316366e-06   *************
1795 bs_selcoff_gp:12(12,1,1,2)        -8.2793129     -20     7    1.7066047e-06
1796 bs_selcoff_gp:12(12,1,1,3)        -0.32208044     -20     7    2.1330745e-07
1797 bs_selcoff_gp:12(12,1,1,4)        1.0943509     -20     7    -9.7647705e-08
1798 bs_selcoff_gp:12(12,1,1,5)        0.25300551     -20     7    4.1791561e-07
1799 bs_selcoff_gp:13(13,1,1,1)        -2.0713139     -20     7    -5.7669919e-07
1800 bs_selcoff_gp:13(13,1,1,2)        1.5334282     -20     7    -3.0151164e-08
1801 bs_selcoff_gp:13(13,1,1,3)        -1.4974044     -20     7    7.4771575e-09
1802 bs_selcoff_gp:13(13,1,1,4)        -4.0954818     -20     7    -6.7891477e-07
1803 bs_selcoff_gp:13(13,1,1,5)        -19.999999     -20     7    1.6202477e-06   *************
1804 bs_selcoff_gp:14(14,1,1,1)        -1.579277     -20     7    -4.9022863e-07
1805 bs_selcoff_gp:14(14,1,1,2)        1.4119148     -20     7    3.8540422e-08
1806 bs_selcoff_gp:14(14,1,1,3)        -0.6664491     -20     7    -1.4131738e-07
1807 bs_selcoff_gp:14(14,1,1,4)        -1.7528967     -20     7    2.0821683e-07
1808 bs_selcoff_gp:14(14,1,1,5)        -5.7229237     -20     7    3.3400713e-06
1809 bs_selcoff_gp:15(15,1,1,1)        -2.5637504     -20     7    -7.4395557e-07
1810 bs_selcoff_gp:15(15,1,1,2)        1.4531741     -20     7    1.7588407e-07
1811 bs_selcoff_gp:15(15,1,1,3)        -0.53028225     -20     7    -1.2814775e-06
1812 bs_selcoff_gp:15(15,1,1,4)        -2.8211927     -20     7    2.6244046e-06
1813 bs_selcoff_gp:15(15,1,1,5)        -20     -20     7    -2.0322521e-06   *************
1814 bs_selcoff_gp:16(16,1,1,1)        -2.8326959     -20     7    4.144068e-07
1815 bs_selcoff_gp:16(16,1,1,2)        1.2769462     -20     7    -7.2273756e-07
1816 bs_selcoff_gp:16(16,1,1,3)        0.054468688     -20     7    1.2333447e-06
1817 bs_selcoff_gp:16(16,1,1,4)        -1.2366761     -20     7    4.0303502e-06
1818 bs_selcoff_gp:16(16,1,1,5)        -4.6944418     -20     7    -4.1862331e-07
1819 bs_selcoff_gp:17(17,1,1,1)        -0.53169663     -20     7    1.0643988e-08
1820 bs_selcoff_gp:17(17,1,1,2)        1.0227572     -20     7    -1.5769266e-07
1821 bs_selcoff_gp:17(17,1,1,3)        0.48321655     -20     7    1.9334494e-07
1822 bs_selcoff_gp:17(17,1,1,4)        -4.5637887     -20     7    2.0409921e-06
1823 bs_selcoff_gp:17(17,1,1,5)        -19.999974     -20     7    2.6122732e-06   *************
1824 bs_selcoff_gp:18(18,1,1,1)        -3.7954261     -20     7    -1.2227114e-06
1825 bs_selcoff_gp:18(18,1,1,2)        1.2766911     -20     7    1.0262799e-06
1826 bs_selcoff_gp:18(18,1,1,3)        -0.56107719     -20     7    2.6280108e-06
1827 bs_selcoff_gp:18(18,1,1,4)        -0.21699786     -20     7    -6.41117e-06
1828 bs_selcoff_gp:18(18,1,1,5)        -4.0603966     -20     7    1.4156019e-06
1829 bs_selcoff_gp:19(19,1,1,1)        0.21239847     -20     7    -1.2398904e-07
1830 bs_selcoff_gp:19(19,1,1,2)        0.97512135     -20     7    -1.7087751e-07
1831 bs_selcoff_gp:19(19,1,1,3)        -0.51001731     -20     7    6.3735303e-07
1832 bs_selcoff_gp:19(19,1,1,4)        -0.67368421     -20     7    1.2129838e-07
1833 bs_selcoff_gp:19(19,1,1,5)        -6.4639295     -20     7    7.7658592e-07
1834 bs_selcoff_gp:20(20,1,1,1)        -0.984145     -20     7    2.7468882e-07
1835 bs_selcoff_gp:20(20,1,1,2)        1.3828647     -20     7    -7.9012967e-07
1836 bs_selcoff_gp:20(20,1,1,3)        -0.78844737     -20     7    5.0144961e-06
1837 bs_selcoff_gp:20(20,1,1,4)        -1.6876759     -20     7    3.5082042e-06
1838 bs_selcoff_gp:20(20,1,1,5)        -7.7313699     -20     7    1.9383505e-06
1839 bs_selcoff_gp:21(21,1,1,1)        -2.2332808     -20     7    1.0392504e-06
1840 bs_selcoff_gp:21(21,1,1,2)        -0.63897649     -20     7    5.5894446e-07
1841 bs_selcoff_gp:21(21,1,1,3)        -0.6172547     -20     7    7.0062448e-07
1842 bs_selcoff_gp:21(21,1,1,4)        -0.94068046     -20     7    1.7467311e-06
1843 bs_selcoff_gp:21(21,1,1,5)        1.234077     -20     7    -2.6778142e-07
1844 bs_selcoff_gp:22(22,1,1,1)        -4.1370795     -20     7    -1.7450955e-07
1845 bs_selcoff_gp:22(22,1,1,2)        1.5008585     -20     7    -6.5900487e-08
1846 bs_selcoff_gp:22(22,1,1,3)        -0.73471664     -20     7    5.5659886e-07
1847 bs_selcoff_gp:22(22,1,1,4)        -3.9712797     -20     7    -7.0086054e-06
1848 bs_selcoff_gp:22(22,1,1,5)        -14.603239     -20     7    -3.4717265e-06
1849 bs_selcoff_gp:23(23,1,1,1)        -4.6628727     -20     7    -3.6077532e-06
1850 bs_selcoff_gp:23(23,1,1,2)        1.3015816     -20     7    5.8908828e-08
1851 bs_selcoff_gp:23(23,1,1,3)        0.10102062     -20     7    -3.6080152e-07
1852 bs_selcoff_gp:23(23,1,1,4)        -1.565216     -20     7    -8.4116731e-07
1853 bs_selcoff_gp:23(23,1,1,5)        -9.0861401     -20     7    1.4774033e-06
1854 bs_selcoff_gp:24(24,1,1,1)        -5.0397729     -20     7    -1.976482e-06
1855 bs_selcoff_gp:24(24,1,1,2)        0.62760901     -20     7    4.1289694e-06
1856 bs_selcoff_gp:24(24,1,1,3)        1.1373873     -20     7    -2.3907821e-06
1857 bs_selcoff_gp:24(24,1,1,4)        -6.3013651     -20     7    -5.057653e-07
1858 bs_selcoff_gp:24(24,1,1,5)        -19.998697     -20     7    5.3571851e-06   *************
1859 bs_selcoff_gp:25(25,1,1,1)        -10.672211     -20     7    6.0711314e-07
1860 bs_selcoff_gp:25(25,1,1,2)        -1.4029102     -20     7    -1.1136567e-06
1861 bs_selcoff_gp:25(25,1,1,3)        1.4663227     -20     7    1.0679939e-06
1862 bs_selcoff_gp:25(25,1,1,4)        -0.86556589     -20     7    -8.0545498e-07
1863 bs_selcoff_gp:25(25,1,1,5)        -11.292429     -20     7    2.6973725e-06
1864 bs_selcoff_gp:26(26,1,1,1)        -1.2716142     -20     7    -2.4282115e-06
1865 bs_selcoff_gp:26(26,1,1,2)        1.148288     -20     7    6.4001807e-07
1866 bs_selcoff_gp:26(26,1,1,3)        0.44487003     -20     7    -1.2835471e-06
1867 bs_selcoff_gp:26(26,1,1,4)        -5.0292289     -20     7    8.0392657e-09
1868 bs_selcoff_gp:26(26,1,1,5)        -14.894621     -20     7    9.4302297e-06
1869 bs_selcoff_gp:27(27,1,1,1)        -2.3064219     -20     7    4.7188633e-07
1870 bs_selcoff_gp:27(27,1,1,2)        1.4514257     -20     7    -2.2368004e-07
1871 bs_selcoff_gp:27(27,1,1,3)        -0.47607669     -20     7    8.4483947e-07
1872 bs_selcoff_gp:27(27,1,1,4)        -4.6124762     -20     7    1.7659049e-06
1873 bs_selcoff_gp:27(27,1,1,5)        -10.046177     -20     7    8.892659e-08
1874 bs_selcoff_gp:28(28,1,1,1)        -4.8353473     -20     7    5.5740462e-08
1875 bs_selcoff_gp:28(28,1,1,2)        1.5621443     -20     7    -5.0157617e-07
1876 bs_selcoff_gp:28(28,1,1,3)        -3.887706     -20     7    2.3579385e-06
1877 bs_selcoff_gp:28(28,1,1,4)        -1.5935045     -20     7    7.2971597e-06
1878 bs_selcoff_gp:28(28,1,1,5)        -19.999999     -20     7    1.5803613e-06   *************
1879 bs_selcoff_gp:29(29,1,1,1)        -20     -20     7    -2.3907351e-07   *************
1880 bs_selcoff_gp:29(29,1,1,2)        -7.5995599     -20     7    -4.4381774e-06
1881 bs_selcoff_gp:29(29,1,1,3)        -0.44243307     -20     7    -3.5516209e-07
1882 bs_selcoff_gp:29(29,1,1,4)        1.0468105     -20     7    1.129346e-07
1883 bs_selcoff_gp:29(29,1,1,5)        0.4111673     -20     7    6.220765e-07
1884 recr(2)        1.016052     -20     20    2.8032199e-06
1885 recr(3)        1.090861     -20     20    1.0769498e-06
1886 recr(4)        1.0123965     -20     20    -2.8036548e-06
1887 recr(5)        0.98348854     -20     20    -1.0637484e-06
1888 recr(6)        -1.6341596     -20     20    3.0250133e-06
1889 recr(7)        -1.3236587     -20     20    2.2797171e-06
1890 recr(8)        2.6398397     -20     20    -1.6615807e-06
1891 recr(9)        0.42410618     -20     20    3.4201888e-06
1892 recr(10)        -0.89505745     -20     20    1.5969068e-06
1893 recr(11)        -1.185228     -20     20    1.7136179e-06
1894 recr(12)        1.6590741     -20     20    -1.8628051e-06
1895 recr(13)        2.4593414     -20     20    2.369725e-06
1896 recr(14)        1.1400221     -20     20    -3.8030705e-06
1897 recr(15)        -0.69514177     -20     20    1.7169078e-06
1898 recr(16)        -1.2651485     -20     20    5.4660663e-07
1899 recr(17)        -0.042069505     -20     20    -1.6781065e-06
1900 recr(18)        1.7393357     -20     20    -1.6856968e-06
1901 recr(19)        0.763839     -20     20    1.7767779e-06
1902 recr(20)        -1.6305357     -20     20    6.4661407e-06
1903 recr(21)        -0.1598537     -20     20    2.7107512e-07
1904 recr(22)        1.3598284     -20     20    -1.3413197e-06
1905 recr(23)        0.39752695     -20     20    3.0019584e-06
1906 recr(24)        -0.58664501     -20     20    -2.9724057e-06
1907 recr(25)        -0.29167711     -20     20    -3.7040827e-07
1908 recr(26)        1.6338881     -20     20    -2.4096085e-06
1909 recr(27)        -1.0509375     -20     20    4.9309823e-07
1910 recr(28)        1.9442409     -20     20    9.6683279e-07
1911 recr(29)        1.4640939     -20     20    -1.700818e-07
1912 recr(30)        -0.63330246     -20     20    1.3862186e-07
1913 recr(31)        -1.5481167     -20     20    -1.8581697e-06
1914 recr(32)        -1.5223919     -20     20    7.068969e-07
1915 recr(33)        -0.50565519     -20     20    5.1765771e-07
1916 recr(34)        1.1367444     -20     20    1.1485946e-06
1917 recr(35)        0.8969727     -20     20    -2.2446138e-06
1918 recr(36)        -2.1864576     -20     20    -4.1744128e-06
1919 recr(37)        1.7096867     -20     20    -4.4448346e-07
1920 recr(38)        0.01061971     -20     20    4.1164161e-07
1921 recr(39)        -2.0103997     -20     20    -7.9833268e-07
1922 recr(40)        -2.5431687     -20     20    -1.9202564e-06
1923 recr(41)        0.29536573     -20     20    -1.9334526e-06
1924 recr(42)        1.5069229     -20     20    5.5573599e-07
1925 recr(43)        -2.5261572     -20     20    1.5982108e-06
1926 recr(44)        -2.1899139     -20     20    1.3559787e-06
1927 recr(45)        1.5136858     -20     20    -5.8691229e-07
1928 recr(46)        -1.2383482     -20     20    -2.988376e-07
1929 recr(47)        -2.6630358     -20     20    2.4237699e-06
1930 recr(48)        -1.2782442     -20     20    5.3506419e-07
1931 recr(49)        1.80009     -20     20    -8.8985591e-08
1932 recr(50)        -1.9332431     -20     20    -1.8899808e-06
1933 recr(51)        -2.1329774     -20     20    4.946893e-07
1934 recr(52)        0.64781715     -20     20    -9.5285213e-07
1935 recr(53)        0.41799158     -20     20    3.3090832e-06
1936 recr(54)        0.66895202     -20     20    -3.6443267e-06
1937 recr(55)        -1.7524287     -20     20    1.6539422e-06
1938 recr(56)        -0.0011474496     -20     20    5.5356586e-06
1939 recr(57)        -0.95950127     -20     20    4.3804417e-07
1940 recr(58)        1.6226406     -20     20    -1.0862528e-06
1941 recr(59)        -1.374666     -20     20    -2.8101399e-07
1942 recr(60)        0.00089624664     -20     20    -1.1004872e-06
1943 recr(61)        1.810425     -20     20    4.8142469e-07
1944 recr(62)        -1.7204349     -20     20    3.737332e-07
1945 recr(63)        -1.7386603     -20     20    2.9189754e-06
1946 recr(64)        -1.2390458     -20     20    -1.0141881e-06
1947 recr(65)        0.87238629     -20     20    8.1287708e-07
1948 recr(66)        -1.4241189     -20     20    -6.6373459e-07
1949 recr(67)        -2.0516352     -20     20    6.732791e-07
1950 recr(68)        -0.11033898     -20     20    -5.1220104e-07
1951 recr(69)        1.0809266     -20     20    4.2788126e-07
1952 recr(70)        0.62825685     -20     20    -3.5055767e-06
1953 recr(71)        -1.995637     -20     20    1.3860896e-06
1954 recr(72)        0.19698204     -20     20    2.3012901e-06
1955 recr(73)        1.5758664     -20     20    6.0061212e-07
1956 recr(74)        0.2088872     -20     20    -1.9275306e-06
1957 recr(75)        -3.3905364     -20     20    7.0689204e-07
1958 recr(76)        -0.68557712     -20     20    1.0344011e-06
1959 recr(77)        -0.647712     -20     20    -3.0325989e-06
1960 recr(78)        -0.39535379     -20     20    -2.256956e-06
1961 recr(79)        -2.845413     -20     20    -6.2247781e-09
1962 recr(80)        0.94088568     -20     20    -2.0961738e-06
1963 recr(81)        0.73599216     -20     20    3.7173101e-06
1964 recr(82)        -0.12844807     -20     20    5.8769054e-07
1965 recr(83)        -0.16227539     -20     20    -1.0212573e-07
1966 recr(84)        0.41214012     -20     20    1.3221413e-06
1967 recr(85)        1.2194083     -20     20    -1.3334402e-06
1968 recr(86)        -2.3566456     -20     20    -1.1098695e-06
1969 recr(87)        -0.98873648     -20     20    -5.6618364e-07
1970 recr(88)        1.4175644     -20     20    2.3869107e-07
1971 recr(89)        0.37325433     -20     20    3.398779e-08
1972 recr(90)        -2.2217222     -20     20    1.3844757e-07
1973 recr(91)        -0.74479278     -20     20    -1.4738573e-06
1974 recr(92)        -0.075459195     -20     20    -6.6584228e-07
1975 recr(93)        -1.6896404     -20     20    -2.2978671e-07
1976 recr(94)        2.1512052     -20     20    -2.1947872e-07
1977 recr(95)        1.0461706     -20     20    -4.7619995e-07
1978 recr(96)        -2.1364594     -20     20    8.5616801e-07
1979 recr(97)        -1.2153612     -20     20    1.0240736e-06
1980 recr(98)        -1.6864473     -20     20    -1.7701827e-06
1981 recr(99)        -0.2215674     -20     20    1.5750931e-07
1982 recr(100)        0.49695822     -20     20    2.6479596e-06
1983 recr(101)        1.3101393     -20     20    -8.0505701e-07
1984 recr(102)        -2.7003847     -20     20    1.4581429e-06
1985 recr(103)        -1.6213829     -20     20    -4.3738194e-08
1986 recr(104)        1.7489091     -20     20    -2.1521983e-07
1987 recr(105)        -0.1026     -20     20    1.8972648e-07
1988 recr(106)        -3.305194     -20     20    2.3038089e-06
1989 recr(107)        -3.095875     -20     20    1.9897179e-06
1990 recr(108)        -0.77271331     -20     20    -4.1309683e-07
1991 recr(109)        0.70478709     -20     20    -1.8062905e-06
1992 recr(110)        -1.6468549     -20     20    -3.7721656e-08
1993 recr(111)        -0.34907518     -20     20    6.5375416e-06
1994 recr(112)        -1.0755541     -20     20    -2.1723054e-06
1995 recr(113)        1.453865     -20     20    -2.3619558e-07
1996 recr(114)        -0.087757974     -20     20    -1.1290432e-06
1997 recr(115)        -0.89198394     -20     20    -8.2868577e-07
1998 recr(116)        -0.027731029     -20     20    1.1340932e-06
1999 recr(117)        1.1482041     -20     20    7.7397906e-08
2000 recr(118)        -1.2485215     -20     20    9.2510219e-07
2001 recr(119)        -0.47504878     -20     20    2.9536381e-07
2002 recr(120)        1.0732603     -20     20    -2.5269507e-06
2003 recr(121)        0.78892906     -20     20    1.0050161e-06
2004 recr(122)        1.061161     -20     20    1.4666943e-06
2005 recr(123)        -1.3364779     -20     20    8.5830469e-07
2006 recr(124)        -0.14684443     -20     20    2.5563227e-06
2007 recr(125)        0.79542538     -20     20    -1.0707135e-06
2008 recr(126)        0.098008591     -20     20    -3.9512439e-07
2009 recr(127)        -0.46974361     -20     20    3.1398221e-06
2010 recr(128)        0.37519309     -20     20    -3.8805695e-06
2011 recr(129)        0.69777484     -20     20    -8.6479017e-07
2012 recr(130)        -0.57536607     -20     20    5.2194651e-06
2013 recr(131)        -0.84367539     -20     20    3.4340804e-06
2014 recr(132)        0.50409636     -20     20    8.5575995e-07
2015 recr(133)        1.1917295     -20     20    -4.0356763e-07
2016 recr(134)        0.13530726     -20     20    1.2218584e-07
2017 recr(135)        0.53065088     -20     20    -3.0962829e-08
2018 recr(136)        0.92633308     -20     20    -1.6543956e-06
2019 recr(137)        -0.74148402     -20     20    2.4698202e-07
2020 recr(138)        -0.13236288     -20     20    1.5126736e-06
2021 recr(139)        -0.56435954     -20     20    2.8385815e-06
2022 recr(140)        -1.3346541     -20     20    -5.7585403e-08
2023 recr(141)        1.3161143     -20     20    -7.0266638e-07
2024 recr(142)        -1.1538121     -20     20    2.5696467e-06
2025 recr(143)        -1.707022     -20     20    3.6844068e-07
2026 recr(144)        0.67342906     -20     20    7.0559473e-07
2027 recr(145)        1.8857698     -20     20    -2.4232755e-07
2028 recr(146)        -0.44294206     -20     20    -4.0741311e-06
2029 recr(147)        -0.6999978     -20     20    2.8979104e-06
2030 recr(148)        1.0531663     -20     20    1.4726014e-06
2031 recr(149)        0.13535345     -20     20    -8.9909419e-07
2032 recr(150)        -0.91266304     -20     20    1.4266273e-06
2033 recr(151)        0.29241676     -20     20    -6.5194242e-07
2034 recr(152)        0.43942452     -20     20    -1.0379229e-06
2035 recr(153)        0.9187228     -20     20    1.1873072e-07
2036 recr(154)        -0.33482857     -20     20    5.3097185e-06
2037 recr(155)        -0.21085452     -20     20    -1.7614896e-06
2038 recr(156)        0.92977665     -20     20    -8.1896441e-08
2039 recr(157)        -0.056163493     -20     20    -1.6965216e-06
2040 recr(158)        -1.2936356     -20     20    -4.1244788e-06
2041 recr(159)        -0.59661437     -20     20    1.3773602e-06
2042 recr(160)        0.80842741     -20     20    -8.9069137e-07
2043 recr(161)        1.1867781     -20     20    8.3858605e-07
2044 recr(162)        -0.89509338     -20     20    -9.0672248e-07
2045 recr(163)        0.17446808     -20     20    1.0729627e-06
2046 recr(164)        1.1511393     -20     20    -4.3560308e-07
2047 recr(165)        0.065472644     -20     20    -1.0550871e-06
2048 recr(166)        -1.2682867     -20     20    1.2241902e-06
2049 recr(167)        0.13669929     -20     20    -9.9018653e-07
2050 recr(168)        0.47140483     -20     20    -2.1969734e-07
2051 recr(169)        0.25078244     -20     20    3.4043737e-07
2052 recr(170)        -0.13138079     -20     20    6.0631115e-07
2053 recr(171)        0.71207804     -20     20    -9.38981e-07
2054 recr(172)        0.96746351     -20     20    -6.036401e-07
2055 recr(173)        1.475143     -20     20    8.0040643e-07
2056 recr(174)        -0.79588695     -20     20    -4.1775741e-06
2057 recr(175)        -1.6136824     -20     20    -1.9305944e-06
2058 recr(176)        -0.10418578     -20     20    -5.655129e-07
2059 recr(177)        0.7028274     -20     20    -8.2310074e-07
2060 recr(178)        1.1598062     -20     20    4.9144968e-07
2061 recr(179)        0.0017417899     -20     20    -9.0790347e-07
2062 recr(180)        0.57855237     -20     20    1.0911579e-08
2063 recr(181)        0.51892627     -20     20    2.3525647e-08
2064 recr(182)        -0.76209272     -20     20    -7.6361879e-07
2065 recr(183)        -0.55309012     -20     20    -2.9805348e-06
2066 recr(184)        -0.077601392     -20     20    2.7516575e-06
2067 recr(185)        0.43104082     -20     20    3.6817703e-07
2068 recr(186)        1.0384033     -20     20    -2.979529e-07
2069 recr(187)        0.58478179     -20     20    -9.3079797e-07
2070 recr(188)        -0.060897995     -20     20    2.9175381e-06
2071 recr(189)        -0.22930842     -20     20    -2.6415181e-06
2072 recr(190)        -0.58429234     -20     20    1.7374666e-06
2073 recr(191)        0.28131232     -20     20    8.0263376e-08
2074 recr(192)        0.41035681     -20     20    9.0318971e-07
2075 recr(193)        0.98611001     -20     20    -2.1844142e-06
2076 recr(194)        0.89840164     -20     20    2.4971239e-06
2077 recr(195)        0.6111392     -20     20    1.062808e-07
2078 recr(196)        1.1277181     -20     20    -1.995021e-07
2079 recr(197)        0.077701117     -20     20    -1.4230856e-06
2080 recr(198)        0.020219865     -20     20    -1.0767873e-06
2081 recr(199)        0.2966954     -20     20    6.1273655e-07
2082 recr(200)        0.60872702     -20     20    1.3602423e-06
2083 recr(201)        0.10476673     -20     20    -4.9072443e-06
2084 recr(202)        0.72066434     -20     20    3.3113365e-06
2085 recr(203)        0.87883499     -20     20    -2.0807061e-06
2086 recr(204)        0.79772086     -20     20    3.1728199e-07
2087 recr(205)        -1.2023206     -20     20    1.2596295e-06
2088 recr(206)        -0.52188247     -20     20    6.1651886e-07
2089 recr(207)        -0.80042013     -20     20    -3.1554296e-06
2090 recr(208)        0.89005987     -20     20    1.1642638e-06
2091 recr(209)        0.1191467     -20     20    4.4018805e-08
2092 recr(210)        1.3346543     -20     20    7.5323547e-07
2093 recr(211)        0.71847447     -20     20    -3.0264266e-06
2094 recr(212)        0.69742537     -20     20    2.4774551e-07
2095 recr(213)        -0.20117703     -20     20    -8.8567336e-08
2096 recr(214)        -0.34544521     -20     20    -5.4022831e-07
2097 recr(215)        -0.40291333     -20     20    -6.0532729e-07
2098 recr(216)        0.57373797     -20     20    -1.6938288e-07
2099 recr(217)        0.85851733     -20     20    4.7493248e-07
2100 recr(218)        0.4291027     -20     20    -5.0024926e-07
2101 recr(219)        -0.20837736     -20     20    -1.5644402e-07
2102 recr(220)        -0.071648322     -20     20    -4.5182057e-07
2103 recr(221)        0.30302732     -20     20    4.5285389e-07
2104 recr(222)        0.23138125     -20     20    1.7061211e-08
2105 recr(223)        0.33211012     -20     20    -1.5142205e-06
2106 recr(224)        0.7496363     -20     20    9.4971452e-07
2107 recr(225)        -0.22731874     -20     20    1.8563012e-06
2108 recr(226)        -0.13770215     -20     20    -1.3894878e-06
2109 recr(227)        -0.032572095     -20     20    1.2522197e-06
2110 recr(228)        0.66138639     -20     20    -2.9446419e-07
2111 recr(229)        0.93815971     -20     20    -7.0760175e-07
2112 recr(230)        0.59450027     -20     20    6.6480013e-07
2113 recr(231)        0.03661746     -20     20    7.4990773e-07
2114 recr(232)        0.52077004     -20     20    -2.3088481e-07
2115 recr(233)        -0.10694621     -20     20    -6.2411592e-08
2116 recr(234)        -0.19382554     -20     20    4.2559603e-08
2117 recr(235)        0.1249276     -20     20    5.0504771e-08
2118 recr(236)        0.13471568     -20     20    1.6920284e-07
2119 recr(237)        0.19088829     -20     20    -7.974009e-07
2120 recr(238)        -0.10533033     -20     20    6.7370334e-07
2121 recr(239)        0.28346713     -20     20    -1.1152428e-07
2122 recr(240)        0.62048447     -20     20    6.4062978e-08
2123 recr(241)        0.78775499     -20     20    -7.0849458e-07
2124 recr(242)        0.93287002     -20     20    5.7762531e-07
2125 recr(243)        0.49145628     -20     20    1.3054549e-07
2126 recr(244)        0.79165055     -20     20    -1.5823017e-07
2127 recr(245)        0.41178414     -20     20    -7.2085232e-07
2128 recr(246)        0.38263154     -20     20    2.4700218e-07
2129 recr(247)        0.66660715     -20     20    1.1239791e-07
2130 recr(248)        0.79079925     -20     20    5.7550338e-08
2131 recr(249)        0.13707074     -20     20    -1.2085021e-07
2132 recr(250)        -0.15458849     -20     20    3.1453452e-08
2133 recr(251)        -0.11102657     -20     20    1.6514816e-07
2134 recr(252)        -0.073688859     -20     20    6.5158102e-08
2135 recr(253)        0.76752413     -20     20    -1.7539665e-07
2136 recr(254)        -0.033815817     -20     20    2.1417617e-08
2137 recr(255)        0.2329113     -20     20    3.3020773e-07
2138 recr(256)        0.29128709     -20     20    -3.9620117e-07
2139 recr(257)        0.79994193     -20     20    -1.8376154e-07
2140 recr(258)        -0.049395047     -20     20    -7.3412976e-09
2141 recr(259)        0.43553899     -20     20    -2.0502957e-07
2142 recr(260)        0.68629399     -20     20    1.2229297e-06
2143 recr(261)        0.24978582     -20     20    -1.9726622e-06
2144 recr(262)        0.2919277     -20     20    -4.9672051e-08
2145 recr(263)        0.5119587     -20     20    -9.8240503e-09
2146 recr(264)        0.47256469     -20     20    -1.1601735e-06
2147 recr(265)        0.65296821     -20     20    6.5522992e-07
2148 recr(266)        -0.19695471     -20     20    -4.4433179e-07
2149 recr(267)        0.026913204     -20     20    2.8515221e-07
2150 recr(268)        0.14334731     -20     20    3.9701274e-07
2151 recr(269)        0.75782298     -20     20    -2.0568602e-08
2152 recr(270)        -0.53117635     -20     20    -3.6340434e-07
2153 recr(271)        -0.022404073     -20     20    1.2964543e-06
2154 recr(272)        -0.55246042     -20     20    -7.0384221e-08
2155 recr(273)        0.15318549     -20     20    -2.4433578e-06
2156 recr(274)        1.1834119     -20     20    6.2169253e-08
2157 totpop        16.92036     8     25    -2.6252689e-07
2158 tag_fish_rep(1)        0.10135321     0.001     0.99    4.8351219e-06
2159 tag_fish_rep(3)        0.48059532     0.001     0.99    9.4286573e-08
2160 tag_fish_rep(5)        0.62726317     0.001     0.99    1.611164e-06
2161 tag_fish_rep(6)        0.85064738     0.001     0.99    3.0044041e-06
2162 tag_fish_rep(7)        0.99     0.001     0.99    1.2374535e-09   *************
2163 tag_fish_rep(12)        0.83719859     0.001     0.99    2.3458087e-06
2164 tag_fish_rep(13)        0.68321581     0.001     0.99    5.3431076e-06
2165 tag_fish_rep(16)        0.75691173     0.001     0.99    8.7892204e-07
2166 tag_fish_rep(20)        0.12457419     0.001     0.99    -1.7015258e-06
2167 tag_fish_rep(22)        0.98999998     0.001     0.99    1.2553816e-09   *************
2168 tag_fish_rep(23)        0.99     0.001     0.99    -1.8374181e-09   *************
2169 region_pars(1)        0.29805626     1e-06     1.5    1.7073024e-06
2170 region_pars(1)        0.34019843     1e-06     1.5    -2.1060143e-07
2171 region_pars(1)        0.079863408     1e-06     1.5    1.0906072e-07
2172 region_pars(1)        0.1811541     1e-06     1.5    -3.6810627e-07
2173 region_pars(1)        0.095681254     1e-06     1.5    -7.7419975e-07
2174 region_pars(1)        0.0050479636     1e-06     1.5    2.5937424e-07
2175 sv(21)        0.03667928     1e-06     1000    -5.1955944e-08
2176 age_pars(5)        -2.6122275     -20     2    5.0863837e-06
2177 vb_coff(1)        24.618943     10     60    9.5649423e-07
2178 vb_coff(2)        145.87457     130     200    2.5525257e-06
2179 vb_coff(3)        0.11903078     0.01     0.3    4.4051046e-06
2180 var_coff(1)        6.9716691     1     10    -4.8043328e-08
2181 var_coff(2)        0.58292788     0.1     3    -1.0469361e-07
