 Index  Var_name   Estimate L_bound  U_bound gradient
1 diff_coffs(1,1)        0.10423084     0     4    0.00025731809
2 diff_coffs(1,2)        5.9947158e-11     0     4    -5.3774549e-07   *************
3 diff_coffs(1,3)        0.02531341     0     4    9.0364444e-05
4 diff_coffs(1,4)        0.001435689     0     4    -0.00017761171
5 diff_coffs(1,5)        1.8245345e-09     0     4    -1.0545385e-06   *************
6 diff_coffs(1,6)        0.0520255     0     4    0.00028544827
7 diff_coffs(1,7)        0.053752445     0     4    -8.4514283e-05
8 diff_coffs(1,8)        0.11454665     0     4    6.5079516e-05
9 diff_coffs(2,1)        2.4907851e-09     0     4    -3.7297889e-07   *************
10 diff_coffs(2,2)        5.4603764e-09     0     4    4.5469358e-05   *************
11 diff_coffs(2,3)        2.2007445e-09     0     4    1.8665934e-07   *************
12 diff_coffs(2,4)        2.3944535e-10     0     4    1.6074076e-06   *************
13 diff_coffs(2,5)        5.0850737e-09     0     4    -1.606986e-07   *************
14 diff_coffs(2,6)        1.6257216e-09     0     4    7.5624273e-07   *************
15 diff_coffs(2,7)        0.12526897     0     4    -0.00019489247
16 diff_coffs(2,8)        0.3628297     0     4    0.00030036382
17 diff_coffs(3,1)        3.3686993e-07     0     4    0.00026967761   *************
18 diff_coffs(3,2)        0.169982     0     4    -6.9064124e-05
19 diff_coffs(3,3)        7.2202355e-10     0     4    -1.8020987e-06   *************
20 diff_coffs(3,4)        1.3641985e-09     0     4    3.2471689e-05   *************
21 diff_coffs(3,5)        0.16179048     0     4    -5.6197136e-05
22 diff_coffs(3,6)        5.291372e-09     0     4    1.2846019e-05   *************
23 diff_coffs(3,7)        2.9018734e-09     0     4    -6.1240049e-06   *************
24 diff_coffs(3,8)        1.0663226e-10     0     4    6.2232454e-08   *************
25 diff_coffs(4,1)        2.7594793e-10     0     4    1.1420514e-05   *************
26 diff_coffs(4,2)        2.2620017e-10     0     4    0.0001869212   *************
27 diff_coffs(4,3)        1.5968893e-09     0     4    -1.1998085e-07   *************
28 diff_coffs(4,4)        0.89365153     0     4    -6.3035319e-05
29 diff_coffs(4,5)        4.0377788e-09     0     4    -1.5765608e-07   *************
30 diff_coffs(4,6)        0.12955285     0     4    0.00024190061
31 diff_coffs(4,7)        1.8920637e-08     0     4    1.2890204e-05   *************
32 diff_coffs(4,8)        1.1187429e-10     0     4    1.0028466e-06   *************
33 region_rec_diffs(1,1)        -1.3322676e-15     -3     3    -6.6319194e-15
34 region_rec_diffs(1,2)        0.16798008     -3     3    -1.114711e-05
35 region_rec_diffs(1,3)        0.2351024     -3     3    -7.5840398e-05
36 region_rec_diffs(1,4)        0.21940582     -3     3    -8.1340798e-05
37 region_rec_diffs(1,5)        0.23066838     -3     3    -4.5065103e-05
38 region_rec_diffs(1,6)        0.31006727     -3     3    9.0361408e-05
39 region_rec_diffs(1,7)        0.087834139     -3     3    -9.342891e-06
40 region_rec_diffs(1,8)        0.10522259     -3     3    -0.00034419797
41 region_rec_diffs(1,9)        0.24472495     -3     3    -7.315269e-05
42 region_rec_diffs(1,10)        0.3557358     -3     3    -7.2043413e-06
43 region_rec_diffs(1,11)        0.062810589     -3     3    8.8539041e-06
44 region_rec_diffs(1,12)        0.060347383     -3     3    0.0001033591
45 region_rec_diffs(1,13)        -0.066085162     -3     3    -7.3348168e-05
46 region_rec_diffs(1,14)        -0.67132279     -3     3    -4.3049434e-05
47 region_rec_diffs(1,15)        -0.069148315     -3     3    -1.4660857e-05
48 region_rec_diffs(1,16)        -0.079711903     -3     3    0.00018198143
49 region_rec_diffs(1,17)        -1.0746865     -3     3    -8.1679801e-06
50 region_rec_diffs(1,18)        0.18191682     -3     3    -6.6219075e-05
51 region_rec_diffs(1,19)        0.029526012     -3     3    3.4170995e-06
52 region_rec_diffs(1,20)        0.010119106     -3     3    -9.7049508e-07
53 region_rec_diffs(1,21)        -0.63200747     -3     3    -3.729586e-05
54 region_rec_diffs(1,22)        0.19004132     -3     3    4.86959e-05
55 region_rec_diffs(1,23)        0.080472138     -3     3    -1.3583162e-06
56 region_rec_diffs(1,24)        0.097312543     -3     3    -5.2707935e-06
57 region_rec_diffs(1,25)        0.21554945     -3     3    6.1591236e-06
58 region_rec_diffs(1,26)        0.29606459     -3     3    -8.4402716e-05
59 region_rec_diffs(1,27)        0.058569969     -3     3    4.5656001e-06
60 region_rec_diffs(1,28)        -0.20298615     -3     3    7.9019268e-05
61 region_rec_diffs(1,29)        -0.84163847     -3     3    6.622384e-05
62 region_rec_diffs(1,30)        -0.74769756     -3     3    -0.00017758865
63 region_rec_diffs(1,31)        -0.13581405     -3     3    -5.7749712e-05
64 region_rec_diffs(1,32)        -0.56307975     -3     3    6.3212065e-05
65 region_rec_diffs(1,33)        -1.5509056     -3     3    -1.9173396e-05
66 region_rec_diffs(1,34)        0.21473454     -3     3    7.7229014e-05
67 region_rec_diffs(1,35)        0.052930227     -3     3    -3.9144206e-07
68 region_rec_diffs(1,36)        0.19268465     -3     3    2.0077001e-05
69 region_rec_diffs(1,37)        -0.19913307     -3     3    -8.3920442e-05
70 region_rec_diffs(1,38)        -0.2076073     -3     3    -2.935524e-05
71 region_rec_diffs(1,39)        -0.044155023     -3     3    -1.2502896e-06
72 region_rec_diffs(1,40)        -0.19868158     -3     3    -8.4798963e-05
73 region_rec_diffs(1,41)        -0.36049807     -3     3    6.7965364e-05
74 region_rec_diffs(1,42)        0.21123568     -3     3    -0.00014084214
75 region_rec_diffs(1,43)        -0.02454155     -3     3    -3.6801734e-06
76 region_rec_diffs(1,44)        -0.72274663     -3     3    2.4250341e-05
77 region_rec_diffs(1,45)        0.0045389497     -3     3    -4.2419005e-05
78 region_rec_diffs(1,46)        0.066861506     -3     3    9.6090287e-06
79 region_rec_diffs(1,47)        0.02380241     -3     3    5.2375443e-06
80 region_rec_diffs(1,48)        -0.97250078     -3     3    5.575674e-05
81 region_rec_diffs(1,49)        -0.26200988     -3     3    -0.00022422675
82 region_rec_diffs(1,50)        -0.061543185     -3     3    -7.0274814e-06
83 region_rec_diffs(1,51)        0.31837626     -3     3    -1.6972033e-05
84 region_rec_diffs(1,52)        0.186913     -3     3    0.00011631651
85 region_rec_diffs(1,53)        -2.2426238     -3     3    0.00010779433
86 region_rec_diffs(1,54)        -1.6383388     -3     3    1.625083e-05
87 region_rec_diffs(1,55)        -0.21170865     -3     3    2.1213086e-06
88 region_rec_diffs(1,56)        -0.55405507     -3     3    -0.00011623686
89 region_rec_diffs(1,57)        -1.0151     -3     3    -7.2614731e-06
90 region_rec_diffs(1,58)        0.10550593     -3     3    0.00011555145
91 region_rec_diffs(1,59)        -0.098882315     -3     3    -0.00013533261
92 region_rec_diffs(1,60)        -0.79276931     -3     3    -5.4051858e-06
93 region_rec_diffs(1,61)        0.33661265     -3     3    1.0980957e-05
94 region_rec_diffs(1,62)        -0.0064815102     -3     3    -3.4017786e-06
95 region_rec_diffs(1,63)        0.1361979     -3     3    8.4217696e-06
96 region_rec_diffs(1,64)        -0.82931228     -3     3    0.00028187178
97 region_rec_diffs(1,65)        -1.1418932     -3     3    0.00021162085
98 region_rec_diffs(1,66)        -0.33766176     -3     3    4.1194302e-05
99 region_rec_diffs(1,67)        0.060213008     -3     3    0.00011295564
100 region_rec_diffs(1,68)        0.19079254     -3     3    2.4408312e-05
101 region_rec_diffs(1,69)        -0.60046952     -3     3    0.00018501373
102 region_rec_diffs(1,70)        -0.23940324     -3     3    -4.7810975e-05
103 region_rec_diffs(1,71)        0.040573897     -3     3    3.1989084e-05
104 region_rec_diffs(1,72)        -0.86793343     -3     3    0.00018051723
105 region_rec_diffs(1,73)        -0.51218595     -3     3    -0.00010042821
106 region_rec_diffs(1,74)        0.11644542     -3     3    -0.00016395174
107 region_rec_diffs(1,75)        -0.1962999     -3     3    -7.0897622e-05
108 region_rec_diffs(1,76)        -1.5476346     -3     3    -3.5638333e-05
109 region_rec_diffs(1,77)        -1.6943768     -3     3    -4.0257045e-05
110 region_rec_diffs(1,78)        0.090006501     -3     3    1.1758516e-05
111 region_rec_diffs(1,79)        0.091580477     -3     3    2.7266919e-05
112 region_rec_diffs(1,80)        0.2547739     -3     3    -0.00015898865
113 region_rec_diffs(1,81)        -1.2668051     -3     3    8.0787353e-05
114 region_rec_diffs(1,82)        -0.072058592     -3     3    3.1038421e-05
115 region_rec_diffs(1,83)        -0.1514297     -3     3    5.1578661e-05
116 region_rec_diffs(1,84)        -1.2239858     -3     3    -6.4971543e-05
117 region_rec_diffs(1,85)        -1.3103415     -3     3    4.0796293e-05
118 region_rec_diffs(1,86)        -0.16107207     -3     3    1.3155969e-05
119 region_rec_diffs(1,87)        0.017691112     -3     3    -0.00011634875
120 region_rec_diffs(1,88)        -2.2229399     -3     3    6.4255152e-05
121 region_rec_diffs(1,89)        -0.83409835     -3     3    9.9716041e-05
122 region_rec_diffs(1,90)        -1.2178656     -3     3    -2.337987e-05
123 region_rec_diffs(1,91)        -0.72036404     -3     3    4.0633549e-05
124 region_rec_diffs(1,92)        0.034548879     -3     3    -3.153413e-06
125 region_rec_diffs(1,93)        0.060620797     -3     3    2.3040946e-05
126 region_rec_diffs(1,94)        0.25122024     -3     3    2.862823e-05
127 region_rec_diffs(1,95)        -0.97928004     -3     3    8.9848243e-05
128 region_rec_diffs(1,96)        -0.26137838     -3     3    0.00012396601
129 region_rec_diffs(1,97)        0.1800581     -3     3    1.3019302e-05
130 region_rec_diffs(1,98)        0.15118708     -3     3    5.3125459e-05
131 region_rec_diffs(1,99)        -0.82042873     -3     3    -2.4003265e-05
132 region_rec_diffs(1,100)        -0.81813154     -3     3    -0.00025718957
133 region_rec_diffs(1,101)        0.21817447     -3     3    -3.5623409e-05
134 region_rec_diffs(1,102)        -0.12096359     -3     3    6.2381018e-06
135 region_rec_diffs(1,103)        -1.833104     -3     3    3.1326503e-05
136 region_rec_diffs(1,104)        -0.061398224     -3     3    -3.7586742e-05
137 region_rec_diffs(1,105)        -0.0041086187     -3     3    -2.041231e-05
138 region_rec_diffs(1,106)        -0.010271556     -3     3    -5.1130376e-07
139 region_rec_diffs(1,107)        -0.032517294     -3     3    -5.1750641e-05
140 region_rec_diffs(1,108)        0.039932889     -3     3    5.8668009e-07
141 region_rec_diffs(1,109)        -0.10161252     -3     3    0.00011699635
142 region_rec_diffs(1,110)        -0.10992079     -3     3    3.1855591e-05
143 region_rec_diffs(1,111)        -0.13901549     -3     3    -0.00026796018
144 region_rec_diffs(1,112)        -0.1845155     -3     3    0.0002840624
145 region_rec_diffs(1,113)        -0.33363966     -3     3    0.00028352426
146 region_rec_diffs(1,114)        -0.95679844     -3     3    5.2979085e-05
147 region_rec_diffs(1,115)        -0.1246358     -3     3    0.00012639642
148 region_rec_diffs(1,116)        -0.035013931     -3     3    1.9952897e-05
149 region_rec_diffs(1,117)        0.041388144     -3     3    -2.5470032e-05
150 region_rec_diffs(1,118)        -0.79955822     -3     3    5.9308204e-05
151 region_rec_diffs(1,119)        -0.046214509     -3     3    4.3029561e-05
152 region_rec_diffs(1,120)        -1.2428665     -3     3    0.00017810235
153 region_rec_diffs(1,121)        0.32616054     -3     3    -6.0793408e-05
154 region_rec_diffs(1,122)        0.33532205     -3     3    0.00018427972
155 region_rec_diffs(1,123)        -1.7990262     -3     3    -5.5843993e-06
156 region_rec_diffs(1,124)        -0.1685971     -3     3    -2.6026815e-06
157 region_rec_diffs(1,125)        -0.40697743     -3     3    -0.00012801803
158 region_rec_diffs(1,126)        -1.8104867     -3     3    4.020876e-05
159 region_rec_diffs(1,127)        -1.7804302     -3     3    -1.5340291e-05
160 region_rec_diffs(1,128)        0.2378284     -3     3    -7.2511219e-05
161 region_rec_diffs(1,129)        -0.21352632     -3     3    -5.1109405e-05
162 region_rec_diffs(1,130)        -1.4374448     -3     3    -0.00016504743
163 region_rec_diffs(1,131)        -0.084379085     -3     3    -4.9577129e-05
164 region_rec_diffs(1,132)        0.19275395     -3     3    -0.00022790542
165 region_rec_diffs(1,133)        0.1578944     -3     3    0.00012310522
166 region_rec_diffs(1,134)        -0.50851207     -3     3    0.00016118222
167 region_rec_diffs(1,135)        0.030805355     -3     3    0.00012920897
168 region_rec_diffs(1,136)        0.32649221     -3     3    -8.6698616e-05
169 region_rec_diffs(1,137)        -2.378238     -3     3    2.3787256e-05
170 region_rec_diffs(1,138)        -1.3620709     -3     3    -4.862828e-06
171 region_rec_diffs(1,139)        -1.83295     -3     3    1.0563591e-05
172 region_rec_diffs(1,140)        -1.3982717     -3     3    -3.1953088e-05
173 region_rec_diffs(1,141)        0.40402624     -3     3    2.1890201e-05
174 region_rec_diffs(1,142)        0.17248557     -3     3    -5.46613e-06
175 region_rec_diffs(1,143)        -0.56408638     -3     3    0.00016169403
176 region_rec_diffs(1,144)        0.15765586     -3     3    0.00010238747
177 region_rec_diffs(1,145)        -0.17377507     -3     3    0.00012720963
178 region_rec_diffs(1,146)        -0.17386958     -3     3    3.0751033e-05
179 region_rec_diffs(1,147)        -1.7579173     -3     3    9.8155155e-05
180 region_rec_diffs(1,148)        0.1740378     -3     3    3.2608469e-05
181 region_rec_diffs(1,149)        -0.021425323     -3     3    -1.1616313e-05
182 region_rec_diffs(1,150)        -0.67249685     -3     3    4.060045e-06
183 region_rec_diffs(1,151)        -2.1201644     -3     3    0.00010475556
184 region_rec_diffs(1,152)        0.40345922     -3     3    -2.9402461e-05
185 region_rec_diffs(1,153)        0.41693259     -3     3    2.9753166e-05
186 region_rec_diffs(1,154)        -0.99269561     -3     3    -7.8628158e-05
187 region_rec_diffs(1,155)        -2.2129904     -3     3    -1.5099866e-05
188 region_rec_diffs(1,156)        0.42185496     -3     3    2.7434151e-05
189 region_rec_diffs(1,157)        0.13277817     -3     3    -7.5033082e-06
190 region_rec_diffs(1,158)        -1.8170786     -3     3    4.0725133e-05
191 region_rec_diffs(1,159)        -2.866305     -3     3    -9.6771897e-05
192 region_rec_diffs(1,160)        -0.27360288     -3     3    -0.00012599352
193 region_rec_diffs(1,161)        -0.1311793     -3     3    -1.6138755e-05
194 region_rec_diffs(1,162)        0.12035338     -3     3    5.9519223e-05
195 region_rec_diffs(1,163)        -2.9311333     -3     3    -8.3848037e-05
196 region_rec_diffs(1,164)        0.40758662     -3     3    2.7367864e-05
197 region_rec_diffs(1,165)        0.10229188     -3     3    9.9762498e-05
198 region_rec_diffs(1,166)        -1.5027888     -3     3    -5.4897396e-05
199 region_rec_diffs(1,167)        -2.9999998     -3     3    1.7625424e-06   *************
200 region_rec_diffs(1,168)        0.09659029     -3     3    1.2418437e-05
201 region_rec_diffs(1,169)        0.38638887     -3     3    0.0001841761
202 region_rec_diffs(1,170)        -1.1598645     -3     3    0.00013902424
203 region_rec_diffs(1,171)        -1.3829086     -3     3    -5.2450826e-05
204 region_rec_diffs(1,172)        -0.091280471     -3     3    2.461814e-05
205 region_rec_diffs(1,173)        0.22839325     -3     3    -7.7195092e-06
206 region_rec_diffs(1,174)        -1.4604059     -3     3    -0.00012211335
207 region_rec_diffs(1,175)        -2.174516     -3     3    5.3362649e-06
208 region_rec_diffs(1,176)        -1.5711539     -3     3    -0.0001034728
209 region_rec_diffs(1,177)        0.3438538     -3     3    -0.00026781992
210 region_rec_diffs(1,178)        -1.0740735     -3     3    3.2523336e-05
211 region_rec_diffs(1,179)        -2.6411862     -3     3    1.6912961e-05
212 region_rec_diffs(1,180)        0.33011244     -3     3    7.5695224e-05
213 region_rec_diffs(1,181)        0.097861962     -3     3    1.5297542e-05
214 region_rec_diffs(1,182)        -1.7367578     -3     3    -6.9002043e-06
215 region_rec_diffs(1,183)        -1.56244     -3     3    -2.3530318e-05
216 region_rec_diffs(1,184)        -1.7357085     -3     3    9.5929575e-06
217 region_rec_diffs(1,185)        0.19753032     -3     3    2.0573705e-05
218 region_rec_diffs(1,186)        -0.91964998     -3     3    3.5078552e-05
219 region_rec_diffs(1,187)        -2.7931843     -3     3    -1.7436847e-06
220 region_rec_diffs(1,188)        0.40254951     -3     3    -1.1882658e-05
221 region_rec_diffs(1,189)        0.16388565     -3     3    -8.7643851e-05
222 region_rec_diffs(1,190)        -0.76446859     -3     3    -0.00018075879
223 region_rec_diffs(1,191)        -2.9999983     -3     3    -1.1019622e-08   *************
224 region_rec_diffs(1,192)        0.080334422     -3     3    5.6155292e-05
225 region_rec_diffs(1,193)        0.41417774     -3     3    4.0478738e-05
226 region_rec_diffs(1,194)        -1.5367317     -3     3    5.6661808e-05
227 region_rec_diffs(1,195)        -2.9999996     -3     3    5.8011055e-06   *************
228 region_rec_diffs(1,196)        0.01879612     -3     3    7.070231e-05
229 region_rec_diffs(1,197)        0.25746968     -3     3    5.8629393e-05
230 region_rec_diffs(1,198)        -2.3305192     -3     3    -2.0949068e-05
231 region_rec_diffs(1,199)        -2.6041926     -3     3    1.8141671e-05
232 region_rec_diffs(1,200)        -1.3914541     -3     3    -8.3988154e-05
233 region_rec_diffs(1,201)        0.35386315     -3     3    -0.00013968919
234 region_rec_diffs(1,202)        0.35842299     -3     3    -8.0667065e-06
235 region_rec_diffs(1,203)        -1.7727281     -3     3    0.000187915
236 region_rec_diffs(1,204)        -0.23517054     -3     3    2.5304384e-05
237 region_rec_diffs(1,205)        -1.5557199     -3     3    1.3221838e-05
238 region_rec_diffs(1,206)        -2.1830915     -3     3    -4.1507911e-05
239 region_rec_diffs(1,207)        -1.7436594     -3     3    -0.00030683008
240 region_rec_diffs(1,208)        -1.798693     -3     3    -1.2884008e-05
241 region_rec_diffs(1,209)        0.42867056     -3     3    3.6940824e-05
242 region_rec_diffs(1,210)        0.048213479     -3     3    -9.0660185e-05
243 region_rec_diffs(1,211)        -2.9999985     -3     3    0.00011633914   *************
244 region_rec_diffs(1,212)        -0.97994598     -3     3    0.00020129865
245 region_rec_diffs(1,213)        -1.5010966     -3     3    -3.5078628e-05
246 region_rec_diffs(1,214)        -1.8644648     -3     3    0.00010056228
247 region_rec_diffs(1,215)        -1.9946634     -3     3    -5.6913169e-05
248 region_rec_diffs(1,216)        -0.21253851     -3     3    0.00010173581
249 region_rec_diffs(1,217)        0.26507143     -3     3    2.3467233e-06
250 region_rec_diffs(1,218)        -0.56076756     -3     3    -6.2062744e-05
251 region_rec_diffs(1,219)        -2.440618     -3     3    2.8678621e-05
252 region_rec_diffs(1,220)        -0.23553265     -3     3    -0.0001616985
253 region_rec_diffs(1,221)        0.20316642     -3     3    7.4496967e-06
254 region_rec_diffs(1,222)        -0.023184337     -3     3    0.00026537692
255 region_rec_diffs(1,223)        -2.9999996     -3     3    2.7173286e-05   *************
256 region_rec_diffs(1,224)        0.076813198     -3     3    -0.00010289031
257 region_rec_diffs(1,225)        -0.23753934     -3     3    -8.7509181e-06
258 region_rec_diffs(1,226)        -1.955529     -3     3    9.6705176e-06
259 region_rec_diffs(1,227)        -2.3688762     -3     3    -9.9467989e-05
260 region_rec_diffs(1,228)        -0.35851435     -3     3    -5.7423659e-05
261 region_rec_diffs(1,229)        0.17880161     -3     3    1.389706e-05
262 region_rec_diffs(1,230)        -0.11331474     -3     3    9.5407197e-05
263 region_rec_diffs(1,231)        -2.9999993     -3     3    -3.683737e-07   *************
264 region_rec_diffs(1,232)        -0.019557031     -3     3    -7.0615034e-05
265 region_rec_diffs(1,233)        -0.080104385     -3     3    -3.4871543e-06
266 region_rec_diffs(1,234)        0.016912365     -3     3    -0.00027845879
267 region_rec_diffs(1,235)        -2.33975     -3     3    -2.8720631e-05
268 region_rec_diffs(1,236)        -0.082964361     -3     3    0.00023054282
269 region_rec_diffs(1,237)        0.054200469     -3     3    3.0466165e-05
270 region_rec_diffs(1,238)        0.25096226     -3     3    6.4758464e-05
271 region_rec_diffs(1,239)        -2.8474162     -3     3    -4.069111e-05
272 region_rec_diffs(1,240)        -0.093310721     -3     3    6.0392194e-05
273 region_rec_diffs(1,241)        0.35328885     -3     3    0.00013246266
274 region_rec_diffs(1,242)        0.18175947     -3     3    9.0232284e-05
275 region_rec_diffs(1,243)        -2.9999993     -3     3    -1.9475432e-06   *************
276 region_rec_diffs(1,244)        0.15254125     -3     3    -3.5850177e-05
277 region_rec_diffs(1,245)        -0.17035552     -3     3    9.3550709e-05
278 region_rec_diffs(1,246)        0.18904272     -3     3    -1.2656003e-05
279 region_rec_diffs(1,247)        -2.0257695     -3     3    -0.00010157884
280 region_rec_diffs(1,248)        0.014232314     -3     3    1.2142438e-05
281 region_rec_diffs(1,249)        -0.21015085     -3     3    -0.00013942838
282 region_rec_diffs(1,250)        -0.57824254     -3     3    -0.0002341612
283 region_rec_diffs(1,251)        -2.50895     -3     3    1.7382655e-05
284 region_rec_diffs(1,252)        0.20303124     -3     3    -0.00017494241
285 region_rec_diffs(1,253)        0.24085566     -3     3    -2.3532299e-05
286 region_rec_diffs(1,254)        -0.24193446     -3     3    -0.00024609109
287 region_rec_diffs(1,255)        -2.6088076     -3     3    7.4794125e-05
288 region_rec_diffs(1,256)        0.27634322     -3     3    7.4245341e-05
289 region_rec_diffs(1,257)        0.3396354     -3     3    -0.00013734147
290 region_rec_diffs(1,258)        0.074391055     -3     3    -0.00010607345
291 region_rec_diffs(1,259)        -2.0512335     -3     3    2.5894735e-05
292 region_rec_diffs(1,260)        0.19096328     -3     3    -0.00028281014
293 region_rec_diffs(1,261)        0.27675288     -3     3    -7.2123285e-05
294 region_rec_diffs(1,262)        0.23370504     -3     3    -0.00011695448
295 region_rec_diffs(1,263)        -2.3010735     -3     3    3.4432784e-05
296 region_rec_diffs(1,264)        -0.32360296     -3     3    -5.9995974e-05
297 region_rec_diffs(1,265)        0.094488084     -3     3    -3.8836872e-05
298 region_rec_diffs(1,266)        0.051948085     -3     3    -0.0002080387
299 region_rec_diffs(1,267)        -2.3015566     -3     3    5.0069199e-05
300 region_rec_diffs(1,268)        -0.050012948     -3     3    3.8417891e-05
301 region_rec_diffs(1,269)        0.35476178     -3     3    4.1874998e-05
302 region_rec_diffs(1,270)        0.2580457     -3     3    0.00018221154
303 region_rec_diffs(1,271)        -2.7797974     -3     3    -1.5199412e-05
304 region_rec_diffs(1,272)        0.18978942     -3     3    -0.000160268
305 region_rec_diffs(1,273)        -0.34107292     -3     3    7.8115828e-05
306 region_rec_diffs(1,274)        0.13524665     -3     3    9.433388e-05
307 region_rec_diffs(1,275)        -2.921302     -3     3    9.4220526e-05
308 region_rec_diffs(1,276)        -0.22823324     -3     3    -1.0892982e-05
309 region_rec_diffs(1,277)        0.2860087     -3     3    -2.5174099e-05
310 region_rec_diffs(1,278)        0.16885088     -3     3    3.8213915e-05
311 region_rec_diffs(1,279)        -1.3791322     -3     3    2.9181655e-05
312 region_rec_diffs(2,1)        -4.4408921e-16     -3     3    -2.0530339e-15
313 region_rec_diffs(2,2)        -1.1319624     -3     3    4.4443842e-05
314 region_rec_diffs(2,3)        -1.7213533     -3     3    -9.0201904e-06
315 region_rec_diffs(2,4)        -1.7797699     -3     3    -3.3828309e-06
316 region_rec_diffs(2,5)        -1.9960879     -3     3    -1.2867902e-05
317 region_rec_diffs(2,6)        -1.3373906     -3     3    1.8378135e-05
318 region_rec_diffs(2,7)        -0.34041862     -3     3    2.416532e-05
319 region_rec_diffs(2,8)        -0.36861336     -3     3    0.00012996888
320 region_rec_diffs(2,9)        -0.98830035     -3     3    6.5751499e-05
321 region_rec_diffs(2,10)        -1.7535402     -3     3    0.00026482628
322 region_rec_diffs(2,11)        -0.22121149     -3     3    9.2669848e-07
323 region_rec_diffs(2,12)        -0.20494151     -3     3    9.5707508e-05
324 region_rec_diffs(2,13)        -1.4673746     -3     3    0.00010200468
325 region_rec_diffs(2,14)        -0.42037145     -3     3    4.0127565e-05
326 region_rec_diffs(2,15)        0.057687023     -3     3    3.3913874e-06
327 region_rec_diffs(2,16)        0.084156184     -3     3    4.061448e-05
328 region_rec_diffs(2,17)        0.66384905     -3     3    1.2853362e-05
329 region_rec_diffs(2,18)        -0.40806362     -3     3    -0.00012414282
330 region_rec_diffs(2,19)        -0.11538377     -3     3    -1.6806588e-05
331 region_rec_diffs(2,20)        -0.088709002     -3     3    -2.3656391e-05
332 region_rec_diffs(2,21)        0.46367206     -3     3    -0.00014478982
333 region_rec_diffs(2,22)        -0.63137631     -3     3    -1.822887e-05
334 region_rec_diffs(2,23)        -0.35268111     -3     3    -1.6933884e-05
335 region_rec_diffs(2,24)        -0.66421907     -3     3    -1.7575946e-05
336 region_rec_diffs(2,25)        -1.0421669     -3     3    4.4560382e-07
337 region_rec_diffs(2,26)        -1.0303218     -3     3    -5.6668037e-07
338 region_rec_diffs(2,27)        -0.15342058     -3     3    -2.0374126e-05
339 region_rec_diffs(2,28)        -1.0939136     -3     3    -5.9810114e-05
340 region_rec_diffs(2,29)        0.90498378     -3     3    0.00022451886
341 region_rec_diffs(2,30)        0.81781931     -3     3    -0.00027624472
342 region_rec_diffs(2,31)        0.2043731     -3     3    -1.9904244e-05
343 region_rec_diffs(2,32)        0.43999412     -3     3    7.3189554e-05
344 region_rec_diffs(2,33)        -0.51576804     -3     3    -2.0449544e-05
345 region_rec_diffs(2,34)        -1.139197     -3     3    1.9688409e-05
346 region_rec_diffs(2,35)        -0.16692027     -3     3    -5.8169904e-06
347 region_rec_diffs(2,36)        -0.64253411     -3     3    1.354803e-05
348 region_rec_diffs(2,37)        -0.85208906     -3     3    7.6364548e-05
349 region_rec_diffs(2,38)        0.091541173     -3     3    -4.7600681e-06
350 region_rec_diffs(2,39)        0.016684391     -3     3    1.5727188e-06
351 region_rec_diffs(2,40)        0.14330311     -3     3    -2.551527e-05
352 region_rec_diffs(2,41)        0.35209583     -3     3    3.0062031e-05
353 region_rec_diffs(2,42)        -0.53808774     -3     3    -3.3835439e-06
354 region_rec_diffs(2,43)        0.039406331     -3     3    3.7375535e-06
355 region_rec_diffs(2,44)        -0.32039807     -3     3    6.475712e-05
356 region_rec_diffs(2,45)        -1.3760285     -3     3    1.0457182e-05
357 region_rec_diffs(2,46)        -0.29701787     -3     3    -9.1735659e-06
358 region_rec_diffs(2,47)        -0.18158454     -3     3    -6.3609043e-06
359 region_rec_diffs(2,48)        0.66571825     -3     3    2.692263e-06
360 region_rec_diffs(2,49)        0.34385093     -3     3    0.00012044086
361 region_rec_diffs(2,50)        0.027706323     -3     3    5.5996166e-06
362 region_rec_diffs(2,51)        -1.2688298     -3     3    -5.5827871e-06
363 region_rec_diffs(2,52)        -0.51680006     -3     3    -5.5186534e-06
364 region_rec_diffs(2,53)        0.17361501     -3     3    -1.1213814e-05
365 region_rec_diffs(2,54)        -0.30319022     -3     3    -4.4575806e-05
366 region_rec_diffs(2,55)        -0.0042718348     -3     3    6.5564128e-06
367 region_rec_diffs(2,56)        -0.71964344     -3     3    -6.6773188e-06
368 region_rec_diffs(2,57)        0.21362955     -3     3    -1.1563895e-05
369 region_rec_diffs(2,58)        -0.30616239     -3     3    -5.0829422e-05
370 region_rec_diffs(2,59)        0.10174744     -3     3    -5.2007951e-05
371 region_rec_diffs(2,60)        -0.9793167     -3     3    3.4206243e-05
372 region_rec_diffs(2,61)        -1.3643779     -3     3    5.448725e-05
373 region_rec_diffs(2,62)        -0.050557405     -3     3    6.0105631e-07
374 region_rec_diffs(2,63)        -0.40848219     -3     3    -4.0913932e-06
375 region_rec_diffs(2,64)        -0.10117295     -3     3    6.7167862e-05
376 region_rec_diffs(2,65)        1.1972484     -3     3    -9.6007523e-05
377 region_rec_diffs(2,66)        0.51580057     -3     3    2.6043453e-05
378 region_rec_diffs(2,67)        0.0033894285     -3     3    1.7028702e-05
379 region_rec_diffs(2,68)        -0.16705763     -3     3    -1.8777293e-05
380 region_rec_diffs(2,69)        1.0965931     -3     3    -5.2041737e-05
381 region_rec_diffs(2,70)        -0.13493427     -3     3    -2.1396791e-05
382 region_rec_diffs(2,71)        -0.20955184     -3     3    -2.0783484e-05
383 region_rec_diffs(2,72)        1.0258628     -3     3    2.9912246e-05
384 region_rec_diffs(2,73)        0.75278476     -3     3    6.5730024e-05
385 region_rec_diffs(2,74)        -0.46810005     -3     3    -2.2612296e-05
386 region_rec_diffs(2,75)        0.16731164     -3     3    -2.0062008e-05
387 region_rec_diffs(2,76)        0.042747434     -3     3    -0.0001023381
388 region_rec_diffs(2,77)        1.385024     -3     3    -1.031521e-05
389 region_rec_diffs(2,78)        -0.13611292     -3     3    3.730792e-06
390 region_rec_diffs(2,79)        -0.186407     -3     3    1.0361103e-05
391 region_rec_diffs(2,80)        -0.45244012     -3     3    1.9005238e-05
392 region_rec_diffs(2,81)        1.2374651     -3     3    9.3618931e-05
393 region_rec_diffs(2,82)        0.15452592     -3     3    1.7885734e-05
394 region_rec_diffs(2,83)        0.47634494     -3     3    -2.9481073e-05
395 region_rec_diffs(2,84)        0.99477972     -3     3    0.00011316583
396 region_rec_diffs(2,85)        -0.048786248     -3     3    4.1380894e-05
397 region_rec_diffs(2,86)        0.22708442     -3     3    1.2386362e-05
398 region_rec_diffs(2,87)        -0.87871802     -3     3    2.9920584e-05
399 region_rec_diffs(2,88)        -0.6808278     -3     3    7.6419305e-05
400 region_rec_diffs(2,89)        0.76533814     -3     3    0.00016668961
401 region_rec_diffs(2,90)        1.0197383     -3     3    -3.0636495e-05
402 region_rec_diffs(2,91)        1.0164215     -3     3    -4.7967158e-05
403 region_rec_diffs(2,92)        -0.32472351     -3     3    -8.3885281e-05
404 region_rec_diffs(2,93)        -0.16273605     -3     3    -8.1963983e-06
405 region_rec_diffs(2,94)        -1.4051944     -3     3    -6.3204364e-05
406 region_rec_diffs(2,95)        -0.57535693     -3     3    4.4091224e-05
407 region_rec_diffs(2,96)        -0.087845821     -3     3    7.2623706e-05
408 region_rec_diffs(2,97)        -0.72511782     -3     3    9.5016643e-06
409 region_rec_diffs(2,98)        -0.50403752     -3     3    1.1707354e-05
410 region_rec_diffs(2,99)        0.99921554     -3     3    0.00019245842
411 region_rec_diffs(2,100)        1.1008021     -3     3    8.3474394e-05
412 region_rec_diffs(2,101)        -1.0338442     -3     3    7.3642212e-06
413 region_rec_diffs(2,102)        0.16103028     -3     3    1.1909167e-05
414 region_rec_diffs(2,103)        -0.64865474     -3     3    2.6797432e-05
415 region_rec_diffs(2,104)        -0.028081744     -3     3    0.00020373186
416 region_rec_diffs(2,105)        0.00028411274     -3     3    -7.2671523e-06
417 region_rec_diffs(2,106)        0.022755197     -3     3    -4.0272983e-06
418 region_rec_diffs(2,107)        0.073438946     -3     3    -2.7650622e-05
419 region_rec_diffs(2,108)        0.1568951     -3     3    3.0711407e-05
420 region_rec_diffs(2,109)        -0.1949294     -3     3    -0.00010613264
421 region_rec_diffs(2,110)        0.20498761     -3     3    -1.4973618e-05
422 region_rec_diffs(2,111)        0.28982685     -3     3    0.00021341907
423 region_rec_diffs(2,112)        0.73148059     -3     3    -0.00028457711
424 region_rec_diffs(2,113)        -1.942654     -3     3    -9.90794e-05
425 region_rec_diffs(2,114)        1.1066858     -3     3    6.6751806e-05
426 region_rec_diffs(2,115)        0.20361958     -3     3    -0.0001680477
427 region_rec_diffs(2,116)        -0.40605899     -3     3    2.8592637e-05
428 region_rec_diffs(2,117)        -0.2938682     -3     3    9.0633843e-05
429 region_rec_diffs(2,118)        0.61803153     -3     3    0.00012427164
430 region_rec_diffs(2,119)        -0.19349855     -3     3    1.1735237e-05
431 region_rec_diffs(2,120)        1.1412458     -3     3    -6.7378406e-05
432 region_rec_diffs(2,121)        -2.0404708     -3     3    -2.0600702e-05
433 region_rec_diffs(2,122)        -2.1198867     -3     3    -2.1713441e-05
434 region_rec_diffs(2,123)        1.3613774     -3     3    0.00011831001
435 region_rec_diffs(2,124)        -2.5601     -3     3    -1.6186136e-05
436 region_rec_diffs(2,125)        0.016634026     -3     3    -9.6411937e-05
437 region_rec_diffs(2,126)        1.1766616     -3     3    -3.6327193e-05
438 region_rec_diffs(2,127)        1.3172991     -3     3    -9.6719687e-05
439 region_rec_diffs(2,128)        -1.0396518     -3     3    -1.3053732e-05
440 region_rec_diffs(2,129)        -0.17994309     -3     3    3.9039255e-05
441 region_rec_diffs(2,130)        0.21959513     -3     3    -5.4327546e-05
442 region_rec_diffs(2,131)        -1.0598001     -3     3    -0.00014340288
443 region_rec_diffs(2,132)        -2.5046469     -3     3    5.4902978e-05
444 region_rec_diffs(2,133)        0.02255181     -3     3    -0.00016453663
445 region_rec_diffs(2,134)        0.95103234     -3     3    7.987048e-05
446 region_rec_diffs(2,135)        0.21810577     -3     3    -7.7298632e-05
447 region_rec_diffs(2,136)        -1.3214006     -3     3    -0.0003750985
448 region_rec_diffs(2,137)        -0.0050516362     -3     3    -0.00021762716
449 region_rec_diffs(2,138)        1.0270451     -3     3    -1.3667873e-05
450 region_rec_diffs(2,139)        1.3291898     -3     3    -9.1708045e-05
451 region_rec_diffs(2,140)        1.4374311     -3     3    0.00010055021
452 region_rec_diffs(2,141)        -2.0000282     -3     3    -7.2029512e-06
453 region_rec_diffs(2,142)        -0.53605625     -3     3    -1.3265385e-05
454 region_rec_diffs(2,143)        0.95505894     -3     3    4.7467032e-05
455 region_rec_diffs(2,144)        -1.1032654     -3     3    2.3741004e-05
456 region_rec_diffs(2,145)        0.56876117     -3     3    -0.00023991592
457 region_rec_diffs(2,146)        0.32919994     -3     3    -2.0181522e-05
458 region_rec_diffs(2,147)        1.3876212     -3     3    6.2541947e-05
459 region_rec_diffs(2,148)        -2.9995406     -3     3    6.9131725e-05   *************
460 region_rec_diffs(2,149)        0.3793801     -3     3    -6.2644466e-05
461 region_rec_diffs(2,150)        0.91230072     -3     3    -0.00012291356
462 region_rec_diffs(2,151)        1.4360577     -3     3    -8.4049985e-05
463 region_rec_diffs(2,152)        -2.2186691     -3     3    6.8080764e-05
464 region_rec_diffs(2,153)        -2.0326333     -3     3    1.221753e-05
465 region_rec_diffs(2,154)        0.16014433     -3     3    0.00013167772
466 region_rec_diffs(2,155)        0.23326528     -3     3    -0.00010288436
467 region_rec_diffs(2,156)        -2.9999923     -3     3    2.0282999e-05   *************
468 region_rec_diffs(2,157)        -1.0538011     -3     3    -1.1046532e-05
469 region_rec_diffs(2,158)        0.8955811     -3     3    2.4501473e-06
470 region_rec_diffs(2,159)        1.219374     -3     3    -2.214632e-05
471 region_rec_diffs(2,160)        -1.8445759     -3     3    -3.8213468e-07
472 region_rec_diffs(2,161)        0.80590133     -3     3    -8.6330978e-05
473 region_rec_diffs(2,162)        0.13199154     -3     3    -2.5005527e-05
474 region_rec_diffs(2,163)        -0.22846686     -3     3    9.2448513e-05
475 region_rec_diffs(2,164)        -2.9999994     -3     3    6.235135e-05   *************
476 region_rec_diffs(2,165)        0.15725871     -3     3    5.8253947e-05
477 region_rec_diffs(2,166)        1.3251885     -3     3    -9.8111797e-05
478 region_rec_diffs(2,167)        -0.062469992     -3     3    2.8993405e-05
479 region_rec_diffs(2,168)        -0.14402396     -3     3    2.834397e-05
480 region_rec_diffs(2,169)        -1.3328877     -3     3    -5.4253633e-05
481 region_rec_diffs(2,170)        0.97261522     -3     3    -0.00026134721
482 region_rec_diffs(2,171)        -0.75134711     -3     3    0.00014970084
483 region_rec_diffs(2,172)        -2.7459868     -3     3    2.3701718e-05
484 region_rec_diffs(2,173)        -1.7480521     -3     3    -1.5863996e-05
485 region_rec_diffs(2,174)        1.3643391     -3     3    -0.00018234139
486 region_rec_diffs(2,175)        1.5015234     -3     3    1.4192168e-05
487 region_rec_diffs(2,176)        1.4316777     -3     3    -0.00029437913
488 region_rec_diffs(2,177)        -0.62969087     -3     3    5.3465369e-05
489 region_rec_diffs(2,178)        1.3835932     -3     3    -0.00025354171
490 region_rec_diffs(2,179)        0.082097677     -3     3    4.3095029e-05
491 region_rec_diffs(2,180)        -2.9999998     -3     3    1.4367386e-05   *************
492 region_rec_diffs(2,181)        0.36583911     -3     3    7.0970399e-05
493 region_rec_diffs(2,182)        1.4795775     -3     3    -2.1838498e-05
494 region_rec_diffs(2,183)        1.4325462     -3     3    -6.7963356e-05
495 region_rec_diffs(2,184)        1.4697047     -3     3    -3.2657312e-05
496 region_rec_diffs(2,185)        0.080461093     -3     3    -8.4199353e-05
497 region_rec_diffs(2,186)        1.3072617     -3     3    2.2505672e-05
498 region_rec_diffs(2,187)        -0.26821936     -3     3    -0.00012489805
499 region_rec_diffs(2,188)        -1.7942742     -3     3    -0.00017804838
500 region_rec_diffs(2,189)        0.11388267     -3     3    0.00011366593
501 region_rec_diffs(2,190)        1.2359551     -3     3    0.00014855803
502 region_rec_diffs(2,191)        1.5830363     -3     3    -8.3694144e-05
503 region_rec_diffs(2,192)        -2.1703324     -3     3    2.4393594e-05
504 region_rec_diffs(2,193)        -2.7951626     -3     3    2.4129939e-05
505 region_rec_diffs(2,194)        1.4690931     -3     3    -4.4853914e-06
506 region_rec_diffs(2,195)        0.62917692     -3     3    0.00020362124
507 region_rec_diffs(2,196)        -1.6824217     -3     3    -0.00015427665
508 region_rec_diffs(2,197)        -1.410687     -3     3    6.6874413e-06
509 region_rec_diffs(2,198)        1.537958     -3     3    -7.075838e-05
510 region_rec_diffs(2,199)        0.23837079     -3     3    -0.00045935651
511 region_rec_diffs(2,200)        -2.8086989     -3     3    6.8088797e-05
512 region_rec_diffs(2,201)        -0.81070689     -3     3    0.00012158294
513 region_rec_diffs(2,202)        -0.86180756     -3     3    8.2665605e-05
514 region_rec_diffs(2,203)        0.39016478     -3     3    -0.00025136187
515 region_rec_diffs(2,204)        -2.1468868     -3     3    -4.4835662e-05
516 region_rec_diffs(2,205)        1.3795148     -3     3    5.1502091e-06
517 region_rec_diffs(2,206)        1.5255199     -3     3    3.0486946e-05
518 region_rec_diffs(2,207)        1.4749652     -3     3    -0.00015237726
519 region_rec_diffs(2,208)        1.4871022     -3     3    -1.592261e-05
520 region_rec_diffs(2,209)        -2.758451     -3     3    4.7784442e-05
521 region_rec_diffs(2,210)        0.52823704     -3     3    3.165764e-05
522 region_rec_diffs(2,211)        -0.50262008     -3     3    0.00010484083
523 region_rec_diffs(2,212)        -2.2589432     -3     3    0.00012398183
524 region_rec_diffs(2,213)        0.49919624     -3     3    -0.00013525851
525 region_rec_diffs(2,214)        1.4622734     -3     3    6.3780442e-06
526 region_rec_diffs(2,215)        1.2106897     -3     3    -6.1389396e-05
527 region_rec_diffs(2,216)        -1.9177119     -3     3    -6.8849567e-05
528 region_rec_diffs(2,217)        -0.73285795     -3     3    0.00013693823
529 region_rec_diffs(2,218)        1.0828685     -3     3    5.3860135e-05
530 region_rec_diffs(2,219)        0.67898574     -3     3    -0.00018773881
531 region_rec_diffs(2,220)        -1.9440509     -3     3    -9.9482868e-05
532 region_rec_diffs(2,221)        0.040832564     -3     3    1.0168752e-05
533 region_rec_diffs(2,222)        0.64637083     -3     3    -0.00051051221
534 region_rec_diffs(2,223)        0.17042313     -3     3    0.00028521724
535 region_rec_diffs(2,224)        -2.3887042     -3     3    6.7186543e-06
536 region_rec_diffs(2,225)        0.58943267     -3     3    -3.2226061e-05
537 region_rec_diffs(2,226)        1.5221759     -3     3    2.8314045e-06
538 region_rec_diffs(2,227)        1.3578305     -3     3    -0.00020694103
539 region_rec_diffs(2,228)        -2.999252     -3     3    6.8273833e-05   *************
540 region_rec_diffs(2,229)        -0.77874359     -3     3    -0.00020966766
541 region_rec_diffs(2,230)        0.75781334     -3     3    -0.00025559248
542 region_rec_diffs(2,231)        0.52860927     -3     3    -9.3464594e-05
543 region_rec_diffs(2,232)        -1.06165     -3     3    -0.00018345377
544 region_rec_diffs(2,233)        0.21782196     -3     3    0.00066756025
545 region_rec_diffs(2,234)        0.45035963     -3     3    -0.00039474115
546 region_rec_diffs(2,235)        0.56452326     -3     3    9.5277602e-05
547 region_rec_diffs(2,236)        -1.7245916     -3     3    0.00010564754
548 region_rec_diffs(2,237)        -0.0010829849     -3     3    0.00019059005
549 region_rec_diffs(2,238)        -0.26346824     -3     3    -0.0003073927
550 region_rec_diffs(2,239)        0.58525112     -3     3    -0.00030177408
551 region_rec_diffs(2,240)        -2.9998938     -3     3    0.00022351775   *************
552 region_rec_diffs(2,241)        -2.9999998     -3     3    -7.3578888e-07   *************
553 region_rec_diffs(2,242)        0.14472629     -3     3    8.5982565e-05
554 region_rec_diffs(2,243)        0.50734739     -3     3    -0.00040455985
555 region_rec_diffs(2,244)        -1.5202079     -3     3    0.00039678532
556 region_rec_diffs(2,245)        -0.044509672     -3     3    5.1927766e-05
557 region_rec_diffs(2,246)        0.053349423     -3     3    6.6655771e-05
558 region_rec_diffs(2,247)        0.73289265     -3     3    2.6526628e-05
559 region_rec_diffs(2,248)        -1.9774098     -3     3    0.00010129351
560 region_rec_diffs(2,249)        0.19871185     -3     3    0.00031700603
561 region_rec_diffs(2,250)        1.069183     -3     3    -0.00014816333
562 region_rec_diffs(2,251)        1.471238     -3     3    -7.7312884e-05
563 region_rec_diffs(2,252)        -1.7877864     -3     3    3.8222531e-05
564 region_rec_diffs(2,253)        -0.33428994     -3     3    -5.1746516e-05
565 region_rec_diffs(2,254)        0.86589884     -3     3    -0.00013142554
566 region_rec_diffs(2,255)        0.8140621     -3     3    0.00019387418
567 region_rec_diffs(2,256)        -2.9235023     -3     3    0.00022615069
568 region_rec_diffs(2,257)        -0.73745385     -3     3    -5.1244936e-06
569 region_rec_diffs(2,258)        0.44190449     -3     3    2.5173576e-05
570 region_rec_diffs(2,259)        1.3958014     -3     3    0.00018848796
571 region_rec_diffs(2,260)        -1.5033829     -3     3    -1.0993465e-05
572 region_rec_diffs(2,261)        -1.964948     -3     3    -4.041621e-05
573 region_rec_diffs(2,262)        -0.0232809     -3     3    0.00025935206
574 region_rec_diffs(2,263)        1.2520752     -3     3    -7.1462805e-05
575 region_rec_diffs(2,264)        -2.0747147     -3     3    9.0151839e-05
576 region_rec_diffs(2,265)        -0.15015653     -3     3    -0.0001982651
577 region_rec_diffs(2,266)        0.48863163     -3     3    0.00011070514
578 region_rec_diffs(2,267)        1.537763     -3     3    -6.6099835e-05
579 region_rec_diffs(2,268)        -1.3036967     -3     3    3.6536528e-05
580 region_rec_diffs(2,269)        -2.9999792     -3     3    7.3725923e-06   *************
581 region_rec_diffs(2,270)        -0.50905634     -3     3    -0.00021935988
582 region_rec_diffs(2,271)        -0.69460828     -3     3    -0.00015007902
583 region_rec_diffs(2,272)        -1.9813185     -3     3    -0.00011075159
584 region_rec_diffs(2,273)        0.93442511     -3     3    9.1461636e-05
585 region_rec_diffs(2,274)        0.33460267     -3     3    0.00014133542
586 region_rec_diffs(2,275)        1.5792942     -3     3    0.00014279447
587 region_rec_diffs(2,276)        0.75662691     -3     3    5.4689144e-05
588 region_rec_diffs(2,277)        -1.366109     -3     3    1.9467103e-05
589 region_rec_diffs(2,278)        -0.023896599     -3     3    8.5825573e-05
590 region_rec_diffs(2,279)        1.2203883     -3     3    -0.00018085701
591 region_rec_diffs(3,1)        0     -3     3    -2.6370329e-19
592 region_rec_diffs(3,2)        -0.00053948166     -3     3    1.2159198e-07
593 region_rec_diffs(3,3)        -0.0011374544     -3     3    1.9251527e-07
594 region_rec_diffs(3,4)        -0.0047649704     -3     3    -1.11184e-07
595 region_rec_diffs(3,5)        2.0841894     -3     3    1.176626e-05
596 region_rec_diffs(3,6)        -0.00068667841     -3     3    -9.2036273e-07
597 region_rec_diffs(3,7)        -0.00017479136     -3     3    -1.1241095e-06
598 region_rec_diffs(3,8)        -0.00014647049     -3     3    -7.2630173e-07
599 region_rec_diffs(3,9)        -0.00037991123     -3     3    -7.9449264e-07
600 region_rec_diffs(3,10)        -0.0011346752     -3     3    -4.9493702e-07
601 region_rec_diffs(3,11)        -0.00017206548     -3     3    -1.3453487e-06
602 region_rec_diffs(3,12)        -7.7181184e-05     -3     3    -4.2163573e-07
603 region_rec_diffs(3,13)        -0.00083233435     -3     3    -2.0693115e-07
604 region_rec_diffs(3,14)        -0.00011128439     -3     3    4.5817099e-08
605 region_rec_diffs(3,15)        1.9566919e-05     -3     3    1.6499065e-07
606 region_rec_diffs(3,16)        1.4568211e-05     -3     3    7.6154263e-08
607 region_rec_diffs(3,17)        -0.00019870443     -3     3    -6.9551464e-07
608 region_rec_diffs(3,18)        -0.00042451264     -3     3    -1.1608382e-06
609 region_rec_diffs(3,19)        -8.4469566e-05     -3     3    -5.8507741e-07
610 region_rec_diffs(3,20)        -1.8660936e-05     -3     3    -4.3276587e-09
611 region_rec_diffs(3,21)        -0.00010873235     -3     3    -1.0845695e-07
612 region_rec_diffs(3,22)        -0.00039498892     -3     3    -1.9374757e-06
613 region_rec_diffs(3,23)        -0.00018916087     -3     3    -1.3812744e-06
614 region_rec_diffs(3,24)        -0.00015251036     -3     3    -5.3119415e-07
615 region_rec_diffs(3,25)        -0.000256996     -3     3    -1.0687962e-06
616 region_rec_diffs(3,26)        -0.00042048333     -3     3    -1.9971009e-06
617 region_rec_diffs(3,27)        -8.0563348e-05     -3     3    -6.5190618e-07
618 region_rec_diffs(3,28)        -0.00032720934     -3     3    -5.3905329e-07
619 region_rec_diffs(3,29)        8.7198428e-06     -3     3    1.9699841e-07
620 region_rec_diffs(3,30)        2.9090362e-05     -3     3    1.7128292e-07
621 region_rec_diffs(3,31)        3.3560328e-05     -3     3    1.9588415e-07
622 region_rec_diffs(3,32)        4.3555766e-05     -3     3    1.4290487e-07
623 region_rec_diffs(3,33)        -4.6330736e-05     -3     3    -7.1523183e-09
624 region_rec_diffs(3,34)        -0.00017272163     -3     3    -1.5478205e-07
625 region_rec_diffs(3,35)        6.9121767e-06     -3     3    1.8815346e-07
626 region_rec_diffs(3,36)        -0.00053111068     -3     3    -4.015159e-06
627 region_rec_diffs(3,37)        -2.3107012e-05     -3     3    1.6319459e-07
628 region_rec_diffs(3,38)        3.8785785e-05     -3     3    1.5961495e-07
629 region_rec_diffs(3,39)        2.706188e-05     -3     3    1.8674425e-07
630 region_rec_diffs(3,40)        2.7324844e-05     -3     3    3.8176118e-09
631 region_rec_diffs(3,41)        -0.00031168776     -3     3    -3.596113e-06
632 region_rec_diffs(3,42)        -8.4817215e-05     -3     3    1.2207803e-07
633 region_rec_diffs(3,43)        6.5340836e-06     -3     3    4.4104932e-08
634 region_rec_diffs(3,44)        -6.5865732e-05     -3     3    -1.8406395e-07
635 region_rec_diffs(3,45)        -0.00037034639     -3     3    -7.5740041e-07
636 region_rec_diffs(3,46)        -1.9249935e-05     -3     3    -4.8565623e-09
637 region_rec_diffs(3,47)        1.3709725e-05     -3     3    1.6462437e-07
638 region_rec_diffs(3,48)        0.00018540602     -3     3    7.3525033e-08
639 region_rec_diffs(3,49)        -6.3473225e-05     -3     3    -1.7134027e-06
640 region_rec_diffs(3,50)        1.5089272e-05     -3     3    7.7183394e-08
641 region_rec_diffs(3,51)        -0.00053709198     -3     3    -3.258569e-07
642 region_rec_diffs(3,52)        -0.0001115353     -3     3    1.357742e-07
643 region_rec_diffs(3,53)        0.00019113865     -3     3    -6.1543119e-07
644 region_rec_diffs(3,54)        0.00011979136     -3     3    6.1493927e-07
645 region_rec_diffs(3,55)        2.265797e-05     -3     3    3.2349619e-08
646 region_rec_diffs(3,56)        -4.7172594e-05     -3     3    1.8511591e-07
647 region_rec_diffs(3,57)        -0.00020443252     -3     3    -2.8624173e-06
648 region_rec_diffs(3,58)        0.00014730407     -3     3    1.0490601e-07
649 region_rec_diffs(3,59)        3.2451454e-05     -3     3    1.6999201e-07
650 region_rec_diffs(3,60)        -0.00024751888     -3     3    4.864639e-08
651 region_rec_diffs(3,61)        -0.00067602651     -3     3    -5.6956667e-07
652 region_rec_diffs(3,62)        -9.0659623e-07     -3     3    8.0336284e-08
653 region_rec_diffs(3,63)        -9.005689e-05     -3     3    -1.1739867e-07
654 region_rec_diffs(3,64)        1.6244623e-05     -3     3    7.0543754e-08
655 region_rec_diffs(3,65)        0.00040526995     -3     3    -1.2227448e-08
656 region_rec_diffs(3,66)        -0.00011034581     -3     3    -1.4341036e-06
657 region_rec_diffs(3,67)        1.8904702e-05     -3     3    1.7823188e-07
658 region_rec_diffs(3,68)        3.6251511e-06     -3     3    1.9815249e-07
659 region_rec_diffs(3,69)        9.5162663e-05     -3     3    -1.8020862e-07
660 region_rec_diffs(3,70)        -0.00016774751     -3     3    -1.7463139e-06
661 region_rec_diffs(3,71)        -8.2470572e-05     -3     3    -3.7003534e-07
662 region_rec_diffs(3,72)        -0.0001114844     -3     3    1.6088186e-07
663 region_rec_diffs(3,73)        4.9305717e-05     -3     3    1.8435498e-07
664 region_rec_diffs(3,74)        -0.00012376248     -3     3    -7.3738934e-08
665 region_rec_diffs(3,75)        -2.6246295e-05     -3     3    -3.4025196e-07
666 region_rec_diffs(3,76)        -2.9838801e-05     -3     3    1.5487475e-07
667 region_rec_diffs(3,77)        4.4855458e-05     -3     3    1.9396606e-07
668 region_rec_diffs(3,78)        -1.4620518e-05     -3     3    1.6015979e-07
669 region_rec_diffs(3,79)        -9.873331e-05     -3     3    -2.4934195e-07
670 region_rec_diffs(3,80)        6.240487e-05     -3     3    -8.7803425e-08
671 region_rec_diffs(3,81)        -4.9475903e-05     -3     3    -6.7414872e-07
672 region_rec_diffs(3,82)        -0.00010526919     -3     3    -1.1834408e-06
673 region_rec_diffs(3,83)        0.00017452151     -3     3    1.9373601e-07
674 region_rec_diffs(3,84)        -0.00022132075     -3     3    -6.6119087e-07
675 region_rec_diffs(3,85)        -0.00031008181     -3     3    -3.6355414e-06
676 region_rec_diffs(3,86)        4.5091801e-05     -3     3    2.0354123e-07
677 region_rec_diffs(3,87)        -0.00018311324     -3     3    -3.3134042e-07
678 region_rec_diffs(3,88)        -3.399852e-05     -3     3    9.8247639e-08
679 region_rec_diffs(3,89)        4.8935077e-05     -3     3    9.9934018e-09
680 region_rec_diffs(3,90)        -5.1845447e-05     -3     3    -8.6785846e-07
681 region_rec_diffs(3,91)        -6.8144322e-05     -3     3    9.2833496e-08
682 region_rec_diffs(3,92)        -0.00029126931     -3     3    -3.8935128e-07
683 region_rec_diffs(3,93)        0.00038351654     -3     3    4.1934264e-06
684 region_rec_diffs(3,94)        0.0010213956     -3     3    1.9195562e-08
685 region_rec_diffs(3,95)        0.00013955136     -3     3    1.6879306e-07
686 region_rec_diffs(3,96)        4.200009e-05     -3     3    2.1778986e-07
687 region_rec_diffs(3,97)        -2.5900373e-05     -3     3    1.9416096e-07
688 region_rec_diffs(3,98)        0.00045567408     -3     3    4.8916478e-06
689 region_rec_diffs(3,99)        0.00029801638     -3     3    2.0856821e-07
690 region_rec_diffs(3,100)        2.502674e-05     -3     3    1.1162294e-07
691 region_rec_diffs(3,101)        0.00023083905     -3     3    2.1934557e-07
692 region_rec_diffs(3,102)        3.1936069e-05     -3     3    9.2417254e-08
693 region_rec_diffs(3,103)        -0.00022661977     -3     3    -2.0383285e-06
694 region_rec_diffs(3,104)        0.00051864946     -3     3    2.3381829e-07
695 region_rec_diffs(3,105)        1.3635168e-05     -3     3    1.2349313e-07
696 region_rec_diffs(3,106)        2.070984e-05     -3     3    1.9605131e-07
697 region_rec_diffs(3,107)        -4.0687591e-06     -3     3    -5.2205243e-08
698 region_rec_diffs(3,108)        -0.00027694727     -3     3    -4.2136711e-06
699 region_rec_diffs(3,109)        9.2372809e-05     -3     3    -2.7624037e-07
700 region_rec_diffs(3,110)        2.3472012e-05     -3     3    7.651238e-08
701 region_rec_diffs(3,111)        1.3194787e-05     -3     3    1.4987204e-08
702 region_rec_diffs(3,112)        0.00019648119     -3     3    -7.4377057e-08
703 region_rec_diffs(3,113)        1.2883086e-05     -3     3    -1.4709262e-06
704 region_rec_diffs(3,114)        6.8893487e-06     -3     3    4.3093782e-08
705 region_rec_diffs(3,115)        4.6875152e-05     -3     3    1.7255959e-07
706 region_rec_diffs(3,116)        0.00077580964     -3     3    3.6622137e-06
707 region_rec_diffs(3,117)        0.00015358925     -3     3    -1.4458531e-08
708 region_rec_diffs(3,118)        5.3001955e-05     -3     3    2.1363982e-07
709 region_rec_diffs(3,119)        -1.9606721e-06     -3     3    1.8860243e-07
710 region_rec_diffs(3,120)        0.00017097878     -3     3    1.6980308e-07
711 region_rec_diffs(3,121)        -0.00028093456     -3     3    -9.0500461e-07
712 region_rec_diffs(3,122)        -0.00018780716     -3     3    1.0886662e-07
713 region_rec_diffs(3,123)        -0.00054413745     -3     3    -3.6373441e-06
714 region_rec_diffs(3,124)        -0.00029317212     -3     3    -8.1513374e-08
715 region_rec_diffs(3,125)        8.6168581e-05     -3     3    1.9919338e-07
716 region_rec_diffs(3,126)        -9.6914335e-05     -3     3    -1.4930831e-06
717 region_rec_diffs(3,127)        -5.1615975e-05     -3     3    1.6704995e-07
718 region_rec_diffs(3,128)        -0.00023506439     -3     3    -4.8005918e-07
719 region_rec_diffs(3,129)        -4.0050428e-05     -3     3    -4.184997e-07
720 region_rec_diffs(3,130)        7.0062789e-05     -3     3    1.859543e-07
721 region_rec_diffs(3,131)        4.977943e-05     -3     3    -1.0864381e-06
722 region_rec_diffs(3,132)        0.00013572534     -3     3    1.6098498e-07
723 region_rec_diffs(3,133)        0.00020565086     -3     3    -1.2772577e-07
724 region_rec_diffs(3,134)        -6.758322e-05     -3     3    5.3872107e-08
725 region_rec_diffs(3,135)        -6.6799691e-05     -3     3    3.4350465e-08
726 region_rec_diffs(3,136)        -0.00064568832     -3     3    -7.0482154e-08
727 region_rec_diffs(3,137)        -0.00028848072     -3     3    1.8710751e-07
728 region_rec_diffs(3,138)        -5.3437587e-06     -3     3    2.0053858e-07
729 region_rec_diffs(3,139)        -0.00011787615     -3     3    -2.0470376e-07
730 region_rec_diffs(3,140)        -0.0011207201     -3     3    7.1158351e-08
731 region_rec_diffs(3,141)        -0.0011462898     -3     3    -4.3629182e-07
732 region_rec_diffs(3,142)        -3.2363541e-05     -3     3    1.3112442e-07
733 region_rec_diffs(3,143)        -0.00010109182     -3     3    -1.4810579e-07
734 region_rec_diffs(3,144)        -4.5369803e-05     -3     3    1.73386e-07
735 region_rec_diffs(3,145)        0.0012409029     -3     3    -1.5568245e-07
736 region_rec_diffs(3,146)        7.6447922e-05     -3     3    2.0677367e-07
737 region_rec_diffs(3,147)        -0.00057256626     -3     3    1.0643832e-07
738 region_rec_diffs(3,148)        -0.017060492     -3     3    -2.4445959e-06
739 region_rec_diffs(3,149)        -0.0011613165     -3     3    -1.2481309e-07
740 region_rec_diffs(3,150)        -1.1616502e-05     -3     3    2.0857045e-07
741 region_rec_diffs(3,151)        0.00037173681     -3     3    -9.0751301e-08
742 region_rec_diffs(3,152)        -0.0039069038     -3     3    -1.2258053e-07
743 region_rec_diffs(3,153)        -0.023702879     -3     3    3.3675795e-05
744 region_rec_diffs(3,154)        0.002015269     -3     3    1.3665168e-05
745 region_rec_diffs(3,155)        -0.0034514561     -3     3    1.2501553e-06
746 region_rec_diffs(3,156)        -0.020115555     -3     3    4.7527949e-06
747 region_rec_diffs(3,157)        -0.00011362127     -3     3    1.9917647e-07
748 region_rec_diffs(3,158)        0.00051357026     -3     3    1.8592849e-07
749 region_rec_diffs(3,159)        -0.0018146965     -3     3    -3.2838808e-07
750 region_rec_diffs(3,160)        -0.003472209     -3     3    -3.8141945e-07
751 region_rec_diffs(3,161)        -0.012990526     -3     3    -1.6129584e-07
752 region_rec_diffs(3,162)        -0.0015569265     -3     3    -8.0485099e-08
753 region_rec_diffs(3,163)        -0.023929552     -3     3    6.328295e-06
754 region_rec_diffs(3,164)        -0.074028594     -3     3    8.1678306e-07
755 region_rec_diffs(3,165)        -0.0048774789     -3     3    -4.3541782e-07
756 region_rec_diffs(3,166)        0.00066685828     -3     3    6.2121928e-06
757 region_rec_diffs(3,167)        -0.014044911     -3     3    -5.7164335e-07
758 region_rec_diffs(3,168)        -0.0071616018     -3     3    3.8314412e-06
759 region_rec_diffs(3,169)        -0.034893813     -3     3    -4.7999577e-08
760 region_rec_diffs(3,170)        -4.6812956e-05     -3     3    1.9342706e-07
761 region_rec_diffs(3,171)        0.0064161058     -3     3    2.1091319e-07
762 region_rec_diffs(3,172)        -0.0067111744     -3     3    -7.1613072e-07
763 region_rec_diffs(3,173)        -0.00076722179     -3     3    -3.5042126e-07
764 region_rec_diffs(3,174)        -0.0010731041     -3     3    4.551111e-07
765 region_rec_diffs(3,175)        0.00060118369     -3     3    8.5807086e-08
766 region_rec_diffs(3,176)        9.6062735e-05     -3     3    3.332494e-08
767 region_rec_diffs(3,177)        0.019113075     -3     3    1.1581828e-06
768 region_rec_diffs(3,178)        -0.048921776     -3     3    5.7829199e-06
769 region_rec_diffs(3,179)        -0.0017285309     -3     3    9.5497423e-05
770 region_rec_diffs(3,180)        -0.065369648     -3     3    -1.5458138e-06
771 region_rec_diffs(3,181)        -0.012370759     -3     3    -3.9196496e-07
772 region_rec_diffs(3,182)        -0.0040569003     -3     3    -3.0035564e-07
773 region_rec_diffs(3,183)        4.0137963e-05     -3     3    1.1193754e-07
774 region_rec_diffs(3,184)        0.00029901732     -3     3    3.0199413e-06
775 region_rec_diffs(3,185)        -0.0039569831     -3     3    -2.302365e-06
776 region_rec_diffs(3,186)        -0.014504319     -3     3    -5.2368274e-07
777 region_rec_diffs(3,187)        -0.0092407004     -3     3    5.4128879e-06
778 region_rec_diffs(3,188)        -0.0074982147     -3     3    4.2533242e-06
779 region_rec_diffs(3,189)        -0.0010800579     -3     3    6.6023999e-08
780 region_rec_diffs(3,190)        -0.0012961471     -3     3    2.6230375e-07
781 region_rec_diffs(3,191)        -0.015229387     -3     3    2.0358924e-07
782 region_rec_diffs(3,192)        -0.0085666873     -3     3    -6.4893018e-08
783 region_rec_diffs(3,193)        -0.087911677     -3     3    1.6553864e-07
784 region_rec_diffs(3,194)        -0.015905946     -3     3    -5.7370751e-07
785 region_rec_diffs(3,195)        -0.028531526     -3     3    -4.6992277e-07
786 region_rec_diffs(3,196)        -0.0073204582     -3     3    -2.1072808e-07
787 region_rec_diffs(3,197)        -0.0044603262     -3     3    -1.9842492e-07
788 region_rec_diffs(3,198)        -0.0026368089     -3     3    -4.469055e-07
789 region_rec_diffs(3,199)        0.00099404419     -3     3    -9.4352113e-08
790 region_rec_diffs(3,200)        -0.014990806     -3     3    -8.9226911e-07
791 region_rec_diffs(3,201)        -0.031929725     -3     3    -1.4360314e-07
792 region_rec_diffs(3,202)        -0.0099602471     -3     3    -2.2146372e-07
793 region_rec_diffs(3,203)        -0.0076879327     -3     3    4.6819392e-06
794 region_rec_diffs(3,204)        -0.0053310721     -3     3    -2.9980566e-07
795 region_rec_diffs(3,205)        0.0002628067     -3     3    -7.0494821e-07
796 region_rec_diffs(3,206)        0.00037429404     -3     3    3.0937978e-08
797 region_rec_diffs(3,207)        -0.0017146403     -3     3    -2.6500079e-07
798 region_rec_diffs(3,208)        0.00040089903     -3     3    -1.7958191e-07
799 region_rec_diffs(3,209)        -0.0059878929     -3     3    -2.5167496e-07
800 region_rec_diffs(3,210)        -0.041781576     -3     3    1.0725253e-06
801 region_rec_diffs(3,211)        -0.085103434     -3     3    -4.8005625e-07
802 region_rec_diffs(3,212)        -0.021244965     -3     3    -1.5793465e-07
803 region_rec_diffs(3,213)        -0.003398064     -3     3    -3.6655502e-09
804 region_rec_diffs(3,214)        -0.00031116949     -3     3    2.2650887e-07
805 region_rec_diffs(3,215)        -0.0024328929     -3     3    1.2638426e-06
806 region_rec_diffs(3,216)        -0.017753003     -3     3    -3.3886516e-07
807 region_rec_diffs(3,217)        -0.018600214     -3     3    1.82507e-05
808 region_rec_diffs(3,218)        -0.0079109922     -3     3    -6.3013983e-07
809 region_rec_diffs(3,219)        -0.0061868666     -3     3    -3.8564085e-07
810 region_rec_diffs(3,220)        -0.012501013     -3     3    -3.4332357e-06
811 region_rec_diffs(3,221)        -0.031122961     -3     3    -2.1544403e-07
812 region_rec_diffs(3,222)        -0.023947054     -3     3    -1.0491192e-06
813 region_rec_diffs(3,223)        -0.05471647     -3     3    -4.6162828e-07
814 region_rec_diffs(3,224)        -0.01110313     -3     3    -4.8822666e-06
815 region_rec_diffs(3,225)        -0.011258301     -3     3    -7.7336287e-07
816 region_rec_diffs(3,226)        -0.0092750317     -3     3    -3.3829926e-07
817 region_rec_diffs(3,227)        -0.0047615782     -3     3    -8.2064404e-07
818 region_rec_diffs(3,228)        -0.022758771     -3     3    3.6767842e-06
819 region_rec_diffs(3,229)        -0.011107535     -3     3    -1.6100374e-07
820 region_rec_diffs(3,230)        -0.0070340028     -3     3    5.3914377e-05
821 region_rec_diffs(3,231)        -0.023002197     -3     3    2.7364476e-07
822 region_rec_diffs(3,232)        -0.013363734     -3     3    2.3541547e-06
823 region_rec_diffs(3,233)        -0.014915744     -3     3    4.4846125e-06
824 region_rec_diffs(3,234)        -0.0042582807     -3     3    2.8542044e-06
825 region_rec_diffs(3,235)        0.00041168406     -3     3    2.4403999e-06
826 region_rec_diffs(3,236)        -0.054398027     -3     3    -1.6821002e-05
827 region_rec_diffs(3,237)        -0.037243657     -3     3    6.9049787e-06
828 region_rec_diffs(3,238)        -0.014746342     -3     3    4.5881821e-06
829 region_rec_diffs(3,239)        -0.010080888     -3     3    4.347581e-05
830 region_rec_diffs(3,240)        -0.064518931     -3     3    -1.340817e-05
831 region_rec_diffs(3,241)        -0.05762411     -3     3    2.886726e-06
832 region_rec_diffs(3,242)        -0.03494781     -3     3    3.8433267e-06
833 region_rec_diffs(3,243)        -0.032763596     -3     3    -5.0125733e-06
834 region_rec_diffs(3,244)        -0.037676867     -3     3    7.1150596e-06
835 region_rec_diffs(3,245)        -0.035557961     -3     3    2.4243984e-06
836 region_rec_diffs(3,246)        -0.027767534     -3     3    1.6009068e-06
837 region_rec_diffs(3,247)        0.0039433974     -3     3    4.496677e-07
838 region_rec_diffs(3,248)        -0.033576402     -3     3    3.4859443e-07
839 region_rec_diffs(3,249)        -0.011690892     -3     3    -3.263946e-07
840 region_rec_diffs(3,250)        -0.0002367902     -3     3    2.4233964e-07
841 region_rec_diffs(3,251)        -0.0015732897     -3     3    -4.8112403e-08
842 region_rec_diffs(3,252)        -0.036913099     -3     3    -1.1683965e-06
843 region_rec_diffs(3,253)        0.0039287174     -3     3    -6.8434924e-07
844 region_rec_diffs(3,254)        -0.00026414395     -3     3    -4.2441671e-07
845 region_rec_diffs(3,255)        -0.0048161281     -3     3    2.195393e-07
846 region_rec_diffs(3,256)        -0.11677182     -3     3    2.0381913e-06
847 region_rec_diffs(3,257)        -0.03468036     -3     3    3.5325056e-06
848 region_rec_diffs(3,258)        -0.014137226     -3     3    -1.0251905e-06
849 region_rec_diffs(3,259)        -0.0073234047     -3     3    3.0215895e-06
850 region_rec_diffs(3,260)        -0.038849595     -3     3    -2.098527e-05
851 region_rec_diffs(3,261)        -0.022234486     -3     3    -3.9601936e-07
852 region_rec_diffs(3,262)        0.00018894105     -3     3    -7.8673999e-07
853 region_rec_diffs(3,263)        -0.0033620294     -3     3    1.6886202e-06
854 region_rec_diffs(3,264)        -0.01644953     -3     3    -1.1378703e-06
855 region_rec_diffs(3,265)        0.0010390607     -3     3    -1.5035886e-06
856 region_rec_diffs(3,266)        -0.005532442     -3     3    -2.1654068e-07
857 region_rec_diffs(3,267)        -0.0021038726     -3     3    -1.0452519e-07
858 region_rec_diffs(3,268)        -0.013627602     -3     3    -3.5815861e-07
859 region_rec_diffs(3,269)        -0.0055651924     -3     3    -7.7975117e-07
860 region_rec_diffs(3,270)        -0.0023560163     -3     3    -2.2474956e-06
861 region_rec_diffs(3,271)        -0.0078973217     -3     3    9.6490657e-08
862 region_rec_diffs(3,272)        -0.071760259     -3     3    1.1529904e-06
863 region_rec_diffs(3,273)        -0.022114928     -3     3    -1.2225467e-07
864 region_rec_diffs(3,274)        -0.067105084     -3     3    6.9616109e-06
865 region_rec_diffs(3,275)        0.00026880396     -3     3    3.7159213e-07
866 region_rec_diffs(3,276)        0.00083084173     -3     3    2.9765302e-06
867 region_rec_diffs(3,277)        0.0012425484     -3     3    1.5191519e-06
868 region_rec_diffs(3,278)        -0.0019745276     -3     3    -7.0888578e-08
869 region_rec_diffs(3,279)        -0.0015550277     -3     3    -2.0697808e-07
870 region_rec_diffs(4,1)        -4.4408921e-16     -3     3    -1.7993157e-15
871 region_rec_diffs(4,2)        0.0988265     -3     3    -0.00014985352
872 region_rec_diffs(4,3)        -0.031843872     -3     3    -0.00014045377
873 region_rec_diffs(4,4)        0.05150154     -3     3    -0.00014826675
874 region_rec_diffs(4,5)        0.026084119     -3     3    -0.00016871158
875 region_rec_diffs(4,6)        -0.67097133     -3     3    -6.030633e-05
876 region_rec_diffs(4,7)        -0.0077202503     -3     3    7.085515e-06
877 region_rec_diffs(4,8)        -0.057069294     -3     3    8.9947318e-05
878 region_rec_diffs(4,9)        -0.35593491     -3     3    -1.5734786e-05
879 region_rec_diffs(4,10)        -0.96156824     -3     3    -2.1418272e-05
880 region_rec_diffs(4,11)        -0.011601244     -3     3    5.069577e-06
881 region_rec_diffs(4,12)        -0.016935399     -3     3    3.7309348e-05
882 region_rec_diffs(4,13)        0.7508253     -3     3    0.00019208563
883 region_rec_diffs(4,14)        1.1613429     -3     3    -0.00014325228
884 region_rec_diffs(4,15)        0.16356179     -3     3    1.0457504e-05
885 region_rec_diffs(4,16)        0.16675535     -3     3    2.1572323e-05
886 region_rec_diffs(4,17)        0.8546381     -3     3    4.886431e-05
887 region_rec_diffs(4,18)        -0.43015604     -3     3    -5.318454e-05
888 region_rec_diffs(4,19)        0.014190403     -3     3    1.9910023e-06
889 region_rec_diffs(4,20)        0.057798905     -3     3    2.0155125e-05
890 region_rec_diffs(4,21)        0.71823301     -3     3    -9.2315109e-05
891 region_rec_diffs(4,22)        -0.26568668     -3     3    2.8446026e-06
892 region_rec_diffs(4,23)        0.031112818     -3     3    4.4382945e-06
893 region_rec_diffs(4,24)        0.16500091     -3     3    2.5608122e-05
894 region_rec_diffs(4,25)        -0.15366689     -3     3    2.5844876e-05
895 region_rec_diffs(4,26)        -0.75053469     -3     3    3.3116479e-05
896 region_rec_diffs(4,27)        -0.061009406     -3     3    4.5737346e-06
897 region_rec_diffs(4,28)        0.89150834     -3     3    -0.00012696505
898 region_rec_diffs(4,29)        0.34786348     -3     3    8.8164424e-05
899 region_rec_diffs(4,30)        0.40148734     -3     3    -0.0001163419
900 region_rec_diffs(4,31)        0.18890127     -3     3    -1.0356032e-05
901 region_rec_diffs(4,32)        0.66974981     -3     3    9.931285e-05
902 region_rec_diffs(4,33)        1.4744831     -3     3    -3.5819615e-05
903 region_rec_diffs(4,34)        -0.10658766     -3     3    8.3948058e-05
904 region_rec_diffs(4,35)        -0.024463328     -3     3    2.7396358e-06
905 region_rec_diffs(4,36)        -0.27219231     -3     3    1.2723635e-05
906 region_rec_diffs(4,37)        0.84224375     -3     3    4.6783031e-05
907 region_rec_diffs(4,38)        0.45734796     -3     3    1.2883233e-05
908 region_rec_diffs(4,39)        0.13056745     -3     3    4.6070193e-06
909 region_rec_diffs(4,40)        0.39643158     -3     3    -9.1838847e-06
910 region_rec_diffs(4,41)        0.48951441     -3     3    -0.00017109414
911 region_rec_diffs(4,42)        -0.49050622     -3     3    -3.7569059e-05
912 region_rec_diffs(4,43)        0.042279688     -3     3    -2.0387277e-08
913 region_rec_diffs(4,44)        1.1661986     -3     3    0.00010463951
914 region_rec_diffs(4,45)        0.61016211     -3     3    3.826716e-05
915 region_rec_diffs(4,46)        0.038674645     -3     3    2.0088732e-06
916 region_rec_diffs(4,47)        0.096269742     -3     3    -2.4804341e-06
917 region_rec_diffs(4,48)        0.79329354     -3     3    -3.194301e-05
918 region_rec_diffs(4,49)        0.3215462     -3     3    0.00017687351
919 region_rec_diffs(4,50)        0.17162548     -3     3    1.4924547e-05
920 region_rec_diffs(4,51)        -0.80232704     -3     3    2.2170958e-05
921 region_rec_diffs(4,52)        -0.34702998     -3     3    -4.6738575e-06
922 region_rec_diffs(4,53)        1.4069723     -3     3    0.00020284026
923 region_rec_diffs(4,54)        1.4521346     -3     3    -6.867679e-05
924 region_rec_diffs(4,55)        0.53449823     -3     3    3.6976683e-05
925 region_rec_diffs(4,56)        1.1489037     -3     3    -0.00010910515
926 region_rec_diffs(4,57)        1.1241118     -3     3    -1.5461584e-05
927 region_rec_diffs(4,58)        -0.11369466     -3     3    -6.866697e-05
928 region_rec_diffs(4,59)        0.20179149     -3     3    -4.5276139e-05
929 region_rec_diffs(4,60)        1.3174317     -3     3    -8.7117689e-05
930 region_rec_diffs(4,61)        -0.95291238     -3     3    2.4454798e-05
931 region_rec_diffs(4,62)        0.076933682     -3     3    -5.1549727e-06
932 region_rec_diffs(4,63)        -0.16573975     -3     3    -7.2788446e-06
933 region_rec_diffs(4,64)        1.1591228     -3     3    2.587448e-05
934 region_rec_diffs(4,65)        -0.13569011     -3     3    -0.00022041306
935 region_rec_diffs(4,66)        0.24986512     -3     3    1.468934e-05
936 region_rec_diffs(4,67)        -0.26328428     -3     3    6.6751608e-06
937 region_rec_diffs(4,68)        -0.90235096     -3     3    2.5046052e-05
938 region_rec_diffs(4,69)        -0.93753667     -3     3    6.3663688e-05
939 region_rec_diffs(4,70)        0.6562112     -3     3    5.8981094e-05
940 region_rec_diffs(4,71)        0.061758528     -3     3    -1.6763348e-05
941 region_rec_diffs(4,72)        0.091346799     -3     3    4.2540905e-05
942 region_rec_diffs(4,73)        0.17718488     -3     3    -7.8287e-05
943 region_rec_diffs(4,74)        -0.027031017     -3     3    -3.8832474e-05
944 region_rec_diffs(4,75)        0.36971198     -3     3    3.3905413e-06
945 region_rec_diffs(4,76)        1.3490376     -3     3    -0.00023260156
946 region_rec_diffs(4,77)        -0.51658846     -3     3    2.2481499e-05
947 region_rec_diffs(4,78)        -0.22371043     -3     3    1.0458648e-05
948 region_rec_diffs(4,79)        -0.17191604     -3     3    1.6879605e-05
949 region_rec_diffs(4,80)        -1.0425286     -3     3    3.9823549e-05
950 region_rec_diffs(4,81)        -0.15425106     -3     3    2.8310456e-05
951 region_rec_diffs(4,82)        0.062810466     -3     3    4.4375288e-06
952 region_rec_diffs(4,83)        -0.1972836     -3     3    -8.3102121e-05
953 region_rec_diffs(4,84)        0.50471859     -3     3    -3.1489831e-05
954 region_rec_diffs(4,85)        1.3210784     -3     3    5.1150643e-05
955 region_rec_diffs(4,86)        0.22786586     -3     3    1.5711629e-05
956 region_rec_diffs(4,87)        0.4723055     -3     3    -5.6205187e-05
957 region_rec_diffs(4,88)        1.5809476     -3     3    6.847853e-05
958 region_rec_diffs(4,89)        0.57166495     -3     3    0.00016676303
959 region_rec_diffs(4,90)        0.452296     -3     3    -3.6625421e-05
960 region_rec_diffs(4,91)        -0.12815881     -3     3    1.5558239e-06
961 region_rec_diffs(4,92)        0.17180665     -3     3    -4.6949578e-05
962 region_rec_diffs(4,93)        -0.059834207     -3     3    5.6515613e-06
963 region_rec_diffs(4,94)        -0.20313961     -3     3    5.2340868e-05
964 region_rec_diffs(4,95)        1.3358829     -3     3    0.0002607854
965 region_rec_diffs(4,96)        0.66396926     -3     3    0.00011863361
966 region_rec_diffs(4,97)        -0.14479009     -3     3    2.9521745e-05
967 region_rec_diffs(4,98)        -0.15890478     -3     3    3.0740989e-05
968 region_rec_diffs(4,99)        0.098817142     -3     3    4.9379119e-05
969 region_rec_diffs(4,100)        -0.26145676     -3     3    4.4852901e-05
970 region_rec_diffs(4,101)        -0.17173975     -3     3    4.2700872e-05
971 region_rec_diffs(4,102)        0.19830725     -3     3    1.7361883e-05
972 region_rec_diffs(4,103)        1.536448     -3     3    9.4166486e-05
973 region_rec_diffs(4,104)        0.22362029     -3     3    0.00013482984
974 region_rec_diffs(4,105)        0.014600166     -3     3    -1.2162766e-05
975 region_rec_diffs(4,106)        0.011205999     -3     3    -3.9964443e-06
976 region_rec_diffs(4,107)        0.030067375     -3     3    -2.5526042e-05
977 region_rec_diffs(4,108)        -0.41977386     -3     3    -1.9846687e-05
978 region_rec_diffs(4,109)        0.44314152     -3     3    3.8334652e-05
979 region_rec_diffs(4,110)        0.11596217     -3     3    -1.8332073e-06
980 region_rec_diffs(4,111)        0.08938264     -3     3    0.00012032512
981 region_rec_diffs(4,112)        -0.93399674     -3     3    -4.9588043e-05
982 region_rec_diffs(4,113)        1.108772     -3     3    -0.00014793415
983 region_rec_diffs(4,114)        -0.040800022     -3     3    2.3244567e-05
984 region_rec_diffs(4,115)        0.15946144     -3     3    -8.1710369e-05
985 region_rec_diffs(4,116)        0.41076328     -3     3    -1.5556779e-05
986 region_rec_diffs(4,117)        0.12716401     -3     3    5.9389331e-05
987 region_rec_diffs(4,118)        0.71822872     -3     3    0.00023631095
988 region_rec_diffs(4,119)        0.31253102     -3     3    -9.1776742e-05
989 region_rec_diffs(4,120)        0.17491912     -3     3    -0.00011141677
990 region_rec_diffs(4,121)        -0.53779051     -3     3    -7.9389368e-05
991 region_rec_diffs(4,122)        -0.59910217     -3     3    -3.8620467e-06
992 region_rec_diffs(4,123)        -0.26169497     -3     3    -5.1375e-05
993 region_rec_diffs(4,124)        0.9690733     -3     3    5.5827128e-05
994 region_rec_diffs(4,125)        0.79352667     -3     3    -5.3097413e-05
995 region_rec_diffs(4,126)        0.42198059     -3     3    0.00019780176
996 region_rec_diffs(4,127)        -0.052216253     -3     3    1.6129915e-05
997 region_rec_diffs(4,128)        -0.2822229     -3     3    0.000138047
998 region_rec_diffs(4,129)        0.63950889     -3     3    9.5206185e-05
999 region_rec_diffs(4,130)        1.2615037     -3     3    -0.00015397117
1000 region_rec_diffs(4,131)        0.71621553     -3     3    0.00014940002
1001 region_rec_diffs(4,132)        0.24392833     -3     3    0.00010603571
1002 region_rec_diffs(4,133)        -1.0546396     -3     3    -2.8994706e-05
1003 region_rec_diffs(4,134)        -0.4200922     -3     3    8.0831249e-06
1004 region_rec_diffs(4,135)        -0.49766771     -3     3    -1.7897855e-05
1005 region_rec_diffs(4,136)        -0.85877508     -3     3    -2.635349e-06
1006 region_rec_diffs(4,137)        1.4716518     -3     3    -8.4786027e-05
1007 region_rec_diffs(4,138)        0.52806716     -3     3    5.1381401e-05
1008 region_rec_diffs(4,139)        -0.072275359     -3     3    -8.0827572e-05
1009 region_rec_diffs(4,140)        -2.0798623     -3     3    -5.3036788e-07
1010 region_rec_diffs(4,141)        -1.7673377     -3     3    5.5091077e-06
1011 region_rec_diffs(4,142)        -0.24467576     -3     3    -4.8864433e-06
1012 region_rec_diffs(4,143)        -0.26872662     -3     3    2.3989465e-05
1013 region_rec_diffs(4,144)        0.12913733     -3     3    3.3094254e-05
1014 region_rec_diffs(4,145)        -0.33753431     -3     3    0.0001653736
1015 region_rec_diffs(4,146)        0.13266175     -3     3    1.2338812e-05
1016 region_rec_diffs(4,147)        -0.46744844     -3     3    -2.386167e-05
1017 region_rec_diffs(4,148)        0.3367869     -3     3    -0.00028113076
1018 region_rec_diffs(4,149)        -0.59255249     -3     3    1.703177e-05
1019 region_rec_diffs(4,150)        0.09760203     -3     3    -3.3290962e-05
1020 region_rec_diffs(4,151)        -0.51936971     -3     3    -0.00012179717
1021 region_rec_diffs(4,152)        -1.5869755     -3     3    2.0369361e-05
1022 region_rec_diffs(4,153)        -2.2344722     -3     3    3.3168944e-05
1023 region_rec_diffs(4,154)        1.1381503     -3     3    5.4003882e-05
1024 region_rec_diffs(4,155)        1.3832176     -3     3    5.8196195e-05
1025 region_rec_diffs(4,156)        -1.7102975     -3     3    2.1690138e-05
1026 region_rec_diffs(4,157)        0.20215266     -3     3    -4.2789307e-06
1027 region_rec_diffs(4,158)        0.88989002     -3     3    -4.5461071e-05
1028 region_rec_diffs(4,159)        0.56613748     -3     3    -5.3713157e-05
1029 region_rec_diffs(4,160)        1.0472368     -3     3    6.0634318e-05
1030 region_rec_diffs(4,161)        -2.9449699     -3     3    -5.97788e-05
1031 region_rec_diffs(4,162)        -0.98975375     -3     3    -3.029926e-05
1032 region_rec_diffs(4,163)        1.5545878     -3     3    -4.1854582e-05
1033 region_rec_diffs(4,164)        -1.127409     -3     3    -0.00013972682
1034 region_rec_diffs(4,165)        -0.88615471     -3     3    -2.595818e-05
1035 region_rec_diffs(4,166)        -0.33358666     -3     3    -8.1945532e-05
1036 region_rec_diffs(4,167)        1.5269567     -3     3    -0.00037859584
1037 region_rec_diffs(4,168)        -0.24727492     -3     3    -2.8753809e-05
1038 region_rec_diffs(4,169)        -2.1252678     -3     3    2.2173916e-05
1039 region_rec_diffs(4,170)        0.50205489     -3     3    9.7221387e-05
1040 region_rec_diffs(4,171)        1.4745839     -3     3    -9.1274431e-06
1041 region_rec_diffs(4,172)        0.87600301     -3     3    -2.3103997e-05
1042 region_rec_diffs(4,173)        0.0053564674     -3     3    7.28635e-05
1043 region_rec_diffs(4,174)        -0.67186978     -3     3    -7.6428236e-05
1044 region_rec_diffs(4,175)        -1.2116158     -3     3    1.3556532e-05
1045 region_rec_diffs(4,176)        -1.2281611     -3     3    -4.0587789e-05
1046 region_rec_diffs(4,177)        -2.9999996     -3     3    -1.1327261e-07   *************
1047 region_rec_diffs(4,178)        -2.9999997     -3     3    1.6990236e-06   *************
1048 region_rec_diffs(4,179)        1.4663608     -3     3    3.6314145e-05
1049 region_rec_diffs(4,180)        -0.33175738     -3     3    4.6246816e-06
1050 region_rec_diffs(4,181)        -2.069405     -3     3    2.9203182e-05
1051 region_rec_diffs(4,182)        -1.7189215     -3     3    2.4442059e-05
1052 region_rec_diffs(4,183)        -1.2645168     -3     3    1.3166776e-06
1053 region_rec_diffs(4,184)        -1.485019     -3     3    5.0439172e-05
1054 region_rec_diffs(4,185)        -2.2045107     -3     3    1.5876518e-06
1055 region_rec_diffs(4,186)        -1.9023969     -3     3    -5.9808005e-05
1056 region_rec_diffs(4,187)        1.5558344     -3     3    0.0001831176
1057 region_rec_diffs(4,188)        -1.9424773     -3     3    -1.9582506e-05
1058 region_rec_diffs(4,189)        -1.5460623     -3     3    -2.1009687e-05
1059 region_rec_diffs(4,190)        -1.6565685     -3     3    4.4866476e-05
1060 region_rec_diffs(4,191)        -2.1973514     -3     3    -2.2681819e-05
1061 region_rec_diffs(4,192)        0.53758114     -3     3    0.0001286639
1062 region_rec_diffs(4,193)        -1.5930206     -3     3    1.6513754e-05
1063 region_rec_diffs(4,194)        -2.3996481     -3     3    2.0239696e-05
1064 region_rec_diffs(4,195)        1.2607884     -3     3    -3.1395987e-06
1065 region_rec_diffs(4,196)        0.62347621     -3     3    0.00030260757
1066 region_rec_diffs(4,197)        -0.23787164     -3     3    9.3326666e-05
1067 region_rec_diffs(4,198)        -1.7604293     -3     3    -2.4242139e-05
1068 region_rec_diffs(4,199)        1.4141054     -3     3    0.0001135347
1069 region_rec_diffs(4,200)        1.5807127     -3     3    0.00020686325
1070 region_rec_diffs(4,201)        -2.457207     -3     3    3.8574851e-05
1071 region_rec_diffs(4,202)        -2.4417352     -3     3    1.3960287e-06
1072 region_rec_diffs(4,203)        1.2576642     -3     3    0.00011856309
1073 region_rec_diffs(4,204)        1.0255142     -3     3    -0.00016993337
1074 region_rec_diffs(4,205)        -0.65219814     -3     3    2.7042131e-06
1075 region_rec_diffs(4,206)        -1.7166087     -3     3    -3.0007283e-05
1076 region_rec_diffs(4,207)        -1.5813423     -3     3    1.5793881e-06
1077 region_rec_diffs(4,208)        -1.7112753     -3     3    8.6845977e-06
1078 region_rec_diffs(4,209)        -2.1078085     -3     3    1.1961883e-05
1079 region_rec_diffs(4,210)        -2.9999996     -3     3    -7.1190059e-08   *************
1080 region_rec_diffs(4,211)        1.617886     -3     3    -0.00010843938
1081 region_rec_diffs(4,212)        1.4670179     -3     3    7.9700552e-05
1082 region_rec_diffs(4,213)        1.139652     -3     3    -9.1011552e-05
1083 region_rec_diffs(4,214)        -1.0778465     -3     3    0.00011722528
1084 region_rec_diffs(4,215)        0.40483877     -3     3    -1.7473463e-05
1085 region_rec_diffs(4,216)        0.98811204     -3     3    -0.0004143164
1086 region_rec_diffs(4,217)        -0.73191088     -3     3    0.00017070524
1087 region_rec_diffs(4,218)        -1.0314087     -3     3    -8.9688041e-05
1088 region_rec_diffs(4,219)        1.1817746     -3     3    -0.00020330104
1089 region_rec_diffs(4,220)        1.0146679     -3     3    -3.8180545e-05
1090 region_rec_diffs(4,221)        -2.0223966     -3     3    2.1305788e-05
1091 region_rec_diffs(4,222)        -2.8095433     -3     3    3.0406003e-06
1092 region_rec_diffs(4,223)        1.4685904     -3     3    1.2249459e-05
1093 region_rec_diffs(4,224)        0.56103788     -3     3    8.1968888e-05
1094 region_rec_diffs(4,225)        -0.14853298     -3     3    -0.00011709592
1095 region_rec_diffs(4,226)        -2.3684346     -3     3    1.6333635e-05
1096 region_rec_diffs(4,227)        0.050518538     -3     3    2.4059838e-05
1097 region_rec_diffs(4,228)        1.1663506     -3     3    4.3874234e-05
1098 region_rec_diffs(4,229)        -0.10575128     -3     3    6.7062553e-05
1099 region_rec_diffs(4,230)        -2.2040366     -3     3    8.9443597e-05
1100 region_rec_diffs(4,231)        1.3143045     -3     3    7.1449777e-05
1101 region_rec_diffs(4,232)        0.59913658     -3     3    -0.00025444314
1102 region_rec_diffs(4,233)        0.0054342155     -3     3    -0.00050792602
1103 region_rec_diffs(4,234)        -1.2313184     -3     3    2.4990625e-05
1104 region_rec_diffs(4,235)        1.2439407     -3     3    -0.00022657188
1105 region_rec_diffs(4,236)        0.8054495     -3     3    -0.00023965601
1106 region_rec_diffs(4,237)        -0.22670389     -3     3    -0.00012863335
1107 region_rec_diffs(4,238)        -1.5082704     -3     3    5.0601163e-07
1108 region_rec_diffs(4,239)        1.2729112     -3     3    -5.5027056e-05
1109 region_rec_diffs(4,240)        0.89313524     -3     3    -4.3297314e-05
1110 region_rec_diffs(4,241)        -0.57200874     -3     3    -0.00010758255
1111 region_rec_diffs(4,242)        -2.311134     -3     3    -2.6548275e-05
1112 region_rec_diffs(4,243)        1.3247506     -3     3    2.4649182e-05
1113 region_rec_diffs(4,244)        0.25554224     -3     3    0.00010730222
1114 region_rec_diffs(4,245)        0.48607503     -3     3    -0.00010205138
1115 region_rec_diffs(4,246)        -1.7217667     -3     3    -0.00028604245
1116 region_rec_diffs(4,247)        1.0879364     -3     3    -0.00019658989
1117 region_rec_diffs(4,248)        0.66178785     -3     3    -0.00018466316
1118 region_rec_diffs(4,249)        0.36882412     -3     3    -0.00010512805
1119 region_rec_diffs(4,250)        -0.82631488     -3     3    0.0001942606
1120 region_rec_diffs(4,251)        -0.56551813     -3     3    0.00012300148
1121 region_rec_diffs(4,252)        0.12130514     -3     3    1.3453454e-05
1122 region_rec_diffs(4,253)        -1.1182768     -3     3    -0.00037816283
1123 region_rec_diffs(4,254)        -1.4900109     -3     3    -7.6997936e-05
1124 region_rec_diffs(4,255)        1.0937657     -3     3    -5.7108878e-05
1125 region_rec_diffs(4,256)        -0.079433726     -3     3    9.3114944e-05
1126 region_rec_diffs(4,257)        -2.1296264     -3     3    -8.6080381e-05
1127 region_rec_diffs(4,258)        -2.3868609     -3     3    -5.4647473e-05
1128 region_rec_diffs(4,259)        -0.2857166     -3     3    0.00019361646
1129 region_rec_diffs(4,260)        0.11212339     -3     3    -5.1172161e-05
1130 region_rec_diffs(4,261)        -0.20238921     -3     3    3.2725635e-05
1131 region_rec_diffs(4,262)        -2.6616115     -3     3    -2.3837123e-05
1132 region_rec_diffs(4,263)        0.3862336     -3     3    8.3448065e-05
1133 region_rec_diffs(4,264)        1.106995     -3     3    0.00024419724
1134 region_rec_diffs(4,265)        -0.22913116     -3     3    -1.3158251e-05
1135 region_rec_diffs(4,266)        -2.3559472     -3     3    -6.7632835e-06
1136 region_rec_diffs(4,267)        -1.8157432     -3     3    5.3299079e-06
1137 region_rec_diffs(4,268)        0.70075511     -3     3    3.2082797e-05
1138 region_rec_diffs(4,269)        -0.62557836     -3     3    0.00010833853
1139 region_rec_diffs(4,270)        -0.97546505     -3     3    0.00017782792
1140 region_rec_diffs(4,271)        1.6175754     -3     3    -1.2631473e-06
1141 region_rec_diffs(4,272)        0.20132823     -3     3    0.00031841416
1142 region_rec_diffs(4,273)        -1.1872064     -3     3    -6.2443016e-05
1143 region_rec_diffs(4,274)        -2.9999995     -3     3    1.119244e-05   *************
1144 region_rec_diffs(4,275)        -2.1735707     -3     3    -7.7444992e-06
1145 region_rec_diffs(4,276)        -0.77010951     -3     3    1.6785738e-05
1146 region_rec_diffs(4,277)        -0.44910605     -3     3    2.392707e-05
1147 region_rec_diffs(4,278)        -1.0386705     -3     3    -7.978752e-05
1148 region_rec_diffs(4,279)        0.032932583     -3     3    5.9973077e-06
1149 bs_selcoff_gp:1(1,1,1,1)        -8.62024     -20     7    0.00015506246
1150 bs_selcoff_gp:1(1,1,1,2)        -2.1269057     -20     7    -0.00049946455
1151 bs_selcoff_gp:1(1,1,1,3)        0.87845839     -20     7    0.00014659081
1152 bs_selcoff_gp:1(1,1,1,4)        0.38756541     -20     7    -0.00018520729
1153 bs_selcoff_gp:2(2,1,1,1)        -5.166959     -20     7    -0.00011606535
1154 bs_selcoff_gp:2(2,1,1,2)        -1.1931052     -20     7    0.0001194935
1155 bs_selcoff_gp:2(2,1,1,3)        0.66206787     -20     7    -4.8304488e-05
1156 bs_selcoff_gp:2(2,1,1,4)        0.56089233     -20     7    0.00015213665
1157 bs_selcoff_gp:3(3,1,1,1)        -11.484128     -20     7    0.00013885882
1158 bs_selcoff_gp:3(3,1,1,2)        -3.1262137     -20     7    -0.00016291606
1159 bs_selcoff_gp:3(3,1,1,3)        0.85135772     -20     7    -0.0001293389
1160 bs_selcoff_gp:3(3,1,1,4)        0.47824962     -20     7    -0.00014532068
1161 bs_selcoff_gp:4(4,1,1,1)        -4.0486569     -20     7    -5.2542883e-05
1162 bs_selcoff_gp:4(4,1,1,2)        -1.2211698     -20     7    -2.3786757e-05
1163 bs_selcoff_gp:4(4,1,1,3)        0.95304585     -20     7    0.0001662269
1164 bs_selcoff_gp:4(4,1,1,4)        0.089925863     -20     7    9.2473136e-05
1165 bs_selcoff_gp:5(5,1,1,1)        -4.5579711     -20     7    -2.4005849e-05
1166 bs_selcoff_gp:5(5,1,1,2)        -1.4937094     -20     7    5.0655828e-05
1167 bs_selcoff_gp:5(5,1,1,3)        0.88109722     -20     7    -7.6334128e-05
1168 bs_selcoff_gp:5(5,1,1,4)        0.30116977     -20     7    0.00011418574
1169 bs_selcoff_gp:6(6,1,1,1)        -4.8244606     -20     7    6.9434325e-05
1170 bs_selcoff_gp:6(6,1,1,2)        -1.1276291     -20     7    -0.00014962088
1171 bs_selcoff_gp:6(6,1,1,3)        0.88244602     -20     7    -3.1838798e-05
1172 bs_selcoff_gp:6(6,1,1,4)        0.22423762     -20     7    0.00014405111
1173 bs_selcoff_gp:7(7,1,1,1)        -5.6941324     -20     7    5.6269298e-06
1174 bs_selcoff_gp:7(7,1,1,2)        -1.7188735     -20     7    0.00014187638
1175 bs_selcoff_gp:7(7,1,1,3)        0.94389672     -20     7    0.00013101918
1176 bs_selcoff_gp:7(7,1,1,4)        0.22105738     -20     7    -0.00017951271
1177 bs_selcoff_gp:8(8,1,1,1)        -4.8064291     -20     7    6.3354367e-05
1178 bs_selcoff_gp:8(8,1,1,2)        -3.8588435     -20     7    -0.00018407493
1179 bs_selcoff_gp:8(8,1,1,3)        0.99287544     -20     7    0.00017601137
1180 bs_selcoff_gp:8(8,1,1,4)        0.2404024     -20     7    5.5300713e-05
1181 bs_selcoff_gp:9(9,1,1,1)        -9.2075451     -20     7    -6.7858546e-05
1182 bs_selcoff_gp:9(9,1,1,2)        -5.6006681     -20     7    -0.00016749101
1183 bs_selcoff_gp:9(9,1,1,3)        0.24678643     -20     7    3.4316398e-05
1184 bs_selcoff_gp:9(9,1,1,4)        0.99926813     -20     7    0.00011599173
1185 bs_selcoff_gp:10(10,1,1,1)        -4.0466577     -20     7    0.00016239333
1186 bs_selcoff_gp:10(10,1,1,2)        -0.56455896     -20     7    -0.00039223056
1187 bs_selcoff_gp:10(10,1,1,3)        0.64184179     -20     7    0.0001637066
1188 bs_selcoff_gp:10(10,1,1,4)        0.41471463     -20     7    0.00013357543
1189 bs_selcoff_gp:11(11,1,1,1)        -7.3853917     -20     7    8.1875114e-05
1190 bs_selcoff_gp:11(11,1,1,2)        -2.7907723     -20     7    -8.725186e-05
1191 bs_selcoff_gp:11(11,1,1,3)        1.2496005     -20     7    -9.9074702e-06
1192 bs_selcoff_gp:11(11,1,1,4)        -0.8005138     -20     7    0.00041488568
1193 bs_selcoff_gp:12(12,1,1,1)        -9.4334478     -20     7    -6.3862546e-05
1194 bs_selcoff_gp:12(12,1,1,2)        -3.4706333     -20     7    0.00043669594
1195 bs_selcoff_gp:12(12,1,1,3)        1.0260812     -20     7    -2.8688713e-05
1196 bs_selcoff_gp:12(12,1,1,4)        0.16444415     -20     7    0.00016775724
1197 bs_selcoff_gp:13(13,1,1,1)        0.72996688     -20     7    5.5672673e-06
1198 bs_selcoff_gp:13(13,1,1,2)        0.62081508     -20     7    -2.5559623e-07
1199 bs_selcoff_gp:13(13,1,1,3)        -3.1304933     -20     7    -5.2764114e-05
1200 bs_selcoff_gp:13(13,1,1,4)        -3.8698607     -20     7    0.00032254512
1201 bs_selcoff_gp:14(14,1,1,1)        0.75167998     -20     7    0.00017814592
1202 bs_selcoff_gp:14(14,1,1,2)        0.57084009     -20     7    -0.00022939944
1203 bs_selcoff_gp:14(14,1,1,3)        -2.2873746     -20     7    -0.00044651951
1204 bs_selcoff_gp:14(14,1,1,4)        -4.8153613     -20     7    -5.6893625e-06
1205 bs_selcoff_gp:15(15,1,1,1)        0.65592298     -20     7    -9.5220383e-05
1206 bs_selcoff_gp:15(15,1,1,2)        0.69591281     -20     7    0.00015879254
1207 bs_selcoff_gp:15(15,1,1,3)        -2.9086514     -20     7    0.00018202001
1208 bs_selcoff_gp:15(15,1,1,4)        -4.341761     -20     7    -3.1078494e-05
1209 bs_selcoff_gp:16(16,1,1,1)        -0.29080799     -20     7    0.00037893457
1210 bs_selcoff_gp:16(16,1,1,2)        1.1518568     -20     7    -8.5345713e-05
1211 bs_selcoff_gp:16(16,1,1,3)        -2.4776382     -20     7    -0.00029791579
1212 bs_selcoff_gp:16(16,1,1,4)        -5.4399958     -20     7    4.1535827e-05
1213 bs_selcoff_gp:17(17,1,1,1)        0.061046775     -20     7    -0.00058205933
1214 bs_selcoff_gp:17(17,1,1,2)        1.055805     -20     7    0.00021032989
1215 bs_selcoff_gp:17(17,1,1,3)        -2.8126651     -20     7    0.00041615606
1216 bs_selcoff_gp:17(17,1,1,4)        -5.9096157     -20     7    -7.7804773e-05
1217 bs_selcoff_gp:18(18,1,1,1)        -0.12930199     -20     7    -0.00020264599
1218 bs_selcoff_gp:18(18,1,1,2)        1.0942573     -20     7    -9.6427083e-05
1219 bs_selcoff_gp:18(18,1,1,3)        -2.1188535     -20     7    -0.0002097585
1220 bs_selcoff_gp:18(18,1,1,4)        -4.2613549     -20     7    -1.862757e-05
1221 bs_selcoff_gp:19(19,1,1,1)        0.57220727     -20     7    6.4451124e-05
1222 bs_selcoff_gp:19(19,1,1,2)        0.65566422     -20     7    6.6462848e-05
1223 bs_selcoff_gp:19(19,1,1,3)        -1.2263101     -20     7    2.1586729e-05
1224 bs_selcoff_gp:19(19,1,1,4)        -4.82344     -20     7    -8.9281737e-05
1225 bs_selcoff_gp:20(20,1,1,1)        -1.925207     -20     7    0.00032432386
1226 bs_selcoff_gp:20(20,1,1,2)        -0.53954719     -20     7    7.089515e-05
1227 bs_selcoff_gp:20(20,1,1,3)        -0.27465946     -20     7    -0.00027553721
1228 bs_selcoff_gp:20(20,1,1,4)        0.92081222     -20     7    6.395555e-05
1229 bs_selcoff_gp:21(21,1,1,1)        0.5613807     -20     7    -3.5365528e-06
1230 bs_selcoff_gp:21(21,1,1,2)        0.75670148     -20     7    2.6106486e-05
1231 bs_selcoff_gp:21(21,1,1,3)        -2.1656102     -20     7    -0.00019291387
1232 bs_selcoff_gp:21(21,1,1,4)        -6.9259363     -20     7    4.8875176e-05
1233 bs_selcoff_gp:22(22,1,1,1)        -1.357554     -20     7    -3.361795e-05
1234 bs_selcoff_gp:22(22,1,1,2)        1.2326318     -20     7    -2.4316694e-05
1235 bs_selcoff_gp:22(22,1,1,3)        -1.2040523     -20     7    6.3989023e-05
1236 bs_selcoff_gp:22(22,1,1,4)        -4.3830364     -20     7    -2.2628816e-05
1237 bs_selcoff_gp:23(23,1,1,1)        -3.1435934     -20     7    5.8141833e-05
1238 bs_selcoff_gp:23(23,1,1,2)        1.3498139     -20     7    3.8487775e-05
1239 bs_selcoff_gp:23(23,1,1,3)        -2.300625     -20     7    -7.4737606e-05
1240 bs_selcoff_gp:23(23,1,1,4)        -12.272286     -20     7    0.00032224773
1241 bs_selcoff_gp:24(24,1,1,1)        -3.8041458     -20     7    1.944716e-06
1242 bs_selcoff_gp:24(24,1,1,2)        0.68658427     -20     7    8.7422225e-06
1243 bs_selcoff_gp:24(24,1,1,3)        0.68840355     -20     7    2.4678441e-05
1244 bs_selcoff_gp:24(24,1,1,4)        -8.2017158     -20     7    8.8155653e-06
1245 bs_selcoff_gp:25(25,1,1,1)        -1.4467502     -20     7    1.4037207e-05
1246 bs_selcoff_gp:25(25,1,1,2)        1.2568032     -20     7    -9.6759073e-05
1247 bs_selcoff_gp:25(25,1,1,3)        -1.3905994     -20     7    -7.1268696e-05
1248 bs_selcoff_gp:25(25,1,1,4)        -6.4770974     -20     7    -0.00016341474
1249 bs_selcoff_gp:26(26,1,1,1)        -0.24848554     -20     7    8.2870183e-05
1250 bs_selcoff_gp:26(26,1,1,2)        1.163794     -20     7    -1.8454724e-05
1251 bs_selcoff_gp:26(26,1,1,3)        -4.0741754     -20     7    6.8555892e-05
1252 bs_selcoff_gp:26(26,1,1,4)        -6.9400206     -20     7    1.3648928e-05
1253 bs_selcoff_gp:27(27,1,1,1)        -1.8322492     -20     7    0.00019286498
1254 bs_selcoff_gp:27(27,1,1,2)        1.3436777     -20     7    2.7899873e-05
1255 bs_selcoff_gp:27(27,1,1,3)        -5.1415414     -20     7    -6.5507171e-05
1256 bs_selcoff_gp:27(27,1,1,4)        -6.9030013     -20     7    5.3295718e-05
1257 bs_selcoff_gp:28(28,1,1,1)        -1.7612072     -20     7    8.1344748e-05
1258 bs_selcoff_gp:28(28,1,1,2)        1.343388     -20     7    7.7401115e-05
1259 bs_selcoff_gp:28(28,1,1,3)        -20     -20     7    6.2493095e-06   *************
1260 bs_selcoff_gp:28(28,1,1,4)        -6.6915256     -20     7    -0.00011519943
1261 bs_selcoff_gp:29(29,1,1,1)        -8.0416038     -20     7    8.1943197e-06
1262 bs_selcoff_gp:29(29,1,1,2)        -2.5098093     -20     7    4.2884548e-05
1263 bs_selcoff_gp:29(29,1,1,3)        0.88867527     -20     7    3.1968205e-05
1264 bs_selcoff_gp:29(29,1,1,4)        0.3964192     -20     7    5.8301915e-05
1265 recr(2)        1.0451057     -20     20    -9.9237279e-05
1266 recr(3)        1.1012505     -20     20    4.5850386e-05
1267 recr(4)        1.0601489     -20     20    0.00017847737
1268 recr(5)        1.0363963     -20     20    0.00022634374
1269 recr(6)        1.5519134     -20     20    5.9278307e-05
1270 recr(7)        -0.66626852     -20     20    -5.5964846e-05
1271 recr(8)        -0.55538552     -20     20    -0.00012704984
1272 recr(9)        0.9712478     -20     20    0.00010530876
1273 recr(10)        2.201727     -20     20    0.00046004435
1274 recr(11)        -1.2654622     -20     20    -4.7178351e-05
1275 recr(12)        -1.1634181     -20     20    -0.00030899359
1276 recr(13)        2.4998988     -20     20    -0.00055504078
1277 recr(14)        0.91191356     -20     20    -4.1910526e-05
1278 recr(15)        -1.7695114     -20     20    3.1938528e-05
1279 recr(16)        -1.7961905     -20     20    -0.00015007131
1280 recr(17)        1.2305737     -20     20    0.00017177382
1281 recr(18)        1.507935     -20     20    0.00028435227
1282 recr(19)        -1.1886016     -20     20    8.9257426e-05
1283 recr(20)        -1.0765796     -20     20    0.00018056553
1284 recr(21)        1.1215358     -20     20    0.00022651023
1285 recr(22)        1.0228159     -20     20    0.00027108503
1286 recr(23)        -0.95410177     -20     20    3.5195647e-05
1287 recr(24)        -0.21735964     -20     20    -1.5425281e-05
1288 recr(25)        0.62827403     -20     20    -0.00010355146
1289 recr(26)        1.4723388     -20     20    -0.00015154525
1290 recr(27)        -1.020091     -20     20    2.3218807e-05
1291 recr(28)        2.338035     -20     20    -0.00035094146
1292 recr(29)        0.36273113     -20     20    -3.5571792e-05
1293 recr(30)        -0.66872703     -20     20    -6.4172326e-05
1294 recr(31)        -2.2078252     -20     20    9.1767829e-06
1295 recr(32)        -0.94865472     -20     20    -3.2252741e-05
1296 recr(33)        1.1440123     -20     20    -9.2107209e-05
1297 recr(34)        1.4908609     -20     20    -0.00010585653
1298 recr(35)        -2.0419738     -20     20    1.9627661e-05
1299 recr(36)        -0.075838708     -20     20    -2.5725193e-05
1300 recr(37)        1.926449     -20     20    2.7857551e-05
1301 recr(38)        -1.2568178     -20     20    -2.2415415e-05
1302 recr(39)        -2.836546     -20     20    2.41964e-05
1303 recr(40)        -1.6182477     -20     20    -9.2288544e-06
1304 recr(41)        1.5771796     -20     20    3.5175281e-05
1305 recr(42)        0.99253429     -20     20    0.00011463734
1306 recr(43)        -2.0907502     -20     20    2.5911359e-05
1307 recr(44)        0.68332028     -20     20    -3.2838169e-05
1308 recr(45)        1.2983894     -20     20    -0.00016415419
1309 recr(46)        -1.6321748     -20     20    -2.0752803e-05
1310 recr(47)        -1.6201665     -20     20    -1.1659682e-05
1311 recr(48)        1.0000147     -20     20    8.1088528e-05
1312 recr(49)        1.5485006     -20     20    0.00014398475
1313 recr(50)        -2.6057641     -20     20    -8.8804684e-06
1314 recr(51)        0.098677339     -20     20    -0.00012119487
1315 recr(52)        -0.30800608     -20     20    0.00011379396
1316 recr(53)        1.218003     -20     20    0.00015276037
1317 recr(54)        -0.36081674     -20     20    8.7012319e-05
1318 recr(55)        -1.602765     -20     20    -4.6333188e-06
1319 recr(56)        0.57474117     -20     20    2.2913286e-05
1320 recr(57)        -0.054769665     -20     20    -2.1348142e-05
1321 recr(58)        1.455437     -20     20    1.2859717e-05
1322 recr(59)        -1.8521664     -20     20    -7.69138e-06
1323 recr(60)        1.4309888     -20     20    0.00016914578
1324 recr(61)        1.3024184     -20     20    -8.0864996e-05
1325 recr(62)        -2.132168     -20     20    -2.7434966e-05
1326 recr(63)        -1.4160674     -20     20    -1.254452e-05
1327 recr(64)        0.065698549     -20     20    -8.3484744e-05
1328 recr(65)        1.0476247     -20     20    3.9111349e-05
1329 recr(66)        -2.4461339     -20     20    -8.0315609e-06
1330 recr(67)        -1.412767     -20     20    -3.0723361e-05
1331 recr(68)        0.4102494     -20     20    -8.0608333e-05
1332 recr(69)        1.3583211     -20     20    -0.00014365332
1333 recr(70)        0.38210337     -20     20    -1.8933083e-05
1334 recr(71)        -0.76282209     -20     20    5.2631894e-05
1335 recr(72)        0.94943635     -20     20    0.00016823346
1336 recr(73)        1.4993593     -20     20    7.1638884e-05
1337 recr(74)        -0.71661816     -20     20    -4.1966435e-05
1338 recr(75)        -2.8269065     -20     20    1.013102e-06
1339 recr(76)        -0.087499096     -20     20    0.00013539215
1340 recr(77)        0.086079585     -20     20    5.5038712e-05
1341 recr(78)        -2.2733715     -20     20    -3.1793589e-05
1342 recr(79)        -2.7673944     -20     20    -2.5791956e-05
1343 recr(80)        1.4632945     -20     20    0.00018083112
1344 recr(81)        0.041948201     -20     20    0.00019539956
1345 recr(82)        -2.662068     -20     20    2.4194105e-05
1346 recr(83)        0.91694078     -20     20    0.00028404948
1347 recr(84)        1.0100652     -20     20    0.00018162877
1348 recr(85)        0.54308827     -20     20    0.00012126635
1349 recr(86)        -3.483123     -20     20    -4.3419944e-06
1350 recr(87)        0.72160698     -20     20    5.6548465e-05
1351 recr(88)        1.3359638     -20     20    0.00014993474
1352 recr(89)        -2.8352688     -20     20    2.2008229e-05
1353 recr(90)        -2.7426891     -20     20    1.1757019e-05
1354 recr(91)        0.16297175     -20     20    7.9232832e-05
1355 recr(92)        0.28505465     -20     20    4.4731776e-05
1356 recr(93)        -2.3355981     -20     20    6.9869128e-06
1357 recr(94)        2.1725811     -20     20    4.4622905e-05
1358 recr(95)        0.71066574     -20     20    0.00010425231
1359 recr(96)        -1.2381654     -20     20    -3.9957648e-05
1360 recr(97)        -0.81639898     -20     20    -0.00011961916
1361 recr(98)        -1.4448059     -20     20    -7.3002834e-05
1362 recr(99)        -0.041210488     -20     20    2.8186526e-05
1363 recr(100)        1.4823332     -20     20    -8.2738981e-05
1364 recr(101)        0.13115593     -20     20    -0.00018223961
1365 recr(102)        -3.7069245     -20     20    -4.8276884e-05
1366 recr(103)        0.4788058     -20     20    -1.7010209e-05
1367 recr(104)        1.7175621     -20     20    -0.00040958311
1368 recr(105)        -2.3867826     -20     20    2.9405334e-06
1369 recr(106)        -4.3465139     -20     20    -0.00013040269
1370 recr(107)        -2.8893103     -20     20    0.00031128597
1371 recr(108)        1.0070392     -20     20    -0.00015625444
1372 recr(109)        -0.091660585     -20     20    7.5002812e-05
1373 recr(110)        -3.0786264     -20     20    -5.0393585e-05
1374 recr(111)        -3.2418004     -20     20    6.7132347e-05
1375 recr(112)        1.484499     -20     20    -0.00014606562
1376 recr(113)        0.72095879     -20     20    -0.00024322714
1377 recr(114)        -0.51834955     -20     20    8.486867e-06
1378 recr(115)        -1.7644159     -20     20    -0.00011124587
1379 recr(116)        1.0396526     -20     20    -0.00015010681
1380 recr(117)        0.42161172     -20     20    -0.00024995804
1381 recr(118)        -1.2388192     -20     20    -8.8932561e-06
1382 recr(119)        0.10655385     -20     20    -3.2299992e-05
1383 recr(120)        1.5328607     -20     20    8.9968492e-05
1384 recr(121)        0.82727446     -20     20    0.00023992759
1385 recr(122)        0.26261092     -20     20    0.00017728721
1386 recr(123)        0.070452297     -20     20    0.00018866478
1387 recr(124)        0.98303574     -20     20    -0.00010779631
1388 recr(125)        -1.1589892     -20     20    1.8466435e-05
1389 recr(126)        0.38939361     -20     20    -1.8439585e-05
1390 recr(127)        -0.73366319     -20     20    -2.2585055e-05
1391 recr(128)        0.90533574     -20     20    0.00012691183
1392 recr(129)        -0.82612319     -20     20    -7.2453869e-05
1393 recr(130)        -1.0493327     -20     20    0.0001155958
1394 recr(131)        -0.0043213858     -20     20    -0.0001447087
1395 recr(132)        0.63744808     -20     20    8.3809187e-06
1396 recr(133)        1.4950471     -20     20    -0.00012139741
1397 recr(134)        -0.31790232     -20     20    -7.6348996e-05
1398 recr(135)        0.11126901     -20     20    -0.00018000002
1399 recr(136)        1.2966563     -20     20    -0.00037968899
1400 recr(137)        -0.14097136     -20     20    -0.00017118316
1401 recr(138)        -2.1933307     -20     20    -1.8995179e-05
1402 recr(139)        -1.5157175     -20     20    0.00012215427
1403 recr(140)        1.3269016     -20     20    -9.6247005e-05
1404 recr(141)        0.7608826     -20     20    -0.000263056
1405 recr(142)        -2.5765506     -20     20    -3.0054504e-05
1406 recr(143)        -0.49246984     -20     20    -0.00014854305
1407 recr(144)        1.3820894     -20     20    0.00022178659
1408 recr(145)        1.4960976     -20     20    -0.00044636685
1409 recr(146)        -2.88845     -20     20    -6.0496719e-05
1410 recr(147)        -0.14112957     -20     20    -0.00019883854
1411 recr(148)        1.2799498     -20     20    -1.057959e-05
1412 recr(149)        -1.9745002     -20     20    8.5054354e-05
1413 recr(150)        -3.1582293     -20     20    2.2970981e-05
1414 recr(151)        0.54031327     -20     20    0.00020425748
1415 recr(152)        0.96397859     -20     20    -0.00015066363
1416 recr(153)        0.53011811     -20     20    -0.000116332
1417 recr(154)        0.034135403     -20     20    0.00012440486
1418 recr(155)        -0.22727002     -20     20    -0.0001411198
1419 recr(156)        1.195302     -20     20    -4.6258958e-05
1420 recr(157)        -2.875134     -20     20    -2.1979864e-05
1421 recr(158)        -1.0542438     -20     20    0.00012997791
1422 recr(159)        -0.083870503     -20     20    -0.00024836454
1423 recr(160)        0.89428648     -20     20    -0.00049450863
1424 recr(161)        1.2157871     -20     20    0.00058059832
1425 recr(162)        -2.9694207     -20     20    -1.5638943e-05
1426 recr(163)        0.35356159     -20     20    -0.00023648981
1427 recr(164)        1.3007106     -20     20    -0.0002675053
1428 recr(165)        -1.2131364     -20     20    -0.00017964395
1429 recr(166)        -1.8757574     -20     20    -0.00022499234
1430 recr(167)        0.89475791     -20     20    -0.00019535957
1431 recr(168)        0.15926386     -20     20    -1.8909099e-05
1432 recr(169)        0.11088624     -20     20    0.0002046273
1433 recr(170)        -0.67048056     -20     20    -0.00038480385
1434 recr(171)        0.75844595     -20     20    -0.0001309124
1435 recr(172)        1.6778392     -20     20    8.8677542e-05
1436 recr(173)        0.43329148     -20     20    9.5047323e-05
1437 recr(174)        -1.6168956     -20     20    4.2616749e-05
1438 recr(175)        -0.86433863     -20     20    1.6165962e-05
1439 recr(176)        -0.30517444     -20     20    -1.8063203e-05
1440 recr(177)        1.2492473     -20     20    0.00017669535
1441 recr(178)        0.77322504     -20     20    0.00015839762
1442 recr(179)        -0.40328901     -20     20    -7.4667942e-05
1443 recr(180)        1.2067921     -20     20    -0.00015808595
1444 recr(181)        -0.22091803     -20     20    -4.2688845e-05
1445 recr(182)        -0.86856841     -20     20    -0.00014888749
1446 recr(183)        -0.87758113     -20     20    -7.1158736e-05
1447 recr(184)        0.21557654     -20     20    0.00018568254
1448 recr(185)        1.2668842     -20     20    0.00014229949
1449 recr(186)        0.29274473     -20     20    -0.00012621168
1450 recr(187)        0.47756231     -20     20    -0.00026485183
1451 recr(188)        0.53843157     -20     20    -6.7232688e-05
1452 recr(189)        -0.56857981     -20     20    -3.369514e-05
1453 recr(190)        -0.92915418     -20     20    0.00024551313
1454 recr(191)        0.35270286     -20     20    0.00014293307
1455 recr(192)        0.97744272     -20     20    0.00019245333
1456 recr(193)        1.4172872     -20     20    -0.000218205
1457 recr(194)        0.018599694     -20     20    -0.00011696167
1458 recr(195)        0.78346701     -20     20    -0.00016886091
1459 recr(196)        1.0803184     -20     20    5.7338136e-05
1460 recr(197)        0.0234333     -20     20    0.00012170461
1461 recr(198)        0.17784602     -20     20    -0.00017555045
1462 recr(199)        0.36378511     -20     20    -0.00018841802
1463 recr(200)        0.4150169     -20     20    -2.4298539e-05
1464 recr(201)        0.88283734     -20     20    0.00019243108
1465 recr(202)        0.78759984     -20     20    0.00015316792
1466 recr(203)        0.81910108     -20     20    0.00021551662
1467 recr(204)        0.62103291     -20     20    0.00028721837
1468 recr(205)        -1.3105059     -20     20    5.6352917e-05
1469 recr(206)        -0.34370261     -20     20    0.00024022373
1470 recr(207)        -0.82806085     -20     20    4.2595317e-05
1471 recr(208)        0.39302401     -20     20    0.00024203094
1472 recr(209)        1.2291686     -20     20    -1.4465167e-05
1473 recr(210)        0.9003534     -20     20    -7.8701253e-05
1474 recr(211)        0.86655738     -20     20    -0.00014868453
1475 recr(212)        0.56011934     -20     20    0.00015897274
1476 recr(213)        -0.88495189     -20     20    0.00011031106
1477 recr(214)        -0.072223275     -20     20    5.971203e-05
1478 recr(215)        -0.47115765     -20     20    0.00021303777
1479 recr(216)        1.0645187     -20     20    8.3368062e-05
1480 recr(217)        0.58551338     -20     20    0.00028265498
1481 recr(218)        -0.2551004     -20     20    -0.00018183738
1482 recr(219)        -0.40971574     -20     20    0.00014490004
1483 recr(220)        0.19203817     -20     20    -7.0702715e-06
1484 recr(221)        0.61124183     -20     20    -3.2003794e-05
1485 recr(222)        0.33511252     -20     20    7.4221526e-05
1486 recr(223)        0.49010941     -20     20    0.00012907971
1487 recr(224)        0.58364629     -20     20    -0.00017300142
1488 recr(225)        -0.21236043     -20     20    -0.00030715226
1489 recr(226)        0.18312316     -20     20    -0.00016864491
1490 recr(227)        -0.087110515     -20     20    -0.00011050316
1491 recr(228)        0.66975583     -20     20    0.00023858583
1492 recr(229)        1.0544955     -20     20    0.0004005544
1493 recr(230)        0.74208544     -20     20    -0.00042067947
1494 recr(231)        0.5096218     -20     20    -0.0002657741
1495 recr(232)        0.33465731     -20     20    -5.5007337e-05
1496 recr(233)        -0.068544801     -20     20    0.00051189555
1497 recr(234)        -0.12431128     -20     20    -0.00031155205
1498 recr(235)        0.027669509     -20     20    0.00025461682
1499 recr(236)        0.67713875     -20     20    -0.00011038209
1500 recr(237)        -0.090618982     -20     20    -1.3612529e-05
1501 recr(238)        -0.021111333     -20     20    0.00019387248
1502 recr(239)        0.28419582     -20     20    4.9318021e-05
1503 recr(240)        1.0643991     -20     20    -0.0004012936
1504 recr(241)        0.81142214     -20     20    0.00031609195
1505 recr(242)        1.0629076     -20     20    -0.00025268819
1506 recr(243)        0.51224374     -20     20    0.00011059875
1507 recr(244)        0.94575502     -20     20    2.9363762e-05
1508 recr(245)        0.36213153     -20     20    4.7076055e-05
1509 recr(246)        0.6384808     -20     20    8.6814035e-05
1510 recr(247)        0.5055631     -20     20    8.1332133e-05
1511 recr(248)        0.96522483     -20     20    -0.00016918327
1512 recr(249)        0.065553937     -20     20    0.00031608027
1513 recr(250)        -0.2564669     -20     20    0.00034237197
1514 recr(251)        -0.45548186     -20     20    -7.0032123e-05
1515 recr(252)        0.81395608     -20     20    -0.0003236944
1516 recr(253)        0.71129646     -20     20    9.0255901e-05
1517 recr(254)        -0.084098456     -20     20    0.00044406076
1518 recr(255)        0.049822864     -20     20    0.00049146306
1519 recr(256)        1.2958893     -20     20    -1.6802435e-05
1520 recr(257)        0.71257954     -20     20    -1.1539554e-05
1521 recr(258)        0.36150282     -20     20    -6.4357415e-06
1522 recr(259)        0.12033271     -20     20    0.00014170858
1523 recr(260)        1.0655448     -20     20    -0.00031039307
1524 recr(261)        0.13855297     -20     20    0.00015143744
1525 recr(262)        1.06623     -20     20    -0.0001615625
1526 recr(263)        0.38501165     -20     20    -0.00029871085
1527 recr(264)        1.0628301     -20     20    -5.1915543e-05
1528 recr(265)        0.39485418     -20     20    -0.0002787066
1529 recr(266)        0.28677364     -20     20    3.4256617e-05
1530 recr(267)        -0.18452114     -20     20    0.00034328177
1531 recr(268)        0.88673306     -20     20    4.8451795e-05
1532 recr(269)        0.75637257     -20     20    -0.00010012622
1533 recr(270)        -0.15076762     -20     20    -0.00029513563
1534 recr(271)        0.24039439     -20     20    9.5695244e-05
1535 recr(272)        0.70330957     -20     20    0.00025831365
1536 recr(273)        0.49513865     -20     20    -1.6382706e-06
1537 recr(274)        1.365735     -20     20    9.6703699e-05
1538 totpop        17.132529     8     25    0.00038541834
1539 tag_fish_rep(1)        0.20913497     0.001     0.99    -2.9694607e-05
1540 tag_fish_rep(3)        0.29498132     0.001     0.99    -0.00030615768
1541 tag_fish_rep(4)        0.5489705     0.001     0.99    -2.0306544e-05
1542 tag_fish_rep(5)        0.65852093     0.001     0.99    -1.7217785e-05
1543 tag_fish_rep(6)        0.442492     0.001     0.99    -9.6811564e-06
1544 tag_fish_rep(11)        0.60247119     0.001     0.99    1.4314427e-05
1545 tag_fish_rep(12)        0.59459274     0.001     0.99    8.4918455e-06
1546 tag_fish_rep(13)        0.90974872     0.001     0.99    -0.00020792659
1547 tag_fish_rep(17)        0.60387582     0.001     0.99    -0.00023211846
1548 tag_fish_rep(18)        0.80947747     0.001     0.99    -0.00038909235
1549 tag_fish_rep(19)        0.99     0.001     0.99    -5.6467921e-08   *************
1550 tag_fish_rep(24)        0.81638607     0.001     0.99    -8.043757e-05
1551 tag_fish_rep(25)        0.67695086     0.001     0.99    0.00015342478
1552 tag_fish_rep(28)        0.79272317     0.001     0.99    -2.2076521e-05
1553 tag_fish_rep(32)        0.12301458     0.001     0.99    3.6243411e-05
1554 tag_fish_rep(34)        0.98999999     0.001     0.99    3.749836e-08   *************
1555 tag_fish_rep(35)        0.99     0.001     0.99    -2.9878291e-07   *************
1556 region_pars(1)        0.63251066     1e-06     1.5    -6.7224114e-06
1557 region_pars(1)        0.19577692     1e-06     1.5    -4.9863984e-05
1558 region_pars(1)        2.5198065e-05     1e-06     1.5    -0.00033200316
1559 region_pars(1)        0.17153298     1e-06     1.5    -6.1234634e-05
1560 sv(21)        0.039097676     1e-06     1000    3.3190901e-05
1561 vb_coff(1)        26.621937     10     60    0.0005248758
1562 vb_coff(2)        150.35918     130     200    1.6093699e-05
1563 vb_coff(3)        0.10338606     0.01     0.3    -3.4376406e-05
1564 var_coff(1)        6.1412677     1     10    0.00012425399
1565 var_coff(2)        0.38851101     0.1     3    0.00022911368
