 Index  Var_name   Estimate L_bound  U_bound gradient
1 diff_coffs(1,1)        3.0454212e-09     0     4    -1.6417513e-06   *************
2 diff_coffs(1,2)        6.1105965e-10     0     4    -2.6153778e-06   *************
3 diff_coffs(1,3)        6.3176842e-10     0     4    -5.700932e-07   *************
4 diff_coffs(1,4)        0.0064080751     0     4    -6.0900856e-05
5 diff_coffs(1,5)        4.880242e-06     0     4    6.1637302e-05   *************
6 diff_coffs(1,6)        0.0089030272     0     4    7.5185752e-05
7 diff_coffs(1,7)        1.0427701e-09     0     4    -5.0932476e-07   *************
8 diff_coffs(1,8)        0.056861873     0     4    -5.8688185e-05
9 diff_coffs(2,1)        4.3197346e-08     0     4    8.8010461e-05   *************
10 diff_coffs(2,2)        0.0052666579     0     4    -0.00026615878
11 diff_coffs(2,3)        5.1523719e-10     0     4    7.2242265e-07   *************
12 diff_coffs(2,4)        0.0099868571     0     4    -0.00010194283
13 diff_coffs(2,5)        2.4512194e-07     0     4    8.6211503e-05   *************
14 diff_coffs(2,6)        0.016763143     0     4    0.00027908595
15 diff_coffs(2,7)        4.8276355e-08     0     4    3.5827617e-05   *************
16 diff_coffs(2,8)        0.052381326     0     4    -4.1718418e-05
17 diff_coffs(3,1)        0.027453036     0     4    -3.1655025e-05
18 diff_coffs(3,2)        1.0507212e-08     0     4    8.6168825e-05   *************
19 diff_coffs(3,3)        3.6522629e-10     0     4    -3.7456918e-06   *************
20 diff_coffs(3,4)        0.022032179     0     4    -0.00011919062
21 diff_coffs(3,5)        0.010259851     0     4    -0.00015190265
22 diff_coffs(3,6)        3.9830431e-05     0     4    0.00010993913   *************
23 diff_coffs(3,7)        1.0308195e-07     0     4    2.515371e-06   *************
24 diff_coffs(3,8)        3.5082377e-09     0     4    1.6500925e-06   *************
25 diff_coffs(4,1)        0.027542999     0     4    -3.6284679e-05
26 diff_coffs(4,2)        1.2759285e-09     0     4    2.5682262e-05   *************
27 diff_coffs(4,3)        6.3119243e-10     0     4    -1.3171835e-07   *************
28 diff_coffs(4,4)        0.6293836     0     4    -1.1482847e-05
29 diff_coffs(4,5)        1.3187231e-09     0     4    -3.8933552e-06   *************
30 diff_coffs(4,6)        0.13481317     0     4    0.00015485346
31 diff_coffs(4,7)        0.010843945     0     4    -4.0896652e-06
32 diff_coffs(4,8)        1.3387788e-08     0     4    2.1321966e-05   *************
33 region_rec_diffs(1,1)        -1.7763568e-15     -3     3    -5.4619737e-15
34 region_rec_diffs(1,2)        0.90495584     -3     3    -2.139348e-06
35 region_rec_diffs(1,3)        0.93260866     -3     3    1.1481597e-05
36 region_rec_diffs(1,4)        0.9252582     -3     3    -0.00020618248
37 region_rec_diffs(1,5)        0.91474719     -3     3    -0.00028869575
38 region_rec_diffs(1,6)        0.2328882     -3     3    -2.5424883e-05
39 region_rec_diffs(1,7)        0.13666602     -3     3    6.7309518e-05
40 region_rec_diffs(1,8)        0.2343608     -3     3    0.00024194836
41 region_rec_diffs(1,9)        1.0286201     -3     3    -0.00018683948
42 region_rec_diffs(1,10)        0.28869007     -3     3    0.00010314179
43 region_rec_diffs(1,11)        0.10357787     -3     3    -3.3449018e-05
44 region_rec_diffs(1,12)        0.13759231     -3     3    -0.0003049767
45 region_rec_diffs(1,13)        0.71078644     -3     3    0.0003856725
46 region_rec_diffs(1,14)        -0.38185966     -3     3    0.00015456895
47 region_rec_diffs(1,15)        -0.11888405     -3     3    0.00012521892
48 region_rec_diffs(1,16)        -0.15036714     -3     3    9.6598438e-05
49 region_rec_diffs(1,17)        -0.75563782     -3     3    -5.1799568e-07
50 region_rec_diffs(1,18)        0.72178722     -3     3    0.00030517705
51 region_rec_diffs(1,19)        0.41705603     -3     3    0.00015764412
52 region_rec_diffs(1,20)        0.37614535     -3     3    -7.8342916e-05
53 region_rec_diffs(1,21)        -0.17701407     -3     3    4.4683652e-05
54 region_rec_diffs(1,22)        0.83160342     -3     3    -0.00055980162
55 region_rec_diffs(1,23)        0.53730397     -3     3    -5.9379124e-06
56 region_rec_diffs(1,24)        0.7895668     -3     3    0.00055153858
57 region_rec_diffs(1,25)        0.85017667     -3     3    0.00014390029
58 region_rec_diffs(1,26)        1.0397131     -3     3    -5.2254905e-05
59 region_rec_diffs(1,27)        0.23037436     -3     3    -0.00021566132
60 region_rec_diffs(1,28)        0.73404387     -3     3    0.00025915489
61 region_rec_diffs(1,29)        -1.1698803     -3     3    3.5512932e-05
62 region_rec_diffs(1,30)        -0.67565317     -3     3    2.7356152e-05
63 region_rec_diffs(1,31)        -0.19883806     -3     3    1.8973437e-05
64 region_rec_diffs(1,32)        -0.38277969     -3     3    7.4658951e-05
65 region_rec_diffs(1,33)        -0.61639964     -3     3    -4.9915744e-05
66 region_rec_diffs(1,34)        0.63054939     -3     3    0.00036140493
67 region_rec_diffs(1,35)        0.25963449     -3     3    0.00015979313
68 region_rec_diffs(1,36)        0.22671334     -3     3    6.4996122e-05
69 region_rec_diffs(1,37)        0.5637641     -3     3    -8.1442461e-05
70 region_rec_diffs(1,38)        -0.36973644     -3     3    3.9774665e-05
71 region_rec_diffs(1,39)        -0.0076479308     -3     3    -2.5086577e-05
72 region_rec_diffs(1,40)        -0.06752293     -3     3    1.312264e-05
73 region_rec_diffs(1,41)        0.14117603     -3     3    -0.00022768196
74 region_rec_diffs(1,42)        0.76012318     -3     3    -0.00019186621
75 region_rec_diffs(1,43)        -0.025756305     -3     3    9.4443113e-06
76 region_rec_diffs(1,44)        -0.18978394     -3     3    0.00014020309
77 region_rec_diffs(1,45)        0.50157647     -3     3    0.00056347752
78 region_rec_diffs(1,46)        0.65170218     -3     3    0.00054075082
79 region_rec_diffs(1,47)        0.26156214     -3     3    -4.5205261e-06
80 region_rec_diffs(1,48)        -0.38431876     -3     3    -3.2102251e-05
81 region_rec_diffs(1,49)        0.36163269     -3     3    0.00025565088
82 region_rec_diffs(1,50)        -0.17503654     -3     3    -9.8802753e-06
83 region_rec_diffs(1,51)        0.84420186     -3     3    -0.00018330969
84 region_rec_diffs(1,52)        0.046706575     -3     3    0.00021266134
85 region_rec_diffs(1,53)        0.38994467     -3     3    0.00018992975
86 region_rec_diffs(1,54)        -0.28055899     -3     3    2.3910624e-05
87 region_rec_diffs(1,55)        0.39572971     -3     3    0.00019662618
88 region_rec_diffs(1,56)        0.037448143     -3     3    5.5679568e-05
89 region_rec_diffs(1,57)        -0.50677046     -3     3    3.2439161e-05
90 region_rec_diffs(1,58)        0.75435766     -3     3    -0.00038456351
91 region_rec_diffs(1,59)        0.42038427     -3     3    -0.0002669351
92 region_rec_diffs(1,60)        -0.44989867     -3     3    -3.2346714e-05
93 region_rec_diffs(1,61)        0.90390858     -3     3    0.00039692002
94 region_rec_diffs(1,62)        -0.044404118     -3     3    6.598573e-05
95 region_rec_diffs(1,63)        0.66225609     -3     3    0.00026327261
96 region_rec_diffs(1,64)        -0.37077748     -3     3    -2.4280335e-05
97 region_rec_diffs(1,65)        0.36646401     -3     3    9.9171255e-05
98 region_rec_diffs(1,66)        -0.2957949     -3     3    9.8519933e-05
99 region_rec_diffs(1,67)        0.58099136     -3     3    0.0001734488
100 region_rec_diffs(1,68)        0.8304926     -3     3    8.8607704e-05
101 region_rec_diffs(1,69)        0.4607484     -3     3    -0.0001130114
102 region_rec_diffs(1,70)        -0.12655499     -3     3    -0.00021688594
103 region_rec_diffs(1,71)        0.51856435     -3     3    -4.8679808e-05
104 region_rec_diffs(1,72)        -0.074175722     -3     3    -5.3843384e-05
105 region_rec_diffs(1,73)        0.11182892     -3     3    -6.4207979e-05
106 region_rec_diffs(1,74)        -0.34886661     -3     3    -3.3733232e-05
107 region_rec_diffs(1,75)        -0.4470687     -3     3    7.1957246e-05
108 region_rec_diffs(1,76)        -1.2518872     -3     3    -7.8007022e-05
109 region_rec_diffs(1,77)        -0.80768548     -3     3    -4.1558983e-05
110 region_rec_diffs(1,78)        0.67159131     -3     3    -0.00022962621
111 region_rec_diffs(1,79)        0.52631038     -3     3    6.4834128e-05
112 region_rec_diffs(1,80)        0.86570099     -3     3    -2.7670492e-05
113 region_rec_diffs(1,81)        0.21063389     -3     3    8.6671647e-05
114 region_rec_diffs(1,82)        0.68085803     -3     3    -0.0001323806
115 region_rec_diffs(1,83)        -0.0082329469     -3     3    -9.062487e-05
116 region_rec_diffs(1,84)        -0.014796023     -3     3    8.2354904e-05
117 region_rec_diffs(1,85)        0.015176015     -3     3    9.5211036e-05
118 region_rec_diffs(1,86)        -0.29209896     -3     3    -4.9680911e-05
119 region_rec_diffs(1,87)        0.81722065     -3     3    0.00052298908
120 region_rec_diffs(1,88)        -2.2253325     -3     3    -1.6174773e-05
121 region_rec_diffs(1,89)        0.46064381     -3     3    -0.00012165742
122 region_rec_diffs(1,90)        -0.49624771     -3     3    5.1044313e-05
123 region_rec_diffs(1,91)        0.19896927     -3     3    -7.4876973e-05
124 region_rec_diffs(1,92)        0.46792051     -3     3    0.00010807324
125 region_rec_diffs(1,93)        -0.41008831     -3     3    5.6844036e-06
126 region_rec_diffs(1,94)        0.83735567     -3     3    0.00055101284
127 region_rec_diffs(1,95)        -0.57062219     -3     3    7.1741286e-05
128 region_rec_diffs(1,96)        0.014187186     -3     3    0.000134654
129 region_rec_diffs(1,97)        0.35515828     -3     3    -6.2799722e-05
130 region_rec_diffs(1,98)        0.80953777     -3     3    -7.3571467e-05
131 region_rec_diffs(1,99)        0.1651297     -3     3    0.00025115802
132 region_rec_diffs(1,100)        -0.029153955     -3     3    -0.00045376684
133 region_rec_diffs(1,101)        0.4908809     -3     3    9.686666e-05
134 region_rec_diffs(1,102)        0.03366887     -3     3    1.7522301e-06
135 region_rec_diffs(1,103)        0.66306072     -3     3    4.2350413e-05
136 region_rec_diffs(1,104)        0.30715162     -3     3    -0.0001966855
137 region_rec_diffs(1,105)        -0.028652944     -3     3    -1.2386647e-05
138 region_rec_diffs(1,106)        -0.058439573     -3     3    -3.9627081e-05
139 region_rec_diffs(1,107)        -0.065122926     -3     3    -8.5040523e-05
140 region_rec_diffs(1,108)        0.65631187     -3     3    0.00021901023
141 region_rec_diffs(1,109)        0.40124915     -3     3    0.0002936211
142 region_rec_diffs(1,110)        0.04151033     -3     3    5.5908834e-05
143 region_rec_diffs(1,111)        -0.046356832     -3     3    3.0248255e-06
144 region_rec_diffs(1,112)        0.48443555     -3     3    -0.00013607143
145 region_rec_diffs(1,113)        0.17093283     -3     3    0.00035078797
146 region_rec_diffs(1,114)        -0.60095859     -3     3    2.1343491e-05
147 region_rec_diffs(1,115)        0.10615998     -3     3    -0.00015838095
148 region_rec_diffs(1,116)        0.065566584     -3     3    -6.0313864e-05
149 region_rec_diffs(1,117)        0.72552549     -3     3    0.00028083582
150 region_rec_diffs(1,118)        -0.5456911     -3     3    8.7553992e-05
151 region_rec_diffs(1,119)        0.42464131     -3     3    -2.9445396e-05
152 region_rec_diffs(1,120)        -1.1193521     -3     3    -0.00015736054
153 region_rec_diffs(1,121)        0.45532999     -3     3    7.3688208e-05
154 region_rec_diffs(1,122)        0.56325433     -3     3    -0.00019557044
155 region_rec_diffs(1,123)        -0.92261169     -3     3    -6.8336615e-05
156 region_rec_diffs(1,124)        0.15976147     -3     3    -0.00064606703
157 region_rec_diffs(1,125)        -0.8468548     -3     3    -0.00013760631
158 region_rec_diffs(1,126)        -0.21060065     -3     3    -0.00039303524
159 region_rec_diffs(1,127)        -0.28490523     -3     3    0.00014542367
160 region_rec_diffs(1,128)        0.47992831     -3     3    -4.1529769e-05
161 region_rec_diffs(1,129)        0.62530456     -3     3    -5.7002264e-05
162 region_rec_diffs(1,130)        -0.83841331     -3     3    2.4872543e-05
163 region_rec_diffs(1,131)        -0.49617051     -3     3    -8.4235584e-05
164 region_rec_diffs(1,132)        -0.66766321     -3     3    -0.00016709986
165 region_rec_diffs(1,133)        0.60694351     -3     3    0.00085405099
166 region_rec_diffs(1,134)        -0.46732948     -3     3    -8.8940507e-05
167 region_rec_diffs(1,135)        0.091943196     -3     3    -0.00012698068
168 region_rec_diffs(1,136)        0.77008338     -3     3    -0.00030317321
169 region_rec_diffs(1,137)        -1.6938663     -3     3    -1.2436152e-05
170 region_rec_diffs(1,138)        -1.608686     -3     3    -1.3151108e-05
171 region_rec_diffs(1,139)        -0.93971551     -3     3    -0.00013998548
172 region_rec_diffs(1,140)        -2.1418147     -3     3    1.3235581e-05
173 region_rec_diffs(1,141)        1.0580894     -3     3    -4.4552147e-06
174 region_rec_diffs(1,142)        0.54583935     -3     3    -9.6358887e-06
175 region_rec_diffs(1,143)        -0.88987359     -3     3    -2.2964127e-05
176 region_rec_diffs(1,144)        0.12251078     -3     3    7.2768357e-05
177 region_rec_diffs(1,145)        0.27828358     -3     3    -0.0002688417
178 region_rec_diffs(1,146)        -0.75697151     -3     3    -6.3688406e-05
179 region_rec_diffs(1,147)        -1.5913962     -3     3    -4.503884e-05
180 region_rec_diffs(1,148)        0.32413686     -3     3    0.00031347087
181 region_rec_diffs(1,149)        0.095751354     -3     3    0.00014011405
182 region_rec_diffs(1,150)        0.33040915     -3     3    0.00023964927
183 region_rec_diffs(1,151)        -0.94653567     -3     3    0.00034846493
184 region_rec_diffs(1,152)        0.78200726     -3     3    -0.00076002943
185 region_rec_diffs(1,153)        0.72987217     -3     3    -0.00046899017
186 region_rec_diffs(1,154)        -1.4229301     -3     3    -4.6418967e-05
187 region_rec_diffs(1,155)        -1.7055512     -3     3    -8.7119118e-05
188 region_rec_diffs(1,156)        0.79444826     -3     3    -5.4602453e-05
189 region_rec_diffs(1,157)        1.0250795     -3     3    6.8933458e-05
190 region_rec_diffs(1,158)        -1.237699     -3     3    3.7766905e-06
191 region_rec_diffs(1,159)        -2.3110495     -3     3    -2.9518246e-05
192 region_rec_diffs(1,160)        -0.5326486     -3     3    -0.00021256854
193 region_rec_diffs(1,161)        0.13840635     -3     3    -0.00021134416
194 region_rec_diffs(1,162)        -0.64734899     -3     3    0.00010119234
195 region_rec_diffs(1,163)        -1.9136395     -3     3    -3.6981293e-06
196 region_rec_diffs(1,164)        0.90853446     -3     3    3.5062417e-05
197 region_rec_diffs(1,165)        -1.0580142     -3     3    -6.3324897e-05
198 region_rec_diffs(1,166)        -1.4792293     -3     3    -9.0241266e-05
199 region_rec_diffs(1,167)        -2.142472     -3     3    -2.0617843e-05
200 region_rec_diffs(1,168)        -0.24371639     -3     3    -0.00030554549
201 region_rec_diffs(1,169)        0.46106657     -3     3    -0.00038272352
202 region_rec_diffs(1,170)        -1.5243985     -3     3    -7.9802813e-05
203 region_rec_diffs(1,171)        -0.68165443     -3     3    0.00011250851
204 region_rec_diffs(1,172)        -0.082433917     -3     3    6.3054895e-05
205 region_rec_diffs(1,173)        0.64049901     -3     3    -0.00063505541
206 region_rec_diffs(1,174)        -0.53880905     -3     3    -3.2417172e-05
207 region_rec_diffs(1,175)        -1.2471477     -3     3    -0.00012488266
208 region_rec_diffs(1,176)        -0.096467771     -3     3    -5.3967614e-05
209 region_rec_diffs(1,177)        -0.70540415     -3     3    0.00015128934
210 region_rec_diffs(1,178)        0.41774274     -3     3    -0.00030746898
211 region_rec_diffs(1,179)        -2.2784382     -3     3    5.9766648e-05
212 region_rec_diffs(1,180)        0.60769389     -3     3    0.00024776225
213 region_rec_diffs(1,181)        0.67068713     -3     3    -0.00040733168
214 region_rec_diffs(1,182)        -1.6195523     -3     3    1.5911908e-05
215 region_rec_diffs(1,183)        -2.3021068     -3     3    6.5561258e-05
216 region_rec_diffs(1,184)        -2.1008501     -3     3    0.0001154903
217 region_rec_diffs(1,185)        0.17169674     -3     3    2.3991574e-05
218 region_rec_diffs(1,186)        0.25197034     -3     3    0.00038486489
219 region_rec_diffs(1,187)        -1.617792     -3     3    -1.4802149e-05
220 region_rec_diffs(1,188)        0.60890672     -3     3    -0.00010575605
221 region_rec_diffs(1,189)        0.88301605     -3     3    0.00030501375
222 region_rec_diffs(1,190)        -1.5388241     -3     3    6.6904189e-05
223 region_rec_diffs(1,191)        -2.4768052     -3     3    5.8561342e-05
224 region_rec_diffs(1,192)        -0.036276007     -3     3    0.00012351177
225 region_rec_diffs(1,193)        0.96461037     -3     3    6.9161985e-06
226 region_rec_diffs(1,194)        -0.85693971     -3     3    -9.6367829e-05
227 region_rec_diffs(1,195)        -2.0228231     -3     3    -5.4263329e-05
228 region_rec_diffs(1,196)        0.63647288     -3     3    -0.00086008199
229 region_rec_diffs(1,197)        0.12697961     -3     3    -1.9743132e-06
230 region_rec_diffs(1,198)        -2.2087519     -3     3    -2.3254912e-05
231 region_rec_diffs(1,199)        -2.6148201     -3     3    -0.00022538613
232 region_rec_diffs(1,200)        -1.9578508     -3     3    7.2695777e-05
233 region_rec_diffs(1,201)        0.28847311     -3     3    -0.00028431991
234 region_rec_diffs(1,202)        0.77923185     -3     3    0.00015749787
235 region_rec_diffs(1,203)        0.55303742     -3     3    -2.3184833e-05
236 region_rec_diffs(1,204)        -0.91205632     -3     3    -6.813445e-06
237 region_rec_diffs(1,205)        -1.3806334     -3     3    7.3901752e-05
238 region_rec_diffs(1,206)        -2.3805158     -3     3    1.4116597e-05
239 region_rec_diffs(1,207)        -1.1997805     -3     3    -7.0002708e-05
240 region_rec_diffs(1,208)        -1.2171788     -3     3    -3.8073087e-05
241 region_rec_diffs(1,209)        -0.1858993     -3     3    0.00015073215
242 region_rec_diffs(1,210)        0.77381084     -3     3    -0.00023531759
243 region_rec_diffs(1,211)        -0.15301496     -3     3    -0.00022561298
244 region_rec_diffs(1,212)        -2.5832919     -3     3    -4.4807349e-05
245 region_rec_diffs(1,213)        -1.8441925     -3     3    4.3761681e-05
246 region_rec_diffs(1,214)        -2.2425256     -3     3    -2.2587143e-05
247 region_rec_diffs(1,215)        -1.8157435     -3     3    -0.00011429509
248 region_rec_diffs(1,216)        0.042448371     -3     3    -0.00041552861
249 region_rec_diffs(1,217)        0.54795108     -3     3    -0.00047966128
250 region_rec_diffs(1,218)        -2.3479146     -3     3    2.3196344e-05
251 region_rec_diffs(1,219)        -1.9302289     -3     3    7.9301109e-05
252 region_rec_diffs(1,220)        0.609984     -3     3    0.00068915202
253 region_rec_diffs(1,221)        0.093688597     -3     3    -7.937236e-05
254 region_rec_diffs(1,222)        -1.0946053     -3     3    -1.4004071e-05
255 region_rec_diffs(1,223)        -0.35776242     -3     3    0.00024436138
256 region_rec_diffs(1,224)        0.55261571     -3     3    -6.4853525e-05
257 region_rec_diffs(1,225)        -0.77372141     -3     3    2.4390815e-05
258 region_rec_diffs(1,226)        -2.7472397     -3     3    2.3733311e-05
259 region_rec_diffs(1,227)        -2.4966129     -3     3    1.0583409e-05
260 region_rec_diffs(1,228)        -1.8654035     -3     3    -9.2646098e-05
261 region_rec_diffs(1,229)        0.72175606     -3     3    -0.00036879422
262 region_rec_diffs(1,230)        -1.1996973     -3     3    -1.1468207e-05
263 region_rec_diffs(1,231)        0.11309637     -3     3    -0.00023147226
264 region_rec_diffs(1,232)        0.45931023     -3     3    -5.9751808e-05
265 region_rec_diffs(1,233)        -0.51768132     -3     3    6.4074611e-05
266 region_rec_diffs(1,234)        -2.1107679     -3     3    -1.2225008e-05
267 region_rec_diffs(1,235)        -1.1023993     -3     3    2.3272311e-05
268 region_rec_diffs(1,236)        0.23362219     -3     3    -0.00013292829
269 region_rec_diffs(1,237)        0.16005486     -3     3    4.7751272e-05
270 region_rec_diffs(1,238)        -0.37137621     -3     3    0.00011826293
271 region_rec_diffs(1,239)        -2.4630821     -3     3    6.0353151e-05
272 region_rec_diffs(1,240)        -1.2660027     -3     3    -2.9185994e-05
273 region_rec_diffs(1,241)        0.80195343     -3     3    -0.00023153907
274 region_rec_diffs(1,242)        -0.040663175     -3     3    -0.00033102058
275 region_rec_diffs(1,243)        0.079247728     -3     3    0.00017820926
276 region_rec_diffs(1,244)        0.38349521     -3     3    -7.3474426e-05
277 region_rec_diffs(1,245)        -0.90874941     -3     3    1.5263555e-05
278 region_rec_diffs(1,246)        -1.5408515     -3     3    7.5010047e-05
279 region_rec_diffs(1,247)        -1.3110335     -3     3    0.00010173396
280 region_rec_diffs(1,248)        0.50449456     -3     3    -0.00034477078
281 region_rec_diffs(1,249)        -0.9755303     -3     3    -8.4495372e-05
282 region_rec_diffs(1,250)        -2.5812763     -3     3    5.9072719e-05
283 region_rec_diffs(1,251)        -2.3593179     -3     3    5.580727e-06
284 region_rec_diffs(1,252)        -0.51049932     -3     3    1.6459773e-05
285 region_rec_diffs(1,253)        0.75248603     -3     3    0.00048339495
286 region_rec_diffs(1,254)        -2.2868612     -3     3    -5.2807068e-06
287 region_rec_diffs(1,255)        -2.4207228     -3     3    1.3699244e-07
288 region_rec_diffs(1,256)        0.34407775     -3     3    -0.00045963836
289 region_rec_diffs(1,257)        0.73810981     -3     3    -4.3385405e-05
290 region_rec_diffs(1,258)        -1.8290068     -3     3    -9.9991882e-05
291 region_rec_diffs(1,259)        -2.0711629     -3     3    -4.2147045e-05
292 region_rec_diffs(1,260)        0.82571212     -3     3    -2.0173077e-05
293 region_rec_diffs(1,261)        0.21970675     -3     3    0.00013480269
294 region_rec_diffs(1,262)        -1.5344636     -3     3    -7.9823253e-05
295 region_rec_diffs(1,263)        -1.1765348     -3     3    -0.00018950346
296 region_rec_diffs(1,264)        0.23140857     -3     3    -0.00013821536
297 region_rec_diffs(1,265)        0.68703989     -3     3    0.00032659506
298 region_rec_diffs(1,266)        -1.4578974     -3     3    -2.5658628e-06
299 region_rec_diffs(1,267)        -1.6403234     -3     3    1.1644361e-05
300 region_rec_diffs(1,268)        -0.46490516     -3     3    0.00020608782
301 region_rec_diffs(1,269)        0.78179527     -3     3    -5.5359463e-05
302 region_rec_diffs(1,270)        -1.548945     -3     3    -5.1747927e-05
303 region_rec_diffs(1,271)        -1.8981776     -3     3    5.1631176e-05
304 region_rec_diffs(1,272)        -0.22515075     -3     3    -3.8603954e-05
305 region_rec_diffs(1,273)        0.68402518     -3     3    -7.2609516e-05
306 region_rec_diffs(1,274)        -1.2146625     -3     3    -8.6081032e-05
307 region_rec_diffs(1,275)        0.35372301     -3     3    0.00011359005
308 region_rec_diffs(1,276)        0.85721766     -3     3    -0.00014368081
309 region_rec_diffs(1,277)        0.33113179     -3     3    0.00027698421
310 region_rec_diffs(1,278)        -0.12237468     -3     3    9.61176e-05
311 region_rec_diffs(1,279)        -0.13820998     -3     3    0.00028986353
312 region_rec_diffs(2,1)        -2.6645353e-15     -3     3    -7.818665e-15
313 region_rec_diffs(2,2)        -1.5279623     -3     3    0.00015432618
314 region_rec_diffs(2,3)        -1.6889313     -3     3    2.6682503e-05
315 region_rec_diffs(2,4)        -1.5368748     -3     3    0.00014712882
316 region_rec_diffs(2,5)        -1.6050766     -3     3    -2.2230979e-05
317 region_rec_diffs(2,6)        -0.15462122     -3     3    8.1391723e-05
318 region_rec_diffs(2,7)        -0.089444344     -3     3    0.00012306248
319 region_rec_diffs(2,8)        -0.17977984     -3     3    -4.7777285e-05
320 region_rec_diffs(2,9)        -1.9960425     -3     3    -2.5562438e-05
321 region_rec_diffs(2,10)        -0.21461047     -3     3    0.00012475928
322 region_rec_diffs(2,11)        -0.068713815     -3     3    -2.1750061e-05
323 region_rec_diffs(2,12)        -0.096902131     -3     3    -0.00027747702
324 region_rec_diffs(2,13)        -1.5581713     -3     3    0.00017224106
325 region_rec_diffs(2,14)        0.14549008     -3     3    0.00011192875
326 region_rec_diffs(2,15)        0.064240602     -3     3    0.00015823672
327 region_rec_diffs(2,16)        0.072730602     -3     3    -1.0018881e-05
328 region_rec_diffs(2,17)        0.30895656     -3     3    -0.00014002862
329 region_rec_diffs(2,18)        -0.84404848     -3     3    3.5072547e-05
330 region_rec_diffs(2,19)        -0.32956056     -3     3    0.00014567414
331 region_rec_diffs(2,20)        -0.30573226     -3     3    -4.1256971e-05
332 region_rec_diffs(2,21)        0.047153154     -3     3    -0.00019072167
333 region_rec_diffs(2,22)        -1.235085     -3     3    -0.00053208512
334 region_rec_diffs(2,23)        -0.55779166     -3     3    -2.5238214e-05
335 region_rec_diffs(2,24)        -1.4130834     -3     3    3.0554324e-05
336 region_rec_diffs(2,25)        -1.3947691     -3     3    0.00016259085
337 region_rec_diffs(2,26)        -1.8332573     -3     3    -2.313966e-05
338 region_rec_diffs(2,27)        -0.175353     -3     3    -0.00016387054
339 region_rec_diffs(2,28)        -1.7039547     -3     3    1.5205967e-05
340 region_rec_diffs(2,29)        0.19804017     -3     3    0.00017783834
341 region_rec_diffs(2,30)        0.27455582     -3     3    0.00016919922
342 region_rec_diffs(2,31)        0.091973216     -3     3    -6.8824326e-06
343 region_rec_diffs(2,32)        0.13082605     -3     3    0.0001988678
344 region_rec_diffs(2,33)        -0.036100376     -3     3    -3.4904287e-05
345 region_rec_diffs(2,34)        -1.5894937     -3     3    0.00014661123
346 region_rec_diffs(2,35)        -0.21121567     -3     3    0.00015116656
347 region_rec_diffs(2,36)        -0.17817608     -3     3    8.0991972e-05
348 region_rec_diffs(2,37)        -1.6789464     -3     3    3.7196707e-05
349 region_rec_diffs(2,38)        -0.2499312     -3     3    5.3959067e-05
350 region_rec_diffs(2,39)        -0.048482801     -3     3    -3.377039e-05
351 region_rec_diffs(2,40)        -0.00057461761     -3     3    3.0756626e-05
352 region_rec_diffs(2,41)        -0.142993     -3     3    0.00023360828
353 region_rec_diffs(2,42)        -0.93699947     -3     3    0.00030292537
354 region_rec_diffs(2,43)        -0.00064875163     -3     3    2.4209816e-05
355 region_rec_diffs(2,44)        0.046521284     -3     3    0.00019502732
356 region_rec_diffs(2,45)        -1.8145025     -3     3    -5.4039692e-05
357 region_rec_diffs(2,46)        -0.83616005     -3     3    0.00016406885
358 region_rec_diffs(2,47)        -0.35600573     -3     3    -7.0443915e-05
359 region_rec_diffs(2,48)        -0.26723179     -3     3    -9.158452e-05
360 region_rec_diffs(2,49)        -0.56941765     -3     3    0.00014386745
361 region_rec_diffs(2,50)        0.0040677992     -3     3    1.4146689e-06
362 region_rec_diffs(2,51)        -1.6518715     -3     3    1.3189075e-05
363 region_rec_diffs(2,52)        -0.12930019     -3     3    0.00033633689
364 region_rec_diffs(2,53)        -0.94098654     -3     3    -7.0763919e-05
365 region_rec_diffs(2,54)        -1.2696118     -3     3    2.2882595e-05
366 region_rec_diffs(2,55)        -0.6129812     -3     3    0.00011424926
367 region_rec_diffs(2,56)        -1.3390151     -3     3    -4.7362947e-05
368 region_rec_diffs(2,57)        -0.22747911     -3     3    1.6239389e-05
369 region_rec_diffs(2,58)        -1.209325     -3     3    2.6693538e-05
370 region_rec_diffs(2,59)        -0.4097628     -3     3    -0.00016011787
371 region_rec_diffs(2,60)        -1.5196685     -3     3    5.8498732e-05
372 region_rec_diffs(2,61)        -1.4952922     -3     3    3.6689334e-05
373 region_rec_diffs(2,62)        -0.003211973     -3     3    0.0001134643
374 region_rec_diffs(2,63)        -0.73065684     -3     3    5.6204456e-05
375 region_rec_diffs(2,64)        -0.9697235     -3     3    -6.850042e-05
376 region_rec_diffs(2,65)        -0.68074572     -3     3    9.8087938e-05
377 region_rec_diffs(2,66)        0.13751083     -3     3    0.00014794617
378 region_rec_diffs(2,67)        -0.50066386     -3     3    7.784224e-05
379 region_rec_diffs(2,68)        -0.93901841     -3     3    0.00011860554
380 region_rec_diffs(2,69)        -0.90346492     -3     3    -9.3459634e-06
381 region_rec_diffs(2,70)        -0.49077416     -3     3    1.7903861e-05
382 region_rec_diffs(2,71)        -0.60380557     -3     3    7.7255702e-05
383 region_rec_diffs(2,72)        -0.23240134     -3     3    -1.2889966e-05
384 region_rec_diffs(2,73)        0.030882353     -3     3    0.000116637
385 region_rec_diffs(2,74)        -1.3625351     -3     3    -3.0527073e-05
386 region_rec_diffs(2,75)        0.13495491     -3     3    0.00021755953
387 region_rec_diffs(2,76)        -0.639475     -3     3    -6.8241907e-05
388 region_rec_diffs(2,77)        0.39092007     -3     3    -3.9597302e-05
389 region_rec_diffs(2,78)        -0.48861887     -3     3    -0.00012798156
390 region_rec_diffs(2,79)        -0.3627912     -3     3    -1.6339235e-05
391 region_rec_diffs(2,80)        -0.98838878     -3     3    -4.6244248e-05
392 region_rec_diffs(2,81)        0.14947057     -3     3    1.2044366e-05
393 region_rec_diffs(2,82)        -0.57424455     -3     3    -4.9753925e-05
394 region_rec_diffs(2,83)        -0.38811869     -3     3    -7.4379911e-05
395 region_rec_diffs(2,84)        0.047085352     -3     3    -0.00019055135
396 region_rec_diffs(2,85)        -0.48214464     -3     3    -0.00017997192
397 region_rec_diffs(2,86)        0.076885511     -3     3    -0.00012594311
398 region_rec_diffs(2,87)        -1.4617361     -3     3    0.0001036315
399 region_rec_diffs(2,88)        -1.7421206     -3     3    6.3180272e-05
400 region_rec_diffs(2,89)        -0.31403899     -3     3    -7.1459631e-05
401 region_rec_diffs(2,90)        0.24662171     -3     3    8.5954848e-05
402 region_rec_diffs(2,91)        -0.037927072     -3     3    -0.00016669721
403 region_rec_diffs(2,92)        -0.21492945     -3     3    -2.9252405e-05
404 region_rec_diffs(2,93)        0.23578735     -3     3    2.5624741e-05
405 region_rec_diffs(2,94)        -1.9004494     -3     3    -1.8791697e-05
406 region_rec_diffs(2,95)        -1.2836619     -3     3    -1.5166728e-05
407 region_rec_diffs(2,96)        -0.14182475     -3     3    0.00014158426
408 region_rec_diffs(2,97)        -0.73277656     -3     3    4.9953582e-06
409 region_rec_diffs(2,98)        -1.0294704     -3     3    4.2157791e-05
410 region_rec_diffs(2,99)        -0.81221928     -3     3    1.1294691e-05
411 region_rec_diffs(2,100)        0.19054857     -3     3    0.00024485458
412 region_rec_diffs(2,101)        -1.6622699     -3     3    5.6969572e-05
413 region_rec_diffs(2,102)        -0.04638957     -3     3    2.3241906e-05
414 region_rec_diffs(2,103)        -0.75812049     -3     3    1.7933817e-05
415 region_rec_diffs(2,104)        -1.4828923     -3     3    -2.991022e-05
416 region_rec_diffs(2,105)        0.0099928967     -3     3    2.6769994e-05
417 region_rec_diffs(2,106)        0.041189015     -3     3    -5.7777617e-05
418 region_rec_diffs(2,107)        0.052635038     -3     3    -0.00014066738
419 region_rec_diffs(2,108)        -0.54883827     -3     3    2.1909451e-06
420 region_rec_diffs(2,109)        -0.98636768     -3     3    3.3416947e-05
421 region_rec_diffs(2,110)        -0.018336332     -3     3    5.9139799e-05
422 region_rec_diffs(2,111)        0.050083576     -3     3    9.3245193e-06
423 region_rec_diffs(2,112)        -0.30509083     -3     3    -3.0473046e-05
424 region_rec_diffs(2,113)        -0.99135625     -3     3    1.4801392e-05
425 region_rec_diffs(2,114)        0.34375623     -3     3    9.3888446e-05
426 region_rec_diffs(2,115)        -0.20148538     -3     3    -0.0001646765
427 region_rec_diffs(2,116)        -1.2907555     -3     3    -3.3910626e-05
428 region_rec_diffs(2,117)        -1.3384473     -3     3    4.980807e-05
429 region_rec_diffs(2,118)        0.049263108     -3     3    0.00023155987
430 region_rec_diffs(2,119)        -1.2222474     -3     3    5.6354339e-05
431 region_rec_diffs(2,120)        0.057690636     -3     3    -0.00046059542
432 region_rec_diffs(2,121)        -0.74110918     -3     3    7.4980799e-05
433 region_rec_diffs(2,122)        -0.53171762     -3     3    -2.2690859e-05
434 region_rec_diffs(2,123)        0.31721007     -3     3    -4.3946915e-05
435 region_rec_diffs(2,124)        -2.4637366     -3     3    5.8023823e-05
436 region_rec_diffs(2,125)        -1.0691827     -3     3    -5.8062225e-05
437 region_rec_diffs(2,126)        0.19082971     -3     3    -1.7253703e-05
438 region_rec_diffs(2,127)        0.3394229     -3     3    0.00012866811
439 region_rec_diffs(2,128)        -0.21788804     -3     3    0.00031894534
440 region_rec_diffs(2,129)        -1.4865179     -3     3    -0.00012574289
441 region_rec_diffs(2,130)        0.19229373     -3     3    9.9121977e-05
442 region_rec_diffs(2,131)        0.10719818     -3     3    -0.00015023712
443 region_rec_diffs(2,132)        -2.5927268     -3     3    1.3834884e-05
444 region_rec_diffs(2,133)        -0.22126347     -3     3    9.4752623e-05
445 region_rec_diffs(2,134)        0.39872608     -3     3    -0.00055978966
446 region_rec_diffs(2,135)        0.12689116     -3     3    -0.00021184357
447 region_rec_diffs(2,136)        -0.59205146     -3     3    -0.00043409547
448 region_rec_diffs(2,137)        0.18698471     -3     3    -0.00020865324
449 region_rec_diffs(2,138)        -1.1201231     -3     3    2.2312719e-05
450 region_rec_diffs(2,139)        0.49680299     -3     3    -0.00078040515
451 region_rec_diffs(2,140)        0.80348179     -3     3    8.3587864e-06
452 region_rec_diffs(2,141)        -1.6381844     -3     3    -0.00014721754
453 region_rec_diffs(2,142)        -0.47241191     -3     3    -8.043336e-05
454 region_rec_diffs(2,143)        -0.12891636     -3     3    -0.00024263368
455 region_rec_diffs(2,144)        -0.91007309     -3     3    0.00012752188
456 region_rec_diffs(2,145)        0.032325075     -3     3    0.00018215238
457 region_rec_diffs(2,146)        -0.9812838     -3     3    -2.2278066e-05
458 region_rec_diffs(2,147)        -1.2158935     -3     3    -2.8362915e-05
459 region_rec_diffs(2,148)        -0.81877519     -3     3    -3.571193e-05
460 region_rec_diffs(2,149)        0.31651882     -3     3    -0.00017634738
461 region_rec_diffs(2,150)        -0.25271168     -3     3    9.2103643e-05
462 region_rec_diffs(2,151)        -0.012448857     -3     3    -5.5132132e-05
463 region_rec_diffs(2,152)        -0.64723293     -3     3    5.7993524e-05
464 region_rec_diffs(2,153)        -1.5496549     -3     3    -5.0141973e-07
465 region_rec_diffs(2,154)        -0.83906198     -3     3    -2.2508008e-05
466 region_rec_diffs(2,155)        0.24782129     -3     3    -2.1858546e-05
467 region_rec_diffs(2,156)        -0.72361353     -3     3    0.00023552971
468 region_rec_diffs(2,157)        -1.9210753     -3     3    9.1458389e-05
469 region_rec_diffs(2,158)        -0.17369493     -3     3    0.00032613095
470 region_rec_diffs(2,159)        -1.8141659     -3     3    -3.8077697e-05
471 region_rec_diffs(2,160)        -0.066355084     -3     3    -6.5505182e-05
472 region_rec_diffs(2,161)        -0.45015287     -3     3    0.00018294258
473 region_rec_diffs(2,162)        -0.50365775     -3     3    0.00039920988
474 region_rec_diffs(2,163)        0.29979317     -3     3    -0.00013417395
475 region_rec_diffs(2,164)        -0.91235913     -3     3    -0.00029788599
476 region_rec_diffs(2,165)        -0.5664981     -3     3    -0.00033533681
477 region_rec_diffs(2,166)        0.6309703     -3     3    -3.4103811e-05
478 region_rec_diffs(2,167)        0.24055431     -3     3    -0.00032766833
479 region_rec_diffs(2,168)        -0.65026857     -3     3    -8.6238417e-05
480 region_rec_diffs(2,169)        -0.41051347     -3     3    -7.7993367e-06
481 region_rec_diffs(2,170)        0.38768878     -3     3    -0.00014636753
482 region_rec_diffs(2,171)        -1.0550177     -3     3    0.00015460997
483 region_rec_diffs(2,172)        -2.658658     -3     3    2.155378e-05
484 region_rec_diffs(2,173)        -0.79686221     -3     3    0.00017466346
485 region_rec_diffs(2,174)        0.10320091     -3     3    7.1579979e-05
486 region_rec_diffs(2,175)        -0.35254569     -3     3    0.00014206236
487 region_rec_diffs(2,176)        -0.42331118     -3     3    0.0002620935
488 region_rec_diffs(2,177)        0.55857688     -3     3    -3.1105451e-05
489 region_rec_diffs(2,178)        0.13226109     -3     3    -0.00053675297
490 region_rec_diffs(2,179)        0.47720982     -3     3    8.9952051e-05
491 region_rec_diffs(2,180)        -0.81409642     -3     3    0.0002081014
492 region_rec_diffs(2,181)        -0.11451768     -3     3    -0.00051778114
493 region_rec_diffs(2,182)        0.70909595     -3     3    0.00010446355
494 region_rec_diffs(2,183)        0.48317266     -3     3    -0.00066952535
495 region_rec_diffs(2,184)        -0.16843198     -3     3    -7.6586584e-05
496 region_rec_diffs(2,185)        -0.90792944     -3     3    -3.1098702e-05
497 region_rec_diffs(2,186)        -0.013444245     -3     3    -0.00052316095
498 region_rec_diffs(2,187)        -0.20651296     -3     3    -0.00015028694
499 region_rec_diffs(2,188)        0.060158737     -3     3    6.2520754e-05
500 region_rec_diffs(2,189)        -0.64498703     -3     3    -3.2935732e-05
501 region_rec_diffs(2,190)        0.65314221     -3     3    -1.7748646e-05
502 region_rec_diffs(2,191)        0.81988034     -3     3    -1.2486078e-05
503 region_rec_diffs(2,192)        0.1860022     -3     3    9.0156993e-05
504 region_rec_diffs(2,193)        -1.779112     -3     3    -0.00018223581
505 region_rec_diffs(2,194)        0.61891783     -3     3    2.4970281e-05
506 region_rec_diffs(2,195)        0.23509983     -3     3    -0.00044510065
507 region_rec_diffs(2,196)        -0.80021896     -3     3    0.00013517246
508 region_rec_diffs(2,197)        -0.7198519     -3     3    0.00011254931
509 region_rec_diffs(2,198)        0.71060397     -3     3    5.2139587e-05
510 region_rec_diffs(2,199)        0.12448089     -3     3    0.00012504945
511 region_rec_diffs(2,200)        0.52119168     -3     3    8.1794464e-05
512 region_rec_diffs(2,201)        0.30150739     -3     3    -0.00071158691
513 region_rec_diffs(2,202)        -0.76312618     -3     3    0.0001180521
514 region_rec_diffs(2,203)        -1.3908752     -3     3    7.9512549e-05
515 region_rec_diffs(2,204)        -0.83110671     -3     3    4.5384471e-05
516 region_rec_diffs(2,205)        -0.27932288     -3     3    0.00019245346
517 region_rec_diffs(2,206)        0.73004668     -3     3    -5.3703028e-06
518 region_rec_diffs(2,207)        0.53234952     -3     3    0.00028503927
519 region_rec_diffs(2,208)        0.75475942     -3     3    3.2570806e-05
520 region_rec_diffs(2,209)        -1.6638973     -3     3    3.9445277e-05
521 region_rec_diffs(2,210)        -0.8953556     -3     3    6.6133767e-05
522 region_rec_diffs(2,211)        -0.987581     -3     3    -7.7325213e-05
523 region_rec_diffs(2,212)        -0.49409932     -3     3    -0.00031668955
524 region_rec_diffs(2,213)        -0.14968074     -3     3    0.00016343246
525 region_rec_diffs(2,214)        0.58339614     -3     3    1.8379224e-05
526 region_rec_diffs(2,215)        0.22669125     -3     3    -0.00011390921
527 region_rec_diffs(2,216)        0.25727331     -3     3    0.00021066369
528 region_rec_diffs(2,217)        -0.54236967     -3     3    0.00024890925
529 region_rec_diffs(2,218)        0.35867367     -3     3    7.8605055e-05
530 region_rec_diffs(2,219)        0.44819847     -3     3    1.1354694e-05
531 region_rec_diffs(2,220)        -0.24638335     -3     3    0.00022626649
532 region_rec_diffs(2,221)        0.28879411     -3     3    -0.0001229848
533 region_rec_diffs(2,222)        0.69244225     -3     3    0.00023218838
534 region_rec_diffs(2,223)        0.09574293     -3     3    -0.00024115954
535 region_rec_diffs(2,224)        -0.89855362     -3     3    -8.57725e-06
536 region_rec_diffs(2,225)        -0.05121863     -3     3    0.00026034556
537 region_rec_diffs(2,226)        0.72853234     -3     3    -3.3275609e-05
538 region_rec_diffs(2,227)        0.65393183     -3     3    6.0453542e-06
539 region_rec_diffs(2,228)        0.51937387     -3     3    -0.00025251909
540 region_rec_diffs(2,229)        -1.5326989     -3     3    -0.0001727697
541 region_rec_diffs(2,230)        -0.41521892     -3     3    0.00014936508
542 region_rec_diffs(2,231)        -0.78934403     -3     3    -0.00021439382
543 region_rec_diffs(2,232)        -1.3989629     -3     3    -0.00012101553
544 region_rec_diffs(2,233)        -0.080437856     -3     3    0.00021382307
545 region_rec_diffs(2,234)        -0.025497705     -3     3    -6.2651153e-05
546 region_rec_diffs(2,235)        -0.039434308     -3     3    0.00016758554
547 region_rec_diffs(2,236)        0.11449824     -3     3    0.00039905153
548 region_rec_diffs(2,237)        -0.51072322     -3     3    1.7422011e-05
549 region_rec_diffs(2,238)        0.16092154     -3     3    0.00052557544
550 region_rec_diffs(2,239)        0.40966844     -3     3    0.00017982643
551 region_rec_diffs(2,240)        -0.4025846     -3     3    2.5264162e-05
552 region_rec_diffs(2,241)        -1.4020925     -3     3    0.00050446615
553 region_rec_diffs(2,242)        0.15157849     -3     3    -7.513995e-06
554 region_rec_diffs(2,243)        0.091694074     -3     3    -4.4300526e-05
555 region_rec_diffs(2,244)        -0.33714648     -3     3    -0.00054590034
556 region_rec_diffs(2,245)        -0.26866961     -3     3    0.00079928711
557 region_rec_diffs(2,246)        -0.11218474     -3     3    -0.00011011654
558 region_rec_diffs(2,247)        -0.48349833     -3     3    -0.00011126536
559 region_rec_diffs(2,248)        -1.3721818     -3     3    -0.00037301341
560 region_rec_diffs(2,249)        -0.51035633     -3     3    0.00026523086
561 region_rec_diffs(2,250)        -0.096162887     -3     3    0.00023119355
562 region_rec_diffs(2,251)        -0.26364123     -3     3    0.00016997201
563 region_rec_diffs(2,252)        -0.71267505     -3     3    2.0537158e-05
564 region_rec_diffs(2,253)        -1.6308024     -3     3    8.6796495e-05
565 region_rec_diffs(2,254)        -0.52454434     -3     3    0.00028778847
566 region_rec_diffs(2,255)        -0.040894047     -3     3    0.00079072775
567 region_rec_diffs(2,256)        -0.47022971     -3     3    -4.3453562e-05
568 region_rec_diffs(2,257)        -0.90129431     -3     3    0.0001667378
569 region_rec_diffs(2,258)        0.15375719     -3     3    1.2400317e-05
570 region_rec_diffs(2,259)        0.78996008     -3     3    -8.3299866e-05
571 region_rec_diffs(2,260)        -0.63352821     -3     3    9.3530249e-05
572 region_rec_diffs(2,261)        -0.70533397     -3     3    9.0144454e-05
573 region_rec_diffs(2,262)        0.50285342     -3     3    -0.00010365048
574 region_rec_diffs(2,263)        0.31057267     -3     3    -8.6534311e-05
575 region_rec_diffs(2,264)        -2.0267185     -3     3    9.5528766e-05
576 region_rec_diffs(2,265)        -1.0983212     -3     3    -0.0003454489
577 region_rec_diffs(2,266)        0.026700939     -3     3    -0.00010812727
578 region_rec_diffs(2,267)        0.00051828863     -3     3    7.8488667e-05
579 region_rec_diffs(2,268)        -1.2553342     -3     3    -0.00012437939
580 region_rec_diffs(2,269)        -2.1596647     -3     3    0.00031129941
581 region_rec_diffs(2,270)        -0.72451581     -3     3    -0.00019279692
582 region_rec_diffs(2,271)        -0.83931154     -3     3    -1.8419071e-06
583 region_rec_diffs(2,272)        0.34897076     -3     3    -0.00098731345
584 region_rec_diffs(2,273)        -0.29853725     -3     3    -0.00017410191
585 region_rec_diffs(2,274)        -1.5103296     -3     3    -0.00013210877
586 region_rec_diffs(2,275)        0.15962362     -3     3    -0.00038510955
587 region_rec_diffs(2,276)        -0.76230657     -3     3    -1.4754067e-05
588 region_rec_diffs(2,277)        -1.8908965     -3     3    9.5258831e-05
589 region_rec_diffs(2,278)        -0.97742008     -3     3    3.5211471e-05
590 region_rec_diffs(2,279)        0.18884695     -3     3    -0.00021734961
591 region_rec_diffs(3,1)        -1.3322676e-15     -3     3    -3.1600903e-15
592 region_rec_diffs(3,2)        -1.2069006     -3     3    3.1851257e-05
593 region_rec_diffs(3,3)        -1.2319304     -3     3    5.8756699e-05
594 region_rec_diffs(3,4)        -1.4261662     -3     3    3.1088398e-05
595 region_rec_diffs(3,5)        -1.2384717     -3     3    3.2835959e-05
596 region_rec_diffs(3,6)        -0.17745365     -3     3    1.5375579e-05
597 region_rec_diffs(3,7)        -0.098064742     -3     3    5.3505551e-05
598 region_rec_diffs(3,8)        -0.14547683     -3     3    3.3642458e-05
599 region_rec_diffs(3,9)        -1.7471498     -3     3    7.1819417e-05
600 region_rec_diffs(3,10)        -0.16316306     -3     3    3.9728185e-05
601 region_rec_diffs(3,11)        -0.044725206     -3     3    -9.7494414e-06
602 region_rec_diffs(3,12)        -0.057782912     -3     3    -9.5842827e-05
603 region_rec_diffs(3,13)        -1.41114     -3     3    4.2765059e-05
604 region_rec_diffs(3,14)        -0.35119673     -3     3    -3.4585065e-06
605 region_rec_diffs(3,15)        -0.030239633     -3     3    6.3227963e-05
606 region_rec_diffs(3,16)        -0.0096595622     -3     3    3.6752082e-05
607 region_rec_diffs(3,17)        -0.42050612     -3     3    -1.1793083e-05
608 region_rec_diffs(3,18)        -1.4124235     -3     3    -1.275812e-05
609 region_rec_diffs(3,19)        -0.27419394     -3     3    7.1221848e-05
610 region_rec_diffs(3,20)        -0.2531043     -3     3    -3.0014012e-05
611 region_rec_diffs(3,21)        -0.59072388     -3     3    3.7469545e-05
612 region_rec_diffs(3,22)        -1.1461577     -3     3    -0.00021859028
613 region_rec_diffs(3,23)        -0.29873775     -3     3    3.1017799e-06
614 region_rec_diffs(3,24)        -0.83953184     -3     3    -9.3969866e-07
615 region_rec_diffs(3,25)        -0.74383299     -3     3    6.6897698e-05
616 region_rec_diffs(3,26)        -1.144832     -3     3    -3.1006614e-05
617 region_rec_diffs(3,27)        -0.068264039     -3     3    -7.0128048e-05
618 region_rec_diffs(3,28)        -1.3026134     -3     3    -1.6564676e-05
619 region_rec_diffs(3,29)        -0.8281362     -3     3    -3.7087999e-06
620 region_rec_diffs(3,30)        -0.17388759     -3     3    2.4659583e-05
621 region_rec_diffs(3,31)        0.0089015038     -3     3    4.2722514e-06
622 region_rec_diffs(3,32)        0.055113156     -3     3    8.4077947e-05
623 region_rec_diffs(3,33)        0.35827731     -3     3    1.4917353e-05
624 region_rec_diffs(3,34)        -0.057778473     -3     3    0.00018413389
625 region_rec_diffs(3,35)        -0.054094858     -3     3    5.9053815e-05
626 region_rec_diffs(3,36)        -0.050880491     -3     3    2.6158079e-05
627 region_rec_diffs(3,37)        -0.14546334     -3     3    -0.0002230256
628 region_rec_diffs(3,38)        0.14266393     -3     3    7.9100394e-05
629 region_rec_diffs(3,39)        0.037791234     -3     3    -1.3054317e-05
630 region_rec_diffs(3,40)        0.029821865     -3     3    1.423712e-05
631 region_rec_diffs(3,41)        -0.18867078     -3     3    6.1291891e-05
632 region_rec_diffs(3,42)        -0.33596391     -3     3    0.00019778947
633 region_rec_diffs(3,43)        0.025171831     -3     3    9.0639144e-06
634 region_rec_diffs(3,44)        0.15345223     -3     3    9.050248e-05
635 region_rec_diffs(3,45)        -0.31521957     -3     3    -0.00020657859
636 region_rec_diffs(3,46)        -0.28105222     -3     3    0.00011838257
637 region_rec_diffs(3,47)        0.032768521     -3     3    4.5185386e-06
638 region_rec_diffs(3,48)        0.65177916     -3     3    -6.5695748e-05
639 region_rec_diffs(3,49)        -0.047871663     -3     3    8.8811179e-06
640 region_rec_diffs(3,50)        -0.038030441     -3     3    -4.7335552e-06
641 region_rec_diffs(3,51)        -1.1810757     -3     3    -2.254205e-05
642 region_rec_diffs(3,52)        -0.17012717     -3     3    0.00010055253
643 region_rec_diffs(3,53)        -0.22313059     -3     3    -7.4914786e-06
644 region_rec_diffs(3,54)        -0.20136818     -3     3    -1.2053652e-05
645 region_rec_diffs(3,55)        -0.10569178     -3     3    9.1826404e-05
646 region_rec_diffs(3,56)        -0.55329576     -3     3    -7.6901698e-05
647 region_rec_diffs(3,57)        0.7243446     -3     3    4.3929663e-06
648 region_rec_diffs(3,58)        0.1311571     -3     3    4.1817106e-05
649 region_rec_diffs(3,59)        -0.1043179     -3     3    -8.6686369e-05
650 region_rec_diffs(3,60)        -0.34026069     -3     3    3.242818e-05
651 region_rec_diffs(3,61)        -0.62024925     -3     3    -1.7789606e-05
652 region_rec_diffs(3,62)        -0.093551496     -3     3    2.7383029e-05
653 region_rec_diffs(3,63)        -0.48854236     -3     3    3.26818e-05
654 region_rec_diffs(3,64)        -0.63389067     -3     3    -4.3045163e-05
655 region_rec_diffs(3,65)        0.53327614     -3     3    0.00012786554
656 region_rec_diffs(3,66)        0.090841311     -3     3    3.6391765e-05
657 region_rec_diffs(3,67)        -0.19950861     -3     3    7.1522401e-05
658 region_rec_diffs(3,68)        -0.39788096     -3     3    6.7016846e-05
659 region_rec_diffs(3,69)        0.6592578     -3     3    -6.5558599e-05
660 region_rec_diffs(3,70)        -0.073056337     -3     3    3.748971e-05
661 region_rec_diffs(3,71)        -0.32225577     -3     3    4.2128334e-05
662 region_rec_diffs(3,72)        -0.14183038     -3     3    -9.3266255e-07
663 region_rec_diffs(3,73)        -0.0076548898     -3     3    8.6478234e-07
664 region_rec_diffs(3,74)        -1.1141572     -3     3    -4.1798949e-05
665 region_rec_diffs(3,75)        -0.037362501     -3     3    5.7472181e-05
666 region_rec_diffs(3,76)        -0.48775959     -3     3    -5.1859511e-05
667 region_rec_diffs(3,77)        0.070428445     -3     3    2.7139021e-05
668 region_rec_diffs(3,78)        -0.42734218     -3     3    -6.8924269e-05
669 region_rec_diffs(3,79)        -0.39851164     -3     3    -5.396314e-05
670 region_rec_diffs(3,80)        -0.39529574     -3     3    5.4622199e-06
671 region_rec_diffs(3,81)        -1.1854388     -3     3    4.2993656e-05
672 region_rec_diffs(3,82)        -0.73212246     -3     3    -2.6323769e-05
673 region_rec_diffs(3,83)        0.23090333     -3     3    -0.00014411629
674 region_rec_diffs(3,84)        -0.47595641     -3     3    -7.0471856e-05
675 region_rec_diffs(3,85)        0.36304553     -3     3    -0.00019348189
676 region_rec_diffs(3,86)        0.097801127     -3     3    -6.8665326e-05
677 region_rec_diffs(3,87)        -0.54068325     -3     3    4.7184495e-05
678 region_rec_diffs(3,88)        0.1757681     -3     3    0.00010225642
679 region_rec_diffs(3,89)        -0.27591141     -3     3    3.6370738e-05
680 region_rec_diffs(3,90)        -0.17314593     -3     3    1.6347239e-05
681 region_rec_diffs(3,91)        -0.24154767     -3     3    2.263641e-05
682 region_rec_diffs(3,92)        -0.56315112     -3     3    -9.7879774e-06
683 region_rec_diffs(3,93)        -0.15623672     -3     3    3.1783217e-05
684 region_rec_diffs(3,94)        0.20222508     -3     3    -0.00034131924
685 region_rec_diffs(3,95)        0.55571275     -3     3    -9.0024627e-05
686 region_rec_diffs(3,96)        -0.082614796     -3     3    6.1655033e-05
687 region_rec_diffs(3,97)        0.32648158     -3     3    3.7927385e-05
688 region_rec_diffs(3,98)        -0.70502868     -3     3    8.1779857e-05
689 region_rec_diffs(3,99)        0.55147983     -3     3    -5.7533738e-05
690 region_rec_diffs(3,100)        -1.376032     -3     3    -3.9985753e-05
691 region_rec_diffs(3,101)        0.16240544     -3     3    6.3255836e-05
692 region_rec_diffs(3,102)        -0.016277663     -3     3    1.2056747e-05
693 region_rec_diffs(3,103)        -0.4112369     -3     3    1.6420878e-05
694 region_rec_diffs(3,104)        0.45363701     -3     3    9.3579225e-05
695 region_rec_diffs(3,105)        -0.036242954     -3     3    -1.7331717e-05
696 region_rec_diffs(3,106)        -0.030524012     -3     3    -2.0166672e-05
697 region_rec_diffs(3,107)        -0.046711638     -3     3    -4.8618266e-05
698 region_rec_diffs(3,108)        -0.31718948     -3     3    2.6235468e-05
699 region_rec_diffs(3,109)        0.52424131     -3     3    0.00017385571
700 region_rec_diffs(3,110)        -0.045366053     -3     3    2.9089468e-05
701 region_rec_diffs(3,111)        -0.037293355     -3     3    2.9184997e-06
702 region_rec_diffs(3,112)        -0.010694841     -3     3    1.3521885e-05
703 region_rec_diffs(3,113)        0.50942037     -3     3    5.4798591e-05
704 region_rec_diffs(3,114)        -0.31265252     -3     3    2.9634894e-05
705 region_rec_diffs(3,115)        -0.01907915     -3     3    -8.0705719e-05
706 region_rec_diffs(3,116)        0.84757094     -3     3    -0.00013557441
707 region_rec_diffs(3,117)        0.0043522377     -3     3    7.9553223e-05
708 region_rec_diffs(3,118)        0.085425851     -3     3    0.00011727333
709 region_rec_diffs(3,119)        -0.86131886     -3     3    1.3664948e-05
710 region_rec_diffs(3,120)        0.72951925     -3     3    -0.00025086333
711 region_rec_diffs(3,121)        -0.010943685     -3     3    0.00014449361
712 region_rec_diffs(3,122)        -0.99187389     -3     3    -3.8124488e-05
713 region_rec_diffs(3,123)        -0.11925188     -3     3    -4.5687139e-06
714 region_rec_diffs(3,124)        0.94188702     -3     3    0.00032183967
715 region_rec_diffs(3,125)        0.85772687     -3     3    0.00019839829
716 region_rec_diffs(3,126)        -0.70599517     -3     3    -3.6846342e-05
717 region_rec_diffs(3,127)        -0.42520457     -3     3    -1.9164475e-06
718 region_rec_diffs(3,128)        -0.25481906     -3     3    2.1439294e-05
719 region_rec_diffs(3,129)        -0.84131519     -3     3    -3.5332048e-05
720 region_rec_diffs(3,130)        -0.1567984     -3     3    -6.1105736e-05
721 region_rec_diffs(3,131)        0.19030672     -3     3    1.973941e-05
722 region_rec_diffs(3,132)        1.4881562     -3     3    -0.00069207728
723 region_rec_diffs(3,133)        -0.88870619     -3     3    0.00013287193
724 region_rec_diffs(3,134)        -0.80210674     -3     3    -7.2122225e-05
725 region_rec_diffs(3,135)        -0.61698952     -3     3    -9.1753033e-06
726 region_rec_diffs(3,136)        -0.96845292     -3     3    -0.00014270544
727 region_rec_diffs(3,137)        -0.76131965     -3     3    -4.2438924e-05
728 region_rec_diffs(3,138)        -0.99453097     -3     3    -3.3036541e-05
729 region_rec_diffs(3,139)        -0.46149024     -3     3    -0.00013952449
730 region_rec_diffs(3,140)        -1.7516014     -3     3    -5.4586463e-05
731 region_rec_diffs(3,141)        -1.1561687     -3     3    -4.8095454e-05
732 region_rec_diffs(3,142)        -0.21881174     -3     3    -3.9586211e-05
733 region_rec_diffs(3,143)        0.94987834     -3     3    -0.00040104921
734 region_rec_diffs(3,144)        0.97937966     -3     3    -2.6662349e-05
735 region_rec_diffs(3,145)        -0.6184641     -3     3    0.00031909418
736 region_rec_diffs(3,146)        1.1728446     -3     3    6.9461263e-05
737 region_rec_diffs(3,147)        1.0640627     -3     3    -0.00019172038
738 region_rec_diffs(3,148)        -1.0150457     -3     3    -1.2833218e-05
739 region_rec_diffs(3,149)        -1.2578333     -3     3    -2.1752163e-05
740 region_rec_diffs(3,150)        0.0067379767     -3     3    8.0060915e-05
741 region_rec_diffs(3,151)        0.86375465     -3     3    0.00015214345
742 region_rec_diffs(3,152)        -1.2543241     -3     3    9.6693428e-05
743 region_rec_diffs(3,153)        0.2330362     -3     3    -0.00028450044
744 region_rec_diffs(3,154)        1.339619     -3     3    2.502634e-05
745 region_rec_diffs(3,155)        0.014794451     -3     3    0.00031649168
746 region_rec_diffs(3,156)        -1.5244832     -3     3    3.1163097e-05
747 region_rec_diffs(3,157)        -1.359566     -3     3    0.00015571755
748 region_rec_diffs(3,158)        0.97297537     -3     3    -0.0002512974
749 region_rec_diffs(3,159)        1.6004041     -3     3    -0.00018882088
750 region_rec_diffs(3,160)        0.82256359     -3     3    0.00044043555
751 region_rec_diffs(3,161)        0.62648315     -3     3    -1.3879554e-05
752 region_rec_diffs(3,162)        0.911214     -3     3    8.8705102e-05
753 region_rec_diffs(3,163)        -1.7761034     -3     3    -5.22879e-05
754 region_rec_diffs(3,164)        -1.8649536     -3     3    -0.00018844373
755 region_rec_diffs(3,165)        1.2313076     -3     3    -0.00015396846
756 region_rec_diffs(3,166)        -0.81299828     -3     3    1.6988709e-05
757 region_rec_diffs(3,167)        0.67770829     -3     3    0.00022995226
758 region_rec_diffs(3,168)        -1.7490512     -3     3    0.00013377101
759 region_rec_diffs(3,169)        -0.23663461     -3     3    0.00016705883
760 region_rec_diffs(3,170)        0.37500352     -3     3    6.3399493e-05
761 region_rec_diffs(3,171)        1.3246074     -3     3    -0.00011291818
762 region_rec_diffs(3,172)        -1.1295059     -3     3    0.00023179774
763 region_rec_diffs(3,173)        -0.92773638     -3     3    0.00026942775
764 region_rec_diffs(3,174)        0.40019691     -3     3    0.00011729774
765 region_rec_diffs(3,175)        1.2201032     -3     3    4.5713366e-06
766 region_rec_diffs(3,176)        0.9759889     -3     3    6.1469727e-05
767 region_rec_diffs(3,177)        -0.27851081     -3     3    -0.00033392428
768 region_rec_diffs(3,178)        -0.79908491     -3     3    -0.00013567437
769 region_rec_diffs(3,179)        -0.94929467     -3     3    -0.00018927671
770 region_rec_diffs(3,180)        -2.2443941     -3     3    0.00017362734
771 region_rec_diffs(3,181)        -2.0001008     -3     3    -0.00016648846
772 region_rec_diffs(3,182)        -1.3000681     -3     3    -9.2586726e-05
773 region_rec_diffs(3,183)        0.47356732     -3     3    -0.00021194042
774 region_rec_diffs(3,184)        1.2732472     -3     3    5.6674668e-05
775 region_rec_diffs(3,185)        1.0499382     -3     3    0.0001115043
776 region_rec_diffs(3,186)        0.13424329     -3     3    -0.00032790513
777 region_rec_diffs(3,187)        -1.7817632     -3     3    -5.0139485e-05
778 region_rec_diffs(3,188)        -2.3055802     -3     3    -7.482295e-05
779 region_rec_diffs(3,189)        -0.8360062     -3     3    -0.00019711379
780 region_rec_diffs(3,190)        -0.27109725     -3     3    0.00024333128
781 region_rec_diffs(3,191)        -2.0325148     -3     3    -0.00018326945
782 region_rec_diffs(3,192)        -0.50005218     -3     3    0.00011733392
783 region_rec_diffs(3,193)        -0.44144594     -3     3    0.00010454433
784 region_rec_diffs(3,194)        -0.79570517     -3     3    0.00026369531
785 region_rec_diffs(3,195)        -1.3978702     -3     3    -0.00015753567
786 region_rec_diffs(3,196)        0.075397533     -3     3    -0.00040818512
787 region_rec_diffs(3,197)        0.93751497     -3     3    9.6769666e-05
788 region_rec_diffs(3,198)        -0.5247237     -3     3    9.364368e-05
789 region_rec_diffs(3,199)        -0.92763394     -3     3    0.00020973662
790 region_rec_diffs(3,200)        -1.4470129     -3     3    9.2877125e-06
791 region_rec_diffs(3,201)        -1.5807729     -3     3    -5.191649e-05
792 region_rec_diffs(3,202)        -0.12182551     -3     3    0.00012866269
793 region_rec_diffs(3,203)        -0.11308419     -3     3    -5.8926532e-05
794 region_rec_diffs(3,204)        0.35372304     -3     3    -3.4552713e-05
795 region_rec_diffs(3,205)        1.2135362     -3     3    0.00029209788
796 region_rec_diffs(3,206)        -0.48272352     -3     3    1.4352515e-06
797 region_rec_diffs(3,207)        0.16249791     -3     3    -4.6512723e-05
798 region_rec_diffs(3,208)        -1.6407784     -3     3    0.00017707778
799 region_rec_diffs(3,209)        1.3839027     -3     3    0.00038862726
800 region_rec_diffs(3,210)        0.16926086     -3     3    0.00028674857
801 region_rec_diffs(3,211)        0.54013616     -3     3    -0.00022159799
802 region_rec_diffs(3,212)        -2.0593333     -3     3    -7.8867194e-05
803 region_rec_diffs(3,213)        0.81756883     -3     3    -0.00011353795
804 region_rec_diffs(3,214)        -0.072196689     -3     3    0.00014146029
805 region_rec_diffs(3,215)        0.25866046     -3     3    -0.00021312725
806 region_rec_diffs(3,216)        -1.7825581     -3     3    -0.0002662807
807 region_rec_diffs(3,217)        -0.43142812     -3     3    -0.00048979228
808 region_rec_diffs(3,218)        -1.4363164     -3     3    -6.458857e-05
809 region_rec_diffs(3,219)        -0.73043609     -3     3    -0.00017274868
810 region_rec_diffs(3,220)        -0.66193929     -3     3    3.5581743e-05
811 region_rec_diffs(3,221)        -0.59703507     -3     3    -0.00047423407
812 region_rec_diffs(3,222)        -1.0843067     -3     3    -0.00027313348
813 region_rec_diffs(3,223)        -2.3684663     -3     3    -4.5216026e-05
814 region_rec_diffs(3,224)        0.10267272     -3     3    -0.00034888131
815 region_rec_diffs(3,225)        0.80284459     -3     3    -7.1754453e-05
816 region_rec_diffs(3,226)        -0.78520695     -3     3    -0.00012026188
817 region_rec_diffs(3,227)        -0.96924581     -3     3    -0.00020812169
818 region_rec_diffs(3,228)        0.15852095     -3     3    -6.0374597e-05
819 region_rec_diffs(3,229)        0.25000602     -3     3    -5.7555958e-05
820 region_rec_diffs(3,230)        0.90697725     -3     3    0.00031104551
821 region_rec_diffs(3,231)        0.63704053     -3     3    3.6473102e-05
822 region_rec_diffs(3,232)        -0.13197783     -3     3    0.0002098883
823 region_rec_diffs(3,233)        0.61589966     -3     3    0.00028580148
824 region_rec_diffs(3,234)        1.0397216     -3     3    2.0922137e-06
825 region_rec_diffs(3,235)        0.94078331     -3     3    0.00029483878
826 region_rec_diffs(3,236)        -0.25595471     -3     3    3.9056587e-05
827 region_rec_diffs(3,237)        -0.25078393     -3     3    1.9526012e-05
828 region_rec_diffs(3,238)        -0.32496631     -3     3    -8.4051825e-05
829 region_rec_diffs(3,239)        0.19139976     -3     3    0.00011601661
830 region_rec_diffs(3,240)        1.1017594     -3     3    -8.5770536e-05
831 region_rec_diffs(3,241)        0.20615802     -3     3    -0.00012151352
832 region_rec_diffs(3,242)        -0.052680881     -3     3    0.00017479029
833 region_rec_diffs(3,243)        -0.85962163     -3     3    0.00021730747
834 region_rec_diffs(3,244)        -2.4829258     -3     3    -0.00012981501
835 region_rec_diffs(3,245)        0.56352413     -3     3    0.00012682269
836 region_rec_diffs(3,246)        1.0318584     -3     3    0.00015389183
837 region_rec_diffs(3,247)        1.3117042     -3     3    0.00040826936
838 region_rec_diffs(3,248)        0.36439829     -3     3    -0.00025672553
839 region_rec_diffs(3,249)        1.0016403     -3     3    0.00019691433
840 region_rec_diffs(3,250)        1.1824737     -3     3    -0.00041146397
841 region_rec_diffs(3,251)        1.2907055     -3     3    -0.00028061102
842 region_rec_diffs(3,252)        1.2931505     -3     3    0.00032526396
843 region_rec_diffs(3,253)        0.51227274     -3     3    0.00065028219
844 region_rec_diffs(3,254)        1.4037984     -3     3    -0.00010175895
845 region_rec_diffs(3,255)        0.8388054     -3     3    0.00025687931
846 region_rec_diffs(3,256)        0.56912949     -3     3    0.00015705688
847 region_rec_diffs(3,257)        0.1291632     -3     3    8.5772041e-05
848 region_rec_diffs(3,258)        0.85710426     -3     3    1.9757533e-05
849 region_rec_diffs(3,259)        -2.4128508     -3     3    2.4743473e-05
850 region_rec_diffs(3,260)        -1.7950007     -3     3    0.00014525087
851 region_rec_diffs(3,261)        0.89036487     -3     3    0.00010617959
852 region_rec_diffs(3,262)        0.3753027     -3     3    -5.3523133e-05
853 region_rec_diffs(3,263)        0.68570514     -3     3    -0.00014084625
854 region_rec_diffs(3,264)        0.51187545     -3     3    -0.00014678159
855 region_rec_diffs(3,265)        0.049874558     -3     3    -0.00022240758
856 region_rec_diffs(3,266)        1.053576     -3     3    -6.6378277e-05
857 region_rec_diffs(3,267)        1.1022902     -3     3    -0.00034750176
858 region_rec_diffs(3,268)        1.379049     -3     3    7.7514583e-05
859 region_rec_diffs(3,269)        0.58737363     -3     3    0.00019301425
860 region_rec_diffs(3,270)        1.3967922     -3     3    0.00039044594
861 region_rec_diffs(3,271)        0.37710331     -3     3    3.2837041e-05
862 region_rec_diffs(3,272)        -0.3171819     -3     3    4.9693693e-05
863 region_rec_diffs(3,273)        -0.67430732     -3     3    -4.8036357e-05
864 region_rec_diffs(3,274)        1.5701869     -3     3    -0.00038391564
865 region_rec_diffs(3,275)        -1.3119061     -3     3    6.5323309e-05
866 region_rec_diffs(3,276)        -1.3706682     -3     3    -7.3420571e-05
867 region_rec_diffs(3,277)        0.87275655     -3     3    0.00044641394
868 region_rec_diffs(3,278)        1.0007956     -3     3    0.00010499398
869 region_rec_diffs(3,279)        -0.27805037     -3     3    0.00012770087
870 region_rec_diffs(4,1)        -8.8817842e-16     -3     3    -2.4565426e-15
871 region_rec_diffs(4,2)        0.12527839     -3     3    1.9590497e-05
872 region_rec_diffs(4,3)        0.088900225     -3     3    6.647936e-05
873 region_rec_diffs(4,4)        0.098916095     -3     3    -0.00022751969
874 region_rec_diffs(4,5)        0.13356787     -3     3    5.6874687e-05
875 region_rec_diffs(4,6)        0.078844017     -3     3    -1.3025259e-05
876 region_rec_diffs(4,7)        0.064716354     -3     3    2.2074236e-05
877 region_rec_diffs(4,8)        0.10493914     -3     3    0.00011384909
878 region_rec_diffs(4,9)        -0.17757254     -3     3    -1.4469646e-05
879 region_rec_diffs(4,10)        0.062460659     -3     3    9.5381553e-06
880 region_rec_diffs(4,11)        0.024419529     -3     3    -1.9725818e-05
881 region_rec_diffs(4,12)        0.036659238     -3     3    -7.1098318e-05
882 region_rec_diffs(4,13)        0.78556693     -3     3    -0.00027467434
883 region_rec_diffs(4,14)        0.4634292     -3     3    0.00017986167
884 region_rec_diffs(4,15)        0.074008885     -3     3    7.4093341e-05
885 region_rec_diffs(4,16)        0.079569686     -3     3    -6.7880269e-05
886 region_rec_diffs(4,17)        0.38654119     -3     3    -0.00012995732
887 region_rec_diffs(4,18)        0.36674673     -3     3    2.3801569e-05
888 region_rec_diffs(4,19)        0.051173372     -3     3    6.4047398e-05
889 region_rec_diffs(4,20)        0.10510133     -3     3    -5.4307436e-06
890 region_rec_diffs(4,21)        0.57745738     -3     3    -0.00017575257
891 region_rec_diffs(4,22)        0.23018079     -3     3    -6.3762451e-05
892 region_rec_diffs(4,23)        0.10649944     -3     3    1.6732814e-05
893 region_rec_diffs(4,24)        0.3875847     -3     3    0.00018115761
894 region_rec_diffs(4,25)        0.093437867     -3     3    0.00011932696
895 region_rec_diffs(4,26)        -0.68477014     -3     3    -4.9584618e-05
896 region_rec_diffs(4,27)        0.01994827     -3     3    -7.2998864e-05
897 region_rec_diffs(4,28)        0.76187829     -3     3    -5.1453342e-06
898 region_rec_diffs(4,29)        0.94293726     -3     3    0.00015980008
899 region_rec_diffs(4,30)        0.2581456     -3     3    2.0229321e-05
900 region_rec_diffs(4,31)        0.079786519     -3     3    1.4086856e-05
901 region_rec_diffs(4,32)        0.17403115     -3     3    4.4840133e-05
902 region_rec_diffs(4,33)        0.45808189     -3     3    4.7849093e-05
903 region_rec_diffs(4,34)        0.50474267     -3     3    0.00026355658
904 region_rec_diffs(4,35)        0.014617074     -3     3    5.4292181e-05
905 region_rec_diffs(4,36)        0.01723208     -3     3    2.4730067e-05
906 region_rec_diffs(4,37)        0.73373674     -3     3    -0.00023356194
907 region_rec_diffs(4,38)        0.78489194     -3     3    9.4786059e-05
908 region_rec_diffs(4,39)        0.11093299     -3     3    3.416052e-06
909 region_rec_diffs(4,40)        0.1022955     -3     3    2.3277444e-05
910 region_rec_diffs(4,41)        0.26807538     -3     3    2.5365699e-05
911 region_rec_diffs(4,42)        -0.25249187     -3     3    4.8045988e-05
912 region_rec_diffs(4,43)        0.025376833     -3     3    6.62451e-06
913 region_rec_diffs(4,44)        0.019645953     -3     3    8.249831e-05
914 region_rec_diffs(4,45)        0.94370404     -3     3    0.00030197139
915 region_rec_diffs(4,46)        0.07605862     -3     3    0.0001586963
916 region_rec_diffs(4,47)        0.21873101     -3     3    -1.1875592e-06
917 region_rec_diffs(4,48)        0.24119263     -3     3    1.1267119e-05
918 region_rec_diffs(4,49)        0.38702127     -3     3    0.00014722153
919 region_rec_diffs(4,50)        0.33014222     -3     3    -4.9122843e-05
920 region_rec_diffs(4,51)        0.42302134     -3     3    2.1516363e-05
921 region_rec_diffs(4,52)        0.39235905     -3     3    0.00013705514
922 region_rec_diffs(4,53)        0.75975627     -3     3    5.1119335e-05
923 region_rec_diffs(4,54)        1.4037692     -3     3    0.00013427841
924 region_rec_diffs(4,55)        0.4106348     -3     3    0.00011216666
925 region_rec_diffs(4,56)        1.3387405     -3     3    -0.00019316272
926 region_rec_diffs(4,57)        0.15165562     -3     3    -3.9301566e-06
927 region_rec_diffs(4,58)        -0.58863858     -3     3    2.0476908e-05
928 region_rec_diffs(4,59)        0.034692995     -3     3    -9.7609929e-05
929 region_rec_diffs(4,60)        1.5410843     -3     3    9.7295661e-05
930 region_rec_diffs(4,61)        -0.21389692     -3     3    5.1806965e-06
931 region_rec_diffs(4,62)        0.19996027     -3     3    5.3978209e-06
932 region_rec_diffs(4,63)        0.060603732     -3     3    7.3146422e-05
933 region_rec_diffs(4,64)        1.452293     -3     3    4.2976083e-05
934 region_rec_diffs(4,65)        -0.38086338     -3     3    0.00019260337
935 region_rec_diffs(4,66)        -0.021284028     -3     3    4.7483067e-05
936 region_rec_diffs(4,67)        -0.304205     -3     3    4.9622403e-05
937 region_rec_diffs(4,68)        -0.71082686     -3     3    6.7683519e-05
938 region_rec_diffs(4,69)        -0.92329417     -3     3    4.1604196e-05
939 region_rec_diffs(4,70)        0.95077337     -3     3    0.00021606186
940 region_rec_diffs(4,71)        0.25227237     -3     3    0.00018669374
941 region_rec_diffs(4,72)        0.68679446     -3     3    6.5233303e-05
942 region_rec_diffs(4,73)        -0.43200656     -3     3    0.00010792654
943 region_rec_diffs(4,74)        1.5884711     -3     3    -0.00039350938
944 region_rec_diffs(4,75)        0.32903603     -3     3    0.00020499334
945 region_rec_diffs(4,76)        1.5248749     -3     3    -0.00021824791
946 region_rec_diffs(4,77)        -0.47454878     -3     3    8.4285338e-06
947 region_rec_diffs(4,78)        -0.59008062     -3     3    -2.858287e-05
948 region_rec_diffs(4,79)        -0.15834983     -3     3    -1.029137e-05
949 region_rec_diffs(4,80)        -0.99970439     -3     3    -7.0627335e-05
950 region_rec_diffs(4,81)        -0.14428495     -3     3    2.7833422e-05
951 region_rec_diffs(4,82)        -0.11230367     -3     3    -6.6522959e-06
952 region_rec_diffs(4,83)        0.5337645     -3     3    0.00014644374
953 region_rec_diffs(4,84)        0.31259614     -3     3    2.8513627e-05
954 region_rec_diffs(4,85)        0.48116894     -3     3    6.6500304e-05
955 region_rec_diffs(4,86)        0.16235307     -3     3    -9.0743325e-05
956 region_rec_diffs(4,87)        0.16475008     -3     3    0.000175706
957 region_rec_diffs(4,88)        1.6825638     -3     3    0.0002519525
958 region_rec_diffs(4,89)        -0.14096054     -3     3    -2.3356163e-05
959 region_rec_diffs(4,90)        0.17074186     -3     3    2.2825802e-05
960 region_rec_diffs(4,91)        -0.098833149     -3     3    -3.3529307e-05
961 region_rec_diffs(4,92)        -0.16735777     -3     3    1.2865056e-05
962 region_rec_diffs(4,93)        0.085848267     -3     3    -1.255692e-05
963 region_rec_diffs(4,94)        -0.65979163     -3     3    1.1418663e-07
964 region_rec_diffs(4,95)        1.1981208     -3     3    -6.807542e-05
965 region_rec_diffs(4,96)        0.39880546     -3     3    0.00014522533
966 region_rec_diffs(4,97)        0.18867739     -3     3    -4.831448e-05
967 region_rec_diffs(4,98)        -0.071326199     -3     3    -2.5988378e-06
968 region_rec_diffs(4,99)        0.3528839     -3     3    -5.3018586e-05
969 region_rec_diffs(4,100)        0.30996699     -3     3    2.6964438e-05
970 region_rec_diffs(4,101)        0.66584164     -3     3    0.00013361631
971 region_rec_diffs(4,102)        0.084814629     -3     3    1.6104719e-05
972 region_rec_diffs(4,103)        0.036038851     -3     3    5.5720823e-05
973 region_rec_diffs(4,104)        0.6542431     -3     3    0.00017266697
974 region_rec_diffs(4,105)        0.073691135     -3     3    5.5788726e-06
975 region_rec_diffs(4,106)        0.030601318     -3     3    -1.1421025e-05
976 region_rec_diffs(4,107)        0.02648935     -3     3    -5.1997222e-05
977 region_rec_diffs(4,108)        -0.45246781     -3     3    1.9295256e-05
978 region_rec_diffs(4,109)        0.012880617     -3     3    8.3373081e-05
979 region_rec_diffs(4,110)        0.020531819     -3     3    2.6187731e-05
980 region_rec_diffs(4,111)        -0.015405641     -3     3    3.3302969e-06
981 region_rec_diffs(4,112)        -0.75742524     -3     3    -1.7107148e-05
982 region_rec_diffs(4,113)        0.54931971     -3     3    0.00017372159
983 region_rec_diffs(4,114)        0.047003924     -3     3    3.8291678e-05
984 region_rec_diffs(4,115)        0.30328765     -3     3    -2.9301418e-05
985 region_rec_diffs(4,116)        0.3660346     -3     3    0.00011754267
986 region_rec_diffs(4,117)        -0.02252871     -3     3    0.00019798549
987 region_rec_diffs(4,118)        0.50665236     -3     3    0.00012638682
988 region_rec_diffs(4,119)        1.0354385     -3     3    0.00020310945
989 region_rec_diffs(4,120)        -0.072212558     -3     3    -0.0001286907
990 region_rec_diffs(4,121)        0.33481029     -3     3    0.00020512864
991 region_rec_diffs(4,122)        0.36724121     -3     3    5.0929841e-05
992 region_rec_diffs(4,123)        0.26217081     -3     3    -3.4052156e-05
993 region_rec_diffs(4,124)        0.42038262     -3     3    0.0001722172
994 region_rec_diffs(4,125)        0.96173897     -3     3    3.9640239e-05
995 region_rec_diffs(4,126)        0.34119761     -3     3    -7.1380999e-05
996 region_rec_diffs(4,127)        -0.33427062     -3     3    3.2873863e-05
997 region_rec_diffs(4,128)        -0.60272277     -3     3    5.1958655e-05
998 region_rec_diffs(4,129)        0.81927211     -3     3    -0.00018041618
999 region_rec_diffs(4,130)        0.57431543     -3     3    2.9591893e-05
1000 region_rec_diffs(4,131)        0.21510153     -3     3    3.9191729e-05
1001 region_rec_diffs(4,132)        -0.45190352     -3     3    -0.00016502693
1002 region_rec_diffs(4,133)        -0.61331615     -3     3    -6.6212962e-05
1003 region_rec_diffs(4,134)        -0.01410076     -3     3    -0.00015662046
1004 region_rec_diffs(4,135)        -0.051141819     -3     3    -0.00012408886
1005 region_rec_diffs(4,136)        -0.43319836     -3     3    -0.0002495651
1006 region_rec_diffs(4,137)        1.0490762     -3     3    -0.00021706667
1007 region_rec_diffs(4,138)        1.7490557     -3     3    -2.2987508e-06
1008 region_rec_diffs(4,139)        -0.23601025     -3     3    -0.00012367346
1009 region_rec_diffs(4,140)        -1.9770042     -3     3    -4.0295468e-05
1010 region_rec_diffs(4,141)        -1.2543248     -3     3    -2.3556768e-05
1011 region_rec_diffs(4,142)        -0.17592332     -3     3    -2.6105923e-05
1012 region_rec_diffs(4,143)        -0.4147169     -3     3    -0.00010799162
1013 region_rec_diffs(4,144)        -0.73659346     -3     3    -1.041855e-05
1014 region_rec_diffs(4,145)        -0.249395     -3     3    5.8066343e-05
1015 region_rec_diffs(4,146)        0.26599061     -3     3    -8.311849e-05
1016 region_rec_diffs(4,147)        0.94640069     -3     3    -0.00011392342
1017 region_rec_diffs(4,148)        1.0122165     -3     3    -0.00025953648
1018 region_rec_diffs(4,149)        -0.64850854     -3     3    8.608543e-07
1019 region_rec_diffs(4,150)        -0.18336642     -3     3    3.883775e-05
1020 region_rec_diffs(4,151)        -0.44477172     -3     3    2.2394456e-05
1021 region_rec_diffs(4,152)        -0.21331747     -3     3    -0.00012112055
1022 region_rec_diffs(4,153)        -0.2420253     -3     3    -0.00027087797
1023 region_rec_diffs(4,154)        -0.12616996     -3     3    -6.5289829e-05
1024 region_rec_diffs(4,155)        0.6481401     -3     3    2.4428178e-05
1025 region_rec_diffs(4,156)        -0.042407695     -3     3    2.550533e-05
1026 region_rec_diffs(4,157)        -0.33189584     -3     3    -7.9014732e-05
1027 region_rec_diffs(4,158)        -0.026005625     -3     3    4.0787466e-06
1028 region_rec_diffs(4,159)        -0.50011108     -3     3    1.5334458e-05
1029 region_rec_diffs(4,160)        -0.72169271     -3     3    1.82035e-05
1030 region_rec_diffs(4,161)        -0.35071561     -3     3    6.7131676e-05
1031 region_rec_diffs(4,162)        0.34168749     -3     3    0.00027487524
1032 region_rec_diffs(4,163)        1.0540283     -3     3    0.00019668972
1033 region_rec_diffs(4,164)        -0.33583805     -3     3    -2.6849334e-05
1034 region_rec_diffs(4,165)        -0.33498559     -3     3    -1.8209936e-05
1035 region_rec_diffs(4,166)        -0.43185665     -3     3    -6.7340199e-05
1036 region_rec_diffs(4,167)        -0.148993     -3     3    -5.0490944e-05
1037 region_rec_diffs(4,168)        1.4047464     -3     3    6.7012207e-05
1038 region_rec_diffs(4,169)        0.039985737     -3     3    -3.1210479e-05
1039 region_rec_diffs(4,170)        -0.42119591     -3     3    -3.6600465e-05
1040 region_rec_diffs(4,171)        -0.45930516     -3     3    -4.3721601e-07
1041 region_rec_diffs(4,172)        1.6143418     -3     3    0.00032845173
1042 region_rec_diffs(4,173)        0.42820515     -3     3    -0.00012990353
1043 region_rec_diffs(4,174)        -0.052790974     -3     3    5.6742677e-05
1044 region_rec_diffs(4,175)        -0.75494002     -3     3    -8.0395323e-05
1045 region_rec_diffs(4,176)        -1.6789409     -3     3    -6.0613409e-05
1046 region_rec_diffs(4,177)        -2.537607     -3     3    -2.6962658e-06
1047 region_rec_diffs(4,178)        -2.1091033     -3     3    1.0843153e-05
1048 region_rec_diffs(4,179)        0.61719229     -3     3    -0.00030603474
1049 region_rec_diffs(4,180)        0.73058189     -3     3    -0.00015227751
1050 region_rec_diffs(4,181)        -1.052338     -3     3    0.00011433731
1051 region_rec_diffs(4,182)        -0.78431888     -3     3    -4.0324875e-05
1052 region_rec_diffs(4,183)        -1.3271739     -3     3    -8.5143077e-05
1053 region_rec_diffs(4,184)        -1.8324412     -3     3    -0.00012379948
1054 region_rec_diffs(4,185)        -2.2147246     -3     3    -0.00014667781
1055 region_rec_diffs(4,186)        -1.4759768     -3     3    7.9118415e-06
1056 region_rec_diffs(4,187)        1.4957334     -3     3    0.00028443369
1057 region_rec_diffs(4,188)        -2.0886222     -3     3    -4.6811931e-07
1058 region_rec_diffs(4,189)        -2.2163347     -3     3    5.9552233e-08
1059 region_rec_diffs(4,190)        -1.9485388     -3     3    -5.6646953e-05
1060 region_rec_diffs(4,191)        -1.8727487     -3     3    3.151326e-06
1061 region_rec_diffs(4,192)        -0.064172033     -3     3    1.8767101e-06
1062 region_rec_diffs(4,193)        -0.67683269     -3     3    8.9507096e-05
1063 region_rec_diffs(4,194)        -1.28832     -3     3    -1.2905359e-06
1064 region_rec_diffs(4,195)        1.1214642     -3     3    -0.00022134357
1065 region_rec_diffs(4,196)        -0.39143235     -3     3    -0.00025167918
1066 region_rec_diffs(4,197)        -1.0763555     -3     3    -3.762721e-05
1067 region_rec_diffs(4,198)        -1.4436788     -3     3    -3.1681597e-05
1068 region_rec_diffs(4,199)        1.2335444     -3     3    7.4863056e-06
1069 region_rec_diffs(4,200)        0.55050538     -3     3    0.00017975594
1070 region_rec_diffs(4,201)        -1.730932     -3     3    -5.8362355e-05
1071 region_rec_diffs(4,202)        -1.4484945     -3     3    -2.2843071e-05
1072 region_rec_diffs(4,203)        0.63574877     -3     3    -4.049227e-05
1073 region_rec_diffs(4,204)        1.2761968     -3     3    0.00013874358
1074 region_rec_diffs(4,205)        -0.89027786     -3     3    3.1149689e-05
1075 region_rec_diffs(4,206)        -2.1141646     -3     3    -2.4473865e-05
1076 region_rec_diffs(4,207)        -2.2015363     -3     3    6.1114918e-05
1077 region_rec_diffs(4,208)        -2.9316485     -3     3    4.52655e-05
1078 region_rec_diffs(4,209)        -2.018482     -3     3    0.00010467538
1079 region_rec_diffs(4,210)        -2.6829395     -3     3    -7.1283963e-05
1080 region_rec_diffs(4,211)        0.87119141     -3     3    -0.00014650039
1081 region_rec_diffs(4,212)        1.6947088     -3     3    -0.0001080559
1082 region_rec_diffs(4,213)        0.52685734     -3     3    -0.00013999493
1083 region_rec_diffs(4,214)        -0.55569897     -3     3    2.2708004e-05
1084 region_rec_diffs(4,215)        0.51787962     -3     3    -0.00020896165
1085 region_rec_diffs(4,216)        0.048675354     -3     3    0.00039574412
1086 region_rec_diffs(4,217)        0.1498957     -3     3    -1.2709947e-06
1087 region_rec_diffs(4,218)        0.96972378     -3     3    0.00012916369
1088 region_rec_diffs(4,219)        0.57671514     -3     3    3.1045033e-05
1089 region_rec_diffs(4,220)        -0.78196873     -3     3    -2.273166e-05
1090 region_rec_diffs(4,221)        -1.1910157     -3     3    -1.356706e-05
1091 region_rec_diffs(4,222)        -1.7336715     -3     3    4.6564268e-05
1092 region_rec_diffs(4,223)        0.9272258     -3     3    4.1574016e-05
1093 region_rec_diffs(4,224)        0.1025688     -3     3    3.9860122e-05
1094 region_rec_diffs(4,225)        -0.25411817     -3     3    -5.8057652e-05
1095 region_rec_diffs(4,226)        -0.92436721     -3     3    -0.00014169675
1096 region_rec_diffs(4,227)        -0.080537602     -3     3    0.00016072839
1097 region_rec_diffs(4,228)        -0.68302837     -3     3    -0.00013151578
1098 region_rec_diffs(4,229)        -0.24435615     -3     3    7.0859775e-05
1099 region_rec_diffs(4,230)        0.55303914     -3     3    -0.00019273254
1100 region_rec_diffs(4,231)        0.28057247     -3     3    0.00010819243
1101 region_rec_diffs(4,232)        0.81614406     -3     3    -0.00010092318
1102 region_rec_diffs(4,233)        0.048876844     -3     3    -0.00022614795
1103 region_rec_diffs(4,234)        -0.36328818     -3     3    7.9818294e-05
1104 region_rec_diffs(4,235)        -0.50003049     -3     3    0.00024634534
1105 region_rec_diffs(4,236)        -1.1180953     -3     3    -6.5588866e-05
1106 region_rec_diffs(4,237)        0.77533854     -3     3    0.00037567921
1107 region_rec_diffs(4,238)        0.40034223     -3     3    -5.9425378e-05
1108 region_rec_diffs(4,239)        0.15292472     -3     3    1.1575516e-05
1109 region_rec_diffs(4,240)        0.06995151     -3     3    0.00013851756
1110 region_rec_diffs(4,241)        -0.96526372     -3     3    0.00010695421
1111 region_rec_diffs(4,242)        -0.45220355     -3     3    -0.0003030688
1112 region_rec_diffs(4,243)        0.2281135     -3     3    0.00013537637
1113 region_rec_diffs(4,244)        0.72382639     -3     3    3.1730914e-05
1114 region_rec_diffs(4,245)        0.74418493     -3     3    0.00023868749
1115 region_rec_diffs(4,246)        -0.260968     -3     3    7.5015689e-05
1116 region_rec_diffs(4,247)        -0.99532969     -3     3    8.8253632e-05
1117 region_rec_diffs(4,248)        0.30195508     -3     3    0.00022693032
1118 region_rec_diffs(4,249)        0.36752617     -3     3    -0.00042308182
1119 region_rec_diffs(4,250)        -0.78437914     -3     3    -9.7505394e-05
1120 region_rec_diffs(4,251)        -0.96458253     -3     3    -7.8446142e-05
1121 region_rec_diffs(4,252)        -2.0581076     -3     3    -4.5797095e-05
1122 region_rec_diffs(4,253)        -1.5172394     -3     3    -4.2603306e-05
1123 region_rec_diffs(4,254)        -0.99853269     -3     3    -0.00010425719
1124 region_rec_diffs(4,255)        0.38890288     -3     3    -0.00032972019
1125 region_rec_diffs(4,256)        -1.2022758     -3     3    -7.8877885e-05
1126 region_rec_diffs(4,257)        -1.2221498     -3     3    -2.0588263e-05
1127 region_rec_diffs(4,258)        -0.50366538     -3     3    5.9713484e-05
1128 region_rec_diffs(4,259)        -1.1365278     -3     3    6.6870813e-06
1129 region_rec_diffs(4,260)        -0.31984042     -3     3    2.367787e-05
1130 region_rec_diffs(4,261)        -1.4837543     -3     3    -3.535578e-05
1131 region_rec_diffs(4,262)        -2.2879536     -3     3    -4.0388782e-05
1132 region_rec_diffs(4,263)        -2.047101     -3     3    -4.143613e-05
1133 region_rec_diffs(4,264)        0.84524069     -3     3    -0.00019375688
1134 region_rec_diffs(4,265)        -0.14740717     -3     3    0.00016524795
1135 region_rec_diffs(4,266)        -1.456967     -3     3    1.691712e-05
1136 region_rec_diffs(4,267)        -1.5085251     -3     3    1.4572036e-05
1137 region_rec_diffs(4,268)        -1.2192734     -3     3    -1.5127634e-08
1138 region_rec_diffs(4,269)        -1.7594041     -3     3    -1.0806584e-05
1139 region_rec_diffs(4,270)        -0.70612475     -3     3    5.6382719e-06
1140 region_rec_diffs(4,271)        1.4152256     -3     3    -0.00012394574
1141 region_rec_diffs(4,272)        -0.74474336     -3     3    3.7340701e-06
1142 region_rec_diffs(4,273)        -1.2722932     -3     3    -1.8521147e-05
1143 region_rec_diffs(4,274)        -1.7659331     -3     3    -0.000103306
1144 region_rec_diffs(4,275)        -0.78381172     -3     3    3.3251648e-05
1145 region_rec_diffs(4,276)        -0.42644336     -3     3    8.4377264e-06
1146 region_rec_diffs(4,277)        0.043049581     -3     3    9.056587e-05
1147 region_rec_diffs(4,278)        0.03006996     -3     3    -4.1000854e-05
1148 region_rec_diffs(4,279)        -0.061874041     -3     3    0.00013484817
1149 bs_selcoff_gp:1(1,1,1,1)        -8.5780678     -20     7    -1.3046855e-06
1150 bs_selcoff_gp:1(1,1,1,2)        -4.265847     -20     7    -0.00030467946
1151 bs_selcoff_gp:1(1,1,1,3)        0.25369392     -20     7    -9.990444e-05
1152 bs_selcoff_gp:1(1,1,1,4)        0.82996031     -20     7    -0.00033878062
1153 bs_selcoff_gp:1(1,1,1,5)        0.33913219     -20     7    0.0004371858
1154 bs_selcoff_gp:2(2,1,1,1)        -5.8227075     -20     7    -2.8239715e-05
1155 bs_selcoff_gp:2(2,1,1,2)        -2.3619165     -20     7    0.00033503341
1156 bs_selcoff_gp:2(2,1,1,3)        0.25065268     -20     7    0.00043197373
1157 bs_selcoff_gp:2(2,1,1,4)        0.63911412     -20     7    0.00074933163
1158 bs_selcoff_gp:2(2,1,1,5)        0.54429326     -20     7    0.00038525123
1159 bs_selcoff_gp:3(3,1,1,1)        -5.1311381     -20     7    2.1172339e-05
1160 bs_selcoff_gp:3(3,1,1,2)        -5.1353514     -20     7    0.00011632868
1161 bs_selcoff_gp:3(3,1,1,3)        -0.030629678     -20     7    -0.00025966247
1162 bs_selcoff_gp:3(3,1,1,4)        0.84454868     -20     7    -0.00021738437
1163 bs_selcoff_gp:3(3,1,1,5)        0.52558402     -20     7    0.00037932202
1164 bs_selcoff_gp:4(4,1,1,1)        -8.4800126     -20     7    -0.00025930075
1165 bs_selcoff_gp:4(4,1,1,2)        -2.4768522     -20     7    -0.00039329232
1166 bs_selcoff_gp:4(4,1,1,3)        0.03065065     -20     7    0.00012185224
1167 bs_selcoff_gp:4(4,1,1,4)        1.0969682     -20     7    1.7609485e-05
1168 bs_selcoff_gp:4(4,1,1,5)        -0.1171765     -20     7    -0.00074395469
1169 bs_selcoff_gp:5(5,1,1,1)        -10.572217     -20     7    2.1383099e-05
1170 bs_selcoff_gp:5(5,1,1,2)        -3.4628905     -20     7    -0.00014442432
1171 bs_selcoff_gp:5(5,1,1,3)        -0.026231029     -20     7    -0.00041420184
1172 bs_selcoff_gp:5(5,1,1,4)        1.0037031     -20     7    -5.66069e-05
1173 bs_selcoff_gp:5(5,1,1,5)        0.2359592     -20     7    0.00031133107
1174 bs_selcoff_gp:6(6,1,1,1)        -5.8576585     -20     7    0.00012650289
1175 bs_selcoff_gp:6(6,1,1,2)        -2.3257936     -20     7    -0.00014089702
1176 bs_selcoff_gp:6(6,1,1,3)        0.21124319     -20     7    0.00056248739
1177 bs_selcoff_gp:6(6,1,1,4)        0.79475877     -20     7    0.00096661674
1178 bs_selcoff_gp:6(6,1,1,5)        0.37197619     -20     7    0.00052932997
1179 bs_selcoff_gp:7(7,1,1,1)        -7.3955299     -20     7    -2.5887595e-05
1180 bs_selcoff_gp:7(7,1,1,2)        -3.1183555     -20     7    -8.1486563e-05
1181 bs_selcoff_gp:7(7,1,1,3)        0.027018805     -20     7    -4.3070221e-05
1182 bs_selcoff_gp:7(7,1,1,4)        0.89249534     -20     7    1.5904013e-05
1183 bs_selcoff_gp:7(7,1,1,5)        0.39645631     -20     7    6.1722135e-06
1184 bs_selcoff_gp:8(8,1,1,1)        -16.188394     -20     7    0.0001433091
1185 bs_selcoff_gp:8(8,1,1,2)        -5.3270526     -20     7    8.2063754e-06
1186 bs_selcoff_gp:8(8,1,1,3)        -1.5434493     -20     7    0.00024114959
1187 bs_selcoff_gp:8(8,1,1,4)        1.3293625     -20     7    -8.1977524e-06
1188 bs_selcoff_gp:8(8,1,1,5)        0.0028656882     -20     7    -0.00036881856
1189 bs_selcoff_gp:9(9,1,1,1)        -11.517125     -20     7    0.00024682855
1190 bs_selcoff_gp:9(9,1,1,2)        -7.6156734     -20     7    -4.8359438e-06
1191 bs_selcoff_gp:9(9,1,1,3)        -2.9697321     -20     7    7.5738248e-05
1192 bs_selcoff_gp:9(9,1,1,4)        0.6859913     -20     7    -0.00037068677
1193 bs_selcoff_gp:9(9,1,1,5)        1.0860146     -20     7    0.00010212149
1194 bs_selcoff_gp:10(10,1,1,1)        -9.4179723     -20     7    1.799087e-05
1195 bs_selcoff_gp:10(10,1,1,2)        -1.7492225     -20     7    0.00010640313
1196 bs_selcoff_gp:10(10,1,1,3)        0.0591299     -20     7    0.00021840057
1197 bs_selcoff_gp:10(10,1,1,4)        0.92610148     -20     7    0.0002369603
1198 bs_selcoff_gp:10(10,1,1,5)        0.21549585     -20     7    -0.00037294677
1199 bs_selcoff_gp:11(11,1,1,1)        -5.6417111     -20     7    -1.918697e-05
1200 bs_selcoff_gp:11(11,1,1,2)        -5.2933747     -20     7    -0.00020348214
1201 bs_selcoff_gp:11(11,1,1,3)        -0.20744978     -20     7    0.00012791792
1202 bs_selcoff_gp:11(11,1,1,4)        1.3126269     -20     7    2.4768039e-05
1203 bs_selcoff_gp:11(11,1,1,5)        -0.77038906     -20     7    -0.00010301603
1204 bs_selcoff_gp:12(12,1,1,1)        -6.7088757     -20     7    1.4620537e-05
1205 bs_selcoff_gp:12(12,1,1,2)        -5.3081301     -20     7    -0.00010878675
1206 bs_selcoff_gp:12(12,1,1,3)        -0.37955653     -20     7    -0.00023114271
1207 bs_selcoff_gp:12(12,1,1,4)        1.0851609     -20     7    5.1780002e-05
1208 bs_selcoff_gp:12(12,1,1,5)        0.29990054     -20     7    -9.1902199e-05
1209 bs_selcoff_gp:13(13,1,1,1)        -2.1903848     -20     7    -0.00013190114
1210 bs_selcoff_gp:13(13,1,1,2)        1.5341542     -20     7    -2.5911345e-06
1211 bs_selcoff_gp:13(13,1,1,3)        -1.4495947     -20     7    0.0006730299
1212 bs_selcoff_gp:13(13,1,1,4)        -4.1001638     -20     7    0.00037684552
1213 bs_selcoff_gp:13(13,1,1,5)        -19.992874     -20     7    0.00025002312   *************
1214 bs_selcoff_gp:14(14,1,1,1)        -1.7274963     -20     7    -0.00018953527
1215 bs_selcoff_gp:14(14,1,1,2)        1.4040498     -20     7    -4.8076142e-05
1216 bs_selcoff_gp:14(14,1,1,3)        -0.57134699     -20     7    -5.2162731e-05
1217 bs_selcoff_gp:14(14,1,1,4)        -1.6951077     -20     7    0.00028031105
1218 bs_selcoff_gp:14(14,1,1,5)        -6.084853     -20     7    6.6265671e-05
1219 bs_selcoff_gp:15(15,1,1,1)        -2.1745389     -20     7    0.00032360972
1220 bs_selcoff_gp:15(15,1,1,2)        1.4911356     -20     7    4.1401227e-05
1221 bs_selcoff_gp:15(15,1,1,3)        -0.87039571     -20     7    5.9403795e-05
1222 bs_selcoff_gp:15(15,1,1,4)        -3.6354429     -20     7    0.00016324777
1223 bs_selcoff_gp:15(15,1,1,5)        -19.985166     -20     7    0.00035057435   *************
1224 bs_selcoff_gp:16(16,1,1,1)        -2.8835613     -20     7    -4.6024762e-05
1225 bs_selcoff_gp:16(16,1,1,2)        1.2671161     -20     7    -1.5678576e-05
1226 bs_selcoff_gp:16(16,1,1,3)        0.04430155     -20     7    7.2248502e-05
1227 bs_selcoff_gp:16(16,1,1,4)        -1.0852166     -20     7    7.2246568e-05
1228 bs_selcoff_gp:16(16,1,1,5)        -4.571084     -20     7    9.9345324e-06
1229 bs_selcoff_gp:17(17,1,1,1)        -0.7307134     -20     7    0.00047838675
1230 bs_selcoff_gp:17(17,1,1,2)        1.0500752     -20     7    0.00013173534
1231 bs_selcoff_gp:17(17,1,1,3)        0.42592231     -20     7    -0.00040243393
1232 bs_selcoff_gp:17(17,1,1,4)        -2.0580247     -20     7    -0.00020880026
1233 bs_selcoff_gp:17(17,1,1,5)        -6.2834195     -20     7    5.3709478e-05
1234 bs_selcoff_gp:18(18,1,1,1)        -2.9437108     -20     7    -1.2980695e-05
1235 bs_selcoff_gp:18(18,1,1,2)        1.4022952     -20     7    -1.8045311e-05
1236 bs_selcoff_gp:18(18,1,1,3)        -0.6575862     -20     7    -3.5752539e-05
1237 bs_selcoff_gp:18(18,1,1,4)        -1.0564703     -20     7    -0.00015191075
1238 bs_selcoff_gp:18(18,1,1,5)        -4.0745486     -20     7    -1.9495283e-05
1239 bs_selcoff_gp:19(19,1,1,1)        0.069001902     -20     7    0.00026292801
1240 bs_selcoff_gp:19(19,1,1,2)        1.0197691     -20     7    4.9362708e-05
1241 bs_selcoff_gp:19(19,1,1,3)        -0.2935919     -20     7    9.4500701e-05
1242 bs_selcoff_gp:19(19,1,1,4)        -0.89550294     -20     7    -3.1560162e-06
1243 bs_selcoff_gp:19(19,1,1,5)        -6.1798624     -20     7    -6.9375654e-05
1244 bs_selcoff_gp:20(20,1,1,1)        -2.7273709     -20     7    -0.00010218365
1245 bs_selcoff_gp:20(20,1,1,2)        -0.67686035     -20     7    -0.00035467131
1246 bs_selcoff_gp:20(20,1,1,3)        -0.68461542     -20     7    -0.00018655755
1247 bs_selcoff_gp:20(20,1,1,4)        -0.17204228     -20     7    0.00024592263
1248 bs_selcoff_gp:20(20,1,1,5)        1.1249769     -20     7    0.00017545092
1249 bs_selcoff_gp:21(21,1,1,1)        -2.5309349     -20     7    0.00012580538
1250 bs_selcoff_gp:21(21,1,1,2)        1.457321     -20     7    -9.9632006e-06
1251 bs_selcoff_gp:21(21,1,1,3)        -0.52385656     -20     7    -0.00020512837
1252 bs_selcoff_gp:21(21,1,1,4)        -3.389766     -20     7    1.6818087e-05
1253 bs_selcoff_gp:21(21,1,1,5)        -11.89256     -20     7    -7.6084223e-05
1254 bs_selcoff_gp:22(22,1,1,1)        -4.6204513     -20     7    4.3687475e-05
1255 bs_selcoff_gp:22(22,1,1,2)        1.1481845     -20     7    -0.00026794563
1256 bs_selcoff_gp:22(22,1,1,3)        0.45469347     -20     7    0.00058751711
1257 bs_selcoff_gp:22(22,1,1,4)        -1.3404553     -20     7    -0.00016992217
1258 bs_selcoff_gp:22(22,1,1,5)        -8.1254991     -20     7    -3.5884906e-06
1259 bs_selcoff_gp:23(23,1,1,1)        -4.3716927     -20     7    2.6047865e-05
1260 bs_selcoff_gp:23(23,1,1,2)        -0.2082545     -20     7    -7.4565273e-05
1261 bs_selcoff_gp:23(23,1,1,3)        1.4283322     -20     7    3.4402095e-05
1262 bs_selcoff_gp:23(23,1,1,4)        -5.593386     -20     7    6.5480924e-05
1263 bs_selcoff_gp:23(23,1,1,5)        -13.417918     -20     7    0.00061077005
1264 bs_selcoff_gp:24(24,1,1,1)        -9.3899081     -20     7    -9.0370329e-05
1265 bs_selcoff_gp:24(24,1,1,2)        -0.66675642     -20     7    5.423441e-05
1266 bs_selcoff_gp:24(24,1,1,3)        1.430181     -20     7    1.905032e-05
1267 bs_selcoff_gp:24(24,1,1,4)        -1.180575     -20     7    -8.9760313e-06
1268 bs_selcoff_gp:24(24,1,1,5)        -11.179349     -20     7    0.0002256646
1269 bs_selcoff_gp:25(25,1,1,1)        -2.3661201     -20     7    9.5569394e-05
1270 bs_selcoff_gp:25(25,1,1,2)        1.2509084     -20     7    -2.0277216e-05
1271 bs_selcoff_gp:25(25,1,1,3)        0.34531059     -20     7    3.2767986e-05
1272 bs_selcoff_gp:25(25,1,1,4)        -8.4418671     -20     7    -0.00022000352
1273 bs_selcoff_gp:25(25,1,1,5)        -12.215329     -20     7    0.0001619754
1274 bs_selcoff_gp:26(26,1,1,1)        -1.3365422     -20     7    -0.00029859491
1275 bs_selcoff_gp:26(26,1,1,2)        1.376109     -20     7    -0.00014249535
1276 bs_selcoff_gp:26(26,1,1,3)        -0.59840343     -20     7    0.00037680581
1277 bs_selcoff_gp:26(26,1,1,4)        -1.4819567     -20     7    -0.00011549213
1278 bs_selcoff_gp:26(26,1,1,5)        -7.0307416     -20     7    6.5708668e-05
1279 bs_selcoff_gp:27(27,1,1,1)        -2.3952841     -20     7    -2.1753479e-05
1280 bs_selcoff_gp:27(27,1,1,2)        1.3048149     -20     7    4.760745e-05
1281 bs_selcoff_gp:27(27,1,1,3)        0.16293262     -20     7    4.7607409e-05
1282 bs_selcoff_gp:27(27,1,1,4)        -3.1192466     -20     7    0.00012347255
1283 bs_selcoff_gp:27(27,1,1,5)        -7.2315996     -20     7    -1.0835659e-05
1284 bs_selcoff_gp:28(28,1,1,1)        -4.7292998     -20     7    -0.0001002185
1285 bs_selcoff_gp:28(28,1,1,2)        1.5582808     -20     7    7.0623122e-06
1286 bs_selcoff_gp:28(28,1,1,3)        -3.3116254     -20     7    -0.00034885442
1287 bs_selcoff_gp:28(28,1,1,4)        -1.5863429     -20     7    -0.00039191476
1288 bs_selcoff_gp:28(28,1,1,5)        -19.998211     -20     7    9.8318403e-05   *************
1289 bs_selcoff_gp:29(29,1,1,1)        -19.989502     -20     7    0.0001652519   *************
1290 bs_selcoff_gp:29(29,1,1,2)        -6.8750418     -20     7    0.00013967557
1291 bs_selcoff_gp:29(29,1,1,3)        -0.20703688     -20     7    1.873171e-05
1292 bs_selcoff_gp:29(29,1,1,4)        1.0011107     -20     7    -6.3928522e-05
1293 bs_selcoff_gp:29(29,1,1,5)        0.38172052     -20     7    6.7867102e-05
1294 recr(2)        1.1512095     -20     20    -8.7433163e-05
1295 recr(3)        1.2292065     -20     20    4.6573321e-05
1296 recr(4)        1.1759289     -20     20    -0.00023543534
1297 recr(5)        1.1498781     -20     20    -0.00013433163
1298 recr(6)        -1.2066183     -20     20    0.00011129243
1299 recr(7)        -1.5995914     -20     20    -2.7440773e-05
1300 recr(8)        -1.0464428     -20     20    0.00024689128
1301 recr(9)        2.6269152     -20     20    -0.00011788844
1302 recr(10)        -0.86522007     -20     20    0.00024003838
1303 recr(11)        -2.0072944     -20     20    1.144042e-05
1304 recr(12)        -1.5512036     -20     20    -8.2884476e-05
1305 recr(13)        2.7803775     -20     20    0.0003504792
1306 recr(14)        0.87037355     -20     20    0.00014947365
1307 recr(15)        -1.7184533     -20     20    -4.973204e-05
1308 recr(16)        -1.9049165     -20     20    -0.00028783913
1309 recr(17)        0.28131049     -20     20    -6.9283e-05
1310 recr(18)        1.9040436     -20     20    0.00046830172
1311 recr(19)        -1.1464622     -20     20    2.5105982e-05
1312 recr(20)        -1.0602374     -20     20    8.6647992e-05
1313 recr(21)        0.47212955     -20     20    -2.1777596e-05
1314 recr(22)        1.3938728     -20     20    9.0335128e-05
1315 recr(23)        -1.225956     -20     20    -4.6426331e-05
1316 recr(24)        0.077340171     -20     20    0.0002148644
1317 recr(25)        0.23229288     -20     20    -6.2930805e-05
1318 recr(26)        1.4579472     -20     20    2.168963e-06
1319 recr(27)        -1.5196222     -20     20    -1.1368337e-05
1320 recr(28)        2.1383645     -20     20    7.1091664e-05
1321 recr(29)        1.3562538     -20     20    6.3861685e-05
1322 recr(30)        -0.48542543     -20     20    5.8021038e-06
1323 recr(31)        -2.3637306     -20     20    -1.281258e-05
1324 recr(32)        -1.6112807     -20     20    4.1946148e-06
1325 recr(33)        -0.45094278     -20     20    8.3149119e-05
1326 recr(34)        1.7965411     -20     20    -5.0796879e-05
1327 recr(35)        -2.2975536     -20     20    3.1312646e-05
1328 recr(36)        -2.3175283     -20     20    1.1787324e-05
1329 recr(37)        2.0115609     -20     20    0.00038574644
1330 recr(38)        -0.42912487     -20     20    2.8660101e-05
1331 recr(39)        -2.7600289     -20     20    5.4336428e-05
1332 recr(40)        -2.2732697     -20     20    8.0184389e-05
1333 recr(41)        0.98411566     -20     20    0.00014993993
1334 recr(42)        1.472044     -20     20    -0.00029126831
1335 recr(43)        -2.0448716     -20     20    -2.1322141e-05
1336 recr(44)        -0.87535453     -20     20    -1.526076e-05
1337 recr(45)        1.5325576     -20     20    -0.0001682771
1338 recr(46)        -0.95394967     -20     20    -5.1128864e-05
1339 recr(47)        -1.6194754     -20     20    4.0024428e-05
1340 recr(48)        -0.49941122     -20     20    5.1730701e-05
1341 recr(49)        1.7937717     -20     20    0.00023037131
1342 recr(50)        -2.2846166     -20     20    4.2310238e-05
1343 recr(51)        -0.095365537     -20     20    -0.00015869578
1344 recr(52)        -1.3985399     -20     20    4.4060341e-07
1345 recr(53)        1.0867689     -20     20    -0.00022007102
1346 recr(54)        0.38315833     -20     20    -6.4140184e-05
1347 recr(55)        -1.1944829     -20     20    8.2538516e-06
1348 recr(56)        0.33812016     -20     20    0.00018085232
1349 recr(57)        -0.6062225     -20     20    4.6697805e-05
1350 recr(58)        1.4765048     -20     20    -9.3211218e-05
1351 recr(59)        -1.1148258     -20     20    5.8967473e-05
1352 recr(60)        1.2913898     -20     20    -6.0983433e-05
1353 recr(61)        1.3743789     -20     20    -1.1349859e-06
1354 recr(62)        -1.98069     -20     20    3.2330722e-05
1355 recr(63)        -1.3707301     -20     20    6.8855038e-05
1356 recr(64)        -0.0091827552     -20     20    0.00023038923
1357 recr(65)        0.94076358     -20     20    -9.2709781e-05
1358 recr(66)        -1.9351198     -20     20    -6.723313e-05
1359 recr(67)        -1.0496574     -20     20    -1.5942725e-05
1360 recr(68)        0.11671612     -20     20    -0.00022614173
1361 recr(69)        1.1877171     -20     20    0.00015309319
1362 recr(70)        0.51734353     -20     20    -5.6532784e-05
1363 recr(71)        -0.80355786     -20     20    -0.00010318383
1364 recr(72)        0.48361375     -20     20    -0.0001412672
1365 recr(73)        1.4713928     -20     20    -0.00033552967
1366 recr(74)        0.15423374     -20     20    5.9187216e-05
1367 recr(75)        -2.8785289     -20     20    0.00011664527
1368 recr(76)        -0.68697036     -20     20    -0.00010145123
1369 recr(77)        -0.33093921     -20     20    -0.00018626341
1370 recr(78)        -0.90622651     -20     20    -3.7165266e-05
1371 recr(79)        -2.3083494     -20     20    4.251599e-05
1372 recr(80)        1.1270046     -20     20    -0.00015404709
1373 recr(81)        0.62113244     -20     20    -8.9058564e-05
1374 recr(82)        -0.6204391     -20     20    2.6355006e-05
1375 recr(83)        0.5687529     -20     20    -0.0001392798
1376 recr(84)        0.18182752     -20     20    5.6086954e-05
1377 recr(85)        1.1272884     -20     20    3.6601464e-05
1378 recr(86)        -2.57093     -20     20    -9.6322144e-06
1379 recr(87)        0.084074625     -20     20    -2.5091622e-05
1380 recr(88)        1.2763149     -20     20    0.00030580869
1381 recr(89)        -0.0080758828     -20     20    0.00015503085
1382 recr(90)        -2.2801624     -20     20    -3.9405518e-06
1383 recr(91)        -0.36222398     -20     20    0.00010857574
1384 recr(92)        -0.17838737     -20     20    0.00010951169
1385 recr(93)        -2.0041043     -20     20    -1.6805584e-05
1386 recr(94)        2.0605165     -20     20    0.00010676333
1387 recr(95)        1.1378478     -20     20    -1.7050001e-05
1388 recr(96)        -1.961199     -20     20    0.00013689338
1389 recr(97)        -1.3769861     -20     20    2.4029704e-05
1390 recr(98)        -1.4536237     -20     20    0.00017909611
1391 recr(99)        -0.23220521     -20     20    0.00015426832
1392 recr(100)        1.1794845     -20     20    -0.00033829176
1393 recr(101)        0.95000476     -20     20    -0.00018154227
1394 recr(102)        -3.1849941     -20     20    8.2207034e-07
1395 recr(103)        -1.1062839     -20     20    8.1656646e-06
1396 recr(104)        1.8303522     -20     20    0.00033704515
1397 recr(105)        -1.7343842     -20     20    8.8476177e-05
1398 recr(106)        -3.8773206     -20     20    1.2394862e-05
1399 recr(107)        -3.2271774     -20     20    7.9776053e-06
1400 recr(108)        0.10652385     -20     20    0.00018053434
1401 recr(109)        0.65365121     -20     20    5.6187341e-05
1402 recr(110)        -2.7420984     -20     20    4.0575118e-05
1403 recr(111)        -2.9855352     -20     20    1.0439777e-05
1404 recr(112)        0.64953623     -20     20    3.6095278e-05
1405 recr(113)        1.4418501     -20     20    0.00043946819
1406 recr(114)        -1.3318588     -20     20    2.7427836e-05
1407 recr(115)        -1.5373052     -20     20    0.00010700602
1408 recr(116)        0.54203331     -20     20    0.00026559688
1409 recr(117)        0.81022584     -20     20    0.0001614674
1410 recr(118)        -1.9076173     -20     20    3.6204612e-06
1411 recr(119)        0.29775696     -20     20    -0.00019525956
1412 recr(120)        1.1699786     -20     20    1.0970012e-05
1413 recr(121)        1.0303953     -20     20    4.2970052e-05
1414 recr(122)        0.72555364     -20     20    0.00011628223
1415 recr(123)        -1.189499     -20     20    0.0001003684
1416 recr(124)        0.72643707     -20     20    -8.8976202e-05
1417 recr(125)        0.021314909     -20     20    5.0021679e-05
1418 recr(126)        0.21037241     -20     20    3.3136258e-05
1419 recr(127)        -0.47838091     -20     20    -5.6494577e-07
1420 recr(128)        0.50331664     -20     20    -0.00011104388
1421 recr(129)        0.23092803     -20     20    -0.00022326717
1422 recr(130)        -1.13275     -20     20    -1.7483528e-06
1423 recr(131)        -1.0274802     -20     20    -0.00011643249
1424 recr(132)        0.68300628     -20     20    -9.2563599e-05
1425 recr(133)        1.4305301     -20     20    -0.00045967616
1426 recr(134)        0.00054055829     -20     20    -0.00036716634
1427 recr(135)        0.15228641     -20     20    -0.00028014981
1428 recr(136)        1.049079     -20     20    0.00019204157
1429 recr(137)        -0.40929344     -20     20    -0.00010669875
1430 recr(138)        -0.44382966     -20     20    -1.7483628e-05
1431 recr(139)        -1.6237007     -20     20    2.0692295e-05
1432 recr(140)        1.2313502     -20     20    0.00053529096
1433 recr(141)        0.39815524     -20     20    0.00039997235
1434 recr(142)        -1.6486574     -20     20    3.2639917e-05
1435 recr(143)        -0.53974483     -20     20    -5.4088004e-05
1436 recr(144)        0.93857943     -20     20    -0.00057855623
1437 recr(145)        1.7217708     -20     20    -0.00058494103
1438 recr(146)        -0.92849277     -20     20    8.3787088e-05
1439 recr(147)        -0.15251025     -20     20    2.9407709e-05
1440 recr(148)        1.0632083     -20     20    0.00048734477
1441 recr(149)        -0.18986904     -20     20    0.00019721484
1442 recr(150)        -1.3286093     -20     20    8.9626481e-07
1443 recr(151)        0.73410665     -20     20    0.00034589117
1444 recr(152)        0.029280526     -20     20    0.00020363097
1445 recr(153)        0.88949734     -20     20    0.00066189432
1446 recr(154)        -0.26334888     -20     20    0.00022422665
1447 recr(155)        0.46033973     -20     20    -0.00038343008
1448 recr(156)        0.83916363     -20     20    -0.00037276352
1449 recr(157)        -1.5699744     -20     20    -0.00017317051
1450 recr(158)        -1.2408192     -20     20    7.3728391e-05
1451 recr(159)        -0.21632061     -20     20    -8.212623e-05
1452 recr(160)        0.96454232     -20     20    0.00016165082
1453 recr(161)        0.95432737     -20     20    -6.3938152e-05
1454 recr(162)        -0.76693774     -20     20    -2.2813689e-05
1455 recr(163)        0.80277478     -20     20    -0.00046747683
1456 recr(164)        1.1172885     -20     20    -0.00038452224
1457 recr(165)        -0.56067834     -20     20    -0.00032677471
1458 recr(166)        -0.8805701     -20     20    0.00036538118
1459 recr(167)        0.15417155     -20     20    -9.8723806e-05
1460 recr(168)        0.70899514     -20     20    -0.00019466185
1461 recr(169)        0.02043559     -20     20    -0.00035659748
1462 recr(170)        -0.13047319     -20     20    -0.00015417821
1463 recr(171)        0.24444049     -20     20    -0.00029320292
1464 recr(172)        1.5078999     -20     20    -1.161237e-05
1465 recr(173)        1.2211986     -20     20    0.00032541538
1466 recr(174)        -2.0128196     -20     20    0.00020010602
1467 recr(175)        -1.5490659     -20     20    0.00020454586
1468 recr(176)        -0.27820763     -20     20    0.00025111318
1469 recr(177)        0.98944134     -20     20    -0.0004178518
1470 recr(178)        1.1160938     -20     20    0.00037603978
1471 recr(179)        0.019028509     -20     20    -7.1371654e-05
1472 recr(180)        0.70969757     -20     20    7.3341026e-05
1473 recr(181)        0.30620558     -20     20    -0.00013316499
1474 recr(182)        -0.9168471     -20     20    0.00019769102
1475 recr(183)        -0.28051495     -20     20    -0.00031837184
1476 recr(184)        0.25603654     -20     20    0.00018629061
1477 recr(185)        0.83556472     -20     20    0.00024720873
1478 recr(186)        0.80410941     -20     20    -9.7435114e-05
1479 recr(187)        0.6376697     -20     20    0.00033448694
1480 recr(188)        0.072525953     -20     20    0.00021628875
1481 recr(189)        -0.32241836     -20     20    0.00038915698
1482 recr(190)        -0.49885793     -20     20    -1.0712783e-05
1483 recr(191)        0.47579639     -20     20    -0.00049858347
1484 recr(192)        0.66907982     -20     20    0.00033783634
1485 recr(193)        1.1851503     -20     20    -0.00021417851
1486 recr(194)        0.55248457     -20     20    -0.00013225135
1487 recr(195)        0.95744652     -20     20    -0.00021709627
1488 recr(196)        1.0047267     -20     20    4.7112733e-05
1489 recr(197)        -0.16661227     -20     20    0.0001111627
1490 recr(198)        0.1613948     -20     20    0.00018253218
1491 recr(199)        0.58008195     -20     20    0.00020963379
1492 recr(200)        0.45987184     -20     20    -0.00033946581
1493 recr(201)        0.78167655     -20     20    0.00013916304
1494 recr(202)        0.50180074     -20     20    -7.2567253e-07
1495 recr(203)        1.1195116     -20     20    -0.00042074857
1496 recr(204)        0.47145827     -20     20    -0.0004968606
1497 recr(205)        -1.4051388     -20     20    9.0402243e-05
1498 recr(206)        -0.24184477     -20     20    -0.00044591445
1499 recr(207)        -0.34634512     -20     20    -0.00026562008
1500 recr(208)        0.89026901     -20     20    -0.00049572779
1501 recr(209)        0.042239988     -20     20    1.1353967e-05
1502 recr(210)        1.3773944     -20     20    0.000101445
1503 recr(211)        0.55273179     -20     20    0.000116414
1504 recr(212)        0.86302434     -20     20    -0.00035222735
1505 recr(213)        -0.82942169     -20     20    6.0283008e-05
1506 recr(214)        -0.21101517     -20     20    0.00019771254
1507 recr(215)        -0.32477283     -20     20    0.00042370832
1508 recr(216)        0.77159977     -20     20    -0.00030493106
1509 recr(217)        0.73660811     -20     20    -0.00051167071
1510 recr(218)        0.22180611     -20     20    -0.00038204838
1511 recr(219)        -0.31724723     -20     20    -0.00014777013
1512 recr(220)        -0.033173193     -20     20    -2.1303587e-05
1513 recr(221)        0.49521914     -20     20    -0.00018423139
1514 recr(222)        0.40494051     -20     20    0.00019703049
1515 recr(223)        0.88019444     -20     20    7.4958298e-05
1516 recr(224)        0.43430933     -20     20    5.71255e-05
1517 recr(225)        -0.41210333     -20     20    0.000154348
1518 recr(226)        0.12215853     -20     20    0.00032836214
1519 recr(227)        0.28560371     -20     20    0.00012200766
1520 recr(228)        0.70236083     -20     20    0.00017202
1521 recr(229)        1.0050175     -20     20    -0.00022041627
1522 recr(230)        0.54730439     -20     20    -0.00023673632
1523 recr(231)        0.33172856     -20     20    2.8395937e-06
1524 recr(232)        0.39192832     -20     20    0.00024815369
1525 recr(233)        -0.096224903     -20     20    0.00039235511
1526 recr(234)        -0.089000936     -20     20    -0.00046239325
1527 recr(235)        0.15980128     -20     20    -7.2714401e-05
1528 recr(236)        0.42653109     -20     20    -0.00059014258
1529 recr(237)        0.045278873     -20     20    -1.1939111e-05
1530 recr(238)        0.033595191     -20     20    -3.4104155e-05
1531 recr(239)        0.4591238     -20     20    0.00044008793
1532 recr(240)        0.57464907     -20     20    0.00020809522
1533 recr(241)        0.90846974     -20     20    -0.0003636256
1534 recr(242)        0.9027447     -20     20    1.665263e-05
1535 recr(243)        0.69600592     -20     20    4.7639298e-05
1536 recr(244)        0.92249747     -20     20    0.00030736569
1537 recr(245)        0.40183605     -20     20    0.00030709182
1538 recr(246)        0.43356056     -20     20    0.00012595462
1539 recr(247)        0.6723144     -20     20    4.6737339e-05
1540 recr(248)        0.89984369     -20     20    0.00013059095
1541 recr(249)        0.021463342     -20     20    0.00010906814
1542 recr(250)        -0.16415016     -20     20    2.497349e-05
1543 recr(251)        -0.085773864     -20     20    1.4163173e-05
1544 recr(252)        0.011723818     -20     20    0.00039863299
1545 recr(253)        0.81620912     -20     20    0.00052917755
1546 recr(254)        0.063566794     -20     20    0.00022677328
1547 recr(255)        0.29065275     -20     20    0.00082632488
1548 recr(256)        0.56483448     -20     20    0.00017718256
1549 recr(257)        0.71214071     -20     20    -0.00041482557
1550 recr(258)        0.052267774     -20     20    -0.0001849392
1551 recr(259)        0.54541732     -20     20    0.00014574245
1552 recr(260)        1.0592852     -20     20    -7.972423e-05
1553 recr(261)        0.025600671     -20     20    -0.00040913638
1554 recr(262)        0.52265597     -20     20    8.7961372e-05
1555 recr(263)        0.63290169     -20     20    2.1954571e-05
1556 recr(264)        0.83520489     -20     20    -0.00021088871
1557 recr(265)        0.53791302     -20     20    1.8702996e-05
1558 recr(266)        -0.130361     -20     20    0.00023441791
1559 recr(267)        0.071103625     -20     20    2.1128955e-05
1560 recr(268)        0.24277992     -20     20    -0.00042579255
1561 recr(269)        0.81264129     -20     20    -5.7460269e-05
1562 recr(270)        -0.63437905     -20     20    0.00015483303
1563 recr(271)        0.080072045     -20     20    -4.9564088e-05
1564 recr(272)        -0.37429326     -20     20    -0.00064846851
1565 recr(273)        0.16083544     -20     20    -4.8357707e-05
1566 recr(274)        1.3143969     -20     20    -0.00053928073
1567 totpop        17.050881     8     25    -0.00017687919
1568 tag_fish_rep(1)        0.13606585     0.001     0.99    0.00015606901
1569 tag_fish_rep(3)        0.5058041     0.001     0.99    2.6250627e-05
1570 tag_fish_rep(4)        0.57692386     0.001     0.99    0.0001550244
1571 tag_fish_rep(5)        0.66134701     0.001     0.99    0.00011332871
1572 tag_fish_rep(6)        0.44268577     0.001     0.99    6.36562e-06
1573 tag_fish_rep(11)        0.61885529     0.001     0.99    0.00012059834
1574 tag_fish_rep(12)        0.59701493     0.001     0.99    -2.5159132e-05
1575 tag_fish_rep(13)        0.84058328     0.001     0.99    1.8728527e-05
1576 tag_fish_rep(17)        0.70427541     0.001     0.99    0.00028182738
1577 tag_fish_rep(18)        0.82019089     0.001     0.99    0.00013651458
1578 tag_fish_rep(19)        0.99     0.001     0.99    6.8137573e-07   *************
1579 tag_fish_rep(24)        0.86048487     0.001     0.99    -0.00016887039
1580 tag_fish_rep(25)        0.59808972     0.001     0.99    -0.00019344898
1581 tag_fish_rep(28)        0.68590955     0.001     0.99    0.00013288702
1582 tag_fish_rep(32)        0.12154251     0.001     0.99    -1.879509e-05
1583 tag_fish_rep(34)        0.98999998     0.001     0.99    3.4937291e-07   *************
1584 tag_fish_rep(35)        0.99     0.001     0.99    2.5860285e-08   *************
1585 region_pars(1)        0.28912367     1e-06     1.5    -0.0001577839
1586 region_pars(1)        0.41381166     1e-06     1.5    -0.00011361938
1587 region_pars(1)        0.16712356     1e-06     1.5    0.00013286862
1588 region_pars(1)        0.12998976     1e-06     1.5    0.00037483856
1589 sv(21)        0.032592259     1e-06     1000    -2.9859875e-05
1590 age_pars(5)        -2.5411853     -20     2    0.00072909788
1591 var_coff(1)        6.356569     1     10    4.6403205e-06
1592 var_coff(2)        0.60081265     0.1     3    -1.5464649e-05
