 Index  Var_name   Estimate L_bound  U_bound gradient
1 diff_coffs(1,1)        4.5857593e-09     0     4    8.8838597e-07   *************
2 diff_coffs(1,2)        1.075541e-09     0     4    -2.2779044e-06   *************
3 diff_coffs(1,3)        1.2848146e-08     0     4    0.00013382583   *************
4 diff_coffs(1,4)        0.0099439267     0     4    -0.00040853723
5 diff_coffs(1,5)        0.0013716527     0     4    0.00026772327
6 diff_coffs(1,6)        0.0068178447     0     4    -0.00013154719
7 diff_coffs(1,7)        1.0490524e-09     0     4    -1.8646804e-06   *************
8 diff_coffs(1,8)        0.056417494     0     4    -0.00030517922
9 diff_coffs(2,1)        0.012100072     0     4    0.00037646406
10 diff_coffs(2,2)        0.0094539604     0     4    7.460426e-06
11 diff_coffs(2,3)        5.6871263e-10     0     4    -4.6281022e-08   *************
12 diff_coffs(2,4)        0.097062466     0     4    -0.00016019241
13 diff_coffs(2,5)        1.4392836e-09     0     4    -5.0648911e-08   *************
14 diff_coffs(2,6)        0.0099679342     0     4    0.00018640079
15 diff_coffs(2,7)        0.0011147218     0     4    0.00028096014
16 diff_coffs(2,8)        0.013843607     0     4    -0.00014592776
17 diff_coffs(3,1)        0.027397426     0     4    0.00049067986
18 diff_coffs(3,2)        5.1621796e-10     0     4    -2.63479e-06   *************
19 diff_coffs(3,3)        4.8053295e-10     0     4    -2.8514069e-06   *************
20 diff_coffs(3,4)        0.020789727     0     4    -0.00015558419
21 diff_coffs(3,5)        1.2529576e-06     0     4    0.00015341885   *************
22 diff_coffs(3,6)        3.5609431e-06     0     4    2.7290676e-05   *************
23 diff_coffs(3,7)        1.1534844e-08     0     4    -2.0357374e-06   *************
24 diff_coffs(3,8)        1.109359e-07     0     4    3.2720069e-07   *************
25 diff_coffs(4,1)        0.00055381258     0     4    0.00078676804   *************
26 diff_coffs(4,2)        2.8985214e-10     0     4    -1.8349943e-05   *************
27 diff_coffs(4,3)        5.2302851e-10     0     4    -8.5378296e-06   *************
28 diff_coffs(4,4)        0.21258449     0     4    -0.00011533605
29 diff_coffs(4,5)        0.0061290308     0     4    0.00029659828
30 diff_coffs(4,6)        0.051893359     0     4    0.00076401212
31 diff_coffs(4,7)        0.0066267264     0     4    0.00014367082
32 diff_coffs(4,8)        0.017308896     0     4    0.00024565202
33 region_rec_diffs(1,1)        -8.8817842e-16     -3     3    -2.2439884e-15
34 region_rec_diffs(1,2)        0.68966327     -3     3    -9.9910526e-05
35 region_rec_diffs(1,3)        0.72332131     -3     3    0.0002355947
36 region_rec_diffs(1,4)        0.72905715     -3     3    -0.00024315297
37 region_rec_diffs(1,5)        0.73089101     -3     3    0.00010621274
38 region_rec_diffs(1,6)        0.40690393     -3     3    0.00083144322
39 region_rec_diffs(1,7)        0.66678505     -3     3    -0.00011681482
40 region_rec_diffs(1,8)        0.98883988     -3     3    -5.5915316e-05
41 region_rec_diffs(1,9)        0.62266043     -3     3    0.00014375692
42 region_rec_diffs(1,10)        0.38930047     -3     3    3.5582507e-05
43 region_rec_diffs(1,11)        0.8983603     -3     3    -0.00058267749
44 region_rec_diffs(1,12)        0.4228737     -3     3    2.7343005e-05
45 region_rec_diffs(1,13)        0.71871631     -3     3    0.00020335998
46 region_rec_diffs(1,14)        0.11091106     -3     3    0.00024516823
47 region_rec_diffs(1,15)        -0.0365034     -3     3    0.00021007258
48 region_rec_diffs(1,16)        -0.084184279     -3     3    3.683202e-05
49 region_rec_diffs(1,17)        -0.60813367     -3     3    -9.9156994e-05
50 region_rec_diffs(1,18)        0.69092379     -3     3    -0.00010591903
51 region_rec_diffs(1,19)        0.30494241     -3     3    7.1394128e-05
52 region_rec_diffs(1,20)        0.62950536     -3     3    5.4952133e-05
53 region_rec_diffs(1,21)        -0.27899827     -3     3    -0.00021549072
54 region_rec_diffs(1,22)        0.83407527     -3     3    0.00041315947
55 region_rec_diffs(1,23)        0.42612184     -3     3    -0.00018844396
56 region_rec_diffs(1,24)        0.58966906     -3     3    3.6664383e-06
57 region_rec_diffs(1,25)        0.77834021     -3     3    3.7079878e-05
58 region_rec_diffs(1,26)        0.97028664     -3     3    8.2912696e-06
59 region_rec_diffs(1,27)        0.18712196     -3     3    -8.8442774e-05
60 region_rec_diffs(1,28)        0.65221803     -3     3    9.5358598e-05
61 region_rec_diffs(1,29)        -1.1380632     -3     3    3.4611773e-05
62 region_rec_diffs(1,30)        -0.59780527     -3     3    2.8266599e-05
63 region_rec_diffs(1,31)        -0.13238099     -3     3    3.0646859e-05
64 region_rec_diffs(1,32)        -0.23380582     -3     3    -2.9464883e-05
65 region_rec_diffs(1,33)        -0.64122768     -3     3    5.3075625e-05
66 region_rec_diffs(1,34)        0.63691562     -3     3    3.8412736e-06
67 region_rec_diffs(1,35)        0.22406815     -3     3    2.9582873e-05
68 region_rec_diffs(1,36)        0.22861107     -3     3    -5.2040845e-05
69 region_rec_diffs(1,37)        0.54859935     -3     3    -6.8204528e-06
70 region_rec_diffs(1,38)        -0.39599899     -3     3    -0.00014525152
71 region_rec_diffs(1,39)        -0.022932161     -3     3    0.00011862792
72 region_rec_diffs(1,40)        -0.089895184     -3     3    -4.4082786e-05
73 region_rec_diffs(1,41)        0.27246705     -3     3    0.0002555481
74 region_rec_diffs(1,42)        0.78628588     -3     3    0.00019019166
75 region_rec_diffs(1,43)        -0.012662514     -3     3    4.6614149e-05
76 region_rec_diffs(1,44)        -0.37312671     -3     3    0.00010805556
77 region_rec_diffs(1,45)        0.57046698     -3     3    7.8591991e-05
78 region_rec_diffs(1,46)        0.59982784     -3     3    4.7305395e-06
79 region_rec_diffs(1,47)        0.32199834     -3     3    -4.5728336e-05
80 region_rec_diffs(1,48)        -0.63462136     -3     3    7.178773e-05
81 region_rec_diffs(1,49)        0.44821614     -3     3    0.00062503925
82 region_rec_diffs(1,50)        -0.095788035     -3     3    -6.9253823e-05
83 region_rec_diffs(1,51)        0.66957588     -3     3    0.00022587721
84 region_rec_diffs(1,52)        -0.16176609     -3     3    -6.1613281e-06
85 region_rec_diffs(1,53)        0.41891204     -3     3    -9.621297e-05
86 region_rec_diffs(1,54)        -0.16107183     -3     3    -0.00010629649
87 region_rec_diffs(1,55)        0.37379484     -3     3    9.1391606e-05
88 region_rec_diffs(1,56)        0.01760067     -3     3    1.5387233e-05
89 region_rec_diffs(1,57)        -0.70229665     -3     3    -9.5135289e-05
90 region_rec_diffs(1,58)        0.75824512     -3     3    -7.1555887e-05
91 region_rec_diffs(1,59)        0.43546973     -3     3    -9.6044223e-05
92 region_rec_diffs(1,60)        -0.4936821     -3     3    8.6791905e-05
93 region_rec_diffs(1,61)        0.78562069     -3     3    0.00022577536
94 region_rec_diffs(1,62)        0.056651594     -3     3    0.0004303322
95 region_rec_diffs(1,63)        0.6257402     -3     3    -1.3006802e-05
96 region_rec_diffs(1,64)        -0.73700148     -3     3    0.00024305159
97 region_rec_diffs(1,65)        0.49841408     -3     3    0.00022924159
98 region_rec_diffs(1,66)        -0.18861371     -3     3    0.00010899373
99 region_rec_diffs(1,67)        0.57444266     -3     3    -1.1175122e-05
100 region_rec_diffs(1,68)        0.79040948     -3     3    8.3072183e-05
101 region_rec_diffs(1,69)        0.5536797     -3     3    0.00022434362
102 region_rec_diffs(1,70)        0.13658109     -3     3    -0.00016556715
103 region_rec_diffs(1,71)        0.13076944     -3     3    -0.00036398166
104 region_rec_diffs(1,72)        0.1042504     -3     3    -0.00033917691
105 region_rec_diffs(1,73)        0.11761098     -3     3    -0.00023585375
106 region_rec_diffs(1,74)        0.64062392     -3     3    6.4184304e-05
107 region_rec_diffs(1,75)        -2.3143447     -3     3    -1.6725471e-05
108 region_rec_diffs(1,76)        -0.64826335     -3     3    -0.00014029184
109 region_rec_diffs(1,77)        -0.42404975     -3     3    8.9488188e-05
110 region_rec_diffs(1,78)        0.69153758     -3     3    5.2711238e-05
111 region_rec_diffs(1,79)        0.55075991     -3     3    -8.7700444e-05
112 region_rec_diffs(1,80)        0.86053786     -3     3    -0.00088839481
113 region_rec_diffs(1,81)        0.016020687     -3     3    -0.00012362516
114 region_rec_diffs(1,82)        0.67850165     -3     3    -0.00040178155
115 region_rec_diffs(1,83)        0.13714843     -3     3    -5.4802287e-05
116 region_rec_diffs(1,84)        -0.083627206     -3     3    -0.00029723076
117 region_rec_diffs(1,85)        0.089666472     -3     3    -0.00023006238
118 region_rec_diffs(1,86)        -0.30576618     -3     3    1.8265892e-05
119 region_rec_diffs(1,87)        0.72661856     -3     3    -6.1264099e-05
120 region_rec_diffs(1,88)        -2.0029001     -3     3    9.2342156e-05
121 region_rec_diffs(1,89)        0.3413952     -3     3    3.6181677e-05
122 region_rec_diffs(1,90)        -0.30145272     -3     3    -4.4287517e-05
123 region_rec_diffs(1,91)        0.39112931     -3     3    0.00017999487
124 region_rec_diffs(1,92)        0.041143982     -3     3    0.00020993267
125 region_rec_diffs(1,93)        -0.088368911     -3     3    0.00015672727
126 region_rec_diffs(1,94)        0.87417616     -3     3    -5.4268193e-06
127 region_rec_diffs(1,95)        -0.49872358     -3     3    -0.00011305233
128 region_rec_diffs(1,96)        -0.5547335     -3     3    -0.00050283008
129 region_rec_diffs(1,97)        0.38922496     -3     3    9.0537624e-05
130 region_rec_diffs(1,98)        0.76142745     -3     3    0.00016911536
131 region_rec_diffs(1,99)        0.031723173     -3     3    7.6045409e-05
132 region_rec_diffs(1,100)        0.0070074441     -3     3    0.00019030252
133 region_rec_diffs(1,101)        0.55332214     -3     3    0.00086868171
134 region_rec_diffs(1,102)        -0.0090058344     -3     3    1.6569187e-05
135 region_rec_diffs(1,103)        0.51903036     -3     3    0.00021683437
136 region_rec_diffs(1,104)        0.27003891     -3     3    4.8359968e-05
137 region_rec_diffs(1,105)        -0.069934397     -3     3    -0.00022906688
138 region_rec_diffs(1,106)        -0.014771301     -3     3    3.9441692e-09
139 region_rec_diffs(1,107)        0.038455273     -3     3    -8.1811215e-05
140 region_rec_diffs(1,108)        0.51871149     -3     3    0.00017290409
141 region_rec_diffs(1,109)        0.4973759     -3     3    6.182353e-05
142 region_rec_diffs(1,110)        0.0042664015     -3     3    1.9989601e-05
143 region_rec_diffs(1,111)        -0.049093573     -3     3    -5.3869701e-05
144 region_rec_diffs(1,112)        0.46278702     -3     3    0.00011850929
145 region_rec_diffs(1,113)        0.21980106     -3     3    0.00063239279
146 region_rec_diffs(1,114)        -0.50372194     -3     3    9.7113351e-05
147 region_rec_diffs(1,115)        0.027624611     -3     3    2.6626834e-06
148 region_rec_diffs(1,116)        0.044023163     -3     3    -0.00023638709
149 region_rec_diffs(1,117)        0.74618893     -3     3    -0.00043175633
150 region_rec_diffs(1,118)        -0.58683767     -3     3    0.00013717155
151 region_rec_diffs(1,119)        0.39144676     -3     3    -0.00030598332
152 region_rec_diffs(1,120)        -1.0684039     -3     3    -0.00027307504
153 region_rec_diffs(1,121)        0.60949949     -3     3    7.5558013e-05
154 region_rec_diffs(1,122)        0.54083648     -3     3    -0.00011475575
155 region_rec_diffs(1,123)        -0.82575379     -3     3    0.00016164484
156 region_rec_diffs(1,124)        0.051750655     -3     3    -0.00022809991
157 region_rec_diffs(1,125)        -0.39777684     -3     3    1.8132288e-05
158 region_rec_diffs(1,126)        -0.12886938     -3     3    -0.00014658129
159 region_rec_diffs(1,127)        -0.50619058     -3     3    -4.7160953e-05
160 region_rec_diffs(1,128)        0.39504844     -3     3    -0.00035536111
161 region_rec_diffs(1,129)        0.55800424     -3     3    -5.0457429e-05
162 region_rec_diffs(1,130)        -1.0113061     -3     3    0.00012930303
163 region_rec_diffs(1,131)        -0.34974268     -3     3    7.9890912e-05
164 region_rec_diffs(1,132)        -0.64283504     -3     3    -0.000103784
165 region_rec_diffs(1,133)        0.70184215     -3     3    -0.00045571527
166 region_rec_diffs(1,134)        -0.58353949     -3     3    2.4783262e-05
167 region_rec_diffs(1,135)        -0.1308696     -3     3    0.00013238735
168 region_rec_diffs(1,136)        0.75470671     -3     3    -8.966018e-05
169 region_rec_diffs(1,137)        -1.1468713     -3     3    4.325244e-05
170 region_rec_diffs(1,138)        -1.6072073     -3     3    0.00012042862
171 region_rec_diffs(1,139)        -0.78488763     -3     3    7.7328318e-05
172 region_rec_diffs(1,140)        -1.6753766     -3     3    -2.3995931e-06
173 region_rec_diffs(1,141)        1.0087519     -3     3    -0.0003275622
174 region_rec_diffs(1,142)        0.58985714     -3     3    6.7011579e-05
175 region_rec_diffs(1,143)        -0.89054767     -3     3    -5.5253193e-05
176 region_rec_diffs(1,144)        -0.032197     -3     3    -4.5515293e-05
177 region_rec_diffs(1,145)        0.33883309     -3     3    0.00024222517
178 region_rec_diffs(1,146)        -0.97340982     -3     3    0.00010295189
179 region_rec_diffs(1,147)        -1.9010726     -3     3    -9.0655779e-06
180 region_rec_diffs(1,148)        0.21523333     -3     3    -0.00044229825
181 region_rec_diffs(1,149)        0.51139634     -3     3    2.6920878e-05
182 region_rec_diffs(1,150)        0.15772602     -3     3    -0.00016562349
183 region_rec_diffs(1,151)        -0.83814646     -3     3    -1.3723233e-05
184 region_rec_diffs(1,152)        0.35396077     -3     3    -1.9616142e-05
185 region_rec_diffs(1,153)        0.74023671     -3     3    -0.00010964106
186 region_rec_diffs(1,154)        -1.4493384     -3     3    2.3715141e-05
187 region_rec_diffs(1,155)        -1.5473193     -3     3    0.00011209483
188 region_rec_diffs(1,156)        0.46443708     -3     3    0.00024935164
189 region_rec_diffs(1,157)        0.92206385     -3     3    0.0004146907
190 region_rec_diffs(1,158)        -1.1579775     -3     3    -6.6239455e-06
191 region_rec_diffs(1,159)        -2.2625975     -3     3    -3.2405699e-05
192 region_rec_diffs(1,160)        -0.64897565     -3     3    0.00014958868
193 region_rec_diffs(1,161)        0.1759139     -3     3    -0.00018451093
194 region_rec_diffs(1,162)        -0.5960964     -3     3    0.00021565525
195 region_rec_diffs(1,163)        -1.8297115     -3     3    -0.00010605312
196 region_rec_diffs(1,164)        0.84465904     -3     3    -3.3122373e-05
197 region_rec_diffs(1,165)        -1.1731333     -3     3    -4.9631961e-06
198 region_rec_diffs(1,166)        -1.4140019     -3     3    9.3237978e-05
199 region_rec_diffs(1,167)        -2.2941559     -3     3    9.1841524e-06
200 region_rec_diffs(1,168)        -0.47663024     -3     3    -0.0005200726
201 region_rec_diffs(1,169)        0.44655953     -3     3    0.00078501639
202 region_rec_diffs(1,170)        -1.8104231     -3     3    0.00014089778
203 region_rec_diffs(1,171)        -1.1221322     -3     3    5.3103585e-05
204 region_rec_diffs(1,172)        0.14912505     -3     3    -0.00014800398
205 region_rec_diffs(1,173)        0.47509345     -3     3    0.00011981643
206 region_rec_diffs(1,174)        -0.78300593     -3     3    -5.00103e-05
207 region_rec_diffs(1,175)        -1.5758349     -3     3    0.00015278703
208 region_rec_diffs(1,176)        -0.82547249     -3     3    -0.00013398874
209 region_rec_diffs(1,177)        -0.55288792     -3     3    -0.00031828729
210 region_rec_diffs(1,178)        0.4575729     -3     3    0.00035397174
211 region_rec_diffs(1,179)        -2.3825439     -3     3    6.3705096e-06
212 region_rec_diffs(1,180)        0.39680475     -3     3    0.00016456334
213 region_rec_diffs(1,181)        0.61004364     -3     3    -6.3530684e-05
214 region_rec_diffs(1,182)        -1.8000302     -3     3    -1.2688312e-05
215 region_rec_diffs(1,183)        -2.2725     -3     3    4.9829966e-05
216 region_rec_diffs(1,184)        -2.0239952     -3     3    -5.0377411e-05
217 region_rec_diffs(1,185)        0.17015053     -3     3    -0.00065198724
218 region_rec_diffs(1,186)        0.045298938     -3     3    3.8800939e-05
219 region_rec_diffs(1,187)        -1.6242589     -3     3    5.2514911e-05
220 region_rec_diffs(1,188)        0.45070567     -3     3    0.00018067444
221 region_rec_diffs(1,189)        0.82044003     -3     3    -0.00017020271
222 region_rec_diffs(1,190)        -1.7097262     -3     3    -5.4538452e-05
223 region_rec_diffs(1,191)        -2.5648024     -3     3    0.00014496792
224 region_rec_diffs(1,192)        -0.26109939     -3     3    0.00032459894
225 region_rec_diffs(1,193)        0.84739391     -3     3    7.9187564e-05
226 region_rec_diffs(1,194)        -1.3135049     -3     3    5.82715e-05
227 region_rec_diffs(1,195)        -2.277153     -3     3    7.1275719e-05
228 region_rec_diffs(1,196)        0.48054992     -3     3    0.00023688215
229 region_rec_diffs(1,197)        0.14054615     -3     3    0.00038611002
230 region_rec_diffs(1,198)        -2.1682453     -3     3    7.2156717e-05
231 region_rec_diffs(1,199)        -2.553791     -3     3    -6.0253906e-05
232 region_rec_diffs(1,200)        -2.2778317     -3     3    4.3877467e-05
233 region_rec_diffs(1,201)        0.7430228     -3     3    -0.00015996523
234 region_rec_diffs(1,202)        0.36981342     -3     3    -0.00016990748
235 region_rec_diffs(1,203)        0.509488     -3     3    -0.00053160769
236 region_rec_diffs(1,204)        -0.58425388     -3     3    0.00012900573
237 region_rec_diffs(1,205)        -1.4796995     -3     3    -2.2682694e-05
238 region_rec_diffs(1,206)        -2.2925705     -3     3    -9.158121e-06
239 region_rec_diffs(1,207)        -1.0557221     -3     3    1.7942876e-05
240 region_rec_diffs(1,208)        -1.2637917     -3     3    -0.000229697
241 region_rec_diffs(1,209)        0.059849763     -3     3    0.00022577535
242 region_rec_diffs(1,210)        0.64463045     -3     3    -0.00010573119
243 region_rec_diffs(1,211)        -0.039655855     -3     3    0.00020940384
244 region_rec_diffs(1,212)        -2.3889808     -3     3    0.00024427394
245 region_rec_diffs(1,213)        -1.6097334     -3     3    8.9720109e-05
246 region_rec_diffs(1,214)        -2.0778332     -3     3    2.4131015e-05
247 region_rec_diffs(1,215)        -1.8820326     -3     3    3.8236487e-05
248 region_rec_diffs(1,216)        0.052461429     -3     3    0.00029687196
249 region_rec_diffs(1,217)        0.41941662     -3     3    -0.00022351106
250 region_rec_diffs(1,218)        -2.4352677     -3     3    -2.2647517e-05
251 region_rec_diffs(1,219)        -2.0782682     -3     3    -2.0392996e-05
252 region_rec_diffs(1,220)        0.44830418     -3     3    4.0805082e-05
253 region_rec_diffs(1,221)        0.016057183     -3     3    -0.00019069293
254 region_rec_diffs(1,222)        -1.4180371     -3     3    1.1060431e-05
255 region_rec_diffs(1,223)        -0.21230557     -3     3    -0.00020668633
256 region_rec_diffs(1,224)        0.37718992     -3     3    0.00044055646
257 region_rec_diffs(1,225)        -0.86757118     -3     3    0.00032373124
258 region_rec_diffs(1,226)        -2.5770417     -3     3    2.0784976e-05
259 region_rec_diffs(1,227)        -2.1652772     -3     3    9.590811e-06
260 region_rec_diffs(1,228)        -1.3874302     -3     3    -1.3548878e-05
261 region_rec_diffs(1,229)        0.66490119     -3     3    -0.00029287843
262 region_rec_diffs(1,230)        -1.4322607     -3     3    -6.2554913e-05
263 region_rec_diffs(1,231)        -0.086491035     -3     3    -0.00030728171
264 region_rec_diffs(1,232)        0.44257879     -3     3    -0.00018928824
265 region_rec_diffs(1,233)        -0.67229773     -3     3    3.4780303e-05
266 region_rec_diffs(1,234)        -2.0827803     -3     3    2.5131122e-05
267 region_rec_diffs(1,235)        -1.0848118     -3     3    0.0001950772
268 region_rec_diffs(1,236)        0.24578188     -3     3    0.00019988225
269 region_rec_diffs(1,237)        -0.0073781485     -3     3    -0.00024899873
270 region_rec_diffs(1,238)        -0.47543932     -3     3    -0.00035721737
271 region_rec_diffs(1,239)        -2.3841864     -3     3    6.5021196e-05
272 region_rec_diffs(1,240)        -1.1718574     -3     3    0.00012395496
273 region_rec_diffs(1,241)        0.7064265     -3     3    0.00011607179
274 region_rec_diffs(1,242)        -0.19430224     -3     3    -0.00020966849
275 region_rec_diffs(1,243)        -0.051734328     -3     3    -0.00037328993
276 region_rec_diffs(1,244)        0.26589006     -3     3    -0.0001473245
277 region_rec_diffs(1,245)        -0.88936152     -3     3    9.1583601e-05
278 region_rec_diffs(1,246)        -1.3742464     -3     3    -8.6220805e-05
279 region_rec_diffs(1,247)        -1.1963776     -3     3    1.0406136e-05
280 region_rec_diffs(1,248)        0.43891534     -3     3    -8.8995574e-05
281 region_rec_diffs(1,249)        -1.1830057     -3     3    0.00011758821
282 region_rec_diffs(1,250)        -2.6742368     -3     3    0.00025040542
283 region_rec_diffs(1,251)        -2.4122142     -3     3    2.5406274e-05
284 region_rec_diffs(1,252)        -0.074044072     -3     3    0.00030768861
285 region_rec_diffs(1,253)        0.62177722     -3     3    8.6084853e-06
286 region_rec_diffs(1,254)        -2.4845611     -3     3    -5.3254281e-05
287 region_rec_diffs(1,255)        -2.5602233     -3     3    -2.1544269e-05
288 region_rec_diffs(1,256)        0.32659973     -3     3    -0.0001944429
289 region_rec_diffs(1,257)        0.58174939     -3     3    -7.7269215e-05
290 region_rec_diffs(1,258)        -1.9134184     -3     3    4.559506e-05
291 region_rec_diffs(1,259)        -1.993049     -3     3    8.8583811e-05
292 region_rec_diffs(1,260)        0.72388284     -3     3    -0.00012485013
293 region_rec_diffs(1,261)        0.079590906     -3     3    -8.9894104e-05
294 region_rec_diffs(1,262)        -1.4995028     -3     3    -0.00010773748
295 region_rec_diffs(1,263)        -0.86447739     -3     3    0.00012203419
296 region_rec_diffs(1,264)        0.12679365     -3     3    -0.00023866651
297 region_rec_diffs(1,265)        0.61317844     -3     3    -0.00026710444
298 region_rec_diffs(1,266)        -1.6031037     -3     3    -8.7321134e-05
299 region_rec_diffs(1,267)        -1.7659753     -3     3    -0.00012690447
300 region_rec_diffs(1,268)        0.030333534     -3     3    -0.00039669436
301 region_rec_diffs(1,269)        0.618786     -3     3    -0.00018019362
302 region_rec_diffs(1,270)        -1.5223318     -3     3    9.6718462e-05
303 region_rec_diffs(1,271)        -1.7702132     -3     3    7.0171383e-06
304 region_rec_diffs(1,272)        0.17868054     -3     3    -0.00047864807
305 region_rec_diffs(1,273)        0.41355845     -3     3    0.00037259605
306 region_rec_diffs(1,274)        -1.4930661     -3     3    -0.00014141476
307 region_rec_diffs(1,275)        0.48216313     -3     3    4.7475637e-05
308 region_rec_diffs(1,276)        0.79121097     -3     3    0.00035117762
309 region_rec_diffs(1,277)        0.010700793     -3     3    -1.2076239e-05
310 region_rec_diffs(1,278)        -0.49531248     -3     3    -0.00024842629
311 region_rec_diffs(1,279)        -0.043381775     -3     3    -0.00024664204
312 region_rec_diffs(2,1)        -8.8817842e-16     -3     3    -2.0641039e-15
313 region_rec_diffs(2,2)        -0.71904957     -3     3    0.00046363306
314 region_rec_diffs(2,3)        -0.81286742     -3     3    0.00012331044
315 region_rec_diffs(2,4)        -0.63156558     -3     3    7.3962244e-05
316 region_rec_diffs(2,5)        -0.65260331     -3     3    0.00041840481
317 region_rec_diffs(2,6)        -0.13592388     -3     3    0.00046199108
318 region_rec_diffs(2,7)        -0.44160866     -3     3    1.2019563e-05
319 region_rec_diffs(2,8)        -1.5366999     -3     3    -3.8547096e-05
320 region_rec_diffs(2,9)        -0.47327077     -3     3    5.7981533e-05
321 region_rec_diffs(2,10)        -0.26460023     -3     3    3.3331e-05
322 region_rec_diffs(2,11)        -1.5078664     -3     3    -7.5238399e-05
323 region_rec_diffs(2,12)        -0.41138636     -3     3    -6.5522571e-06
324 region_rec_diffs(2,13)        -1.1146372     -3     3    -0.00019358738
325 region_rec_diffs(2,14)        -0.30990652     -3     3    -9.6364017e-05
326 region_rec_diffs(2,15)        0.13427698     -3     3    0.0002601519
327 region_rec_diffs(2,16)        0.10199115     -3     3    7.4458057e-05
328 region_rec_diffs(2,17)        0.61427603     -3     3    -0.00032318725
329 region_rec_diffs(2,18)        -0.32107772     -3     3    -8.0313606e-05
330 region_rec_diffs(2,19)        -0.11022515     -3     3    4.8032644e-05
331 region_rec_diffs(2,20)        -0.53500119     -3     3    1.1487208e-05
332 region_rec_diffs(2,21)        0.34766792     -3     3    -0.0003205541
333 region_rec_diffs(2,22)        -0.83862262     -3     3    -0.00016409875
334 region_rec_diffs(2,23)        -0.33399513     -3     3    -8.7499534e-05
335 region_rec_diffs(2,24)        -1.5875196     -3     3    8.8596093e-06
336 region_rec_diffs(2,25)        -1.2354092     -3     3    -3.1844744e-05
337 region_rec_diffs(2,26)        -1.6863792     -3     3    -6.1304193e-05
338 region_rec_diffs(2,27)        -0.16688755     -3     3    -2.1568402e-05
339 region_rec_diffs(2,28)        -1.3403677     -3     3    -2.1105277e-05
340 region_rec_diffs(2,29)        0.60392946     -3     3    -6.7612303e-05
341 region_rec_diffs(2,30)        0.39993119     -3     3    0.00019212421
342 region_rec_diffs(2,31)        0.070645458     -3     3    4.5847864e-05
343 region_rec_diffs(2,32)        0.0097004578     -3     3    -2.3837507e-05
344 region_rec_diffs(2,33)        -0.48749577     -3     3    3.8164852e-05
345 region_rec_diffs(2,34)        -1.6697961     -3     3    -3.1868503e-05
346 region_rec_diffs(2,35)        -0.20473993     -3     3    2.5671323e-05
347 region_rec_diffs(2,36)        -0.20366219     -3     3    -3.9611608e-05
348 region_rec_diffs(2,37)        -1.4447431     -3     3    0.00012455306
349 region_rec_diffs(2,38)        -0.11473021     -3     3    -0.00012592563
350 region_rec_diffs(2,39)        -0.095869342     -3     3    0.00010305335
351 region_rec_diffs(2,40)        -0.059355344     -3     3    -3.8059627e-05
352 region_rec_diffs(2,41)        -0.18078702     -3     3    1.1561389e-05
353 region_rec_diffs(2,42)        -1.0498531     -3     3    -0.00017078059
354 region_rec_diffs(2,43)        -0.052114515     -3     3    3.6613797e-05
355 region_rec_diffs(2,44)        -0.39407146     -3     3    0.00014064836
356 region_rec_diffs(2,45)        -1.9243753     -3     3    0.00015520036
357 region_rec_diffs(2,46)        -0.83829593     -3     3    -1.1238452e-05
358 region_rec_diffs(2,47)        -0.59033766     -3     3    -2.3818146e-05
359 region_rec_diffs(2,48)        -0.98332957     -3     3    -3.4564674e-05
360 region_rec_diffs(2,49)        -0.40044348     -3     3    -0.00021062816
361 region_rec_diffs(2,50)        -0.024982529     -3     3    -7.2895461e-05
362 region_rec_diffs(2,51)        -1.4993002     -3     3    -2.5225033e-05
363 region_rec_diffs(2,52)        0.13979371     -3     3    -1.8978379e-05
364 region_rec_diffs(2,53)        -0.67211171     -3     3    -7.7688999e-05
365 region_rec_diffs(2,54)        -1.299373     -3     3    4.2396874e-05
366 region_rec_diffs(2,55)        -0.68388712     -3     3    5.7733843e-05
367 region_rec_diffs(2,56)        -1.2725327     -3     3    6.5249427e-05
368 region_rec_diffs(2,57)        -0.44844537     -3     3    -5.2052209e-05
369 region_rec_diffs(2,58)        -0.8513582     -3     3    0.00032449405
370 region_rec_diffs(2,59)        -0.36220084     -3     3    -2.4156376e-07
371 region_rec_diffs(2,60)        -1.2753286     -3     3    2.9218377e-05
372 region_rec_diffs(2,61)        -1.0597489     -3     3    3.4392805e-05
373 region_rec_diffs(2,62)        0.053910881     -3     3    0.00038232463
374 region_rec_diffs(2,63)        -0.56472549     -3     3    -4.0133292e-05
375 region_rec_diffs(2,64)        -1.0299586     -3     3    -4.1360215e-05
376 region_rec_diffs(2,65)        -1.0325362     -3     3    -8.78966e-05
377 region_rec_diffs(2,66)        -0.037898947     -3     3    9.7026257e-05
378 region_rec_diffs(2,67)        -0.61884299     -3     3    -4.557401e-05
379 region_rec_diffs(2,68)        -1.1001056     -3     3    -4.5865773e-05
380 region_rec_diffs(2,69)        -1.2495236     -3     3    -0.0001254868
381 region_rec_diffs(2,70)        -0.70651587     -3     3    -0.00011545851
382 region_rec_diffs(2,71)        -0.71298722     -3     3    -0.00012405691
383 region_rec_diffs(2,72)        -0.42262473     -3     3    4.3747473e-05
384 region_rec_diffs(2,73)        0.24452726     -3     3    -0.00019577393
385 region_rec_diffs(2,74)        -0.61364716     -3     3    5.141416e-05
386 region_rec_diffs(2,75)        -1.2936583     -3     3    -4.9070564e-05
387 region_rec_diffs(2,76)        0.45270664     -3     3    -0.00028437628
388 region_rec_diffs(2,77)        0.60375813     -3     3    0.0003154783
389 region_rec_diffs(2,78)        -0.51483523     -3     3    3.3318809e-05
390 region_rec_diffs(2,79)        -0.27400764     -3     3    -6.4797263e-05
391 region_rec_diffs(2,80)        -1.250527     -3     3    -0.00017972682
392 region_rec_diffs(2,81)        0.61916737     -3     3    0.00041160047
393 region_rec_diffs(2,82)        -0.38572634     -3     3    -3.0488686e-05
394 region_rec_diffs(2,83)        -0.5130048     -3     3    -7.7611491e-05
395 region_rec_diffs(2,84)        0.38667331     -3     3    -0.00038117629
396 region_rec_diffs(2,85)        -0.12541328     -3     3    -0.0001259521
397 region_rec_diffs(2,86)        0.065061638     -3     3    5.0242498e-05
398 region_rec_diffs(2,87)        -1.3185388     -3     3    -0.00019657871
399 region_rec_diffs(2,88)        -1.3707843     -3     3    -9.8802421e-05
400 region_rec_diffs(2,89)        0.27829487     -3     3    2.5229394e-05
401 region_rec_diffs(2,90)        0.3768692     -3     3    -0.00010181207
402 region_rec_diffs(2,91)        -0.022380089     -3     3    -9.6617664e-05
403 region_rec_diffs(2,92)        0.65108043     -3     3    0.00029023593
404 region_rec_diffs(2,93)        0.35177765     -3     3    0.00020948056
405 region_rec_diffs(2,94)        -1.4445055     -3     3    -0.00011095553
406 region_rec_diffs(2,95)        -0.49438546     -3     3    -6.5872148e-05
407 region_rec_diffs(2,96)        -0.07540877     -3     3    -0.00081875898
408 region_rec_diffs(2,97)        -0.76401264     -3     3    -2.7906166e-05
409 region_rec_diffs(2,98)        -0.91446119     -3     3    1.5027504e-05
410 region_rec_diffs(2,99)        -1.0259646     -3     3    9.776859e-05
411 region_rec_diffs(2,100)        0.5785586     -3     3    0.00024339739
412 region_rec_diffs(2,101)        -1.3751406     -3     3    0.00020767699
413 region_rec_diffs(2,102)        -0.0022153664     -3     3    1.4441003e-05
414 region_rec_diffs(2,103)        -0.50597995     -3     3    3.5776364e-05
415 region_rec_diffs(2,104)        -0.6926678     -3     3    0.00013134449
416 region_rec_diffs(2,105)        0.22324348     -3     3    -0.00026305726
417 region_rec_diffs(2,106)        0.07306205     -3     3    -3.7546576e-06
418 region_rec_diffs(2,107)        0.10573163     -3     3    -6.7094193e-05
419 region_rec_diffs(2,108)        0.094796354     -3     3    -0.00015228936
420 region_rec_diffs(2,109)        -0.58784695     -3     3    -0.0001164372
421 region_rec_diffs(2,110)        0.045068767     -3     3    6.8382964e-06
422 region_rec_diffs(2,111)        0.10780527     -3     3    -6.4954258e-05
423 region_rec_diffs(2,112)        -0.050440432     -3     3    -0.0002171114
424 region_rec_diffs(2,113)        -0.45156641     -3     3    2.682963e-05
425 region_rec_diffs(2,114)        0.51158858     -3     3    0.0001745207
426 region_rec_diffs(2,115)        -0.21282956     -3     3    -2.6295374e-05
427 region_rec_diffs(2,116)        -1.4026612     -3     3    -0.00020985677
428 region_rec_diffs(2,117)        -1.1135454     -3     3    0.00014984389
429 region_rec_diffs(2,118)        0.0044168747     -3     3    0.00025893753
430 region_rec_diffs(2,119)        -0.91004592     -3     3    0.00018980984
431 region_rec_diffs(2,120)        0.15438171     -3     3    -0.00013594566
432 region_rec_diffs(2,121)        -0.68598924     -3     3    -0.00016179762
433 region_rec_diffs(2,122)        -0.2923244     -3     3    -0.00035149027
434 region_rec_diffs(2,123)        0.46001291     -3     3    0.0002680293
435 region_rec_diffs(2,124)        -2.6762024     -3     3    -0.00036802877
436 region_rec_diffs(2,125)        -0.80476883     -3     3    0.00015412816
437 region_rec_diffs(2,126)        0.286476     -3     3    8.1940176e-05
438 region_rec_diffs(2,127)        0.62717387     -3     3    -0.00056264374
439 region_rec_diffs(2,128)        0.22813353     -3     3    4.286033e-05
440 region_rec_diffs(2,129)        -0.81962005     -3     3    -0.00023244926
441 region_rec_diffs(2,130)        0.52006402     -3     3    9.697901e-05
442 region_rec_diffs(2,131)        0.28794398     -3     3    8.3489405e-06
443 region_rec_diffs(2,132)        -2.3593411     -3     3    -3.5707337e-05
444 region_rec_diffs(2,133)        -0.15685511     -3     3    0.00035872346
445 region_rec_diffs(2,134)        0.64107489     -3     3    -9.3610903e-05
446 region_rec_diffs(2,135)        0.52126668     -3     3    0.00029115661
447 region_rec_diffs(2,136)        -0.24576677     -3     3    -1.648947e-05
448 region_rec_diffs(2,137)        0.60333774     -3     3    -0.00019365513
449 region_rec_diffs(2,138)        -1.0041035     -3     3    -5.7949672e-05
450 region_rec_diffs(2,139)        0.75544269     -3     3    0.00037573073
451 region_rec_diffs(2,140)        1.1455127     -3     3    0.00015751519
452 region_rec_diffs(2,141)        -1.5574696     -3     3    -6.8222407e-06
453 region_rec_diffs(2,142)        -0.54661855     -3     3    -4.7897408e-05
454 region_rec_diffs(2,143)        -0.0033955576     -3     3    2.4165049e-05
455 region_rec_diffs(2,144)        -0.0048341049     -3     3    -0.00028445857
456 region_rec_diffs(2,145)        0.27195405     -3     3    -0.00035034348
457 region_rec_diffs(2,146)        -1.143998     -3     3    -3.5847722e-05
458 region_rec_diffs(2,147)        -1.6344434     -3     3    -4.3984368e-05
459 region_rec_diffs(2,148)        0.16544874     -3     3    0.00015924487
460 region_rec_diffs(2,149)        0.12385853     -3     3    0.00020873855
461 region_rec_diffs(2,150)        -0.32006013     -3     3    -0.00010369648
462 region_rec_diffs(2,151)        -0.061101561     -3     3    -4.2495722e-05
463 region_rec_diffs(2,152)        0.51393753     -3     3    1.9867328e-05
464 region_rec_diffs(2,153)        -1.6985932     -3     3    0.00018602753
465 region_rec_diffs(2,154)        -0.52961274     -3     3    -0.00037731368
466 region_rec_diffs(2,155)        -0.33036276     -3     3    -1.7314425e-05
467 region_rec_diffs(2,156)        0.17743612     -3     3    8.9923472e-06
468 region_rec_diffs(2,157)        -1.6940492     -3     3    3.3675694e-05
469 region_rec_diffs(2,158)        -0.024381142     -3     3    -0.00024120421
470 region_rec_diffs(2,159)        -1.685046     -3     3    -0.00013231446
471 region_rec_diffs(2,160)        0.35565344     -3     3    0.00055091616
472 region_rec_diffs(2,161)        -1.1585223     -3     3    -5.5952578e-05
473 region_rec_diffs(2,162)        -0.81355266     -3     3    2.5149206e-05
474 region_rec_diffs(2,163)        0.44054745     -3     3    -9.71016e-05
475 region_rec_diffs(2,164)        -0.60873742     -3     3    0.00020129109
476 region_rec_diffs(2,165)        -0.42609874     -3     3    7.2961691e-05
477 region_rec_diffs(2,166)        0.87626725     -3     3    -4.1548985e-05
478 region_rec_diffs(2,167)        0.22142106     -3     3    3.307915e-06
479 region_rec_diffs(2,168)        -0.30570576     -3     3    1.7399522e-05
480 region_rec_diffs(2,169)        -0.49564161     -3     3    -1.0177688e-05
481 region_rec_diffs(2,170)        0.6681914     -3     3    0.00065693362
482 region_rec_diffs(2,171)        -1.0711783     -3     3    0.0002067075
483 region_rec_diffs(2,172)        -2.1156303     -3     3    -0.00015110667
484 region_rec_diffs(2,173)        -1.6541757     -3     3    -0.00012562351
485 region_rec_diffs(2,174)        0.12905993     -3     3    -0.00011918747
486 region_rec_diffs(2,175)        -0.39966598     -3     3    0.00015684997
487 region_rec_diffs(2,176)        0.39732992     -3     3    0.00029741158
488 region_rec_diffs(2,177)        0.59981935     -3     3    3.2197618e-05
489 region_rec_diffs(2,178)        -1.4559836     -3     3    -1.6503289e-05
490 region_rec_diffs(2,179)        0.15634723     -3     3    -6.5779837e-05
491 region_rec_diffs(2,180)        -0.11781786     -3     3    -6.4488686e-06
492 region_rec_diffs(2,181)        0.04232545     -3     3    -0.00050234252
493 region_rec_diffs(2,182)        0.89839093     -3     3    4.6468239e-05
494 region_rec_diffs(2,183)        0.57055536     -3     3    0.00013688594
495 region_rec_diffs(2,184)        0.33958552     -3     3    -6.6161528e-05
496 region_rec_diffs(2,185)        -0.96274565     -3     3    0.00054505166
497 region_rec_diffs(2,186)        0.14098997     -3     3    -2.0270694e-05
498 region_rec_diffs(2,187)        -0.22346275     -3     3    -0.00056508987
499 region_rec_diffs(2,188)        0.51208213     -3     3    0.00043906585
500 region_rec_diffs(2,189)        -0.54741263     -3     3    -3.5353226e-05
501 region_rec_diffs(2,190)        0.87611662     -3     3    -0.00051155748
502 region_rec_diffs(2,191)        0.19472337     -3     3    -8.9903768e-05
503 region_rec_diffs(2,192)        -0.48751571     -3     3    0.00059720215
504 region_rec_diffs(2,193)        -2.2967386     -3     3    -9.5349362e-05
505 region_rec_diffs(2,194)        0.25146332     -3     3    -0.0002297037
506 region_rec_diffs(2,195)        -0.28712351     -3     3    0.00053613801
507 region_rec_diffs(2,196)        -1.0955945     -3     3    -0.00015120174
508 region_rec_diffs(2,197)        -0.93967943     -3     3    -1.7977535e-05
509 region_rec_diffs(2,198)        0.55219729     -3     3    -0.00034943788
510 region_rec_diffs(2,199)        -0.52169418     -3     3    -0.00033973759
511 region_rec_diffs(2,200)        0.91769174     -3     3    -0.00041643941
512 region_rec_diffs(2,201)        -0.37506841     -3     3    -6.5841783e-05
513 region_rec_diffs(2,202)        -1.1482745     -3     3    -4.4660891e-05
514 region_rec_diffs(2,203)        -1.3298779     -3     3    0.00014949018
515 region_rec_diffs(2,204)        -0.45187272     -3     3    0.000269006
516 region_rec_diffs(2,205)        -0.49010536     -3     3    8.3345994e-06
517 region_rec_diffs(2,206)        0.93731331     -3     3    -1.8245626e-05
518 region_rec_diffs(2,207)        0.17267593     -3     3    -6.3092735e-05
519 region_rec_diffs(2,208)        0.89844363     -3     3    -0.00046411898
520 region_rec_diffs(2,209)        -1.6007395     -3     3    -0.00014629839
521 region_rec_diffs(2,210)        -1.1887891     -3     3    0.00033363637
522 region_rec_diffs(2,211)        -1.0705645     -3     3    -0.00014102023
523 region_rec_diffs(2,212)        -0.10994014     -3     3    0.00019547874
524 region_rec_diffs(2,213)        0.1698398     -3     3    5.5546634e-05
525 region_rec_diffs(2,214)        0.82098939     -3     3    0.00014512756
526 region_rec_diffs(2,215)        0.075438842     -3     3    -0.00032929858
527 region_rec_diffs(2,216)        0.23837646     -3     3    -5.1113443e-05
528 region_rec_diffs(2,217)        -0.48837124     -3     3    0.00015764668
529 region_rec_diffs(2,218)        0.37072161     -3     3    -8.9247968e-05
530 region_rec_diffs(2,219)        0.063002525     -3     3    -1.107737e-05
531 region_rec_diffs(2,220)        -0.93428627     -3     3    -0.00015200764
532 region_rec_diffs(2,221)        0.33145783     -3     3    0.00048113009
533 region_rec_diffs(2,222)        0.099335385     -3     3    8.9976472e-05
534 region_rec_diffs(2,223)        -0.074629423     -3     3    -0.00011553552
535 region_rec_diffs(2,224)        -0.34918221     -3     3    -0.00014286257
536 region_rec_diffs(2,225)        0.29919288     -3     3    -0.00020500635
537 region_rec_diffs(2,226)        0.82702765     -3     3    -5.4666142e-05
538 region_rec_diffs(2,227)        0.54120508     -3     3    -0.00014758022
539 region_rec_diffs(2,228)        0.52703277     -3     3    -0.00025299587
540 region_rec_diffs(2,229)        -1.2247663     -3     3    0.00011944569
541 region_rec_diffs(2,230)        -0.46534687     -3     3    -5.4073921e-05
542 region_rec_diffs(2,231)        -0.84019832     -3     3    -1.3957002e-05
543 region_rec_diffs(2,232)        -1.4934031     -3     3    -0.00023757787
544 region_rec_diffs(2,233)        0.11796284     -3     3    -3.9562883e-06
545 region_rec_diffs(2,234)        0.058222747     -3     3    0.00010601562
546 region_rec_diffs(2,235)        -0.025037782     -3     3    -0.00062592071
547 region_rec_diffs(2,236)        0.084337049     -3     3    -0.00020211133
548 region_rec_diffs(2,237)        -0.27371523     -3     3    -6.2457941e-05
549 region_rec_diffs(2,238)        0.29674978     -3     3    -8.7439095e-05
550 region_rec_diffs(2,239)        0.31997146     -3     3    -0.00048546421
551 region_rec_diffs(2,240)        -0.5500894     -3     3    0.0004370992
552 region_rec_diffs(2,241)        -1.2787935     -3     3    -0.000193858
553 region_rec_diffs(2,242)        0.12651686     -3     3    -6.068192e-05
554 region_rec_diffs(2,243)        0.0057921422     -3     3    -4.6977494e-05
555 region_rec_diffs(2,244)        -0.26732828     -3     3    0.00045953199
556 region_rec_diffs(2,245)        0.00036314929     -3     3    0.00043797875
557 region_rec_diffs(2,246)        0.046253535     -3     3    -0.00010441525
558 region_rec_diffs(2,247)        -0.33265751     -3     3    -7.6758944e-05
559 region_rec_diffs(2,248)        -1.0648286     -3     3    -0.00033164829
560 region_rec_diffs(2,249)        -0.0093245829     -3     3    -0.00012872538
561 region_rec_diffs(2,250)        0.425357     -3     3    -3.1405927e-05
562 region_rec_diffs(2,251)        0.095521537     -3     3    4.4774699e-05
563 region_rec_diffs(2,252)        -0.32588132     -3     3    4.9392615e-05
564 region_rec_diffs(2,253)        -0.76630929     -3     3    -0.00034590998
565 region_rec_diffs(2,254)        0.17653495     -3     3    -0.00050992386
566 region_rec_diffs(2,255)        0.23240009     -3     3    -0.0001057576
567 region_rec_diffs(2,256)        -0.22423314     -3     3    0.00040078429
568 region_rec_diffs(2,257)        -0.36436448     -3     3    0.00021750023
569 region_rec_diffs(2,258)        0.49246987     -3     3    -5.5658118e-05
570 region_rec_diffs(2,259)        0.99783259     -3     3    -0.00058755252
571 region_rec_diffs(2,260)        -0.37386447     -3     3    0.00023942211
572 region_rec_diffs(2,261)        -0.27930791     -3     3    7.5397791e-05
573 region_rec_diffs(2,262)        0.77792052     -3     3    3.0461713e-05
574 region_rec_diffs(2,263)        0.31213184     -3     3    -0.00048946434
575 region_rec_diffs(2,264)        -1.4784848     -3     3    -4.5147636e-05
576 region_rec_diffs(2,265)        -0.58004158     -3     3    -0.00042469106
577 region_rec_diffs(2,266)        0.5117854     -3     3    -0.0003457614
578 region_rec_diffs(2,267)        0.39188622     -3     3    -0.00021154225
579 region_rec_diffs(2,268)        -0.61732833     -3     3    -0.00011404565
580 region_rec_diffs(2,269)        -1.1310352     -3     3    0.00011042814
581 region_rec_diffs(2,270)        0.029485255     -3     3    0.00033867048
582 region_rec_diffs(2,271)        -0.5569406     -3     3    0.00065342675
583 region_rec_diffs(2,272)        0.35536922     -3     3    -0.0003995128
584 region_rec_diffs(2,273)        0.36450123     -3     3    0.00012605052
585 region_rec_diffs(2,274)        -1.0614658     -3     3    0.00012050497
586 region_rec_diffs(2,275)        0.32113575     -3     3    -0.0002649694
587 region_rec_diffs(2,276)        -0.55056118     -3     3    -0.00020777884
588 region_rec_diffs(2,277)        -1.519936     -3     3    -0.00027163206
589 region_rec_diffs(2,278)        -0.57908914     -3     3    0.00029869788
590 region_rec_diffs(2,279)        0.30769331     -3     3    -0.00018442675
591 region_rec_diffs(3,1)        -8.8817842e-16     -3     3    -2.1128501e-15
592 region_rec_diffs(3,2)        -0.99267304     -3     3    0.00029233422
593 region_rec_diffs(3,3)        -1.0821316     -3     3    -4.9114124e-05
594 region_rec_diffs(3,4)        -1.4755912     -3     3    -8.4710584e-05
595 region_rec_diffs(3,5)        -1.4860662     -3     3    2.6281536e-06
596 region_rec_diffs(3,6)        -0.55384036     -3     3    0.00029626866
597 region_rec_diffs(3,7)        -1.0631593     -3     3    -5.9012381e-06
598 region_rec_diffs(3,8)        -2.2758369     -3     3    4.8737915e-05
599 region_rec_diffs(3,9)        -1.0014315     -3     3    0.00015722263
600 region_rec_diffs(3,10)        -0.41816105     -3     3    7.1629494e-05
601 region_rec_diffs(3,11)        -1.5031905     -3     3    0.00013308645
602 region_rec_diffs(3,12)        -0.32283204     -3     3    2.4874319e-05
603 region_rec_diffs(3,13)        -1.0131042     -3     3    -6.1490765e-05
604 region_rec_diffs(3,14)        -1.039058     -3     3    -0.00019802726
605 region_rec_diffs(3,15)        -0.19875299     -3     3    0.0001164288
606 region_rec_diffs(3,16)        -0.090951     -3     3    9.8350861e-07
607 region_rec_diffs(3,17)        -0.8900574     -3     3    -0.0001779468
608 region_rec_diffs(3,18)        -1.9992868     -3     3    -0.00012593233
609 region_rec_diffs(3,19)        -0.37581783     -3     3    4.8090735e-05
610 region_rec_diffs(3,20)        -0.95026756     -3     3    -2.1886907e-05
611 region_rec_diffs(3,21)        -1.2108958     -3     3    0.00010384994
612 region_rec_diffs(3,22)        -1.6033944     -3     3    9.5843692e-05
613 region_rec_diffs(3,23)        -0.3993841     -3     3    -6.4059176e-05
614 region_rec_diffs(3,24)        -1.4261747     -3     3    5.8249022e-05
615 region_rec_diffs(3,25)        -0.91652725     -3     3    2.8987724e-05
616 region_rec_diffs(3,26)        -1.2870581     -3     3    4.5199104e-05
617 region_rec_diffs(3,27)        -0.072810873     -3     3    -2.6276834e-05
618 region_rec_diffs(3,28)        -1.3962431     -3     3    8.3215321e-05
619 region_rec_diffs(3,29)        -1.0165922     -3     3    0.00014524415
620 region_rec_diffs(3,30)        -0.28636144     -3     3    2.651211e-05
621 region_rec_diffs(3,31)        0.012002801     -3     3    4.0755713e-05
622 region_rec_diffs(3,32)        0.087735333     -3     3    8.0386083e-06
623 region_rec_diffs(3,33)        0.46674977     -3     3    0.00034514873
624 region_rec_diffs(3,34)        -0.56024216     -3     3    0.0003570861
625 region_rec_diffs(3,35)        -0.098918381     -3     3    3.3935408e-05
626 region_rec_diffs(3,36)        -0.10495077     -3     3    -3.3075412e-05
627 region_rec_diffs(3,37)        -0.45505032     -3     3    -6.2976243e-05
628 region_rec_diffs(3,38)        0.14562071     -3     3    -0.0002149278
629 region_rec_diffs(3,39)        0.06884703     -3     3    0.00014572115
630 region_rec_diffs(3,40)        0.092876348     -3     3    -3.168958e-05
631 region_rec_diffs(3,41)        -0.38257707     -3     3    0.00022093969
632 region_rec_diffs(3,42)        -0.7144346     -3     3    -0.00012232872
633 region_rec_diffs(3,43)        0.049132996     -3     3    3.7521722e-05
634 region_rec_diffs(3,44)        0.51329722     -3     3    0.00022135717
635 region_rec_diffs(3,45)        -0.76233912     -3     3    1.092706e-05
636 region_rec_diffs(3,46)        -0.46842826     -3     3    2.468192e-05
637 region_rec_diffs(3,47)        -0.09956507     -3     3    -5.0044637e-05
638 region_rec_diffs(3,48)        0.67949446     -3     3    0.00012717029
639 region_rec_diffs(3,49)        -0.54897159     -3     3    0.00018693697
640 region_rec_diffs(3,50)        -0.076159834     -3     3    -5.6460397e-05
641 region_rec_diffs(3,51)        -1.5884017     -3     3    3.4455697e-05
642 region_rec_diffs(3,52)        -0.25494526     -3     3    3.0341552e-05
643 region_rec_diffs(3,53)        -0.55497806     -3     3    0.00037101734
644 region_rec_diffs(3,54)        -0.56163773     -3     3    0.0001629685
645 region_rec_diffs(3,55)        -0.25898447     -3     3    0.00011677019
646 region_rec_diffs(3,56)        -0.75280824     -3     3    0.00011948463
647 region_rec_diffs(3,57)        0.65494773     -3     3    -0.00016612845
648 region_rec_diffs(3,58)        -0.53214362     -3     3    0.00027983891
649 region_rec_diffs(3,59)        -0.32663509     -3     3    -1.2755542e-05
650 region_rec_diffs(3,60)        -0.3095147     -3     3    -5.2067238e-06
651 region_rec_diffs(3,61)        -0.93928562     -3     3    -6.9130997e-05
652 region_rec_diffs(3,62)        -0.25609228     -3     3    0.00030683446
653 region_rec_diffs(3,63)        -0.77219878     -3     3    -4.7684929e-05
654 region_rec_diffs(3,64)        -1.0808695     -3     3    -7.9913953e-05
655 region_rec_diffs(3,65)        0.081496143     -3     3    -9.3678415e-05
656 region_rec_diffs(3,66)        0.177287     -3     3    0.00013149343
657 region_rec_diffs(3,67)        -0.37402964     -3     3    -1.1321099e-05
658 region_rec_diffs(3,68)        -0.64375228     -3     3    -4.5393369e-05
659 region_rec_diffs(3,69)        0.11759081     -3     3    -0.00017412955
660 region_rec_diffs(3,70)        -0.37563283     -3     3    -0.00016518172
661 region_rec_diffs(3,71)        -0.68056285     -3     3    -0.00018462038
662 region_rec_diffs(3,72)        -0.13787566     -3     3    -6.8015717e-05
663 region_rec_diffs(3,73)        -0.45172177     -3     3    -0.00027996788
664 region_rec_diffs(3,74)        -1.0259366     -3     3    8.8246734e-06
665 region_rec_diffs(3,75)        -1.814567     -3     3    -6.3881888e-05
666 region_rec_diffs(3,76)        -0.20464371     -3     3    -0.0001531043
667 region_rec_diffs(3,77)        -0.26291312     -3     3    0.00024488894
668 region_rec_diffs(3,78)        -0.65884896     -3     3    7.9501105e-05
669 region_rec_diffs(3,79)        -0.71861983     -3     3    -1.5064874e-05
670 region_rec_diffs(3,80)        -0.75326013     -3     3    -0.00028918961
671 region_rec_diffs(3,81)        -1.8317593     -3     3    4.6172317e-05
672 region_rec_diffs(3,82)        -1.1652463     -3     3    8.0311072e-06
673 region_rec_diffs(3,83)        -0.15621699     -3     3    -7.9335973e-05
674 region_rec_diffs(3,84)        -0.69261566     -3     3    -7.8549717e-05
675 region_rec_diffs(3,85)        -0.039438069     -3     3    1.5301667e-05
676 region_rec_diffs(3,86)        0.13634771     -3     3    4.3863801e-05
677 region_rec_diffs(3,87)        -0.68556166     -3     3    -0.0001744318
678 region_rec_diffs(3,88)        -0.20930242     -3     3    0.00026976202
679 region_rec_diffs(3,89)        -1.0767731     -3     3    -1.9402296e-05
680 region_rec_diffs(3,90)        -0.35162052     -3     3    -5.3500762e-05
681 region_rec_diffs(3,91)        -0.58459737     -3     3    0.00011921057
682 region_rec_diffs(3,92)        -1.4943339     -3     3    2.9521952e-05
683 region_rec_diffs(3,93)        -0.47066016     -3     3    9.8957577e-05
684 region_rec_diffs(3,94)        -0.64348519     -3     3    3.4090837e-05
685 region_rec_diffs(3,95)        0.1306525     -3     3    0.00028432281
686 region_rec_diffs(3,96)        0.040914325     -3     3    -0.00089564661
687 region_rec_diffs(3,97)        -0.11218464     -3     3    5.897305e-05
688 region_rec_diffs(3,98)        -0.96258379     -3     3    -2.0062026e-05
689 region_rec_diffs(3,99)        0.11235133     -3     3    -0.00014909961
690 region_rec_diffs(3,100)        -1.9996563     -3     3    -0.00012441113
691 region_rec_diffs(3,101)        -0.31993016     -3     3    7.0517326e-05
692 region_rec_diffs(3,102)        -0.036175072     -3     3    6.4203409e-06
693 region_rec_diffs(3,103)        -0.58421778     -3     3    6.725475e-05
694 region_rec_diffs(3,104)        -0.48105955     -3     3    -2.9720717e-05
695 region_rec_diffs(3,105)        -0.24051367     -3     3    -0.00011951064
696 region_rec_diffs(3,106)        -0.080691899     -3     3    1.4551724e-06
697 region_rec_diffs(3,107)        -0.17961076     -3     3    -7.1545426e-05
698 region_rec_diffs(3,108)        -1.0730574     -3     3    -0.00010548052
699 region_rec_diffs(3,109)        -0.63405049     -3     3    -9.1250562e-05
700 region_rec_diffs(3,110)        -0.075306874     -3     3    6.8305961e-06
701 region_rec_diffs(3,111)        -0.066235006     -3     3    -5.1036641e-05
702 region_rec_diffs(3,112)        -0.39775005     -3     3    -3.823211e-06
703 region_rec_diffs(3,113)        -0.33440594     -3     3    6.8740705e-05
704 region_rec_diffs(3,114)        -0.38615441     -3     3    0.00012806249
705 region_rec_diffs(3,115)        -0.084992809     -3     3    -2.9984526e-05
706 region_rec_diffs(3,116)        0.48230963     -3     3    -2.2537319e-05
707 region_rec_diffs(3,117)        -0.67982622     -3     3    0.00020722137
708 region_rec_diffs(3,118)        0.0056473066     -3     3    0.00024240878
709 region_rec_diffs(3,119)        -1.1849636     -3     3    0.00011335555
710 region_rec_diffs(3,120)        0.50425369     -3     3    0.00014051055
711 region_rec_diffs(3,121)        -0.6368019     -3     3    -0.0001999685
712 region_rec_diffs(3,122)        -1.4667796     -3     3    -0.000106305
713 region_rec_diffs(3,123)        -0.19360909     -3     3    3.6041106e-05
714 region_rec_diffs(3,124)        0.59505986     -3     3    0.00016461364
715 region_rec_diffs(3,125)        0.0099226431     -3     3    -0.00018414983
716 region_rec_diffs(3,126)        -0.98138709     -3     3    8.2920052e-05
717 region_rec_diffs(3,127)        -0.27673582     -3     3    -8.5606712e-05
718 region_rec_diffs(3,128)        -0.69655242     -3     3    3.4759367e-06
719 region_rec_diffs(3,129)        -1.4795295     -3     3    3.9912588e-05
720 region_rec_diffs(3,130)        -0.80194488     -3     3    2.0730179e-05
721 region_rec_diffs(3,131)        -0.1046276     -3     3    7.3114382e-06
722 region_rec_diffs(3,132)        0.95427589     -3     3    -0.00033038646
723 region_rec_diffs(3,133)        -1.3371173     -3     3    -0.00011107319
724 region_rec_diffs(3,134)        -0.69935756     -3     3    -2.3025985e-05
725 region_rec_diffs(3,135)        -0.57585027     -3     3    8.8176086e-05
726 region_rec_diffs(3,136)        -1.3932091     -3     3    0.00015694803
727 region_rec_diffs(3,137)        -0.64044468     -3     3    1.00588e-05
728 region_rec_diffs(3,138)        -1.3672206     -3     3    -1.2489841e-05
729 region_rec_diffs(3,139)        -0.53812449     -3     3    9.3213895e-05
730 region_rec_diffs(3,140)        -1.8312027     -3     3    -0.00015405523
731 region_rec_diffs(3,141)        -1.4396043     -3     3    -0.00011808298
732 region_rec_diffs(3,142)        -0.47180414     -3     3    9.7905957e-06
733 region_rec_diffs(3,143)        0.56596329     -3     3    3.6370424e-05
734 region_rec_diffs(3,144)        0.23838568     -3     3    -0.00022501613
735 region_rec_diffs(3,145)        -1.0216507     -3     3    0.00021503838
736 region_rec_diffs(3,146)        0.84597298     -3     3    2.3331793e-05
737 region_rec_diffs(3,147)        0.010517412     -3     3    9.1999044e-05
738 region_rec_diffs(3,148)        -2.0049165     -3     3    7.4953376e-05
739 region_rec_diffs(3,149)        -1.2808149     -3     3    1.2014387e-05
740 region_rec_diffs(3,150)        0.12420724     -3     3    -0.00015445494
741 region_rec_diffs(3,151)        0.61371681     -3     3    0.0002613892
742 region_rec_diffs(3,152)        -1.977018     -3     3    0.00023181539
743 region_rec_diffs(3,153)        -0.10256648     -3     3    0.00028214652
744 region_rec_diffs(3,154)        0.85306959     -3     3    -3.9920322e-06
745 region_rec_diffs(3,155)        0.69057718     -3     3    8.6894605e-05
746 region_rec_diffs(3,156)        -1.9039729     -3     3    0.00014368149
747 region_rec_diffs(3,157)        -1.3755342     -3     3    0.00018517635
748 region_rec_diffs(3,158)        0.56604641     -3     3    -0.00011735242
749 region_rec_diffs(3,159)        1.074461     -3     3    -0.00014913715
750 region_rec_diffs(3,160)        0.30119404     -3     3    0.00029234711
751 region_rec_diffs(3,161)        0.4614935     -3     3    0.00013797041
752 region_rec_diffs(3,162)        0.64271438     -3     3    0.00021557149
753 region_rec_diffs(3,163)        -0.47449748     -3     3    -0.00023438239
754 region_rec_diffs(3,164)        -1.1487799     -3     3    -0.00011144473
755 region_rec_diffs(3,165)        0.82801327     -3     3    0.00024961203
756 region_rec_diffs(3,166)        -0.51612013     -3     3    0.00011819353
757 region_rec_diffs(3,167)        0.62772368     -3     3    0.00013372941
758 region_rec_diffs(3,168)        -0.78622389     -3     3    -0.00027409652
759 region_rec_diffs(3,169)        -0.48680045     -3     3    0.00013277609
760 region_rec_diffs(3,170)        0.012759547     -3     3    0.00018728517
761 region_rec_diffs(3,171)        0.73499652     -3     3    6.7983796e-05
762 region_rec_diffs(3,172)        -0.19735493     -3     3    -6.0749163e-05
763 region_rec_diffs(3,173)        -0.94360136     -3     3    -0.00012749521
764 region_rec_diffs(3,174)        0.36605945     -3     3    -7.7010165e-05
765 region_rec_diffs(3,175)        0.87368568     -3     3    2.0838198e-05
766 region_rec_diffs(3,176)        0.41056277     -3     3    0.00012051396
767 region_rec_diffs(3,177)        0.056315418     -3     3    0.00042898033
768 region_rec_diffs(3,178)        0.4118916     -3     3    1.9848086e-05
769 region_rec_diffs(3,179)        0.35861714     -3     3    -0.00018922827
770 region_rec_diffs(3,180)        -1.493     -3     3    7.789708e-05
771 region_rec_diffs(3,181)        -1.2609105     -3     3    -0.00024270583
772 region_rec_diffs(3,182)        -0.51129238     -3     3    -0.00021226099
773 region_rec_diffs(3,183)        0.3706877     -3     3    8.1014939e-06
774 region_rec_diffs(3,184)        0.62243293     -3     3    0.00066570703
775 region_rec_diffs(3,185)        0.58168177     -3     3    0.00014780873
776 region_rec_diffs(3,186)        0.1125444     -3     3    0.00016777429
777 region_rec_diffs(3,187)        -0.97448855     -3     3    -0.00033088634
778 region_rec_diffs(3,188)        -1.947061     -3     3    9.0026836e-05
779 region_rec_diffs(3,189)        -0.77894112     -3     3    -0.00017363865
780 region_rec_diffs(3,190)        -0.12256271     -3     3    -0.00012692212
781 region_rec_diffs(3,191)        0.75323017     -3     3    -0.00018943097
782 region_rec_diffs(3,192)        0.49025444     -3     3    -0.0003935167
783 region_rec_diffs(3,193)        -0.3111713     -3     3    -0.00033243103
784 region_rec_diffs(3,194)        0.58396267     -3     3    -6.0027006e-05
785 region_rec_diffs(3,195)        0.27201264     -3     3    0.0001939826
786 region_rec_diffs(3,196)        0.068720031     -3     3    -0.00019648516
787 region_rec_diffs(3,197)        0.5531844     -3     3    -0.00026718653
788 region_rec_diffs(3,198)        0.43952746     -3     3    0.00024153416
789 region_rec_diffs(3,199)        0.16281911     -3     3    -0.00017992128
790 region_rec_diffs(3,200)        -0.67733919     -3     3    0.00012397271
791 region_rec_diffs(3,201)        -0.75148329     -3     3    -0.00037993637
792 region_rec_diffs(3,202)        0.41047862     -3     3    0.00020869608
793 region_rec_diffs(3,203)        -0.22361328     -3     3    2.1843546e-05
794 region_rec_diffs(3,204)        -0.1608057     -3     3    3.8151346e-05
795 region_rec_diffs(3,205)        0.90089945     -3     3    0.00024598342
796 region_rec_diffs(3,206)        -0.18745032     -3     3    0.00037307447
797 region_rec_diffs(3,207)        0.64260531     -3     3    4.2615534e-07
798 region_rec_diffs(3,208)        -0.26135626     -3     3    1.8840834e-05
799 region_rec_diffs(3,209)        0.75161441     -3     3    0.00017030205
800 region_rec_diffs(3,210)        0.1279071     -3     3    0.00036610476
801 region_rec_diffs(3,211)        0.32432893     -3     3    0.00033438103
802 region_rec_diffs(3,212)        -1.0441389     -3     3    0.0001231876
803 region_rec_diffs(3,213)        0.4586808     -3     3    -8.9893576e-05
804 region_rec_diffs(3,214)        -0.075541624     -3     3    -0.00024354932
805 region_rec_diffs(3,215)        0.47482595     -3     3    0.00060990701
806 region_rec_diffs(3,216)        -0.1908473     -3     3    -0.00037631933
807 region_rec_diffs(3,217)        -0.085497349     -3     3    -5.7852646e-05
808 region_rec_diffs(3,218)        -0.16035069     -3     3    0.0002020906
809 region_rec_diffs(3,219)        0.52087568     -3     3    -0.00025495792
810 region_rec_diffs(3,220)        0.26750022     -3     3    -0.00011075174
811 region_rec_diffs(3,221)        -0.092259489     -3     3    0.00047040251
812 region_rec_diffs(3,222)        0.73031072     -3     3    0.00010931226
813 region_rec_diffs(3,223)        -0.44267908     -3     3    6.8117678e-07
814 region_rec_diffs(3,224)        -0.13539321     -3     3    0.00027700111
815 region_rec_diffs(3,225)        0.36441051     -3     3    -0.00011494576
816 region_rec_diffs(3,226)        -0.021391693     -3     3    -5.6100762e-05
817 region_rec_diffs(3,227)        0.19277704     -3     3    -0.00024528128
818 region_rec_diffs(3,228)        0.3008394     -3     3    6.7139141e-05
819 region_rec_diffs(3,229)        -0.18899248     -3     3    6.6994759e-05
820 region_rec_diffs(3,230)        0.66860158     -3     3    0.00019603525
821 region_rec_diffs(3,231)        0.45931556     -3     3    -0.0001543923
822 region_rec_diffs(3,232)        -0.3913598     -3     3    -0.00025692714
823 region_rec_diffs(3,233)        0.33573765     -3     3    -0.00023332121
824 region_rec_diffs(3,234)        0.71643923     -3     3    -3.8513109e-05
825 region_rec_diffs(3,235)        0.66136313     -3     3    -1.4500305e-05
826 region_rec_diffs(3,236)        -0.069897995     -3     3    0.00018235981
827 region_rec_diffs(3,237)        -0.34131525     -3     3    0.00022061546
828 region_rec_diffs(3,238)        -0.13624213     -3     3    -0.0003763783
829 region_rec_diffs(3,239)        0.45609853     -3     3    7.8455011e-05
830 region_rec_diffs(3,240)        0.78604798     -3     3    -0.00013209996
831 region_rec_diffs(3,241)        -0.08991991     -3     3    -0.00019406975
832 region_rec_diffs(3,242)        0.22557338     -3     3    0.00015447137
833 region_rec_diffs(3,243)        0.054745021     -3     3    7.7082426e-06
834 region_rec_diffs(3,244)        -1.2101689     -3     3    8.4679438e-05
835 region_rec_diffs(3,245)        0.2825255     -3     3    5.949524e-05
836 region_rec_diffs(3,246)        0.64587762     -3     3    -0.00028777334
837 region_rec_diffs(3,247)        0.84153513     -3     3    0.00011474707
838 region_rec_diffs(3,248)        -0.096720765     -3     3    7.3089767e-05
839 region_rec_diffs(3,249)        0.31887214     -3     3    0.00013686273
840 region_rec_diffs(3,250)        0.53195902     -3     3    1.0517348e-05
841 region_rec_diffs(3,251)        0.75512736     -3     3    -0.00043898476
842 region_rec_diffs(3,252)        0.5539186     -3     3    -0.00021877499
843 region_rec_diffs(3,253)        -0.075597094     -3     3    0.00039957502
844 region_rec_diffs(3,254)        0.67493815     -3     3    -0.00029232022
845 region_rec_diffs(3,255)        0.38961221     -3     3    0.00014614445
846 region_rec_diffs(3,256)        0.11364405     -3     3    -0.00034312828
847 region_rec_diffs(3,257)        -0.28865565     -3     3    7.8995066e-06
848 region_rec_diffs(3,258)        0.38437956     -3     3    0.000264688
849 region_rec_diffs(3,259)        -0.75882197     -3     3    -0.00019600966
850 region_rec_diffs(3,260)        -1.274445     -3     3    -7.9175048e-05
851 region_rec_diffs(3,261)        0.40503878     -3     3    7.0049341e-05
852 region_rec_diffs(3,262)        0.079496558     -3     3    -2.0661181e-05
853 region_rec_diffs(3,263)        0.50212797     -3     3    0.00022824205
854 region_rec_diffs(3,264)        -0.0045189308     -3     3    -0.00070890557
855 region_rec_diffs(3,265)        -0.57282943     -3     3    -0.00033201125
856 region_rec_diffs(3,266)        0.43538618     -3     3    0.0002568507
857 region_rec_diffs(3,267)        0.55479921     -3     3    0.00010589875
858 region_rec_diffs(3,268)        0.53064935     -3     3    3.6551883e-05
859 region_rec_diffs(3,269)        0.10249707     -3     3    1.5748482e-05
860 region_rec_diffs(3,270)        0.70355248     -3     3    -0.00055163036
861 region_rec_diffs(3,271)        -0.087494376     -3     3    -0.00047984806
862 region_rec_diffs(3,272)        -0.50505767     -3     3    -5.3645423e-05
863 region_rec_diffs(3,273)        -1.1419297     -3     3    -0.00020623279
864 region_rec_diffs(3,274)        1.0444901     -3     3    6.8696199e-05
865 region_rec_diffs(3,275)        -1.5822776     -3     3    -0.00023576427
866 region_rec_diffs(3,276)        -1.3872553     -3     3    -1.2028822e-05
867 region_rec_diffs(3,277)        0.59319103     -3     3    0.00021553282
868 region_rec_diffs(3,278)        0.67150226     -3     3    -0.00029059695
869 region_rec_diffs(3,279)        -0.35558013     -3     3    -0.00014850107
870 region_rec_diffs(4,1)        -4.4408921e-16     -3     3    -9.328795e-16
871 region_rec_diffs(4,2)        0.16408929     -3     3    0.00014364165
872 region_rec_diffs(4,3)        0.1681135     -3     3    -0.00021456675
873 region_rec_diffs(4,4)        0.19092252     -3     3    0.00011636486
874 region_rec_diffs(4,5)        0.2082234     -3     3    -0.00035982413
875 region_rec_diffs(4,6)        0.038855716     -3     3    0.00023087252
876 region_rec_diffs(4,7)        -0.0018256203     -3     3    -4.746127e-05
877 region_rec_diffs(4,8)        -0.31249428     -3     3    -0.00018122842
878 region_rec_diffs(4,9)        0.17757128     -3     3    6.2635264e-05
879 region_rec_diffs(4,10)        0.13513175     -3     3    1.7615413e-05
880 region_rec_diffs(4,11)        -0.0021885113     -3     3    -5.32808e-05
881 region_rec_diffs(4,12)        0.1011612     -3     3    2.0861666e-05
882 region_rec_diffs(4,13)        0.34152687     -3     3    -4.5176653e-05
883 region_rec_diffs(4,14)        1.0202059     -3     3    0.00024871852
884 region_rec_diffs(4,15)        0.16272757     -3     3    9.7728142e-05
885 region_rec_diffs(4,16)        0.14259472     -3     3    3.7101953e-05
886 region_rec_diffs(4,17)        0.4431264     -3     3    5.2900092e-05
887 region_rec_diffs(4,18)        0.16730061     -3     3    0.00042962366
888 region_rec_diffs(4,19)        0.080292901     -3     3    6.2631954e-05
889 region_rec_diffs(4,20)        0.18404554     -3     3    8.694283e-05
890 region_rec_diffs(4,21)        0.81490284     -3     3    5.1971318e-05
891 region_rec_diffs(4,22)        -0.05720239     -3     3    0.00014515004
892 region_rec_diffs(4,23)        0.09260415     -3     3    -5.5241237e-05
893 region_rec_diffs(4,24)        0.94015546     -3     3    -0.00018516523
894 region_rec_diffs(4,25)        0.099457506     -3     3    -4.3034334e-06
895 region_rec_diffs(4,26)        -0.65347284     -3     3    -2.9442596e-05
896 region_rec_diffs(4,27)        0.0042550431     -3     3    -2.004206e-05
897 region_rec_diffs(4,28)        0.7587348     -3     3    -0.00019049734
898 region_rec_diffs(4,29)        0.81193576     -3     3    3.8304261e-06
899 region_rec_diffs(4,30)        0.4443642     -3     3    -7.2114536e-05
900 region_rec_diffs(4,31)        0.10325507     -3     3    1.4356851e-05
901 region_rec_diffs(4,32)        0.24032334     -3     3    1.5143682e-05
902 region_rec_diffs(4,33)        0.49925365     -3     3    0.00014695608
903 region_rec_diffs(4,34)        0.49093423     -3     3    0.00012927768
904 region_rec_diffs(4,35)        0.019034894     -3     3    2.0991002e-05
905 region_rec_diffs(4,36)        0.015605238     -3     3    -1.0873582e-05
906 region_rec_diffs(4,37)        0.56929955     -3     3    7.4140945e-05
907 region_rec_diffs(4,38)        0.51293078     -3     3    -0.00014300437
908 region_rec_diffs(4,39)        0.091173028     -3     3    5.8541898e-05
909 region_rec_diffs(4,40)        0.10746683     -3     3    -3.0278202e-05
910 region_rec_diffs(4,41)        0.28743146     -3     3    5.2241849e-05
911 region_rec_diffs(4,42)        -0.31665925     -3     3    -6.1492606e-05
912 region_rec_diffs(4,43)        0.028189895     -3     3    1.5593639e-05
913 region_rec_diffs(4,44)        -0.047758589     -3     3    1.9424303e-05
914 region_rec_diffs(4,45)        0.81446003     -3     3    -0.00045021294
915 region_rec_diffs(4,46)        0.12235485     -3     3    -3.1404628e-05
916 region_rec_diffs(4,47)        0.25307508     -3     3    -4.9296288e-05
917 region_rec_diffs(4,48)        0.27565897     -3     3    -1.0699687e-05
918 region_rec_diffs(4,49)        0.28403824     -3     3    -0.00015377528
919 region_rec_diffs(4,50)        0.36405741     -3     3    -4.4544701e-05
920 region_rec_diffs(4,51)        0.8067253     -3     3    0.00025203256
921 region_rec_diffs(4,52)        0.42932627     -3     3    3.532781e-05
922 region_rec_diffs(4,53)        0.58676877     -3     3    0.0004262253
923 region_rec_diffs(4,54)        1.3730245     -3     3    0.00023608907
924 region_rec_diffs(4,55)        0.4212976     -3     3    0.0001055584
925 region_rec_diffs(4,56)        1.3231232     -3     3    0.00015082273
926 region_rec_diffs(4,57)        -0.080616898     -3     3    -7.998178e-05
927 region_rec_diffs(4,58)        -0.72600737     -3     3    -2.4258446e-05
928 region_rec_diffs(4,59)        -0.0076307826     -3     3    -4.7076582e-06
929 region_rec_diffs(4,60)        1.421105     -3     3    2.3992825e-05
930 region_rec_diffs(4,61)        -0.037702197     -3     3    -4.3244209e-05
931 region_rec_diffs(4,62)        0.22275831     -3     3    0.00017045516
932 region_rec_diffs(4,63)        0.082206559     -3     3    -4.1532307e-05
933 region_rec_diffs(4,64)        1.6457662     -3     3    -0.000351508
934 region_rec_diffs(4,65)        -0.37967234     -3     3    -7.8778839e-05
935 region_rec_diffs(4,66)        0.05527905     -3     3    4.808517e-05
936 region_rec_diffs(4,67)        -0.14557716     -3     3    -1.7389788e-05
937 region_rec_diffs(4,68)        -0.40921998     -3     3    2.0245631e-05
938 region_rec_diffs(4,69)        -0.64336688     -3     3    0.00019237419
939 region_rec_diffs(4,70)        0.90786263     -3     3    0.00034716814
940 region_rec_diffs(4,71)        1.0687759     -3     3    -5.7294623e-05
941 region_rec_diffs(4,72)        0.58174705     -3     3    0.00016913184
942 region_rec_diffs(4,73)        -0.0933296     -3     3    5.7168776e-05
943 region_rec_diffs(4,74)        0.27300394     -3     3    2.1271247e-05
944 region_rec_diffs(4,75)        1.9021073     -3     3    -0.00037512566
945 region_rec_diffs(4,76)        0.26301211     -3     3    -9.9602723e-05
946 region_rec_diffs(4,77)        -0.6402224     -3     3    6.5351737e-05
947 region_rec_diffs(4,78)        -0.52287864     -3     3    2.9788364e-05
948 region_rec_diffs(4,79)        -0.075089012     -3     3    -3.4679558e-05
949 region_rec_diffs(4,80)        -0.67844269     -3     3    -7.7818907e-05
950 region_rec_diffs(4,81)        -0.023797304     -3     3    0.00013496857
951 region_rec_diffs(4,82)        -0.064453243     -3     3    -2.0219801e-05
952 region_rec_diffs(4,83)        0.62132529     -3     3    0.00010168848
953 region_rec_diffs(4,84)        0.2477047     -3     3    2.4052193e-05
954 region_rec_diffs(4,85)        0.11529145     -3     3    0.00010491379
955 region_rec_diffs(4,86)        0.14336109     -3     3    2.4037179e-05
956 region_rec_diffs(4,87)        0.16798566     -3     3    -0.00011004756
957 region_rec_diffs(4,88)        1.6443137     -3     3    1.1103481e-05
958 region_rec_diffs(4,89)        -0.21132106     -3     3    -2.7485387e-06
959 region_rec_diffs(4,90)        0.25082719     -3     3    -6.1232872e-05
960 region_rec_diffs(4,91)        -0.1026112     -3     3    -8.990476e-05
961 region_rec_diffs(4,92)        -0.45318338     -3     3    -1.1820266e-05
962 region_rec_diffs(4,93)        0.11535719     -3     3    9.6922757e-05
963 region_rec_diffs(4,94)        -0.86681927     -3     3    -0.00018319235
964 region_rec_diffs(4,95)        0.91311854     -3     3    -7.1442931e-05
965 region_rec_diffs(4,96)        0.73601059     -3     3    -0.0005692285
966 region_rec_diffs(4,97)        0.24649821     -3     3    2.8173002e-05
967 region_rec_diffs(4,98)        -0.0113197     -3     3    4.1656961e-05
968 region_rec_diffs(4,99)        0.72964399     -3     3    4.2666289e-05
969 region_rec_diffs(4,100)        0.19707544     -3     3    -0.00010410072
970 region_rec_diffs(4,101)        0.4070918     -3     3    0.00029660517
971 region_rec_diffs(4,102)        0.10129507     -3     3    7.5138696e-06
972 region_rec_diffs(4,103)        0.22055208     -3     3    1.3348814e-05
973 region_rec_diffs(4,104)        0.80027259     -3     3    -0.00012391407
974 region_rec_diffs(4,105)        0.088703707     -3     3    -9.2849436e-05
975 region_rec_diffs(4,106)        0.042128298     -3     3    1.7646904e-06
976 region_rec_diffs(4,107)        0.030661957     -3     3    -3.1589931e-05
977 region_rec_diffs(4,108)        -0.44391179     -3     3    3.4251116e-05
978 region_rec_diffs(4,109)        0.40491064     -3     3    9.3310439e-05
979 region_rec_diffs(4,110)        0.05058802     -3     3    1.2171436e-05
980 region_rec_diffs(4,111)        0.0083796496     -3     3    -2.4607868e-05
981 region_rec_diffs(4,112)        -0.81625912     -3     3    -3.47964e-05
982 region_rec_diffs(4,113)        0.61881099     -3     3    -0.00016970792
983 region_rec_diffs(4,114)        0.18390958     -3     3    6.8853466e-05
984 region_rec_diffs(4,115)        0.43190072     -3     3    -8.0067058e-05
985 region_rec_diffs(4,116)        0.14969531     -3     3    -0.00015091208
986 region_rec_diffs(4,117)        -0.057994355     -3     3    4.7498681e-05
987 region_rec_diffs(4,118)        0.71573507     -3     3    0.00029382207
988 region_rec_diffs(4,119)        1.010992     -3     3    0.00047683722
989 region_rec_diffs(4,120)        -0.31439893     -3     3    1.3747186e-05
990 region_rec_diffs(4,121)        0.13935164     -3     3    -2.2894813e-05
991 region_rec_diffs(4,122)        0.45915035     -3     3    -0.00014854266
992 region_rec_diffs(4,123)        0.37910611     -3     3    0.00012684637
993 region_rec_diffs(4,124)        0.10010104     -3     3    4.8879499e-05
994 region_rec_diffs(4,125)        1.0958953     -3     3    -2.3194162e-05
995 region_rec_diffs(4,126)        0.68040883     -3     3    6.6899643e-06
996 region_rec_diffs(4,127)        -0.54827066     -3     3    -0.00010975629
997 region_rec_diffs(4,128)        -0.88974432     -3     3    -1.0240909e-05
998 region_rec_diffs(4,129)        0.78710428     -3     3    0.00013706742
999 region_rec_diffs(4,130)        0.82222674     -3     3    0.00012966009
1000 region_rec_diffs(4,131)        0.1797932     -3     3    6.661831e-05
1001 region_rec_diffs(4,132)        -0.60121372     -3     3    0.00014268754
1002 region_rec_diffs(4,133)        -0.59083659     -3     3    0.00013933097
1003 region_rec_diffs(4,134)        0.19787938     -3     3    9.7421916e-05
1004 region_rec_diffs(4,135)        -0.2523511     -3     3    0.00024484027
1005 region_rec_diffs(4,136)        -0.72177051     -3     3    0.00039648221
1006 region_rec_diffs(4,137)        0.63409764     -3     3    4.4050713e-05
1007 region_rec_diffs(4,138)        1.7973417     -3     3    0.00033388539
1008 region_rec_diffs(4,139)        -0.27285622     -3     3    6.3249826e-05
1009 region_rec_diffs(4,140)        -1.9152447     -3     3    1.6398705e-05
1010 region_rec_diffs(4,141)        -1.1808727     -3     3    8.3004492e-05
1011 region_rec_diffs(4,142)        -0.15746068     -3     3    1.3019948e-05
1012 region_rec_diffs(4,143)        -0.34636557     -3     3    -3.0643207e-05
1013 region_rec_diffs(4,144)        -0.73309875     -3     3    -0.00027558917
1014 region_rec_diffs(4,145)        -0.23211295     -3     3    9.2648992e-05
1015 region_rec_diffs(4,146)        0.0018623734     -3     3    -0.00011278271
1016 region_rec_diffs(4,147)        1.5729616     -3     3    3.3814034e-05
1017 region_rec_diffs(4,148)        0.68902634     -3     3    4.7798316e-05
1018 region_rec_diffs(4,149)        -0.29453459     -3     3    -0.00031521048
1019 region_rec_diffs(4,150)        -0.10983124     -3     3    -0.00018309446
1020 region_rec_diffs(4,151)        -0.53766457     -3     3    0.00016225395
1021 region_rec_diffs(4,152)        -0.78097905     -3     3    0.00011866522
1022 region_rec_diffs(4,153)        -0.90123017     -3     3    0.00015283093
1023 region_rec_diffs(4,154)        -0.34015491     -3     3    5.1645888e-05
1024 region_rec_diffs(4,155)        0.24001756     -3     3    0.00040243118
1025 region_rec_diffs(4,156)        0.082267433     -3     3    0.00040124922
1026 region_rec_diffs(4,157)        -0.13572723     -3     3    3.7933091e-05
1027 region_rec_diffs(4,158)        -0.016099174     -3     3    7.8734329e-05
1028 region_rec_diffs(4,159)        -0.48426249     -3     3    2.9207911e-05
1029 region_rec_diffs(4,160)        -0.87882195     -3     3    0.0002125852
1030 region_rec_diffs(4,161)        -0.31012307     -3     3    0.00021444769
1031 region_rec_diffs(4,162)        0.24275316     -3     3    0.00010235562
1032 region_rec_diffs(4,163)        0.97778958     -3     3    0.00021775775
1033 region_rec_diffs(4,164)        -0.97541886     -3     3    1.2168875e-06
1034 region_rec_diffs(4,165)        -0.65082042     -3     3    9.4210702e-05
1035 region_rec_diffs(4,166)        -0.43963105     -3     3    9.1581091e-05
1036 region_rec_diffs(4,167)        -0.42803241     -3     3    5.5743089e-05
1037 region_rec_diffs(4,168)        1.3165322     -3     3    -0.00032660056
1038 region_rec_diffs(4,169)        0.32636083     -3     3    0.00016064041
1039 region_rec_diffs(4,170)        -0.11582752     -3     3    1.4138636e-05
1040 region_rec_diffs(4,171)        0.48705425     -3     3    0.00073041414
1041 region_rec_diffs(4,172)        1.0897179     -3     3    -0.00013342755
1042 region_rec_diffs(4,173)        1.0000787     -3     3    -0.0005586837
1043 region_rec_diffs(4,174)        0.0023862334     -3     3    -0.00011829691
1044 region_rec_diffs(4,175)        -0.71237175     -3     3    2.1019457e-05
1045 region_rec_diffs(4,176)        -1.9762087     -3     3    7.7098081e-05
1046 region_rec_diffs(4,177)        -2.4039883     -3     3    2.9523667e-05
1047 region_rec_diffs(4,178)        -1.8014284     -3     3    0.00018927599
1048 region_rec_diffs(4,179)        0.61128405     -3     3    0.00013652122
1049 region_rec_diffs(4,180)        0.60746124     -3     3    0.00042543264
1050 region_rec_diffs(4,181)        -0.6653478     -3     3    -0.00010372552
1051 region_rec_diffs(4,182)        -0.34551579     -3     3    -0.00012982893
1052 region_rec_diffs(4,183)        -0.78417842     -3     3    6.4655656e-05
1053 region_rec_diffs(4,184)        -1.358264     -3     3    7.4963179e-05
1054 region_rec_diffs(4,185)        -1.8939017     -3     3    1.2837185e-06
1055 region_rec_diffs(4,186)        -1.2349667     -3     3    -4.5744061e-05
1056 region_rec_diffs(4,187)        1.5677949     -3     3    -0.00018970382
1057 region_rec_diffs(4,188)        -2.1451228     -3     3    7.9480972e-05
1058 region_rec_diffs(4,189)        -2.1284663     -3     3    4.7753584e-05
1059 region_rec_diffs(4,190)        -1.8806289     -3     3    -8.4465232e-07
1060 region_rec_diffs(4,191)        -1.4959535     -3     3    -4.1956972e-05
1061 region_rec_diffs(4,192)        -0.024266527     -3     3    -0.00015152935
1062 region_rec_diffs(4,193)        -0.89809965     -3     3    2.8704975e-05
1063 region_rec_diffs(4,194)        -1.0730574     -3     3    5.7276144e-05
1064 region_rec_diffs(4,195)        1.1035181     -3     3    0.00026347391
1065 region_rec_diffs(4,196)        -0.18326871     -3     3    -0.00024006143
1066 region_rec_diffs(4,197)        -1.1325291     -3     3    3.4926824e-05
1067 region_rec_diffs(4,198)        -1.3121637     -3     3    1.6752144e-05
1068 region_rec_diffs(4,199)        1.3166666     -3     3    -0.00022260326
1069 region_rec_diffs(4,200)        -0.037392687     -3     3    -0.00029661582
1070 region_rec_diffs(4,201)        -1.3885649     -3     3    -0.00010032749
1071 region_rec_diffs(4,202)        -1.2151243     -3     3    4.2454288e-06
1072 region_rec_diffs(4,203)        0.39695463     -3     3    -0.00019585877
1073 region_rec_diffs(4,204)        1.165402     -3     3    4.8857325e-05
1074 region_rec_diffs(4,205)        -0.86829515     -3     3    -3.8065293e-06
1075 region_rec_diffs(4,206)        -1.9559672     -3     3    -2.5278644e-05
1076 region_rec_diffs(4,207)        -2.0563927     -3     3    3.7350401e-05
1077 region_rec_diffs(4,208)        -2.9325566     -3     3    3.6610802e-06
1078 region_rec_diffs(4,209)        -2.2653513     -3     3    -7.9375581e-05
1079 region_rec_diffs(4,210)        -2.5889694     -3     3    -2.7024111e-05
1080 region_rec_diffs(4,211)        0.52030151     -3     3    -9.2917462e-05
1081 region_rec_diffs(4,212)        1.5895624     -3     3    0.00022249615
1082 region_rec_diffs(4,213)        0.18524753     -3     3    -0.00023823449
1083 region_rec_diffs(4,214)        -0.75543815     -3     3    -7.1570733e-05
1084 region_rec_diffs(4,215)        0.40395722     -3     3    7.0751898e-05
1085 region_rec_diffs(4,216)        -0.3997417     -3     3    6.5650026e-05
1086 region_rec_diffs(4,217)        -0.23622785     -3     3    3.2719424e-05
1087 region_rec_diffs(4,218)        0.93567769     -3     3    -8.2394365e-05
1088 region_rec_diffs(4,219)        0.35198233     -3     3    -0.00010146731
1089 region_rec_diffs(4,220)        -1.2096933     -3     3    -5.9386086e-05
1090 region_rec_diffs(4,221)        -1.2075258     -3     3    -3.7995471e-05
1091 region_rec_diffs(4,222)        -1.7480998     -3     3    5.6846819e-05
1092 region_rec_diffs(4,223)        0.88725325     -3     3    -0.0002629746
1093 region_rec_diffs(4,224)        -0.17584158     -3     3    -0.00043569649
1094 region_rec_diffs(4,225)        -0.45697483     -3     3    1.9395025e-05
1095 region_rec_diffs(4,226)        -0.80996203     -3     3    6.7896704e-05
1096 region_rec_diffs(4,227)        0.067951244     -3     3    8.1365344e-05
1097 region_rec_diffs(4,228)        -0.72434544     -3     3    -0.00010216534
1098 region_rec_diffs(4,229)        -0.37250558     -3     3    2.8135436e-05
1099 region_rec_diffs(4,230)        0.40972322     -3     3    -8.9290091e-05
1100 region_rec_diffs(4,231)        0.13004617     -3     3    0.00013738229
1101 region_rec_diffs(4,232)        0.74915431     -3     3    0.00026854343
1102 region_rec_diffs(4,233)        -0.0013039052     -3     3    0.00011471408
1103 region_rec_diffs(4,234)        -0.48410606     -3     3    0.00026057614
1104 region_rec_diffs(4,235)        -0.63052683     -3     3    6.9262747e-06
1105 region_rec_diffs(4,236)        -1.2201343     -3     3    -2.1565278e-05
1106 region_rec_diffs(4,237)        0.78929235     -3     3    0.00025720065
1107 region_rec_diffs(4,238)        0.36014601     -3     3    -0.00021191719
1108 region_rec_diffs(4,239)        0.051857977     -3     3    8.6995672e-05
1109 region_rec_diffs(4,240)        -0.10622649     -3     3    -0.00021619359
1110 region_rec_diffs(4,241)        -1.0957702     -3     3    3.3938858e-05
1111 region_rec_diffs(4,242)        -0.58634762     -3     3    -9.596875e-05
1112 region_rec_diffs(4,243)        -0.019823246     -3     3    -0.00044077187
1113 region_rec_diffs(4,244)        0.86701645     -3     3    0.00031634649
1114 region_rec_diffs(4,245)        0.51807305     -3     3    0.00015811753
1115 region_rec_diffs(4,246)        -0.43886401     -3     3    -0.00025244581
1116 region_rec_diffs(4,247)        -1.1109518     -3     3    5.3600516e-05
1117 region_rec_diffs(4,248)        0.28975755     -3     3    0.00022734639
1118 region_rec_diffs(4,249)        0.61063483     -3     3    0.00018488977
1119 region_rec_diffs(4,250)        -0.70147043     -3     3    -9.5640489e-05
1120 region_rec_diffs(4,251)        -0.83799022     -3     3    0.00014256949
1121 region_rec_diffs(4,252)        -2.0736698     -3     3    4.6612095e-05
1122 region_rec_diffs(4,253)        -1.2519655     -3     3    5.3556725e-05
1123 region_rec_diffs(4,254)        -0.49246137     -3     3    0.00020662162
1124 region_rec_diffs(4,255)        0.45398682     -3     3    0.00040113528
1125 region_rec_diffs(4,256)        -1.3822603     -3     3    -0.00020507349
1126 region_rec_diffs(4,257)        -1.0411898     -3     3    -0.00027398468
1127 region_rec_diffs(4,258)        -0.52126196     -3     3    -5.2134373e-05
1128 region_rec_diffs(4,259)        -0.66871146     -3     3    9.9289343e-05
1129 region_rec_diffs(4,260)        -0.25533374     -3     3    -0.00013153771
1130 region_rec_diffs(4,261)        -1.5195572     -3     3    -3.3573385e-05
1131 region_rec_diffs(4,262)        -2.3007093     -3     3    -6.560535e-05
1132 region_rec_diffs(4,263)        -2.109377     -3     3    0.00011031135
1133 region_rec_diffs(4,264)        0.87404921     -3     3    -9.5925749e-05
1134 region_rec_diffs(4,265)        -0.073557014     -3     3    -5.7125777e-05
1135 region_rec_diffs(4,266)        -1.495307     -3     3    0.00013721015
1136 region_rec_diffs(4,267)        -1.3094621     -3     3    0.00031828018
1137 region_rec_diffs(4,268)        -1.0022681     -3     3    -5.8698482e-05
1138 region_rec_diffs(4,269)        -1.5713237     -3     3    -0.00026085654
1139 region_rec_diffs(4,270)        -0.66664889     -3     3    -0.00030051786
1140 region_rec_diffs(4,271)        1.4207217     -3     3    -0.00036341624
1141 region_rec_diffs(4,272)        -0.71772237     -3     3    0.00018047197
1142 region_rec_diffs(4,273)        -1.056152     -3     3    0.00013109801
1143 region_rec_diffs(4,274)        -1.7939516     -3     3    -4.7621284e-05
1144 region_rec_diffs(4,275)        -0.72904446     -3     3    0.00029704988
1145 region_rec_diffs(4,276)        -0.29393612     -3     3    -0.00011331512
1146 region_rec_diffs(4,277)        -0.13173029     -3     3    -0.00018701326
1147 region_rec_diffs(4,278)        -0.28841737     -3     3    -0.00020823258
1148 region_rec_diffs(4,279)        -0.017112123     -3     3    -0.00011955075
1149 bs_selcoff_gp:1(1,1,1,1)        -9.0330088     -20     7    2.9544393e-05
1150 bs_selcoff_gp:1(1,1,1,2)        -4.1750826     -20     7    2.1625777e-05
1151 bs_selcoff_gp:1(1,1,1,3)        0.30186576     -20     7    0.00015832259
1152 bs_selcoff_gp:1(1,1,1,4)        0.87867704     -20     7    -0.00021889841
1153 bs_selcoff_gp:1(1,1,1,5)        0.20244804     -20     7    -0.00011169641
1154 bs_selcoff_gp:2(2,1,1,1)        -5.7830897     -20     7    -8.3428281e-05
1155 bs_selcoff_gp:2(2,1,1,2)        -2.2013103     -20     7    0.00038089419
1156 bs_selcoff_gp:2(2,1,1,3)        0.2871512     -20     7    0.00011346754
1157 bs_selcoff_gp:2(2,1,1,4)        0.71158023     -20     7    9.1224641e-05
1158 bs_selcoff_gp:2(2,1,1,5)        0.41643487     -20     7    0.00036730955
1159 bs_selcoff_gp:3(3,1,1,1)        -5.0059691     -20     7    -3.4431606e-05
1160 bs_selcoff_gp:3(3,1,1,2)        -4.9325351     -20     7    0.00013928207
1161 bs_selcoff_gp:3(3,1,1,3)        0.048180013     -20     7    0.00027317425
1162 bs_selcoff_gp:3(3,1,1,4)        0.89171234     -20     7    -0.00011526863
1163 bs_selcoff_gp:3(3,1,1,5)        0.40378053     -20     7    7.8730458e-05
1164 bs_selcoff_gp:4(4,1,1,1)        -8.3269851     -20     7    0.00010438128
1165 bs_selcoff_gp:4(4,1,1,2)        -2.5517807     -20     7    -0.00048173925
1166 bs_selcoff_gp:4(4,1,1,3)        0.085142711     -20     7    -4.9491729e-05
1167 bs_selcoff_gp:4(4,1,1,4)        1.0855747     -20     7    -0.00024506617
1168 bs_selcoff_gp:4(4,1,1,5)        -0.13730743     -20     7    -8.2290442e-05
1169 bs_selcoff_gp:5(5,1,1,1)        -10.770875     -20     7    1.9513044e-05
1170 bs_selcoff_gp:5(5,1,1,2)        -3.6000155     -20     7    0.0001436174
1171 bs_selcoff_gp:5(5,1,1,3)        0.022701855     -20     7    0.00028742522
1172 bs_selcoff_gp:5(5,1,1,4)        1.0242747     -20     7    -0.00013994064
1173 bs_selcoff_gp:5(5,1,1,5)        0.15244537     -20     7    0.00015403258
1174 bs_selcoff_gp:6(6,1,1,1)        -6.2880626     -20     7    6.5802866e-05
1175 bs_selcoff_gp:6(6,1,1,2)        -2.3047046     -20     7    -0.00033152554
1176 bs_selcoff_gp:6(6,1,1,3)        0.29292964     -20     7    0.00025569328
1177 bs_selcoff_gp:6(6,1,1,4)        0.81561519     -20     7    -0.0001339246
1178 bs_selcoff_gp:6(6,1,1,5)        0.26035739     -20     7    -0.00020574478
1179 bs_selcoff_gp:7(7,1,1,1)        -7.0289378     -20     7    -1.1332327e-05
1180 bs_selcoff_gp:7(7,1,1,2)        -2.9707452     -20     7    -0.00017467545
1181 bs_selcoff_gp:7(7,1,1,3)        0.10630279     -20     7    0.00032208688
1182 bs_selcoff_gp:7(7,1,1,4)        0.90018343     -20     7    5.4694097e-05
1183 bs_selcoff_gp:7(7,1,1,5)        0.31891903     -20     7    -0.00015349927
1184 bs_selcoff_gp:8(8,1,1,1)        -14.981497     -20     7    2.1689791e-05
1185 bs_selcoff_gp:8(8,1,1,2)        -5.4291635     -20     7    4.4206899e-05
1186 bs_selcoff_gp:8(8,1,1,3)        -1.2676984     -20     7    0.00016233442
1187 bs_selcoff_gp:8(8,1,1,4)        1.2925332     -20     7    0.0001499693
1188 bs_selcoff_gp:8(8,1,1,5)        0.069697538     -20     7    -3.7956022e-06
1189 bs_selcoff_gp:9(9,1,1,1)        -12.292853     -20     7    7.4637416e-05
1190 bs_selcoff_gp:9(9,1,1,2)        -7.7663718     -20     7    0.0004112007
1191 bs_selcoff_gp:9(9,1,1,3)        -2.422793     -20     7    -9.2670361e-05
1192 bs_selcoff_gp:9(9,1,1,4)        0.74929639     -20     7    0.00024331219
1193 bs_selcoff_gp:9(9,1,1,5)        1.0280105     -20     7    0.00021464489
1194 bs_selcoff_gp:10(10,1,1,1)        -8.0382327     -20     7    -8.0347125e-05
1195 bs_selcoff_gp:10(10,1,1,2)        -1.5452489     -20     7    0.00023408613
1196 bs_selcoff_gp:10(10,1,1,3)        0.18940258     -20     7    -0.00026044046
1197 bs_selcoff_gp:10(10,1,1,4)        0.84315009     -20     7    -0.00026019867
1198 bs_selcoff_gp:10(10,1,1,5)        0.22651897     -20     7    0.00045936157
1199 bs_selcoff_gp:11(11,1,1,1)        -5.7033381     -20     7    7.4437107e-05
1200 bs_selcoff_gp:11(11,1,1,2)        -5.5072174     -20     7    0.00010967321
1201 bs_selcoff_gp:11(11,1,1,3)        -0.2580547     -20     7    9.4255761e-05
1202 bs_selcoff_gp:11(11,1,1,4)        1.3048906     -20     7    -0.00018015217
1203 bs_selcoff_gp:11(11,1,1,5)        -0.62972328     -20     7    -0.00029188744
1204 bs_selcoff_gp:12(12,1,1,1)        -6.6461249     -20     7    -1.2153844e-05
1205 bs_selcoff_gp:12(12,1,1,2)        -5.1852     -20     7    -8.7951917e-05
1206 bs_selcoff_gp:12(12,1,1,3)        -0.30811898     -20     7    0.0001460967
1207 bs_selcoff_gp:12(12,1,1,4)        1.09197     -20     7    -2.6946467e-05
1208 bs_selcoff_gp:12(12,1,1,5)        0.2454002     -20     7    -6.3545268e-05
1209 bs_selcoff_gp:13(13,1,1,1)        -2.3777911     -20     7    0.00012330692
1210 bs_selcoff_gp:13(13,1,1,2)        1.5381809     -20     7    7.6764385e-06
1211 bs_selcoff_gp:13(13,1,1,3)        -1.4485627     -20     7    -0.0004663595
1212 bs_selcoff_gp:13(13,1,1,4)        -4.0788871     -20     7    4.9577784e-05
1213 bs_selcoff_gp:13(13,1,1,5)        -19.9998     -20     7    6.6469757e-05   *************
1214 bs_selcoff_gp:14(14,1,1,1)        -1.9418276     -20     7    2.292621e-05
1215 bs_selcoff_gp:14(14,1,1,2)        1.4110837     -20     7    -4.0194323e-05
1216 bs_selcoff_gp:14(14,1,1,3)        -0.59324952     -20     7    3.7270819e-05
1217 bs_selcoff_gp:14(14,1,1,4)        -1.6019202     -20     7    -0.0001318995
1218 bs_selcoff_gp:14(14,1,1,5)        -6.1599001     -20     7    2.9522084e-05
1219 bs_selcoff_gp:15(15,1,1,1)        -2.2572154     -20     7    -0.00037976019
1220 bs_selcoff_gp:15(15,1,1,2)        1.4899484     -20     7    0.00013254437
1221 bs_selcoff_gp:15(15,1,1,3)        -0.84447176     -20     7    0.00040595374
1222 bs_selcoff_gp:15(15,1,1,4)        -3.5133229     -20     7    -0.00019905932
1223 bs_selcoff_gp:15(15,1,1,5)        -19.99905     -20     7    0.00010961683   *************
1224 bs_selcoff_gp:16(16,1,1,1)        -2.9262249     -20     7    7.5991152e-05
1225 bs_selcoff_gp:16(16,1,1,2)        1.2586984     -20     7    -0.00022070587
1226 bs_selcoff_gp:16(16,1,1,3)        0.073691843     -20     7    0.00026341887
1227 bs_selcoff_gp:16(16,1,1,4)        -1.0813671     -20     7    -0.00027054702
1228 bs_selcoff_gp:16(16,1,1,5)        -4.6101907     -20     7    3.9259782e-05
1229 bs_selcoff_gp:17(17,1,1,1)        -0.81625629     -20     7    -0.00010756642
1230 bs_selcoff_gp:17(17,1,1,2)        1.0381913     -20     7    -0.000152645
1231 bs_selcoff_gp:17(17,1,1,3)        0.43981341     -20     7    0.00014080067
1232 bs_selcoff_gp:17(17,1,1,4)        -1.7260265     -20     7    5.7910614e-05
1233 bs_selcoff_gp:17(17,1,1,5)        -5.6833491     -20     7    5.8965903e-05
1234 bs_selcoff_gp:18(18,1,1,1)        -2.9776563     -20     7    -0.00023849695
1235 bs_selcoff_gp:18(18,1,1,2)        1.3911401     -20     7    8.0543526e-05
1236 bs_selcoff_gp:18(18,1,1,3)        -0.62706388     -20     7    -6.5095264e-05
1237 bs_selcoff_gp:18(18,1,1,4)        -0.97364801     -20     7    -0.00018178329
1238 bs_selcoff_gp:18(18,1,1,5)        -4.0309494     -20     7    7.8333127e-05
1239 bs_selcoff_gp:19(19,1,1,1)        0.15495113     -20     7    -0.00043461387
1240 bs_selcoff_gp:19(19,1,1,2)        0.97975068     -20     7    -0.00011049102
1241 bs_selcoff_gp:19(19,1,1,3)        -0.27303852     -20     7    0.00056330417
1242 bs_selcoff_gp:19(19,1,1,4)        -0.90182627     -20     7    1.4737284e-05
1243 bs_selcoff_gp:19(19,1,1,5)        -6.3480735     -20     7    0.00027255397
1244 bs_selcoff_gp:20(20,1,1,1)        -2.3308955     -20     7    0.00011947316
1245 bs_selcoff_gp:20(20,1,1,2)        -0.74409578     -20     7    -0.00042247
1246 bs_selcoff_gp:20(20,1,1,3)        -0.42222728     -20     7    -0.00018382403
1247 bs_selcoff_gp:20(20,1,1,4)        -0.13073079     -20     7    9.9025754e-05
1248 bs_selcoff_gp:20(20,1,1,5)        1.0628327     -20     7    0.00015084546
1249 bs_selcoff_gp:21(21,1,1,1)        -2.3603398     -20     7    1.5649638e-06
1250 bs_selcoff_gp:21(21,1,1,2)        1.456273     -20     7    0.00012095429
1251 bs_selcoff_gp:21(21,1,1,3)        -0.54287736     -20     7    0.00051505775
1252 bs_selcoff_gp:21(21,1,1,4)        -3.3614993     -20     7    8.8561854e-05
1253 bs_selcoff_gp:21(21,1,1,5)        -11.706243     -20     7    -1.3109642e-05
1254 bs_selcoff_gp:22(22,1,1,1)        -4.5097865     -20     7    2.2414124e-05
1255 bs_selcoff_gp:22(22,1,1,2)        1.1465356     -20     7    0.00015153159
1256 bs_selcoff_gp:22(22,1,1,3)        0.45546386     -20     7    0.00057192882
1257 bs_selcoff_gp:22(22,1,1,4)        -1.3293493     -20     7    0.00010334452
1258 bs_selcoff_gp:22(22,1,1,5)        -8.1632628     -20     7    -4.9626838e-05
1259 bs_selcoff_gp:23(23,1,1,1)        -5.0159133     -20     7    9.908252e-05
1260 bs_selcoff_gp:23(23,1,1,2)        -0.11098819     -20     7    2.7783777e-05
1261 bs_selcoff_gp:23(23,1,1,3)        1.4099355     -20     7    -0.00013531988
1262 bs_selcoff_gp:23(23,1,1,4)        -5.9049097     -20     7    -0.00018683302
1263 bs_selcoff_gp:23(23,1,1,5)        -11.875107     -20     7    0.00024528167
1264 bs_selcoff_gp:24(24,1,1,1)        -9.1058627     -20     7    0.00013710141
1265 bs_selcoff_gp:24(24,1,1,2)        -0.7630127     -20     7    -1.0270269e-05
1266 bs_selcoff_gp:24(24,1,1,3)        1.4591196     -20     7    0.00055648325
1267 bs_selcoff_gp:24(24,1,1,4)        -1.4628712     -20     7    0.00016524106
1268 bs_selcoff_gp:24(24,1,1,5)        -11.632281     -20     7    2.0925837e-05
1269 bs_selcoff_gp:25(25,1,1,1)        -12.061235     -20     7    -7.4897055e-06
1270 bs_selcoff_gp:25(25,1,1,2)        1.2714474     -20     7    0.00075259293
1271 bs_selcoff_gp:25(25,1,1,3)        0.35336677     -20     7    0.00042996367
1272 bs_selcoff_gp:25(25,1,1,4)        -4.5725583     -20     7    0.0002071827
1273 bs_selcoff_gp:25(25,1,1,5)        -12.181257     -20     7    0.00011492705
1274 bs_selcoff_gp:26(26,1,1,1)        -1.2760194     -20     7    0.00025755279
1275 bs_selcoff_gp:26(26,1,1,2)        1.3515371     -20     7    7.4262449e-05
1276 bs_selcoff_gp:26(26,1,1,3)        -0.49331596     -20     7    0.00015056787
1277 bs_selcoff_gp:26(26,1,1,4)        -1.4024083     -20     7    0.00042728278
1278 bs_selcoff_gp:26(26,1,1,5)        -6.9042289     -20     7    -5.7064022e-05
1279 bs_selcoff_gp:27(27,1,1,1)        -2.6051164     -20     7    7.2330237e-05
1280 bs_selcoff_gp:27(27,1,1,2)        1.3115457     -20     7    -0.0001476305
1281 bs_selcoff_gp:27(27,1,1,3)        0.14819815     -20     7    -0.00014213908
1282 bs_selcoff_gp:27(27,1,1,4)        -2.9236668     -20     7    0.0001029138
1283 bs_selcoff_gp:27(27,1,1,5)        -7.2587072     -20     7    2.8524758e-05
1284 bs_selcoff_gp:28(28,1,1,1)        -4.8047199     -20     7    0.00053565474
1285 bs_selcoff_gp:28(28,1,1,2)        1.5596476     -20     7    0.0002105846
1286 bs_selcoff_gp:28(28,1,1,3)        -3.4175451     -20     7    -0.00028999339
1287 bs_selcoff_gp:28(28,1,1,4)        -1.5958938     -20     7    -2.0244588e-05
1288 bs_selcoff_gp:28(28,1,1,5)        -19.996624     -20     7    0.00015145248   *************
1289 bs_selcoff_gp:29(29,1,1,1)        -19.962186     -20     7    0.00016884429
1290 bs_selcoff_gp:29(29,1,1,2)        -6.8525224     -20     7    0.00018394224
1291 bs_selcoff_gp:29(29,1,1,3)        -0.19327957     -20     7    -2.7401806e-05
1292 bs_selcoff_gp:29(29,1,1,4)        1.0419378     -20     7    0.00013177978
1293 bs_selcoff_gp:29(29,1,1,5)        0.29271542     -20     7    -4.0665882e-05
1294 recr(2)        0.9838255     -20     20    -1.7555072e-05
1295 recr(3)        1.0398179     -20     20    0.00015710444
1296 recr(4)        0.96531094     -20     20    0.00021966224
1297 recr(5)        0.94371346     -20     20    0.00031773316
1298 recr(6)        -1.5694637     -20     20    3.4015644e-05
1299 recr(7)        -0.21346781     -20     20    6.4964748e-06
1300 recr(8)        2.1085031     -20     20    -0.00025800765
1301 recr(9)        0.51040165     -20     20    1.1131624e-05
1302 recr(10)        -0.42513107     -20     20    2.7589225e-05
1303 recr(11)        1.8471591     -20     20    -0.00022873855
1304 recr(12)        -0.11618033     -20     20    -9.9293622e-06
1305 recr(13)        2.026484     -20     20    0.00019834531
1306 recr(14)        1.8549977     -20     20    0.00030816921
1307 recr(15)        -0.94376422     -20     20    2.2641483e-05
1308 recr(16)        -1.4295288     -20     20    5.824345e-05
1309 recr(17)        0.55218463     -20     20    -9.7990272e-05
1310 recr(18)        1.8253327     -20     20    -0.0001467286
1311 recr(19)        -1.5994972     -20     20    -4.0405492e-05
1312 recr(20)        -0.19188203     -20     20    -2.5569183e-05
1313 recr(21)        0.72314231     -20     20    -0.00028264151
1314 recr(22)        1.2561976     -20     20    -0.0003607875
1315 recr(23)        -1.5686569     -20     20    -4.1996406e-05
1316 recr(24)        0.51546895     -20     20    0.00038837611
1317 recr(25)        0.07454805     -20     20    0.00017374831
1318 recr(26)        1.4851987     -20     20    0.0002680404
1319 recr(27)        -1.54891     -20     20    -7.0634306e-05
1320 recr(28)        2.0422981     -20     20    0.00043314645
1321 recr(29)        1.1014735     -20     20    9.584855e-05
1322 recr(30)        -0.61109169     -20     20    0.00011369999
1323 recr(31)        -2.4413493     -20     20    2.3952874e-05
1324 recr(32)        -1.6470219     -20     20    4.803431e-05
1325 recr(33)        -0.14628259     -20     20    3.7633109e-05
1326 recr(34)        1.7039365     -20     20    0.00015670851
1327 recr(35)        -2.4950463     -20     20    -1.0961919e-05
1328 recr(36)        -2.4055209     -20     20    2.3609327e-05
1329 recr(37)        1.8555346     -20     20    4.7612625e-06
1330 recr(38)        -0.54897715     -20     20    0.00013568472
1331 recr(39)        -2.8501384     -20     20    5.4591341e-05
1332 recr(40)        -2.1975205     -20     20    1.3371455e-05
1333 recr(41)        1.0428648     -20     20    0.00032120024
1334 recr(42)        1.2197938     -20     20    0.0001735789
1335 recr(43)        -2.1629939     -20     20    3.8307317e-05
1336 recr(44)        -0.42829767     -20     20    2.7540584e-05
1337 recr(45)        1.407171     -20     20    0.00016399616
1338 recr(46)        -1.2151948     -20     20    4.4028455e-06
1339 recr(47)        -1.6966663     -20     20    -4.6751593e-05
1340 recr(48)        -0.1126366     -20     20    -9.5306246e-05
1341 recr(49)        1.6722651     -20     20    -0.00051162909
1342 recr(50)        -2.4040966     -20     20    -6.1555903e-05
1343 recr(51)        0.0068407366     -20     20    -0.00014297466
1344 recr(52)        -1.4013963     -20     20    -1.2575262e-05
1345 recr(53)        1.048887     -20     20    4.7233956e-05
1346 recr(54)        0.34983426     -20     20    0.00028618695
1347 recr(55)        -1.2396153     -20     20    1.3729541e-05
1348 recr(56)        0.17525794     -20     20    7.9531011e-05
1349 recr(57)        -0.42396781     -20     20    0.00014088232
1350 recr(58)        1.343795     -20     20    -0.00020127305
1351 recr(59)        -1.1582406     -20     20    -3.7363676e-05
1352 recr(60)        1.0492769     -20     20    -0.00022429103
1353 recr(61)        1.3779754     -20     20    0.00021330179
1354 recr(62)        -2.0309016     -20     20    -3.885983e-05
1355 recr(63)        -1.3962052     -20     20    -3.7990945e-05
1356 recr(64)        0.21317903     -20     20    -0.0001444566
1357 recr(65)        0.76827309     -20     20    -1.1355483e-05
1358 recr(66)        -2.008374     -20     20    -3.571461e-05
1359 recr(67)        -1.0966359     -20     20    -2.363368e-05
1360 recr(68)        0.060125352     -20     20    0.00014236456
1361 recr(69)        1.1151987     -20     20    0.00053633114
1362 recr(70)        0.31292202     -20     20    0.00014058041
1363 recr(71)        -0.33982374     -20     20    -0.0001003764
1364 recr(72)        0.31375689     -20     20    -0.00044532297
1365 recr(73)        1.5133386     -20     20    0.00028928028
1366 recr(74)        -0.87205622     -20     20    -8.2219859e-06
1367 recr(75)        0.073015829     -20     20    0.00031550381
1368 recr(76)        -1.5843221     -20     20    5.7320948e-05
1369 recr(77)        -0.035975966     -20     20    0.00019083448
1370 recr(78)        -0.93059617     -20     20    1.7372478e-05
1371 recr(79)        -1.9617464     -20     20    2.1136863e-05
1372 recr(80)        1.0944428     -20     20    0.00022179983
1373 recr(81)        0.62003489     -20     20    0.00017237193
1374 recr(82)        -0.59272988     -20     20    7.4540565e-05
1375 recr(83)        0.49043252     -20     20    6.4273301e-05
1376 recr(84)        0.28553194     -20     20    -0.00010482859
1377 recr(85)        1.0965747     -20     20    -7.3677761e-05
1378 recr(86)        -2.5330078     -20     20    -2.0188685e-05
1379 recr(87)        0.26573644     -20     20    0.00014203111
1380 recr(88)        1.1468061     -20     20    1.8599482e-05
1381 recr(89)        0.20462992     -20     20    -9.0465253e-05
1382 recr(90)        -2.5204146     -20     20    -4.9458311e-05
1383 recr(91)        -0.49788026     -20     20    0.0004091455
1384 recr(92)        0.37533485     -20     20    -7.2771721e-05
1385 recr(93)        -2.1092401     -20     20    -6.5991754e-05
1386 recr(94)        1.9253936     -20     20    -9.8300834e-05
1387 recr(95)        0.97475409     -20     20    -0.00039055076
1388 recr(96)        -1.0624104     -20     20    -4.2342384e-07
1389 recr(97)        -1.1208751     -20     20    -6.8641261e-05
1390 recr(98)        -1.2820207     -20     20    -8.9215927e-05
1391 recr(99)        -0.15858148     -20     20    -0.00041514083
1392 recr(100)        1.1384883     -20     20    0.00020351663
1393 recr(101)        0.76124     -20     20    -0.0003474763
1394 recr(102)        -3.1659871     -20     20    2.6463655e-05
1395 recr(103)        -0.93929107     -20     20    4.2380049e-05
1396 recr(104)        1.7675441     -20     20    0.00032517959
1397 recr(105)        -1.988707     -20     20    -1.1100432e-05
1398 recr(106)        -4.0337924     -20     20    3.7252954e-05
1399 recr(107)        -3.1941978     -20     20    3.8107442e-05
1400 recr(108)        0.34535592     -20     20    -0.00031369746
1401 recr(109)        0.50163669     -20     20    -0.00049044998
1402 recr(110)        -2.9873265     -20     20    1.6245548e-05
1403 recr(111)        -3.0494917     -20     20    9.0656889e-06
1404 recr(112)        0.68761113     -20     20    -7.299399e-05
1405 recr(113)        1.2556964     -20     20    0.00026331844
1406 recr(114)        -1.5433574     -20     20    2.3063348e-05
1407 recr(115)        -1.4729736     -20     20    -2.1979708e-05
1408 recr(116)        0.6096086     -20     20    -8.58776e-06
1409 recr(117)        0.67119073     -20     20    -0.00022590265
1410 recr(118)        -1.9171773     -20     20    5.849929e-05
1411 recr(119)        0.23777123     -20     20    -0.0005228627
1412 recr(120)        0.99653753     -20     20    3.3005603e-05
1413 recr(121)        0.81266355     -20     20    0.00022142875
1414 recr(122)        0.57900168     -20     20    -0.0002362738
1415 recr(123)        -1.2831203     -20     20    -0.00021977716
1416 recr(124)        0.82387673     -20     20    -0.00012262161
1417 recr(125)        -0.33829167     -20     20    -2.5264182e-05
1418 recr(126)        0.19138882     -20     20    0.00018108088
1419 recr(127)        -0.26329954     -20     20    0.00030092869
1420 recr(128)        0.57830252     -20     20    1.1696002e-05
1421 recr(129)        0.25813826     -20     20    0.00016535318
1422 recr(130)        -0.91534166     -20     20    0.00021987089
1423 recr(131)        -1.0762503     -20     20    -1.4140993e-06
1424 recr(132)        0.78360402     -20     20    0.00012492582
1425 recr(133)        1.2390654     -20     20    -0.00030865109
1426 recr(134)        -0.30917223     -20     20    -2.2047293e-05
1427 recr(135)        0.27700985     -20     20    0.00012768621
1428 recr(136)        1.0092531     -20     20    -4.4217265e-05
1429 recr(137)        -1.207679     -20     20    3.5101578e-05
1430 recr(138)        -0.36656386     -20     20    0.00061839656
1431 recr(139)        -1.6979541     -20     20    0.00013604189
1432 recr(140)        1.0459096     -20     20    -0.00051880023
1433 recr(141)        0.40421838     -20     20    0.00015927497
1434 recr(142)        -1.5043503     -20     20    -5.9610795e-05
1435 recr(143)        -0.52629011     -20     20    -0.00025789026
1436 recr(144)        1.0327753     -20     20    0.00010758632
1437 recr(145)        1.5370694     -20     20    -1.945378e-05
1438 recr(146)        -0.95932986     -20     20    -9.4282605e-05
1439 recr(147)        0.10991738     -20     20    0.00053722052
1440 recr(148)        1.1750248     -20     20    0.00015355385
1441 recr(149)        -0.5863151     -20     20    -0.00020511071
1442 recr(150)        -1.3818327     -20     20    8.8627359e-05
1443 recr(151)        0.62863614     -20     20    0.00076999539
1444 recr(152)        0.45148064     -20     20    0.00014849806
1445 recr(153)        0.75292845     -20     20    -0.00019417861
1446 recr(154)        -0.28498547     -20     20    -2.6171956e-05
1447 recr(155)        0.11476479     -20     20    -0.00016429453
1448 recr(156)        1.0851565     -20     20    0.00018389752
1449 recr(157)        -1.3422729     -20     20    -1.8113355e-05
1450 recr(158)        -1.350092     -20     20    -0.00020413418
1451 recr(159)        -0.31676785     -20     20    -1.9474948e-05
1452 recr(160)        1.0286965     -20     20    -0.00013007584
1453 recr(161)        0.79347128     -20     20    -7.3923681e-05
1454 recr(162)        -0.68344901     -20     20    -0.00033571136
1455 recr(163)        0.75331867     -20     20    6.3659234e-05
1456 recr(164)        1.0360854     -20     20    0.00013459698
1457 recr(165)        -0.44389317     -20     20    1.7154054e-05
1458 recr(166)        -0.97407637     -20     20    0.00036600356
1459 recr(167)        0.20244054     -20     20    -0.0007025234
1460 recr(168)        0.47625433     -20     20    0.00014075692
1461 recr(169)        0.35361941     -20     20    3.5629341e-05
1462 recr(170)        -0.14115631     -20     20    -0.00017106766
1463 recr(171)        0.5160587     -20     20    -0.00027531315
1464 recr(172)        1.0944952     -20     20    0.00045312433
1465 recr(173)        1.264691     -20     20    1.6688508e-05
1466 recr(174)        -2.0096911     -20     20    0.00010574169
1467 recr(175)        -1.3392248     -20     20    -2.1399002e-05
1468 recr(176)        0.30839267     -20     20    1.3439633e-05
1469 recr(177)        0.93401459     -20     20    -0.00015066794
1470 recr(178)        0.87487864     -20     20    -5.3417807e-05
1471 recr(179)        -0.0072097839     -20     20    2.6667176e-05
1472 recr(180)        0.70202871     -20     20    0.00012706034
1473 recr(181)        0.2778823     -20     20    -0.00025883493
1474 recr(182)        -0.81086741     -20     20    0.00032818866
1475 recr(183)        -0.45073564     -20     20    -0.00032331931
1476 recr(184)        0.20733639     -20     20    0.00024755259
1477 recr(185)        0.82040409     -20     20    0.00042453148
1478 recr(186)        0.59751822     -20     20    -0.00043242889
1479 recr(187)        0.62282861     -20     20    -0.00040408688
1480 recr(188)        0.12837799     -20     20    -0.00019221283
1481 recr(189)        -0.46201278     -20     20    -0.00014282543
1482 recr(190)        -0.42561928     -20     20    -0.00012762878
1483 recr(191)        0.37981591     -20     20    0.0002757145
1484 recr(192)        0.72578962     -20     20    -3.8143941e-05
1485 recr(193)        1.0791755     -20     20    0.00014043409
1486 recr(194)        0.28500659     -20     20    -0.00011024441
1487 recr(195)        0.79526452     -20     20    -0.00013643817
1488 recr(196)        0.97281986     -20     20    0.00011402166
1489 recr(197)        -0.15486011     -20     20    0.00047204917
1490 recr(198)        -0.14144536     -20     20    0.00018053017
1491 recr(199)        0.3512034     -20     20    0.00019391899
1492 recr(200)        0.80012097     -20     20    6.9712431e-05
1493 recr(201)        0.45038152     -20     20    -0.00038485545
1494 recr(202)        0.12381483     -20     20    0.00010170493
1495 recr(203)        1.014754     -20     20    0.0001508576
1496 recr(204)        0.56726646     -20     20    0.00027850408
1497 recr(205)        -1.4502586     -20     20    -0.00011207555
1498 recr(206)        -0.44407295     -20     20    -0.00044949829
1499 recr(207)        -0.4920858     -20     20    -0.00038125748
1500 recr(208)        0.9446912     -20     20    -7.9870828e-05
1501 recr(209)        0.32120494     -20     20    -0.00027207487
1502 recr(210)        1.1692435     -20     20    0.00023934569
1503 recr(211)        0.60221855     -20     20    0.0001340444
1504 recr(212)        0.70873133     -20     20    0.0002390016
1505 recr(213)        -0.89108014     -20     20    0.00012644153
1506 recr(214)        -0.17485231     -20     20    -0.00039284905
1507 recr(215)        -0.29118774     -20     20    3.5783177e-05
1508 recr(216)        0.82556602     -20     20    0.00025135084
1509 recr(217)        0.59560081     -20     20    -8.5351933e-05
1510 recr(218)        0.14341686     -20     20    -5.2220789e-05
1511 recr(219)        -0.27739968     -20     20    -0.0003509784
1512 recr(220)        0.076414812     -20     20    -3.6858414e-05
1513 recr(221)        0.4148951     -20     20    -0.00015514906
1514 recr(222)        0.26229133     -20     20    -0.0001579815
1515 recr(223)        0.71405074     -20     20    -0.00045202672
1516 recr(224)        0.43876653     -20     20    -1.4311541e-05
1517 recr(225)        -0.42274196     -20     20    0.00015605732
1518 recr(226)        -0.083770485     -20     20    -3.0854245e-05
1519 recr(227)        0.088660567     -20     20    -0.00045206084
1520 recr(228)        0.67570191     -20     20    -0.00036069721
1521 recr(229)        0.89736379     -20     20    -0.00048261874
1522 recr(230)        0.43312852     -20     20    -0.00069371527
1523 recr(231)        0.21657939     -20     20    -0.00037834222
1524 recr(232)        0.38295618     -20     20    -2.0019692e-05
1525 recr(233)        -0.19404866     -20     20    0.00016048135
1526 recr(234)        -0.14924781     -20     20    -0.00018225645
1527 recr(235)        0.096707592     -20     20    -0.00029434438
1528 recr(236)        0.4045285     -20     20    -0.00011405518
1529 recr(237)        -0.099519204     -20     20    0.00015071294
1530 recr(238)        -0.080060075     -20     20    0.00034617868
1531 recr(239)        0.37288831     -20     20    -0.00030785448
1532 recr(240)        0.58326769     -20     20    -2.8334782e-05
1533 recr(241)        0.79030961     -20     20    0.00032674362
1534 recr(242)        0.7717858     -20     20    0.00018240733
1535 recr(243)        0.53507504     -20     20    -4.6826623e-05
1536 recr(244)        0.8535066     -20     20    0.00010292056
1537 recr(245)        0.2614045     -20     20    -2.3165236e-05
1538 recr(246)        0.34844917     -20     20    -0.00028735214
1539 recr(247)        0.59701742     -20     20    -0.00012344338
1540 recr(248)        0.79509707     -20     20    0.0003184443
1541 recr(249)        -0.065528519     -20     20    0.00024755322
1542 recr(250)        -0.28301554     -20     20    0.00017511742
1543 recr(251)        -0.17641487     -20     20    -7.7580502e-05
1544 recr(252)        0.078397832     -20     20    9.0772714e-05
1545 recr(253)        0.61088405     -20     20    0.00038686918
1546 recr(254)        -0.01478624     -20     20    0.00015982058
1547 recr(255)        0.22716174     -20     20    0.00041506655
1548 recr(256)        0.54073092     -20     20    -0.00014133206
1549 recr(257)        0.49508436     -20     20    6.9289066e-05
1550 recr(258)        -0.054451249     -20     20    6.035891e-05
1551 recr(259)        0.41348874     -20     20    -0.00016560284
1552 recr(260)        0.88054858     -20     20    -0.00013756178
1553 recr(261)        -0.1919574     -20     20    0.00034040484
1554 recr(262)        0.3265997     -20     20    0.00014298901
1555 recr(263)        0.47018628     -20     20    -0.00023548768
1556 recr(264)        0.6551751     -20     20    -9.3841705e-05
1557 recr(265)        0.30313947     -20     20    -0.0004342752
1558 recr(266)        -0.26718522     -20     20    -0.00013353389
1559 recr(267)        -0.061910073     -20     20    -0.00016438195
1560 recr(268)        0.28746868     -20     20    -6.8025547e-05
1561 recr(269)        0.4624084     -20     20    0.00028574201
1562 recr(270)        -0.78307497     -20     20    0.00074189709
1563 recr(271)        -0.070102055     -20     20    0.00025637916
1564 recr(272)        -0.30504882     -20     20    -0.00011582874
1565 recr(273)        -0.07848097     -20     20    -0.00015337328
1566 recr(274)        1.3403455     -20     20    -0.00033751221
1567 totpop        17.093041     8     25    9.6163312e-05
1568 tag_fish_rep(1)        0.12424133     0.001     0.99    -0.00026794038
1569 tag_fish_rep(3)        0.49226364     0.001     0.99    5.5848638e-06
1570 tag_fish_rep(4)        0.59150115     0.001     0.99    -5.134625e-05
1571 tag_fish_rep(5)        0.66335652     0.001     0.99    1.0550852e-05
1572 tag_fish_rep(6)        0.48205865     0.001     0.99    0.00021912195
1573 tag_fish_rep(11)        0.62243887     0.001     0.99    -5.461452e-05
1574 tag_fish_rep(12)        0.59797006     0.001     0.99    3.1402813e-05
1575 tag_fish_rep(13)        0.90111767     0.001     0.99    0.00077848614
1576 tag_fish_rep(17)        0.71404967     0.001     0.99    0.00035845045
1577 tag_fish_rep(18)        0.83578019     0.001     0.99    -0.00026411875
1578 tag_fish_rep(19)        0.99     0.001     0.99    1.5873293e-06   *************
1579 tag_fish_rep(24)        0.86020924     0.001     0.99    -9.5517292e-05
1580 tag_fish_rep(25)        0.49844981     0.001     0.99    -0.00010235434
1581 tag_fish_rep(28)        0.68676257     0.001     0.99    -0.00015399367
1582 tag_fish_rep(32)        0.12216543     0.001     0.99    -2.9194998e-05
1583 tag_fish_rep(34)        0.98999997     0.001     0.99    -2.3574105e-06   *************
1584 tag_fish_rep(35)        0.99     0.001     0.99    -2.1867126e-07   *************
1585 region_pars(1)        0.30520764     1e-06     1.5    -0.00033135449
1586 region_pars(1)        0.28064972     1e-06     1.5    0.00040676064
1587 region_pars(1)        0.28730458     1e-06     1.5    -0.00027963197
1588 region_pars(1)        0.12678579     1e-06     1.5    0.00030281874
1589 sv(21)        0.037662734     1e-06     1000    -0.00011420919
1590 var_coff(1)        5.8332363     1     10    -0.00016614976
1591 var_coff(2)        0.41884068     0.1     3    0.00028887258
