 Index  Var_name   Estimate L_bound  U_bound gradient
1 diff_coffs(1,1)        0.059480358     0     4    -2.3625058e-06
2 diff_coffs(1,2)        5.7212945e-10     0     4    -3.2780768e-09   *************
3 diff_coffs(1,3)        1.3113359e-09     0     4    1.4046088e-06   *************
4 diff_coffs(1,4)        8.6630192e-10     0     4    1.1657735e-08   *************
5 diff_coffs(1,5)        0.0022927904     0     4    2.6752273e-07
6 diff_coffs(1,6)        0.0038008931     0     4    3.4158417e-08
7 diff_coffs(1,7)        0.039733441     0     4    8.5390332e-08
8 diff_coffs(1,8)        0.0013113063     0     4    -3.0970976e-06
9 diff_coffs(1,9)        0.0097044693     0     4    1.4046913e-06
10 diff_coffs(1,10)        0.11540977     0     4    4.5792396e-06
11 diff_coffs(1,11)        1.693127e-09     0     4    1.6777837e-08   *************
12 diff_coffs(1,12)        0.088146913     0     4    -3.8066811e-06
13 diff_coffs(1,13)        5.7341687e-10     0     4    9.5098531e-10   *************
14 diff_coffs(1,14)        1.9864139e-08     0     4    -5.4542686e-08   *************
15 diff_coffs(1,15)        3.4766319e-09     0     4    1.311278e-08   *************
16 diff_coffs(1,16)        0.048504012     0     4    1.8650855e-07
17 diff_coffs(1,17)        1.0034706e-10     0     4    3.1324426e-06   *************
18 diff_coffs(1,18)        0.02812456     0     4    8.1479742e-08
19 diff_coffs(1,19)        0.008849133     0     4    6.5436335e-07
20 diff_coffs(1,20)        7.1677064e-10     0     4    -3.2677665e-09   *************
21 diff_coffs(1,21)        2.2120403e-09     0     4    8.5058991e-07   *************
22 diff_coffs(1,22)        0.0051376615     0     4    6.2948199e-06
23 diff_coffs(1,23)        0.65740133     0     4    -8.4137751e-07
24 diff_coffs(1,24)        1.1560963e-09     0     4    -2.5697524e-09   *************
25 diff_coffs(1,25)        0.0080102026     0     4    -4.9010289e-07
26 diff_coffs(1,26)        0.091199163     0     4    -1.9505469e-06
27 diff_coffs(2,1)        0.11431116     0     4    -6.5240964e-07
28 diff_coffs(2,2)        2.2023703e-09     0     4    -1.6088959e-06   *************
29 diff_coffs(2,3)        0.21319249     0     4    -2.0627402e-07
30 diff_coffs(2,4)        7.1083139e-10     0     4    3.4521426e-09   *************
31 diff_coffs(2,5)        0.005850797     0     4    -2.4140649e-06
32 diff_coffs(2,6)        8.8924312e-10     0     4    7.2178721e-10   *************
33 diff_coffs(2,7)        0.30683341     0     4    -2.4830976e-06
34 diff_coffs(2,8)        1.8091839e-10     0     4    4.8924067e-08   *************
35 diff_coffs(2,9)        0.025046315     0     4    8.6299697e-07
36 diff_coffs(2,10)        0.019324475     0     4    -2.9770666e-06
37 diff_coffs(2,11)        2.8557565e-09     0     4    8.8727684e-07   *************
38 diff_coffs(2,12)        7.9932172e-10     0     4    1.2574716e-06   *************
39 diff_coffs(2,13)        2.7362144e-09     0     4    1.2456128e-06   *************
40 diff_coffs(2,14)        1.9746077e-08     0     4    -8.0044005e-08   *************
41 diff_coffs(2,15)        3.4258587e-09     0     4    -1.7760577e-08   *************
42 diff_coffs(2,16)        4.060446e-09     0     4    1.3365313e-08   *************
43 diff_coffs(2,17)        7.4658058e-11     0     4    3.6190004e-06   *************
44 diff_coffs(2,18)        8.3035878e-09     0     4    -1.2224231e-08   *************
45 diff_coffs(2,19)        0.047922048     0     4    5.1545859e-07
46 diff_coffs(2,20)        6.0706773e-10     0     4    -1.0382415e-08   *************
47 diff_coffs(2,21)        0.21063052     0     4    -2.3455839e-07
48 diff_coffs(2,22)        2.6729041e-10     0     4    3.1362642e-07   *************
49 diff_coffs(2,23)        0.22940269     0     4    1.7019534e-06
50 diff_coffs(2,24)        7.3623974e-10     0     4    -4.7849533e-09   *************
51 diff_coffs(2,25)        1.7323258e-08     0     4    4.4201834e-07   *************
52 diff_coffs(2,26)        3.3476826e-09     0     4    -7.4047701e-09   *************
53 diff_coffs(3,1)        0.075704913     0     4    1.9236942e-06
54 diff_coffs(3,2)        8.3459217e-10     0     4    1.0849752e-06   *************
55 diff_coffs(3,3)        4.036752e-09     0     4    -4.9809622e-09   *************
56 diff_coffs(3,4)        0.076525905     0     4    7.5692945e-07
57 diff_coffs(3,5)        1.4164743e-09     0     4    -9.0515654e-09   *************
58 diff_coffs(3,6)        1.1709338e-09     0     4    6.1232814e-07   *************
59 diff_coffs(3,7)        9.4611645e-09     0     4    7.8441385e-08   *************
60 diff_coffs(3,8)        1.6815549e-10     0     4    -1.0400312e-08   *************
61 diff_coffs(3,9)        0.12889366     0     4    -3.2345193e-07
62 diff_coffs(3,10)        0.018775504     0     4    -1.3369448e-06
63 diff_coffs(3,11)        1.2430712e-09     0     4    -2.175915e-06   *************
64 diff_coffs(3,12)        0.0045706618     0     4    -1.0744805e-06
65 diff_coffs(3,13)        2.8118896e-09     0     4    3.4055161e-07   *************
66 diff_coffs(3,14)        3.3071734e-09     0     4    -4.552451e-08   *************
67 diff_coffs(3,15)        6.8090439e-08     0     4    2.5592283e-07   *************
68 diff_coffs(3,16)        0.020737952     0     4    -4.0002464e-06
69 diff_coffs(3,17)        5.9518834e-11     0     4    2.2281368e-06   *************
70 diff_coffs(3,18)        5.8762308e-09     0     4    -6.8088424e-09   *************
71 diff_coffs(3,19)        1.6344555e-09     0     4    -1.6325549e-08   *************
72 diff_coffs(3,20)        6.1518279e-10     0     4    -1.142524e-10   *************
73 diff_coffs(3,21)        0.036260521     0     4    -8.9564624e-07
74 diff_coffs(3,22)        3.2475334e-10     0     4    -5.8407149e-09   *************
75 diff_coffs(3,23)        0.17282965     0     4    7.0246141e-07
76 diff_coffs(3,24)        7.5717899e-10     0     4    -4.9721923e-07   *************
77 diff_coffs(3,25)        0.011174984     0     4    -1.1764101e-06
78 diff_coffs(3,26)        1.8206384e-08     0     4    -1.9694924e-09   *************
79 diff_coffs(4,1)        3.4565435e-09     0     4    -2.5208204e-07   *************
80 diff_coffs(4,2)        5.4413096e-10     0     4    6.9228443e-07   *************
81 diff_coffs(4,3)        9.8901354e-10     0     4    -1.3914778e-06   *************
82 diff_coffs(4,4)        0.03004437     0     4    4.7489267e-07
83 diff_coffs(4,5)        7.8659568e-10     0     4    -9.9447719e-09   *************
84 diff_coffs(4,6)        1.8311264e-09     0     4    2.3114612e-09   *************
85 diff_coffs(4,7)        0.11914405     0     4    -1.5395596e-06
86 diff_coffs(4,8)        2.4476532e-10     0     4    1.2610233e-08   *************
87 diff_coffs(4,9)        0.014971071     0     4    -1.7666747e-06
88 diff_coffs(4,10)        0.011218291     0     4    -1.5342045e-06
89 diff_coffs(4,11)        0.016317485     0     4    6.5956692e-07
90 diff_coffs(4,12)        0.016241306     0     4    2.2010478e-06
91 diff_coffs(4,13)        2.1950393e-09     0     4    8.4760855e-08   *************
92 diff_coffs(4,14)        0.018085174     0     4    -1.5782306e-06
93 diff_coffs(4,15)        0.034062815     0     4    -2.1326461e-06
94 diff_coffs(4,16)        7.9059218e-08     0     4    -7.0046762e-07   *************
95 diff_coffs(4,17)        6.1356475e-11     0     4    3.8352298e-06   *************
96 diff_coffs(4,18)        0.035244296     0     4    2.8140037e-07
97 diff_coffs(4,19)        1.49348e-09     0     4    1.9051822e-09   *************
98 diff_coffs(4,20)        9.401393e-10     0     4    2.0326537e-09   *************
99 diff_coffs(4,21)        0.064307814     0     4    1.1479623e-06
100 diff_coffs(4,22)        4.1825077e-10     0     4    -2.0223198e-07   *************
101 diff_coffs(4,23)        1.1993312e-08     0     4    -6.9942e-07   *************
102 diff_coffs(4,24)        9.0882124e-10     0     4    2.0186371e-09   *************
103 diff_coffs(4,25)        0.07796582     0     4    4.0597922e-07
104 diff_coffs(4,26)        0.0023887602     0     4    -7.9975521e-07
105 region_rec_diffs(1,1)        -1.1906402e-07     -3     3    -2.1297345e-07
106 region_rec_diffs(1,2)        -0.08891868     -3     3    -3.7077116e-07
107 region_rec_diffs(1,3)        -0.27966024     -3     3    1.7275453e-07
108 region_rec_diffs(1,4)        -0.074193161     -3     3    2.4318019e-06
109 region_rec_diffs(1,5)        0.036233364     -3     3    5.7415026e-07
110 region_rec_diffs(1,6)        0.22699188     -3     3    9.8773575e-08
111 region_rec_diffs(1,7)        0.24571077     -3     3    4.7828937e-07
112 region_rec_diffs(1,8)        -0.28537658     -3     3    3.7233095e-06
113 region_rec_diffs(1,9)        0.19080753     -3     3    -3.1306242e-07
114 region_rec_diffs(1,10)        0.10277088     -3     3    -8.5355584e-08
115 region_rec_diffs(1,11)        0.12501575     -3     3    -6.1953616e-07
116 region_rec_diffs(1,12)        -0.47724236     -3     3    2.5442973e-06
117 region_rec_diffs(1,13)        0.20982457     -3     3    7.5662221e-08
118 region_rec_diffs(1,14)        0.6641188     -3     3    2.7714982e-07
119 region_rec_diffs(1,15)        -0.053981138     -3     3    -4.9400151e-08
120 region_rec_diffs(1,16)        -0.27627976     -3     3    3.3033804e-07
121 region_rec_diffs(1,17)        -0.32112425     -3     3    4.3442852e-07
122 region_rec_diffs(1,18)        0.70691788     -3     3    4.620849e-08
123 region_rec_diffs(1,19)        0.21865806     -3     3    4.0706107e-08
124 region_rec_diffs(1,20)        0.20225681     -3     3    8.873508e-08
125 region_rec_diffs(1,21)        -0.23388973     -3     3    -1.1360959e-06
126 region_rec_diffs(1,22)        0.034659828     -3     3    -3.4030168e-06
127 region_rec_diffs(1,23)        0.31623698     -3     3    -3.0494042e-07
128 region_rec_diffs(1,24)        -0.17441502     -3     3    2.3076817e-07
129 region_rec_diffs(1,25)        0.55655617     -3     3    -3.9109311e-07
130 region_rec_diffs(1,26)        -0.73266155     -3     3    -1.6297192e-06
131 region_rec_diffs(1,27)        0.21414905     -3     3    -5.9788887e-07
132 region_rec_diffs(1,28)        0.51260975     -3     3    3.7005604e-07
133 region_rec_diffs(1,29)        -0.77009847     -3     3    1.391658e-06
134 region_rec_diffs(1,30)        -0.36624692     -3     3    2.7449128e-07
135 region_rec_diffs(1,31)        -0.11525614     -3     3    4.6279361e-08
136 region_rec_diffs(1,32)        -0.30621548     -3     3    7.6162801e-07
137 region_rec_diffs(1,33)        -0.89579223     -3     3    9.2746598e-07
138 region_rec_diffs(1,34)        -0.083454541     -3     3    3.1382975e-06
139 region_rec_diffs(1,35)        0.22581861     -3     3    -2.4750556e-07
140 region_rec_diffs(1,36)        -0.69525878     -3     3    2.6852808e-07
141 region_rec_diffs(1,37)        0.72713153     -3     3    -8.7272201e-07
142 region_rec_diffs(1,38)        0.24476352     -3     3    -1.0021868e-06
143 region_rec_diffs(1,39)        0.061521792     -3     3    -5.0478418e-08
144 region_rec_diffs(1,40)        -0.029370662     -3     3    -3.9286234e-07
145 region_rec_diffs(1,41)        -0.48755584     -3     3    2.0464727e-07
146 region_rec_diffs(1,42)        0.63913669     -3     3    6.7246952e-07
147 region_rec_diffs(1,43)        0.071575863     -3     3    -5.8199996e-08
148 region_rec_diffs(1,44)        0.13725612     -3     3    1.0258433e-06
149 region_rec_diffs(1,45)        -0.70348387     -3     3    3.7250137e-06
150 region_rec_diffs(1,46)        0.28120226     -3     3    -7.8533643e-08
151 region_rec_diffs(1,47)        0.17927382     -3     3    -2.0597618e-07
152 region_rec_diffs(1,48)        -0.82330165     -3     3    -1.0518567e-07
153 region_rec_diffs(1,49)        0.072347119     -3     3    2.3453067e-06
154 region_rec_diffs(1,50)        -0.092395684     -3     3    -2.8833958e-07
155 region_rec_diffs(1,51)        0.72334303     -3     3    -1.1987412e-07
156 region_rec_diffs(1,52)        0.90678622     -3     3    1.900527e-07
157 region_rec_diffs(1,53)        -1.1812319     -3     3    -2.0653836e-06
158 region_rec_diffs(1,54)        -0.87158073     -3     3    -1.0953622e-06
159 region_rec_diffs(1,55)        0.14071475     -3     3    2.4761399e-07
160 region_rec_diffs(1,56)        -0.22174893     -3     3    -2.5674838e-07
161 region_rec_diffs(1,57)        -1.1880501     -3     3    3.2435079e-07
162 region_rec_diffs(1,58)        0.41084909     -3     3    1.88127e-06
163 region_rec_diffs(1,59)        -0.0016983822     -3     3    2.311433e-08
164 region_rec_diffs(1,60)        -1.1607936     -3     3    -3.492121e-06
165 region_rec_diffs(1,61)        0.44851734     -3     3    1.2657345e-06
166 region_rec_diffs(1,62)        0.035886428     -3     3    -2.8591402e-07
167 region_rec_diffs(1,63)        0.47835543     -3     3    5.5299734e-08
168 region_rec_diffs(1,64)        0.35886537     -3     3    9.9809543e-07
169 region_rec_diffs(1,65)        -1.5807874     -3     3    1.7183122e-06
170 region_rec_diffs(1,66)        -0.32235817     -3     3    -6.6200434e-07
171 region_rec_diffs(1,67)        0.33593497     -3     3    3.1410216e-07
172 region_rec_diffs(1,68)        0.59165956     -3     3    2.1604582e-07
173 region_rec_diffs(1,69)        -0.042050564     -3     3    -2.0747688e-06
174 region_rec_diffs(1,70)        -0.86195507     -3     3    8.5309754e-07
175 region_rec_diffs(1,71)        0.29100954     -3     3    1.1449151e-06
176 region_rec_diffs(1,72)        -0.37482117     -3     3    1.4858129e-06
177 region_rec_diffs(1,73)        0.39468944     -3     3    4.538666e-07
178 region_rec_diffs(1,74)        -0.24130712     -3     3    1.0735026e-06
179 region_rec_diffs(1,75)        -0.45302475     -3     3    -9.0493691e-09
180 region_rec_diffs(1,76)        -0.95903843     -3     3    -2.9431862e-07
181 region_rec_diffs(1,77)        -1.8416197     -3     3    -4.8315898e-07
182 region_rec_diffs(1,78)        0.42506447     -3     3    3.4380616e-07
183 region_rec_diffs(1,79)        0.16361817     -3     3    -1.2069136e-07
184 region_rec_diffs(1,80)        0.32297164     -3     3    -2.6208587e-08
185 region_rec_diffs(1,81)        0.82754195     -3     3    4.9691481e-07
186 region_rec_diffs(1,82)        0.69130659     -3     3    1.3300559e-07
187 region_rec_diffs(1,83)        -0.33199535     -3     3    -5.0977817e-07
188 region_rec_diffs(1,84)        -1.1134463     -3     3    7.3926567e-07
189 region_rec_diffs(1,85)        0.28842615     -3     3    2.1585541e-07
190 region_rec_diffs(1,86)        -0.27197514     -3     3    5.7597701e-07
191 region_rec_diffs(1,87)        0.428546     -3     3    1.2799569e-06
192 region_rec_diffs(1,88)        -0.2911049     -3     3    5.7345482e-07
193 region_rec_diffs(1,89)        0.062008776     -3     3    2.1136714e-07
194 region_rec_diffs(1,90)        -0.24648064     -3     3    4.0161856e-07
195 region_rec_diffs(1,91)        -0.083186801     -3     3    -1.5248833e-06
196 region_rec_diffs(1,92)        -0.014073047     -3     3    1.2459951e-06
197 region_rec_diffs(1,93)        -1.797732     -3     3    3.3704035e-08
198 region_rec_diffs(1,94)        0.73252331     -3     3    3.1244365e-07
199 region_rec_diffs(1,95)        -0.40307703     -3     3    -2.8779074e-06
200 region_rec_diffs(1,96)        -0.43673781     -3     3    -6.5992831e-08
201 region_rec_diffs(1,97)        -0.27371588     -3     3    -1.5151318e-06
202 region_rec_diffs(1,98)        0.64228159     -3     3    -6.0714469e-08
203 region_rec_diffs(1,99)        -0.15909611     -3     3    -1.9500483e-06
204 region_rec_diffs(1,100)        -1.3795646     -3     3    -1.3335807e-06
205 region_rec_diffs(1,101)        0.73153428     -3     3    1.5399011e-07
206 region_rec_diffs(1,102)        -0.070854068     -3     3    -5.5120525e-07
207 region_rec_diffs(1,103)        0.38274293     -3     3    1.5457655e-07
208 region_rec_diffs(1,104)        -0.047499579     -3     3    6.3661783e-07
209 region_rec_diffs(1,105)        0.3132293     -3     3    2.6428024e-07
210 region_rec_diffs(1,106)        0.12218639     -3     3    -3.7257864e-07
211 region_rec_diffs(1,107)        0.28719245     -3     3    -7.5329088e-08
212 region_rec_diffs(1,108)        0.70528466     -3     3    5.3448713e-07
213 region_rec_diffs(1,109)        0.42126752     -3     3    3.3185484e-07
214 region_rec_diffs(1,110)        -0.053067434     -3     3    -1.7372393e-07
215 region_rec_diffs(1,111)        -0.11881925     -3     3    1.2285858e-07
216 region_rec_diffs(1,112)        0.55517424     -3     3    -6.3768929e-07
217 region_rec_diffs(1,113)        -0.64842822     -3     3    3.4084339e-08
218 region_rec_diffs(1,114)        -0.4388454     -3     3    8.2478173e-08
219 region_rec_diffs(1,115)        0.084720234     -3     3    -3.1988952e-07
220 region_rec_diffs(1,116)        -0.47384489     -3     3    9.7416395e-07
221 region_rec_diffs(1,117)        0.14556022     -3     3    6.0501143e-07
222 region_rec_diffs(1,118)        -0.57358378     -3     3    1.0018627e-07
223 region_rec_diffs(1,119)        0.47318562     -3     3    7.1560339e-07
224 region_rec_diffs(1,120)        -1.3273263     -3     3    3.2473418e-07
225 region_rec_diffs(1,121)        0.45368615     -3     3    -4.8098852e-07
226 region_rec_diffs(1,122)        0.37278913     -3     3    1.5097457e-06
227 region_rec_diffs(1,123)        -1.0773168     -3     3    5.0727008e-07
228 region_rec_diffs(1,124)        -0.52392056     -3     3    7.8013473e-07
229 region_rec_diffs(1,125)        -1.0119003     -3     3    -1.564114e-06
230 region_rec_diffs(1,126)        -2.5084822     -3     3    1.2961612e-06
231 region_rec_diffs(1,127)        -1.2309034     -3     3    -2.1044732e-06
232 region_rec_diffs(1,128)        -0.74076263     -3     3    -1.1392422e-07
233 region_rec_diffs(1,129)        0.7471613     -3     3    1.1286302e-08
234 region_rec_diffs(1,130)        -1.7407287     -3     3    2.8261874e-07
235 region_rec_diffs(1,131)        -1.4118152     -3     3    -6.4361366e-07
236 region_rec_diffs(1,132)        -1.415384     -3     3    -1.2049786e-07
237 region_rec_diffs(1,133)        0.73032029     -3     3    -7.6032909e-07
238 region_rec_diffs(1,134)        -0.26175086     -3     3    -6.472138e-07
239 region_rec_diffs(1,135)        -0.31170502     -3     3    -1.635995e-06
240 region_rec_diffs(1,136)        0.42750247     -3     3    -9.0541986e-07
241 region_rec_diffs(1,137)        -1.1489342     -3     3    -2.1382857e-06
242 region_rec_diffs(1,138)        -1.3636937     -3     3    -4.8545426e-07
243 region_rec_diffs(1,139)        -0.80266846     -3     3    9.8659459e-07
244 region_rec_diffs(1,140)        -1.5096446     -3     3    1.1863521e-07
245 region_rec_diffs(1,141)        0.7714008     -3     3    2.4233766e-07
246 region_rec_diffs(1,142)        -0.28608968     -3     3    4.190303e-07
247 region_rec_diffs(1,143)        -1.5081322     -3     3    7.568993e-07
248 region_rec_diffs(1,144)        -0.87978233     -3     3    -1.5056703e-06
249 region_rec_diffs(1,145)        0.42132525     -3     3    9.6046366e-07
250 region_rec_diffs(1,146)        -1.3273792     -3     3    -2.1381651e-06
251 region_rec_diffs(1,147)        -1.7890533     -3     3    -2.1907761e-06
252 region_rec_diffs(1,148)        0.30026107     -3     3    -1.7797405e-06
253 region_rec_diffs(1,149)        0.72422178     -3     3    -8.5225728e-07
254 region_rec_diffs(1,150)        0.5053145     -3     3    -5.4374768e-07
255 region_rec_diffs(1,151)        -1.0170913     -3     3    4.5752307e-06
256 region_rec_diffs(1,152)        -0.037994352     -3     3    -1.6964361e-07
257 region_rec_diffs(1,153)        0.17039007     -3     3    -1.374696e-06
258 region_rec_diffs(1,154)        -1.4350291     -3     3    -3.957264e-07
259 region_rec_diffs(1,155)        -1.6764607     -3     3    -9.857878e-07
260 region_rec_diffs(1,156)        0.28703986     -3     3    -8.8483907e-07
261 region_rec_diffs(1,157)        -1.1863596     -3     3    -8.6925079e-07
262 region_rec_diffs(1,158)        -1.5642947     -3     3    3.5847205e-07
263 region_rec_diffs(1,159)        -2.5222647     -3     3    -9.9932121e-08
264 region_rec_diffs(1,160)        -1.0155237     -3     3    1.2660676e-07
265 region_rec_diffs(1,161)        0.40259728     -3     3    7.9734332e-07
266 region_rec_diffs(1,162)        -0.099964203     -3     3    -5.7408572e-07
267 region_rec_diffs(1,163)        -2.1860914     -3     3    -1.5229293e-07
268 region_rec_diffs(1,164)        0.77197743     -3     3    9.1690053e-07
269 region_rec_diffs(1,165)        -1.4097229     -3     3    -4.2282652e-07
270 region_rec_diffs(1,166)        -0.99882841     -3     3    3.028945e-07
271 region_rec_diffs(1,167)        -2.983774     -3     3    -4.678779e-06
272 region_rec_diffs(1,168)        -0.34275804     -3     3    -2.4148064e-06
273 region_rec_diffs(1,169)        -0.69125305     -3     3    3.0176106e-07
274 region_rec_diffs(1,170)        -1.774492     -3     3    8.15558e-07
275 region_rec_diffs(1,171)        -1.9541697     -3     3    4.5596416e-07
276 region_rec_diffs(1,172)        0.31821751     -3     3    -1.2364835e-07
277 region_rec_diffs(1,173)        -0.63836723     -3     3    2.1093642e-07
278 region_rec_diffs(1,174)        0.38221868     -3     3    3.7260559e-07
279 region_rec_diffs(1,175)        -1.9577123     -3     3    -1.6093933e-06
280 region_rec_diffs(1,176)        -1.3720414     -3     3    -5.4603253e-07
281 region_rec_diffs(1,177)        -2.4445272     -3     3    -5.212076e-07
282 region_rec_diffs(1,178)        0.28517381     -3     3    -3.8218002e-07
283 region_rec_diffs(1,179)        -2.486131     -3     3    1.2757332e-06
284 region_rec_diffs(1,180)        0.20542403     -3     3    -2.6340978e-07
285 region_rec_diffs(1,181)        -0.13766619     -3     3    -1.5994704e-08
286 region_rec_diffs(1,182)        -1.8943465     -3     3    1.1164575e-06
287 region_rec_diffs(1,183)        -2.5809412     -3     3    4.1815472e-07
288 region_rec_diffs(1,184)        -1.8371939     -3     3    2.5572106e-06
289 region_rec_diffs(1,185)        -0.25477088     -3     3    1.1303861e-06
290 region_rec_diffs(1,186)        0.054767945     -3     3    -5.4113837e-07
291 region_rec_diffs(1,187)        -2.0565393     -3     3    -8.3256563e-09
292 region_rec_diffs(1,188)        0.047756482     -3     3    -2.3284307e-08
293 region_rec_diffs(1,189)        0.64800792     -3     3    -3.240717e-07
294 region_rec_diffs(1,190)        -1.5182174     -3     3    -2.6000533e-06
295 region_rec_diffs(1,191)        -2.8193038     -3     3    6.6140644e-07
296 region_rec_diffs(1,192)        -0.43345484     -3     3    5.3261221e-07
297 region_rec_diffs(1,193)        0.087298347     -3     3    -1.1804303e-06
298 region_rec_diffs(1,194)        -1.0737539     -3     3    -1.7498524e-06
299 region_rec_diffs(1,195)        -2.0548058     -3     3    2.7044272e-07
300 region_rec_diffs(1,196)        -0.25178926     -3     3    3.8247311e-06
301 region_rec_diffs(1,197)        -0.28864596     -3     3    8.6453699e-07
302 region_rec_diffs(1,198)        -2.3065704     -3     3    5.449977e-07
303 region_rec_diffs(1,199)        -2.7119368     -3     3    1.1305793e-06
304 region_rec_diffs(1,200)        -2.3145294     -3     3    -3.0624658e-07
305 region_rec_diffs(1,201)        0.63781267     -3     3    2.1507039e-07
306 region_rec_diffs(1,202)        -0.61737974     -3     3    6.4086162e-08
307 region_rec_diffs(1,203)        0.28130156     -3     3    -1.2678782e-06
308 region_rec_diffs(1,204)        -1.2235894     -3     3    2.1526646e-06
309 region_rec_diffs(1,205)        -1.688354     -3     3    8.704558e-07
310 region_rec_diffs(1,206)        -2.1444097     -3     3    -3.8364988e-07
311 region_rec_diffs(1,207)        -1.2693126     -3     3    -1.9420408e-06
312 region_rec_diffs(1,208)        -2.1155132     -3     3    5.1410804e-07
313 region_rec_diffs(1,209)        0.14513417     -3     3    -1.4640103e-06
314 region_rec_diffs(1,210)        0.54819466     -3     3    2.6126337e-08
315 region_rec_diffs(1,211)        0.27067892     -3     3    9.4925512e-07
316 region_rec_diffs(1,212)        -2.4998078     -3     3    -7.4590805e-07
317 region_rec_diffs(1,213)        -1.9050516     -3     3    -5.9659493e-09
318 region_rec_diffs(1,214)        -2.3935131     -3     3    4.7518271e-07
319 region_rec_diffs(1,215)        -2.0864549     -3     3    -3.1488608e-07
320 region_rec_diffs(1,216)        -1.8688775     -3     3    -6.2441015e-07
321 region_rec_diffs(1,217)        0.62269065     -3     3    8.9325167e-08
322 region_rec_diffs(1,218)        -2.3028783     -3     3    4.2080956e-09
323 region_rec_diffs(1,219)        -1.7087376     -3     3    7.4907546e-07
324 region_rec_diffs(1,220)        -0.052164368     -3     3    -1.5678519e-06
325 region_rec_diffs(1,221)        0.36447754     -3     3    3.5267895e-07
326 region_rec_diffs(1,222)        -1.7327737     -3     3    6.1848098e-08
327 region_rec_diffs(1,223)        -0.44182616     -3     3    4.3965508e-07
328 region_rec_diffs(1,224)        0.43205436     -3     3    -1.1868594e-07
329 region_rec_diffs(1,225)        -1.0778229     -3     3    2.3288055e-08
330 region_rec_diffs(1,226)        -2.4441941     -3     3    4.1814047e-07
331 region_rec_diffs(1,227)        -2.3115532     -3     3    -8.5747835e-07
332 region_rec_diffs(1,228)        -1.5287426     -3     3    -6.9644381e-07
333 region_rec_diffs(1,229)        0.38307877     -3     3    -1.2618369e-06
334 region_rec_diffs(1,230)        -1.1788063     -3     3    1.9450531e-06
335 region_rec_diffs(1,231)        0.051718491     -3     3    -1.6059629e-06
336 region_rec_diffs(1,232)        0.50270146     -3     3    3.7921081e-07
337 region_rec_diffs(1,233)        -0.051458     -3     3    1.5518414e-06
338 region_rec_diffs(1,234)        -2.72836     -3     3    -4.2629932e-07
339 region_rec_diffs(1,235)        -2.3041084     -3     3    -1.2374515e-06
340 region_rec_diffs(1,236)        -0.47823357     -3     3    2.2803341e-06
341 region_rec_diffs(1,237)        0.54069751     -3     3    -7.7900734e-07
342 region_rec_diffs(1,238)        -1.69286     -3     3    1.7450907e-06
343 region_rec_diffs(1,239)        -2.5034982     -3     3    2.6692252e-07
344 region_rec_diffs(1,240)        -0.84457856     -3     3    2.5355598e-07
345 region_rec_diffs(1,241)        0.22706308     -3     3    1.3654782e-08
346 region_rec_diffs(1,242)        -0.22519211     -3     3    -2.1273997e-06
347 region_rec_diffs(1,243)        -0.17115363     -3     3    -3.0763072e-06
348 region_rec_diffs(1,244)        0.16670175     -3     3    2.3942355e-06
349 region_rec_diffs(1,245)        -0.27323627     -3     3    2.6286487e-06
350 region_rec_diffs(1,246)        -2.1342147     -3     3    2.9876026e-07
351 region_rec_diffs(1,247)        -2.0289055     -3     3    8.9779654e-07
352 region_rec_diffs(1,248)        0.32191415     -3     3    -1.2854875e-09
353 region_rec_diffs(1,249)        -1.8622953     -3     3    1.0064966e-06
354 region_rec_diffs(1,250)        -2.6682735     -3     3    4.2119469e-08
355 region_rec_diffs(1,251)        -2.4953973     -3     3    3.6425486e-07
356 region_rec_diffs(1,252)        -0.66593776     -3     3    -3.0131583e-06
357 region_rec_diffs(1,253)        -0.20885559     -3     3    -1.6520902e-06
358 region_rec_diffs(1,254)        -2.2991973     -3     3    -8.63304e-07
359 region_rec_diffs(1,255)        -2.3436753     -3     3    -1.2640478e-07
360 region_rec_diffs(1,256)        0.18091779     -3     3    1.1450554e-07
361 region_rec_diffs(1,257)        -0.0080283547     -3     3    4.1731777e-07
362 region_rec_diffs(1,258)        -1.9372597     -3     3    -1.7078296e-07
363 region_rec_diffs(1,259)        -0.52348982     -3     3    3.8147382e-07
364 region_rec_diffs(1,260)        0.36683347     -3     3    1.1336405e-07
365 region_rec_diffs(1,261)        0.72256005     -3     3    -5.6792909e-07
366 region_rec_diffs(1,262)        -1.9748033     -3     3    -7.4642835e-08
367 region_rec_diffs(1,263)        -0.67083518     -3     3    -2.3443156e-06
368 region_rec_diffs(1,264)        -1.3198793     -3     3    1.1008992e-06
369 region_rec_diffs(1,265)        -0.84286137     -3     3    -7.74396e-07
370 region_rec_diffs(1,266)        -1.7634335     -3     3    -3.5060893e-07
371 region_rec_diffs(1,267)        -1.5446026     -3     3    -9.2884831e-07
372 region_rec_diffs(1,268)        0.33703737     -3     3    -9.3995986e-07
373 region_rec_diffs(1,269)        -0.42782923     -3     3    -4.2818479e-08
374 region_rec_diffs(1,270)        -1.1962137     -3     3    -8.079106e-07
375 region_rec_diffs(1,271)        -1.2013551     -3     3    1.191021e-06
376 region_rec_diffs(1,272)        -0.60534356     -3     3    2.1718006e-06
377 region_rec_diffs(1,273)        0.0061433236     -3     3    -3.991755e-08
378 region_rec_diffs(1,274)        -1.7261666     -3     3    2.2049254e-07
379 region_rec_diffs(1,275)        0.14651562     -3     3    -8.1136175e-07
380 region_rec_diffs(1,276)        -0.32542862     -3     3    6.0636376e-07
381 region_rec_diffs(1,277)        -0.84406962     -3     3    3.7875016e-07
382 region_rec_diffs(1,278)        -0.71174376     -3     3    8.3873509e-07
383 region_rec_diffs(1,279)        -0.3314092     -3     3    2.0413793e-06
384 region_rec_diffs(2,1)        -2.4793003e-08     -3     3    -5.9098283e-08
385 region_rec_diffs(2,2)        1.6494435     -3     3    -1.0973132e-06
386 region_rec_diffs(2,3)        1.7286108     -3     3    7.2626103e-07
387 region_rec_diffs(2,4)        1.6524146     -3     3    -8.9760377e-07
388 region_rec_diffs(2,5)        1.5926718     -3     3    -1.0950504e-06
389 region_rec_diffs(2,6)        0.054346438     -3     3    -7.4654601e-08
390 region_rec_diffs(2,7)        0.044146321     -3     3    -9.7401665e-07
391 region_rec_diffs(2,8)        2.1108004     -3     3    -1.8557045e-06
392 region_rec_diffs(2,9)        0.11054158     -3     3    -4.0482631e-08
393 region_rec_diffs(2,10)        0.103809     -3     3    2.5227553e-07
394 region_rec_diffs(2,11)        0.064019642     -3     3    1.958283e-07
395 region_rec_diffs(2,12)        1.7385618     -3     3    -6.1931152e-07
396 region_rec_diffs(2,13)        -0.072204594     -3     3    4.1683372e-07
397 region_rec_diffs(2,14)        -1.3277654     -3     3    -7.4687779e-07
398 region_rec_diffs(2,15)        -0.09969485     -3     3    -4.6347615e-07
399 region_rec_diffs(2,16)        -0.09777269     -3     3    2.9328771e-07
400 region_rec_diffs(2,17)        -0.043230981     -3     3    2.835288e-07
401 region_rec_diffs(2,18)        -0.30631601     -3     3    1.4450584e-06
402 region_rec_diffs(2,19)        0.063071921     -3     3    5.1007199e-07
403 region_rec_diffs(2,20)        0.17677737     -3     3    -7.6856933e-07
404 region_rec_diffs(2,21)        1.4871013     -3     3    4.4753064e-07
405 region_rec_diffs(2,22)        1.5216585     -3     3    3.348685e-06
406 region_rec_diffs(2,23)        0.077201712     -3     3    6.9474935e-08
407 region_rec_diffs(2,24)        1.7855283     -3     3    -5.7163641e-07
408 region_rec_diffs(2,25)        0.15906868     -3     3    2.2744917e-07
409 region_rec_diffs(2,26)        2.0697536     -3     3    2.3247141e-07
410 region_rec_diffs(2,27)        0.068438376     -3     3    1.8558336e-08
411 region_rec_diffs(2,28)        1.0187463     -3     3    -6.6367057e-07
412 region_rec_diffs(2,29)        -0.55928724     -3     3    -9.0815912e-07
413 region_rec_diffs(2,30)        -0.17175405     -3     3    4.3629635e-07
414 region_rec_diffs(2,31)        -0.019755201     -3     3    7.6791668e-08
415 region_rec_diffs(2,32)        0.033994946     -3     3    -1.9343667e-07
416 region_rec_diffs(2,33)        -0.032392014     -3     3    -2.596438e-07
417 region_rec_diffs(2,34)        1.455663     -3     3    -4.7349473e-08
418 region_rec_diffs(2,35)        0.058142524     -3     3    -3.5504449e-09
419 region_rec_diffs(2,36)        2.0448805     -3     3    -1.6714215e-07
420 region_rec_diffs(2,37)        -0.83015707     -3     3    3.3781995e-08
421 region_rec_diffs(2,38)        -0.43575554     -3     3    4.4042673e-07
422 region_rec_diffs(2,39)        -0.023118971     -3     3    8.2280555e-08
423 region_rec_diffs(2,40)        0.035647317     -3     3    1.6240203e-08
424 region_rec_diffs(2,41)        1.5571713     -3     3    -1.9306617e-06
425 region_rec_diffs(2,42)        0.58099974     -3     3    -1.1387076e-06
426 region_rec_diffs(2,43)        0.056983836     -3     3    1.2685526e-07
427 region_rec_diffs(2,44)        0.20966412     -3     3    6.0605359e-07
428 region_rec_diffs(2,45)        1.757401     -3     3    -1.1019945e-06
429 region_rec_diffs(2,46)        0.007090886     -3     3    6.2846972e-08
430 region_rec_diffs(2,47)        0.027659715     -3     3    -1.8050414e-07
431 region_rec_diffs(2,48)        0.046060977     -3     3    1.6489728e-07
432 region_rec_diffs(2,49)        1.1539727     -3     3    -3.1795644e-06
433 region_rec_diffs(2,50)        0.058495264     -3     3    1.3634295e-07
434 region_rec_diffs(2,51)        -0.21980044     -3     3    3.2974069e-07
435 region_rec_diffs(2,52)        -0.46620437     -3     3    6.3843081e-07
436 region_rec_diffs(2,53)        1.3995366     -3     3    2.8166963e-06
437 region_rec_diffs(2,54)        0.0078570323     -3     3    1.0428683e-07
438 region_rec_diffs(2,55)        0.011128499     -3     3    -1.8003389e-07
439 region_rec_diffs(2,56)        0.0071349628     -3     3    -3.8738393e-07
440 region_rec_diffs(2,57)        1.5984471     -3     3    -1.7863781e-06
441 region_rec_diffs(2,58)        1.2529382     -3     3    -3.1138585e-06
442 region_rec_diffs(2,59)        0.058759476     -3     3    -5.0676343e-07
443 region_rec_diffs(2,60)        0.9286702     -3     3    -2.6040449e-06
444 region_rec_diffs(2,61)        0.87350286     -3     3    -2.5069588e-06
445 region_rec_diffs(2,62)        0.10206118     -3     3    4.0232796e-07
446 region_rec_diffs(2,63)        -0.083293411     -3     3    -1.8332692e-07
447 region_rec_diffs(2,64)        0.018453827     -3     3    1.1094149e-08
448 region_rec_diffs(2,65)        1.8724494     -3     3    1.0248541e-06
449 region_rec_diffs(2,66)        0.089413735     -3     3    -1.6705922e-08
450 region_rec_diffs(2,67)        -0.018722911     -3     3    1.2454251e-07
451 region_rec_diffs(2,68)        -0.15495305     -3     3    -9.2368481e-07
452 region_rec_diffs(2,69)        1.3448679     -3     3    4.284315e-08
453 region_rec_diffs(2,70)        1.2436948     -3     3    1.5219108e-07
454 region_rec_diffs(2,71)        0.10876978     -3     3    -3.6965281e-07
455 region_rec_diffs(2,72)        -0.329423     -3     3    -3.9138134e-07
456 region_rec_diffs(2,73)        -1.5692495     -3     3    5.7696249e-08
457 region_rec_diffs(2,74)        -1.1733384     -3     3    9.3475517e-07
458 region_rec_diffs(2,75)        -0.041214513     -3     3    1.3533577e-07
459 region_rec_diffs(2,76)        -0.17265475     -3     3    -2.890591e-07
460 region_rec_diffs(2,77)        1.4076681     -3     3    -1.036251e-06
461 region_rec_diffs(2,78)        0.50876653     -3     3    -1.4659888e-06
462 region_rec_diffs(2,79)        0.089933886     -3     3    -3.4644733e-08
463 region_rec_diffs(2,80)        1.1762667     -3     3    -6.8038611e-07
464 region_rec_diffs(2,81)        -0.77318491     -3     3    -1.8233115e-07
465 region_rec_diffs(2,82)        -0.80503172     -3     3    -9.0243111e-08
466 region_rec_diffs(2,83)        -0.56356206     -3     3    4.3600246e-07
467 region_rec_diffs(2,84)        0.87899858     -3     3    2.5795124e-06
468 region_rec_diffs(2,85)        0.1784082     -3     3    7.5137713e-07
469 region_rec_diffs(2,86)        0.033099089     -3     3    -6.6293818e-09
470 region_rec_diffs(2,87)        -0.030917767     -3     3    -6.896259e-07
471 region_rec_diffs(2,88)        0.17724626     -3     3    -1.3394728e-06
472 region_rec_diffs(2,89)        -0.5057233     -3     3    -3.4886121e-07
473 region_rec_diffs(2,90)        0.037946392     -3     3    -3.6466956e-08
474 region_rec_diffs(2,91)        -0.061981957     -3     3    -3.1935716e-09
475 region_rec_diffs(2,92)        1.2705933     -3     3    -4.3519678e-07
476 region_rec_diffs(2,93)        2.0110451     -3     3    -1.3591192e-06
477 region_rec_diffs(2,94)        0.62948431     -3     3    7.0844037e-07
478 region_rec_diffs(2,95)        -0.3473372     -3     3    -2.7854872e-07
479 region_rec_diffs(2,96)        -0.017597562     -3     3    -6.5651226e-08
480 region_rec_diffs(2,97)        -0.51959854     -3     3    -1.3436961e-07
481 region_rec_diffs(2,98)        -0.046914395     -3     3    1.9653711e-07
482 region_rec_diffs(2,99)        0.15782597     -3     3    -2.6881933e-07
483 region_rec_diffs(2,100)        1.3485272     -3     3    1.2840224e-06
484 region_rec_diffs(2,101)        -0.099822012     -3     3    -2.6620238e-07
485 region_rec_diffs(2,102)        0.042842348     -3     3    -1.122961e-07
486 region_rec_diffs(2,103)        0.00066591412     -3     3    2.2145021e-07
487 region_rec_diffs(2,104)        0.63541902     -3     3    -8.8142848e-07
488 region_rec_diffs(2,105)        -0.11930575     -3     3    -3.0763243e-07
489 region_rec_diffs(2,106)        -0.028836576     -3     3    -4.0045697e-08
490 region_rec_diffs(2,107)        -0.069615321     -3     3    -1.3072828e-07
491 region_rec_diffs(2,108)        -0.044372933     -3     3    2.2090959e-07
492 region_rec_diffs(2,109)        0.69567524     -3     3    -4.2666111e-07
493 region_rec_diffs(2,110)        0.013946979     -3     3    1.39326e-08
494 region_rec_diffs(2,111)        0.00017327678     -3     3    2.726023e-07
495 region_rec_diffs(2,112)        -0.22146157     -3     3    3.0836311e-07
496 region_rec_diffs(2,113)        1.3526476     -3     3    -4.119631e-07
497 region_rec_diffs(2,114)        -0.062919272     -3     3    -1.078435e-07
498 region_rec_diffs(2,115)        0.083145345     -3     3    -1.421632e-07
499 region_rec_diffs(2,116)        0.54696015     -3     3    -5.7650472e-07
500 region_rec_diffs(2,117)        1.0981736     -3     3    -1.0108443e-06
501 region_rec_diffs(2,118)        0.16720684     -3     3    -3.7642342e-08
502 region_rec_diffs(2,119)        0.14121172     -3     3    -1.0927867e-06
503 region_rec_diffs(2,120)        0.74785269     -3     3    -1.4261194e-06
504 region_rec_diffs(2,121)        0.38751903     -3     3    -8.8305013e-07
505 region_rec_diffs(2,122)        0.082888198     -3     3    -7.5728993e-07
506 region_rec_diffs(2,123)        -0.058331551     -3     3    -2.7474606e-07
507 region_rec_diffs(2,124)        -0.32772539     -3     3    -4.3578804e-07
508 region_rec_diffs(2,125)        1.4214948     -3     3    -1.8882333e-06
509 region_rec_diffs(2,126)        1.5597616     -3     3    1.9025758e-07
510 region_rec_diffs(2,127)        -0.044858997     -3     3    -8.1575345e-07
511 region_rec_diffs(2,128)        1.0046802     -3     3    2.137285e-06
512 region_rec_diffs(2,129)        -0.27951363     -3     3    3.9132805e-07
513 region_rec_diffs(2,130)        -0.49425445     -3     3    -3.935571e-07
514 region_rec_diffs(2,131)        -0.19929216     -3     3    -3.5240437e-07
515 region_rec_diffs(2,132)        1.0492113     -3     3    2.124879e-06
516 region_rec_diffs(2,133)        -0.88669429     -3     3    -5.1991076e-07
517 region_rec_diffs(2,134)        -0.435804     -3     3    -3.8203483e-07
518 region_rec_diffs(2,135)        -0.43803637     -3     3    -5.2074219e-07
519 region_rec_diffs(2,136)        1.1976863     -3     3    4.2847343e-07
520 region_rec_diffs(2,137)        -0.14212942     -3     3    2.6176806e-07
521 region_rec_diffs(2,138)        -0.64843299     -3     3    -6.9802033e-07
522 region_rec_diffs(2,139)        -0.27139182     -3     3    -3.9537613e-07
523 region_rec_diffs(2,140)        -0.9701249     -3     3    6.1787436e-07
524 region_rec_diffs(2,141)        0.88717116     -3     3    3.4074632e-07
525 region_rec_diffs(2,142)        0.2830447     -3     3    -8.6318193e-08
526 region_rec_diffs(2,143)        -0.02707416     -3     3    3.2384669e-07
527 region_rec_diffs(2,144)        0.98367566     -3     3    1.8561872e-06
528 region_rec_diffs(2,145)        -0.80054598     -3     3    1.0775114e-06
529 region_rec_diffs(2,146)        -0.58576843     -3     3    -3.7519212e-07
530 region_rec_diffs(2,147)        -0.73167389     -3     3    -7.4303444e-07
531 region_rec_diffs(2,148)        -1.0029733     -3     3    7.2449344e-07
532 region_rec_diffs(2,149)        -0.4290235     -3     3    7.9181344e-08
533 region_rec_diffs(2,150)        -0.54420493     -3     3    -5.3049124e-07
534 region_rec_diffs(2,151)        -1.2042571     -3     3    9.4401064e-07
535 region_rec_diffs(2,152)        -0.36895989     -3     3    -7.2342947e-08
536 region_rec_diffs(2,153)        1.2896179     -3     3    2.803942e-06
537 region_rec_diffs(2,154)        -0.83244128     -3     3    -1.3030802e-07
538 region_rec_diffs(2,155)        -1.0165251     -3     3    1.5738385e-07
539 region_rec_diffs(2,156)        0.09166958     -3     3    -2.4914407e-06
540 region_rec_diffs(2,157)        1.5117581     -3     3    3.4868649e-07
541 region_rec_diffs(2,158)        -0.72342678     -3     3    2.8540018e-08
542 region_rec_diffs(2,159)        -1.1022741     -3     3    1.4970984e-07
543 region_rec_diffs(2,160)        -1.5725121     -3     3    1.2582291e-06
544 region_rec_diffs(2,161)        -1.1910063     -3     3    2.3317337e-07
545 region_rec_diffs(2,162)        -0.54010963     -3     3    -1.3262903e-07
546 region_rec_diffs(2,163)        -1.4811211     -3     3    3.183078e-07
547 region_rec_diffs(2,164)        0.66599001     -3     3    -1.0046564e-06
548 region_rec_diffs(2,165)        -0.63241964     -3     3    2.4338487e-07
549 region_rec_diffs(2,166)        -1.1506563     -3     3    -2.632151e-09
550 region_rec_diffs(2,167)        -1.9103828     -3     3    6.5094518e-07
551 region_rec_diffs(2,168)        -1.154052     -3     3    -4.8224356e-07
552 region_rec_diffs(2,169)        1.0362026     -3     3    -1.6264267e-07
553 region_rec_diffs(2,170)        -0.8480073     -3     3    2.9644134e-07
554 region_rec_diffs(2,171)        -1.5363686     -3     3    -2.7724135e-07
555 region_rec_diffs(2,172)        0.59841765     -3     3    9.8880917e-07
556 region_rec_diffs(2,173)        1.0291005     -3     3    6.0296703e-07
557 region_rec_diffs(2,174)        -0.85872412     -3     3    7.0887433e-08
558 region_rec_diffs(2,175)        -1.4243611     -3     3    4.0185823e-07
559 region_rec_diffs(2,176)        -1.9241688     -3     3    -1.767123e-07
560 region_rec_diffs(2,177)        0.9722919     -3     3    1.5793652e-06
561 region_rec_diffs(2,178)        -0.014934364     -3     3    5.7140333e-07
562 region_rec_diffs(2,179)        -1.2038746     -3     3    -6.2253438e-07
563 region_rec_diffs(2,180)        -1.0090285     -3     3    5.2112181e-07
564 region_rec_diffs(2,181)        1.3322836     -3     3    -6.5681964e-08
565 region_rec_diffs(2,182)        -1.2619313     -3     3    2.2812812e-07
566 region_rec_diffs(2,183)        -1.8070691     -3     3    -4.583068e-07
567 region_rec_diffs(2,184)        -1.5439147     -3     3    -2.7747479e-07
568 region_rec_diffs(2,185)        -0.34764846     -3     3    -7.018036e-07
569 region_rec_diffs(2,186)        -1.2295715     -3     3    -2.9242072e-07
570 region_rec_diffs(2,187)        -1.4522016     -3     3    -7.387776e-07
571 region_rec_diffs(2,188)        0.50500291     -3     3    1.3459838e-06
572 region_rec_diffs(2,189)        0.67791354     -3     3    9.0598267e-07
573 region_rec_diffs(2,190)        -0.99218249     -3     3    6.256122e-08
574 region_rec_diffs(2,191)        -1.3932441     -3     3    5.8965925e-07
575 region_rec_diffs(2,192)        -0.41786609     -3     3    1.3087523e-06
576 region_rec_diffs(2,193)        1.6930825     -3     3    1.5439086e-07
577 region_rec_diffs(2,194)        -1.297156     -3     3    -7.2155298e-07
578 region_rec_diffs(2,195)        -1.3890673     -3     3    -4.1919461e-07
579 region_rec_diffs(2,196)        1.0418062     -3     3    -3.4264632e-06
580 region_rec_diffs(2,197)        -0.057920005     -3     3    1.4218795e-07
581 region_rec_diffs(2,198)        -1.538876     -3     3    -2.7917473e-07
582 region_rec_diffs(2,199)        -1.9039576     -3     3    -2.6476919e-07
583 region_rec_diffs(2,200)        -1.6553641     -3     3    -8.6485127e-09
584 region_rec_diffs(2,201)        0.44579174     -3     3    -6.0391752e-07
585 region_rec_diffs(2,202)        1.356118     -3     3    1.2203097e-06
586 region_rec_diffs(2,203)        0.49891605     -3     3    2.7309731e-06
587 region_rec_diffs(2,204)        0.085687458     -3     3    -8.3976814e-08
588 region_rec_diffs(2,205)        -1.0638234     -3     3    -1.1599732e-07
589 region_rec_diffs(2,206)        -1.7157712     -3     3    -5.6017179e-07
590 region_rec_diffs(2,207)        -1.2350722     -3     3    -3.029313e-07
591 region_rec_diffs(2,208)        -1.4484383     -3     3    4.0961034e-07
592 region_rec_diffs(2,209)        0.035258842     -3     3    3.2581187e-08
593 region_rec_diffs(2,210)        -1.3664163     -3     3    -1.0981847e-06
594 region_rec_diffs(2,211)        -1.9014699     -3     3    -1.0572968e-06
595 region_rec_diffs(2,212)        -2.0356947     -3     3    5.6088762e-07
596 region_rec_diffs(2,213)        -1.1870503     -3     3    -1.2542322e-07
597 region_rec_diffs(2,214)        -0.91149624     -3     3    5.313422e-08
598 region_rec_diffs(2,215)        -0.65939232     -3     3    5.7920937e-07
599 region_rec_diffs(2,216)        1.0185588     -3     3    -8.955883e-07
600 region_rec_diffs(2,217)        -1.4101951     -3     3    -7.4879575e-08
601 region_rec_diffs(2,218)        -2.2882178     -3     3    2.2896358e-07
602 region_rec_diffs(2,219)        -1.8044671     -3     3    -7.0209278e-07
603 region_rec_diffs(2,220)        -0.82712126     -3     3    6.8925255e-07
604 region_rec_diffs(2,221)        0.44976587     -3     3    2.1315479e-06
605 region_rec_diffs(2,222)        -0.91951975     -3     3    1.0833516e-07
606 region_rec_diffs(2,223)        -0.63041024     -3     3    7.2444739e-07
607 region_rec_diffs(2,224)        -1.5737004     -3     3    3.5616342e-07
608 region_rec_diffs(2,225)        -1.3154763     -3     3    9.849896e-08
609 region_rec_diffs(2,226)        -2.1397325     -3     3    1.4488325e-06
610 region_rec_diffs(2,227)        -1.8154155     -3     3    -9.3705622e-07
611 region_rec_diffs(2,228)        -1.1004339     -3     3    3.7466374e-07
612 region_rec_diffs(2,229)        0.79218628     -3     3    3.7211399e-06
613 region_rec_diffs(2,230)        -1.0252493     -3     3    -3.471236e-07
614 region_rec_diffs(2,231)        -0.859629     -3     3    -1.5808738e-07
615 region_rec_diffs(2,232)        -1.029544     -3     3    6.948837e-08
616 region_rec_diffs(2,233)        -1.3055311     -3     3    -9.8237602e-07
617 region_rec_diffs(2,234)        -1.4484013     -3     3    2.0102581e-06
618 region_rec_diffs(2,235)        0.080978731     -3     3    -4.3144991e-06
619 region_rec_diffs(2,236)        0.59870094     -3     3    -2.223849e-06
620 region_rec_diffs(2,237)        -1.074816     -3     3    8.4072763e-08
621 region_rec_diffs(2,238)        0.19582004     -3     3    5.1309844e-06
622 region_rec_diffs(2,239)        -1.8507892     -3     3    2.2796227e-07
623 region_rec_diffs(2,240)        -1.3754509     -3     3    3.1130425e-08
624 region_rec_diffs(2,241)        1.1144099     -3     3    -1.7107591e-07
625 region_rec_diffs(2,242)        -0.53299311     -3     3    -1.3657505e-06
626 region_rec_diffs(2,243)        -0.92589374     -3     3    -9.4904964e-07
627 region_rec_diffs(2,244)        0.43190876     -3     3    -4.4261386e-07
628 region_rec_diffs(2,245)        -0.93353939     -3     3    -1.0138739e-06
629 region_rec_diffs(2,246)        -0.93311318     -3     3    -8.3044323e-07
630 region_rec_diffs(2,247)        -0.87023487     -3     3    1.6237249e-06
631 region_rec_diffs(2,248)        0.063596412     -3     3    7.2775512e-07
632 region_rec_diffs(2,249)        -0.2768505     -3     3    8.6983367e-07
633 region_rec_diffs(2,250)        -2.0099368     -3     3    2.3156129e-07
634 region_rec_diffs(2,251)        -1.786734     -3     3    -3.3381828e-07
635 region_rec_diffs(2,252)        -0.081731382     -3     3    -1.6174131e-06
636 region_rec_diffs(2,253)        1.3073969     -3     3    1.8252145e-06
637 region_rec_diffs(2,254)        -1.9419636     -3     3    -2.3744234e-07
638 region_rec_diffs(2,255)        -2.1685297     -3     3    2.1806198e-06
639 region_rec_diffs(2,256)        -1.1778302     -3     3    8.4329041e-08
640 region_rec_diffs(2,257)        0.67634704     -3     3    6.4536606e-07
641 region_rec_diffs(2,258)        -1.433376     -3     3    -6.0793651e-07
642 region_rec_diffs(2,259)        -1.5706028     -3     3    -5.9167575e-08
643 region_rec_diffs(2,260)        0.58952756     -3     3    1.3398197e-06
644 region_rec_diffs(2,261)        -0.76709031     -3     3    7.9051399e-07
645 region_rec_diffs(2,262)        -1.5199236     -3     3    -2.1192537e-07
646 region_rec_diffs(2,263)        -1.4240208     -3     3    -1.1486981e-08
647 region_rec_diffs(2,264)        0.47135423     -3     3    8.0974415e-07
648 region_rec_diffs(2,265)        1.4753889     -3     3    -7.494645e-07
649 region_rec_diffs(2,266)        -1.4273907     -3     3    1.0990233e-07
650 region_rec_diffs(2,267)        -1.7118178     -3     3    -4.0696447e-07
651 region_rec_diffs(2,268)        -1.3395823     -3     3    -4.7509872e-07
652 region_rec_diffs(2,269)        0.98494989     -3     3    -5.2797247e-06
653 region_rec_diffs(2,270)        -1.140813     -3     3    -6.3600837e-07
654 region_rec_diffs(2,271)        -1.4500809     -3     3    -2.0712648e-07
655 region_rec_diffs(2,272)        -0.030244185     -3     3    1.2351017e-06
656 region_rec_diffs(2,273)        0.049352871     -3     3    -1.7023215e-07
657 region_rec_diffs(2,274)        -1.3627876     -3     3    -3.1780797e-07
658 region_rec_diffs(2,275)        -0.31868304     -3     3    -2.8690013e-07
659 region_rec_diffs(2,276)        1.7379062     -3     3    2.6775027e-10
660 region_rec_diffs(2,277)        -0.03870085     -3     3    5.3507522e-07
661 region_rec_diffs(2,278)        -0.34187711     -3     3    -2.3331116e-07
662 region_rec_diffs(2,279)        -0.12124981     -3     3    6.974096e-07
663 region_rec_diffs(3,1)        -3.5042167e-08     -3     3    -7.9625594e-08
664 region_rec_diffs(3,2)        -1.3417725     -3     3    -1.3802574e-06
665 region_rec_diffs(3,3)        -1.3880549     -3     3    -1.3830214e-06
666 region_rec_diffs(3,4)        -1.5003993     -3     3    -6.0634814e-07
667 region_rec_diffs(3,5)        -1.5402502     -3     3    -9.836995e-07
668 region_rec_diffs(3,6)        -0.19514418     -3     3    7.1440742e-08
669 region_rec_diffs(3,7)        -0.2204394     -3     3    -5.3984491e-08
670 region_rec_diffs(3,8)        -1.8605076     -3     3    1.1911556e-06
671 region_rec_diffs(3,9)        -0.080348718     -3     3    -3.9164251e-07
672 region_rec_diffs(3,10)        0.066494322     -3     3    3.2683235e-07
673 region_rec_diffs(3,11)        0.019032304     -3     3    2.3354037e-07
674 region_rec_diffs(3,12)        -0.9142419     -3     3    3.4477126e-07
675 region_rec_diffs(3,13)        -0.044082211     -3     3    2.5139408e-07
676 region_rec_diffs(3,14)        -0.8341927     -3     3    -2.2566033e-07
677 region_rec_diffs(3,15)        -0.020219686     -3     3    6.7396723e-08
678 region_rec_diffs(3,16)        -0.036136695     -3     3    4.7274773e-08
679 region_rec_diffs(3,17)        -0.14665756     -3     3    -2.5225509e-07
680 region_rec_diffs(3,18)        -1.4936428     -3     3    -7.1461323e-07
681 region_rec_diffs(3,19)        -0.17899021     -3     3    -3.2528623e-07
682 region_rec_diffs(3,20)        -0.22970229     -3     3    7.7799768e-07
683 region_rec_diffs(3,21)        -0.78182926     -3     3    2.2551783e-07
684 region_rec_diffs(3,22)        -1.5306097     -3     3    -4.1685546e-07
685 region_rec_diffs(3,23)        -0.22413759     -3     3    1.6542339e-07
686 region_rec_diffs(3,24)        -1.0514823     -3     3    8.7068666e-07
687 region_rec_diffs(3,25)        -0.54198863     -3     3    3.3542348e-07
688 region_rec_diffs(3,26)        -2.0140201     -3     3    3.2039823e-07
689 region_rec_diffs(3,27)        -0.1686953     -3     3    4.6317945e-07
690 region_rec_diffs(3,28)        -1.809437     -3     3    4.2743632e-07
691 region_rec_diffs(3,29)        -1.222379     -3     3    -7.1807831e-07
692 region_rec_diffs(3,30)        -0.25040447     -3     3    4.5990998e-07
693 region_rec_diffs(3,31)        -0.037556766     -3     3    -1.311386e-07
694 region_rec_diffs(3,32)        -0.094891073     -3     3    3.188576e-07
695 region_rec_diffs(3,33)        -0.60624008     -3     3    4.4403342e-07
696 region_rec_diffs(3,34)        -1.3111454     -3     3    2.9878734e-07
697 region_rec_diffs(3,35)        -0.088801175     -3     3    -4.1465195e-08
698 region_rec_diffs(3,36)        -0.93568411     -3     3    2.1752094e-07
699 region_rec_diffs(3,37)        -0.9027185     -3     3    2.9529608e-06
700 region_rec_diffs(3,38)        0.10239953     -3     3    1.9579957e-07
701 region_rec_diffs(3,39)        0.0096960518     -3     3    -2.7261013e-08
702 region_rec_diffs(3,40)        0.006733546     -3     3    -2.4568567e-07
703 region_rec_diffs(3,41)        -1.0537856     -3     3    9.509372e-07
704 region_rec_diffs(3,42)        -0.97163224     -3     3    5.4071677e-07
705 region_rec_diffs(3,43)        -0.032014153     -3     3    -1.5563858e-07
706 region_rec_diffs(3,44)        -0.08252825     -3     3    -5.1040738e-07
707 region_rec_diffs(3,45)        -1.6409292     -3     3    8.3178686e-07
708 region_rec_diffs(3,46)        -0.11621519     -3     3    1.1530233e-07
709 region_rec_diffs(3,47)        -0.056275455     -3     3    5.7726376e-08
710 region_rec_diffs(3,48)        -0.45956108     -3     3    1.4378842e-06
711 region_rec_diffs(3,49)        -1.3786257     -3     3    -3.5036784e-07
712 region_rec_diffs(3,50)        -0.027162917     -3     3    1.6408536e-08
713 region_rec_diffs(3,51)        -0.62504088     -3     3    6.9878273e-08
714 region_rec_diffs(3,52)        -1.1592781     -3     3    6.7325494e-08
715 region_rec_diffs(3,53)        -1.5389135     -3     3    -5.8279421e-07
716 region_rec_diffs(3,54)        0.062762116     -3     3    1.0018702e-07
717 region_rec_diffs(3,55)        -0.017516381     -3     3    -2.1560365e-07
718 region_rec_diffs(3,56)        -0.28436895     -3     3    2.3062556e-07
719 region_rec_diffs(3,57)        -0.57782507     -3     3    -4.6971482e-07
720 region_rec_diffs(3,58)        -0.88584649     -3     3    8.8702654e-08
721 region_rec_diffs(3,59)        -0.043719983     -3     3    -7.4833239e-08
722 region_rec_diffs(3,60)        -1.0741217     -3     3    7.0286289e-07
723 region_rec_diffs(3,61)        -1.6929557     -3     3    -3.4199453e-07
724 region_rec_diffs(3,62)        -0.11761955     -3     3    3.016793e-07
725 region_rec_diffs(3,63)        -0.3323494     -3     3    -2.2033894e-08
726 region_rec_diffs(3,64)        -0.34108825     -3     3    -3.2713518e-07
727 region_rec_diffs(3,65)        -1.6153549     -3     3    2.5880081e-07
728 region_rec_diffs(3,66)        0.020755325     -3     3    -2.9843891e-07
729 region_rec_diffs(3,67)        -0.19937476     -3     3    1.4424334e-08
730 region_rec_diffs(3,68)        -0.51370358     -3     3    8.1134081e-07
731 region_rec_diffs(3,69)        -1.1300037     -3     3    1.8635984e-06
732 region_rec_diffs(3,70)        -0.46389785     -3     3    1.8587403e-07
733 region_rec_diffs(3,71)        -0.1746067     -3     3    -3.4697166e-07
734 region_rec_diffs(3,72)        -0.44641452     -3     3    -3.946909e-07
735 region_rec_diffs(3,73)        -0.81943373     -3     3    -2.9464148e-07
736 region_rec_diffs(3,74)        -1.1150995     -3     3    1.1861233e-06
737 region_rec_diffs(3,75)        -0.011757503     -3     3    1.7827279e-07
738 region_rec_diffs(3,76)        -0.14727914     -3     3    5.0293861e-07
739 region_rec_diffs(3,77)        -0.81940154     -3     3    8.7361561e-07
740 region_rec_diffs(3,78)        -0.5540038     -3     3    2.9191492e-07
741 region_rec_diffs(3,79)        -0.24249724     -3     3    -2.2200329e-07
742 region_rec_diffs(3,80)        -0.98045435     -3     3    -1.9730116e-07
743 region_rec_diffs(3,81)        -1.6124149     -3     3    6.6421655e-07
744 region_rec_diffs(3,82)        -0.68708106     -3     3    1.0843006e-07
745 region_rec_diffs(3,83)        -0.65162426     -3     3    -4.7055782e-07
746 region_rec_diffs(3,84)        -0.59736778     -3     3    -7.0225552e-07
747 region_rec_diffs(3,85)        -0.77836767     -3     3    -5.2754536e-07
748 region_rec_diffs(3,86)        0.030523031     -3     3    8.3637556e-08
749 region_rec_diffs(3,87)        -0.20635819     -3     3    -3.0996673e-07
750 region_rec_diffs(3,88)        -0.29131176     -3     3    1.2352607e-06
751 region_rec_diffs(3,89)        -0.7596168     -3     3    -3.5375087e-07
752 region_rec_diffs(3,90)        -0.15165466     -3     3    -2.4211646e-07
753 region_rec_diffs(3,91)        0.5109874     -3     3    1.3391408e-06
754 region_rec_diffs(3,92)        -0.66223157     -3     3    -8.5844312e-07
755 region_rec_diffs(3,93)        -1.4132472     -3     3    3.3295217e-07
756 region_rec_diffs(3,94)        -0.29094162     -3     3    -1.4552506e-06
757 region_rec_diffs(3,95)        -0.16266644     -3     3    -1.5174117e-07
758 region_rec_diffs(3,96)        0.18016762     -3     3    -3.0892557e-07
759 region_rec_diffs(3,97)        -0.39645946     -3     3    5.55167e-07
760 region_rec_diffs(3,98)        -0.94817647     -3     3    -1.5812362e-06
761 region_rec_diffs(3,99)        0.60196986     -3     3    2.8516354e-06
762 region_rec_diffs(3,100)        -1.4160037     -3     3    3.33571e-07
763 region_rec_diffs(3,101)        -0.043262928     -3     3    3.2704233e-07
764 region_rec_diffs(3,102)        -0.0010209324     -3     3    -2.6815072e-07
765 region_rec_diffs(3,103)        -0.21132467     -3     3    -9.0153508e-08
766 region_rec_diffs(3,104)        -0.26326312     -3     3    -3.4721683e-07
767 region_rec_diffs(3,105)        -0.21417787     -3     3    1.8473473e-08
768 region_rec_diffs(3,106)        -0.08789875     -3     3    9.374339e-08
769 region_rec_diffs(3,107)        -0.20838276     -3     3    1.9089924e-07
770 region_rec_diffs(3,108)        -0.78304687     -3     3    -3.5158444e-07
771 region_rec_diffs(3,109)        -0.72265112     -3     3    -1.1920728e-07
772 region_rec_diffs(3,110)        -0.041521255     -3     3    -1.7892502e-07
773 region_rec_diffs(3,111)        -0.054212536     -3     3    8.0892191e-08
774 region_rec_diffs(3,112)        -0.56620193     -3     3    1.2895399e-06
775 region_rec_diffs(3,113)        -0.71940482     -3     3    -3.7906974e-07
776 region_rec_diffs(3,114)        -0.22013582     -3     3    -2.2123897e-07
777 region_rec_diffs(3,115)        -0.08707425     -3     3    2.2499487e-07
778 region_rec_diffs(3,116)        -0.73536628     -3     3    5.8578692e-07
779 region_rec_diffs(3,117)        -1.022087     -3     3    6.0392933e-07
780 region_rec_diffs(3,118)        0.0037845788     -3     3    -1.1728448e-07
781 region_rec_diffs(3,119)        -0.46559157     -3     3    6.768532e-08
782 region_rec_diffs(3,120)        -0.86993004     -3     3    -4.9057391e-07
783 region_rec_diffs(3,121)        -0.8135796     -3     3    -1.2747136e-07
784 region_rec_diffs(3,122)        -0.89849627     -3     3    -9.1758356e-07
785 region_rec_diffs(3,123)        -0.1105038     -3     3    -9.3724175e-07
786 region_rec_diffs(3,124)        -0.054023099     -3     3    8.2916621e-07
787 region_rec_diffs(3,125)        -0.46106854     -3     3    -4.8011949e-08
788 region_rec_diffs(3,126)        -1.1463372     -3     3    -8.1615297e-09
789 region_rec_diffs(3,127)        -0.53403418     -3     3    -5.918219e-07
790 region_rec_diffs(3,128)        -1.0870426     -3     3    4.7353787e-07
791 region_rec_diffs(3,129)        -1.2216512     -3     3    -2.9911338e-07
792 region_rec_diffs(3,130)        -0.53851964     -3     3    4.1351772e-07
793 region_rec_diffs(3,131)        -0.14132047     -3     3    5.3014149e-07
794 region_rec_diffs(3,132)        0.47708503     -3     3    1.5196124e-06
795 region_rec_diffs(3,133)        -0.99598173     -3     3    1.4442243e-06
796 region_rec_diffs(3,134)        -0.4984501     -3     3    -2.6665133e-07
797 region_rec_diffs(3,135)        -0.32831796     -3     3    5.5651761e-07
798 region_rec_diffs(3,136)        -0.38122942     -3     3    2.3730917e-06
799 region_rec_diffs(3,137)        -0.25545103     -3     3    -3.7699648e-07
800 region_rec_diffs(3,138)        -0.58562484     -3     3    6.8049774e-07
801 region_rec_diffs(3,139)        -0.17770368     -3     3    -6.7497238e-08
802 region_rec_diffs(3,140)        -1.4017685     -3     3    3.1911274e-08
803 region_rec_diffs(3,141)        -0.95166346     -3     3    1.3794539e-06
804 region_rec_diffs(3,142)        0.12386437     -3     3    -4.2420381e-07
805 region_rec_diffs(3,143)        -0.15631529     -3     3    4.2303055e-07
806 region_rec_diffs(3,144)        1.0245037     -3     3    7.1916629e-07
807 region_rec_diffs(3,145)        -1.0008568     -3     3    2.1398076e-07
808 region_rec_diffs(3,146)        -0.60983131     -3     3    -5.7192372e-08
809 region_rec_diffs(3,147)        -1.0349883     -3     3    -4.6802439e-07
810 region_rec_diffs(3,148)        -1.2693402     -3     3    1.6056065e-06
811 region_rec_diffs(3,149)        -1.0971257     -3     3    5.1323875e-07
812 region_rec_diffs(3,150)        -0.37621872     -3     3    4.0414366e-07
813 region_rec_diffs(3,151)        1.2400449     -3     3    7.8077878e-07
814 region_rec_diffs(3,152)        -1.2437869     -3     3    -6.5000883e-07
815 region_rec_diffs(3,153)        -0.21329346     -3     3    -3.7391572e-07
816 region_rec_diffs(3,154)        -0.26385309     -3     3    7.6221718e-07
817 region_rec_diffs(3,155)        -0.51063831     -3     3    2.6130456e-07
818 region_rec_diffs(3,156)        -0.1783956     -3     3    -5.5615313e-07
819 region_rec_diffs(3,157)        0.91866302     -3     3    3.7164195e-07
820 region_rec_diffs(3,158)        0.72938699     -3     3    8.0924363e-08
821 region_rec_diffs(3,159)        0.74791921     -3     3    6.6717759e-08
822 region_rec_diffs(3,160)        -1.8475381     -3     3    5.3827807e-07
823 region_rec_diffs(3,161)        -0.60772679     -3     3    -4.0775581e-08
824 region_rec_diffs(3,162)        0.1252537     -3     3    2.9820919e-07
825 region_rec_diffs(3,163)        -1.3983383     -3     3    -2.273345e-07
826 region_rec_diffs(3,164)        -1.3237984     -3     3    -1.5298926e-06
827 region_rec_diffs(3,165)        1.7089853     -3     3    6.2459143e-08
828 region_rec_diffs(3,166)        0.24957573     -3     3    2.1746848e-06
829 region_rec_diffs(3,167)        1.595841     -3     3    4.4175002e-07
830 region_rec_diffs(3,168)        -1.441201     -3     3    3.1982257e-07
831 region_rec_diffs(3,169)        -1.54479     -3     3    -6.4566814e-07
832 region_rec_diffs(3,170)        -0.8969725     -3     3    1.9181451e-07
833 region_rec_diffs(3,171)        -1.3759739     -3     3    1.1092996e-07
834 region_rec_diffs(3,172)        -1.8142215     -3     3    -3.151722e-07
835 region_rec_diffs(3,173)        -2.2097736     -3     3    -2.8448857e-07
836 region_rec_diffs(3,174)        -0.22069363     -3     3    4.2365551e-07
837 region_rec_diffs(3,175)        1.5826792     -3     3    2.6616067e-06
838 region_rec_diffs(3,176)        0.94500156     -3     3    -1.1666898e-06
839 region_rec_diffs(3,177)        -0.29148733     -3     3    -1.8611907e-06
840 region_rec_diffs(3,178)        1.1196716     -3     3    6.6009778e-07
841 region_rec_diffs(3,179)        1.6472021     -3     3    6.0021564e-08
842 region_rec_diffs(3,180)        -0.50176417     -3     3    1.4170526e-06
843 region_rec_diffs(3,181)        -1.1206963     -3     3    8.6888966e-07
844 region_rec_diffs(3,182)        -0.40367899     -3     3    -6.0814973e-10
845 region_rec_diffs(3,183)        -1.1679057     -3     3    -3.3410075e-07
846 region_rec_diffs(3,184)        0.79289324     -3     3    4.4093028e-07
847 region_rec_diffs(3,185)        1.6625742     -3     3    3.0853403e-07
848 region_rec_diffs(3,186)        0.31253026     -3     3    1.6769241e-06
849 region_rec_diffs(3,187)        -0.10810079     -3     3    5.8205617e-07
850 region_rec_diffs(3,188)        -1.1831659     -3     3    1.2824976e-06
851 region_rec_diffs(3,189)        -0.031555976     -3     3    -1.8596477e-07
852 region_rec_diffs(3,190)        -0.17921757     -3     3    8.3199391e-07
853 region_rec_diffs(3,191)        1.5342561     -3     3    1.1732434e-06
854 region_rec_diffs(3,192)        1.4085438     -3     3    -6.749795e-07
855 region_rec_diffs(3,193)        0.4058212     -3     3    1.4013728e-06
856 region_rec_diffs(3,194)        -1.4766838     -3     3    -3.0742329e-07
857 region_rec_diffs(3,195)        -0.95401777     -3     3    1.1731356e-06
858 region_rec_diffs(3,196)        -0.00094480555     -3     3    -4.4370535e-06
859 region_rec_diffs(3,197)        -0.85565335     -3     3    5.0619957e-07
860 region_rec_diffs(3,198)        -1.1594677     -3     3    6.8452297e-07
861 region_rec_diffs(3,199)        1.2444419     -3     3    4.7798832e-07
862 region_rec_diffs(3,200)        0.19645316     -3     3    1.2446004e-06
863 region_rec_diffs(3,201)        -0.71379206     -3     3    5.4701842e-07
864 region_rec_diffs(3,202)        0.71417254     -3     3    -5.2548708e-08
865 region_rec_diffs(3,203)        0.55520114     -3     3    1.9952771e-06
866 region_rec_diffs(3,204)        -0.48826047     -3     3    -6.6336808e-07
867 region_rec_diffs(3,205)        -0.65659356     -3     3    4.0873199e-07
868 region_rec_diffs(3,206)        -0.95032772     -3     3    -8.3606812e-07
869 region_rec_diffs(3,207)        -0.71702367     -3     3    2.4412584e-08
870 region_rec_diffs(3,208)        -1.6667153     -3     3    1.077656e-06
871 region_rec_diffs(3,209)        0.9016878     -3     3    3.5359361e-06
872 region_rec_diffs(3,210)        1.2024917     -3     3    1.1549552e-06
873 region_rec_diffs(3,211)        -0.15305822     -3     3    -7.666872e-07
874 region_rec_diffs(3,212)        -0.11336946     -3     3    1.2748266e-06
875 region_rec_diffs(3,213)        -0.29504194     -3     3    -6.9926981e-07
876 region_rec_diffs(3,214)        0.50659092     -3     3    3.3730831e-06
877 region_rec_diffs(3,215)        1.2493942     -3     3    1.7657296e-06
878 region_rec_diffs(3,216)        0.43915355     -3     3    1.8165104e-06
879 region_rec_diffs(3,217)        -0.79276292     -3     3    1.8174628e-06
880 region_rec_diffs(3,218)        0.37498393     -3     3    -3.4009791e-07
881 region_rec_diffs(3,219)        1.6973465     -3     3    -1.3305115e-10
882 region_rec_diffs(3,220)        1.4861932     -3     3    2.4276838e-07
883 region_rec_diffs(3,221)        0.33020023     -3     3    4.4034676e-07
884 region_rec_diffs(3,222)        1.8557866     -3     3    -3.6207802e-07
885 region_rec_diffs(3,223)        1.3987483     -3     3    -6.1805056e-07
886 region_rec_diffs(3,224)        0.13794808     -3     3    3.5523726e-06
887 region_rec_diffs(3,225)        -0.75099707     -3     3    6.5766726e-07
888 region_rec_diffs(3,226)        0.3747642     -3     3    -7.9844898e-07
889 region_rec_diffs(3,227)        1.1336572     -3     3    3.7622581e-07
890 region_rec_diffs(3,228)        1.2236379     -3     3    -4.8574972e-07
891 region_rec_diffs(3,229)        -0.3926345     -3     3    4.8172959e-07
892 region_rec_diffs(3,230)        1.4971209     -3     3    -3.7975115e-07
893 region_rec_diffs(3,231)        1.4044227     -3     3    1.9145505e-06
894 region_rec_diffs(3,232)        0.50827449     -3     3    -1.0696679e-06
895 region_rec_diffs(3,233)        1.710565     -3     3    -5.0750743e-07
896 region_rec_diffs(3,234)        1.7392388     -3     3    -4.3587149e-07
897 region_rec_diffs(3,235)        1.61979     -3     3    8.5756892e-07
898 region_rec_diffs(3,236)        0.70162798     -3     3    8.5830535e-07
899 region_rec_diffs(3,237)        -0.35774441     -3     3    -2.2254052e-07
900 region_rec_diffs(3,238)        0.94689068     -3     3    -4.2838546e-06
901 region_rec_diffs(3,239)        1.3780534     -3     3    -2.0724129e-06
902 region_rec_diffs(3,240)        1.4378359     -3     3    -1.6518764e-06
903 region_rec_diffs(3,241)        0.77643134     -3     3    9.8307177e-07
904 region_rec_diffs(3,242)        1.2640587     -3     3    1.2112643e-06
905 region_rec_diffs(3,243)        1.3683708     -3     3    1.6716214e-06
906 region_rec_diffs(3,244)        0.40601177     -3     3    -1.6550256e-06
907 region_rec_diffs(3,245)        1.04766     -3     3    -1.800436e-06
908 region_rec_diffs(3,246)        1.486742     -3     3    -5.8090491e-07
909 region_rec_diffs(3,247)        1.2967983     -3     3    -2.4328487e-07
910 region_rec_diffs(3,248)        0.41173612     -3     3    1.2676775e-06
911 region_rec_diffs(3,249)        -1.1752037     -3     3    -2.9304167e-07
912 region_rec_diffs(3,250)        0.99699764     -3     3    -5.3874517e-07
913 region_rec_diffs(3,251)        1.0455777     -3     3    -1.0245015e-07
914 region_rec_diffs(3,252)        0.92746169     -3     3    1.4631276e-06
915 region_rec_diffs(3,253)        0.062157422     -3     3    3.4672295e-08
916 region_rec_diffs(3,254)        -0.3717293     -3     3    -9.5724407e-07
917 region_rec_diffs(3,255)        0.563702     -3     3    4.6866008e-06
918 region_rec_diffs(3,256)        0.59089502     -3     3    3.9482291e-06
919 region_rec_diffs(3,257)        -0.0086594242     -3     3    -6.1123208e-07
920 region_rec_diffs(3,258)        0.19869527     -3     3    -2.1811615e-06
921 region_rec_diffs(3,259)        -0.13808491     -3     3    3.7771681e-06
922 region_rec_diffs(3,260)        0.17200997     -3     3    1.5734256e-06
923 region_rec_diffs(3,261)        -0.77646372     -3     3    2.0807858e-06
924 region_rec_diffs(3,262)        -0.11055577     -3     3    2.6906355e-10
925 region_rec_diffs(3,263)        1.1217637     -3     3    -1.0179083e-06
926 region_rec_diffs(3,264)        0.39811615     -3     3    4.4048158e-06
927 region_rec_diffs(3,265)        -1.1262456     -3     3    8.1238696e-07
928 region_rec_diffs(3,266)        -0.44929047     -3     3    1.4818715e-06
929 region_rec_diffs(3,267)        0.50184793     -3     3    2.7365776e-06
930 region_rec_diffs(3,268)        0.88310773     -3     3    -2.5128384e-06
931 region_rec_diffs(3,269)        0.66472597     -3     3    1.4799745e-06
932 region_rec_diffs(3,270)        0.38334585     -3     3    -1.2765973e-06
933 region_rec_diffs(3,271)        0.2743325     -3     3    -3.9109768e-06
934 region_rec_diffs(3,272)        -0.36463176     -3     3    -5.0292036e-07
935 region_rec_diffs(3,273)        -0.73047755     -3     3    -5.3908216e-07
936 region_rec_diffs(3,274)        0.83787023     -3     3    -3.278665e-06
937 region_rec_diffs(3,275)        -1.0702626     -3     3    -2.4976694e-07
938 region_rec_diffs(3,276)        -1.1155448     -3     3    -1.1674165e-07
939 region_rec_diffs(3,277)        1.6132128     -3     3    8.6303531e-08
940 region_rec_diffs(3,278)        -0.22916842     -3     3    2.9538469e-07
941 region_rec_diffs(3,279)        -0.31664474     -3     3    7.9313073e-07
942 region_rec_diffs(4,1)        -2.5129967e-08     -3     3    -5.9499986e-08
943 region_rec_diffs(4,2)        -0.26493448     -3     3    -1.3532354e-06
944 region_rec_diffs(4,3)        -0.20404431     -3     3    -5.319439e-06
945 region_rec_diffs(4,4)        -0.4202471     -3     3    -1.2581946e-06
946 region_rec_diffs(4,5)        -0.45850789     -3     3    1.70087e-06
947 region_rec_diffs(4,6)        -0.12026371     -3     3    3.4563707e-08
948 region_rec_diffs(4,7)        -0.13743162     -3     3    -9.2065516e-07
949 region_rec_diffs(4,8)        -1.4707753     -3     3    5.381883e-07
950 region_rec_diffs(4,9)        0.037812442     -3     3    6.3067162e-07
951 region_rec_diffs(4,10)        0.15892422     -3     3    1.4451221e-07
952 region_rec_diffs(4,11)        0.087068484     -3     3    -1.3117771e-06
953 region_rec_diffs(4,12)        -0.44159789     -3     3    -1.0543991e-06
954 region_rec_diffs(4,13)        -0.1398074     -3     3    9.1313826e-07
955 region_rec_diffs(4,14)        -1.4276797     -3     3    -3.2872713e-07
956 region_rec_diffs(4,15)        -0.07374658     -3     3    1.8689644e-07
957 region_rec_diffs(4,16)        -0.0078448194     -3     3    -4.637813e-08
958 region_rec_diffs(4,17)        -0.038507056     -3     3    4.668519e-07
959 region_rec_diffs(4,18)        -1.0187542     -3     3    -1.2501985e-06
960 region_rec_diffs(4,19)        -0.025628283     -3     3    -1.4967708e-08
961 region_rec_diffs(4,20)        0.034805176     -3     3    -1.9908933e-07
962 region_rec_diffs(4,21)        0.11447272     -3     3    -6.0985149e-07
963 region_rec_diffs(4,22)        -0.40842126     -3     3    -1.015945e-06
964 region_rec_diffs(4,23)        0.0018409449     -3     3    7.3419183e-08
965 region_rec_diffs(4,24)        -0.2596877     -3     3    6.287774e-07
966 region_rec_diffs(4,25)        0.0035976996     -3     3    2.6398212e-07
967 region_rec_diffs(4,26)        0.039183566     -3     3    2.3355822e-06
968 region_rec_diffs(4,27)        0.05453011     -3     3    5.9112797e-08
969 region_rec_diffs(4,28)        0.051727252     -3     3    1.3893733e-06
970 region_rec_diffs(4,29)        -0.23075672     -3     3    1.1695104e-06
971 region_rec_diffs(4,30)        0.0093214589     -3     3    4.0640314e-07
972 region_rec_diffs(4,31)        0.02551352     -3     3    1.6633214e-07
973 region_rec_diffs(4,32)        0.1973461     -3     3    -4.1785285e-07
974 region_rec_diffs(4,33)        1.8157485     -3     3    -8.1365789e-07
975 region_rec_diffs(4,34)        -0.025939877     -3     3    -2.2467487e-06
976 region_rec_diffs(4,35)        0.0016269888     -3     3    -1.1655756e-07
977 region_rec_diffs(4,36)        -0.45243222     -3     3    2.0821776e-07
978 region_rec_diffs(4,37)        0.53277478     -3     3    4.8647096e-06
979 region_rec_diffs(4,38)        0.36315921     -3     3    6.326666e-07
980 region_rec_diffs(4,39)        0.064464696     -3     3    -2.9970761e-07
981 region_rec_diffs(4,40)        0.15188405     -3     3    3.0259198e-07
982 region_rec_diffs(4,41)        0.34984477     -3     3    1.4836918e-06
983 region_rec_diffs(4,42)        0.46669057     -3     3    -1.1817024e-06
984 region_rec_diffs(4,43)        0.065521073     -3     3    2.2971742e-07
985 region_rec_diffs(4,44)        0.22950952     -3     3    -3.0182074e-07
986 region_rec_diffs(4,45)        0.74712405     -3     3    -1.0138947e-06
987 region_rec_diffs(4,46)        0.037217311     -3     3    2.1954499e-07
988 region_rec_diffs(4,47)        0.052110111     -3     3    -1.9466002e-07
989 region_rec_diffs(4,48)        1.8404971     -3     3    -3.5795069e-07
990 region_rec_diffs(4,49)        0.11978837     -3     3    8.1375277e-08
991 region_rec_diffs(4,50)        0.042553812     -3     3    8.1479071e-08
992 region_rec_diffs(4,51)        -0.27655216     -3     3    4.2019604e-07
993 region_rec_diffs(4,52)        -0.39859433     -3     3    -1.1305149e-06
994 region_rec_diffs(4,53)        -0.097843623     -3     3    -1.2196194e-06
995 region_rec_diffs(4,54)        0.020460486     -3     3    2.9737686e-07
996 region_rec_diffs(4,55)        -0.024475802     -3     3    -4.5272629e-07
997 region_rec_diffs(4,56)        0.10768829     -3     3    1.8444553e-07
998 region_rec_diffs(4,57)        1.1260708     -3     3    9.4901039e-07
999 region_rec_diffs(4,58)        0.027290095     -3     3    -8.4043534e-07
1000 region_rec_diffs(4,59)        0.046658094     -3     3    -2.9025066e-07
1001 region_rec_diffs(4,60)        0.99337723     -3     3    1.5086089e-06
1002 region_rec_diffs(4,61)        -0.46222633     -3     3    -1.6128367e-07
1003 region_rec_diffs(4,62)        0.063374527     -3     3    1.5119205e-07
1004 region_rec_diffs(4,63)        -0.11309842     -3     3    -4.1099075e-07
1005 region_rec_diffs(4,64)        0.020397792     -3     3    -9.1591221e-08
1006 region_rec_diffs(4,65)        0.97867178     -3     3    -2.7178598e-06
1007 region_rec_diffs(4,66)        0.12463763     -3     3    3.330349e-07
1008 region_rec_diffs(4,67)        0.033150191     -3     3    -2.2356753e-07
1009 region_rec_diffs(4,68)        0.26282481     -3     3    -8.1875555e-07
1010 region_rec_diffs(4,69)        0.92382112     -3     3    3.4392052e-06
1011 region_rec_diffs(4,70)        -0.54890971     -3     3    2.3201518e-07
1012 region_rec_diffs(4,71)        -0.10847338     -3     3    -5.9815467e-07
1013 region_rec_diffs(4,72)        0.81380322     -3     3    7.4113566e-07
1014 region_rec_diffs(4,73)        -0.34930033     -3     3    -9.3024403e-08
1015 region_rec_diffs(4,74)        -0.89963165     -3     3    7.8848069e-07
1016 region_rec_diffs(4,75)        0.0051511527     -3     3    1.333082e-07
1017 region_rec_diffs(4,76)        -0.050264022     -3     3    1.8065107e-07
1018 region_rec_diffs(4,77)        0.038979801     -3     3    8.9669871e-07
1019 region_rec_diffs(4,78)        0.1817278     -3     3    -8.8990603e-08
1020 region_rec_diffs(4,79)        0.067421134     -3     3    9.0843127e-08
1021 region_rec_diffs(4,80)        0.13285211     -3     3    5.9718469e-07
1022 region_rec_diffs(4,81)        -0.86680316     -3     3    -2.4042463e-07
1023 region_rec_diffs(4,82)        -0.62549972     -3     3    -3.4423008e-08
1024 region_rec_diffs(4,83)        -0.37914157     -3     3    -5.7103586e-07
1025 region_rec_diffs(4,84)        0.37478614     -3     3    -2.0396769e-06
1026 region_rec_diffs(4,85)        0.34643595     -3     3    -2.701607e-06
1027 region_rec_diffs(4,86)        0.098364858     -3     3    1.9490534e-07
1028 region_rec_diffs(4,87)        0.29782964     -3     3    -1.7392222e-06
1029 region_rec_diffs(4,88)        -0.32720533     -3     3    6.8538945e-07
1030 region_rec_diffs(4,89)        -0.82643863     -3     3    4.0779678e-09
1031 region_rec_diffs(4,90)        -0.040165878     -3     3    -1.2720958e-07
1032 region_rec_diffs(4,91)        -0.26574123     -3     3    1.3968119e-06
1033 region_rec_diffs(4,92)        0.17910321     -3     3    -6.4311455e-07
1034 region_rec_diffs(4,93)        0.94116347     -3     3    1.8036474e-06
1035 region_rec_diffs(4,94)        -0.37150341     -3     3    3.2344244e-07
1036 region_rec_diffs(4,95)        0.0081930073     -3     3    9.79639e-08
1037 region_rec_diffs(4,96)        0.22909202     -3     3    -5.6987527e-07
1038 region_rec_diffs(4,97)        -0.24743968     -3     3    -8.9603241e-07
1039 region_rec_diffs(4,98)        -0.28596905     -3     3    -1.5478479e-07
1040 region_rec_diffs(4,99)        -0.35572299     -3     3    -2.2218846e-07
1041 region_rec_diffs(4,100)        -1.0762254     -3     3    -3.7093256e-07
1042 region_rec_diffs(4,101)        -0.98671676     -3     3    -2.081698e-07
1043 region_rec_diffs(4,102)        0.01447866     -3     3    -1.7567262e-07
1044 region_rec_diffs(4,103)        -0.099382589     -3     3    -1.7213494e-07
1045 region_rec_diffs(4,104)        -0.62280147     -3     3    -1.9097848e-06
1046 region_rec_diffs(4,105)        -0.19176704     -3     3    -8.1845083e-08
1047 region_rec_diffs(4,106)        -0.057361591     -3     3    -8.0829553e-08
1048 region_rec_diffs(4,107)        -0.13569548     -3     3    -1.0837728e-07
1049 region_rec_diffs(4,108)        -0.6736315     -3     3    -2.8599937e-07
1050 region_rec_diffs(4,109)        -0.59026972     -3     3    -2.6260197e-07
1051 region_rec_diffs(4,110)        0.016106617     -3     3    -5.1410763e-08
1052 region_rec_diffs(4,111)        0.019902969     -3     3    2.5831471e-07
1053 region_rec_diffs(4,112)        0.60005384     -3     3    1.1216587e-08
1054 region_rec_diffs(4,113)        0.42735451     -3     3    8.2063337e-07
1055 region_rec_diffs(4,114)        -0.1113401     -3     3    6.3855884e-07
1056 region_rec_diffs(4,115)        0.01603388     -3     3    2.063529e-07
1057 region_rec_diffs(4,116)        1.5906791     -3     3    -8.4484621e-07
1058 region_rec_diffs(4,117)        0.30058208     -3     3    5.155952e-07
1059 region_rec_diffs(4,118)        0.07705988     -3     3    -2.121289e-08
1060 region_rec_diffs(4,119)        -0.35776524     -3     3    4.7584644e-08
1061 region_rec_diffs(4,120)        -0.64419997     -3     3    -5.0452414e-07
1062 region_rec_diffs(4,121)        0.98285234     -3     3    1.8995223e-06
1063 region_rec_diffs(4,122)        -0.037327222     -3     3    1.4287919e-06
1064 region_rec_diffs(4,123)        0.06543735     -3     3    1.2791706e-07
1065 region_rec_diffs(4,124)        1.2438285     -3     3    3.015166e-07
1066 region_rec_diffs(4,125)        -0.34922951     -3     3    4.4508884e-07
1067 region_rec_diffs(4,126)        -0.91788528     -3     3    -9.4795448e-08
1068 region_rec_diffs(4,127)        -0.53326868     -3     3    3.7187211e-07
1069 region_rec_diffs(4,128)        -1.2737326     -3     3    8.7171057e-07
1070 region_rec_diffs(4,129)        -1.4300197     -3     3    2.136648e-07
1071 region_rec_diffs(4,130)        -0.65836551     -3     3    3.2740588e-07
1072 region_rec_diffs(4,131)        -0.24330905     -3     3    6.5578442e-07
1073 region_rec_diffs(4,132)        0.14761878     -3     3    2.4700142e-06
1074 region_rec_diffs(4,133)        -0.5918089     -3     3    2.5520541e-06
1075 region_rec_diffs(4,134)        -0.40430572     -3     3    9.9198791e-07
1076 region_rec_diffs(4,135)        -0.26281944     -3     3    9.5141662e-07
1077 region_rec_diffs(4,136)        -0.24328976     -3     3    2.3797584e-06
1078 region_rec_diffs(4,137)        -0.3228581     -3     3    3.9136175e-07
1079 region_rec_diffs(4,138)        -0.69737187     -3     3    4.4206233e-07
1080 region_rec_diffs(4,139)        -0.31427837     -3     3    -2.3023801e-07
1081 region_rec_diffs(4,140)        -1.6001538     -3     3    9.0621097e-07
1082 region_rec_diffs(4,141)        -1.1233226     -3     3    1.0640683e-07
1083 region_rec_diffs(4,142)        0.0048981128     -3     3    -2.3452338e-07
1084 region_rec_diffs(4,143)        -0.31309571     -3     3    3.1596795e-07
1085 region_rec_diffs(4,144)        -1.1289694     -3     3    -2.2982605e-07
1086 region_rec_diffs(4,145)        -1.3192048     -3     3    -9.7388749e-07
1087 region_rec_diffs(4,146)        -0.37247473     -3     3    2.3758251e-07
1088 region_rec_diffs(4,147)        -0.33753474     -3     3    -1.36647e-07
1089 region_rec_diffs(4,148)        -1.1718841     -3     3    6.8124145e-07
1090 region_rec_diffs(4,149)        0.50690496     -3     3    5.2080243e-06
1091 region_rec_diffs(4,150)        0.65499322     -3     3    2.8182755e-06
1092 region_rec_diffs(4,151)        0.36022609     -3     3    -4.1875951e-06
1093 region_rec_diffs(4,152)        -1.8497091     -3     3    -7.828911e-07
1094 region_rec_diffs(4,153)        -0.40887946     -3     3    -1.8680934e-06
1095 region_rec_diffs(4,154)        0.15133867     -3     3    2.2196838e-06
1096 region_rec_diffs(4,155)        -0.9367663     -3     3    3.8376593e-07
1097 region_rec_diffs(4,156)        -0.62936852     -3     3    -5.2147328e-07
1098 region_rec_diffs(4,157)        0.75119607     -3     3    -2.3993823e-07
1099 region_rec_diffs(4,158)        -0.45853158     -3     3    -1.0037585e-06
1100 region_rec_diffs(4,159)        1.5960638     -3     3    4.9033152e-08
1101 region_rec_diffs(4,160)        -2.7893776     -3     3    -1.8563667e-06
1102 region_rec_diffs(4,161)        -2.0262215     -3     3    -1.4063411e-08
1103 region_rec_diffs(4,162)        0.50520758     -3     3    7.8250676e-07
1104 region_rec_diffs(4,163)        -1.1822162     -3     3    1.7283341e-06
1105 region_rec_diffs(4,164)        -2.6563243     -3     3    1.2589321e-07
1106 region_rec_diffs(4,165)        -1.0766167     -3     3    -3.3697007e-07
1107 region_rec_diffs(4,166)        -0.66315121     -3     3    6.7559646e-07
1108 region_rec_diffs(4,167)        -1.4456349     -3     3    3.4269172e-07
1109 region_rec_diffs(4,168)        -0.96728143     -3     3    4.733698e-07
1110 region_rec_diffs(4,169)        -1.0844823     -3     3    8.2678465e-07
1111 region_rec_diffs(4,170)        0.81167119     -3     3    2.906172e-06
1112 region_rec_diffs(4,171)        1.2137049     -3     3    8.9071951e-06
1113 region_rec_diffs(4,172)        -1.8141499     -3     3    -7.3877245e-07
1114 region_rec_diffs(4,173)        1.0266606     -3     3    1.4542412e-06
1115 region_rec_diffs(4,174)        -0.48551884     -3     3    6.8473291e-07
1116 region_rec_diffs(4,175)        -0.76880076     -3     3    1.8379928e-07
1117 region_rec_diffs(4,176)        -1.7519799     -3     3    -1.4123669e-06
1118 region_rec_diffs(4,177)        0.052639543     -3     3    -3.4043104e-06
1119 region_rec_diffs(4,178)        -0.71558129     -3     3    -4.1869702e-07
1120 region_rec_diffs(4,179)        0.57839712     -3     3    2.7730793e-06
1121 region_rec_diffs(4,180)        -1.0087945     -3     3    1.3931287e-06
1122 region_rec_diffs(4,181)        -0.76936392     -3     3    -3.2166154e-07
1123 region_rec_diffs(4,182)        -0.38801216     -3     3    8.9919778e-07
1124 region_rec_diffs(4,183)        1.6844156     -3     3    1.110248e-06
1125 region_rec_diffs(4,184)        -0.11610173     -3     3    2.0272843e-07
1126 region_rec_diffs(4,185)        -2.1892604     -3     3    8.4036933e-08
1127 region_rec_diffs(4,186)        -0.89707904     -3     3    4.3832313e-07
1128 region_rec_diffs(4,187)        -0.41433534     -3     3    9.1618692e-07
1129 region_rec_diffs(4,188)        -0.79586038     -3     3    3.5516489e-07
1130 region_rec_diffs(4,189)        -1.5374325     -3     3    -1.42453e-06
1131 region_rec_diffs(4,190)        -0.85349369     -3     3    1.2315078e-06
1132 region_rec_diffs(4,191)        -1.1155903     -3     3    -3.1072681e-07
1133 region_rec_diffs(4,192)        -2.0454398     -3     3    -2.2393689e-07
1134 region_rec_diffs(4,193)        -1.9971696     -3     3    -1.2856262e-06
1135 region_rec_diffs(4,194)        0.017878521     -3     3    3.7557471e-06
1136 region_rec_diffs(4,195)        1.1071926     -3     3    -2.2331405e-06
1137 region_rec_diffs(4,196)        0.49954653     -3     3    7.9620967e-07
1138 region_rec_diffs(4,197)        1.3147385     -3     3    -1.5675767e-06
1139 region_rec_diffs(4,198)        0.68469022     -3     3    -3.3602076e-06
1140 region_rec_diffs(4,199)        0.20926796     -3     3    1.8994405e-06
1141 region_rec_diffs(4,200)        0.12677195     -3     3    1.4829898e-06
1142 region_rec_diffs(4,201)        -0.28432897     -3     3    -7.4494737e-07
1143 region_rec_diffs(4,202)        -0.30217157     -3     3    -5.6190971e-07
1144 region_rec_diffs(4,203)        0.44047517     -3     3    3.5237857e-07
1145 region_rec_diffs(4,204)        0.80909438     -3     3    -6.6347794e-07
1146 region_rec_diffs(4,205)        1.9534111     -3     3    -5.3567909e-07
1147 region_rec_diffs(4,206)        0.38176181     -3     3    -2.5355813e-06
1148 region_rec_diffs(4,207)        0.47929557     -3     3    -3.8071667e-07
1149 region_rec_diffs(4,208)        -0.16171572     -3     3    5.4086241e-07
1150 region_rec_diffs(4,209)        0.10405414     -3     3    2.1176912e-06
1151 region_rec_diffs(4,210)        -0.18551941     -3     3    -2.2976527e-06
1152 region_rec_diffs(4,211)        1.474926     -3     3    -3.623998e-07
1153 region_rec_diffs(4,212)        -0.2969922     -3     3    1.2085863e-06
1154 region_rec_diffs(4,213)        0.0094011102     -3     3    -3.4641772e-06
1155 region_rec_diffs(4,214)        -0.046261373     -3     3    2.1683942e-06
1156 region_rec_diffs(4,215)        0.63303136     -3     3    2.519461e-06
1157 region_rec_diffs(4,216)        -0.10856102     -3     3    3.031708e-06
1158 region_rec_diffs(4,217)        0.53498794     -3     3    -1.8199321e-07
1159 region_rec_diffs(4,218)        -0.30752347     -3     3    2.3293692e-08
1160 region_rec_diffs(4,219)        -0.97915936     -3     3    1.2082113e-06
1161 region_rec_diffs(4,220)        -1.8616798     -3     3    -5.5191444e-07
1162 region_rec_diffs(4,221)        0.77697365     -3     3    -2.1077671e-06
1163 region_rec_diffs(4,222)        -0.68791357     -3     3    -4.9805814e-07
1164 region_rec_diffs(4,223)        -1.9961402     -3     3    1.8857969e-08
1165 region_rec_diffs(4,224)        -1.2723137     -3     3    4.5362736e-07
1166 region_rec_diffs(4,225)        -0.9535121     -3     3    1.2810187e-06
1167 region_rec_diffs(4,226)        -0.54745868     -3     3    -2.171359e-06
1168 region_rec_diffs(4,227)        -2.0898971     -3     3    5.6992064e-07
1169 region_rec_diffs(4,228)        -2.3814158     -3     3    -9.674679e-07
1170 region_rec_diffs(4,229)        1.0096266     -3     3    -6.4655924e-08
1171 region_rec_diffs(4,230)        0.34303774     -3     3    -3.5323085e-06
1172 region_rec_diffs(4,231)        0.51165179     -3     3    -3.9900195e-06
1173 region_rec_diffs(4,232)        -1.356419     -3     3    7.6232125e-07
1174 region_rec_diffs(4,233)        -1.5526423     -3     3    6.8082261e-07
1175 region_rec_diffs(4,234)        -1.2642676     -3     3    1.1246045e-06
1176 region_rec_diffs(4,235)        0.25456402     -3     3    6.3975805e-07
1177 region_rec_diffs(4,236)        -0.42667475     -3     3    1.9275457e-06
1178 region_rec_diffs(4,237)        -2.3193977     -3     3    7.5469403e-08
1179 region_rec_diffs(4,238)        -1.7984417     -3     3    -1.3187124e-06
1180 region_rec_diffs(4,239)        -0.42989275     -3     3    -6.3329156e-07
1181 region_rec_diffs(4,240)        0.63074903     -3     3    4.2902281e-06
1182 region_rec_diffs(4,241)        -0.95762265     -3     3    -2.4158624e-07
1183 region_rec_diffs(4,242)        -2.2250271     -3     3    -3.3495499e-07
1184 region_rec_diffs(4,243)        -2.4926185     -3     3    -1.0634978e-06
1185 region_rec_diffs(4,244)        -1.5293243     -3     3    4.4852712e-07
1186 region_rec_diffs(4,245)        -1.2266356     -3     3    1.0544121e-06
1187 region_rec_diffs(4,246)        -2.0352508     -3     3    2.5062036e-07
1188 region_rec_diffs(4,247)        1.4278133     -3     3    1.2467218e-08
1189 region_rec_diffs(4,248)        0.58778978     -3     3    -1.2046926e-06
1190 region_rec_diffs(4,249)        0.41854792     -3     3    -3.1234284e-06
1191 region_rec_diffs(4,250)        0.38645533     -3     3    -1.0936181e-06
1192 region_rec_diffs(4,251)        1.2790648     -3     3    -1.660155e-07
1193 region_rec_diffs(4,252)        1.2411906     -3     3    -1.267413e-07
1194 region_rec_diffs(4,253)        0.17856614     -3     3    1.1093935e-06
1195 region_rec_diffs(4,254)        1.4174628     -3     3    -2.1357541e-06
1196 region_rec_diffs(4,255)        0.76121585     -3     3    -2.2811902e-07
1197 region_rec_diffs(4,256)        0.95543698     -3     3    -3.8514915e-06
1198 region_rec_diffs(4,257)        1.0161874     -3     3    3.2907433e-07
1199 region_rec_diffs(4,258)        1.3891013     -3     3    1.3084417e-06
1200 region_rec_diffs(4,259)        0.38580819     -3     3    -5.9960039e-07
1201 region_rec_diffs(4,260)        -0.3505396     -3     3    -1.4093363e-06
1202 region_rec_diffs(4,261)        0.70728052     -3     3    3.8951426e-06
1203 region_rec_diffs(4,262)        1.1755906     -3     3    -1.3548334e-07
1204 region_rec_diffs(4,263)        0.98679827     -3     3    3.4387749e-06
1205 region_rec_diffs(4,264)        1.1693255     -3     3    -5.1051258e-06
1206 region_rec_diffs(4,265)        0.52121001     -3     3    -2.6402197e-06
1207 region_rec_diffs(4,266)        1.1997424     -3     3    4.6174884e-08
1208 region_rec_diffs(4,267)        1.3211596     -3     3    -2.4079745e-06
1209 region_rec_diffs(4,268)        0.81189904     -3     3    4.1962013e-06
1210 region_rec_diffs(4,269)        0.84537456     -3     3    -1.4330501e-06
1211 region_rec_diffs(4,270)        1.3702149     -3     3    7.5931821e-06
1212 region_rec_diffs(4,271)        0.50870817     -3     3    -3.0103328e-06
1213 region_rec_diffs(4,272)        -0.41242971     -3     3    -1.3982219e-06
1214 region_rec_diffs(4,273)        -1.0022893     -3     3    -3.5919182e-07
1215 region_rec_diffs(4,274)        1.8749523     -3     3    1.4440613e-06
1216 region_rec_diffs(4,275)        -1.469024     -3     3    -2.9679267e-07
1217 region_rec_diffs(4,276)        -1.5597463     -3     3    -3.791809e-07
1218 region_rec_diffs(4,277)        -0.41302283     -3     3    -4.3635333e-07
1219 region_rec_diffs(4,278)        1.4618526     -3     3    -2.8515171e-07
1220 region_rec_diffs(4,279)        -0.035634702     -3     3    7.0579278e-07
1221 region_rec_diffs(5,1)        -4.4351851e-09     -3     3    -1.1671637e-08
1222 region_rec_diffs(5,2)        0.6178993     -3     3    -1.4117962e-06
1223 region_rec_diffs(5,3)        0.72501527     -3     3    1.001337e-06
1224 region_rec_diffs(5,4)        0.75317749     -3     3    -2.3183368e-06
1225 region_rec_diffs(5,5)        0.69090659     -3     3    -3.2884524e-07
1226 region_rec_diffs(5,6)        0.0047744174     -3     3    5.3023999e-08
1227 region_rec_diffs(5,7)        0.0047085942     -3     3    5.4162622e-08
1228 region_rec_diffs(5,8)        0.35058451     -3     3    -2.3727816e-07
1229 region_rec_diffs(5,9)        0.036561398     -3     3    4.6446722e-08
1230 region_rec_diffs(5,10)        0.035470794     -3     3    2.5178815e-07
1231 region_rec_diffs(5,11)        0.017701029     -3     3    -9.6755059e-10
1232 region_rec_diffs(5,12)        0.59493198     -3     3    -1.2915681e-06
1233 region_rec_diffs(5,13)        0.017001619     -3     3    -9.7644139e-07
1234 region_rec_diffs(5,14)        1.6633822     -3     3    -2.0602558e-06
1235 region_rec_diffs(5,15)        0.015938119     -3     3    -4.1410981e-08
1236 region_rec_diffs(5,16)        0.032107479     -3     3    -4.4811472e-07
1237 region_rec_diffs(5,17)        0.043838303     -3     3    -8.2710844e-07
1238 region_rec_diffs(5,18)        0.67079242     -3     3    -9.3312159e-07
1239 region_rec_diffs(5,19)        0.010468072     -3     3    -1.6653778e-08
1240 region_rec_diffs(5,20)        0.023530538     -3     3    -1.303123e-07
1241 region_rec_diffs(5,21)        0.15545257     -3     3    -6.5835306e-07
1242 region_rec_diffs(5,22)        1.0119379     -3     3    -1.710387e-06
1243 region_rec_diffs(5,23)        0.016084282     -3     3    -3.2262738e-09
1244 region_rec_diffs(5,24)        0.054546758     -3     3    1.8700158e-07
1245 region_rec_diffs(5,25)        0.026469273     -3     3    8.5166607e-08
1246 region_rec_diffs(5,26)        0.12817848     -3     3    2.6029908e-07
1247 region_rec_diffs(5,27)        0.011677182     -3     3    3.5001563e-08
1248 region_rec_diffs(5,28)        1.5013119     -3     3    -1.5905315e-06
1249 region_rec_diffs(5,29)        0.24340045     -3     3    2.3330707e-07
1250 region_rec_diffs(5,30)        0.037684533     -3     3    8.0580442e-08
1251 region_rec_diffs(5,31)        0.0072556555     -3     3    -1.1319653e-08
1252 region_rec_diffs(5,32)        0.020566328     -3     3    -5.9501752e-08
1253 region_rec_diffs(5,33)        -0.018940975     -3     3    3.7953533e-08
1254 region_rec_diffs(5,34)        1.4352183     -3     3    2.9609035e-07
1255 region_rec_diffs(5,35)        0.013341004     -3     3    -1.2820121e-08
1256 region_rec_diffs(5,36)        0.049545198     -3     3    1.1132296e-06
1257 region_rec_diffs(5,37)        0.44581727     -3     3    -4.1671467e-07
1258 region_rec_diffs(5,38)        0.014640209     -3     3    2.5968814e-07
1259 region_rec_diffs(5,39)        0.0028872394     -3     3    -2.5146696e-08
1260 region_rec_diffs(5,40)        -0.010102368     -3     3    -6.8088614e-08
1261 region_rec_diffs(5,41)        -0.57162342     -3     3    -5.1114006e-07
1262 region_rec_diffs(5,42)        -0.51119612     -3     3    -5.4632818e-07
1263 region_rec_diffs(5,43)        -0.0077501245     -3     3    -8.2074899e-09
1264 region_rec_diffs(5,44)        -0.0070486705     -3     3    -2.76512e-08
1265 region_rec_diffs(5,45)        1.1913994     -3     3    -1.9633316e-06
1266 region_rec_diffs(5,46)        0.039387879     -3     3    7.365293e-08
1267 region_rec_diffs(5,47)        0.027838827     -3     3    4.6445141e-08
1268 region_rec_diffs(5,48)        0.1476209     -3     3    2.8051624e-07
1269 region_rec_diffs(5,49)        0.84477569     -3     3    1.9791081e-06
1270 region_rec_diffs(5,50)        0.022064868     -3     3    6.0129527e-08
1271 region_rec_diffs(5,51)        -0.011287829     -3     3    9.4328911e-08
1272 region_rec_diffs(5,52)        -0.062973175     -3     3    1.0940321e-06
1273 region_rec_diffs(5,53)        0.21595077     -3     3    3.5824088e-07
1274 region_rec_diffs(5,54)        0.084876397     -3     3    -5.8581981e-08
1275 region_rec_diffs(5,55)        0.065220792     -3     3    2.267727e-07
1276 region_rec_diffs(5,56)        2.6526101     -3     3    1.2240326e-06
1277 region_rec_diffs(5,57)        -0.12522411     -3     3    -3.292577e-08
1278 region_rec_diffs(5,58)        -0.17409262     -3     3    1.0871943e-06
1279 region_rec_diffs(5,59)        0.02049721     -3     3    -2.4396082e-07
1280 region_rec_diffs(5,60)        1.4860464     -3     3    -6.5070199e-08
1281 region_rec_diffs(5,61)        0.53804192     -3     3    -3.9262391e-07
1282 region_rec_diffs(5,62)        0.039927141     -3     3    3.5146781e-07
1283 region_rec_diffs(5,63)        0.024408742     -3     3    3.2033139e-07
1284 region_rec_diffs(5,64)        0.11178357     -3     3    -1.5438524e-07
1285 region_rec_diffs(5,65)        0.78455611     -3     3    3.1697647e-06
1286 region_rec_diffs(5,66)        0.002454912     -3     3    -5.907344e-08
1287 region_rec_diffs(5,67)        -0.062861775     -3     3    7.9765563e-08
1288 region_rec_diffs(5,68)        -0.29111611     -3     3    -1.5708304e-07
1289 region_rec_diffs(5,69)        -0.7844659     -3     3    -2.0835097e-07
1290 region_rec_diffs(5,70)        1.9433232     -3     3    -3.2257682e-07
1291 region_rec_diffs(5,71)        0.055647703     -3     3    -3.3263336e-07
1292 region_rec_diffs(5,72)        0.64162422     -3     3    5.3484661e-07
1293 region_rec_diffs(5,73)        -0.16503847     -3     3    2.4610085e-07
1294 region_rec_diffs(5,74)        2.999999     -3     3    1.2740171e-06   *************
1295 region_rec_diffs(5,75)        0.038506109     -3     3    -9.5949641e-08
1296 region_rec_diffs(5,76)        0.13078238     -3     3    -2.1939364e-07
1297 region_rec_diffs(5,77)        0.088117576     -3     3    -5.3560374e-07
1298 region_rec_diffs(5,78)        -0.15612674     -3     3    8.7293685e-08
1299 region_rec_diffs(5,79)        -0.020386222     -3     3    2.662666e-08
1300 region_rec_diffs(5,80)        -0.19274216     -3     3    8.6261102e-07
1301 region_rec_diffs(5,81)        1.0268102     -3     3    7.3138331e-08
1302 region_rec_diffs(5,82)        0.19556807     -3     3    2.5493565e-07
1303 region_rec_diffs(5,83)        0.27275546     -3     3    -3.4007477e-07
1304 region_rec_diffs(5,84)        1.1027778     -3     3    -4.7697786e-07
1305 region_rec_diffs(5,85)        -0.0081995116     -3     3    4.9717895e-07
1306 region_rec_diffs(5,86)        0.013894145     -3     3    -1.747067e-08
1307 region_rec_diffs(5,87)        0.0088217678     -3     3    -4.5363361e-07
1308 region_rec_diffs(5,88)        0.54859558     -3     3    -3.0491472e-06
1309 region_rec_diffs(5,89)        0.10615655     -3     3    -1.7720413e-06
1310 region_rec_diffs(5,90)        0.012159418     -3     3    -3.82575e-08
1311 region_rec_diffs(5,91)        0.029039692     -3     3    -2.4575058e-07
1312 region_rec_diffs(5,92)        0.056128275     -3     3    -4.667405e-07
1313 region_rec_diffs(5,93)        0.03216185     -3     3    -1.2065759e-06
1314 region_rec_diffs(5,94)        1.1429176     -3     3    -3.5060001e-06
1315 region_rec_diffs(5,95)        0.1610281     -3     3    -1.705976e-07
1316 region_rec_diffs(5,96)        0.055926505     -3     3    -1.8750913e-07
1317 region_rec_diffs(5,97)        0.23200788     -3     3    5.3180756e-07
1318 region_rec_diffs(5,98)        0.055065775     -3     3    2.9183138e-07
1319 region_rec_diffs(5,99)        0.14220336     -3     3    6.0939693e-08
1320 region_rec_diffs(5,100)        1.773883     -3     3    8.0571693e-07
1321 region_rec_diffs(5,101)        0.19014808     -3     3    -9.1414788e-07
1322 region_rec_diffs(5,102)        0.015853853     -3     3    9.5211067e-10
1323 region_rec_diffs(5,103)        0.031038867     -3     3    8.0694868e-08
1324 region_rec_diffs(5,104)        0.71910124     -3     3    1.6737176e-06
1325 region_rec_diffs(5,105)        -0.02622172     -3     3    -4.4922644e-08
1326 region_rec_diffs(5,106)        -0.009274232     -3     3    -1.7830282e-08
1327 region_rec_diffs(5,107)        -0.032446355     -3     3    2.728147e-08
1328 region_rec_diffs(5,108)        -0.15440222     -3     3    -4.349672e-07
1329 region_rec_diffs(5,109)        0.31578459     -3     3    5.5833506e-07
1330 region_rec_diffs(5,110)        0.0057130664     -3     3    -2.3518752e-10
1331 region_rec_diffs(5,111)        -0.0056895291     -3     3    3.2306992e-08
1332 region_rec_diffs(5,112)        -0.25863479     -3     3    -1.0886655e-07
1333 region_rec_diffs(5,113)        0.88223318     -3     3    -3.6406717e-06
1334 region_rec_diffs(5,114)        0.025764747     -3     3    -4.7993878e-08
1335 region_rec_diffs(5,115)        0.025610278     -3     3    4.8412373e-08
1336 region_rec_diffs(5,116)        -0.03353513     -3     3    -1.0708675e-07
1337 region_rec_diffs(5,117)        0.8316422     -3     3    -1.5025581e-06
1338 region_rec_diffs(5,118)        0.10978285     -3     3    5.743345e-08
1339 region_rec_diffs(5,119)        0.25678273     -3     3    2.3378186e-07
1340 region_rec_diffs(5,120)        1.5441551     -3     3    -2.6657257e-06
1341 region_rec_diffs(5,121)        0.15820936     -3     3    -1.7462552e-06
1342 region_rec_diffs(5,122)        0.21189544     -3     3    -1.2761404e-07
1343 region_rec_diffs(5,123)        0.038071714     -3     3    8.2207734e-08
1344 region_rec_diffs(5,124)        0.42669851     -3     3    -2.3557851e-06
1345 region_rec_diffs(5,125)        0.52337051     -3     3    2.9901329e-06
1346 region_rec_diffs(5,126)        1.225278     -3     3    -3.557337e-06
1347 region_rec_diffs(5,127)        -0.076800338     -3     3    -1.1137378e-06
1348 region_rec_diffs(5,128)        -0.17644787     -3     3    -2.6432567e-07
1349 region_rec_diffs(5,129)        1.7785848     -3     3    -4.302932e-07
1350 region_rec_diffs(5,130)        0.061786121     -3     3    1.5212943e-08
1351 region_rec_diffs(5,131)        0.0033696397     -3     3    7.3025038e-08
1352 region_rec_diffs(5,132)        0.030792995     -3     3    1.6212095e-06
1353 region_rec_diffs(5,133)        1.2809202     -3     3    1.5902964e-06
1354 region_rec_diffs(5,134)        0.0009435724     -3     3    9.7434336e-08
1355 region_rec_diffs(5,135)        -0.038909344     -3     3    7.6448455e-07
1356 region_rec_diffs(5,136)        0.96346497     -3     3    9.6370401e-07
1357 region_rec_diffs(5,137)        0.26309518     -3     3    -5.9338589e-07
1358 region_rec_diffs(5,138)        2.6930627     -3     3    7.8608814e-07
1359 region_rec_diffs(5,139)        -0.10412587     -3     3    2.1289215e-07
1360 region_rec_diffs(5,140)        -1.3603495     -3     3    -4.1820717e-07
1361 region_rec_diffs(5,141)        -0.93338171     -3     3    -1.1250982e-06
1362 region_rec_diffs(5,142)        -0.064243975     -3     3    -1.178362e-08
1363 region_rec_diffs(5,143)        -0.19320531     -3     3    -4.8606845e-08
1364 region_rec_diffs(5,144)        -0.81353419     -3     3    4.8517154e-07
1365 region_rec_diffs(5,145)        -0.35983741     -3     3    8.4034932e-07
1366 region_rec_diffs(5,146)        0.068606007     -3     3    1.0775284e-07
1367 region_rec_diffs(5,147)        0.17869328     -3     3    -1.0439921e-07
1368 region_rec_diffs(5,148)        1.1019915     -3     3    3.8985461e-06
1369 region_rec_diffs(5,149)        -0.34283874     -3     3    4.7880525e-07
1370 region_rec_diffs(5,150)        -0.24023567     -3     3    7.9231327e-08
1371 region_rec_diffs(5,151)        -0.70186733     -3     3    -3.6421039e-07
1372 region_rec_diffs(5,152)        -0.66927269     -3     3    1.88731e-08
1373 region_rec_diffs(5,153)        -0.78886751     -3     3    7.724038e-07
1374 region_rec_diffs(5,154)        -0.26748591     -3     3    4.5837252e-07
1375 region_rec_diffs(5,155)        -0.078915674     -3     3    -2.2016039e-08
1376 region_rec_diffs(5,156)        0.43545846     -3     3    6.5499706e-07
1377 region_rec_diffs(5,157)        0.2434682     -3     3    6.8083095e-07
1378 region_rec_diffs(5,158)        0.018684452     -3     3    -2.9426868e-08
1379 region_rec_diffs(5,159)        0.019771935     -3     3    5.0297378e-07
1380 region_rec_diffs(5,160)        -0.13531169     -3     3    1.5993426e-06
1381 region_rec_diffs(5,161)        0.41738085     -3     3    2.0031937e-06
1382 region_rec_diffs(5,162)        0.095288177     -3     3    -1.5147482e-07
1383 region_rec_diffs(5,163)        1.4085569     -3     3    6.680317e-07
1384 region_rec_diffs(5,164)        0.066739029     -3     3    1.4056995e-06
1385 region_rec_diffs(5,165)        -0.079046505     -3     3    -1.6409795e-07
1386 region_rec_diffs(5,166)        -0.054287888     -3     3    -1.0136033e-06
1387 region_rec_diffs(5,167)        0.2935521     -3     3    7.9364633e-07
1388 region_rec_diffs(5,168)        0.83382454     -3     3    -1.676288e-06
1389 region_rec_diffs(5,169)        2.3816845     -3     3    7.9784969e-07
1390 region_rec_diffs(5,170)        0.10589942     -3     3    1.0523227e-06
1391 region_rec_diffs(5,171)        1.7766182     -3     3    -6.0424231e-07
1392 region_rec_diffs(5,172)        0.020084328     -3     3    -2.8420663e-07
1393 region_rec_diffs(5,173)        2.2360557     -3     3    4.9803805e-07
1394 region_rec_diffs(5,174)        0.09022752     -3     3    6.4194895e-07
1395 region_rec_diffs(5,175)        0.079936745     -3     3    -1.7263943e-07
1396 region_rec_diffs(5,176)        -1.0255011     -3     3    -1.0044346e-06
1397 region_rec_diffs(5,177)        -1.8630651     -3     3    2.1773783e-07
1398 region_rec_diffs(5,178)        -1.7871366     -3     3    -1.7187741e-06
1399 region_rec_diffs(5,179)        -0.8946859     -3     3    -1.085009e-06
1400 region_rec_diffs(5,180)        1.119117     -3     3    -1.4425788e-06
1401 region_rec_diffs(5,181)        1.0422145     -3     3    2.2453444e-06
1402 region_rec_diffs(5,182)        -0.56906869     -3     3    8.0979422e-07
1403 region_rec_diffs(5,183)        -1.0426405     -3     3    -5.0617865e-07
1404 region_rec_diffs(5,184)        -1.3122067     -3     3    1.1380951e-07
1405 region_rec_diffs(5,185)        -1.7922764     -3     3    -3.5294414e-07
1406 region_rec_diffs(5,186)        -1.5072824     -3     3    2.2783447e-07
1407 region_rec_diffs(5,187)        2.0069896     -3     3    -2.7273135e-06
1408 region_rec_diffs(5,188)        0.62994192     -3     3    -2.3406525e-06
1409 region_rec_diffs(5,189)        -0.99314766     -3     3    -4.6686708e-07
1410 region_rec_diffs(5,190)        -1.2348386     -3     3    -5.6540578e-07
1411 region_rec_diffs(5,191)        -1.0345937     -3     3    -8.5129726e-08
1412 region_rec_diffs(5,192)        0.77925104     -3     3    2.7357216e-06
1413 region_rec_diffs(5,193)        -0.18569084     -3     3    2.3874867e-06
1414 region_rec_diffs(5,194)        -0.45711043     -3     3    1.8123782e-06
1415 region_rec_diffs(5,195)        0.97748695     -3     3    1.4342597e-06
1416 region_rec_diffs(5,196)        1.524011     -3     3    -2.5251974e-06
1417 region_rec_diffs(5,197)        -0.1355823     -3     3    6.0481079e-08
1418 region_rec_diffs(5,198)        -0.35859093     -3     3    7.381363e-08
1419 region_rec_diffs(5,199)        1.7773762     -3     3    9.4804913e-08
1420 region_rec_diffs(5,200)        0.36084605     -3     3    -3.1830943e-06
1421 region_rec_diffs(5,201)        -0.77063301     -3     3    -1.6549328e-06
1422 region_rec_diffs(5,202)        -0.84244673     -3     3    -3.0236814e-07
1423 region_rec_diffs(5,203)        0.28667809     -3     3    2.1432161e-07
1424 region_rec_diffs(5,204)        1.5565433     -3     3    1.6379423e-06
1425 region_rec_diffs(5,205)        -0.48808683     -3     3    -2.6193833e-07
1426 region_rec_diffs(5,206)        -1.3600996     -3     3    -7.1523845e-07
1427 region_rec_diffs(5,207)        -1.4918483     -3     3    -2.4225155e-07
1428 region_rec_diffs(5,208)        -2.7218296     -3     3    -1.4136472e-06
1429 region_rec_diffs(5,209)        -2.3202997     -3     3    7.9571453e-07
1430 region_rec_diffs(5,210)        -2.4113714     -3     3    -3.524612e-07
1431 region_rec_diffs(5,211)        -1.5918037     -3     3    -9.702139e-08
1432 region_rec_diffs(5,212)        2.4571638     -3     3    -2.0696181e-06
1433 region_rec_diffs(5,213)        2.8914169     -3     3    1.3896359e-07
1434 region_rec_diffs(5,214)        -0.93087924     -3     3    -8.3959251e-07
1435 region_rec_diffs(5,215)        -1.0361731     -3     3    -1.3113771e-07
1436 region_rec_diffs(5,216)        -1.2799928     -3     3    3.3086133e-07
1437 region_rec_diffs(5,217)        -0.40045654     -3     3    6.9227892e-07
1438 region_rec_diffs(5,218)        -0.21371996     -3     3    1.282616e-06
1439 region_rec_diffs(5,219)        -0.68087807     -3     3    1.3783909e-06
1440 region_rec_diffs(5,220)        -1.7337791     -3     3    -3.5080262e-07
1441 region_rec_diffs(5,221)        -1.4554669     -3     3    -1.9616194e-07
1442 region_rec_diffs(5,222)        -1.8493877     -3     3    -7.1503949e-07
1443 region_rec_diffs(5,223)        -0.56788037     -3     3    -8.4994652e-07
1444 region_rec_diffs(5,224)        1.5233218     -3     3    2.3727871e-07
1445 region_rec_diffs(5,225)        -1.1908787     -3     3    4.6508751e-07
1446 region_rec_diffs(5,226)        -1.6452931     -3     3    4.333019e-07
1447 region_rec_diffs(5,227)        -1.2739092     -3     3    5.3783297e-07
1448 region_rec_diffs(5,228)        -0.6132275     -3     3    -8.5744565e-07
1449 region_rec_diffs(5,229)        -0.95713751     -3     3    -9.6769735e-07
1450 region_rec_diffs(5,230)        -1.0912312     -3     3    1.4360542e-07
1451 region_rec_diffs(5,231)        -0.43569171     -3     3    -3.1075673e-07
1452 region_rec_diffs(5,232)        1.7683465     -3     3    1.1000057e-06
1453 region_rec_diffs(5,233)        -1.0723795     -3     3    -5.9700396e-07
1454 region_rec_diffs(5,234)        -1.9592978     -3     3    -2.1769074e-07
1455 region_rec_diffs(5,235)        -2.1837425     -3     3    -4.3819705e-07
1456 region_rec_diffs(5,236)        -1.426006     -3     3    -7.4724348e-07
1457 region_rec_diffs(5,237)        0.10219852     -3     3    -1.1792859e-06
1458 region_rec_diffs(5,238)        1.180014     -3     3    2.7543647e-06
1459 region_rec_diffs(5,239)        0.094778463     -3     3    2.6260977e-06
1460 region_rec_diffs(5,240)        0.37763586     -3     3    -1.3538518e-06
1461 region_rec_diffs(5,241)        -1.1600529     -3     3    -1.3504936e-06
1462 region_rec_diffs(5,242)        -1.4302403     -3     3    -1.0025871e-06
1463 region_rec_diffs(5,243)        -1.4444473     -3     3    -6.4001232e-07
1464 region_rec_diffs(5,244)        1.8291289     -3     3    -3.0276554e-06
1465 region_rec_diffs(5,245)        1.3571891     -3     3    3.1089135e-06
1466 region_rec_diffs(5,246)        -1.2270793     -3     3    9.2447966e-07
1467 region_rec_diffs(5,247)        -1.0631241     -3     3    8.0996991e-07
1468 region_rec_diffs(5,248)        -0.21257425     -3     3    3.4537784e-07
1469 region_rec_diffs(5,249)        1.0195563     -3     3    6.9654329e-07
1470 region_rec_diffs(5,250)        -1.3299191     -3     3    1.2988098e-07
1471 region_rec_diffs(5,251)        -1.7985155     -3     3    2.2072917e-07
1472 region_rec_diffs(5,252)        -1.944944     -3     3    -7.8844249e-07
1473 region_rec_diffs(5,253)        -1.5241948     -3     3    -3.7623228e-07
1474 region_rec_diffs(5,254)        -1.083409     -3     3    -8.5646831e-07
1475 region_rec_diffs(5,255)        -0.83409983     -3     3    -4.4185921e-07
1476 region_rec_diffs(5,256)        -1.3381781     -3     3    -6.5230594e-07
1477 region_rec_diffs(5,257)        -1.2214017     -3     3    -1.143958e-06
1478 region_rec_diffs(5,258)        -0.83411827     -3     3    -2.8303796e-07
1479 region_rec_diffs(5,259)        -0.77912702     -3     3    3.9019242e-08
1480 region_rec_diffs(5,260)        0.23420135     -3     3    7.9948161e-07
1481 region_rec_diffs(5,261)        -1.086476     -3     3    3.0504812e-07
1482 region_rec_diffs(5,262)        -1.7790859     -3     3    4.5782281e-07
1483 region_rec_diffs(5,263)        -1.7459289     -3     3    -1.2879209e-07
1484 region_rec_diffs(5,264)        1.8855564     -3     3    -2.1449577e-06
1485 region_rec_diffs(5,265)        -0.050408905     -3     3    1.4092657e-07
1486 region_rec_diffs(5,266)        -1.2510082     -3     3    4.9789784e-08
1487 region_rec_diffs(5,267)        -1.2199267     -3     3    -3.3804263e-07
1488 region_rec_diffs(5,268)        -1.1181805     -3     3    -1.0403819e-07
1489 region_rec_diffs(5,269)        -1.1240079     -3     3    3.5703974e-07
1490 region_rec_diffs(5,270)        -0.47482256     -3     3    4.326951e-07
1491 region_rec_diffs(5,271)        1.4853146     -3     3    1.1686143e-06
1492 region_rec_diffs(5,272)        -0.56565264     -3     3    -1.2160669e-07
1493 region_rec_diffs(5,273)        -0.95159129     -3     3    -9.8799427e-08
1494 region_rec_diffs(5,274)        -1.6863119     -3     3    -7.4437651e-07
1495 region_rec_diffs(5,275)        -0.57223805     -3     3    -3.1161124e-07
1496 region_rec_diffs(5,276)        -0.11242261     -3     3    3.1831824e-07
1497 region_rec_diffs(5,277)        -0.029138194     -3     3    3.0824111e-07
1498 region_rec_diffs(5,278)        -0.074011242     -3     3    -1.7899068e-08
1499 region_rec_diffs(5,279)        -0.025530898     -3     3    1.6453523e-07
1500 region_rec_diffs(6,1)        -3.0886931e-08     -3     3    -7.1985455e-08
1501 region_rec_diffs(6,2)        0.22620391     -3     3    3.50431e-06
1502 region_rec_diffs(6,3)        0.19905125     -3     3    1.4353361e-06
1503 region_rec_diffs(6,4)        0.20462718     -3     3    -2.7731948e-06
1504 region_rec_diffs(6,5)        0.21617854     -3     3    -1.9242421e-06
1505 region_rec_diffs(6,6)        -0.010046111     -3     3    8.1267049e-08
1506 region_rec_diffs(6,7)        -0.014928512     -3     3    -3.483777e-07
1507 region_rec_diffs(6,8)        -0.72816973     -3     3    -5.3564322e-08
1508 region_rec_diffs(6,9)        0.11313834     -3     3    -7.1844597e-07
1509 region_rec_diffs(6,10)        0.10414701     -3     3    -1.9896016e-07
1510 region_rec_diffs(6,11)        0.060081315     -3     3    -6.0116414e-07
1511 region_rec_diffs(6,12)        0.78352935     -3     3    -2.9027441e-07
1512 region_rec_diffs(6,13)        0.045030926     -3     3    -2.396836e-07
1513 region_rec_diffs(6,14)        -0.010099109     -3     3    1.6830592e-06
1514 region_rec_diffs(6,15)        0.055724759     -3     3    9.5642925e-08
1515 region_rec_diffs(6,16)        0.14261986     -3     3    4.5469398e-08
1516 region_rec_diffs(6,17)        0.15782351     -3     3    4.7778085e-07
1517 region_rec_diffs(6,18)        0.75747935     -3     3    1.262037e-06
1518 region_rec_diffs(6,19)        0.015202132     -3     3    2.7987059e-08
1519 region_rec_diffs(6,20)        0.0016158981     -3     3    -1.9190243e-08
1520 region_rec_diffs(6,21)        -0.092180887     -3     3    3.6892732e-07
1521 region_rec_diffs(6,22)        0.56150652     -3     3    4.800672e-07
1522 region_rec_diffs(6,23)        0.071395252     -3     3    2.0111681e-07
1523 region_rec_diffs(6,24)        0.078653101     -3     3    1.8827926e-07
1524 region_rec_diffs(6,25)        0.15088078     -3     3    -2.0588489e-07
1525 region_rec_diffs(6,26)        0.1234278     -3     3    -1.3289984e-06
1526 region_rec_diffs(6,27)        0.057266565     -3     3    7.8445136e-08
1527 region_rec_diffs(6,28)        -0.068901692     -3     3    -2.0417712e-06
1528 region_rec_diffs(6,29)        1.6427231     -3     3    1.3175277e-07
1529 region_rec_diffs(6,30)        0.22229643     -3     3    3.3648917e-07
1530 region_rec_diffs(6,31)        0.064205783     -3     3    9.9486514e-08
1531 region_rec_diffs(6,32)        0.30666118     -3     3    -4.9388917e-07
1532 region_rec_diffs(6,33)        0.17881746     -3     3    4.7632514e-08
1533 region_rec_diffs(6,34)        0.65268879     -3     3    -2.6740314e-06
1534 region_rec_diffs(6,35)        0.044134609     -3     3    -1.6632311e-07
1535 region_rec_diffs(6,36)        -0.27803913     -3     3    4.3726541e-07
1536 region_rec_diffs(6,37)        0.32995987     -3     3    1.4951047e-06
1537 region_rec_diffs(6,38)        0.33907701     -3     3    8.219318e-07
1538 region_rec_diffs(6,39)        0.08051575     -3     3    -5.0978333e-07
1539 region_rec_diffs(6,40)        0.17844563     -3     3    1.2562849e-06
1540 region_rec_diffs(6,41)        0.7943873     -3     3    2.6959305e-06
1541 region_rec_diffs(6,42)        -0.16302248     -3     3    -4.0989141e-07
1542 region_rec_diffs(6,43)        0.037421454     -3     3    2.0892747e-07
1543 region_rec_diffs(6,44)        0.069558103     -3     3    8.5608636e-07
1544 region_rec_diffs(6,45)        0.28963923     -3     3    1.0920458e-06
1545 region_rec_diffs(6,46)        0.10803934     -3     3    3.4531439e-07
1546 region_rec_diffs(6,47)        0.078603741     -3     3    -1.7908985e-07
1547 region_rec_diffs(6,48)        -0.00793403     -3     3    5.883561e-07
1548 region_rec_diffs(6,49)        0.46074229     -3     3    5.2542804e-07
1549 region_rec_diffs(6,50)        0.096773346     -3     3    4.3699072e-07
1550 region_rec_diffs(6,51)        -0.21493686     -3     3    5.668071e-07
1551 region_rec_diffs(6,52)        -0.31460938     -3     3    9.0437578e-07
1552 region_rec_diffs(6,53)        1.4086516     -3     3    -7.3387016e-07
1553 region_rec_diffs(6,54)        0.14701424     -3     3    -3.0675577e-07
1554 region_rec_diffs(6,55)        0.069918864     -3     3    6.8390193e-08
1555 region_rec_diffs(6,56)        0.43317686     -3     3    -3.2686785e-07
1556 region_rec_diffs(6,57)        -0.10695022     -3     3    1.4189071e-06
1557 region_rec_diffs(6,58)        -0.3631303     -3     3    8.8079343e-07
1558 region_rec_diffs(6,59)        0.084458548     -3     3    -1.2562631e-07
1559 region_rec_diffs(6,60)        1.223461     -3     3    9.2871735e-07
1560 region_rec_diffs(6,61)        0.89515954     -3     3    -6.3138274e-08
1561 region_rec_diffs(6,62)        0.19903414     -3     3    -1.6362965e-07
1562 region_rec_diffs(6,63)        -0.033935345     -3     3    2.4668737e-07
1563 region_rec_diffs(6,64)        0.18927613     -3     3    -1.2278636e-06
1564 region_rec_diffs(6,65)        0.19637926     -3     3    -2.4064426e-06
1565 region_rec_diffs(6,66)        0.13859188     -3     3    3.6169086e-07
1566 region_rec_diffs(6,67)        0.023204415     -3     3    -6.4281235e-07
1567 region_rec_diffs(6,68)        0.060636039     -3     3    -3.6722886e-08
1568 region_rec_diffs(6,69)        -0.015538216     -3     3    -2.4306811e-06
1569 region_rec_diffs(6,70)        0.17331758     -3     3    -1.1170652e-06
1570 region_rec_diffs(6,71)        0.010379675     -3     3    -1.0885409e-06
1571 region_rec_diffs(6,72)        1.0698861     -3     3    -1.4491665e-06
1572 region_rec_diffs(6,73)        0.096405562     -3     3    -1.0928602e-07
1573 region_rec_diffs(6,74)        1.0343581     -3     3    -9.7963029e-07
1574 region_rec_diffs(6,75)        0.14799972     -3     3    5.4060567e-08
1575 region_rec_diffs(6,76)        0.34833017     -3     3    -1.566215e-06
1576 region_rec_diffs(6,77)        0.72877804     -3     3    -1.1504347e-06
1577 region_rec_diffs(6,78)        -0.060487027     -3     3    -4.9729647e-07
1578 region_rec_diffs(6,79)        0.065106218     -3     3    -4.2112102e-08
1579 region_rec_diffs(6,80)        0.074015201     -3     3    1.3781075e-06
1580 region_rec_diffs(6,81)        -0.1550382     -3     3    -9.528655e-07
1581 region_rec_diffs(6,82)        -0.26585284     -3     3    1.5158043e-07
1582 region_rec_diffs(6,83)        -0.10579024     -3     3    3.5418245e-07
1583 region_rec_diffs(6,84)        0.51399011     -3     3    3.3568727e-07
1584 region_rec_diffs(6,85)        0.21406969     -3     3    1.3473715e-06
1585 region_rec_diffs(6,86)        0.11770619     -3     3    1.6574276e-07
1586 region_rec_diffs(6,87)        0.11936264     -3     3    -7.1271921e-07
1587 region_rec_diffs(6,88)        1.5522722     -3     3    -2.2336161e-08
1588 region_rec_diffs(6,89)        -0.2640344     -3     3    -1.6588831e-06
1589 region_rec_diffs(6,90)        0.13584042     -3     3    2.0115519e-07
1590 region_rec_diffs(6,91)        -0.17719847     -3     3    5.4165427e-07
1591 region_rec_diffs(6,92)        -0.31453725     -3     3    -2.0477872e-07
1592 region_rec_diffs(6,93)        -0.63601184     -3     3    1.6675705e-06
1593 region_rec_diffs(6,94)        -0.98782302     -3     3    2.0357176e-06
1594 region_rec_diffs(6,95)        -0.027708392     -3     3    1.5618515e-06
1595 region_rec_diffs(6,96)        0.30915485     -3     3    -1.0879113e-06
1596 region_rec_diffs(6,97)        1.6351597     -3     3    5.7413035e-07
1597 region_rec_diffs(6,98)        0.083111054     -3     3    1.2619934e-06
1598 region_rec_diffs(6,99)        0.23475867     -3     3    8.7003738e-08
1599 region_rec_diffs(6,100)        -0.23927296     -3     3    1.2144021e-07
1600 region_rec_diffs(6,101)        -0.42510876     -3     3    9.9951465e-07
1601 region_rec_diffs(6,102)        0.068700662     -3     3    -5.0700692e-08
1602 region_rec_diffs(6,103)        -0.018011109     -3     3    7.4544567e-08
1603 region_rec_diffs(6,104)        1.0564374     -3     3    -4.4338861e-07
1604 region_rec_diffs(6,105)        0.038486834     -3     3    -2.3157763e-07
1605 region_rec_diffs(6,106)        0.0029362466     -3     3    -1.6572941e-07
1606 region_rec_diffs(6,107)        -0.04855063     -3     3    -2.8684654e-07
1607 region_rec_diffs(6,108)        -0.37083351     -3     3    3.8517226e-07
1608 region_rec_diffs(6,109)        -0.32908172     -3     3    2.4626329e-07
1609 region_rec_diffs(6,110)        0.028612255     -3     3    -3.0437565e-08
1610 region_rec_diffs(6,111)        0.010624281     -3     3    3.1957157e-07
1611 region_rec_diffs(6,112)        -0.54040074     -3     3    7.3805398e-07
1612 region_rec_diffs(6,113)        0.45643274     -3     3    1.4507965e-06
1613 region_rec_diffs(6,114)        -0.0018465759     -3     3    3.1493386e-07
1614 region_rec_diffs(6,115)        0.12471799     -3     3    3.0394648e-07
1615 region_rec_diffs(6,116)        0.24123735     -3     3    1.6831276e-07
1616 region_rec_diffs(6,117)        0.29106837     -3     3    -1.5668201e-06
1617 region_rec_diffs(6,118)        0.31546706     -3     3    -1.316992e-07
1618 region_rec_diffs(6,119)        -0.11425634     -3     3    -7.3626311e-07
1619 region_rec_diffs(6,120)        -0.62348257     -3     3    -2.0740078e-07
1620 region_rec_diffs(6,121)        -0.34761199     -3     3    8.7217151e-07
1621 region_rec_diffs(6,122)        0.6448928     -3     3    -3.9490282e-07
1622 region_rec_diffs(6,123)        0.15172753     -3     3    -1.1873381e-08
1623 region_rec_diffs(6,124)        0.52954686     -3     3    6.7567557e-07
1624 region_rec_diffs(6,125)        0.54023223     -3     3    6.2215596e-07
1625 region_rec_diffs(6,126)        0.073592178     -3     3    -7.2363512e-07
1626 region_rec_diffs(6,127)        -0.41981569     -3     3    -3.6504142e-07
1627 region_rec_diffs(6,128)        -0.78782838     -3     3    -2.0738909e-07
1628 region_rec_diffs(6,129)        0.12173064     -3     3    8.0421958e-07
1629 region_rec_diffs(6,130)        0.26436069     -3     3    -3.3279373e-06
1630 region_rec_diffs(6,131)        0.18044565     -3     3    6.736126e-07
1631 region_rec_diffs(6,132)        -0.94363918     -3     3    1.6780156e-07
1632 region_rec_diffs(6,133)        -1.4074847     -3     3    -1.5671903e-07
1633 region_rec_diffs(6,134)        -0.4070908     -3     3    5.9657287e-07
1634 region_rec_diffs(6,135)        -0.67335454     -3     3    1.1921373e-08
1635 region_rec_diffs(6,136)        -1.3811128     -3     3    2.5387915e-06
1636 region_rec_diffs(6,137)        -0.14085555     -3     3    -1.0563516e-07
1637 region_rec_diffs(6,138)        1.4287419     -3     3    -2.188256e-09
1638 region_rec_diffs(6,139)        0.062322924     -3     3    4.5669585e-07
1639 region_rec_diffs(6,140)        -0.94229434     -3     3    -1.7353209e-06
1640 region_rec_diffs(6,141)        -0.71739089     -3     3    -1.7982152e-06
1641 region_rec_diffs(6,142)        0.14104248     -3     3    -1.8527271e-07
1642 region_rec_diffs(6,143)        -0.22392677     -3     3    -5.1740391e-08
1643 region_rec_diffs(6,144)        -0.64846738     -3     3    -1.8822791e-06
1644 region_rec_diffs(6,145)        0.43155379     -3     3    -4.4407372e-06
1645 region_rec_diffs(6,146)        -0.019947411     -3     3    -6.5942561e-07
1646 region_rec_diffs(6,147)        0.066806456     -3     3    -5.6214074e-07
1647 region_rec_diffs(6,148)        0.952349     -3     3    3.596061e-06
1648 region_rec_diffs(6,149)        -0.32664931     -3     3    6.6310134e-07
1649 region_rec_diffs(6,150)        -0.29767374     -3     3    2.6498701e-08
1650 region_rec_diffs(6,151)        -0.47223377     -3     3    -1.0458184e-06
1651 region_rec_diffs(6,152)        -0.93454559     -3     3    -2.2837597e-07
1652 region_rec_diffs(6,153)        -1.0326931     -3     3    -7.7156763e-07
1653 region_rec_diffs(6,154)        -0.41431981     -3     3    2.5766612e-07
1654 region_rec_diffs(6,155)        -0.38335142     -3     3    -4.8608616e-07
1655 region_rec_diffs(6,156)        -0.44246773     -3     3    -1.6227587e-06
1656 region_rec_diffs(6,157)        -0.35710207     -3     3    2.4911476e-07
1657 region_rec_diffs(6,158)        -0.23919519     -3     3    -1.0943992e-06
1658 region_rec_diffs(6,159)        -0.21256746     -3     3    1.009736e-06
1659 region_rec_diffs(6,160)        -1.3054116     -3     3    -7.3311163e-07
1660 region_rec_diffs(6,161)        0.63598887     -3     3    -1.003237e-06
1661 region_rec_diffs(6,162)        0.46626261     -3     3    -4.3765813e-07
1662 region_rec_diffs(6,163)        -0.17788251     -3     3    3.2244017e-07
1663 region_rec_diffs(6,164)        -1.2351149     -3     3    -1.0343624e-06
1664 region_rec_diffs(6,165)        -0.38365818     -3     3    9.2022795e-08
1665 region_rec_diffs(6,166)        0.013740609     -3     3    1.3999219e-06
1666 region_rec_diffs(6,167)        0.82345724     -3     3    -9.2556157e-07
1667 region_rec_diffs(6,168)        0.22267159     -3     3    -6.9210666e-08
1668 region_rec_diffs(6,169)        -0.31368364     -3     3    1.0156082e-06
1669 region_rec_diffs(6,170)        -0.44960995     -3     3    -3.6604033e-07
1670 region_rec_diffs(6,171)        -0.5789753     -3     3    -8.5565345e-07
1671 region_rec_diffs(6,172)        -0.84959559     -3     3    6.298823e-08
1672 region_rec_diffs(6,173)        0.68978491     -3     3    8.5632562e-07
1673 region_rec_diffs(6,174)        -0.015045732     -3     3    2.4002588e-07
1674 region_rec_diffs(6,175)        -0.4563398     -3     3    -3.8402394e-07
1675 region_rec_diffs(6,176)        -1.3198113     -3     3    -6.2473253e-07
1676 region_rec_diffs(6,177)        -1.750292     -3     3    -1.6851203e-07
1677 region_rec_diffs(6,178)        -1.5344201     -3     3    -1.5107513e-08
1678 region_rec_diffs(6,179)        -0.43197438     -3     3    -1.6943319e-06
1679 region_rec_diffs(6,180)        0.93166043     -3     3    -1.9779407e-07
1680 region_rec_diffs(6,181)        0.047046424     -3     3    6.9667942e-07
1681 region_rec_diffs(6,182)        -0.58435993     -3     3    -3.9639254e-07
1682 region_rec_diffs(6,183)        -0.74500856     -3     3    -3.2599774e-07
1683 region_rec_diffs(6,184)        -0.75835378     -3     3    -2.3086358e-07
1684 region_rec_diffs(6,185)        -1.0695937     -3     3    -6.0736566e-07
1685 region_rec_diffs(6,186)        -0.67602792     -3     3    7.0917518e-07
1686 region_rec_diffs(6,187)        1.5105386     -3     3    -3.6430449e-07
1687 region_rec_diffs(6,188)        -1.091422     -3     3    -8.3774038e-07
1688 region_rec_diffs(6,189)        -1.4111173     -3     3    -5.0558423e-07
1689 region_rec_diffs(6,190)        -1.4834716     -3     3    -4.7852204e-07
1690 region_rec_diffs(6,191)        -0.96775627     -3     3    6.5447409e-07
1691 region_rec_diffs(6,192)        -0.45086221     -3     3    6.2726486e-07
1692 region_rec_diffs(6,193)        -0.83374541     -3     3    1.4673992e-06
1693 region_rec_diffs(6,194)        -1.063362     -3     3    1.3936421e-06
1694 region_rec_diffs(6,195)        -0.34264427     -3     3    2.1460214e-06
1695 region_rec_diffs(6,196)        0.65404442     -3     3    1.4830203e-06
1696 region_rec_diffs(6,197)        -0.60414492     -3     3    1.7829367e-09
1697 region_rec_diffs(6,198)        -0.74391361     -3     3    -4.9883098e-07
1698 region_rec_diffs(6,199)        0.71453178     -3     3    -2.9509172e-06
1699 region_rec_diffs(6,200)        -0.065322251     -3     3    -2.7122348e-06
1700 region_rec_diffs(6,201)        -1.0155868     -3     3    -2.9355281e-07
1701 region_rec_diffs(6,202)        -1.0989867     -3     3    -8.6899781e-08
1702 region_rec_diffs(6,203)        -0.7828809     -3     3    2.987868e-07
1703 region_rec_diffs(6,204)        1.1349685     -3     3    -1.1486166e-06
1704 region_rec_diffs(6,205)        -0.33513142     -3     3    -7.6489852e-07
1705 region_rec_diffs(6,206)        -1.0877555     -3     3    -5.0306452e-07
1706 region_rec_diffs(6,207)        -1.1812092     -3     3    2.0994283e-07
1707 region_rec_diffs(6,208)        -2.4752663     -3     3    -6.3219138e-07
1708 region_rec_diffs(6,209)        -2.133853     -3     3    -4.7750237e-07
1709 region_rec_diffs(6,210)        -2.1329852     -3     3    -6.3316071e-07
1710 region_rec_diffs(6,211)        0.050644595     -3     3    -1.3555003e-06
1711 region_rec_diffs(6,212)        1.1593838     -3     3    1.2359007e-06
1712 region_rec_diffs(6,213)        -0.75506446     -3     3    -3.4020974e-07
1713 region_rec_diffs(6,214)        -0.60625402     -3     3    -1.888812e-06
1714 region_rec_diffs(6,215)        -0.37685827     -3     3    2.1116641e-06
1715 region_rec_diffs(6,216)        -1.5442643     -3     3    5.5261668e-07
1716 region_rec_diffs(6,217)        -0.81017093     -3     3    -3.1454902e-07
1717 region_rec_diffs(6,218)        1.18281     -3     3    -7.6846153e-07
1718 region_rec_diffs(6,219)        -0.086849436     -3     3    3.3656556e-06
1719 region_rec_diffs(6,220)        -1.8250933     -3     3    5.8817956e-07
1720 region_rec_diffs(6,221)        -1.526985     -3     3    5.1163309e-07
1721 region_rec_diffs(6,222)        -2.049458     -3     3    -2.3919494e-07
1722 region_rec_diffs(6,223)        0.17177614     -3     3    3.74096e-07
1723 region_rec_diffs(6,224)        0.14880635     -3     3    2.3786754e-07
1724 region_rec_diffs(6,225)        -0.14298122     -3     3    -5.5266281e-07
1725 region_rec_diffs(6,226)        -0.62227753     -3     3    2.0672975e-06
1726 region_rec_diffs(6,227)        -0.45784789     -3     3    -1.5478394e-06
1727 region_rec_diffs(6,228)        -1.2036335     -3     3    -8.3872302e-07
1728 region_rec_diffs(6,229)        -0.21222516     -3     3    -3.5256519e-06
1729 region_rec_diffs(6,230)        0.47119877     -3     3    1.7080316e-06
1730 region_rec_diffs(6,231)        -0.40273141     -3     3    2.18901e-06
1731 region_rec_diffs(6,232)        0.59839104     -3     3    -1.2881748e-06
1732 region_rec_diffs(6,233)        -0.1236057     -3     3    -1.0565873e-06
1733 region_rec_diffs(6,234)        -0.23723267     -3     3    8.8075389e-07
1734 region_rec_diffs(6,235)        -0.23259734     -3     3    -1.8219379e-06
1735 region_rec_diffs(6,236)        -0.79818261     -3     3    -1.1169599e-06
1736 region_rec_diffs(6,237)        0.27262253     -3     3    2.4093455e-06
1737 region_rec_diffs(6,238)        -0.21962607     -3     3    3.6599681e-06
1738 region_rec_diffs(6,239)        -0.10582237     -3     3    3.5116279e-06
1739 region_rec_diffs(6,240)        -0.18560075     -3     3    8.0604336e-07
1740 region_rec_diffs(6,241)        -0.76013136     -3     3    5.319539e-07
1741 region_rec_diffs(6,242)        -0.16884243     -3     3    -3.0760993e-06
1742 region_rec_diffs(6,243)        -0.043800274     -3     3    -9.6261525e-07
1743 region_rec_diffs(6,244)        -0.8864438     -3     3    -1.9420594e-06
1744 region_rec_diffs(6,245)        -0.22573103     -3     3    -2.3286642e-06
1745 region_rec_diffs(6,246)        -0.12878978     -3     3    3.0068006e-06
1746 region_rec_diffs(6,247)        -0.82848863     -3     3    -1.2275731e-06
1747 region_rec_diffs(6,248)        0.10412196     -3     3    -3.76302e-08
1748 region_rec_diffs(6,249)        0.50473613     -3     3    -5.4983474e-07
1749 region_rec_diffs(6,250)        -0.23816654     -3     3    1.917073e-06
1750 region_rec_diffs(6,251)        -0.16847304     -3     3    7.5942743e-07
1751 region_rec_diffs(6,252)        -1.7106103     -3     3    4.4818585e-07
1752 region_rec_diffs(6,253)        -1.1034824     -3     3    -2.5998262e-08
1753 region_rec_diffs(6,254)        -0.81216173     -3     3    3.9780511e-07
1754 region_rec_diffs(6,255)        0.99613523     -3     3    -1.5840236e-06
1755 region_rec_diffs(6,256)        -1.1172941     -3     3    -1.4566566e-07
1756 region_rec_diffs(6,257)        -1.3449412     -3     3    -1.1346789e-08
1757 region_rec_diffs(6,258)        -1.0762556     -3     3    1.6694811e-07
1758 region_rec_diffs(6,259)        -0.75652653     -3     3    1.2406665e-06
1759 region_rec_diffs(6,260)        -0.45813466     -3     3    1.8564096e-06
1760 region_rec_diffs(6,261)        -1.4855011     -3     3    1.1654502e-06
1761 region_rec_diffs(6,262)        -1.9693026     -3     3    6.3083994e-07
1762 region_rec_diffs(6,263)        -1.7558075     -3     3    7.6870711e-07
1763 region_rec_diffs(6,264)        0.0066728051     -3     3    4.5181511e-06
1764 region_rec_diffs(6,265)        0.27077154     -3     3    5.6683645e-06
1765 region_rec_diffs(6,266)        -1.1554141     -3     3    9.8724673e-07
1766 region_rec_diffs(6,267)        -0.93767     -3     3    1.0432708e-06
1767 region_rec_diffs(6,268)        -1.0355099     -3     3    1.6543315e-06
1768 region_rec_diffs(6,269)        -1.146264     -3     3    1.0437077e-06
1769 region_rec_diffs(6,270)        -0.56935713     -3     3    1.5562267e-07
1770 region_rec_diffs(6,271)        1.2757985     -3     3    3.391332e-06
1771 region_rec_diffs(6,272)        -0.50590425     -3     3    -1.4878941e-07
1772 region_rec_diffs(6,273)        -0.931872     -3     3    2.9984533e-07
1773 region_rec_diffs(6,274)        -1.5557193     -3     3    -5.1056447e-07
1774 region_rec_diffs(6,275)        -0.52591928     -3     3    1.9491977e-07
1775 region_rec_diffs(6,276)        -0.12321321     -3     3    1.6676429e-07
1776 region_rec_diffs(6,277)        0.072546341     -3     3    -9.1639081e-07
1777 region_rec_diffs(6,278)        -0.35120615     -3     3    -3.3035244e-07
1778 region_rec_diffs(6,279)        -0.13201698     -3     3    6.0354722e-07
1779 region_rec_diffs(7,1)        -1.2184178e-07     -3     3    -2.1593193e-07
1780 region_rec_diffs(7,2)        -1.1796092     -3     3    -6.6462946e-07
1781 region_rec_diffs(7,3)        -1.0769224     -3     3    -4.7894549e-06
1782 region_rec_diffs(7,4)        -1.1090581     -3     3    -7.4382864e-07
1783 region_rec_diffs(7,5)        -1.1438399     -3     3    1.0833585e-06
1784 region_rec_diffs(7,6)        -0.12314493     -3     3    3.7528287e-07
1785 region_rec_diffs(7,7)        -0.1233178     -3     3    6.3388933e-07
1786 region_rec_diffs(7,8)        -2.0029452     -3     3    2.8939947e-06
1787 region_rec_diffs(7,9)        -0.24402445     -3     3    2.1078743e-07
1788 region_rec_diffs(7,10)        -0.25075486     -3     3    -3.8839119e-07
1789 region_rec_diffs(7,11)        -0.21348698     -3     3    1.5811867e-06
1790 region_rec_diffs(7,12)        -2.1560969     -3     3    8.1713019e-07
1791 region_rec_diffs(7,13)        -0.16773421     -3     3    3.3770171e-07
1792 region_rec_diffs(7,14)        -0.63806796     -3     3    -5.2400291e-07
1793 region_rec_diffs(7,15)        0.083852726     -3     3    7.7203545e-07
1794 region_rec_diffs(7,16)        0.21689769     -3     3    -5.4297008e-07
1795 region_rec_diffs(7,17)        0.27963831     -3     3    7.9937684e-09
1796 region_rec_diffs(7,18)        -1.3952116     -3     3    -3.2436197e-06
1797 region_rec_diffs(7,19)        -0.17675348     -3     3    4.4674294e-07
1798 region_rec_diffs(7,20)        -0.17420801     -3     3    -3.6506227e-07
1799 region_rec_diffs(7,21)        -0.5527701     -3     3    -6.1001938e-07
1800 region_rec_diffs(7,22)        -1.800779     -3     3    -1.0266453e-07
1801 region_rec_diffs(7,23)        -0.35495746     -3     3    -6.8001214e-09
1802 region_rec_diffs(7,24)        -1.574083     -3     3    5.1451884e-07
1803 region_rec_diffs(7,25)        -0.91018143     -3     3    1.7218627e-07
1804 region_rec_diffs(7,26)        -2.6336541     -3     3    -1.3595787e-06
1805 region_rec_diffs(7,27)        -0.21986684     -3     3    6.2680082e-07
1806 region_rec_diffs(7,28)        -1.8697076     -3     3    7.5890741e-08
1807 region_rec_diffs(7,29)        -0.54111052     -3     3    -4.0189028e-07
1808 region_rec_diffs(7,30)        0.33811987     -3     3    -3.6323208e-07
1809 region_rec_diffs(7,31)        0.10441049     -3     3    3.1575043e-07
1810 region_rec_diffs(7,32)        0.13276281     -3     3    -2.7016711e-07
1811 region_rec_diffs(7,33)        -0.95071155     -3     3    1.1093547e-06
1812 region_rec_diffs(7,34)        -2.0984164     -3     3    8.209791e-07
1813 region_rec_diffs(7,35)        -0.26276196     -3     3    -1.6491996e-07
1814 region_rec_diffs(7,36)        -1.6723899     -3     3    2.2749526e-07
1815 region_rec_diffs(7,37)        -2.149063     -3     3    9.1334964e-07
1816 region_rec_diffs(7,38)        -0.55791666     -3     3    2.9175293e-07
1817 region_rec_diffs(7,39)        -0.10726274     -3     3    5.1044343e-07
1818 region_rec_diffs(7,40)        -0.076276988     -3     3    3.7871716e-07
1819 region_rec_diffs(7,41)        -1.3656367     -3     3    1.5238289e-06
1820 region_rec_diffs(7,42)        -1.6023161     -3     3    8.7698697e-08
1821 region_rec_diffs(7,43)        -0.089428168     -3     3    -2.4291869e-07
1822 region_rec_diffs(7,44)        -0.24630256     -3     3    -6.8309159e-07
1823 region_rec_diffs(7,45)        -2.312402     -3     3    1.2471278e-06
1824 region_rec_diffs(7,46)        -0.34190115     -3     3    4.9839127e-07
1825 region_rec_diffs(7,47)        -0.22530764     -3     3    8.2283756e-08
1826 region_rec_diffs(7,48)        -1.1287659     -3     3    1.0180525e-06
1827 region_rec_diffs(7,49)        -0.7890483     -3     3    7.8927363e-09
1828 region_rec_diffs(7,50)        0.043705932     -3     3    -2.5198378e-07
1829 region_rec_diffs(7,51)        -0.90420364     -3     3    6.4819021e-07
1830 region_rec_diffs(7,52)        -1.4300566     -3     3    -6.0177769e-07
1831 region_rec_diffs(7,53)        -1.2841946     -3     3    -5.0935615e-06
1832 region_rec_diffs(7,54)        0.41250584     -3     3    5.9968066e-08
1833 region_rec_diffs(7,55)        -0.16656885     -3     3    -5.9071871e-07
1834 region_rec_diffs(7,56)        -0.85453145     -3     3    4.6317635e-08
1835 region_rec_diffs(7,57)        -1.0684375     -3     3    1.4343582e-06
1836 region_rec_diffs(7,58)        -1.282748     -3     3    8.652987e-07
1837 region_rec_diffs(7,59)        -0.028367608     -3     3    -1.4866975e-07
1838 region_rec_diffs(7,60)        -1.652375     -3     3    1.1057072e-06
1839 region_rec_diffs(7,61)        -2.1112802     -3     3    2.1007511e-07
1840 region_rec_diffs(7,62)        -0.082307764     -3     3    7.2778841e-07
1841 region_rec_diffs(7,63)        -0.47683907     -3     3    -2.3289609e-07
1842 region_rec_diffs(7,64)        -0.39792715     -3     3    -1.0399042e-06
1843 region_rec_diffs(7,65)        -1.8525398     -3     3    8.5053359e-07
1844 region_rec_diffs(7,66)        0.16342274     -3     3    -5.5766265e-07
1845 region_rec_diffs(7,67)        -0.3317832     -3     3    1.2782066e-07
1846 region_rec_diffs(7,68)        -0.87631168     -3     3    7.3200875e-07
1847 region_rec_diffs(7,69)        -1.2056893     -3     3    1.6257804e-06
1848 region_rec_diffs(7,70)        -0.13031552     -3     3    -2.5035522e-07
1849 region_rec_diffs(7,71)        -0.28165274     -3     3    -1.8232718e-06
1850 region_rec_diffs(7,72)        -0.53483131     -3     3    -3.3361883e-07
1851 region_rec_diffs(7,73)        0.080461635     -3     3    -9.7682799e-07
1852 region_rec_diffs(7,74)        -1.196263     -3     3    1.4848925e-06
1853 region_rec_diffs(7,75)        0.28167863     -3     3    -7.2291175e-08
1854 region_rec_diffs(7,76)        0.47577265     -3     3    -9.1426728e-08
1855 region_rec_diffs(7,77)        -0.052316567     -3     3    1.3857609e-06
1856 region_rec_diffs(7,78)        -0.63904787     -3     3    -9.2941346e-08
1857 region_rec_diffs(7,79)        -0.13381057     -3     3    -4.7058196e-07
1858 region_rec_diffs(7,80)        -1.1467349     -3     3    7.0539458e-07
1859 region_rec_diffs(7,81)        -0.85857292     -3     3    -4.9612668e-07
1860 region_rec_diffs(7,82)        -0.35591146     -3     3    -5.8084097e-07
1861 region_rec_diffs(7,83)        -0.48806797     -3     3    1.2610499e-06
1862 region_rec_diffs(7,84)        -0.024938992     -3     3    -7.4594777e-07
1863 region_rec_diffs(7,85)        -0.35249303     -3     3    4.1958569e-07
1864 region_rec_diffs(7,86)        0.13758202     -3     3    4.0167081e-07
1865 region_rec_diffs(7,87)        -0.74589359     -3     3    -7.5403881e-07
1866 region_rec_diffs(7,88)        -1.5188877     -3     3    2.6201248e-07
1867 region_rec_diffs(7,89)        0.40899108     -3     3    1.6017965e-07
1868 region_rec_diffs(7,90)        0.25703692     -3     3    -3.0965722e-08
1869 region_rec_diffs(7,91)        0.021819174     -3     3    6.7665421e-07
1870 region_rec_diffs(7,92)        -0.53979236     -3     3    -1.7218664e-06
1871 region_rec_diffs(7,93)        -1.7174882     -3     3    1.5924082e-07
1872 region_rec_diffs(7,94)        -2.6267284     -3     3    -1.5755526e-07
1873 region_rec_diffs(7,95)        -1.276102     -3     3    -1.0727539e-06
1874 region_rec_diffs(7,96)        0.11151045     -3     3    6.8462491e-07
1875 region_rec_diffs(7,97)        -1.373374     -3     3    3.2829693e-07
1876 region_rec_diffs(7,98)        -1.1185264     -3     3    -6.278549e-07
1877 region_rec_diffs(7,99)        -0.84515488     -3     3    -2.2711978e-08
1878 region_rec_diffs(7,100)        0.2653614     -3     3    -1.0983994e-06
1879 region_rec_diffs(7,101)        -1.3744141     -3     3    -3.5448325e-07
1880 region_rec_diffs(7,102)        0.02510483     -3     3    -6.7790771e-07
1881 region_rec_diffs(7,103)        -0.40760931     -3     3    1.2237295e-07
1882 region_rec_diffs(7,104)        -1.6093912     -3     3    -1.7166925e-06
1883 region_rec_diffs(7,105)        -0.22021957     -3     3    -4.9966471e-08
1884 region_rec_diffs(7,106)        -0.063169711     -3     3    -1.5903873e-07
1885 region_rec_diffs(7,107)        -0.16845485     -3     3    -1.884819e-07
1886 region_rec_diffs(7,108)        -0.59897288     -3     3    -1.0514001e-06
1887 region_rec_diffs(7,109)        -0.85787677     -3     3    -6.4665987e-07
1888 region_rec_diffs(7,110)        0.046052547     -3     3    -1.8937462e-07
1889 region_rec_diffs(7,111)        0.11882442     -3     3    1.0901912e-06
1890 region_rec_diffs(7,112)        -0.82712289     -3     3    9.7396953e-07
1891 region_rec_diffs(7,113)        -0.98218552     -3     3    -1.7415738e-06
1892 region_rec_diffs(7,114)        0.39976823     -3     3    4.6623257e-08
1893 region_rec_diffs(7,115)        -0.13580308     -3     3    5.9857896e-07
1894 region_rec_diffs(7,116)        -1.5097938     -3     3    8.7004793e-07
1895 region_rec_diffs(7,117)        -1.718615     -3     3    1.5684016e-06
1896 region_rec_diffs(7,118)        0.17430567     -3     3    -2.5304448e-09
1897 region_rec_diffs(7,119)        -0.51674452     -3     3    -7.2677073e-07
1898 region_rec_diffs(7,120)        -0.40318542     -3     3    3.2795031e-06
1899 region_rec_diffs(7,121)        -1.60513     -3     3    -9.8481877e-07
1900 region_rec_diffs(7,122)        -0.66757158     -3     3    -4.4999476e-06
1901 region_rec_diffs(7,123)        0.48877606     -3     3    -1.8045584e-07
1902 region_rec_diffs(7,124)        -2.6660004     -3     3    2.0525169e-06
1903 region_rec_diffs(7,125)        -1.4882632     -3     3    -2.2136874e-06
1904 region_rec_diffs(7,126)        0.0090878013     -3     3    8.9006257e-07
1905 region_rec_diffs(7,127)        0.74138675     -3     3    5.7961652e-07
1906 region_rec_diffs(7,128)        -0.15776819     -3     3    -1.2875244e-07
1907 region_rec_diffs(7,129)        -1.5585664     -3     3    -8.3972441e-07
1908 region_rec_diffs(7,130)        0.74321511     -3     3    5.082715e-07
1909 region_rec_diffs(7,131)        0.59854831     -3     3    -2.9676891e-07
1910 region_rec_diffs(7,132)        -2.8034116     -3     3    8.2244796e-08
1911 region_rec_diffs(7,133)        -0.54731546     -3     3    2.2799707e-06
1912 region_rec_diffs(7,134)        0.50354215     -3     3    2.7382999e-07
1913 region_rec_diffs(7,135)        -0.65578445     -3     3    -1.2210132e-07
1914 region_rec_diffs(7,136)        -1.5407386     -3     3    -3.2573444e-07
1915 region_rec_diffs(7,137)        0.65820626     -3     3    3.0603942e-07
1916 region_rec_diffs(7,138)        -0.87630833     -3     3    -1.1466276e-08
1917 region_rec_diffs(7,139)        0.55324082     -3     3    -2.2336483e-07
1918 region_rec_diffs(7,140)        0.97651208     -3     3    -7.7342716e-08
1919 region_rec_diffs(7,141)        -2.0365609     -3     3    -1.2171681e-06
1920 region_rec_diffs(7,142)        0.024058956     -3     3    -6.8038168e-07
1921 region_rec_diffs(7,143)        0.6876413     -3     3    -2.4194653e-07
1922 region_rec_diffs(7,144)        -0.45402138     -3     3    -4.0692764e-06
1923 region_rec_diffs(7,145)        -0.37486967     -3     3    -1.3454866e-06
1924 region_rec_diffs(7,146)        -1.2707142     -3     3    -9.3185899e-07
1925 region_rec_diffs(7,147)        -1.2424701     -3     3    -1.4958312e-07
1926 region_rec_diffs(7,148)        -0.67505106     -3     3    1.3498085e-06
1927 region_rec_diffs(7,149)        -1.1607256     -3     3    5.5925329e-07
1928 region_rec_diffs(7,150)        -0.72877651     -3     3    -5.3819322e-07
1929 region_rec_diffs(7,151)        -0.67409799     -3     3    -8.1845278e-08
1930 region_rec_diffs(7,152)        0.62499604     -3     3    5.4946446e-07
1931 region_rec_diffs(7,153)        -2.0180335     -3     3    7.7693376e-07
1932 region_rec_diffs(7,154)        -0.85234236     -3     3    1.3769153e-06
1933 region_rec_diffs(7,155)        -1.0168124     -3     3    1.4137267e-06
1934 region_rec_diffs(7,156)        0.092046872     -3     3    2.0114608e-06
1935 region_rec_diffs(7,157)        -2.3465902     -3     3    -4.0671099e-07
1936 region_rec_diffs(7,158)        0.57858054     -3     3    1.5138098e-07
1937 region_rec_diffs(7,159)        -0.95390497     -3     3    9.4973594e-07
1938 region_rec_diffs(7,160)        0.054899527     -3     3    -3.0434784e-06
1939 region_rec_diffs(7,161)        -1.9396479     -3     3    -2.4923222e-07
1940 region_rec_diffs(7,162)        -0.35253724     -3     3    5.2097102e-07
1941 region_rec_diffs(7,163)        0.17749854     -3     3    -9.2700604e-07
1942 region_rec_diffs(7,164)        -1.6988445     -3     3    -3.2764701e-06
1943 region_rec_diffs(7,165)        -0.57302943     -3     3    1.1604915e-06
1944 region_rec_diffs(7,166)        0.65201815     -3     3    -1.0855055e-06
1945 region_rec_diffs(7,167)        -0.48383652     -3     3    -3.4820391e-07
1946 region_rec_diffs(7,168)        -0.57765155     -3     3    2.3031504e-06
1947 region_rec_diffs(7,169)        -0.76452197     -3     3    1.0474407e-06
1948 region_rec_diffs(7,170)        0.62070071     -3     3    -1.3361774e-06
1949 region_rec_diffs(7,171)        -1.4693953     -3     3    -2.3601151e-06
1950 region_rec_diffs(7,172)        -2.217822     -3     3    6.031024e-07
1951 region_rec_diffs(7,173)        -2.2862653     -3     3    -1.5330269e-06
1952 region_rec_diffs(7,174)        -0.11727085     -3     3    -5.4937774e-07
1953 region_rec_diffs(7,175)        -0.011104984     -3     3    -4.3829826e-06
1954 region_rec_diffs(7,176)        0.71529755     -3     3    1.4981628e-07
1955 region_rec_diffs(7,177)        0.54890695     -3     3    1.8887074e-07
1956 region_rec_diffs(7,178)        -1.4831134     -3     3    -1.7330165e-07
1957 region_rec_diffs(7,179)        -0.49164207     -3     3    -2.1064642e-06
1958 region_rec_diffs(7,180)        -0.26248457     -3     3    9.1712272e-07
1959 region_rec_diffs(7,181)        -0.24747454     -3     3    -9.8799444e-07
1960 region_rec_diffs(7,182)        0.92475349     -3     3    -3.4966837e-07
1961 region_rec_diffs(7,183)        0.43168199     -3     3    -9.0943082e-07
1962 region_rec_diffs(7,184)        0.14928879     -3     3    6.9128768e-07
1963 region_rec_diffs(7,185)        -2.1696126     -3     3    2.1107689e-07
1964 region_rec_diffs(7,186)        -0.48933086     -3     3    -1.2183451e-06
1965 region_rec_diffs(7,187)        -0.216823     -3     3    3.3892034e-07
1966 region_rec_diffs(7,188)        0.41348449     -3     3    -2.4296662e-07
1967 region_rec_diffs(7,189)        -0.93623972     -3     3    1.6474953e-06
1968 region_rec_diffs(7,190)        0.54148849     -3     3    1.883451e-06
1969 region_rec_diffs(7,191)        -0.083162519     -3     3    -1.9513095e-06
1970 region_rec_diffs(7,192)        -0.79932457     -3     3    -1.392629e-06
1971 region_rec_diffs(7,193)        -2.9819441     -3     3    -4.2135653e-06
1972 region_rec_diffs(7,194)        -0.3847878     -3     3    2.1908842e-06
1973 region_rec_diffs(7,195)        -0.36312315     -3     3    -1.8319469e-06
1974 region_rec_diffs(7,196)        -1.5588576     -3     3    -1.2473585e-06
1975 region_rec_diffs(7,197)        -1.1567588     -3     3    1.3138919e-06
1976 region_rec_diffs(7,198)        0.51270563     -3     3    -9.2219489e-07
1977 region_rec_diffs(7,199)        -0.61196034     -3     3    3.6083941e-07
1978 region_rec_diffs(7,200)        0.60092394     -3     3    6.2563786e-07
1979 region_rec_diffs(7,201)        -1.2644225     -3     3    4.9909514e-07
1980 region_rec_diffs(7,202)        -1.5565401     -3     3    1.2363505e-06
1981 region_rec_diffs(7,203)        -1.9505659     -3     3    1.8848507e-06
1982 region_rec_diffs(7,204)        -0.94091418     -3     3    4.0912577e-06
1983 region_rec_diffs(7,205)        -0.74712457     -3     3    1.3612206e-06
1984 region_rec_diffs(7,206)        0.72835217     -3     3    3.4934597e-06
1985 region_rec_diffs(7,207)        -0.53398552     -3     3    1.2599236e-06
1986 region_rec_diffs(7,208)        1.016613     -3     3    -3.5023057e-07
1987 region_rec_diffs(7,209)        -1.4159661     -3     3    -1.054608e-07
1988 region_rec_diffs(7,210)        -2.1673959     -3     3    5.1718209e-08
1989 region_rec_diffs(7,211)        -2.3276052     -3     3    -1.3281535e-07
1990 region_rec_diffs(7,212)        -0.051948097     -3     3    -9.214259e-07
1991 region_rec_diffs(7,213)        -0.21579777     -3     3    3.717022e-06
1992 region_rec_diffs(7,214)        0.64517299     -3     3    -1.0768562e-06
1993 region_rec_diffs(7,215)        -0.42610411     -3     3    -3.2503319e-06
1994 region_rec_diffs(7,216)        0.37635565     -3     3    -4.2760234e-07
1995 region_rec_diffs(7,217)        -0.42451772     -3     3    -6.8124153e-07
1996 region_rec_diffs(7,218)        0.3247442     -3     3    6.0439097e-07
1997 region_rec_diffs(7,219)        -0.26701001     -3     3    -1.8419779e-06
1998 region_rec_diffs(7,220)        -0.33833851     -3     3    1.6398178e-06
1999 region_rec_diffs(7,221)        -0.80637355     -3     3    -1.0113834e-06
2000 region_rec_diffs(7,222)        -0.99535935     -3     3    2.1205209e-06
2001 region_rec_diffs(7,223)        -0.76138509     -3     3    1.0106322e-06
2002 region_rec_diffs(7,224)        -0.94170654     -3     3    -8.842791e-07
2003 region_rec_diffs(7,225)        0.10368686     -3     3    -6.5244167e-07
2004 region_rec_diffs(7,226)        0.78276348     -3     3    2.3925366e-08
2005 region_rec_diffs(7,227)        0.28450286     -3     3    -2.2629931e-07
2006 region_rec_diffs(7,228)        0.4488712     -3     3    3.4013138e-07
2007 region_rec_diffs(7,229)        -2.2992574     -3     3    1.8380765e-06
2008 region_rec_diffs(7,230)        -1.4752534     -3     3    2.7297233e-06
2009 region_rec_diffs(7,231)        -2.2790893     -3     3    -1.2652894e-06
2010 region_rec_diffs(7,232)        -2.7914409     -3     3    -1.3255624e-06
2011 region_rec_diffs(7,233)        -2.9999999     -3     3    -2.1409104e-06   *************
2012 region_rec_diffs(7,234)        -0.32742014     -3     3    -2.5902386e-07
2013 region_rec_diffs(7,235)        -0.73085845     -3     3    -7.0973861e-07
2014 region_rec_diffs(7,236)        0.012339202     -3     3    -4.2121091e-07
2015 region_rec_diffs(7,237)        -0.77807466     -3     3    2.7974487e-07
2016 region_rec_diffs(7,238)        0.18711147     -3     3    5.4601889e-07
2017 region_rec_diffs(7,239)        -0.1377587     -3     3    1.2098279e-06
2018 region_rec_diffs(7,240)        -0.90730395     -3     3    1.6849951e-06
2019 region_rec_diffs(7,241)        -1.8687696     -3     3    8.2670138e-08
2020 region_rec_diffs(7,242)        -0.31235126     -3     3    1.3385853e-06
2021 region_rec_diffs(7,243)        -0.37463313     -3     3    1.3577214e-06
2022 region_rec_diffs(7,244)        -0.25971686     -3     3    -1.4272894e-06
2023 region_rec_diffs(7,245)        -0.31633584     -3     3    -5.8800799e-07
2024 region_rec_diffs(7,246)        -0.33671153     -3     3    7.4275549e-09
2025 region_rec_diffs(7,247)        -0.72702741     -3     3    5.7128351e-08
2026 region_rec_diffs(7,248)        -1.3168436     -3     3    -2.0928577e-07
2027 region_rec_diffs(7,249)        0.1804964     -3     3    4.014145e-07
2028 region_rec_diffs(7,250)        0.43403686     -3     3    3.2517963e-08
2029 region_rec_diffs(7,251)        -0.052270032     -3     3    2.6630645e-07
2030 region_rec_diffs(7,252)        -0.26529994     -3     3    1.4466094e-06
2031 region_rec_diffs(7,253)        -0.48742359     -3     3    -4.1562932e-07
2032 region_rec_diffs(7,254)        0.28331541     -3     3    4.8522364e-07
2033 region_rec_diffs(7,255)        0.011022567     -3     3    -9.6150576e-07
2034 region_rec_diffs(7,256)        -0.3266541     -3     3    1.5190363e-08
2035 region_rec_diffs(7,257)        -0.3074181     -3     3    -3.1858094e-07
2036 region_rec_diffs(7,258)        0.3787499     -3     3    -3.9304304e-07
2037 region_rec_diffs(7,259)        0.57531978     -3     3    -3.7925674e-07
2038 region_rec_diffs(7,260)        -0.48106516     -3     3    -5.1393273e-07
2039 region_rec_diffs(7,261)        -1.5361425     -3     3    -8.5534013e-07
2040 region_rec_diffs(7,262)        0.62051569     -3     3    9.8993102e-08
2041 region_rec_diffs(7,263)        -0.16844856     -3     3    1.9923215e-07
2042 region_rec_diffs(7,264)        -1.0379865     -3     3    4.0939283e-06
2043 region_rec_diffs(7,265)        -0.40521761     -3     3    -1.0515282e-06
2044 region_rec_diffs(7,266)        0.51275083     -3     3    -1.5393593e-07
2045 region_rec_diffs(7,267)        0.15153444     -3     3    4.6451831e-07
2046 region_rec_diffs(7,268)        -0.9937197     -3     3    7.9722292e-06
2047 region_rec_diffs(7,269)        -0.78650744     -3     3    9.838205e-06
2048 region_rec_diffs(7,270)        0.11951835     -3     3    -6.3864736e-06
2049 region_rec_diffs(7,271)        -0.51224695     -3     3    -3.037554e-06
2050 region_rec_diffs(7,272)        0.45829071     -3     3    -2.1864448e-06
2051 region_rec_diffs(7,273)        0.5088629     -3     3    -2.2469218e-07
2052 region_rec_diffs(7,274)        -0.97413829     -3     3    1.7913201e-06
2053 region_rec_diffs(7,275)        0.46762218     -3     3    5.4453628e-07
2054 region_rec_diffs(7,276)        -0.48326291     -3     3    -1.0061769e-06
2055 region_rec_diffs(7,277)        -1.3779061     -3     3    1.4210512e-06
2056 region_rec_diffs(7,278)        -0.36798727     -3     3    -3.8557157e-07
2057 region_rec_diffs(7,279)        0.40482666     -3     3    -1.0886012e-06
2058 region_rec_diffs(8,1)        -1.8146574e-08     -3     3    -4.4729023e-08
2059 region_rec_diffs(8,2)        -1.7954876     -3     3    -1.5283937e-06
2060 region_rec_diffs(8,3)        -1.8945736     -3     3    -1.3018177e-07
2061 region_rec_diffs(8,4)        -1.8414773     -3     3    1.0971827e-07
2062 region_rec_diffs(8,5)        -1.8555869     -3     3    -2.812085e-06
2063 region_rec_diffs(8,6)        -0.2727803     -3     3    1.8873202e-07
2064 region_rec_diffs(8,7)        -0.31566688     -3     3    -5.1804782e-08
2065 region_rec_diffs(8,8)        -2.1707723     -3     3    -2.4810843e-07
2066 region_rec_diffs(8,9)        -0.25499653     -3     3    1.5638907e-07
2067 region_rec_diffs(8,10)        -0.14013419     -3     3    -3.7370521e-07
2068 region_rec_diffs(8,11)        -0.056848573     -3     3    1.0808237e-06
2069 region_rec_diffs(8,12)        -1.3224226     -3     3    9.4268443e-08
2070 region_rec_diffs(8,13)        -0.10357943     -3     3    -1.0884872e-06
2071 region_rec_diffs(8,14)        -0.62241372     -3     3    -8.9939064e-07
2072 region_rec_diffs(8,15)        -0.011266909     -3     3    1.1580125e-07
2073 region_rec_diffs(8,16)        -0.080241777     -3     3    -7.7817371e-08
2074 region_rec_diffs(8,17)        -0.20274846     -3     3    -1.0265145e-07
2075 region_rec_diffs(8,18)        -1.4877409     -3     3    5.4972282e-08
2076 region_rec_diffs(8,19)        -0.18094894     -3     3    -5.7735235e-07
2077 region_rec_diffs(8,20)        -0.27243359     -3     3    1.0669878e-06
2078 region_rec_diffs(8,21)        -0.86003392     -3     3    -1.3325596e-07
2079 region_rec_diffs(8,22)        -1.6875243     -3     3    -4.7930731e-07
2080 region_rec_diffs(8,23)        -0.22061881     -3     3    1.507054e-08
2081 region_rec_diffs(8,24)        -1.0023825     -3     3    8.1000243e-07
2082 region_rec_diffs(8,25)        -0.51423211     -3     3    2.30741e-07
2083 region_rec_diffs(8,26)        -2.1128118     -3     3    -2.2551991e-08
2084 region_rec_diffs(8,27)        -0.18728006     -3     3    3.4642511e-07
2085 region_rec_diffs(8,28)        -1.8614962     -3     3    4.1925579e-07
2086 region_rec_diffs(8,29)        -1.2429155     -3     3    -1.0713947e-06
2087 region_rec_diffs(8,30)        -0.34872669     -3     3    4.0935232e-07
2088 region_rec_diffs(8,31)        -0.066277371     -3     3    -1.4245829e-07
2089 region_rec_diffs(8,32)        -0.21102069     -3     3    9.9084239e-07
2090 region_rec_diffs(8,33)        -0.72362513     -3     3    2.2405044e-07
2091 region_rec_diffs(8,34)        -1.5866311     -3     3    9.6997271e-08
2092 region_rec_diffs(8,35)        -0.10010359     -3     3    -8.6399967e-08
2093 region_rec_diffs(8,36)        -0.92504243     -3     3    3.3394486e-07
2094 region_rec_diffs(8,37)        -1.2360565     -3     3    1.4289671e-06
2095 region_rec_diffs(8,38)        -0.24465074     -3     3    -6.9189905e-07
2096 region_rec_diffs(8,39)        -0.024365683     -3     3    1.6763047e-07
2097 region_rec_diffs(8,40)        -0.10676849     -3     3    2.2790497e-08
2098 region_rec_diffs(8,41)        -1.3787317     -3     3    3.2110708e-07
2099 region_rec_diffs(8,42)        -1.5048956     -3     3    1.8783249e-07
2100 region_rec_diffs(8,43)        -0.11810674     -3     3    -2.2358755e-07
2101 region_rec_diffs(8,44)        -0.31831483     -3     3    -1.6054421e-06
2102 region_rec_diffs(8,45)        -1.9277568     -3     3    2.3991912e-07
2103 region_rec_diffs(8,46)        -0.22716199     -3     3    1.9163573e-07
2104 region_rec_diffs(8,47)        -0.11699511     -3     3    -1.5486668e-07
2105 region_rec_diffs(8,48)        -0.7677885     -3     3    1.8580569e-07
2106 region_rec_diffs(8,49)        -1.5699855     -3     3    -1.5579183e-07
2107 region_rec_diffs(8,50)        -0.058116701     -3     3    -2.6291901e-07
2108 region_rec_diffs(8,51)        -0.54458631     -3     3    -6.3297256e-08
2109 region_rec_diffs(8,52)        -1.166778     -3     3    -1.1884435e-07
2110 region_rec_diffs(8,53)        -1.7417458     -3     3    -3.9421376e-07
2111 region_rec_diffs(8,54)        -0.13048993     -3     3    7.2595501e-07
2112 region_rec_diffs(8,55)        -0.066927659     -3     3    2.9463242e-07
2113 region_rec_diffs(8,56)        -0.42182283     -3     3    3.5026384e-07
2114 region_rec_diffs(8,57)        -0.74072934     -3     3    2.070586e-07
2115 region_rec_diffs(8,58)        -1.1806321     -3     3    -1.6042394e-08
2116 region_rec_diffs(8,59)        -0.076191753     -3     3    -3.0095315e-08
2117 region_rec_diffs(8,60)        -1.3017003     -3     3    7.7368176e-07
2118 region_rec_diffs(8,61)        -1.8304827     -3     3    -9.3949378e-07
2119 region_rec_diffs(8,62)        -0.21097966     -3     3    -1.4007813e-07
2120 region_rec_diffs(8,63)        -0.32308706     -3     3    -3.6511842e-07
2121 region_rec_diffs(8,64)        -0.4579446     -3     3    -2.5594051e-08
2122 region_rec_diffs(8,65)        -1.8970445     -3     3    7.0666628e-07
2123 region_rec_diffs(8,66)        -0.13257832     -3     3    -3.1488927e-07
2124 region_rec_diffs(8,67)        -0.28549111     -3     3    -7.5591385e-08
2125 region_rec_diffs(8,68)        -0.73941612     -3     3    1.6793071e-07
2126 region_rec_diffs(8,69)        -1.5795951     -3     3    6.5701309e-07
2127 region_rec_diffs(8,70)        -0.8852815     -3     3    5.0167101e-08
2128 region_rec_diffs(8,71)        -0.19834201     -3     3    -3.2075245e-07
2129 region_rec_diffs(8,72)        -0.69387368     -3     3    -2.0202423e-07
2130 region_rec_diffs(8,73)        -0.78584751     -3     3    -6.6993269e-07
2131 region_rec_diffs(8,74)        -0.94196873     -3     3    5.5340766e-07
2132 region_rec_diffs(8,75)        -0.035624869     -3     3    1.1875869e-07
2133 region_rec_diffs(8,76)        -0.20387361     -3     3    5.5808134e-07
2134 region_rec_diffs(8,77)        -0.98340278     -3     3    1.0079006e-06
2135 region_rec_diffs(8,78)        -0.65476203     -3     3    4.3437145e-07
2136 region_rec_diffs(8,79)        -0.19265077     -3     3    -2.0268243e-07
2137 region_rec_diffs(8,80)        -1.1597648     -3     3    -1.622644e-06
2138 region_rec_diffs(8,81)        -1.0029475     -3     3    -2.8867253e-06
2139 region_rec_diffs(8,82)        -1.191792     -3     3    2.4975734e-06
2140 region_rec_diffs(8,83)        1.8126725     -3     3    -1.2518252e-07
2141 region_rec_diffs(8,84)        -0.10712324     -3     3    -1.1605518e-06
2142 region_rec_diffs(8,85)        -0.48528875     -3     3    -4.4710533e-07
2143 region_rec_diffs(8,86)        -0.023109789     -3     3    2.9196423e-07
2144 region_rec_diffs(8,87)        -0.3518969     -3     3    -3.9693732e-07
2145 region_rec_diffs(8,88)        -1.0062431     -3     3    -5.2375388e-07
2146 region_rec_diffs(8,89)        -0.16159747     -3     3    5.3992482e-07
2147 region_rec_diffs(8,90)        -0.43574687     -3     3    -1.6022402e-06
2148 region_rec_diffs(8,91)        -0.31445873     -3     3    1.4838343e-07
2149 region_rec_diffs(8,92)        -0.34742637     -3     3    -8.9235533e-07
2150 region_rec_diffs(8,93)        -0.85134672     -3     3    -8.3820114e-08
2151 region_rec_diffs(8,94)        -0.87985692     -3     3    -8.2232069e-08
2152 region_rec_diffs(8,95)        1.9017845     -3     3    2.1152232e-06
2153 region_rec_diffs(8,96)        -0.17331599     -3     3    1.5317901e-06
2154 region_rec_diffs(8,97)        -0.77106867     -3     3    2.618087e-07
2155 region_rec_diffs(8,98)        0.27131477     -3     3    3.3783139e-07
2156 region_rec_diffs(8,99)        0.98225956     -3     3    -6.2334035e-07
2157 region_rec_diffs(8,100)        -0.57472254     -3     3    4.9209478e-07
2158 region_rec_diffs(8,101)        0.02585068     -3     3    -5.6632132e-07
2159 region_rec_diffs(8,102)        0.006693298     -3     3    -1.2988502e-07
2160 region_rec_diffs(8,103)        -0.11899543     -3     3    -1.4809966e-07
2161 region_rec_diffs(8,104)        0.41597415     -3     3    2.448816e-06
2162 region_rec_diffs(8,105)        -0.12767581     -3     3    -1.9876733e-07
2163 region_rec_diffs(8,106)        -0.062608965     -3     3    -2.8512481e-08
2164 region_rec_diffs(8,107)        -0.16096669     -3     3    1.2922625e-07
2165 region_rec_diffs(8,108)        -0.60529909     -3     3    3.4021137e-07
2166 region_rec_diffs(8,109)        0.57936237     -3     3    6.2212981e-07
2167 region_rec_diffs(8,110)        0.0018053826     -3     3    -3.6641069e-09
2168 region_rec_diffs(8,111)        -0.024065449     -3     3    1.4339887e-07
2169 region_rec_diffs(8,112)        -0.14625933     -3     3    1.7440559e-06
2170 region_rec_diffs(8,113)        0.31186567     -3     3    6.4966186e-07
2171 region_rec_diffs(8,114)        -0.10875951     -3     3    1.2328578e-07
2172 region_rec_diffs(8,115)        -0.018281904     -3     3    1.5054995e-07
2173 region_rec_diffs(8,116)        -0.11648153     -3     3    1.6638005e-06
2174 region_rec_diffs(8,117)        0.27834318     -3     3    1.3960638e-06
2175 region_rec_diffs(8,118)        0.15556851     -3     3    3.0364995e-07
2176 region_rec_diffs(8,119)        0.033075899     -3     3    -5.3076654e-07
2177 region_rec_diffs(8,120)        1.7860408     -3     3    -6.0494524e-07
2178 region_rec_diffs(8,121)        -0.35010603     -3     3    -1.4964528e-07
2179 region_rec_diffs(8,122)        -0.38125798     -3     3    -2.4924701e-08
2180 region_rec_diffs(8,123)        0.0031690169     -3     3    -2.9095226e-07
2181 region_rec_diffs(8,124)        1.2073303     -3     3    -1.6705278e-06
2182 region_rec_diffs(8,125)        1.1984567     -3     3    2.5652948e-06
2183 region_rec_diffs(8,126)        0.09343859     -3     3    -3.2053749e-06
2184 region_rec_diffs(8,127)        0.015947214     -3     3    -1.221173e-06
2185 region_rec_diffs(8,128)        1.6012568     -3     3    -5.1780222e-07
2186 region_rec_diffs(8,129)        -0.44180922     -3     3    -7.7723934e-08
2187 region_rec_diffs(8,130)        0.036920479     -3     3    1.1016604e-06
2188 region_rec_diffs(8,131)        0.10067786     -3     3    -4.9480898e-07
2189 region_rec_diffs(8,132)        1.8539103     -3     3    -1.8835597e-06
2190 region_rec_diffs(8,133)        -0.0056596363     -3     3    4.9604235e-07
2191 region_rec_diffs(8,134)        0.10357582     -3     3    -1.005346e-06
2192 region_rec_diffs(8,135)        1.8985484     -3     3    1.8109037e-06
2193 region_rec_diffs(8,136)        -0.17856795     -3     3    6.736096e-07
2194 region_rec_diffs(8,137)        -0.1581121     -3     3    1.198189e-07
2195 region_rec_diffs(8,138)        -0.29888342     -3     3    5.8663634e-07
2196 region_rec_diffs(8,139)        -0.035408918     -3     3    9.6209587e-08
2197 region_rec_diffs(8,140)        0.21056698     -3     3    3.2203303e-07
2198 region_rec_diffs(8,141)        -0.19881483     -3     3    -1.6895921e-06
2199 region_rec_diffs(8,142)        0.14680101     -3     3    -1.8313915e-07
2200 region_rec_diffs(8,143)        -0.016720864     -3     3    3.4022472e-07
2201 region_rec_diffs(8,144)        0.68274573     -3     3    2.5673269e-06
2202 region_rec_diffs(8,145)        0.71396803     -3     3    4.5849146e-06
2203 region_rec_diffs(8,146)        2.2838779     -3     3    9.9288253e-07
2204 region_rec_diffs(8,147)        2.3493825     -3     3    1.2920091e-06
2205 region_rec_diffs(8,148)        0.48053067     -3     3    -1.6989966e-06
2206 region_rec_diffs(8,149)        -0.52014593     -3     3    2.0185809e-07
2207 region_rec_diffs(8,150)        -0.29308216     -3     3    2.0675618e-08
2208 region_rec_diffs(8,151)        1.1485063     -3     3    -1.0007832e-07
2209 region_rec_diffs(8,152)        -0.012271907     -3     3    -1.0712783e-06
2210 region_rec_diffs(8,153)        1.047345     -3     3    -1.6817717e-06
2211 region_rec_diffs(8,154)        2.1955806     -3     3    -1.0061671e-06
2212 region_rec_diffs(8,155)        2.3901327     -3     3    9.3895264e-07
2213 region_rec_diffs(8,156)        -1.4469345     -3     3    -1.0565736e-07
2214 region_rec_diffs(8,157)        -1.2571151     -3     3    -4.7413243e-07
2215 region_rec_diffs(8,158)        -0.47832271     -3     3    -1.7876492e-08
2216 region_rec_diffs(8,159)        0.85007876     -3     3    2.4183438e-07
2217 region_rec_diffs(8,160)        2.1809783     -3     3    3.750174e-06
2218 region_rec_diffs(8,161)        1.412753     -3     3    3.6758442e-07
2219 region_rec_diffs(8,162)        0.29030823     -3     3    -1.7230495e-06
2220 region_rec_diffs(8,163)        1.9604839     -3     3    1.5441532e-06
2221 region_rec_diffs(8,164)        0.66652204     -3     3    -3.0064904e-06
2222 region_rec_diffs(8,165)        -0.28681132     -3     3    -3.3113723e-08
2223 region_rec_diffs(8,166)        -0.39028795     -3     3    4.8170315e-07
2224 region_rec_diffs(8,167)        -0.71037422     -3     3    4.1721704e-07
2225 region_rec_diffs(8,168)        1.932575     -3     3    1.0211466e-06
2226 region_rec_diffs(8,169)        1.313839     -3     3    -8.1428623e-07
2227 region_rec_diffs(8,170)        0.4308784     -3     3    -6.4899146e-07
2228 region_rec_diffs(8,171)        1.9263204     -3     3    -4.3789382e-06
2229 region_rec_diffs(8,172)        1.7929169     -3     3    6.7574688e-07
2230 region_rec_diffs(8,173)        -0.41550581     -3     3    -2.8740113e-06
2231 region_rec_diffs(8,174)        -0.020138243     -3     3    5.1401811e-08
2232 region_rec_diffs(8,175)        -0.46482168     -3     3    -1.1326913e-07
2233 region_rec_diffs(8,176)        -0.78864725     -3     3    -1.2123018e-06
2234 region_rec_diffs(8,177)        0.53328709     -3     3    -1.3624165e-06
2235 region_rec_diffs(8,178)        0.56799578     -3     3    -1.0424221e-06
2236 region_rec_diffs(8,179)        -1.5552823     -3     3    7.3191235e-07
2237 region_rec_diffs(8,180)        -0.75492273     -3     3    -3.2325053e-07
2238 region_rec_diffs(8,181)        -0.90193318     -3     3    -1.1233561e-07
2239 region_rec_diffs(8,182)        -0.49805392     -3     3    7.8106016e-08
2240 region_rec_diffs(8,183)        -0.83484752     -3     3    5.1018919e-07
2241 region_rec_diffs(8,184)        1.4809034     -3     3    -1.4709782e-06
2242 region_rec_diffs(8,185)        0.54879358     -3     3    -1.7177078e-06
2243 region_rec_diffs(8,186)        1.5455308     -3     3    2.777334e-07
2244 region_rec_diffs(8,187)        -1.2265049     -3     3    -1.1275691e-07
2245 region_rec_diffs(8,188)        -1.0780202     -3     3    2.8031204e-07
2246 region_rec_diffs(8,189)        -0.086320499     -3     3    -1.2745401e-06
2247 region_rec_diffs(8,190)        1.5455176     -3     3    -3.1104678e-06
2248 region_rec_diffs(8,191)        0.94015058     -3     3    -9.0757096e-09
2249 region_rec_diffs(8,192)        0.56661587     -3     3    1.2634448e-06
2250 region_rec_diffs(8,193)        -0.49255732     -3     3    2.9558275e-07
2251 region_rec_diffs(8,194)        2.2136826     -3     3    -1.3273419e-06
2252 region_rec_diffs(8,195)        1.788694     -3     3    3.2497374e-06
2253 region_rec_diffs(8,196)        -1.5223284     -3     3    -5.9525978e-07
2254 region_rec_diffs(8,197)        1.3337234     -3     3    1.1195284e-06
2255 region_rec_diffs(8,198)        1.3953322     -3     3    5.2710672e-06
2256 region_rec_diffs(8,199)        0.057190932     -3     3    1.4179904e-06
2257 region_rec_diffs(8,200)        0.59701462     -3     3    2.1855632e-06
2258 region_rec_diffs(8,201)        0.66025313     -3     3    1.1970006e-06
2259 region_rec_diffs(8,202)        1.0655506     -3     3    -3.3637941e-06
2260 region_rec_diffs(8,203)        0.32055604     -3     3    -8.9110459e-07
2261 region_rec_diffs(8,204)        0.57278216     -3     3    -2.3359158e-06
2262 region_rec_diffs(8,205)        0.53909657     -3     3    5.364773e-07
2263 region_rec_diffs(8,206)        1.0935993     -3     3    -2.2977647e-06
2264 region_rec_diffs(8,207)        2.1828013     -3     3    5.5385263e-07
2265 region_rec_diffs(8,208)        0.24049838     -3     3    1.3253696e-06
2266 region_rec_diffs(8,209)        1.0538521     -3     3    -3.4462406e-06
2267 region_rec_diffs(8,210)        -0.38782462     -3     3    -2.4617504e-06
2268 region_rec_diffs(8,211)        -0.36802576     -3     3    -1.4472895e-06
2269 region_rec_diffs(8,212)        0.023060334     -3     3    4.3644211e-07
2270 region_rec_diffs(8,213)        1.3303812     -3     3    -2.3070134e-06
2271 region_rec_diffs(8,214)        0.47100234     -3     3    -7.5216874e-07
2272 region_rec_diffs(8,215)        0.94520842     -3     3    -3.2990729e-06
2273 region_rec_diffs(8,216)        0.036582228     -3     3    -2.5198923e-06
2274 region_rec_diffs(8,217)        -0.50209896     -3     3    -4.6866549e-09
2275 region_rec_diffs(8,218)        -0.46958095     -3     3    -2.9726704e-07
2276 region_rec_diffs(8,219)        -0.99772754     -3     3    -1.6219795e-06
2277 region_rec_diffs(8,220)        -2.138845     -3     3    -1.1561568e-06
2278 region_rec_diffs(8,221)        -2.1143591     -3     3    -3.1052762e-08
2279 region_rec_diffs(8,222)        0.19209668     -3     3    -1.7260938e-06
2280 region_rec_diffs(8,223)        0.39703596     -3     3    2.2044026e-06
2281 region_rec_diffs(8,224)        0.68709838     -3     3    -3.2133929e-06
2282 region_rec_diffs(8,225)        1.9214686     -3     3    6.5400566e-07
2283 region_rec_diffs(8,226)        0.48480953     -3     3    -4.3589567e-07
2284 region_rec_diffs(8,227)        1.1256293     -3     3    7.3545802e-08
2285 region_rec_diffs(8,228)        0.088072885     -3     3    -2.9288617e-07
2286 region_rec_diffs(8,229)        -1.2053873     -3     3    6.3558803e-08
2287 region_rec_diffs(8,230)        0.18236567     -3     3    -1.2772353e-06
2288 region_rec_diffs(8,231)        -1.6333243     -3     3    -4.7635056e-07
2289 region_rec_diffs(8,232)        -0.55867283     -3     3    2.1388939e-06
2290 region_rec_diffs(8,233)        -0.85821826     -3     3    5.6516165e-07
2291 region_rec_diffs(8,234)        0.072467357     -3     3    2.6676199e-06
2292 region_rec_diffs(8,235)        -0.39756106     -3     3    -1.9133239e-06
2293 region_rec_diffs(8,236)        0.36044606     -3     3    -3.05487e-06
2294 region_rec_diffs(8,237)        0.83047532     -3     3    1.9268667e-06
2295 region_rec_diffs(8,238)        0.42869793     -3     3    2.6483574e-06
2296 region_rec_diffs(8,239)        0.91222082     -3     3    2.2764649e-06
2297 region_rec_diffs(8,240)        -0.10962598     -3     3    -1.1824647e-06
2298 region_rec_diffs(8,241)        0.0090024591     -3     3    -4.9544651e-06
2299 region_rec_diffs(8,242)        0.0093467597     -3     3    -1.5275347e-06
2300 region_rec_diffs(8,243)        -1.1837894     -3     3    7.3034727e-07
2301 region_rec_diffs(8,244)        -1.9023035     -3     3    9.4842503e-07
2302 region_rec_diffs(8,245)        0.40854364     -3     3    2.4646749e-06
2303 region_rec_diffs(8,246)        1.0756378     -3     3    6.0942788e-07
2304 region_rec_diffs(8,247)        -0.5007996     -3     3    -2.2464808e-07
2305 region_rec_diffs(8,248)        -0.8005724     -3     3    1.2659997e-06
2306 region_rec_diffs(8,249)        1.2340213     -3     3    1.1100914e-06
2307 region_rec_diffs(8,250)        -0.073046293     -3     3    7.5730108e-07
2308 region_rec_diffs(8,251)        -0.57599587     -3     3    -2.018417e-06
2309 region_rec_diffs(8,252)        -1.6149995     -3     3    5.1198584e-07
2310 region_rec_diffs(8,253)        0.14284867     -3     3    -7.1368747e-07
2311 region_rec_diffs(8,254)        0.85246368     -3     3    4.5582298e-06
2312 region_rec_diffs(8,255)        0.020442402     -3     3    -3.7221754e-06
2313 region_rec_diffs(8,256)        -1.9844466     -3     3    5.0451667e-07
2314 region_rec_diffs(8,257)        -1.8436365     -3     3    -3.0998193e-07
2315 region_rec_diffs(8,258)        -0.43265586     -3     3    -2.4503964e-06
2316 region_rec_diffs(8,259)        -0.21598908     -3     3    2.9343877e-06
2317 region_rec_diffs(8,260)        -1.2126583     -3     3    1.6165444e-06
2318 region_rec_diffs(8,261)        0.44129735     -3     3    9.0907025e-07
2319 region_rec_diffs(8,262)        -0.10453567     -3     3    -5.1550559e-06
2320 region_rec_diffs(8,263)        -0.29982583     -3     3    6.7421249e-07
2321 region_rec_diffs(8,264)        0.37126601     -3     3    5.7094157e-07
2322 region_rec_diffs(8,265)        -0.40973269     -3     3    1.9978e-06
2323 region_rec_diffs(8,266)        0.4870614     -3     3    -2.366026e-06
2324 region_rec_diffs(8,267)        0.37408857     -3     3    1.1518531e-06
2325 region_rec_diffs(8,268)        -1.4797486     -3     3    -5.5950164e-08
2326 region_rec_diffs(8,269)        -0.070727052     -3     3    -1.3252701e-07
2327 region_rec_diffs(8,270)        -0.37114967     -3     3    -6.5186511e-08
2328 region_rec_diffs(8,271)        -0.38582448     -3     3    9.0375699e-07
2329 region_rec_diffs(8,272)        0.77693382     -3     3    -2.2825759e-06
2330 region_rec_diffs(8,273)        -0.38578414     -3     3    -1.0322701e-06
2331 region_rec_diffs(8,274)        -0.21992624     -3     3    -7.5624955e-07
2332 region_rec_diffs(8,275)        -0.26315432     -3     3    -3.4379984e-08
2333 region_rec_diffs(8,276)        -0.72087447     -3     3    -2.5789584e-07
2334 region_rec_diffs(8,277)        -0.55044226     -3     3    -8.5393639e-07
2335 region_rec_diffs(8,278)        0.55455182     -3     3    -1.262937e-07
2336 region_rec_diffs(8,279)        -0.18120751     -3     3    5.7091345e-07
2337 region_rec_diffs(9,1)        -4.7723603e-10     -3     3    -1.2804157e-09
2338 region_rec_diffs(9,2)        0.84510936     -3     3    -1.5894678e-06
2339 region_rec_diffs(9,3)        0.85588883     -3     3    -1.6225234e-06
2340 region_rec_diffs(9,4)        0.90117251     -3     3    2.8217509e-07
2341 region_rec_diffs(9,5)        0.92423075     -3     3    8.9884316e-07
2342 region_rec_diffs(9,6)        0.0069558643     -3     3    5.7535876e-09
2343 region_rec_diffs(9,7)        0.005252526     -3     3    3.5795765e-08
2344 region_rec_diffs(9,8)        0.094186537     -3     3    -8.3282438e-07
2345 region_rec_diffs(9,9)        0.0023788806     -3     3    4.305151e-08
2346 region_rec_diffs(9,10)        0.0037992146     -3     3    -2.0735158e-08
2347 region_rec_diffs(9,11)        0.0045943516     -3     3    7.0895798e-08
2348 region_rec_diffs(9,12)        0.91148073     -3     3    2.1314902e-06
2349 region_rec_diffs(9,13)        0.01745699     -3     3    9.8710514e-07
2350 region_rec_diffs(9,14)        1.856126     -3     3    2.2730181e-07
2351 region_rec_diffs(9,15)        0.0066687398     -3     3    4.3884844e-08
2352 region_rec_diffs(9,16)        0.011447973     -3     3    1.6947202e-08
2353 region_rec_diffs(9,17)        0.018381022     -3     3    -1.1430105e-07
2354 region_rec_diffs(9,18)        1.1393135     -3     3    2.8095627e-06
2355 region_rec_diffs(9,19)        0.014511838     -3     3    8.1531619e-09
2356 region_rec_diffs(9,20)        0.026616528     -3     3    -7.5823785e-08
2357 region_rec_diffs(9,21)        0.1332906     -3     3    3.6115261e-07
2358 region_rec_diffs(9,22)        1.674485     -3     3    1.905738e-06
2359 region_rec_diffs(9,23)        0.015571083     -3     3    4.5267019e-08
2360 region_rec_diffs(9,24)        0.23002586     -3     3    -7.3231671e-07
2361 region_rec_diffs(9,25)        0.06526538     -3     3    2.4415836e-07
2362 region_rec_diffs(9,26)        0.12269733     -3     3    1.7084729e-06
2363 region_rec_diffs(9,27)        -0.002329419     -3     3    8.4685959e-09
2364 region_rec_diffs(9,28)        0.90124571     -3     3    -2.3659151e-06
2365 region_rec_diffs(9,29)        2.9999997     -3     3    -1.6019346e-07   *************
2366 region_rec_diffs(9,30)        0.039849914     -3     3    -2.2061574e-07
2367 region_rec_diffs(9,31)        0.0069024679     -3     3    -8.0203408e-09
2368 region_rec_diffs(9,32)        0.022179003     -3     3    1.6702891e-07
2369 region_rec_diffs(9,33)        0.079592481     -3     3    8.4369852e-07
2370 region_rec_diffs(9,34)        1.3607382     -3     3    5.5507879e-07
2371 region_rec_diffs(9,35)        0.0055684041     -3     3    4.5579484e-08
2372 region_rec_diffs(9,36)        0.076024228     -3     3    4.5336836e-07
2373 region_rec_diffs(9,37)        0.52126077     -3     3    2.8087558e-06
2374 region_rec_diffs(9,38)        0.036261318     -3     3    2.4752849e-07
2375 region_rec_diffs(9,39)        0.0042552082     -3     3    -1.0226404e-08
2376 region_rec_diffs(9,40)        0.011282606     -3     3    -2.304108e-08
2377 region_rec_diffs(9,41)        0.47222123     -3     3    1.1395485e-06
2378 region_rec_diffs(9,42)        0.7605057     -3     3    -1.16444e-07
2379 region_rec_diffs(9,43)        0.0097505684     -3     3    -5.274939e-09
2380 region_rec_diffs(9,44)        0.026826754     -3     3    3.7784772e-09
2381 region_rec_diffs(9,45)        1.4925788     -3     3    1.8173709e-06
2382 region_rec_diffs(9,46)        0.0031139169     -3     3    4.487282e-08
2383 region_rec_diffs(9,47)        0.0015059732     -3     3    1.8598003e-08
2384 region_rec_diffs(9,48)        0.00076219866     -3     3    9.7200657e-08
2385 region_rec_diffs(9,49)        1.2312538     -3     3    4.7294501e-07
2386 region_rec_diffs(9,50)        0.0053457766     -3     3    8.5687955e-09
2387 region_rec_diffs(9,51)        0.020816699     -3     3    7.0648398e-08
2388 region_rec_diffs(9,52)        0.13649964     -3     3    3.2913184e-07
2389 region_rec_diffs(9,53)        1.3606957     -3     3    3.641128e-06
2390 region_rec_diffs(9,54)        0.0047430648     -3     3    7.164341e-08
2391 region_rec_diffs(9,55)        -0.0017706338     -3     3    7.0815205e-08
2392 region_rec_diffs(9,56)        -0.0067602245     -3     3    5.0524374e-07
2393 region_rec_diffs(9,57)        0.061405846     -3     3    8.4201792e-07
2394 region_rec_diffs(9,58)        0.62129891     -3     3    7.6155156e-07
2395 region_rec_diffs(9,59)        0.014672651     -3     3    6.6056925e-08
2396 region_rec_diffs(9,60)        0.60963914     -3     3    1.9141636e-06
2397 region_rec_diffs(9,61)        0.50956177     -3     3    -3.1946901e-07
2398 region_rec_diffs(9,62)        0.0084489191     -3     3    -2.9457577e-08
2399 region_rec_diffs(9,63)        0.011297311     -3     3    7.482498e-09
2400 region_rec_diffs(9,64)        0.041280772     -3     3    -2.2819188e-07
2401 region_rec_diffs(9,65)        0.51621644     -3     3    -2.8487146e-06
2402 region_rec_diffs(9,66)        -0.0029931114     -3     3    -3.5366e-08
2403 region_rec_diffs(9,67)        -0.01740723     -3     3    -9.6798248e-09
2404 region_rec_diffs(9,68)        -0.055737411     -3     3    -2.4388977e-07
2405 region_rec_diffs(9,69)        0.22461697     -3     3    -1.3852319e-06
2406 region_rec_diffs(9,70)        0.21554641     -3     3    -4.3698943e-07
2407 region_rec_diffs(9,71)        0.010809977     -3     3    -5.0365764e-08
2408 region_rec_diffs(9,72)        0.10899936     -3     3    4.3370842e-07
2409 region_rec_diffs(9,73)        1.9364024     -3     3    -7.4346381e-07
2410 region_rec_diffs(9,74)        0.11427279     -3     3    6.7170168e-07
2411 region_rec_diffs(9,75)        0.0060240507     -3     3    8.4485246e-09
2412 region_rec_diffs(9,76)        0.024846801     -3     3    2.278191e-08
2413 region_rec_diffs(9,77)        0.23997793     -3     3    -5.8078467e-07
2414 region_rec_diffs(9,78)        0.046092734     -3     3    1.3850208e-07
2415 region_rec_diffs(9,79)        0.0077168071     -3     3    5.8844339e-08
2416 region_rec_diffs(9,80)        1.0992728     -3     3    7.4561839e-07
2417 region_rec_diffs(9,81)        0.32925779     -3     3    -7.9248732e-07
2418 region_rec_diffs(9,82)        0.14487366     -3     3    -1.0228679e-10
2419 region_rec_diffs(9,83)        0.12422864     -3     3    -8.6260735e-08
2420 region_rec_diffs(9,84)        1.4958547     -3     3    1.336353e-06
2421 region_rec_diffs(9,85)        0.18264581     -3     3    -9.283599e-07
2422 region_rec_diffs(9,86)        0.00032969146     -3     3    -1.1872014e-08
2423 region_rec_diffs(9,87)        -0.015609416     -3     3    4.2330583e-08
2424 region_rec_diffs(9,88)        0.097435412     -3     3    8.314876e-07
2425 region_rec_diffs(9,89)        0.12095845     -3     3    3.3810416e-07
2426 region_rec_diffs(9,90)        0.015855392     -3     3    5.3359106e-08
2427 region_rec_diffs(9,91)        0.11115073     -3     3    4.6864934e-07
2428 region_rec_diffs(9,92)        0.22807883     -3     3    2.5700057e-07
2429 region_rec_diffs(9,93)        0.39605386     -3     3    -9.8000438e-09
2430 region_rec_diffs(9,94)        1.4754721     -3     3    3.7737822e-06
2431 region_rec_diffs(9,95)        -0.022566532     -3     3    1.576789e-07
2432 region_rec_diffs(9,96)        -0.0013345287     -3     3    6.8891562e-09
2433 region_rec_diffs(9,97)        0.0016237112     -3     3    9.0384816e-09
2434 region_rec_diffs(9,98)        0.013932961     -3     3    6.6048276e-09
2435 region_rec_diffs(9,99)        0.069592055     -3     3    -4.1605582e-07
2436 region_rec_diffs(9,100)        1.0819308     -3     3    5.7558506e-07
2437 region_rec_diffs(9,101)        0.37084266     -3     3    -1.3814252e-06
2438 region_rec_diffs(9,102)        0.0050017958     -3     3    1.6895525e-07
2439 region_rec_diffs(9,103)        0.015234227     -3     3    9.5571475e-09
2440 region_rec_diffs(9,104)        1.4525977     -3     3    -1.9209595e-06
2441 region_rec_diffs(9,105)        0.0087579283     -3     3    -3.2658025e-10
2442 region_rec_diffs(9,106)        0.0018048222     -3     3    3.305332e-09
2443 region_rec_diffs(9,107)        0.0057681373     -3     3    -3.6183371e-08
2444 region_rec_diffs(9,108)        0.201027     -3     3    3.540147e-07
2445 region_rec_diffs(9,109)        0.73925426     -3     3    1.0410881e-06
2446 region_rec_diffs(9,110)        0.010442255     -3     3    2.9919649e-08
2447 region_rec_diffs(9,111)        0.0084595455     -3     3    5.2414915e-08
2448 region_rec_diffs(9,112)        0.2552509     -3     3    1.5845072e-07
2449 region_rec_diffs(9,113)        0.28740183     -3     3    4.568319e-07
2450 region_rec_diffs(9,114)        0.0025396879     -3     3    2.5391104e-08
2451 region_rec_diffs(9,115)        0.0037399627     -3     3    1.6966969e-08
2452 region_rec_diffs(9,116)        0.12235857     -3     3    7.2906343e-07
2453 region_rec_diffs(9,117)        0.64547118     -3     3    5.3807719e-07
2454 region_rec_diffs(9,118)        0.023414193     -3     3    2.2108184e-08
2455 region_rec_diffs(9,119)        0.071135765     -3     3    -5.7178844e-10
2456 region_rec_diffs(9,120)        1.3504778     -3     3    -3.6619913e-07
2457 region_rec_diffs(9,121)        0.13380689     -3     3    1.9528089e-07
2458 region_rec_diffs(9,122)        -0.030550804     -3     3    1.7196337e-07
2459 region_rec_diffs(9,123)        -0.0040478946     -3     3    -4.1604891e-08
2460 region_rec_diffs(9,124)        -0.018657597     -3     3    -4.8003976e-07
2461 region_rec_diffs(9,125)        0.033231464     -3     3    -6.2173679e-08
2462 region_rec_diffs(9,126)        2.9186775     -3     3    2.2181505e-06
2463 region_rec_diffs(9,127)        0.071942709     -3     3    -4.8411329e-09
2464 region_rec_diffs(9,128)        0.53641358     -3     3    -1.4578611e-06
2465 region_rec_diffs(9,129)        0.3092321     -3     3    -8.6026864e-07
2466 region_rec_diffs(9,130)        0.026201055     -3     3    9.4085063e-08
2467 region_rec_diffs(9,131)        0.00038504339     -3     3    -5.20761e-08
2468 region_rec_diffs(9,132)        -0.12600457     -3     3    3.8745895e-07
2469 region_rec_diffs(9,133)        -0.14831477     -3     3    1.0645918e-06
2470 region_rec_diffs(9,134)        -0.0084459181     -3     3    3.3484149e-07
2471 region_rec_diffs(9,135)        0.034702601     -3     3    7.7517928e-07
2472 region_rec_diffs(9,136)        0.24962554     -3     3    9.1415114e-07
2473 region_rec_diffs(9,137)        0.03370145     -3     3    3.2593475e-07
2474 region_rec_diffs(9,138)        0.032709227     -3     3    3.321834e-07
2475 region_rec_diffs(9,139)        0.0047707627     -3     3    1.9484811e-08
2476 region_rec_diffs(9,140)        0.047862961     -3     3    4.0252328e-07
2477 region_rec_diffs(9,141)        0.02956547     -3     3    -1.6577956e-07
2478 region_rec_diffs(9,142)        0.0053673389     -3     3    -2.6902897e-08
2479 region_rec_diffs(9,143)        0.0014822492     -3     3    -1.3551826e-08
2480 region_rec_diffs(9,144)        0.12502216     -3     3    -8.4855378e-07
2481 region_rec_diffs(9,145)        0.82431856     -3     3    -1.8268435e-06
2482 region_rec_diffs(9,146)        0.05778426     -3     3    -4.7312498e-07
2483 region_rec_diffs(9,147)        0.093647005     -3     3    -4.2081548e-08
2484 region_rec_diffs(9,148)        0.86524667     -3     3    -1.3970091e-07
2485 region_rec_diffs(9,149)        -0.032512102     -3     3    1.6151057e-07
2486 region_rec_diffs(9,150)        -0.072837256     -3     3    1.1171091e-07
2487 region_rec_diffs(9,151)        -0.42739497     -3     3    2.8342177e-07
2488 region_rec_diffs(9,152)        -0.51392678     -3     3    2.5006638e-07
2489 region_rec_diffs(9,153)        -0.82859589     -3     3    1.3290824e-06
2490 region_rec_diffs(9,154)        -0.50700348     -3     3    3.2438939e-07
2491 region_rec_diffs(9,155)        -0.59046905     -3     3    1.0086119e-06
2492 region_rec_diffs(9,156)        -0.90834072     -3     3    1.4334051e-06
2493 region_rec_diffs(9,157)        -0.53236078     -3     3    1.0471845e-06
2494 region_rec_diffs(9,158)        -0.11054253     -3     3    4.8728619e-07
2495 region_rec_diffs(9,159)        -0.077297279     -3     3    5.6203022e-07
2496 region_rec_diffs(9,160)        0.29080058     -3     3    2.7003713e-06
2497 region_rec_diffs(9,161)        0.56937329     -3     3    3.4718977e-06
2498 region_rec_diffs(9,162)        -0.067819478     -3     3    1.398276e-07
2499 region_rec_diffs(9,163)        -0.86654249     -3     3    5.8067538e-07
2500 region_rec_diffs(9,164)        -1.4847024     -3     3    -9.8728932e-07
2501 region_rec_diffs(9,165)        -0.81126837     -3     3    -1.011205e-06
2502 region_rec_diffs(9,166)        -0.85122004     -3     3    -9.586256e-09
2503 region_rec_diffs(9,167)        -1.5494717     -3     3    -7.1079642e-07
2504 region_rec_diffs(9,168)        -1.2248775     -3     3    -3.4359562e-07
2505 region_rec_diffs(9,169)        -0.81917852     -3     3    1.2864834e-08
2506 region_rec_diffs(9,170)        -0.11659402     -3     3    -7.1063082e-07
2507 region_rec_diffs(9,171)        2.9999987     -3     3    1.6646685e-08   *************
2508 region_rec_diffs(9,172)        0.21985329     -3     3    4.1982081e-07
2509 region_rec_diffs(9,173)        -0.84518323     -3     3    -2.8246925e-07
2510 region_rec_diffs(9,174)        -0.34735495     -3     3    2.3856732e-07
2511 region_rec_diffs(9,175)        -0.92063209     -3     3    6.6756635e-07
2512 region_rec_diffs(9,176)        -1.8760231     -3     3    4.9511906e-07
2513 region_rec_diffs(9,177)        -2.0537988     -3     3    4.6358326e-07
2514 region_rec_diffs(9,178)        -1.2223828     -3     3    -3.8499525e-07
2515 region_rec_diffs(9,179)        2.1073602     -3     3    -1.5816342e-06
2516 region_rec_diffs(9,180)        -1.4832629     -3     3    -9.2471344e-07
2517 region_rec_diffs(9,181)        -1.7629306     -3     3    -2.103415e-07
2518 region_rec_diffs(9,182)        -0.85030388     -3     3    7.762741e-07
2519 region_rec_diffs(9,183)        -0.89457372     -3     3    5.5182658e-07
2520 region_rec_diffs(9,184)        -1.3708391     -3     3    7.3680748e-07
2521 region_rec_diffs(9,185)        -1.9418411     -3     3    -9.9003545e-07
2522 region_rec_diffs(9,186)        0.37532492     -3     3    -1.6547944e-06
2523 region_rec_diffs(9,187)        1.4034496     -3     3    -6.7842638e-07
2524 region_rec_diffs(9,188)        -2.1490587     -3     3    -3.2015177e-07
2525 region_rec_diffs(9,189)        -2.0831035     -3     3    7.0239255e-07
2526 region_rec_diffs(9,190)        -1.8111989     -3     3    -2.8308782e-07
2527 region_rec_diffs(9,191)        -1.257447     -3     3    -8.7202968e-07
2528 region_rec_diffs(9,192)        -0.72957669     -3     3    -4.8149289e-06
2529 region_rec_diffs(9,193)        -1.3248606     -3     3    -3.6992918e-06
2530 region_rec_diffs(9,194)        0.66140901     -3     3    -3.431534e-06
2531 region_rec_diffs(9,195)        1.1179296     -3     3    3.2152171e-06
2532 region_rec_diffs(9,196)        -2.3868688     -3     3    1.4176829e-06
2533 region_rec_diffs(9,197)        -1.7615058     -3     3    -1.1417693e-06
2534 region_rec_diffs(9,198)        -1.6072484     -3     3    -1.2482157e-07
2535 region_rec_diffs(9,199)        0.9668132     -3     3    -2.5279991e-06
2536 region_rec_diffs(9,200)        0.45874124     -3     3    1.851899e-06
2537 region_rec_diffs(9,201)        -0.45909507     -3     3    1.198132e-06
2538 region_rec_diffs(9,202)        0.38924913     -3     3    1.6998838e-06
2539 region_rec_diffs(9,203)        1.259901     -3     3    9.314186e-07
2540 region_rec_diffs(9,204)        0.61958447     -3     3    -1.2240183e-06
2541 region_rec_diffs(9,205)        -0.79753106     -3     3    1.3489989e-07
2542 region_rec_diffs(9,206)        -1.5917006     -3     3    -3.6984638e-07
2543 region_rec_diffs(9,207)        -1.4837276     -3     3    -5.2154617e-08
2544 region_rec_diffs(9,208)        -2.2490394     -3     3    3.5985917e-07
2545 region_rec_diffs(9,209)        -1.3294204     -3     3    -3.041874e-07
2546 region_rec_diffs(9,210)        -1.286426     -3     3    -6.8369615e-07
2547 region_rec_diffs(9,211)        2.2270008     -3     3    -1.4619592e-06
2548 region_rec_diffs(9,212)        -0.42077337     -3     3    -1.2617037e-06
2549 region_rec_diffs(9,213)        -0.71808962     -3     3    1.4807366e-07
2550 region_rec_diffs(9,214)        -0.77853789     -3     3    -3.4898719e-07
2551 region_rec_diffs(9,215)        0.037795596     -3     3    -1.8730622e-07
2552 region_rec_diffs(9,216)        1.335294     -3     3    -1.2001369e-06
2553 region_rec_diffs(9,217)        0.38226131     -3     3    1.1402451e-07
2554 region_rec_diffs(9,218)        0.10225168     -3     3    4.4552715e-07
2555 region_rec_diffs(9,219)        -0.067551342     -3     3    8.8613522e-08
2556 region_rec_diffs(9,220)        -0.63278954     -3     3    3.3220021e-07
2557 region_rec_diffs(9,221)        -0.67331868     -3     3    6.6148361e-08
2558 region_rec_diffs(9,222)        2.374448     -3     3    -1.7133308e-06
2559 region_rec_diffs(9,223)        -0.77182863     -3     3    -3.4851441e-07
2560 region_rec_diffs(9,224)        -1.8460199     -3     3    3.2092381e-07
2561 region_rec_diffs(9,225)        -1.3316357     -3     3    -1.9171094e-07
2562 region_rec_diffs(9,226)        -1.0073009     -3     3    2.0045901e-07
2563 region_rec_diffs(9,227)        0.15405153     -3     3    -9.060527e-07
2564 region_rec_diffs(9,228)        0.82570095     -3     3    -1.153824e-06
2565 region_rec_diffs(9,229)        -0.08173097     -3     3    -6.9329423e-07
2566 region_rec_diffs(9,230)        1.8399857     -3     3    -1.4018837e-06
2567 region_rec_diffs(9,231)        -0.79660997     -3     3    1.7464165e-08
2568 region_rec_diffs(9,232)        -1.2644587     -3     3    -3.2243853e-07
2569 region_rec_diffs(9,233)        -0.83987921     -3     3    3.8065162e-07
2570 region_rec_diffs(9,234)        -0.079898632     -3     3    7.0624515e-07
2571 region_rec_diffs(9,235)        0.55475595     -3     3    2.0490123e-07
2572 region_rec_diffs(9,236)        -0.23060387     -3     3    -3.1812843e-07
2573 region_rec_diffs(9,237)        0.40849653     -3     3    -1.2144048e-06
2574 region_rec_diffs(9,238)        1.3986739     -3     3    -2.6807777e-06
2575 region_rec_diffs(9,239)        -0.680276     -3     3    -2.5905256e-07
2576 region_rec_diffs(9,240)        -1.1090908     -3     3    -3.0627201e-07
2577 region_rec_diffs(9,241)        -1.1400325     -3     3    -6.5655408e-08
2578 region_rec_diffs(9,242)        -1.0094986     -3     3    -4.5210224e-08
2579 region_rec_diffs(9,243)        1.3981828     -3     3    -1.1873245e-07
2580 region_rec_diffs(9,244)        1.5890519     -3     3    2.3380412e-07
2581 region_rec_diffs(9,245)        -1.1192995     -3     3    1.2847718e-07
2582 region_rec_diffs(9,246)        -1.3663149     -3     3    -3.230599e-08
2583 region_rec_diffs(9,247)        -0.83899513     -3     3    -3.4669964e-07
2584 region_rec_diffs(9,248)        1.346291     -3     3    1.3550329e-06
2585 region_rec_diffs(9,249)        -0.95444908     -3     3    1.3855956e-07
2586 region_rec_diffs(9,250)        -1.2671555     -3     3    -1.6966661e-08
2587 region_rec_diffs(9,251)        -1.2864755     -3     3    -1.6497276e-07
2588 region_rec_diffs(9,252)        -1.1691789     -3     3    -1.2589164e-07
2589 region_rec_diffs(9,253)        -0.72888553     -3     3    -2.0842125e-07
2590 region_rec_diffs(9,254)        0.26700152     -3     3    -8.3943556e-07
2591 region_rec_diffs(9,255)        -0.51412844     -3     3    -1.2155984e-06
2592 region_rec_diffs(9,256)        -1.096372     -3     3    -9.3056074e-07
2593 region_rec_diffs(9,257)        -0.66671309     -3     3    -1.096211e-06
2594 region_rec_diffs(9,258)        1.1612866     -3     3    -7.343847e-07
2595 region_rec_diffs(9,259)        1.1314017     -3     3    1.1476556e-06
2596 region_rec_diffs(9,260)        -0.61607442     -3     3    4.2188218e-07
2597 region_rec_diffs(9,261)        -0.74664759     -3     3    -1.2877798e-08
2598 region_rec_diffs(9,262)        -0.35476864     -3     3    2.6537048e-08
2599 region_rec_diffs(9,263)        0.4563813     -3     3    4.1977198e-07
2600 region_rec_diffs(9,264)        0.50021674     -3     3    5.2750961e-07
2601 region_rec_diffs(9,265)        0.1881396     -3     3    2.8906692e-07
2602 region_rec_diffs(9,266)        0.00053492218     -3     3    2.9168591e-07
2603 region_rec_diffs(9,267)        -0.49251947     -3     3    -2.0315123e-07
2604 region_rec_diffs(9,268)        -0.88780115     -3     3    -2.3234044e-07
2605 region_rec_diffs(9,269)        -0.61746318     -3     3    -5.5076932e-07
2606 region_rec_diffs(9,270)        0.13448657     -3     3    -3.7673858e-07
2607 region_rec_diffs(9,271)        1.3040235     -3     3    -1.7666879e-06
2608 region_rec_diffs(9,272)        -0.30702044     -3     3    3.8161062e-08
2609 region_rec_diffs(9,273)        -0.38814487     -3     3    -7.260122e-08
2610 region_rec_diffs(9,274)        -0.60485809     -3     3    -5.3038646e-07
2611 region_rec_diffs(9,275)        -0.13904368     -3     3    -9.6631322e-08
2612 region_rec_diffs(9,276)        -0.028270898     -3     3    -2.6727893e-08
2613 region_rec_diffs(9,277)        -0.0058331941     -3     3    -2.2068561e-08
2614 region_rec_diffs(9,278)        -0.011342295     -3     3    1.3094374e-08
2615 region_rec_diffs(9,279)        -0.0027590028     -3     3    1.9531136e-08
2616 bs_selcoff_gp:1(1,1,1,1)        -14.127851     -20     7    -1.0817398e-06
2617 bs_selcoff_gp:1(1,1,1,2)        -5.7563118     -20     7    -2.4303109e-07
2618 bs_selcoff_gp:1(1,1,1,3)        -0.066856314     -20     7    1.8362163e-07
2619 bs_selcoff_gp:1(1,1,1,4)        0.81833817     -20     7    1.4331366e-07
2620 bs_selcoff_gp:1(1,1,1,5)        0.58488077     -20     7    -8.7199313e-08
2621 bs_selcoff_gp:2(2,1,1,1)        -5.6944541     -20     7    2.3896512e-07
2622 bs_selcoff_gp:2(2,1,1,2)        -2.2002387     -20     7    -2.8253766e-07
2623 bs_selcoff_gp:2(2,1,1,3)        0.37692969     -20     7    -5.7122423e-07
2624 bs_selcoff_gp:2(2,1,1,4)        0.6726238     -20     7    1.94086e-07
2625 bs_selcoff_gp:2(2,1,1,5)        0.38436766     -20     7    2.8168583e-07
2626 bs_selcoff_gp:3(3,1,1,1)        -4.9867485     -20     7    -1.7621406e-06
2627 bs_selcoff_gp:3(3,1,1,2)        -4.5827649     -20     7    -6.4116907e-07
2628 bs_selcoff_gp:3(3,1,1,3)        0.17279389     -20     7    -2.1307566e-07
2629 bs_selcoff_gp:3(3,1,1,4)        0.873347     -20     7    2.0660175e-07
2630 bs_selcoff_gp:3(3,1,1,5)        0.33605139     -20     7    -2.7011547e-07
2631 bs_selcoff_gp:4(4,1,1,1)        -16.018457     -20     7    -1.3083768e-06
2632 bs_selcoff_gp:4(4,1,1,2)        -4.1686273     -20     7    -1.6734605e-07
2633 bs_selcoff_gp:4(4,1,1,3)        -0.10748124     -20     7    -1.5017106e-07
2634 bs_selcoff_gp:4(4,1,1,4)        1.0752938     -20     7    7.6220244e-08
2635 bs_selcoff_gp:4(4,1,1,5)        0.1446014     -20     7    4.1923324e-07
2636 bs_selcoff_gp:5(5,1,1,1)        -11.576769     -20     7    -8.6626839e-07
2637 bs_selcoff_gp:5(5,1,1,2)        -3.727834     -20     7    8.1237426e-07
2638 bs_selcoff_gp:5(5,1,1,3)        -0.00021148953     -20     7    -4.8271794e-09
2639 bs_selcoff_gp:5(5,1,1,4)        1.0050015     -20     7    -1.3357749e-07
2640 bs_selcoff_gp:5(5,1,1,5)        0.21852966     -20     7    3.3351465e-07
2641 bs_selcoff_gp:6(6,1,1,1)        -6.7173295     -20     7    1.2080384e-06
2642 bs_selcoff_gp:6(6,1,1,2)        -2.4203078     -20     7    -2.2881415e-07
2643 bs_selcoff_gp:6(6,1,1,3)        0.23696828     -20     7    -2.0867261e-06
2644 bs_selcoff_gp:6(6,1,1,4)        0.74423532     -20     7    2.7305404e-06
2645 bs_selcoff_gp:6(6,1,1,5)        0.43026418     -20     7    -2.0485994e-06
2646 bs_selcoff_gp:7(7,1,1,1)        -4.8985569     -20     7    4.2322238e-08
2647 bs_selcoff_gp:7(7,1,1,2)        -2.5710044     -20     7    4.7507591e-07
2648 bs_selcoff_gp:7(7,1,1,3)        -0.025306494     -20     7    2.0040575e-06
2649 bs_selcoff_gp:7(7,1,1,4)        0.97196039     -20     7    -1.6633186e-06
2650 bs_selcoff_gp:7(7,1,1,5)        0.26078777     -20     7    1.9599824e-06
2651 bs_selcoff_gp:8(8,1,1,1)        -13.740518     -20     7    -7.4036209e-07
2652 bs_selcoff_gp:8(8,1,1,2)        -5.6061893     -20     7    -8.7582221e-07
2653 bs_selcoff_gp:8(8,1,1,3)        -1.5229265     -20     7    -4.3905518e-07
2654 bs_selcoff_gp:8(8,1,1,4)        1.1615872     -20     7    -1.8499137e-07
2655 bs_selcoff_gp:8(8,1,1,5)        0.45947996     -20     7    1.0223231e-07
2656 bs_selcoff_gp:9(9,1,1,1)        -14.098125     -20     7    2.841541e-06
2657 bs_selcoff_gp:9(9,1,1,2)        -7.2498437     -20     7    1.0414112e-06
2658 bs_selcoff_gp:9(9,1,1,3)        -2.780821     -20     7    6.779453e-07
2659 bs_selcoff_gp:9(9,1,1,4)        0.52597188     -20     7    -7.3977293e-07
2660 bs_selcoff_gp:9(9,1,1,5)        1.1771768     -20     7    3.4285984e-07
2661 bs_selcoff_gp:10(10,1,1,1)        -8.7030387     -20     7    -2.1114779e-06
2662 bs_selcoff_gp:10(10,1,1,2)        -1.5747598     -20     7    1.2311891e-06
2663 bs_selcoff_gp:10(10,1,1,3)        0.13990652     -20     7    -4.5474717e-07
2664 bs_selcoff_gp:10(10,1,1,4)        0.73464191     -20     7    6.1474465e-07
2665 bs_selcoff_gp:10(10,1,1,5)        0.44332263     -20     7    -5.4868126e-07
2666 bs_selcoff_gp:11(11,1,1,1)        -19.999991     -20     7    7.1161231e-07   *************
2667 bs_selcoff_gp:11(11,1,1,2)        -9.887999     -20     7    -7.6358474e-07
2668 bs_selcoff_gp:11(11,1,1,3)        -0.67797066     -20     7    1.8278259e-06
2669 bs_selcoff_gp:11(11,1,1,4)        1.2897998     -20     7    1.2284065e-06
2670 bs_selcoff_gp:11(11,1,1,5)        -0.15044617     -20     7    -6.1286886e-06
2671 bs_selcoff_gp:12(12,1,1,1)        -8.0506277     -20     7    -2.1868959e-07
2672 bs_selcoff_gp:12(12,1,1,2)        -5.3228574     -20     7    8.291185e-07
2673 bs_selcoff_gp:12(12,1,1,3)        -0.19153526     -20     7    -1.9744139e-07
2674 bs_selcoff_gp:12(12,1,1,4)        1.0686522     -20     7    2.6675217e-07
2675 bs_selcoff_gp:12(12,1,1,5)        0.22925205     -20     7    -4.9609383e-07
2676 bs_selcoff_gp:13(13,1,1,1)        -2.6061905     -20     7    3.5126792e-07
2677 bs_selcoff_gp:13(13,1,1,2)        1.4860063     -20     7    -4.2970866e-08
2678 bs_selcoff_gp:13(13,1,1,3)        -0.71666101     -20     7    3.4154686e-07
2679 bs_selcoff_gp:13(13,1,1,4)        -3.9434432     -20     7    3.5260586e-06
2680 bs_selcoff_gp:13(13,1,1,5)        -20     -20     7    6.0146405e-07   *************
2681 bs_selcoff_gp:14(14,1,1,1)        -2.0091438     -20     7    -7.3177336e-07
2682 bs_selcoff_gp:14(14,1,1,2)        1.4790641     -20     7    8.911143e-09
2683 bs_selcoff_gp:14(14,1,1,3)        -1.0335989     -20     7    -3.3890679e-07
2684 bs_selcoff_gp:14(14,1,1,4)        -2.1198289     -20     7    3.4107416e-07
2685 bs_selcoff_gp:14(14,1,1,5)        -6.6578568     -20     7    1.964439e-06
2686 bs_selcoff_gp:15(15,1,1,1)        -2.7724604     -20     7    1.5301755e-06
2687 bs_selcoff_gp:15(15,1,1,2)        1.4221743     -20     7    -3.3388204e-07
2688 bs_selcoff_gp:15(15,1,1,3)        -0.33904116     -20     7    1.0452207e-07
2689 bs_selcoff_gp:15(15,1,1,4)        -2.5245767     -20     7    -8.30023e-07
2690 bs_selcoff_gp:15(15,1,1,5)        -20     -20     7    5.5200261e-07   *************
2691 bs_selcoff_gp:16(16,1,1,1)        -3.4007462     -20     7    -2.9598026e-06
2692 bs_selcoff_gp:16(16,1,1,2)        1.1048827     -20     7    -1.3785437e-06
2693 bs_selcoff_gp:16(16,1,1,3)        0.37231367     -20     7    3.1990964e-06
2694 bs_selcoff_gp:16(16,1,1,4)        -0.71938517     -20     7    -1.2784573e-06
2695 bs_selcoff_gp:16(16,1,1,5)        -4.6416842     -20     7    -1.0649525e-06
2696 bs_selcoff_gp:17(17,1,1,1)        -0.74624217     -20     7    -2.9043529e-06
2697 bs_selcoff_gp:17(17,1,1,2)        0.97393905     -20     7    2.3178324e-07
2698 bs_selcoff_gp:17(17,1,1,3)        0.55010826     -20     7    -8.3624145e-08
2699 bs_selcoff_gp:17(17,1,1,4)        -1.9767965     -20     7    4.5781087e-06
2700 bs_selcoff_gp:17(17,1,1,5)        -5.1945871     -20     7    1.0763949e-06
2701 bs_selcoff_gp:18(18,1,1,1)        -3.879194     -20     7    -4.3813436e-07
2702 bs_selcoff_gp:18(18,1,1,2)        1.1660032     -20     7    -1.7289025e-06
2703 bs_selcoff_gp:18(18,1,1,3)        -0.41396781     -20     7    2.5485352e-06
2704 bs_selcoff_gp:18(18,1,1,4)        0.087093784     -20     7    3.2693894e-06
2705 bs_selcoff_gp:18(18,1,1,5)        -4.0079216     -20     7    2.8228478e-08
2706 bs_selcoff_gp:19(19,1,1,1)        0.070543113     -20     7    -1.409175e-07
2707 bs_selcoff_gp:19(19,1,1,2)        0.96025589     -20     7    4.5599249e-07
2708 bs_selcoff_gp:19(19,1,1,3)        -0.17833607     -20     7    6.5347642e-08
2709 bs_selcoff_gp:19(19,1,1,4)        -0.74271096     -20     7    -2.7596391e-06
2710 bs_selcoff_gp:19(19,1,1,5)        -6.1847599     -20     7    3.298155e-07
2711 bs_selcoff_gp:20(20,1,1,1)        -2.3800502     -20     7    1.2548214e-06
2712 bs_selcoff_gp:20(20,1,1,2)        -1.129505     -20     7    -9.1511711e-07
2713 bs_selcoff_gp:20(20,1,1,3)        -0.75660066     -20     7    4.8610303e-07
2714 bs_selcoff_gp:20(20,1,1,4)        -0.75808419     -20     7    1.5525238e-06
2715 bs_selcoff_gp:20(20,1,1,5)        1.2937511     -20     7    -1.9590681e-07
2716 bs_selcoff_gp:21(21,1,1,1)        -6.1293621     -20     7    7.6857834e-08
2717 bs_selcoff_gp:21(21,1,1,2)        1.4872272     -20     7    9.4779997e-08
2718 bs_selcoff_gp:21(21,1,1,3)        -0.56263746     -20     7    -6.2216115e-09
2719 bs_selcoff_gp:21(21,1,1,4)        -5.6541656     -20     7    -2.8849386e-07
2720 bs_selcoff_gp:21(21,1,1,5)        -20     -20     7    -1.6484563e-07   *************
2721 bs_selcoff_gp:22(22,1,1,1)        -7.2046143     -20     7    8.6032579e-08
2722 bs_selcoff_gp:22(22,1,1,2)        1.3627334     -20     7    -3.3734012e-07
2723 bs_selcoff_gp:22(22,1,1,3)        0.03341136     -20     7    7.296563e-07
2724 bs_selcoff_gp:22(22,1,1,4)        -2.8343438     -20     7    -5.0562984e-07
2725 bs_selcoff_gp:22(22,1,1,5)        -19.999999     -20     7    8.3174252e-07   *************
2726 bs_selcoff_gp:23(23,1,1,1)        -5.7798721     -20     7    -2.9501062e-06
2727 bs_selcoff_gp:23(23,1,1,2)        0.4045272     -20     7    -7.6467013e-07
2728 bs_selcoff_gp:23(23,1,1,3)        1.2508855     -20     7    8.2773432e-07
2729 bs_selcoff_gp:23(23,1,1,4)        -5.3135209     -20     7    -2.3616275e-06
2730 bs_selcoff_gp:23(23,1,1,5)        -19.999856     -20     7    1.667037e-06   *************
2731 bs_selcoff_gp:24(24,1,1,1)        -11.264082     -20     7    2.617575e-06
2732 bs_selcoff_gp:24(24,1,1,2)        -1.6181814     -20     7    -1.1837207e-07
2733 bs_selcoff_gp:24(24,1,1,3)        1.4190961     -20     7    7.0509442e-07
2734 bs_selcoff_gp:24(24,1,1,4)        -0.40299107     -20     7    -2.4341133e-06
2735 bs_selcoff_gp:24(24,1,1,5)        -10.480764     -20     7    1.5564259e-06
2736 bs_selcoff_gp:25(25,1,1,1)        -2.4621643     -20     7    -3.9228017e-07
2737 bs_selcoff_gp:25(25,1,1,2)        1.1057946     -20     7    1.5425081e-06
2738 bs_selcoff_gp:25(25,1,1,3)        0.63369714     -20     7    -1.8580517e-06
2739 bs_selcoff_gp:25(25,1,1,4)        -4.7605316     -20     7    3.922309e-06
2740 bs_selcoff_gp:25(25,1,1,5)        -14.330641     -20     7    8.4538614e-06
2741 bs_selcoff_gp:26(26,1,1,1)        -1.3990289     -20     7    -1.9380763e-06
2742 bs_selcoff_gp:26(26,1,1,2)        1.3306463     -20     7    9.7698224e-07
2743 bs_selcoff_gp:26(26,1,1,3)        -0.30060058     -20     7    -3.8947654e-06
2744 bs_selcoff_gp:26(26,1,1,4)        -1.4764607     -20     7    -5.2161676e-06
2745 bs_selcoff_gp:26(26,1,1,5)        -7.0630403     -20     7    -1.9030402e-07
2746 bs_selcoff_gp:27(27,1,1,1)        -2.471582     -20     7    -1.7486121e-06
2747 bs_selcoff_gp:27(27,1,1,2)        1.2580191     -20     7    9.9463586e-09
2748 bs_selcoff_gp:27(27,1,1,3)        0.28444053     -20     7    1.8439059e-06
2749 bs_selcoff_gp:27(27,1,1,4)        -2.7007564     -20     7    -1.4334366e-06
2750 bs_selcoff_gp:27(27,1,1,5)        -6.9792271     -20     7    2.7770292e-07
2751 bs_selcoff_gp:28(28,1,1,1)        -4.8398359     -20     7    1.0042787e-06
2752 bs_selcoff_gp:28(28,1,1,2)        1.5589041     -20     7    -1.0402432e-07
2753 bs_selcoff_gp:28(28,1,1,3)        -3.1817113     -20     7    -6.355238e-07
2754 bs_selcoff_gp:28(28,1,1,4)        -1.6205196     -20     7    2.5662257e-06
2755 bs_selcoff_gp:28(28,1,1,5)        -20     -20     7    -3.2936949e-08   *************
2756 bs_selcoff_gp:29(29,1,1,1)        -19.999995     -20     7    3.5217467e-06   *************
2757 bs_selcoff_gp:29(29,1,1,2)        -7.7452791     -20     7    -3.9944539e-06
2758 bs_selcoff_gp:29(29,1,1,3)        -0.54364328     -20     7    -2.7957668e-07
2759 bs_selcoff_gp:29(29,1,1,4)        1.004359     -20     7    -4.4130962e-07
2760 bs_selcoff_gp:29(29,1,1,5)        0.52404025     -20     7    1.5503466e-07
2761 recr(2)        0.94716682     -20     20    -3.5541788e-07
2762 recr(3)        1.0224584     -20     20    1.1485874e-07
2763 recr(4)        0.94767025     -20     20    5.1397576e-07
2764 recr(5)        0.9161621     -20     20    4.0776063e-08
2765 recr(6)        -2.0266479     -20     20    -4.4203731e-08
2766 recr(7)        -1.5839423     -20     20    1.3911181e-06
2767 recr(8)        2.5779109     -20     20    -2.4073473e-06
2768 recr(9)        -0.69203259     -20     20    4.8807375e-07
2769 recr(10)        -0.95134486     -20     20    1.4514728e-06
2770 recr(11)        -1.5367847     -20     20    1.2084368e-07
2771 recr(12)        2.4645954     -20     20    1.1881499e-06
2772 recr(13)        -0.82834809     -20     20    3.2256906e-07
2773 recr(14)        2.0128467     -20     20    -6.6280694e-07
2774 recr(15)        -1.8031053     -20     20    1.4936613e-06
2775 recr(16)        -1.204489     -20     20    -1.0477021e-06
2776 recr(17)        -0.61014943     -20     20    -1.0703049e-06
2777 recr(18)        1.9617139     -20     20    2.2250079e-07
2778 recr(19)        -1.8686737     -20     20    -2.9617469e-07
2779 recr(20)        -1.4817801     -20     20    -1.9148079e-06
2780 recr(21)        0.30027307     -20     20    -1.0619773e-06
2781 recr(22)        1.4642041     -20     20    1.4924426e-07
2782 recr(23)        -2.1733384     -20     20    -1.286025e-06
2783 recr(24)        -0.057171934     -20     20    -1.3076939e-06
2784 recr(25)        -1.0239971     -20     20    -1.2662096e-06
2785 recr(26)        1.9069808     -20     20    -4.6224677e-07
2786 recr(27)        -2.2217458     -20     20    -9.966111e-07
2787 recr(28)        1.7858361     -20     20    -9.0309694e-07
2788 recr(29)        1.0198562     -20     20    2.2653718e-06
2789 recr(30)        -1.0388422     -20     20    -9.2103217e-07
2790 recr(31)        -2.7922026     -20     20    4.7476428e-07
2791 recr(32)        -1.4941463     -20     20    -8.1363016e-07
2792 recr(33)        0.08591475     -20     20    -1.2609126e-06
2793 recr(34)        1.6319781     -20     20    -1.2638588e-06
2794 recr(35)        -2.6888011     -20     20    8.9695259e-08
2795 recr(36)        0.094390331     -20     20    5.2863087e-07
2796 recr(37)        1.5421574     -20     20    -1.5055286e-07
2797 recr(38)        -0.7550139     -20     20    1.5700819e-06
2798 recr(39)        -3.0877804     -20     20    -2.2416638e-06
2799 recr(40)        -2.1294874     -20     20    1.2181809e-06
2800 recr(41)        1.2241911     -20     20    -1.6765365e-06
2801 recr(42)        1.0800485     -20     20    8.3157395e-07
2802 recr(43)        -2.7725608     -20     20    3.342799e-07
2803 recr(44)        -1.6232886     -20     20    4.6026844e-08
2804 recr(45)        1.6262964     -20     20    -7.1702062e-07
2805 recr(46)        -2.3533229     -20     20    -4.0917714e-07
2806 recr(47)        -2.796073     -20     20    4.4590299e-07
2807 recr(48)        -0.0032616403     -20     20    1.6740963e-06
2808 recr(49)        1.6975245     -20     20    -8.9646301e-07
2809 recr(50)        -3.3660667     -20     20    9.53038e-08
2810 recr(51)        -1.7656626     -20     20    -2.4066236e-06
2811 recr(52)        -0.13688942     -20     20    -3.8872925e-06
2812 recr(53)        1.492001     -20     20    9.4967897e-07
2813 recr(54)        -1.6981124     -20     20    -2.4769925e-06
2814 recr(55)        -2.016524     -20     20    -1.1018363e-07
2815 recr(56)        -0.1877692     -20     20    9.5289018e-07
2816 recr(57)        0.44838315     -20     20    -1.1050505e-06
2817 recr(58)        1.1891312     -20     20    -8.2618859e-07
2818 recr(59)        -2.3117224     -20     20    7.5496911e-07
2819 recr(60)        1.0657703     -20     20    -6.0276469e-07
2820 recr(61)        1.454643     -20     20    4.6105773e-08
2821 recr(62)        -2.6744281     -20     20    7.4243288e-07
2822 recr(63)        -2.5650009     -20     20    1.0417855e-06
2823 recr(64)        -1.6302528     -20     20    3.1500954e-06
2824 recr(65)        1.3929357     -20     20    -5.356806e-07
2825 recr(66)        -2.8565786     -20     20    7.4120516e-07
2826 recr(67)        -2.2826045     -20     20    3.9296602e-07
2827 recr(68)        -0.66948295     -20     20    -9.844407e-07
2828 recr(69)        1.4001363     -20     20    -1.1789095e-07
2829 recr(70)        0.23427101     -20     20    1.1263155e-06
2830 recr(71)        -1.9811121     -20     20    1.4273525e-06
2831 recr(72)        0.56301512     -20     20    -2.6409883e-06
2832 recr(73)        1.4619989     -20     20    -1.0289993e-06
2833 recr(74)        -0.06297885     -20     20    2.1254864e-06
2834 recr(75)        -3.6088014     -20     20    -2.4178979e-07
2835 recr(76)        -2.0102501     -20     20    -6.2535239e-07
2836 recr(77)        0.3563369     -20     20    6.6808512e-06
2837 recr(78)        -0.88213829     -20     20    4.9552626e-07
2838 recr(79)        -2.6622099     -20     20    3.1777386e-07
2839 recr(80)        1.1875163     -20     20    -3.4104737e-06
2840 recr(81)        0.53746827     -20     20    3.349099e-06
2841 recr(82)        -0.31536311     -20     20    4.3153195e-06
2842 recr(83)        -0.49402624     -20     20    -9.6281852e-07
2843 recr(84)        0.90145332     -20     20    5.5352765e-07
2844 recr(85)        1.038818     -20     20    -1.7662003e-06
2845 recr(86)        -2.5420664     -20     20    9.7999493e-07
2846 recr(87)        -0.73441791     -20     20    2.2796178e-06
2847 recr(88)        1.5066795     -20     20    -2.7894159e-07
2848 recr(89)        0.10765368     -20     20    -1.601987e-08
2849 recr(90)        -2.663361     -20     20    -9.305372e-07
2850 recr(91)        -0.84640486     -20     20    -1.0590705e-06
2851 recr(92)        -0.14587292     -20     20    1.0826743e-06
2852 recr(93)        0.70527271     -20     20    -4.19383e-06
2853 recr(94)        2.0084282     -20     20    2.1324156e-07
2854 recr(95)        0.2092158     -20     20    1.2409456e-06
2855 recr(96)        -1.7561188     -20     20    -1.7523116e-07
2856 recr(97)        -0.053795972     -20     20    3.7529261e-06
2857 recr(98)        -1.2953358     -20     20    -2.3401259e-06
2858 recr(99)        -0.46169747     -20     20    2.5404512e-06
2859 recr(100)        1.079773     -20     20    -8.2875993e-07
2860 recr(101)        0.82284422     -20     20    -2.2871251e-08
2861 recr(102)        -3.2401194     -20     20    1.570809e-06
2862 recr(103)        -1.5387772     -20     20    -1.0675295e-06
2863 recr(104)        1.861562     -20     20    -4.5211486e-07
2864 recr(105)        -1.7918544     -20     20    9.709768e-07
2865 recr(106)        -3.8304624     -20     20    4.0690759e-07
2866 recr(107)        -2.9254537     -20     20    4.801183e-07
2867 recr(108)        0.03176619     -20     20    -1.2749562e-06
2868 recr(109)        0.63675297     -20     20    -2.7965513e-07
2869 recr(110)        -3.0177323     -20     20    1.6349396e-07
2870 recr(111)        -3.0034811     -20     20    4.3069705e-07
2871 recr(112)        0.69292351     -20     20    5.1188304e-07
2872 recr(113)        1.4050224     -20     20    -6.2851137e-09
2873 recr(114)        -1.768853     -20     20    2.4663544e-07
2874 recr(115)        -2.0009481     -20     20    1.4069821e-07
2875 recr(116)        0.71424206     -20     20    -1.4458202e-06
2876 recr(117)        1.0750569     -20     20    -8.3971568e-08
2877 recr(118)        -2.1424432     -20     20    9.5328121e-07
2878 recr(119)        -0.8448651     -20     20    2.3884289e-06
2879 recr(120)        1.1746739     -20     20    1.4862939e-07
2880 recr(121)        1.1628414     -20     20    -1.8380077e-06
2881 recr(122)        0.52018407     -20     20    3.4051314e-06
2882 recr(123)        -1.5976861     -20     20    3.2169425e-07
2883 recr(124)        0.81981713     -20     20    -7.9632346e-07
2884 recr(125)        0.34554302     -20     20    8.5531172e-07
2885 recr(126)        0.73748389     -20     20    -5.0220829e-07
2886 recr(127)        -0.62726859     -20     20    2.0923234e-06
2887 recr(128)        0.67808206     -20     20    4.8444989e-07
2888 recr(129)        0.49491286     -20     20    -8.7323297e-07
2889 recr(130)        -1.0474671     -20     20    -1.4552646e-06
2890 recr(131)        -1.4255222     -20     20    -1.04281e-06
2891 recr(132)        1.0860544     -20     20    5.8392675e-08
2892 recr(133)        1.3360459     -20     20    3.5283808e-07
2893 recr(134)        -0.40260811     -20     20    -9.6472349e-07
2894 recr(135)        0.016770851     -20     20    -1.492378e-06
2895 recr(136)        1.1463831     -20     20    1.1043617e-06
2896 recr(137)        -0.81579784     -20     20    -1.1374633e-06
2897 recr(138)        -0.53344701     -20     20    -4.0249278e-07
2898 recr(139)        -1.7549093     -20     20    1.6394384e-06
2899 recr(140)        1.2753502     -20     20    -9.4782752e-08
2900 recr(141)        0.58885678     -20     20    -7.7901309e-07
2901 recr(142)        -2.3452352     -20     20    4.4599335e-07
2902 recr(143)        -1.2638238     -20     20    -7.7521473e-08
2903 recr(144)        1.434236     -20     20    -3.535178e-07
2904 recr(145)        1.7230258     -20     20    -1.1016615e-06
2905 recr(146)        -0.76143288     -20     20    9.5358932e-07
2906 recr(147)        -0.57461941     -20     20    1.3627694e-06
2907 recr(148)        1.2823338     -20     20    1.6737701e-06
2908 recr(149)        -0.017475307     -20     20    1.9406778e-06
2909 recr(150)        -0.89411041     -20     20    3.3728063e-06
2910 recr(151)        0.6518854     -20     20    7.9854048e-07
2911 recr(152)        0.55364192     -20     20    -2.6445464e-06
2912 recr(153)        1.0974831     -20     20    1.3844606e-07
2913 recr(154)        0.032433558     -20     20    -2.2335453e-06
2914 recr(155)        0.19487866     -20     20    1.9978224e-07
2915 recr(156)        1.0072747     -20     20    2.6462257e-06
2916 recr(157)        0.31829881     -20     20    -3.5701156e-06
2917 recr(158)        -1.3442626     -20     20    1.3623817e-06
2918 recr(159)        -0.80117508     -20     20    -4.4781757e-06
2919 recr(160)        1.2604396     -20     20    -3.9328147e-07
2920 recr(161)        1.0191388     -20     20    -8.1462662e-07
2921 recr(162)        -1.1694269     -20     20    2.378468e-06
2922 recr(163)        0.70556433     -20     20    7.4087801e-07
2923 recr(164)        1.1870303     -20     20    -6.799603e-07
2924 recr(165)        -0.4976164     -20     20    -9.2719594e-07
2925 recr(166)        -0.71779492     -20     20    1.8708749e-06
2926 recr(167)        0.60451016     -20     20    -3.2865008e-07
2927 recr(168)        0.46140441     -20     20    -1.9826901e-07
2928 recr(169)        0.66862857     -20     20    -1.4126899e-06
2929 recr(170)        0.059112461     -20     20    -1.0474371e-06
2930 recr(171)        0.77013329     -20     20    1.2533749e-07
2931 recr(172)        0.89066143     -20     20    -2.8954649e-06
2932 recr(173)        1.5888991     -20     20    -3.2605809e-06
2933 recr(174)        -1.5916043     -20     20    -7.8820548e-07
2934 recr(175)        -0.92089568     -20     20    3.2907025e-07
2935 recr(176)        0.48487353     -20     20    -6.1983512e-07
2936 recr(177)        1.1037181     -20     20    2.1545803e-07
2937 recr(178)        1.0300018     -20     20    -9.1845369e-07
2938 recr(179)        0.16460273     -20     20    8.9681792e-07
2939 recr(180)        0.77968256     -20     20    -6.5981903e-07
2940 recr(181)        0.63591927     -20     20    4.7857429e-07
2941 recr(182)        -0.62158452     -20     20    1.0388765e-06
2942 recr(183)        -0.11127537     -20     20    -1.9845882e-06
2943 recr(184)        0.34462227     -20     20    7.9491404e-07
2944 recr(185)        1.1065316     -20     20    -5.5715061e-08
2945 recr(186)        0.95090876     -20     20    -4.7980151e-07
2946 recr(187)        0.70402744     -20     20    1.049727e-06
2947 recr(188)        0.25124541     -20     20    -2.3000075e-07
2948 recr(189)        -0.20467835     -20     20    6.7560191e-07
2949 recr(190)        -0.020304211     -20     20    -5.5214464e-08
2950 recr(191)        0.6329643     -20     20    -6.4806059e-07
2951 recr(192)        0.76636485     -20     20    3.0707688e-07
2952 recr(193)        1.2144009     -20     20    1.8660231e-07
2953 recr(194)        0.85938741     -20     20    -1.3308759e-06
2954 recr(195)        0.69586952     -20     20    4.803797e-07
2955 recr(196)        1.3220777     -20     20    5.7772961e-08
2956 recr(197)        -0.068136783     -20     20    1.2945961e-06
2957 recr(198)        0.14907641     -20     20    -1.4678096e-06
2958 recr(199)        0.61396875     -20     20    1.4044558e-06
2959 recr(200)        1.0115715     -20     20    1.0373403e-06
2960 recr(201)        0.49063148     -20     20    1.1771164e-06
2961 recr(202)        0.49294651     -20     20    1.6660882e-06
2962 recr(203)        1.1394797     -20     20    2.7509668e-06
2963 recr(204)        0.90133424     -20     20    2.3690815e-06
2964 recr(205)        -0.95985181     -20     20    2.4225035e-06
2965 recr(206)        -0.24317625     -20     20    7.177922e-06
2966 recr(207)        -0.41924751     -20     20    2.1301186e-06
2967 recr(208)        1.3312934     -20     20    -3.9595288e-07
2968 recr(209)        0.86012585     -20     20    -7.7314732e-07
2969 recr(210)        1.3410884     -20     20    1.6454475e-08
2970 recr(211)        1.0597362     -20     20    3.0055904e-07
2971 recr(212)        0.65418198     -20     20    8.4013485e-07
2972 recr(213)        -0.44572139     -20     20    -4.1274074e-07
2973 recr(214)        0.058800683     -20     20    5.1460489e-08
2974 recr(215)        0.016201612     -20     20    7.7307518e-07
2975 recr(216)        1.0576589     -20     20    -7.290436e-08
2976 recr(217)        0.80720712     -20     20    5.8042976e-07
2977 recr(218)        0.74400715     -20     20    -6.2015511e-07
2978 recr(219)        0.21636824     -20     20    7.4719052e-07
2979 recr(220)        0.51476855     -20     20    -6.0173732e-07
2980 recr(221)        0.35960596     -20     20    4.8739378e-07
2981 recr(222)        0.62605386     -20     20    6.9177295e-07
2982 recr(223)        0.70481626     -20     20    3.0992042e-07
2983 recr(224)        0.89386945     -20     20    4.9871196e-08
2984 recr(225)        -0.039364547     -20     20    1.0877712e-06
2985 recr(226)        0.24013853     -20     20    -5.7957603e-07
2986 recr(227)        0.46728038     -20     20    8.4934465e-07
2987 recr(228)        0.97656747     -20     20    9.4806494e-07
2988 recr(229)        0.98306489     -20     20    -1.9503893e-07
2989 recr(230)        0.70632766     -20     20    1.6327927e-06
2990 recr(231)        0.50586714     -20     20    -4.6937277e-07
2991 recr(232)        0.56748614     -20     20    -1.6716569e-07
2992 recr(233)        0.14863895     -20     20    8.619507e-07
2993 recr(234)        0.24887499     -20     20    -2.2849448e-07
2994 recr(235)        0.52586851     -20     20    -8.0244717e-07
2995 recr(236)        0.54377713     -20     20    7.9963316e-07
2996 recr(237)        0.2131029     -20     20    -6.1554052e-07
2997 recr(238)        0.12475054     -20     20    4.2227417e-07
2998 recr(239)        0.61023897     -20     20    -1.3679419e-07
2999 recr(240)        0.92695488     -20     20    3.295992e-08
3000 recr(241)        0.96421581     -20     20    8.7822667e-07
3001 recr(242)        1.0119557     -20     20    -9.9658496e-07
3002 recr(243)        0.6961186     -20     20    -1.9006505e-06
3003 recr(244)        0.76575627     -20     20    1.1566342e-06
3004 recr(245)        0.53692639     -20     20    4.4242571e-07
3005 recr(246)        0.67023329     -20     20    1.0187185e-07
3006 recr(247)        0.90200433     -20     20    -8.7143832e-08
3007 recr(248)        0.94165941     -20     20    -2.056569e-07
3008 recr(249)        0.17689134     -20     20    -6.1241752e-07
3009 recr(250)        0.12358647     -20     20    6.1085219e-08
3010 recr(251)        0.2413676     -20     20    -2.0390495e-07
3011 recr(252)        0.42258944     -20     20    -1.1548082e-06
3012 recr(253)        0.76127389     -20     20    7.4805206e-07
3013 recr(254)        0.35662631     -20     20    -9.3656075e-07
3014 recr(255)        0.64111698     -20     20    1.1970095e-07
3015 recr(256)        0.87057832     -20     20    -5.1232426e-07
3016 recr(257)        0.7169212     -20     20    2.8698673e-07
3017 recr(258)        0.36435996     -20     20    7.2283784e-07
3018 recr(259)        0.75907796     -20     20    -2.4252095e-07
3019 recr(260)        0.72101812     -20     20    2.3818602e-07
3020 recr(261)        0.39481533     -20     20    -4.5978913e-07
3021 recr(262)        0.52569972     -20     20    3.6521314e-07
3022 recr(263)        0.77429041     -20     20    -3.8223373e-07
3023 recr(264)        0.55023738     -20     20    -6.1123464e-07
3024 recr(265)        0.43928907     -20     20    -2.1027427e-07
3025 recr(266)        0.12154727     -20     20    8.5256068e-08
3026 recr(267)        0.31605333     -20     20    -1.115618e-06
3027 recr(268)        0.76081134     -20     20    -1.6088547e-06
3028 recr(269)        0.51269051     -20     20    -4.6259434e-06
3029 recr(270)        -0.28148492     -20     20    4.249794e-07
3030 recr(271)        0.28018234     -20     20    -2.0437265e-06
3031 recr(272)        -0.013625533     -20     20    -3.8922405e-06
3032 recr(273)        0.20688729     -20     20    7.7865615e-08
3033 recr(274)        1.7187302     -20     20    -6.3960587e-07
3034 totpop        16.585401     8     25    9.8714606e-07
3035 tag_fish_rep(1)        0.13372119     0.001     0.99    -1.7783289e-06
3036 tag_fish_rep(3)        0.99     0.001     0.99    -4.1760158e-10   *************
3037 tag_fish_rep(4)        0.54676165     0.001     0.99    7.8121514e-07
3038 tag_fish_rep(5)        0.64821261     0.001     0.99    -7.1164253e-08
3039 tag_fish_rep(6)        0.42305414     0.001     0.99    -2.0805424e-06
3040 tag_fish_rep(11)        0.61969407     0.001     0.99    3.2122462e-07
3041 tag_fish_rep(12)        0.59914231     0.001     0.99    -1.3815753e-07
3042 tag_fish_rep(13)        0.50534971     0.001     0.99    -5.1613406e-07
3043 tag_fish_rep(17)        0.75254657     0.001     0.99    1.1944881e-06
3044 tag_fish_rep(18)        0.68517379     0.001     0.99    -3.276665e-06
3045 tag_fish_rep(19)        0.98999999     0.001     0.99    6.3005701e-10   *************
3046 tag_fish_rep(24)        0.82383084     0.001     0.99    2.517615e-06
3047 tag_fish_rep(25)        0.22943158     0.001     0.99    -7.660597e-07
3048 region_pars(1)        0.28126209     1e-06     1.5    -6.654428e-07
3049 region_pars(1)        0.078150962     1e-06     1.5    1.0516679e-06
3050 region_pars(1)        0.10527558     1e-06     1.5    2.0990719e-07
3051 region_pars(1)        0.078680062     1e-06     1.5    1.0135039e-06
3052 region_pars(1)        0.015440225     1e-06     1.5    -1.3539057e-08
3053 region_pars(1)        0.095184223     1e-06     1.5    4.6825898e-07
3054 region_pars(1)        0.28515512     1e-06     1.5    2.5452691e-08
3055 region_pars(1)        0.059156935     1e-06     1.5    -2.8587621e-06
3056 region_pars(1)        0.0016939583     1e-06     1.5    -1.512852e-06
3057 sv(21)        0.047308257     1e-06     1000    -4.9025766e-09
3058 age_pars(5)        -2.5476548     -20     2    7.3355934e-06
3059 vb_coff(1)        23.235185     10     60    -1.7287346e-06
3060 vb_coff(2)        147.77679     130     200    -1.7284128e-06
3061 vb_coff(3)        0.11436126     0.01     0.3    4.1135353e-07
3062 var_coff(1)        6.0490254     1     10    -4.8767519e-07
3063 var_coff(2)        0.4811831     0.1     3    1.7475573e-06
