 Index  Var_name   Estimate L_bound  U_bound gradient
1 diff_coffs(1,1)        0.024660101     0     4    1.3653069e-06
2 diff_coffs(1,2)        4.5713144e-10     0     4    7.9994592e-09   *************
3 diff_coffs(1,3)        1.2935524e-09     0     4    -4.609103e-08   *************
4 diff_coffs(1,4)        7.2303807e-10     0     4    4.1349033e-10   *************
5 diff_coffs(1,5)        0.0037670178     0     4    5.5725416e-07
6 diff_coffs(1,6)        0.0038486841     0     4    -5.7300812e-07
7 diff_coffs(1,7)        0.06424382     0     4    8.9289833e-07
8 diff_coffs(1,8)        0.0030720805     0     4    -9.710817e-07
9 diff_coffs(1,9)        0.014748353     0     4    2.8565027e-07
10 diff_coffs(1,10)        0.117559     0     4    1.2161195e-06
11 diff_coffs(1,11)        2.2977342e-09     0     4    3.8752371e-09   *************
12 diff_coffs(1,12)        0.089772401     0     4    2.5670643e-08
13 diff_coffs(1,13)        5.1772031e-10     0     4    -9.3674556e-10   *************
14 diff_coffs(1,14)        3.3843206e-09     0     4    -6.9374789e-08   *************
15 diff_coffs(1,15)        1.9006836e-09     0     4    1.7447157e-09   *************
16 diff_coffs(1,16)        0.042697073     0     4    1.2480237e-06
17 diff_coffs(1,17)        2.4953017e-10     0     4    1.9748345e-06   *************
18 diff_coffs(1,18)        1.1427618e-08     0     4    2.7497884e-06   *************
19 diff_coffs(1,19)        6.8854766e-10     0     4    1.393075e-06   *************
20 diff_coffs(1,20)        6.0924132e-10     0     4    -7.4271319e-09   *************
21 diff_coffs(1,21)        0.001631038     0     4    4.7678546e-07
22 diff_coffs(1,22)        0.0048604941     0     4    -2.9681089e-07
23 diff_coffs(1,23)        0.68232368     0     4    -9.1355263e-07
24 diff_coffs(1,24)        2.0347055e-09     0     4    -1.192331e-09   *************
25 diff_coffs(1,25)        0.0046614408     0     4    -6.9412006e-07
26 diff_coffs(1,26)        0.17941437     0     4    -3.2252468e-07
27 diff_coffs(2,1)        0.22489269     0     4    1.1030303e-06
28 diff_coffs(2,2)        1.2629664e-09     0     4    2.1591497e-08   *************
29 diff_coffs(2,3)        0.11436288     0     4    2.2155939e-06
30 diff_coffs(2,4)        8.4036156e-10     0     4    -2.2878013e-10   *************
31 diff_coffs(2,5)        0.0023697407     0     4    -5.3863345e-07
32 diff_coffs(2,6)        1.0085333e-09     0     4    -5.7575429e-09   *************
33 diff_coffs(2,7)        0.24644642     0     4    1.5643835e-08
34 diff_coffs(2,8)        5.6635541e-10     0     4    -3.8105325e-10   *************
35 diff_coffs(2,9)        0.011924307     0     4    8.8458912e-07
36 diff_coffs(2,10)        0.01484548     0     4    -5.327453e-07
37 diff_coffs(2,11)        3.8657049e-09     0     4    -9.9992107e-09   *************
38 diff_coffs(2,12)        5.8714833e-10     0     4    -2.711321e-07   *************
39 diff_coffs(2,13)        9.0013907e-10     0     4    8.3789913e-09   *************
40 diff_coffs(2,14)        2.4689701e-09     0     4    -1.3565664e-08   *************
41 diff_coffs(2,15)        1.4020773e-09     0     4    2.3003461e-07   *************
42 diff_coffs(2,16)        2.6180549e-09     0     4    -2.1707218e-08   *************
43 diff_coffs(2,17)        8.2751361e-11     0     4    1.600827e-08   *************
44 diff_coffs(2,18)        3.0576173e-09     0     4    -1.3212266e-07   *************
45 diff_coffs(2,19)        6.6732864e-10     0     4    1.953986e-06   *************
46 diff_coffs(2,20)        5.3427174e-10     0     4    -1.7369879e-09   *************
47 diff_coffs(2,21)        0.14085775     0     4    -3.6732787e-07
48 diff_coffs(2,22)        2.3829028e-10     0     4    -1.2482372e-08   *************
49 diff_coffs(2,23)        0.18833022     0     4    -4.9301152e-07
50 diff_coffs(2,24)        2.1183602e-09     0     4    4.8363122e-09   *************
51 diff_coffs(2,25)        1.6331868e-08     0     4    -7.2359653e-07   *************
52 diff_coffs(2,26)        4.5155004e-09     0     4    3.257036e-08   *************
53 diff_coffs(3,1)        0.0025724264     0     4    -2.1394168e-06
54 diff_coffs(3,2)        5.5707505e-10     0     4    -4.887527e-09   *************
55 diff_coffs(3,3)        3.2317207e-09     0     4    -1.3317529e-08   *************
56 diff_coffs(3,4)        0.055965204     0     4    8.3386594e-07
57 diff_coffs(3,5)        9.3367714e-10     0     4    2.4275248e-09   *************
58 diff_coffs(3,6)        2.0979944e-09     0     4    -1.4262996e-09   *************
59 diff_coffs(3,7)        6.1110459e-09     0     4    -1.1729e-08   *************
60 diff_coffs(3,8)        3.894951e-10     0     4    -3.2945449e-09   *************
61 diff_coffs(3,9)        0.051096334     0     4    7.975965e-07
62 diff_coffs(3,10)        0.020371043     0     4    -9.4945092e-07
63 diff_coffs(3,11)        2.3551912e-09     0     4    5.4902953e-08   *************
64 diff_coffs(3,12)        0.0041972019     0     4    4.7027358e-07
65 diff_coffs(3,13)        1.7799815e-09     0     4    2.9078758e-08   *************
66 diff_coffs(3,14)        2.4970901e-09     0     4    -4.4385401e-08   *************
67 diff_coffs(3,15)        5.0623712e-09     0     4    5.3414015e-08   *************
68 diff_coffs(3,16)        0.018654215     0     4    -1.0687373e-06
69 diff_coffs(3,17)        2.7259306e-11     0     4    4.3267547e-06   *************
70 diff_coffs(3,18)        2.7740382e-08     0     4    1.0839488e-06   *************
71 diff_coffs(3,19)        3.667826e-10     0     4    1.5426237e-06   *************
72 diff_coffs(3,20)        5.785652e-10     0     4    -8.231681e-12   *************
73 diff_coffs(3,21)        5.9091612e-07     0     4    1.2104598e-07   *************
74 diff_coffs(3,22)        3.2496916e-10     0     4    8.6682714e-08   *************
75 diff_coffs(3,23)        0.1370529     0     4    1.0899562e-06
76 diff_coffs(3,24)        1.8504924e-09     0     4    -7.6672013e-09   *************
77 diff_coffs(3,25)        0.045508639     0     4    2.2820066e-07
78 diff_coffs(3,26)        3.5998338e-09     0     4    -8.5386262e-09   *************
79 diff_coffs(4,1)        2.5912643e-09     0     4    5.8693423e-10   *************
80 diff_coffs(4,2)        4.0167514e-10     0     4    -4.3635038e-09   *************
81 diff_coffs(4,3)        9.8190545e-10     0     4    5.4529898e-08   *************
82 diff_coffs(4,4)        0.017648458     0     4    2.8069319e-07
83 diff_coffs(4,5)        5.9093463e-10     0     4    -2.0797619e-08   *************
84 diff_coffs(4,6)        9.3349111e-09     0     4    -2.6885315e-09   *************
85 diff_coffs(4,7)        0.0091115011     0     4    -3.5187364e-07
86 diff_coffs(4,8)        5.5532112e-10     0     4    4.2246434e-09   *************
87 diff_coffs(4,9)        0.055550128     0     4    2.7520099e-07
88 diff_coffs(4,10)        0.011039985     0     4    -8.0675315e-07
89 diff_coffs(4,11)        0.012528378     0     4    -5.6784139e-07
90 diff_coffs(4,12)        0.011794852     0     4    2.3904845e-06
91 diff_coffs(4,13)        0.053252503     0     4    -9.1093163e-07
92 diff_coffs(4,14)        9.4597443e-09     0     4    4.4013849e-08   *************
93 diff_coffs(4,15)        0.070285152     0     4    4.6621883e-07
94 diff_coffs(4,16)        7.3501305e-09     0     4    3.8421515e-09   *************
95 diff_coffs(4,17)        2.6383118e-11     0     4    2.8252421e-09   *************
96 diff_coffs(4,18)        0.35337404     0     4    -9.0835718e-07
97 diff_coffs(4,19)        4.6059112e-10     0     4    3.6212325e-06   *************
98 diff_coffs(4,20)        9.8859165e-10     0     4    -4.2299042e-09   *************
99 diff_coffs(4,21)        0.060814708     0     4    -8.1505032e-07
100 diff_coffs(4,22)        4.2527293e-10     0     4    2.8601327e-07   *************
101 diff_coffs(4,23)        2.0835466e-08     0     4    2.4806297e-06   *************
102 diff_coffs(4,24)        2.1103126e-09     0     4    -1.8888149e-08   *************
103 diff_coffs(4,25)        0.06824935     0     4    -1.9975144e-07
104 diff_coffs(4,26)        3.1568219e-09     0     4    4.333056e-09   *************
105 region_rec_diffs(1,1)        -5.1938613e-09     -3     3    -6.2522823e-09
106 region_rec_diffs(1,2)        0.24235929     -3     3    -1.2635336e-06
107 region_rec_diffs(1,3)        0.0059609641     -3     3    -5.0807286e-07
108 region_rec_diffs(1,4)        0.18584004     -3     3    -2.2004891e-06
109 region_rec_diffs(1,5)        0.2516945     -3     3    -3.5010661e-07
110 region_rec_diffs(1,6)        0.22147997     -3     3    -4.2770967e-07
111 region_rec_diffs(1,7)        0.40761815     -3     3    5.6197673e-07
112 region_rec_diffs(1,8)        0.11129777     -3     3    4.5719213e-08
113 region_rec_diffs(1,9)        0.061819175     -3     3    -1.2450549e-07
114 region_rec_diffs(1,10)        0.078230083     -3     3    -1.8736273e-07
115 region_rec_diffs(1,11)        -0.61189251     -3     3    1.5353754e-06
116 region_rec_diffs(1,12)        0.10773172     -3     3    9.4749707e-08
117 region_rec_diffs(1,13)        0.82304816     -3     3    -7.884778e-08
118 region_rec_diffs(1,14)        0.7513453     -3     3    -2.6986637e-08
119 region_rec_diffs(1,15)        -0.096214619     -3     3    -2.2950146e-07
120 region_rec_diffs(1,16)        -0.10232734     -3     3    -1.0256311e-07
121 region_rec_diffs(1,17)        -0.86747154     -3     3    2.2858708e-07
122 region_rec_diffs(1,18)        1.0488405     -3     3    6.3323717e-08
123 region_rec_diffs(1,19)        0.097781435     -3     3    4.5975e-08
124 region_rec_diffs(1,20)        0.063694916     -3     3    -3.0653513e-08
125 region_rec_diffs(1,21)        -0.72963269     -3     3    2.5043221e-07
126 region_rec_diffs(1,22)        0.71850002     -3     3    4.813256e-07
127 region_rec_diffs(1,23)        0.23531523     -3     3    2.2309628e-07
128 region_rec_diffs(1,24)        -0.0055238308     -3     3    9.7701258e-08
129 region_rec_diffs(1,25)        0.43384108     -3     3    3.0777386e-07
130 region_rec_diffs(1,26)        0.23546169     -3     3    -5.4833822e-07
131 region_rec_diffs(1,27)        0.11607092     -3     3    1.8437352e-07
132 region_rec_diffs(1,28)        0.55823982     -3     3    1.379978e-07
133 region_rec_diffs(1,29)        -0.30936106     -3     3    1.2379536e-07
134 region_rec_diffs(1,30)        -0.96757814     -3     3    7.4386126e-08
135 region_rec_diffs(1,31)        -0.20683928     -3     3    -7.7642814e-07
136 region_rec_diffs(1,32)        -0.39813809     -3     3    -2.2383289e-07
137 region_rec_diffs(1,33)        -1.0924143     -3     3    3.5318726e-07
138 region_rec_diffs(1,34)        0.27784024     -3     3    -1.1019724e-07
139 region_rec_diffs(1,35)        0.18205384     -3     3    -1.6352221e-07
140 region_rec_diffs(1,36)        0.15339902     -3     3    -7.5995287e-08
141 region_rec_diffs(1,37)        0.92819123     -3     3    -5.30105e-08
142 region_rec_diffs(1,38)        -0.2660607     -3     3    -2.8137933e-07
143 region_rec_diffs(1,39)        -0.029867365     -3     3    1.3338795e-07
144 region_rec_diffs(1,40)        -0.19352851     -3     3    2.0847544e-07
145 region_rec_diffs(1,41)        -0.040962652     -3     3    1.3960454e-06
146 region_rec_diffs(1,42)        1.1035178     -3     3    -3.6729008e-07
147 region_rec_diffs(1,43)        -0.037366714     -3     3    -1.7233859e-07
148 region_rec_diffs(1,44)        -1.3656318     -3     3    -2.0578229e-07
149 region_rec_diffs(1,45)        0.204542     -3     3    2.664681e-06
150 region_rec_diffs(1,46)        0.62973025     -3     3    8.2920673e-08
151 region_rec_diffs(1,47)        0.40142481     -3     3    2.9151908e-07
152 region_rec_diffs(1,48)        -0.70947465     -3     3    -3.4744935e-07
153 region_rec_diffs(1,49)        0.38307608     -3     3    1.1069445e-06
154 region_rec_diffs(1,50)        -0.14063137     -3     3    1.1800698e-07
155 region_rec_diffs(1,51)        1.1902433     -3     3    -2.5433762e-07
156 region_rec_diffs(1,52)        0.34591549     -3     3    1.1689373e-07
157 region_rec_diffs(1,53)        -0.44997033     -3     3    7.9441602e-07
158 region_rec_diffs(1,54)        -0.11873959     -3     3    3.0441346e-07
159 region_rec_diffs(1,55)        0.55255702     -3     3    1.5492153e-06
160 region_rec_diffs(1,56)        0.090648626     -3     3    -5.6102041e-07
161 region_rec_diffs(1,57)        -1.4972053     -3     3    2.2429948e-07
162 region_rec_diffs(1,58)        0.72504975     -3     3    1.8362382e-07
163 region_rec_diffs(1,59)        0.47459608     -3     3    -2.6040338e-07
164 region_rec_diffs(1,60)        -0.80997496     -3     3    8.4933696e-07
165 region_rec_diffs(1,61)        0.74442605     -3     3    -1.3008175e-07
166 region_rec_diffs(1,62)        -0.065588059     -3     3    -1.1959478e-07
167 region_rec_diffs(1,63)        0.80524157     -3     3    1.9181647e-07
168 region_rec_diffs(1,64)        -0.43222003     -3     3    -1.6656392e-07
169 region_rec_diffs(1,65)        -0.89540521     -3     3    1.3914764e-06
170 region_rec_diffs(1,66)        -0.35946596     -3     3    2.0216393e-07
171 region_rec_diffs(1,67)        0.67720053     -3     3    3.127549e-07
172 region_rec_diffs(1,68)        0.43687589     -3     3    -3.7648747e-07
173 region_rec_diffs(1,69)        0.22091287     -3     3    8.3445996e-07
174 region_rec_diffs(1,70)        -0.45896848     -3     3    1.4639059e-06
175 region_rec_diffs(1,71)        0.73471896     -3     3    -4.7479514e-07
176 region_rec_diffs(1,72)        -0.09537697     -3     3    1.9686476e-07
177 region_rec_diffs(1,73)        0.41711645     -3     3    -1.6160118e-07
178 region_rec_diffs(1,74)        0.33851214     -3     3    -7.2386926e-07
179 region_rec_diffs(1,75)        -0.27808598     -3     3    -2.0947472e-07
180 region_rec_diffs(1,76)        -0.94003139     -3     3    -2.9789979e-07
181 region_rec_diffs(1,77)        -1.2272402     -3     3    -2.3808068e-07
182 region_rec_diffs(1,78)        0.4370654     -3     3    -1.2991468e-08
183 region_rec_diffs(1,79)        0.3920541     -3     3    2.4419721e-08
184 region_rec_diffs(1,80)        0.74191833     -3     3    2.403383e-07
185 region_rec_diffs(1,81)        0.57827161     -3     3    -1.5092367e-06
186 region_rec_diffs(1,82)        0.90725184     -3     3    -4.9870672e-07
187 region_rec_diffs(1,83)        0.49306373     -3     3    3.0391425e-07
188 region_rec_diffs(1,84)        -0.39644581     -3     3    2.069644e-06
189 region_rec_diffs(1,85)        0.40237598     -3     3    4.8408662e-07
190 region_rec_diffs(1,86)        -0.27194202     -3     3    6.2203496e-08
191 region_rec_diffs(1,87)        0.24448704     -3     3    -5.8253721e-07
192 region_rec_diffs(1,88)        -1.4973041     -3     3    9.0476419e-08
193 region_rec_diffs(1,89)        0.39156745     -3     3    4.448929e-07
194 region_rec_diffs(1,90)        -0.33919832     -3     3    -2.5760542e-08
195 region_rec_diffs(1,91)        0.45558641     -3     3    5.258552e-07
196 region_rec_diffs(1,92)        0.1834111     -3     3    -2.1051734e-06
197 region_rec_diffs(1,93)        -1.9588139     -3     3    -6.8854928e-07
198 region_rec_diffs(1,94)        0.96216011     -3     3    -3.7809378e-07
199 region_rec_diffs(1,95)        0.084355648     -3     3    -1.0462458e-06
200 region_rec_diffs(1,96)        -0.43156263     -3     3    -2.9120604e-07
201 region_rec_diffs(1,97)        0.47700232     -3     3    1.0528944e-06
202 region_rec_diffs(1,98)        0.6685905     -3     3    -1.056012e-07
203 region_rec_diffs(1,99)        0.27869964     -3     3    6.0580766e-07
204 region_rec_diffs(1,100)        -0.56087695     -3     3    -1.1499032e-06
205 region_rec_diffs(1,101)        0.54150074     -3     3    4.2912038e-08
206 region_rec_diffs(1,102)        -0.028415741     -3     3    -8.4553692e-08
207 region_rec_diffs(1,103)        0.58402869     -3     3    -5.9474051e-07
208 region_rec_diffs(1,104)        0.21786728     -3     3    -3.1800445e-06
209 region_rec_diffs(1,105)        0.0012005604     -3     3    -8.0292623e-08
210 region_rec_diffs(1,106)        0.014935518     -3     3    6.4892277e-09
211 region_rec_diffs(1,107)        0.085212168     -3     3    -1.1814561e-07
212 region_rec_diffs(1,108)        0.90640297     -3     3    3.6871517e-08
213 region_rec_diffs(1,109)        0.35350201     -3     3    -8.3471071e-07
214 region_rec_diffs(1,110)        -0.049655803     -3     3    -9.3584492e-08
215 region_rec_diffs(1,111)        -0.11629268     -3     3    -1.549224e-07
216 region_rec_diffs(1,112)        0.75792941     -3     3    -3.8009751e-07
217 region_rec_diffs(1,113)        -0.47193214     -3     3    2.4876144e-06
218 region_rec_diffs(1,114)        -0.41862462     -3     3    3.9245738e-07
219 region_rec_diffs(1,115)        0.07095666     -3     3    3.3420188e-07
220 region_rec_diffs(1,116)        -0.08657361     -3     3    2.4929479e-06
221 region_rec_diffs(1,117)        0.38534295     -3     3    -1.6095056e-06
222 region_rec_diffs(1,118)        -0.55535724     -3     3    -3.7415726e-07
223 region_rec_diffs(1,119)        0.34654172     -3     3    -4.4673894e-07
224 region_rec_diffs(1,120)        -0.81305673     -3     3    -6.4712406e-07
225 region_rec_diffs(1,121)        0.29546723     -3     3    9.3745935e-08
226 region_rec_diffs(1,122)        0.81380986     -3     3    4.5643994e-07
227 region_rec_diffs(1,123)        -0.77745686     -3     3    -5.0910154e-07
228 region_rec_diffs(1,124)        -0.13513518     -3     3    -1.3427481e-07
229 region_rec_diffs(1,125)        -0.46493107     -3     3    5.6838834e-07
230 region_rec_diffs(1,126)        -1.6555314     -3     3    -3.9418997e-07
231 region_rec_diffs(1,127)        -0.57536111     -3     3    -1.2120225e-07
232 region_rec_diffs(1,128)        0.16799412     -3     3    8.8631835e-07
233 region_rec_diffs(1,129)        0.6963996     -3     3    -1.2337055e-06
234 region_rec_diffs(1,130)        -1.1064133     -3     3    -2.3787724e-07
235 region_rec_diffs(1,131)        -1.0123295     -3     3    7.5787634e-07
236 region_rec_diffs(1,132)        -0.8653628     -3     3    1.2605638e-06
237 region_rec_diffs(1,133)        1.0622725     -3     3    3.0104702e-07
238 region_rec_diffs(1,134)        -0.022807732     -3     3    2.0246873e-08
239 region_rec_diffs(1,135)        -0.28624965     -3     3    2.3689089e-06
240 region_rec_diffs(1,136)        0.61540656     -3     3    4.3241599e-07
241 region_rec_diffs(1,137)        -1.6442193     -3     3    2.2579628e-07
242 region_rec_diffs(1,138)        -0.52286672     -3     3    3.42879e-07
243 region_rec_diffs(1,139)        -0.94559221     -3     3    -1.434346e-07
244 region_rec_diffs(1,140)        -1.0773187     -3     3    2.1178115e-06
245 region_rec_diffs(1,141)        0.7616486     -3     3    -3.8906716e-07
246 region_rec_diffs(1,142)        -0.14636074     -3     3    -2.2469866e-07
247 region_rec_diffs(1,143)        -0.77198911     -3     3    3.2942217e-07
248 region_rec_diffs(1,144)        -0.32544528     -3     3    2.6009214e-07
249 region_rec_diffs(1,145)        0.56042517     -3     3    -1.0185825e-07
250 region_rec_diffs(1,146)        -0.84908787     -3     3    -1.5547726e-07
251 region_rec_diffs(1,147)        -1.5886268     -3     3    -8.178844e-08
252 region_rec_diffs(1,148)        0.66022295     -3     3    1.3777475e-07
253 region_rec_diffs(1,149)        0.59069047     -3     3    -1.7990739e-07
254 region_rec_diffs(1,150)        0.24650115     -3     3    -3.22586e-07
255 region_rec_diffs(1,151)        -0.96092363     -3     3    4.3216091e-07
256 region_rec_diffs(1,152)        0.61794197     -3     3    -1.2619037e-07
257 region_rec_diffs(1,153)        0.27684266     -3     3    2.2507702e-07
258 region_rec_diffs(1,154)        -1.2519131     -3     3    5.3393317e-07
259 region_rec_diffs(1,155)        -1.1359911     -3     3    1.5127292e-06
260 region_rec_diffs(1,156)        0.59877919     -3     3    -3.4445474e-07
261 region_rec_diffs(1,157)        -1.3336922     -3     3    -3.9894188e-08
262 region_rec_diffs(1,158)        -1.2329977     -3     3    4.3601687e-08
263 region_rec_diffs(1,159)        -1.8711798     -3     3    -8.9730006e-07
264 region_rec_diffs(1,160)        -0.5231035     -3     3    -2.990569e-07
265 region_rec_diffs(1,161)        0.61703316     -3     3    -8.1830301e-08
266 region_rec_diffs(1,162)        -0.087665698     -3     3    1.4853252e-07
267 region_rec_diffs(1,163)        -0.65197314     -3     3    -8.0314554e-07
268 region_rec_diffs(1,164)        0.87315631     -3     3    1.0531626e-07
269 region_rec_diffs(1,165)        -1.1008602     -3     3    6.5163549e-07
270 region_rec_diffs(1,166)        -1.2619564     -3     3    -4.198937e-07
271 region_rec_diffs(1,167)        -2.2829174     -3     3    9.4612964e-07
272 region_rec_diffs(1,168)        0.030262546     -3     3    1.4254966e-09
273 region_rec_diffs(1,169)        -0.75600253     -3     3    -9.9970884e-08
274 region_rec_diffs(1,170)        -1.702281     -3     3    -6.1408553e-08
275 region_rec_diffs(1,171)        -1.3459036     -3     3    -8.1717037e-08
276 region_rec_diffs(1,172)        0.65216588     -3     3    3.9808728e-07
277 region_rec_diffs(1,173)        -0.50002711     -3     3    -3.523931e-07
278 region_rec_diffs(1,174)        0.96192102     -3     3    -5.8748184e-07
279 region_rec_diffs(1,175)        -0.91230383     -3     3    2.2475093e-07
280 region_rec_diffs(1,176)        -0.69417003     -3     3    -2.4595739e-07
281 region_rec_diffs(1,177)        -2.5830741     -3     3    -4.0144264e-07
282 region_rec_diffs(1,178)        0.49960194     -3     3    1.6892781e-07
283 region_rec_diffs(1,179)        -2.1300993     -3     3    2.2574426e-07
284 region_rec_diffs(1,180)        0.6827416     -3     3    -1.6665976e-07
285 region_rec_diffs(1,181)        -0.43836143     -3     3    4.5298384e-07
286 region_rec_diffs(1,182)        -1.5775491     -3     3    -1.3002773e-07
287 region_rec_diffs(1,183)        -2.0006343     -3     3    -5.1924285e-08
288 region_rec_diffs(1,184)        -1.6047807     -3     3    -6.5062719e-07
289 region_rec_diffs(1,185)        -0.16607117     -3     3    6.7907228e-07
290 region_rec_diffs(1,186)        0.28816265     -3     3    -2.7889347e-07
291 region_rec_diffs(1,187)        -1.3559978     -3     3    2.9524107e-07
292 region_rec_diffs(1,188)        0.50928207     -3     3    2.182612e-07
293 region_rec_diffs(1,189)        0.64861669     -3     3    -1.5632558e-07
294 region_rec_diffs(1,190)        -1.691109     -3     3    4.1517538e-07
295 region_rec_diffs(1,191)        -2.8602013     -3     3    7.8727177e-07
296 region_rec_diffs(1,192)        0.10819875     -3     3    1.6391863e-07
297 region_rec_diffs(1,193)        0.50053471     -3     3    8.8493591e-08
298 region_rec_diffs(1,194)        -1.0347632     -3     3    -1.0563898e-06
299 region_rec_diffs(1,195)        -1.7742694     -3     3    8.0017839e-08
300 region_rec_diffs(1,196)        0.040472879     -3     3    -1.8972004e-07
301 region_rec_diffs(1,197)        -0.32121048     -3     3    3.3299537e-07
302 region_rec_diffs(1,198)        -2.1131724     -3     3    5.433976e-08
303 region_rec_diffs(1,199)        -2.3797801     -3     3    1.3692857e-07
304 region_rec_diffs(1,200)        -1.8674949     -3     3    4.3112486e-07
305 region_rec_diffs(1,201)        0.75986962     -3     3    -6.2342116e-07
306 region_rec_diffs(1,202)        -0.14429335     -3     3    -9.100716e-07
307 region_rec_diffs(1,203)        0.52925728     -3     3    -4.2360859e-08
308 region_rec_diffs(1,204)        -0.87879479     -3     3    3.012395e-07
309 region_rec_diffs(1,205)        -2.0264576     -3     3    -9.420528e-08
310 region_rec_diffs(1,206)        -2.0216974     -3     3    3.3939974e-07
311 region_rec_diffs(1,207)        -0.71162969     -3     3    -1.0791264e-06
312 region_rec_diffs(1,208)        -1.5185067     -3     3    -1.5796031e-07
313 region_rec_diffs(1,209)        0.021435021     -3     3    3.7603204e-07
314 region_rec_diffs(1,210)        0.88884702     -3     3    7.3321559e-08
315 region_rec_diffs(1,211)        0.39482845     -3     3    -2.3512686e-07
316 region_rec_diffs(1,212)        -2.208502     -3     3    2.7084943e-07
317 region_rec_diffs(1,213)        -1.7779838     -3     3    -3.9764982e-07
318 region_rec_diffs(1,214)        -2.17533     -3     3    5.0402217e-07
319 region_rec_diffs(1,215)        -2.0227402     -3     3    -3.132762e-07
320 region_rec_diffs(1,216)        -1.4164534     -3     3    4.4133025e-07
321 region_rec_diffs(1,217)        0.78726897     -3     3    -5.1676987e-07
322 region_rec_diffs(1,218)        -2.2744502     -3     3    -4.7168056e-09
323 region_rec_diffs(1,219)        -1.5268267     -3     3    -4.0690163e-07
324 region_rec_diffs(1,220)        0.38138742     -3     3    -1.1817444e-06
325 region_rec_diffs(1,221)        0.47811347     -3     3    4.561283e-07
326 region_rec_diffs(1,222)        -1.5462327     -3     3    2.0243714e-07
327 region_rec_diffs(1,223)        -0.12154224     -3     3    -8.1984903e-07
328 region_rec_diffs(1,224)        0.70821718     -3     3    -1.9628416e-07
329 region_rec_diffs(1,225)        -0.82814765     -3     3    1.6984465e-07
330 region_rec_diffs(1,226)        -2.2718937     -3     3    -2.381307e-07
331 region_rec_diffs(1,227)        -1.9771788     -3     3    1.7499285e-07
332 region_rec_diffs(1,228)        -1.4549893     -3     3    -1.2096082e-07
333 region_rec_diffs(1,229)        0.65888074     -3     3    -3.9486578e-07
334 region_rec_diffs(1,230)        -1.2845298     -3     3    -8.6564636e-08
335 region_rec_diffs(1,231)        -0.14979035     -3     3    3.0146235e-07
336 region_rec_diffs(1,232)        0.77694811     -3     3    1.3281521e-07
337 region_rec_diffs(1,233)        -1.5332922     -3     3    1.9593752e-07
338 region_rec_diffs(1,234)        -2.3946337     -3     3    -2.5574492e-08
339 region_rec_diffs(1,235)        -2.473583     -3     3    2.8618321e-07
340 region_rec_diffs(1,236)        -0.68152763     -3     3    4.0376147e-08
341 region_rec_diffs(1,237)        0.71161994     -3     3    8.1372936e-08
342 region_rec_diffs(1,238)        -1.5411162     -3     3    -2.5737361e-07
343 region_rec_diffs(1,239)        -2.2510977     -3     3    -1.2909901e-07
344 region_rec_diffs(1,240)        -0.71649043     -3     3    -2.0545308e-06
345 region_rec_diffs(1,241)        0.53012363     -3     3    -5.3932763e-07
346 region_rec_diffs(1,242)        -0.26933132     -3     3    2.1520668e-08
347 region_rec_diffs(1,243)        0.29867713     -3     3    1.1605958e-06
348 region_rec_diffs(1,244)        0.45553351     -3     3    -4.1549296e-07
349 region_rec_diffs(1,245)        -0.82016235     -3     3    4.9219694e-07
350 region_rec_diffs(1,246)        -1.7949953     -3     3    -4.1425073e-07
351 region_rec_diffs(1,247)        -1.64514     -3     3    -2.5322272e-07
352 region_rec_diffs(1,248)        0.61330275     -3     3    -1.5108981e-07
353 region_rec_diffs(1,249)        -1.8506249     -3     3    1.166947e-07
354 region_rec_diffs(1,250)        -2.523353     -3     3    -3.2125969e-07
355 region_rec_diffs(1,251)        -2.4610303     -3     3    -3.4513626e-08
356 region_rec_diffs(1,252)        -0.46312266     -3     3    1.0003544e-06
357 region_rec_diffs(1,253)        0.2025276     -3     3    -5.5323571e-07
358 region_rec_diffs(1,254)        -2.1951595     -3     3    -7.7248285e-07
359 region_rec_diffs(1,255)        -2.175289     -3     3    7.5247252e-07
360 region_rec_diffs(1,256)        0.55976304     -3     3    5.9150857e-08
361 region_rec_diffs(1,257)        0.30509541     -3     3    -2.4763362e-07
362 region_rec_diffs(1,258)        -1.7186264     -3     3    -1.6517077e-07
363 region_rec_diffs(1,259)        -0.8837823     -3     3    -5.1827617e-07
364 region_rec_diffs(1,260)        0.89857476     -3     3    -1.3497931e-06
365 region_rec_diffs(1,261)        0.73896324     -3     3    2.3988092e-07
366 region_rec_diffs(1,262)        -1.5760152     -3     3    5.830088e-07
367 region_rec_diffs(1,263)        -0.27874545     -3     3    2.1543139e-06
368 region_rec_diffs(1,264)        -0.84466841     -3     3    -3.9863836e-07
369 region_rec_diffs(1,265)        -0.6965419     -3     3    1.0917612e-08
370 region_rec_diffs(1,266)        -1.482651     -3     3    -2.3933233e-07
371 region_rec_diffs(1,267)        -1.3637591     -3     3    -1.1301329e-07
372 region_rec_diffs(1,268)        0.72364713     -3     3    -5.0167093e-07
373 region_rec_diffs(1,269)        -0.41378124     -3     3    3.1689288e-07
374 region_rec_diffs(1,270)        -1.0779822     -3     3    -5.1923373e-07
375 region_rec_diffs(1,271)        -0.93553071     -3     3    -5.3697759e-07
376 region_rec_diffs(1,272)        0.39493723     -3     3    -4.3634862e-06
377 region_rec_diffs(1,273)        0.28613277     -3     3    -2.107571e-07
378 region_rec_diffs(1,274)        -1.1767048     -3     3    -3.087419e-08
379 region_rec_diffs(1,275)        0.29733842     -3     3    -2.425396e-07
380 region_rec_diffs(1,276)        0.061380862     -3     3    -4.2220238e-07
381 region_rec_diffs(1,277)        -0.81530443     -3     3    -3.8705473e-07
382 region_rec_diffs(1,278)        -0.38056878     -3     3    3.5903314e-08
383 region_rec_diffs(1,279)        -0.19662775     -3     3    7.9050334e-08
384 region_rec_diffs(2,1)        -4.7401287e-09     -3     3    -2.7319878e-09
385 region_rec_diffs(2,2)        1.3612159     -3     3    1.3877564e-06
386 region_rec_diffs(2,3)        1.5044764     -3     3    8.4524053e-07
387 region_rec_diffs(2,4)        1.4241699     -3     3    1.2509537e-06
388 region_rec_diffs(2,5)        1.3729344     -3     3    -1.7827831e-07
389 region_rec_diffs(2,6)        0.089066028     -3     3    -1.5909164e-07
390 region_rec_diffs(2,7)        1.8695514     -3     3    -4.1394323e-07
391 region_rec_diffs(2,8)        0.06233968     -3     3    -1.6439254e-07
392 region_rec_diffs(2,9)        0.091804566     -3     3    -1.2219387e-07
393 region_rec_diffs(2,10)        0.082848637     -3     3    -1.9539375e-07
394 region_rec_diffs(2,11)        1.8403529     -3     3    -5.0731831e-07
395 region_rec_diffs(2,12)        0.040124133     -3     3    9.0407344e-08
396 region_rec_diffs(2,13)        -0.60419727     -3     3    5.9887511e-07
397 region_rec_diffs(2,14)        -1.2196415     -3     3    -6.4164923e-08
398 region_rec_diffs(2,15)        -0.1500114     -3     3    -3.0152485e-07
399 region_rec_diffs(2,16)        -0.020458259     -3     3    1.4766165e-07
400 region_rec_diffs(2,17)        -0.31540084     -3     3    -3.2982529e-08
401 region_rec_diffs(2,18)        -0.62888911     -3     3    4.45784e-07
402 region_rec_diffs(2,19)        0.031599107     -3     3    -1.8459088e-07
403 region_rec_diffs(2,20)        0.13471656     -3     3    -4.5607295e-07
404 region_rec_diffs(2,21)        1.2211114     -3     3    -1.327162e-06
405 region_rec_diffs(2,22)        1.0141248     -3     3    -1.2472013e-06
406 region_rec_diffs(2,23)        0.089773276     -3     3    2.5827486e-08
407 region_rec_diffs(2,24)        1.7643159     -3     3    -1.6864657e-07
408 region_rec_diffs(2,25)        0.12135098     -3     3    -3.270482e-07
409 region_rec_diffs(2,26)        1.6271905     -3     3    -2.189586e-07
410 region_rec_diffs(2,27)        0.078759555     -3     3    2.8772819e-07
411 region_rec_diffs(2,28)        0.65636082     -3     3    9.2684674e-07
412 region_rec_diffs(2,29)        -0.20291501     -3     3    9.3267766e-08
413 region_rec_diffs(2,30)        -0.61096174     -3     3    7.0719507e-08
414 region_rec_diffs(2,31)        -0.06121007     -3     3    -1.4124017e-07
415 region_rec_diffs(2,32)        -0.066484919     -3     3    -2.2012247e-07
416 region_rec_diffs(2,33)        -0.34289249     -3     3    1.3288271e-07
417 region_rec_diffs(2,34)        1.180164     -3     3    -4.3345375e-07
418 region_rec_diffs(2,35)        0.086595798     -3     3    -1.0452978e-07
419 region_rec_diffs(2,36)        0.13651046     -3     3    1.9515282e-07
420 region_rec_diffs(2,37)        -0.68599219     -3     3    4.0253825e-07
421 region_rec_diffs(2,38)        -0.45893484     -3     3    -2.6759383e-07
422 region_rec_diffs(2,39)        -0.035707587     -3     3    5.5078179e-08
423 region_rec_diffs(2,40)        0.0028994254     -3     3    2.3062121e-08
424 region_rec_diffs(2,41)        1.2388979     -3     3    -9.4422173e-08
425 region_rec_diffs(2,42)        -0.31476725     -3     3    -7.3452092e-08
426 region_rec_diffs(2,43)        0.031086136     -3     3    2.8191887e-08
427 region_rec_diffs(2,44)        1.4175537     -3     3    -2.1209392e-06
428 region_rec_diffs(2,45)        1.4696302     -3     3    -1.9831205e-06
429 region_rec_diffs(2,46)        -0.03475266     -3     3    8.8396258e-09
430 region_rec_diffs(2,47)        0.032203836     -3     3    7.6720014e-08
431 region_rec_diffs(2,48)        0.61883248     -3     3    -2.7670808e-07
432 region_rec_diffs(2,49)        0.86115221     -3     3    -1.34772e-06
433 region_rec_diffs(2,50)        0.060918805     -3     3    -6.7378156e-08
434 region_rec_diffs(2,51)        -0.38691365     -3     3    8.3312504e-09
435 region_rec_diffs(2,52)        0.048187043     -3     3    -9.2805824e-08
436 region_rec_diffs(2,53)        1.168467     -3     3    -7.1568804e-07
437 region_rec_diffs(2,54)        0.014232051     -3     3    3.6826436e-08
438 region_rec_diffs(2,55)        -0.090032795     -3     3    -2.2855314e-07
439 region_rec_diffs(2,56)        -0.23436811     -3     3    -9.9815876e-09
440 region_rec_diffs(2,57)        1.1732912     -3     3    4.382096e-07
441 region_rec_diffs(2,58)        0.9650328     -3     3    -4.2411483e-07
442 region_rec_diffs(2,59)        0.0062460458     -3     3    4.0365613e-08
443 region_rec_diffs(2,60)        0.56938171     -3     3    -1.5687776e-07
444 region_rec_diffs(2,61)        0.92945249     -3     3    -4.8974842e-10
445 region_rec_diffs(2,62)        0.067930639     -3     3    1.0746662e-07
446 region_rec_diffs(2,63)        -0.14524577     -3     3    -5.7535163e-08
447 region_rec_diffs(2,64)        -0.20019832     -3     3    5.3813399e-07
448 region_rec_diffs(2,65)        1.7381307     -3     3    -2.8450923e-07
449 region_rec_diffs(2,66)        0.059077812     -3     3    -8.2855747e-08
450 region_rec_diffs(2,67)        -0.10114994     -3     3    -5.7298786e-07
451 region_rec_diffs(2,68)        -0.32935104     -3     3    -3.5215061e-07
452 region_rec_diffs(2,69)        1.2237065     -3     3    -8.4623378e-07
453 region_rec_diffs(2,70)        1.019202     -3     3    -9.0421691e-07
454 region_rec_diffs(2,71)        0.029668706     -3     3    1.2545259e-07
455 region_rec_diffs(2,72)        -0.49223156     -3     3    -6.4165672e-07
456 region_rec_diffs(2,73)        -1.7010428     -3     3    -4.2968793e-07
457 region_rec_diffs(2,74)        -1.1740588     -3     3    -9.7481037e-08
458 region_rec_diffs(2,75)        -0.11323843     -3     3    5.4442033e-08
459 region_rec_diffs(2,76)        -0.44837545     -3     3    2.0926194e-07
460 region_rec_diffs(2,77)        1.2223598     -3     3    9.3276024e-07
461 region_rec_diffs(2,78)        0.40152655     -3     3    -4.2179534e-08
462 region_rec_diffs(2,79)        0.073788444     -3     3    4.0156971e-08
463 region_rec_diffs(2,80)        0.88938465     -3     3    -5.0034437e-08
464 region_rec_diffs(2,81)        -0.61195489     -3     3    3.4395466e-07
465 region_rec_diffs(2,82)        -0.76963586     -3     3    2.1985994e-07
466 region_rec_diffs(2,83)        -0.81991781     -3     3    -2.4239872e-07
467 region_rec_diffs(2,84)        0.4491747     -3     3    -7.6859683e-07
468 region_rec_diffs(2,85)        0.14098816     -3     3    -9.8206336e-07
469 region_rec_diffs(2,86)        -0.0030720759     -3     3    -6.4041528e-08
470 region_rec_diffs(2,87)        -0.52346406     -3     3    -2.0371976e-07
471 region_rec_diffs(2,88)        0.81512473     -3     3    -9.7595436e-07
472 region_rec_diffs(2,89)        -0.61640248     -3     3    -7.819956e-08
473 region_rec_diffs(2,90)        0.0046084183     -3     3    1.7626466e-07
474 region_rec_diffs(2,91)        -0.17705346     -3     3    3.3500754e-07
475 region_rec_diffs(2,92)        0.55135033     -3     3    1.2167621e-06
476 region_rec_diffs(2,93)        1.9237238     -3     3    3.7084972e-07
477 region_rec_diffs(2,94)        0.13187345     -3     3    5.2211636e-07
478 region_rec_diffs(2,95)        -0.66436153     -3     3    2.7213824e-07
479 region_rec_diffs(2,96)        -0.20576345     -3     3    -2.0958879e-07
480 region_rec_diffs(2,97)        -0.50906928     -3     3    -2.9203543e-07
481 region_rec_diffs(2,98)        -0.061960205     -3     3    8.5579246e-08
482 region_rec_diffs(2,99)        -0.1717153     -3     3    -3.5434459e-07
483 region_rec_diffs(2,100)        1.1034606     -3     3    -5.8605712e-07
484 region_rec_diffs(2,101)        0.67709177     -3     3    9.4307535e-07
485 region_rec_diffs(2,102)        0.047637672     -3     3    9.6261455e-08
486 region_rec_diffs(2,103)        0.077234046     -3     3    5.6619708e-07
487 region_rec_diffs(2,104)        0.38715898     -3     3    8.6996508e-06
488 region_rec_diffs(2,105)        -0.085670064     -3     3    2.1782871e-07
489 region_rec_diffs(2,106)        -0.015722305     -3     3    4.9879702e-08
490 region_rec_diffs(2,107)        -0.028315587     -3     3    2.6380179e-08
491 region_rec_diffs(2,108)        -0.081065021     -3     3    5.384238e-09
492 region_rec_diffs(2,109)        0.58966428     -3     3    -3.5618074e-07
493 region_rec_diffs(2,110)        0.010871598     -3     3    3.4834355e-08
494 region_rec_diffs(2,111)        -0.0075961536     -3     3    -1.7600909e-08
495 region_rec_diffs(2,112)        -0.23701893     -3     3    -5.7423004e-07
496 region_rec_diffs(2,113)        1.2414339     -3     3    -9.4709116e-07
497 region_rec_diffs(2,114)        -0.068062951     -3     3    3.0092931e-08
498 region_rec_diffs(2,115)        0.11639727     -3     3    -1.3607622e-07
499 region_rec_diffs(2,116)        0.39746883     -3     3    1.0497116e-06
500 region_rec_diffs(2,117)        1.0963136     -3     3    2.3481508e-06
501 region_rec_diffs(2,118)        0.1427836     -3     3    4.3052347e-07
502 region_rec_diffs(2,119)        0.65555562     -3     3    -1.8009515e-07
503 region_rec_diffs(2,120)        0.083131245     -3     3    5.1343409e-07
504 region_rec_diffs(2,121)        0.72175527     -3     3    -3.8310517e-07
505 region_rec_diffs(2,122)        -0.26743501     -3     3    1.6041643e-07
506 region_rec_diffs(2,123)        -0.093783472     -3     3    -2.0553292e-08
507 region_rec_diffs(2,124)        -0.4028851     -3     3    -2.109568e-07
508 region_rec_diffs(2,125)        0.94247423     -3     3    -1.3663726e-08
509 region_rec_diffs(2,126)        1.5830208     -3     3    -9.3210606e-08
510 region_rec_diffs(2,127)        -0.22654699     -3     3    -1.3349565e-07
511 region_rec_diffs(2,128)        0.63886393     -3     3    4.6230921e-07
512 region_rec_diffs(2,129)        0.10291847     -3     3    4.7441921e-08
513 region_rec_diffs(2,130)        -0.41855393     -3     3    -4.5023803e-08
514 region_rec_diffs(2,131)        -0.24271814     -3     3    2.1706221e-07
515 region_rec_diffs(2,132)        0.94768836     -3     3    -1.6610724e-06
516 region_rec_diffs(2,133)        -0.68522995     -3     3    -2.6009144e-07
517 region_rec_diffs(2,134)        -0.15590446     -3     3    -2.4772696e-07
518 region_rec_diffs(2,135)        -0.43803155     -3     3    6.7509395e-09
519 region_rec_diffs(2,136)        1.0728464     -3     3    1.7262512e-07
520 region_rec_diffs(2,137)        -0.31100062     -3     3    4.3293471e-08
521 region_rec_diffs(2,138)        -0.17831938     -3     3    3.7358479e-07
522 region_rec_diffs(2,139)        -0.44737416     -3     3    2.3853338e-07
523 region_rec_diffs(2,140)        -0.83367487     -3     3    1.0646815e-06
524 region_rec_diffs(2,141)        0.52016751     -3     3    2.6867134e-06
525 region_rec_diffs(2,142)        0.19342273     -3     3    1.3671128e-06
526 region_rec_diffs(2,143)        0.23494079     -3     3    1.1732274e-07
527 region_rec_diffs(2,144)        0.94110457     -3     3    -8.2301596e-07
528 region_rec_diffs(2,145)        -0.74116738     -3     3    -1.3263038e-07
529 region_rec_diffs(2,146)        -0.5336418     -3     3    6.5617772e-08
530 region_rec_diffs(2,147)        -0.90701133     -3     3    1.5855083e-07
531 region_rec_diffs(2,148)        -0.31791738     -3     3    5.5143648e-07
532 region_rec_diffs(2,149)        0.090885815     -3     3    1.3169681e-07
533 region_rec_diffs(2,150)        -0.4074132     -3     3    1.4111687e-07
534 region_rec_diffs(2,151)        -1.3433566     -3     3    -1.3889114e-07
535 region_rec_diffs(2,152)        -0.56729497     -3     3    2.0251947e-07
536 region_rec_diffs(2,153)        1.3696317     -3     3    -2.8216833e-07
537 region_rec_diffs(2,154)        -0.84091807     -3     3    1.0880776e-07
538 region_rec_diffs(2,155)        -1.0021725     -3     3    2.9470789e-08
539 region_rec_diffs(2,156)        0.23836054     -3     3    4.3210364e-07
540 region_rec_diffs(2,157)        1.4318339     -3     3    -7.2855689e-07
541 region_rec_diffs(2,158)        -0.67529449     -3     3    -4.8806574e-07
542 region_rec_diffs(2,159)        -1.0220628     -3     3    -4.1121412e-07
543 region_rec_diffs(2,160)        -1.4066219     -3     3    1.937337e-08
544 region_rec_diffs(2,161)        -1.0572095     -3     3    1.2432864e-06
545 region_rec_diffs(2,162)        -0.74820075     -3     3    -1.0842183e-07
546 region_rec_diffs(2,163)        -1.5491656     -3     3    6.9837072e-07
547 region_rec_diffs(2,164)        1.0428205     -3     3    -4.0341648e-07
548 region_rec_diffs(2,165)        -0.69310087     -3     3    3.6025825e-07
549 region_rec_diffs(2,166)        -1.3338811     -3     3    3.6719147e-07
550 region_rec_diffs(2,167)        -1.7820982     -3     3    5.1177535e-07
551 region_rec_diffs(2,168)        -1.118035     -3     3    2.3697572e-07
552 region_rec_diffs(2,169)        1.0960849     -3     3    -6.6622078e-07
553 region_rec_diffs(2,170)        -0.94005087     -3     3    -1.1955062e-07
554 region_rec_diffs(2,171)        -1.6537782     -3     3    1.4717445e-07
555 region_rec_diffs(2,172)        0.81240342     -3     3    -1.3733674e-06
556 region_rec_diffs(2,173)        0.92755691     -3     3    2.3930955e-07
557 region_rec_diffs(2,174)        -0.93007326     -3     3    -2.2526658e-07
558 region_rec_diffs(2,175)        -1.3085924     -3     3    -4.7298091e-07
559 region_rec_diffs(2,176)        -1.9225765     -3     3    8.741263e-08
560 region_rec_diffs(2,177)        1.0038902     -3     3    -3.8216998e-08
561 region_rec_diffs(2,178)        -0.066121593     -3     3    -4.8603175e-07
562 region_rec_diffs(2,179)        -1.2339695     -3     3    -1.2161007e-07
563 region_rec_diffs(2,180)        -0.78074166     -3     3    -4.3878576e-07
564 region_rec_diffs(2,181)        1.446358     -3     3    -3.5475257e-07
565 region_rec_diffs(2,182)        -1.2189178     -3     3    1.788165e-10
566 region_rec_diffs(2,183)        -1.6290196     -3     3    1.5136172e-07
567 region_rec_diffs(2,184)        -1.4559216     -3     3    -6.0479929e-07
568 region_rec_diffs(2,185)        -0.20481193     -3     3    -1.9526888e-06
569 region_rec_diffs(2,186)        -1.1816362     -3     3    1.9790699e-07
570 region_rec_diffs(2,187)        -1.3096417     -3     3    3.255093e-08
571 region_rec_diffs(2,188)        0.48218001     -3     3    -3.8410633e-07
572 region_rec_diffs(2,189)        1.0865554     -3     3    -4.3737523e-08
573 region_rec_diffs(2,190)        -0.97103472     -3     3    3.2062626e-07
574 region_rec_diffs(2,191)        -1.3744219     -3     3    3.3320884e-07
575 region_rec_diffs(2,192)        -0.0092026264     -3     3    -3.0703252e-07
576 region_rec_diffs(2,193)        1.6193719     -3     3    2.5327632e-08
577 region_rec_diffs(2,194)        -1.3637945     -3     3    5.6053873e-08
578 region_rec_diffs(2,195)        -1.3146931     -3     3    1.3220091e-07
579 region_rec_diffs(2,196)        1.1206323     -3     3    1.0629179e-07
580 region_rec_diffs(2,197)        -0.20212754     -3     3    -5.6513379e-07
581 region_rec_diffs(2,198)        -1.6174896     -3     3    4.276454e-07
582 region_rec_diffs(2,199)        -1.9436259     -3     3    -1.8008571e-07
583 region_rec_diffs(2,200)        -1.5808593     -3     3    8.8676982e-07
584 region_rec_diffs(2,201)        0.65608724     -3     3    7.4792747e-07
585 region_rec_diffs(2,202)        1.0625144     -3     3    3.081439e-07
586 region_rec_diffs(2,203)        0.83631072     -3     3    -4.9258628e-07
587 region_rec_diffs(2,204)        -0.075573514     -3     3    8.8447249e-08
588 region_rec_diffs(2,205)        -1.5514541     -3     3    -6.530795e-08
589 region_rec_diffs(2,206)        -1.7171     -3     3    5.7213396e-08
590 region_rec_diffs(2,207)        -1.2559214     -3     3    -6.9217186e-07
591 region_rec_diffs(2,208)        -1.2401585     -3     3    -1.4153525e-06
592 region_rec_diffs(2,209)        0.5889219     -3     3    -8.3921666e-07
593 region_rec_diffs(2,210)        -1.3889418     -3     3    5.033274e-07
594 region_rec_diffs(2,211)        -1.7662141     -3     3    6.3514623e-09
595 region_rec_diffs(2,212)        -1.8685123     -3     3    -2.3310023e-08
596 region_rec_diffs(2,213)        -1.0093493     -3     3    -3.809873e-07
597 region_rec_diffs(2,214)        -0.64846897     -3     3    -1.2393894e-06
598 region_rec_diffs(2,215)        -0.61995125     -3     3    -3.2587936e-07
599 region_rec_diffs(2,216)        1.1008924     -3     3    -2.1045967e-07
600 region_rec_diffs(2,217)        -1.5084531     -3     3    -2.1559612e-07
601 region_rec_diffs(2,218)        -2.3137208     -3     3    -3.5071378e-07
602 region_rec_diffs(2,219)        -1.7126577     -3     3    -2.7726687e-07
603 region_rec_diffs(2,220)        -0.65987053     -3     3    2.8133434e-07
604 region_rec_diffs(2,221)        0.81905697     -3     3    7.7776086e-07
605 region_rec_diffs(2,222)        -0.91851196     -3     3    4.3584194e-07
606 region_rec_diffs(2,223)        -0.0061501578     -3     3    4.4230723e-07
607 region_rec_diffs(2,224)        -1.3467954     -3     3    -1.7107304e-07
608 region_rec_diffs(2,225)        -1.1492632     -3     3    -5.0642071e-08
609 region_rec_diffs(2,226)        -2.0685383     -3     3    -2.3852127e-07
610 region_rec_diffs(2,227)        -1.6518758     -3     3    -1.071735e-07
611 region_rec_diffs(2,228)        -0.71858731     -3     3    -4.1590571e-07
612 region_rec_diffs(2,229)        0.8224225     -3     3    3.7846313e-07
613 region_rec_diffs(2,230)        -1.0084559     -3     3    4.0511572e-07
614 region_rec_diffs(2,231)        -0.11914837     -3     3    -6.6196411e-07
615 region_rec_diffs(2,232)        -0.19883507     -3     3    -2.2209866e-06
616 region_rec_diffs(2,233)        -0.20278031     -3     3    -9.4221305e-07
617 region_rec_diffs(2,234)        -1.16641     -3     3    -9.0366407e-08
618 region_rec_diffs(2,235)        0.23170469     -3     3    -2.2532415e-07
619 region_rec_diffs(2,236)        0.92657909     -3     3    -2.869409e-07
620 region_rec_diffs(2,237)        -0.98660886     -3     3    1.6440595e-07
621 region_rec_diffs(2,238)        0.28382698     -3     3    2.2733622e-06
622 region_rec_diffs(2,239)        -1.7300017     -3     3    1.4381217e-07
623 region_rec_diffs(2,240)        -0.94934869     -3     3    2.8985511e-07
624 region_rec_diffs(2,241)        1.1614586     -3     3    6.9023347e-07
625 region_rec_diffs(2,242)        -0.42083968     -3     3    -1.8413017e-06
626 region_rec_diffs(2,243)        -0.95306562     -3     3    -1.664507e-08
627 region_rec_diffs(2,244)        0.38263862     -3     3    -9.1256459e-07
628 region_rec_diffs(2,245)        -0.21719206     -3     3    5.5099975e-07
629 region_rec_diffs(2,246)        -0.71096537     -3     3    -2.2020051e-07
630 region_rec_diffs(2,247)        -0.5204464     -3     3    -2.9345755e-08
631 region_rec_diffs(2,248)        0.047880865     -3     3    -3.0896509e-07
632 region_rec_diffs(2,249)        -0.23350959     -3     3    -7.6124283e-07
633 region_rec_diffs(2,250)        -2.0103623     -3     3    1.7308842e-07
634 region_rec_diffs(2,251)        -1.8969933     -3     3    3.3667036e-07
635 region_rec_diffs(2,252)        0.43124213     -3     3    1.7816162e-06
636 region_rec_diffs(2,253)        1.1796906     -3     3    -1.0497247e-07
637 region_rec_diffs(2,254)        -1.9568891     -3     3    -8.5779039e-08
638 region_rec_diffs(2,255)        -2.0624004     -3     3    -2.2263819e-07
639 region_rec_diffs(2,256)        -0.93601953     -3     3    -3.940344e-07
640 region_rec_diffs(2,257)        0.74123909     -3     3    -1.7371034e-07
641 region_rec_diffs(2,258)        -1.4134903     -3     3    -2.3896942e-07
642 region_rec_diffs(2,259)        -1.4494453     -3     3    -1.6165747e-07
643 region_rec_diffs(2,260)        0.49465989     -3     3    2.7895215e-06
644 region_rec_diffs(2,261)        -0.4270729     -3     3    2.9210883e-07
645 region_rec_diffs(2,262)        -1.3729289     -3     3    8.3186597e-07
646 region_rec_diffs(2,263)        -1.3612921     -3     3    5.6866474e-07
647 region_rec_diffs(2,264)        0.68993348     -3     3    5.9894102e-07
648 region_rec_diffs(2,265)        1.4966897     -3     3    -1.015528e-06
649 region_rec_diffs(2,266)        -1.3647094     -3     3    -3.1609373e-07
650 region_rec_diffs(2,267)        -1.719279     -3     3    -3.9268458e-07
651 region_rec_diffs(2,268)        -1.152007     -3     3    -1.5305864e-07
652 region_rec_diffs(2,269)        1.0434403     -3     3    -1.958529e-06
653 region_rec_diffs(2,270)        -1.1431726     -3     3    -2.7734183e-07
654 region_rec_diffs(2,271)        -1.4068301     -3     3    -1.715257e-07
655 region_rec_diffs(2,272)        -0.26286002     -3     3    -1.1929127e-06
656 region_rec_diffs(2,273)        -0.092337718     -3     3    -1.1036292e-08
657 region_rec_diffs(2,274)        -1.1217176     -3     3    5.6216074e-07
658 region_rec_diffs(2,275)        -0.26055081     -3     3    2.4107774e-07
659 region_rec_diffs(2,276)        1.7503368     -3     3    1.2750439e-08
660 region_rec_diffs(2,277)        -0.35736582     -3     3    -1.3341727e-07
661 region_rec_diffs(2,278)        -0.22152508     -3     3    -2.9120812e-07
662 region_rec_diffs(2,279)        -0.10294027     -3     3    9.5340619e-08
663 region_rec_diffs(3,1)        -4.488955e-09     -3     3    -2.448577e-09
664 region_rec_diffs(3,2)        -1.2211661     -3     3    -4.0837832e-07
665 region_rec_diffs(3,3)        -1.197724     -3     3    8.5257044e-07
666 region_rec_diffs(3,4)        -1.3689191     -3     3    -2.0069024e-07
667 region_rec_diffs(3,5)        -1.3225839     -3     3    3.2776873e-09
668 region_rec_diffs(3,6)        -0.17794403     -3     3    3.2993539e-07
669 region_rec_diffs(3,7)        -1.6723227     -3     3    -3.5107111e-07
670 region_rec_diffs(3,8)        -0.077346695     -3     3    -2.559049e-07
671 region_rec_diffs(3,9)        -0.11114493     -3     3    -4.9360036e-10
672 region_rec_diffs(3,10)        -0.043434229     -3     3    -9.6577762e-08
673 region_rec_diffs(3,11)        -1.1826194     -3     3    -1.5173775e-07
674 region_rec_diffs(3,12)        -0.013904632     -3     3    -5.2330038e-08
675 region_rec_diffs(3,13)        -0.35219346     -3     3    4.2295032e-07
676 region_rec_diffs(3,14)        -0.55003325     -3     3    3.8288939e-07
677 region_rec_diffs(3,15)        -0.086491154     -3     3    -8.0443973e-08
678 region_rec_diffs(3,16)        -0.059046177     -3     3    1.9049254e-08
679 region_rec_diffs(3,17)        -0.841137     -3     3    4.505811e-08
680 region_rec_diffs(3,18)        -1.5411599     -3     3    3.4310101e-07
681 region_rec_diffs(3,19)        -0.14997415     -3     3    -8.5054666e-08
682 region_rec_diffs(3,20)        -0.2411717     -3     3    1.0711112e-06
683 region_rec_diffs(3,21)        -1.1944927     -3     3    -3.5506438e-08
684 region_rec_diffs(3,22)        -1.4465343     -3     3    -1.0464907e-07
685 region_rec_diffs(3,23)        -0.2019889     -3     3    1.5965685e-08
686 region_rec_diffs(3,24)        -1.18528     -3     3    1.9759489e-07
687 region_rec_diffs(3,25)        -0.41300387     -3     3    -5.5716928e-07
688 region_rec_diffs(3,26)        -1.9954131     -3     3    -4.3643311e-08
689 region_rec_diffs(3,27)        -0.19859399     -3     3    9.3552864e-08
690 region_rec_diffs(3,28)        -1.9170691     -3     3    -2.4044441e-07
691 region_rec_diffs(3,29)        -0.37712984     -3     3    -1.0234461e-08
692 region_rec_diffs(3,30)        -0.62911092     -3     3    -2.9853717e-08
693 region_rec_diffs(3,31)        -0.07157995     -3     3    -5.1818328e-08
694 region_rec_diffs(3,32)        -0.14758719     -3     3    -4.3925816e-07
695 region_rec_diffs(3,33)        -0.63097248     -3     3    2.2315641e-07
696 region_rec_diffs(3,34)        -1.1277455     -3     3    -7.2336136e-08
697 region_rec_diffs(3,35)        -0.057764055     -3     3    -4.2545893e-08
698 region_rec_diffs(3,36)        -0.048805241     -3     3    6.2878347e-08
699 region_rec_diffs(3,37)        -0.27000092     -3     3    -3.2117033e-07
700 region_rec_diffs(3,38)        0.079995101     -3     3    -1.7879044e-07
701 region_rec_diffs(3,39)        -0.002124766     -3     3    1.6638303e-08
702 region_rec_diffs(3,40)        -0.048862413     -3     3    -1.3447826e-07
703 region_rec_diffs(3,41)        -0.88203638     -3     3    -9.5520837e-08
704 region_rec_diffs(3,42)        -0.71036597     -3     3    -7.883327e-08
705 region_rec_diffs(3,43)        -0.048866772     -3     3    -8.2491926e-09
706 region_rec_diffs(3,44)        -1.031295     -3     3    -1.7165164e-07
707 region_rec_diffs(3,45)        -1.2640883     -3     3    -3.1583937e-07
708 region_rec_diffs(3,46)        -0.19959887     -3     3    -6.6576353e-08
709 region_rec_diffs(3,47)        -0.12519934     -3     3    -1.6408047e-07
710 region_rec_diffs(3,48)        -0.55387285     -3     3    -9.2779581e-08
711 region_rec_diffs(3,49)        -1.1465777     -3     3    2.843052e-07
712 region_rec_diffs(3,50)        -0.073468672     -3     3    6.4378196e-08
713 region_rec_diffs(3,51)        -0.99104219     -3     3    5.2775502e-08
714 region_rec_diffs(3,52)        -0.37314413     -3     3    -5.8007553e-08
715 region_rec_diffs(3,53)        -1.399203     -3     3    -3.3871366e-07
716 region_rec_diffs(3,54)        0.03016837     -3     3    -3.2986486e-08
717 region_rec_diffs(3,55)        -0.054212587     -3     3    -7.6526963e-07
718 region_rec_diffs(3,56)        -0.3498566     -3     3    3.5358614e-07
719 region_rec_diffs(3,57)        -0.51250189     -3     3    8.2887129e-07
720 region_rec_diffs(3,58)        -0.71976302     -3     3    -1.7318945e-07
721 region_rec_diffs(3,59)        -0.20842255     -3     3    -3.9945888e-08
722 region_rec_diffs(3,60)        -1.0351899     -3     3    9.5134009e-09
723 region_rec_diffs(3,61)        -1.393909     -3     3    -1.29167e-07
724 region_rec_diffs(3,62)        -0.19991832     -3     3    1.2850896e-07
725 region_rec_diffs(3,63)        -0.46948522     -3     3    -2.137326e-07
726 region_rec_diffs(3,64)        -0.91126474     -3     3    1.48893e-07
727 region_rec_diffs(3,65)        -1.438116     -3     3    -5.8512973e-07
728 region_rec_diffs(3,66)        -0.05984433     -3     3    -1.1186968e-07
729 region_rec_diffs(3,67)        -0.32255991     -3     3    -9.4608483e-08
730 region_rec_diffs(3,68)        -0.80414279     -3     3    1.6293371e-07
731 region_rec_diffs(3,69)        -0.61996143     -3     3    -6.5894001e-07
732 region_rec_diffs(3,70)        -0.077535341     -3     3    -9.4222791e-07
733 region_rec_diffs(3,71)        -0.25108649     -3     3    -1.4110544e-07
734 region_rec_diffs(3,72)        -0.35755235     -3     3    -2.2203041e-07
735 region_rec_diffs(3,73)        -0.31969004     -3     3    -1.5599057e-07
736 region_rec_diffs(3,74)        -0.90594549     -3     3    -1.1736168e-08
737 region_rec_diffs(3,75)        -0.086539538     -3     3    1.2531276e-07
738 region_rec_diffs(3,76)        -0.48974669     -3     3    1.1889763e-07
739 region_rec_diffs(3,77)        -0.79976139     -3     3    3.7441377e-08
740 region_rec_diffs(3,78)        -0.61090692     -3     3    -1.509284e-07
741 region_rec_diffs(3,79)        -0.38919248     -3     3    -2.1868511e-08
742 region_rec_diffs(3,80)        -0.87531968     -3     3    -1.6889223e-07
743 region_rec_diffs(3,81)        -1.2648074     -3     3    -2.4655333e-07
744 region_rec_diffs(3,82)        -0.40491543     -3     3    -3.9628583e-07
745 region_rec_diffs(3,83)        -0.80776167     -3     3    -8.3533341e-08
746 region_rec_diffs(3,84)        -0.33805476     -3     3    -7.9756984e-07
747 region_rec_diffs(3,85)        -0.65910926     -3     3    -1.2594292e-06
748 region_rec_diffs(3,86)        -0.042030981     -3     3    1.1849272e-08
749 region_rec_diffs(3,87)        -0.85638132     -3     3    -4.5412896e-08
750 region_rec_diffs(3,88)        -0.1024656     -3     3    -3.2040983e-08
751 region_rec_diffs(3,89)        -0.84598543     -3     3    1.8571298e-07
752 region_rec_diffs(3,90)        -0.19978477     -3     3    -2.1263451e-07
753 region_rec_diffs(3,91)        0.16979588     -3     3    3.6609172e-07
754 region_rec_diffs(3,92)        -0.92371417     -3     3    -2.4942605e-08
755 region_rec_diffs(3,93)        -1.346672     -3     3    5.3727209e-07
756 region_rec_diffs(3,94)        0.073384681     -3     3    -7.4377074e-07
757 region_rec_diffs(3,95)        -0.17183803     -3     3    1.6777054e-07
758 region_rec_diffs(3,96)        -0.11407837     -3     3    -2.3974384e-07
759 region_rec_diffs(3,97)        -0.0085592057     -3     3    -4.3120212e-07
760 region_rec_diffs(3,98)        -0.78221973     -3     3    -1.3931929e-07
761 region_rec_diffs(3,99)        0.48908212     -3     3    -1.5321195e-06
762 region_rec_diffs(3,100)        -1.3863434     -3     3    -2.8757673e-07
763 region_rec_diffs(3,101)        0.44133745     -3     3    -1.5096907e-07
764 region_rec_diffs(3,102)        -0.041572278     -3     3    5.816296e-08
765 region_rec_diffs(3,103)        -0.29194282     -3     3    -3.2981101e-08
766 region_rec_diffs(3,104)        -0.87286923     -3     3    9.3504155e-08
767 region_rec_diffs(3,105)        -0.19395475     -3     3    -3.3053262e-08
768 region_rec_diffs(3,106)        -0.067870621     -3     3    8.4330176e-08
769 region_rec_diffs(3,107)        -0.13678864     -3     3    -7.5963438e-08
770 region_rec_diffs(3,108)        -0.76395555     -3     3    1.7290201e-07
771 region_rec_diffs(3,109)        -0.8283955     -3     3    2.9485149e-07
772 region_rec_diffs(3,110)        -0.070122061     -3     3    -2.8894514e-08
773 region_rec_diffs(3,111)        -0.072245815     -3     3    -6.2285176e-08
774 region_rec_diffs(3,112)        -0.5936234     -3     3    -4.3565664e-07
775 region_rec_diffs(3,113)        -0.78674177     -3     3    -4.9049579e-07
776 region_rec_diffs(3,114)        -0.23334969     -3     3    -1.3127022e-07
777 region_rec_diffs(3,115)        -0.15595438     -3     3    -2.7289048e-08
778 region_rec_diffs(3,116)        -0.90309893     -3     3    -2.8192529e-07
779 region_rec_diffs(3,117)        -0.90266503     -3     3    -6.4339056e-08
780 region_rec_diffs(3,118)        -0.084939039     -3     3    -1.6754507e-07
781 region_rec_diffs(3,119)        -0.74758358     -3     3    3.5305164e-07
782 region_rec_diffs(3,120)        -0.62393075     -3     3    2.4535662e-07
783 region_rec_diffs(3,121)        -0.9104653     -3     3    5.6282194e-08
784 region_rec_diffs(3,122)        -0.87193174     -3     3    -4.5996336e-09
785 region_rec_diffs(3,123)        -0.19600627     -3     3    -5.4494104e-08
786 region_rec_diffs(3,124)        -0.43853592     -3     3    1.6306718e-08
787 region_rec_diffs(3,125)        -0.15615927     -3     3    4.8193113e-07
788 region_rec_diffs(3,126)        -1.0354776     -3     3    -2.9143274e-07
789 region_rec_diffs(3,127)        -0.47732766     -3     3    1.6493398e-07
790 region_rec_diffs(3,128)        -0.9090139     -3     3    -3.0606486e-07
791 region_rec_diffs(3,129)        -0.9972418     -3     3    -1.7920192e-07
792 region_rec_diffs(3,130)        -0.61048471     -3     3    8.4488074e-08
793 region_rec_diffs(3,131)        -0.31006892     -3     3    3.0625995e-07
794 region_rec_diffs(3,132)        -0.020057591     -3     3    2.6238323e-08
795 region_rec_diffs(3,133)        -0.50702354     -3     3    -2.098779e-07
796 region_rec_diffs(3,134)        -0.077976144     -3     3    -1.4770054e-08
797 region_rec_diffs(3,135)        -0.16072776     -3     3    -3.3385129e-07
798 region_rec_diffs(3,136)        -0.49924275     -3     3    -5.1082988e-07
799 region_rec_diffs(3,137)        -0.33384113     -3     3    -3.3853523e-07
800 region_rec_diffs(3,138)        -0.069102741     -3     3    7.0450512e-08
801 region_rec_diffs(3,139)        -0.19909946     -3     3    1.8323185e-08
802 region_rec_diffs(3,140)        -0.62149217     -3     3    4.8817711e-08
803 region_rec_diffs(3,141)        -0.65616007     -3     3    -3.6609673e-08
804 region_rec_diffs(3,142)        -0.063207991     -3     3    -1.5272242e-07
805 region_rec_diffs(3,143)        0.086570585     -3     3    8.069837e-07
806 region_rec_diffs(3,144)        1.450439     -3     3    7.1519554e-07
807 region_rec_diffs(3,145)        -0.69699536     -3     3    5.7214607e-07
808 region_rec_diffs(3,146)        -0.54820515     -3     3    -7.0653492e-08
809 region_rec_diffs(3,147)        -1.3139264     -3     3    -2.2673733e-07
810 region_rec_diffs(3,148)        -1.1288143     -3     3    -4.6253104e-07
811 region_rec_diffs(3,149)        -1.0867316     -3     3    3.0827254e-07
812 region_rec_diffs(3,150)        -0.31864944     -3     3    1.4808954e-07
813 region_rec_diffs(3,151)        0.93253648     -3     3    5.0732725e-08
814 region_rec_diffs(3,152)        -1.0657813     -3     3    -1.8604989e-07
815 region_rec_diffs(3,153)        -0.19555169     -3     3    5.5035633e-07
816 region_rec_diffs(3,154)        -0.19963742     -3     3    1.1895318e-07
817 region_rec_diffs(3,155)        -0.39880826     -3     3    -1.6710866e-07
818 region_rec_diffs(3,156)        -0.2231666     -3     3    -2.4044178e-07
819 region_rec_diffs(3,157)        0.87146235     -3     3    -8.5602458e-07
820 region_rec_diffs(3,158)        1.1783553     -3     3    5.2474881e-07
821 region_rec_diffs(3,159)        0.72877732     -3     3    6.7176659e-07
822 region_rec_diffs(3,160)        -1.6027638     -3     3    -4.0472982e-08
823 region_rec_diffs(3,161)        -1.1500578     -3     3    -4.5993069e-07
824 region_rec_diffs(3,162)        -0.43864241     -3     3    -1.9391778e-07
825 region_rec_diffs(3,163)        -1.5496981     -3     3    4.699881e-07
826 region_rec_diffs(3,164)        -0.67593236     -3     3    -3.343863e-07
827 region_rec_diffs(3,165)        1.9327065     -3     3    1.0032746e-07
828 region_rec_diffs(3,166)        -0.76115427     -3     3    -2.5563953e-07
829 region_rec_diffs(3,167)        1.7792985     -3     3    3.5121131e-07
830 region_rec_diffs(3,168)        -1.4369191     -3     3    -6.7066159e-07
831 region_rec_diffs(3,169)        -1.3702913     -3     3    5.212697e-07
832 region_rec_diffs(3,170)        -0.85442557     -3     3    4.1937381e-07
833 region_rec_diffs(3,171)        -1.3597673     -3     3    1.6630867e-08
834 region_rec_diffs(3,172)        -1.6423946     -3     3    -1.4649593e-07
835 region_rec_diffs(3,173)        -1.941438     -3     3    4.4914273e-07
836 region_rec_diffs(3,174)        -0.17279497     -3     3    -3.8630134e-07
837 region_rec_diffs(3,175)        1.980731     -3     3    -6.8663166e-07
838 region_rec_diffs(3,176)        0.96214873     -3     3    7.726706e-08
839 region_rec_diffs(3,177)        -0.52603707     -3     3    1.5410393e-07
840 region_rec_diffs(3,178)        1.1406662     -3     3    -6.4710357e-07
841 region_rec_diffs(3,179)        1.4697264     -3     3    1.027661e-06
842 region_rec_diffs(3,180)        -0.53801224     -3     3    9.8596476e-07
843 region_rec_diffs(3,181)        -1.5433676     -3     3    5.5089211e-07
844 region_rec_diffs(3,182)        -0.4831452     -3     3    -1.6820827e-07
845 region_rec_diffs(3,183)        -0.67853792     -3     3    -5.3035223e-07
846 region_rec_diffs(3,184)        -0.3328754     -3     3    3.2827957e-07
847 region_rec_diffs(3,185)        0.96360672     -3     3    -1.4610023e-07
848 region_rec_diffs(3,186)        0.60750635     -3     3    3.5341891e-08
849 region_rec_diffs(3,187)        -0.13165062     -3     3    -1.0020453e-06
850 region_rec_diffs(3,188)        -1.3399769     -3     3    2.1231105e-09
851 region_rec_diffs(3,189)        -0.22101082     -3     3    -5.4479466e-07
852 region_rec_diffs(3,190)        -0.32094376     -3     3    -2.6868802e-07
853 region_rec_diffs(3,191)        0.69945078     -3     3    -1.2658939e-06
854 region_rec_diffs(3,192)        1.6359211     -3     3    6.347949e-07
855 region_rec_diffs(3,193)        0.45616353     -3     3    -1.0594968e-06
856 region_rec_diffs(3,194)        -1.6661908     -3     3    -2.8213115e-07
857 region_rec_diffs(3,195)        -0.85471817     -3     3    -3.7379739e-07
858 region_rec_diffs(3,196)        0.13980183     -3     3    7.4388915e-07
859 region_rec_diffs(3,197)        -0.59203141     -3     3    4.7530935e-07
860 region_rec_diffs(3,198)        -1.2735849     -3     3    2.3008552e-07
861 region_rec_diffs(3,199)        1.1389544     -3     3    6.1939235e-07
862 region_rec_diffs(3,200)        0.52077157     -3     3    -9.4993501e-07
863 region_rec_diffs(3,201)        -0.84742311     -3     3    7.1647169e-08
864 region_rec_diffs(3,202)        0.88457402     -3     3    2.9186444e-07
865 region_rec_diffs(3,203)        0.62848438     -3     3    1.3916255e-07
866 region_rec_diffs(3,204)        -0.10710823     -3     3    -8.2347376e-07
867 region_rec_diffs(3,205)        -1.1115061     -3     3    4.8430409e-09
868 region_rec_diffs(3,206)        -0.73623118     -3     3    -2.2692505e-07
869 region_rec_diffs(3,207)        -0.42889381     -3     3    -3.0845597e-07
870 region_rec_diffs(3,208)        -0.82509001     -3     3    1.2103134e-06
871 region_rec_diffs(3,209)        1.4785728     -3     3    5.7984123e-07
872 region_rec_diffs(3,210)        1.3115552     -3     3    2.4302381e-07
873 region_rec_diffs(3,211)        0.1873953     -3     3    -4.1209346e-07
874 region_rec_diffs(3,212)        0.25802353     -3     3    1.6678509e-06
875 region_rec_diffs(3,213)        -0.10758004     -3     3    -9.9570584e-07
876 region_rec_diffs(3,214)        0.41068185     -3     3    -6.2966776e-08
877 region_rec_diffs(3,215)        1.3683969     -3     3    6.9868788e-08
878 region_rec_diffs(3,216)        0.80186972     -3     3    -1.4659896e-06
879 region_rec_diffs(3,217)        -0.29150254     -3     3    -6.7757524e-08
880 region_rec_diffs(3,218)        0.22670442     -3     3    7.4641672e-07
881 region_rec_diffs(3,219)        1.8298423     -3     3    4.7156045e-07
882 region_rec_diffs(3,220)        1.6589904     -3     3    7.0848083e-07
883 region_rec_diffs(3,221)        0.84848301     -3     3    -7.9349154e-07
884 region_rec_diffs(3,222)        1.7274092     -3     3    2.3309382e-07
885 region_rec_diffs(3,223)        1.6326153     -3     3    5.5670322e-07
886 region_rec_diffs(3,224)        0.5233372     -3     3    2.3286058e-07
887 region_rec_diffs(3,225)        -0.09852794     -3     3    -7.8373637e-07
888 region_rec_diffs(3,226)        0.63411772     -3     3    -2.0684987e-07
889 region_rec_diffs(3,227)        1.6031529     -3     3    9.1322361e-08
890 region_rec_diffs(3,228)        1.7142707     -3     3    3.030408e-07
891 region_rec_diffs(3,229)        -0.16659427     -3     3    1.229116e-07
892 region_rec_diffs(3,230)        1.5166126     -3     3    5.8909511e-07
893 region_rec_diffs(3,231)        1.6088531     -3     3    -4.631305e-07
894 region_rec_diffs(3,232)        0.56168919     -3     3    3.2348338e-07
895 region_rec_diffs(3,233)        1.5883699     -3     3    -2.0898699e-07
896 region_rec_diffs(3,234)        1.7150522     -3     3    -3.6466503e-07
897 region_rec_diffs(3,235)        1.5886392     -3     3    -1.1931441e-07
898 region_rec_diffs(3,236)        0.97653417     -3     3    5.5384529e-07
899 region_rec_diffs(3,237)        0.25886291     -3     3    -1.0985768e-07
900 region_rec_diffs(3,238)        1.0931846     -3     3    -5.9132363e-07
901 region_rec_diffs(3,239)        1.587776     -3     3    -2.0399416e-07
902 region_rec_diffs(3,240)        1.749495     -3     3    3.4952037e-07
903 region_rec_diffs(3,241)        1.0800767     -3     3    -1.7727592e-07
904 region_rec_diffs(3,242)        1.2799075     -3     3    4.0432958e-07
905 region_rec_diffs(3,243)        1.4437031     -3     3    -5.2023533e-07
906 region_rec_diffs(3,244)        0.49491763     -3     3    1.5516613e-06
907 region_rec_diffs(3,245)        1.3255606     -3     3    -6.6171893e-07
908 region_rec_diffs(3,246)        1.5293799     -3     3    -7.4429985e-07
909 region_rec_diffs(3,247)        1.478501     -3     3    -3.6349723e-08
910 region_rec_diffs(3,248)        0.350506     -3     3    -1.6171425e-07
911 region_rec_diffs(3,249)        -0.83406064     -3     3    2.4036996e-07
912 region_rec_diffs(3,250)        1.1844264     -3     3    7.6384128e-07
913 region_rec_diffs(3,251)        0.91719776     -3     3    1.8194851e-07
914 region_rec_diffs(3,252)        1.0060601     -3     3    -5.7022134e-07
915 region_rec_diffs(3,253)        0.17123358     -3     3    9.6661007e-07
916 region_rec_diffs(3,254)        0.010978385     -3     3    -2.6989377e-06
917 region_rec_diffs(3,255)        0.71043055     -3     3    2.5503315e-07
918 region_rec_diffs(3,256)        0.7131378     -3     3    -2.7221044e-07
919 region_rec_diffs(3,257)        0.25207481     -3     3    1.4050391e-06
920 region_rec_diffs(3,258)        0.44811566     -3     3    4.1491925e-07
921 region_rec_diffs(3,259)        0.20464592     -3     3    1.0689802e-06
922 region_rec_diffs(3,260)        0.20207187     -3     3    5.0216545e-07
923 region_rec_diffs(3,261)        -0.065204208     -3     3    -9.9507586e-07
924 region_rec_diffs(3,262)        0.41761995     -3     3    3.3600412e-08
925 region_rec_diffs(3,263)        1.2987361     -3     3    -6.0056044e-07
926 region_rec_diffs(3,264)        0.58769846     -3     3    -1.5916758e-07
927 region_rec_diffs(3,265)        -0.57311209     -3     3    7.2182595e-07
928 region_rec_diffs(3,266)        0.2664271     -3     3    -8.9310678e-07
929 region_rec_diffs(3,267)        0.67755863     -3     3    6.7020946e-07
930 region_rec_diffs(3,268)        1.1642712     -3     3    -5.0774662e-07
931 region_rec_diffs(3,269)        1.0340125     -3     3    -1.4604979e-07
932 region_rec_diffs(3,270)        0.89367627     -3     3    -1.7213257e-06
933 region_rec_diffs(3,271)        0.57439333     -3     3    2.4493456e-07
934 region_rec_diffs(3,272)        -0.23254821     -3     3    -3.5546383e-07
935 region_rec_diffs(3,273)        0.18387643     -3     3    1.2492356e-06
936 region_rec_diffs(3,274)        -1.4509057     -3     3    -1.2089772e-06
937 region_rec_diffs(3,275)        0.8523053     -3     3    -3.7049888e-08
938 region_rec_diffs(3,276)        -0.84868155     -3     3    -2.0427044e-07
939 region_rec_diffs(3,277)        1.2106884     -3     3    -2.9453238e-07
940 region_rec_diffs(3,278)        -0.16714981     -3     3    -3.553022e-07
941 region_rec_diffs(3,279)        -0.38898756     -3     3    2.6284978e-07
942 region_rec_diffs(4,1)        -3.0691707e-09     -3     3    -1.5260712e-09
943 region_rec_diffs(4,2)        -0.84749688     -3     3    -1.2532933e-07
944 region_rec_diffs(4,3)        -0.74743967     -3     3    -1.5359585e-07
945 region_rec_diffs(4,4)        -1.1327546     -3     3    2.3474463e-07
946 region_rec_diffs(4,5)        -0.64038633     -3     3    -9.6678676e-07
947 region_rec_diffs(4,6)        -0.10105646     -3     3    1.1394667e-07
948 region_rec_diffs(4,7)        -1.4086707     -3     3    -2.9153606e-07
949 region_rec_diffs(4,8)        -0.074820188     -3     3    1.307158e-08
950 region_rec_diffs(4,9)        -0.14337593     -3     3    5.4472502e-07
951 region_rec_diffs(4,10)        -0.079892798     -3     3    3.4316171e-07
952 region_rec_diffs(4,11)        -1.2155694     -3     3    1.1404928e-08
953 region_rec_diffs(4,12)        -0.056015232     -3     3    8.0463836e-08
954 region_rec_diffs(4,13)        -0.92497611     -3     3    3.1535001e-07
955 region_rec_diffs(4,14)        -1.333535     -3     3    -1.0064728e-07
956 region_rec_diffs(4,15)        -0.17027028     -3     3    -2.3495718e-07
957 region_rec_diffs(4,16)        -0.060009062     -3     3    6.3386931e-08
958 region_rec_diffs(4,17)        -0.77273789     -3     3    -8.9153803e-08
959 region_rec_diffs(4,18)        -1.3300608     -3     3    -3.5796823e-08
960 region_rec_diffs(4,19)        -0.061832351     -3     3    -2.2067864e-08
961 region_rec_diffs(4,20)        -0.063519756     -3     3    1.4502485e-07
962 region_rec_diffs(4,21)        -0.59522826     -3     3    1.7714968e-07
963 region_rec_diffs(4,22)        -0.73452939     -3     3    1.5304348e-07
964 region_rec_diffs(4,23)        -0.020980543     -3     3    -9.4971019e-08
965 region_rec_diffs(4,24)        -0.39453612     -3     3    -3.9991823e-07
966 region_rec_diffs(4,25)        -0.054171919     -3     3    -8.9536427e-08
967 region_rec_diffs(4,26)        -0.72975907     -3     3    -1.6019037e-07
968 region_rec_diffs(4,27)        0.0035985296     -3     3    1.6457786e-08
969 region_rec_diffs(4,28)        -0.65848236     -3     3    -1.4526829e-07
970 region_rec_diffs(4,29)        -0.10239594     -3     3    -1.1310047e-07
971 region_rec_diffs(4,30)        -0.23156354     -3     3    9.5124482e-08
972 region_rec_diffs(4,31)        0.00014818197     -3     3    -3.9218006e-08
973 region_rec_diffs(4,32)        0.032374483     -3     3    -7.4102017e-08
974 region_rec_diffs(4,33)        0.0048213646     -3     3    1.5412511e-07
975 region_rec_diffs(4,34)        -0.40412832     -3     3    2.8390118e-07
976 region_rec_diffs(4,35)        -0.0080449325     -3     3    -5.566179e-08
977 region_rec_diffs(4,36)        0.00062186361     -3     3    -2.0420455e-07
978 region_rec_diffs(4,37)        0.64606134     -3     3    -4.5643731e-07
979 region_rec_diffs(4,38)        0.12305677     -3     3    1.1306102e-08
980 region_rec_diffs(4,39)        0.03079945     -3     3    -6.3886109e-09
981 region_rec_diffs(4,40)        0.060405056     -3     3    6.0005174e-08
982 region_rec_diffs(4,41)        0.44483686     -3     3    -1.055958e-06
983 region_rec_diffs(4,42)        -0.0088912532     -3     3    1.9965193e-07
984 region_rec_diffs(4,43)        0.027892214     -3     3    1.2835671e-08
985 region_rec_diffs(4,44)        0.65810163     -3     3    3.0967143e-07
986 region_rec_diffs(4,45)        0.71050377     -3     3    -7.1254522e-07
987 region_rec_diffs(4,46)        0.019790354     -3     3    1.8527822e-08
988 region_rec_diffs(4,47)        0.038077695     -3     3    9.8369959e-09
989 region_rec_diffs(4,48)        1.6505924     -3     3    5.7738339e-07
990 region_rec_diffs(4,49)        -0.026830547     -3     3    1.1450528e-06
991 region_rec_diffs(4,50)        0.014821235     -3     3    4.5932255e-08
992 region_rec_diffs(4,51)        -0.38695995     -3     3    1.6879543e-07
993 region_rec_diffs(4,52)        -0.039290771     -3     3    1.2032923e-07
994 region_rec_diffs(4,53)        -0.82911722     -3     3    -6.2514971e-08
995 region_rec_diffs(4,54)        -0.075103433     -3     3    -1.3184627e-07
996 region_rec_diffs(4,55)        -0.11432758     -3     3    -3.3797987e-07
997 region_rec_diffs(4,56)        -0.17335878     -3     3    -1.9399817e-07
998 region_rec_diffs(4,57)        0.067093779     -3     3    -4.8333524e-07
999 region_rec_diffs(4,58)        -0.16519712     -3     3    -1.055311e-06
1000 region_rec_diffs(4,59)        -0.039367534     -3     3    4.9764889e-09
1001 region_rec_diffs(4,60)        -0.0093322521     -3     3    -4.5948262e-07
1002 region_rec_diffs(4,61)        -0.3896054     -3     3    -6.1839767e-07
1003 region_rec_diffs(4,62)        0.0013534565     -3     3    4.0898457e-08
1004 region_rec_diffs(4,63)        -0.12129085     -3     3    -5.74602e-08
1005 region_rec_diffs(4,64)        -0.13568126     -3     3    -1.4847267e-07
1006 region_rec_diffs(4,65)        0.9700928     -3     3    -2.0411215e-06
1007 region_rec_diffs(4,66)        0.057701413     -3     3    -8.9518869e-08
1008 region_rec_diffs(4,67)        -0.0046777284     -3     3    1.7931252e-08
1009 region_rec_diffs(4,68)        0.20215649     -3     3    -1.4705313e-07
1010 region_rec_diffs(4,69)        1.2824792     -3     3    -8.9383095e-07
1011 region_rec_diffs(4,70)        -0.35962479     -3     3    -1.1733978e-06
1012 region_rec_diffs(4,71)        -0.13009056     -3     3    3.658448e-09
1013 region_rec_diffs(4,72)        0.13161069     -3     3    -2.2236121e-07
1014 region_rec_diffs(4,73)        -0.075382527     -3     3    1.6689129e-07
1015 region_rec_diffs(4,74)        -0.60568901     -3     3    -1.4382382e-08
1016 region_rec_diffs(4,75)        -0.031665291     -3     3    3.9161612e-08
1017 region_rec_diffs(4,76)        -0.2544032     -3     3    -1.1175741e-07
1018 region_rec_diffs(4,77)        -0.24866291     -3     3    -3.4193153e-09
1019 region_rec_diffs(4,78)        -0.024933171     -3     3    -1.4139457e-09
1020 region_rec_diffs(4,79)        0.0020212111     -3     3    -1.3458015e-07
1021 region_rec_diffs(4,80)        0.0090963869     -3     3    -6.9399523e-07
1022 region_rec_diffs(4,81)        -0.47661905     -3     3    -4.8914586e-08
1023 region_rec_diffs(4,82)        -0.34896159     -3     3    -2.7109307e-08
1024 region_rec_diffs(4,83)        -0.30452518     -3     3    6.1479495e-08
1025 region_rec_diffs(4,84)        0.21487644     -3     3    3.7923499e-07
1026 region_rec_diffs(4,85)        -0.34798461     -3     3    -2.2116099e-07
1027 region_rec_diffs(4,86)        -0.0091043719     -3     3    -1.770382e-08
1028 region_rec_diffs(4,87)        -0.65981968     -3     3    4.2719335e-07
1029 region_rec_diffs(4,88)        -0.68579315     -3     3    1.8252006e-08
1030 region_rec_diffs(4,89)        -0.86645502     -3     3    -1.9883278e-07
1031 region_rec_diffs(4,90)        -0.057205835     -3     3    3.3991061e-08
1032 region_rec_diffs(4,91)        -0.31601561     -3     3    1.7257705e-07
1033 region_rec_diffs(4,92)        -0.11370831     -3     3    -2.5047076e-08
1034 region_rec_diffs(4,93)        0.19178102     -3     3    -4.7146506e-07
1035 region_rec_diffs(4,94)        0.23209278     -3     3    7.6099302e-07
1036 region_rec_diffs(4,95)        0.047631567     -3     3    5.1831268e-07
1037 region_rec_diffs(4,96)        0.077946299     -3     3    2.050519e-07
1038 region_rec_diffs(4,97)        -0.082271955     -3     3    1.4383172e-07
1039 region_rec_diffs(4,98)        -0.13868927     -3     3    -2.6211769e-07
1040 region_rec_diffs(4,99)        -0.29812379     -3     3    -8.5727904e-09
1041 region_rec_diffs(4,100)        -0.93134469     -3     3    -3.7839479e-07
1042 region_rec_diffs(4,101)        -0.7634771     -3     3    -9.4028084e-08
1043 region_rec_diffs(4,102)        -0.026423709     -3     3    3.7291226e-09
1044 region_rec_diffs(4,103)        -0.261345     -3     3    4.211184e-08
1045 region_rec_diffs(4,104)        -1.3714419     -3     3    4.9190874e-08
1046 region_rec_diffs(4,105)        -0.17119683     -3     3    2.9464188e-08
1047 region_rec_diffs(4,106)        -0.035075182     -3     3    1.5602541e-08
1048 region_rec_diffs(4,107)        -0.068824569     -3     3    -3.7298659e-08
1049 region_rec_diffs(4,108)        -0.66798069     -3     3    -2.8147647e-08
1050 region_rec_diffs(4,109)        -0.73001709     -3     3    5.2142558e-07
1051 region_rec_diffs(4,110)        -0.012482932     -3     3    -1.1559987e-08
1052 region_rec_diffs(4,111)        -0.0034777569     -3     3    7.0745964e-10
1053 region_rec_diffs(4,112)        0.27450215     -3     3    9.4934778e-08
1054 region_rec_diffs(4,113)        0.8998222     -3     3    4.8601413e-07
1055 region_rec_diffs(4,114)        -0.068451892     -3     3    -6.9928108e-09
1056 region_rec_diffs(4,115)        0.01057983     -3     3    -9.3982798e-09
1057 region_rec_diffs(4,116)        1.9887729     -3     3    -1.4566942e-06
1058 region_rec_diffs(4,117)        0.63668291     -3     3    -2.3398153e-07
1059 region_rec_diffs(4,118)        0.038876111     -3     3    3.5139317e-08
1060 region_rec_diffs(4,119)        -0.37488333     -3     3    -1.1834418e-08
1061 region_rec_diffs(4,120)        -0.27361954     -3     3    -1.402862e-08
1062 region_rec_diffs(4,121)        1.6281498     -3     3    -1.8613252e-07
1063 region_rec_diffs(4,122)        -0.11315565     -3     3    2.3815129e-07
1064 region_rec_diffs(4,123)        0.047866691     -3     3    2.2513371e-07
1065 region_rec_diffs(4,124)        1.1077497     -3     3    3.7364796e-07
1066 region_rec_diffs(4,125)        -0.017152085     -3     3    1.6182922e-07
1067 region_rec_diffs(4,126)        -0.61343858     -3     3    -2.0281296e-07
1068 region_rec_diffs(4,127)        -0.33139914     -3     3    8.0397494e-08
1069 region_rec_diffs(4,128)        -0.89079021     -3     3    -2.0966681e-07
1070 region_rec_diffs(4,129)        -0.97341674     -3     3    -1.3297029e-08
1071 region_rec_diffs(4,130)        -0.56694887     -3     3    -3.6761913e-07
1072 region_rec_diffs(4,131)        -0.27679239     -3     3    4.3630865e-07
1073 region_rec_diffs(4,132)        1.2817457     -3     3    1.1762577e-06
1074 region_rec_diffs(4,133)        0.5977258     -3     3    -5.1448806e-08
1075 region_rec_diffs(4,134)        -0.0091246556     -3     3    -9.1329633e-08
1076 region_rec_diffs(4,135)        0.23372702     -3     3    -5.9294772e-07
1077 region_rec_diffs(4,136)        0.77723262     -3     3    1.0440826e-06
1078 region_rec_diffs(4,137)        -0.16396189     -3     3    -2.9125501e-07
1079 region_rec_diffs(4,138)        -0.071432712     -3     3    5.782067e-08
1080 region_rec_diffs(4,139)        -0.24851396     -3     3    5.1719572e-09
1081 region_rec_diffs(4,140)        -0.8834033     -3     3    3.0468639e-07
1082 region_rec_diffs(4,141)        -0.7301088     -3     3    -8.6805205e-08
1083 region_rec_diffs(4,142)        -0.066224778     -3     3    -6.1993094e-08
1084 region_rec_diffs(4,143)        -0.091077709     -3     3    6.6439695e-08
1085 region_rec_diffs(4,144)        -0.55202919     -3     3    1.1828426e-08
1086 region_rec_diffs(4,145)        -0.9068107     -3     3    2.0513919e-07
1087 region_rec_diffs(4,146)        -0.25069188     -3     3    9.6443592e-08
1088 region_rec_diffs(4,147)        -0.47746142     -3     3    -9.9107176e-09
1089 region_rec_diffs(4,148)        -1.0987114     -3     3    -1.2030858e-07
1090 region_rec_diffs(4,149)        -0.54870224     -3     3    3.6676675e-07
1091 region_rec_diffs(4,150)        0.056103672     -3     3    5.2063039e-07
1092 region_rec_diffs(4,151)        1.1855783     -3     3    1.1381035e-06
1093 region_rec_diffs(4,152)        -0.96094863     -3     3    -4.2926271e-07
1094 region_rec_diffs(4,153)        0.54562466     -3     3    4.0704876e-07
1095 region_rec_diffs(4,154)        0.97282853     -3     3    1.1028701e-06
1096 region_rec_diffs(4,155)        -0.56162947     -3     3    1.5211503e-07
1097 region_rec_diffs(4,156)        -0.18409097     -3     3    2.7428169e-07
1098 region_rec_diffs(4,157)        1.7033896     -3     3    1.3134201e-06
1099 region_rec_diffs(4,158)        -0.028248497     -3     3    3.0126614e-07
1100 region_rec_diffs(4,159)        2.1808077     -3     3    -4.0556438e-07
1101 region_rec_diffs(4,160)        -2.4044371     -3     3    -1.0494084e-07
1102 region_rec_diffs(4,161)        -2.5152037     -3     3    -7.6825248e-07
1103 region_rec_diffs(4,162)        -1.0037375     -3     3    -6.387743e-07
1104 region_rec_diffs(4,163)        -1.2635522     -3     3    -4.6731705e-07
1105 region_rec_diffs(4,164)        -2.2496344     -3     3    3.235324e-07
1106 region_rec_diffs(4,165)        -0.83464312     -3     3    -8.1487117e-07
1107 region_rec_diffs(4,166)        -1.2481505     -3     3    -8.9760939e-07
1108 region_rec_diffs(4,167)        -1.074243     -3     3    -1.7002936e-06
1109 region_rec_diffs(4,168)        -0.99939129     -3     3    -6.4693356e-07
1110 region_rec_diffs(4,169)        -0.95363424     -3     3    2.7336506e-07
1111 region_rec_diffs(4,170)        0.74698814     -3     3    -4.0171425e-07
1112 region_rec_diffs(4,171)        1.6421257     -3     3    -9.5878799e-08
1113 region_rec_diffs(4,172)        -1.4731002     -3     3    -1.2130978e-07
1114 region_rec_diffs(4,173)        0.83424907     -3     3    3.1358733e-07
1115 region_rec_diffs(4,174)        -0.49310016     -3     3    -1.4705136e-07
1116 region_rec_diffs(4,175)        -0.39787246     -3     3    -1.3938978e-07
1117 region_rec_diffs(4,176)        0.70969143     -3     3    -1.1128235e-06
1118 region_rec_diffs(4,177)        1.1737259     -3     3    -3.0519238e-07
1119 region_rec_diffs(4,178)        0.23914074     -3     3    7.5290999e-07
1120 region_rec_diffs(4,179)        0.14551168     -3     3    -7.3622451e-08
1121 region_rec_diffs(4,180)        -1.1655133     -3     3    3.9931596e-08
1122 region_rec_diffs(4,181)        -1.6003632     -3     3    -1.0983526e-07
1123 region_rec_diffs(4,182)        -0.46034216     -3     3    -4.8731867e-07
1124 region_rec_diffs(4,183)        1.8143249     -3     3    -7.0381222e-07
1125 region_rec_diffs(4,184)        1.4612643     -3     3    1.5008018e-06
1126 region_rec_diffs(4,185)        -1.0342579     -3     3    4.2193679e-07
1127 region_rec_diffs(4,186)        -0.64960922     -3     3    5.5405157e-07
1128 region_rec_diffs(4,187)        -1.0287835     -3     3    -2.5224247e-07
1129 region_rec_diffs(4,188)        -1.3359306     -3     3    -3.4324823e-07
1130 region_rec_diffs(4,189)        -1.2005042     -3     3    7.2784807e-09
1131 region_rec_diffs(4,190)        -1.1111079     -3     3    6.2135773e-07
1132 region_rec_diffs(4,191)        -1.8107959     -3     3    -1.11146e-06
1133 region_rec_diffs(4,192)        -1.0038311     -3     3    -9.4683987e-07
1134 region_rec_diffs(4,193)        -1.6567666     -3     3    5.8060616e-07
1135 region_rec_diffs(4,194)        -0.9074938     -3     3    1.5048321e-07
1136 region_rec_diffs(4,195)        1.4386442     -3     3    8.7001261e-07
1137 region_rec_diffs(4,196)        0.20539208     -3     3    1.6652352e-06
1138 region_rec_diffs(4,197)        1.7834852     -3     3    9.8276583e-07
1139 region_rec_diffs(4,198)        0.33430739     -3     3    4.3034257e-07
1140 region_rec_diffs(4,199)        -0.55333429     -3     3    2.611271e-07
1141 region_rec_diffs(4,200)        -0.3764305     -3     3    1.4587054e-06
1142 region_rec_diffs(4,201)        -0.61984475     -3     3    -1.7438007e-08
1143 region_rec_diffs(4,202)        -0.67361369     -3     3    -3.082014e-07
1144 region_rec_diffs(4,203)        0.95313721     -3     3    4.3140432e-07
1145 region_rec_diffs(4,204)        1.4978443     -3     3    3.0869195e-07
1146 region_rec_diffs(4,205)        0.59146431     -3     3    -1.1522147e-07
1147 region_rec_diffs(4,206)        0.37078608     -3     3    3.8901281e-07
1148 region_rec_diffs(4,207)        0.22777183     -3     3    4.0639525e-07
1149 region_rec_diffs(4,208)        0.090130171     -3     3    -8.6336098e-07
1150 region_rec_diffs(4,209)        0.18455377     -3     3    5.4500393e-07
1151 region_rec_diffs(4,210)        0.17732195     -3     3    1.2010704e-07
1152 region_rec_diffs(4,211)        1.7760129     -3     3    1.2322375e-08
1153 region_rec_diffs(4,212)        -0.18716128     -3     3    9.9944322e-07
1154 region_rec_diffs(4,213)        0.61994698     -3     3    -1.8543101e-06
1155 region_rec_diffs(4,214)        0.72739419     -3     3    -1.7363608e-06
1156 region_rec_diffs(4,215)        0.31693705     -3     3    3.8548571e-07
1157 region_rec_diffs(4,216)        0.17540101     -3     3    2.2146805e-06
1158 region_rec_diffs(4,217)        0.68164876     -3     3    -1.8933105e-06
1159 region_rec_diffs(4,218)        -1.1556787     -3     3    -2.6811434e-08
1160 region_rec_diffs(4,219)        -0.82413263     -3     3    6.2213073e-09
1161 region_rec_diffs(4,220)        -1.3802456     -3     3    -6.2713879e-07
1162 region_rec_diffs(4,221)        0.94428484     -3     3    -9.8673739e-07
1163 region_rec_diffs(4,222)        -1.3819641     -3     3    7.5631767e-10
1164 region_rec_diffs(4,223)        -1.9007102     -3     3    -1.9796615e-07
1165 region_rec_diffs(4,224)        -1.3655534     -3     3    9.4048861e-08
1166 region_rec_diffs(4,225)        -0.63009537     -3     3    -1.678989e-07
1167 region_rec_diffs(4,226)        -1.1086785     -3     3    8.9876019e-08
1168 region_rec_diffs(4,227)        -1.6620658     -3     3    3.1000577e-07
1169 region_rec_diffs(4,228)        -1.7757838     -3     3    -3.7501321e-07
1170 region_rec_diffs(4,229)        1.4261104     -3     3    1.7584231e-07
1171 region_rec_diffs(4,230)        0.12639347     -3     3    4.3604921e-07
1172 region_rec_diffs(4,231)        0.93145423     -3     3    3.5409286e-07
1173 region_rec_diffs(4,232)        -1.0767068     -3     3    3.5292548e-07
1174 region_rec_diffs(4,233)        -1.0905673     -3     3    -1.2144965e-07
1175 region_rec_diffs(4,234)        -0.75851444     -3     3    -5.017831e-07
1176 region_rec_diffs(4,235)        0.14493093     -3     3    -2.7222022e-07
1177 region_rec_diffs(4,236)        -0.092913506     -3     3    8.7139097e-07
1178 region_rec_diffs(4,237)        -2.0846036     -3     3    -2.8769246e-07
1179 region_rec_diffs(4,238)        -1.7157665     -3     3    -2.183846e-09
1180 region_rec_diffs(4,239)        -0.16373593     -3     3    1.2057132e-07
1181 region_rec_diffs(4,240)        1.2158252     -3     3    1.1890155e-06
1182 region_rec_diffs(4,241)        -0.73505617     -3     3    1.7355524e-06
1183 region_rec_diffs(4,242)        -2.1175209     -3     3    -4.0668903e-08
1184 region_rec_diffs(4,243)        -2.2934815     -3     3    -3.4801306e-07
1185 region_rec_diffs(4,244)        -1.4210475     -3     3    -9.3977728e-07
1186 region_rec_diffs(4,245)        -1.051677     -3     3    -2.3359813e-07
1187 region_rec_diffs(4,246)        -1.9790507     -3     3    -1.7681462e-07
1188 region_rec_diffs(4,247)        1.9413136     -3     3    4.384793e-09
1189 region_rec_diffs(4,248)        1.509301     -3     3    -3.1046064e-07
1190 region_rec_diffs(4,249)        1.1035112     -3     3    4.8644743e-07
1191 region_rec_diffs(4,250)        1.2246148     -3     3    -1.3767163e-06
1192 region_rec_diffs(4,251)        1.3462557     -3     3    7.4696181e-07
1193 region_rec_diffs(4,252)        1.7573644     -3     3    -8.0520931e-07
1194 region_rec_diffs(4,253)        0.8457693     -3     3    1.2837959e-07
1195 region_rec_diffs(4,254)        1.8723589     -3     3    5.9607817e-07
1196 region_rec_diffs(4,255)        1.219174     -3     3    6.6513866e-07
1197 region_rec_diffs(4,256)        1.4840259     -3     3    6.3594287e-08
1198 region_rec_diffs(4,257)        1.3898185     -3     3    -6.6364834e-07
1199 region_rec_diffs(4,258)        1.5843467     -3     3    -1.5612914e-07
1200 region_rec_diffs(4,259)        0.91201601     -3     3    -6.6302375e-07
1201 region_rec_diffs(4,260)        0.18494697     -3     3    1.1491225e-06
1202 region_rec_diffs(4,261)        1.432821     -3     3    -2.9870277e-07
1203 region_rec_diffs(4,262)        1.6503539     -3     3    -3.3030264e-08
1204 region_rec_diffs(4,263)        1.3829161     -3     3    -6.5026224e-07
1205 region_rec_diffs(4,264)        1.6319452     -3     3    -2.685612e-07
1206 region_rec_diffs(4,265)        1.2524273     -3     3    8.1104439e-07
1207 region_rec_diffs(4,266)        1.587906     -3     3    -1.0916727e-07
1208 region_rec_diffs(4,267)        1.431291     -3     3    -6.7629076e-09
1209 region_rec_diffs(4,268)        1.2201292     -3     3    -7.4469455e-07
1210 region_rec_diffs(4,269)        1.2121734     -3     3    -1.3586053e-06
1211 region_rec_diffs(4,270)        1.8130725     -3     3    -1.225705e-06
1212 region_rec_diffs(4,271)        0.47803867     -3     3    -1.3416291e-06
1213 region_rec_diffs(4,272)        -0.3831733     -3     3    -1.954e-06
1214 region_rec_diffs(4,273)        -0.81802636     -3     3    -4.202757e-07
1215 region_rec_diffs(4,274)        2.5169743     -3     3    9.9404052e-08
1216 region_rec_diffs(4,275)        -1.2829515     -3     3    1.4617085e-07
1217 region_rec_diffs(4,276)        -1.3930623     -3     3    2.1724899e-07
1218 region_rec_diffs(4,277)        -0.58347286     -3     3    4.1426611e-08
1219 region_rec_diffs(4,278)        0.57753405     -3     3    -1.7809439e-07
1220 region_rec_diffs(4,279)        0.011523298     -3     3    8.8143809e-08
1221 region_rec_diffs(5,1)        -2.4868689e-09     -3     3    -1.1123296e-09
1222 region_rec_diffs(5,2)        0.29618169     -3     3    -2.1385554e-07
1223 region_rec_diffs(5,3)        0.2774744     -3     3    3.9816841e-07
1224 region_rec_diffs(5,4)        0.31022188     -3     3    -1.0130922e-07
1225 region_rec_diffs(5,5)        0.2561985     -3     3    -7.0997009e-07
1226 region_rec_diffs(5,6)        0.0106255     -3     3    1.0897133e-07
1227 region_rec_diffs(5,7)        -0.36530147     -3     3    6.7505705e-07
1228 region_rec_diffs(5,8)        0.022181411     -3     3    8.7128571e-08
1229 region_rec_diffs(5,9)        0.047148135     -3     3    -1.0035129e-07
1230 region_rec_diffs(5,10)        0.045713679     -3     3    -6.0072525e-08
1231 region_rec_diffs(5,11)        0.17618789     -3     3    8.319491e-07
1232 region_rec_diffs(5,12)        0.016472124     -3     3    4.104992e-08
1233 region_rec_diffs(5,13)        -0.015310148     -3     3    8.2565397e-07
1234 region_rec_diffs(5,14)        1.3246159     -3     3    1.5842355e-06
1235 region_rec_diffs(5,15)        0.052150523     -3     3    1.7777958e-07
1236 region_rec_diffs(5,16)        0.024567167     -3     3    5.7088054e-08
1237 region_rec_diffs(5,17)        0.13025289     -3     3    2.5498899e-07
1238 region_rec_diffs(5,18)        0.86528749     -3     3    -2.4218346e-06
1239 region_rec_diffs(5,19)        0.015835408     -3     3    1.1450836e-08
1240 region_rec_diffs(5,20)        0.042469393     -3     3    -7.2477755e-08
1241 region_rec_diffs(5,21)        0.54941588     -3     3    2.7610946e-07
1242 region_rec_diffs(5,22)        0.97558652     -3     3    -9.1788794e-07
1243 region_rec_diffs(5,23)        0.035509542     -3     3    1.0697596e-07
1244 region_rec_diffs(5,24)        0.15682755     -3     3    9.9658105e-08
1245 region_rec_diffs(5,25)        0.035837895     -3     3    1.8191203e-07
1246 region_rec_diffs(5,26)        -0.19548058     -3     3    2.2214335e-07
1247 region_rec_diffs(5,27)        0.016246809     -3     3    1.6521987e-08
1248 region_rec_diffs(5,28)        1.3453594     -3     3    7.450375e-07
1249 region_rec_diffs(5,29)        0.0012469736     -3     3    6.1998733e-08
1250 region_rec_diffs(5,30)        -0.0056758651     -3     3    -2.0413921e-07
1251 region_rec_diffs(5,31)        0.0079151729     -3     3    3.9085954e-09
1252 region_rec_diffs(5,32)        0.0080674973     -3     3    -2.110255e-07
1253 region_rec_diffs(5,33)        -0.15005295     -3     3    -1.4194701e-08
1254 region_rec_diffs(5,34)        0.98444906     -3     3    -2.0233887e-07
1255 region_rec_diffs(5,35)        0.01700259     -3     3    -3.9387889e-08
1256 region_rec_diffs(5,36)        0.018584408     -3     3    -2.3458795e-08
1257 region_rec_diffs(5,37)        0.89806262     -3     3    7.0959065e-08
1258 region_rec_diffs(5,38)        0.049781059     -3     3    4.3555886e-08
1259 region_rec_diffs(5,39)        0.015017802     -3     3    2.1034919e-08
1260 region_rec_diffs(5,40)        0.014379103     -3     3    6.1450058e-08
1261 region_rec_diffs(5,41)        -0.2405934     -3     3    6.0325639e-07
1262 region_rec_diffs(5,42)        -0.13730641     -3     3    3.6007559e-07
1263 region_rec_diffs(5,43)        0.014395903     -3     3    5.6518567e-08
1264 region_rec_diffs(5,44)        0.0058206223     -3     3    3.0188726e-07
1265 region_rec_diffs(5,45)        1.17136     -3     3    -4.5918132e-08
1266 region_rec_diffs(5,46)        0.083683491     -3     3    -4.4784626e-08
1267 region_rec_diffs(5,47)        0.074331429     -3     3    4.7366784e-09
1268 region_rec_diffs(5,48)        0.26911738     -3     3    -4.387924e-09
1269 region_rec_diffs(5,49)        0.57371914     -3     3    5.6874424e-07
1270 region_rec_diffs(5,50)        0.062000788     -3     3    -1.9457241e-08
1271 region_rec_diffs(5,51)        0.13531988     -3     3    4.9482704e-08
1272 region_rec_diffs(5,52)        0.041224072     -3     3    3.9921063e-08
1273 region_rec_diffs(5,53)        0.74253089     -3     3    -1.5853227e-07
1274 region_rec_diffs(5,54)        0.23845601     -3     3    2.4263269e-07
1275 region_rec_diffs(5,55)        0.27741143     -3     3    1.2268837e-07
1276 region_rec_diffs(5,56)        2.18733     -3     3    1.0601035e-07
1277 region_rec_diffs(5,57)        -0.40553933     -3     3    4.2154726e-07
1278 region_rec_diffs(5,58)        -0.40556133     -3     3    2.9699507e-07
1279 region_rec_diffs(5,59)        0.014712675     -3     3    1.6185805e-07
1280 region_rec_diffs(5,60)        1.5973279     -3     3    1.2424997e-06
1281 region_rec_diffs(5,61)        0.32409153     -3     3    -5.3989497e-07
1282 region_rec_diffs(5,62)        0.067335923     -3     3    6.7055323e-08
1283 region_rec_diffs(5,63)        0.029936455     -3     3    -2.2793444e-07
1284 region_rec_diffs(5,64)        2.4935382     -3     3    -4.4060751e-07
1285 region_rec_diffs(5,65)        -0.40911411     -3     3    -6.0240118e-07
1286 region_rec_diffs(5,66)        -0.0060690562     -3     3    -1.1422834e-07
1287 region_rec_diffs(5,67)        -0.14705014     -3     3    -2.2355189e-07
1288 region_rec_diffs(5,68)        -0.61766625     -3     3    1.2434921e-07
1289 region_rec_diffs(5,69)        -0.880809     -3     3    1.4742413e-06
1290 region_rec_diffs(5,70)        1.4366171     -3     3    1.6438147e-06
1291 region_rec_diffs(5,71)        0.099550923     -3     3    7.3601816e-08
1292 region_rec_diffs(5,72)        0.55010638     -3     3    -2.8370741e-07
1293 region_rec_diffs(5,73)        -0.28727167     -3     3    6.1988096e-07
1294 region_rec_diffs(5,74)        2.5385543     -3     3    6.8076802e-07
1295 region_rec_diffs(5,75)        0.085364871     -3     3    -1.1205632e-07
1296 region_rec_diffs(5,76)        2.3449522     -3     3    3.4129903e-07
1297 region_rec_diffs(5,77)        -0.52221417     -3     3    -1.0504382e-07
1298 region_rec_diffs(5,78)        -0.39566374     -3     3    -1.6671109e-07
1299 region_rec_diffs(5,79)        -0.091289925     -3     3    -9.7684081e-08
1300 region_rec_diffs(5,80)        -0.28550983     -3     3    -1.4208745e-06
1301 region_rec_diffs(5,81)        0.89902753     -3     3    -1.7140222e-06
1302 region_rec_diffs(5,82)        0.016534634     -3     3    3.5466072e-07
1303 region_rec_diffs(5,83)        1.4900605     -3     3    -1.1446429e-06
1304 region_rec_diffs(5,84)        0.23548101     -3     3    -9.1435359e-08
1305 region_rec_diffs(5,85)        -0.21588109     -3     3    -3.689841e-07
1306 region_rec_diffs(5,86)        0.017386422     -3     3    1.4923342e-08
1307 region_rec_diffs(5,87)        -0.14046088     -3     3    -1.9225902e-07
1308 region_rec_diffs(5,88)        1.6886246     -3     3    3.1768911e-07
1309 region_rec_diffs(5,89)        0.40751473     -3     3    -8.8080146e-07
1310 region_rec_diffs(5,90)        0.018985626     -3     3    -6.016362e-08
1311 region_rec_diffs(5,91)        0.079412045     -3     3    -3.276402e-07
1312 region_rec_diffs(5,92)        0.12049976     -3     3    5.4734951e-07
1313 region_rec_diffs(5,93)        -0.0090420596     -3     3    5.5762425e-07
1314 region_rec_diffs(5,94)        0.5431755     -3     3    1.8984246e-06
1315 region_rec_diffs(5,95)        0.24482314     -3     3    3.7333316e-07
1316 region_rec_diffs(5,96)        0.076747158     -3     3    2.7147963e-07
1317 region_rec_diffs(5,97)        0.32784004     -3     3    9.8341972e-08
1318 region_rec_diffs(5,98)        0.14175462     -3     3    2.9686982e-07
1319 region_rec_diffs(5,99)        0.34896876     -3     3    -7.4491356e-07
1320 region_rec_diffs(5,100)        1.2419734     -3     3    -1.9658062e-06
1321 region_rec_diffs(5,101)        0.13869906     -3     3    -1.1430133e-06
1322 region_rec_diffs(5,102)        0.023034399     -3     3    7.3426257e-08
1323 region_rec_diffs(5,103)        0.082404387     -3     3    1.2702605e-07
1324 region_rec_diffs(5,104)        0.76517755     -3     3    1.0818718e-07
1325 region_rec_diffs(5,105)        -0.032954164     -3     3    -1.0812144e-08
1326 region_rec_diffs(5,106)        -0.0094961833     -3     3    1.6778173e-08
1327 region_rec_diffs(5,107)        -0.036493895     -3     3    -2.4269654e-08
1328 region_rec_diffs(5,108)        -0.30275527     -3     3    7.1659999e-08
1329 region_rec_diffs(5,109)        0.45613076     -3     3    1.234555e-06
1330 region_rec_diffs(5,110)        0.003680907     -3     3    4.0193961e-08
1331 region_rec_diffs(5,111)        -0.018620525     -3     3    4.9729621e-10
1332 region_rec_diffs(5,112)        -0.5263468     -3     3    -1.5089762e-07
1333 region_rec_diffs(5,113)        0.79369416     -3     3    -5.0793947e-07
1334 region_rec_diffs(5,114)        0.043116085     -3     3    -7.7481948e-08
1335 region_rec_diffs(5,115)        0.079660952     -3     3    -4.8760113e-08
1336 region_rec_diffs(5,116)        0.094326469     -3     3    7.064378e-07
1337 region_rec_diffs(5,117)        0.52262579     -3     3    9.7120833e-07
1338 region_rec_diffs(5,118)        0.14862688     -3     3    4.3241144e-07
1339 region_rec_diffs(5,119)        1.7799244     -3     3    -4.5484074e-08
1340 region_rec_diffs(5,120)        -0.21775015     -3     3    3.233706e-07
1341 region_rec_diffs(5,121)        0.24816688     -3     3    1.1815936e-06
1342 region_rec_diffs(5,122)        0.20007444     -3     3    6.3229041e-08
1343 region_rec_diffs(5,123)        0.080183029     -3     3    4.2538817e-08
1344 region_rec_diffs(5,124)        0.54234188     -3     3    -1.5644911e-06
1345 region_rec_diffs(5,125)        0.57434289     -3     3    -1.2245949e-06
1346 region_rec_diffs(5,126)        1.0852358     -3     3    -9.5767512e-07
1347 region_rec_diffs(5,127)        -0.24126057     -3     3    -5.9854978e-08
1348 region_rec_diffs(5,128)        -0.45167314     -3     3    4.8937117e-07
1349 region_rec_diffs(5,129)        1.5487749     -3     3    8.6752466e-07
1350 region_rec_diffs(5,130)        0.046023339     -3     3    -1.6914168e-08
1351 region_rec_diffs(5,131)        -0.1088934     -3     3    5.2843583e-08
1352 region_rec_diffs(5,132)        -0.23715428     -3     3    2.7791385e-07
1353 region_rec_diffs(5,133)        0.95597112     -3     3    -3.9957597e-07
1354 region_rec_diffs(5,134)        -0.032295339     -3     3    -1.2144591e-07
1355 region_rec_diffs(5,135)        -0.50665096     -3     3    -1.0660308e-07
1356 region_rec_diffs(5,136)        -0.87339912     -3     3    2.2304677e-07
1357 region_rec_diffs(5,137)        2.4788281     -3     3    -1.7132812e-07
1358 region_rec_diffs(5,138)        0.20267293     -3     3    -6.7280058e-07
1359 region_rec_diffs(5,139)        0.13095176     -3     3    -1.2260849e-07
1360 region_rec_diffs(5,140)        -1.0647671     -3     3    -4.5722879e-07
1361 region_rec_diffs(5,141)        -1.0009112     -3     3    -1.1048163e-06
1362 region_rec_diffs(5,142)        -0.1317042     -3     3    -1.7941143e-07
1363 region_rec_diffs(5,143)        -0.20135867     -3     3    -3.2535475e-08
1364 region_rec_diffs(5,144)        -0.77920055     -3     3    6.2950782e-07
1365 region_rec_diffs(5,145)        -0.10815065     -3     3    3.7363939e-06
1366 region_rec_diffs(5,146)        0.072888756     -3     3    8.4863666e-08
1367 region_rec_diffs(5,147)        1.7545743     -3     3    4.0726173e-07
1368 region_rec_diffs(5,148)        1.0547547     -3     3    -1.9643734e-06
1369 region_rec_diffs(5,149)        -0.42117845     -3     3    -2.537247e-07
1370 region_rec_diffs(5,150)        -0.22228516     -3     3    -3.9984334e-07
1371 region_rec_diffs(5,151)        -0.79290655     -3     3    -1.1205183e-06
1372 region_rec_diffs(5,152)        -0.68283021     -3     3    -7.0977063e-07
1373 region_rec_diffs(5,153)        -0.63971329     -3     3    -1.332026e-06
1374 region_rec_diffs(5,154)        -0.12380001     -3     3    -3.5436098e-07
1375 region_rec_diffs(5,155)        0.083291998     -3     3    4.4960774e-08
1376 region_rec_diffs(5,156)        0.6113922     -3     3    -4.2546081e-07
1377 region_rec_diffs(5,157)        0.10424457     -3     3    6.1225161e-07
1378 region_rec_diffs(5,158)        0.040289456     -3     3    1.9502193e-08
1379 region_rec_diffs(5,159)        0.078989111     -3     3    7.8118767e-08
1380 region_rec_diffs(5,160)        -0.41478103     -3     3    5.2255121e-07
1381 region_rec_diffs(5,161)        0.57070668     -3     3    7.8130259e-07
1382 region_rec_diffs(5,162)        0.099880547     -3     3    1.8879743e-07
1383 region_rec_diffs(5,163)        1.1651848     -3     3    1.7080782e-07
1384 region_rec_diffs(5,164)        -0.44279457     -3     3    3.7318237e-07
1385 region_rec_diffs(5,165)        -0.20104377     -3     3    -1.8800509e-08
1386 region_rec_diffs(5,166)        -0.23374324     -3     3    -2.5252411e-08
1387 region_rec_diffs(5,167)        -0.038022885     -3     3    -3.4717432e-07
1388 region_rec_diffs(5,168)        1.7852196     -3     3    -2.3082605e-07
1389 region_rec_diffs(5,169)        1.0924342     -3     3    -6.5359578e-07
1390 region_rec_diffs(5,170)        0.30626587     -3     3    -3.7052553e-07
1391 region_rec_diffs(5,171)        1.4203997     -3     3    -1.1305054e-07
1392 region_rec_diffs(5,172)        -0.17189956     -3     3    -2.9160424e-07
1393 region_rec_diffs(5,173)        1.8262656     -3     3    -5.3528099e-08
1394 region_rec_diffs(5,174)        0.088391521     -3     3    -6.2334508e-08
1395 region_rec_diffs(5,175)        0.051484316     -3     3    2.8239791e-07
1396 region_rec_diffs(5,176)        -1.2491025     -3     3    1.1006214e-08
1397 region_rec_diffs(5,177)        -2.0560041     -3     3    -2.7436505e-07
1398 region_rec_diffs(5,178)        -1.8878352     -3     3    2.2082362e-09
1399 region_rec_diffs(5,179)        -1.0530877     -3     3    -1.8378357e-07
1400 region_rec_diffs(5,180)        1.4876623     -3     3    -5.1016605e-07
1401 region_rec_diffs(5,181)        0.74526801     -3     3    7.3433053e-07
1402 region_rec_diffs(5,182)        -0.55997021     -3     3    1.3103389e-07
1403 region_rec_diffs(5,183)        -0.82849628     -3     3    3.9388605e-07
1404 region_rec_diffs(5,184)        -1.0189118     -3     3    9.1209754e-09
1405 region_rec_diffs(5,185)        -1.6080267     -3     3    6.7293913e-07
1406 region_rec_diffs(5,186)        -1.2888616     -3     3    2.7572827e-08
1407 region_rec_diffs(5,187)        2.2749582     -3     3    -1.4781904e-07
1408 region_rec_diffs(5,188)        -0.64788907     -3     3    1.0967536e-08
1409 region_rec_diffs(5,189)        -1.2334943     -3     3    4.5100268e-08
1410 region_rec_diffs(5,190)        -1.4420626     -3     3    3.5747992e-07
1411 region_rec_diffs(5,191)        -1.2632065     -3     3    8.3559372e-07
1412 region_rec_diffs(5,192)        0.75990716     -3     3    1.9810187e-07
1413 region_rec_diffs(5,193)        -0.51321569     -3     3    -1.0068337e-07
1414 region_rec_diffs(5,194)        -0.74775662     -3     3    3.7970192e-07
1415 region_rec_diffs(5,195)        0.96133556     -3     3    -3.8450192e-08
1416 region_rec_diffs(5,196)        1.2143261     -3     3    3.1200144e-07
1417 region_rec_diffs(5,197)        -0.21695184     -3     3    6.858876e-08
1418 region_rec_diffs(5,198)        -0.55945617     -3     3    1.8673515e-07
1419 region_rec_diffs(5,199)        1.4913226     -3     3    -2.5273393e-07
1420 region_rec_diffs(5,200)        0.17696793     -3     3    7.9260593e-08
1421 region_rec_diffs(5,201)        -1.1020799     -3     3    3.4821597e-07
1422 region_rec_diffs(5,202)        -1.0050084     -3     3    1.6302808e-08
1423 region_rec_diffs(5,203)        0.24175715     -3     3    1.6391337e-08
1424 region_rec_diffs(5,204)        1.810656     -3     3    -2.6205593e-07
1425 region_rec_diffs(5,205)        -1.0516086     -3     3    -6.4753334e-08
1426 region_rec_diffs(5,206)        -1.6089548     -3     3    3.8689683e-07
1427 region_rec_diffs(5,207)        -1.7625995     -3     3    4.1969211e-08
1428 region_rec_diffs(5,208)        -2.9117587     -3     3    -1.15042e-06
1429 region_rec_diffs(5,209)        -2.43449     -3     3    -9.6419062e-08
1430 region_rec_diffs(5,210)        -2.620019     -3     3    3.7370009e-07
1431 region_rec_diffs(5,211)        -1.6209371     -3     3    -8.8786704e-08
1432 region_rec_diffs(5,212)        2.428715     -3     3    -3.8435625e-07
1433 region_rec_diffs(5,213)        2.1853972     -3     3    -9.5403887e-07
1434 region_rec_diffs(5,214)        -1.1371448     -3     3    -2.790085e-07
1435 region_rec_diffs(5,215)        -1.3049164     -3     3    -1.5273164e-07
1436 region_rec_diffs(5,216)        -1.4540951     -3     3    1.3354628e-08
1437 region_rec_diffs(5,217)        -0.38870492     -3     3    7.3090308e-07
1438 region_rec_diffs(5,218)        0.8643954     -3     3    2.7671075e-07
1439 region_rec_diffs(5,219)        -0.21646911     -3     3    -2.6170066e-07
1440 region_rec_diffs(5,220)        -1.9712076     -3     3    1.5195502e-07
1441 region_rec_diffs(5,221)        -1.3313326     -3     3    9.7010327e-07
1442 region_rec_diffs(5,222)        -2.1374109     -3     3    -3.6155305e-07
1443 region_rec_diffs(5,223)        0.084721126     -3     3    4.7255046e-07
1444 region_rec_diffs(5,224)        1.42784     -3     3    -1.4345671e-07
1445 region_rec_diffs(5,225)        -1.3618299     -3     3    -2.080331e-08
1446 region_rec_diffs(5,226)        -1.8154219     -3     3    1.778283e-07
1447 region_rec_diffs(5,227)        -1.2494338     -3     3    1.4252263e-07
1448 region_rec_diffs(5,228)        -0.61011958     -3     3    -2.58325e-07
1449 region_rec_diffs(5,229)        -0.35663314     -3     3    -7.8100244e-08
1450 region_rec_diffs(5,230)        -0.54289534     -3     3    5.0645801e-08
1451 region_rec_diffs(5,231)        -0.21770238     -3     3    1.0761906e-07
1452 region_rec_diffs(5,232)        1.5941909     -3     3    2.123062e-07
1453 region_rec_diffs(5,233)        -0.60533882     -3     3    1.7645787e-07
1454 region_rec_diffs(5,234)        -2.1465229     -3     3    -1.2133114e-07
1455 region_rec_diffs(5,235)        -2.3711824     -3     3    1.5282526e-07
1456 region_rec_diffs(5,236)        -1.1183957     -3     3    5.7499745e-07
1457 region_rec_diffs(5,237)        0.73869817     -3     3    -2.0105577e-07
1458 region_rec_diffs(5,238)        0.59170983     -3     3    -1.7521922e-07
1459 region_rec_diffs(5,239)        0.13626457     -3     3    7.9020186e-07
1460 region_rec_diffs(5,240)        0.3590329     -3     3    1.0484389e-07
1461 region_rec_diffs(5,241)        -1.0978285     -3     3    1.8268864e-06
1462 region_rec_diffs(5,242)        -0.86618033     -3     3    -5.7607426e-07
1463 region_rec_diffs(5,243)        -1.700721     -3     3    1.2662131e-07
1464 region_rec_diffs(5,244)        1.3677654     -3     3    8.0288847e-08
1465 region_rec_diffs(5,245)        0.96022202     -3     3    1.1254228e-06
1466 region_rec_diffs(5,246)        -0.65524911     -3     3    2.224896e-06
1467 region_rec_diffs(5,247)        -0.94126849     -3     3    -3.7487527e-07
1468 region_rec_diffs(5,248)        -0.21552061     -3     3    -1.7995402e-06
1469 region_rec_diffs(5,249)        1.2729311     -3     3    6.7415163e-07
1470 region_rec_diffs(5,250)        -1.3551718     -3     3    -3.3914387e-07
1471 region_rec_diffs(5,251)        -1.9164085     -3     3    -1.2346099e-07
1472 region_rec_diffs(5,252)        -1.9413831     -3     3    -5.6470094e-07
1473 region_rec_diffs(5,253)        -1.0792802     -3     3    -1.2480351e-06
1474 region_rec_diffs(5,254)        -0.78686532     -3     3    -4.6201631e-07
1475 region_rec_diffs(5,255)        0.53442149     -3     3    8.8359281e-07
1476 region_rec_diffs(5,256)        -1.0909689     -3     3    1.4648394e-07
1477 region_rec_diffs(5,257)        -1.1787447     -3     3    -5.8260094e-08
1478 region_rec_diffs(5,258)        -1.0163171     -3     3    1.241697e-07
1479 region_rec_diffs(5,259)        -1.0098801     -3     3    3.7388756e-07
1480 region_rec_diffs(5,260)        -0.11711783     -3     3    6.1752229e-07
1481 region_rec_diffs(5,261)        -1.2779682     -3     3    -5.2444166e-07
1482 region_rec_diffs(5,262)        -2.0944087     -3     3    -2.9957346e-07
1483 region_rec_diffs(5,263)        -2.0199982     -3     3    -5.3579876e-07
1484 region_rec_diffs(5,264)        1.479193     -3     3    -1.5317425e-07
1485 region_rec_diffs(5,265)        0.055471906     -3     3    5.3309588e-07
1486 region_rec_diffs(5,266)        -1.3330282     -3     3    2.8255586e-08
1487 region_rec_diffs(5,267)        -1.2737647     -3     3    1.0249748e-07
1488 region_rec_diffs(5,268)        -1.0030036     -3     3    4.7330882e-07
1489 region_rec_diffs(5,269)        -1.0869639     -3     3    -1.5594367e-07
1490 region_rec_diffs(5,270)        -0.41159162     -3     3    3.7700049e-07
1491 region_rec_diffs(5,271)        1.6084655     -3     3    -1.1851005e-06
1492 region_rec_diffs(5,272)        -0.70149701     -3     3    -4.420158e-08
1493 region_rec_diffs(5,273)        -1.020515     -3     3    -3.6965162e-07
1494 region_rec_diffs(5,274)        -1.5368409     -3     3    1.6750586e-07
1495 region_rec_diffs(5,275)        -0.63577757     -3     3    2.812034e-07
1496 region_rec_diffs(5,276)        -0.14062244     -3     3    2.7450476e-07
1497 region_rec_diffs(5,277)        -0.15794222     -3     3    5.4820444e-09
1498 region_rec_diffs(5,278)        -0.064682341     -3     3    -7.6690131e-08
1499 region_rec_diffs(5,279)        -0.04143827     -3     3    1.3959023e-08
1500 region_rec_diffs(6,1)        -5.8479595e-09     -3     3    -6.9502595e-09
1501 region_rec_diffs(6,2)        -0.18717438     -3     3    2.3646499e-07
1502 region_rec_diffs(6,3)        -0.21281821     -3     3    -2.0408136e-07
1503 region_rec_diffs(6,4)        -0.23528208     -3     3    -3.4369963e-07
1504 region_rec_diffs(6,5)        -0.28884878     -3     3    1.0823512e-07
1505 region_rec_diffs(6,6)        -0.10780273     -3     3    1.273693e-07
1506 region_rec_diffs(6,7)        -1.7609978     -3     3    -5.6821194e-07
1507 region_rec_diffs(6,8)        -0.022906566     -3     3    -3.5826253e-09
1508 region_rec_diffs(6,9)        0.35292045     -3     3    6.9269009e-08
1509 region_rec_diffs(6,10)        0.30370037     -3     3    -1.3832281e-07
1510 region_rec_diffs(6,11)        -0.080712371     -3     3    5.0395345e-07
1511 region_rec_diffs(6,12)        0.068258905     -3     3    -3.5271607e-08
1512 region_rec_diffs(6,13)        0.15461925     -3     3    -5.073362e-07
1513 region_rec_diffs(6,14)        -0.74248615     -3     3    4.1109453e-07
1514 region_rec_diffs(6,15)        0.076197539     -3     3    1.6708106e-07
1515 region_rec_diffs(6,16)        0.056680297     -3     3    -2.5026075e-07
1516 region_rec_diffs(6,17)        0.84248502     -3     3    5.2985872e-08
1517 region_rec_diffs(6,18)        -0.48090302     -3     3    1.6357294e-07
1518 region_rec_diffs(6,19)        0.040634795     -3     3    1.5058287e-07
1519 region_rec_diffs(6,20)        0.073809963     -3     3    9.8935352e-08
1520 region_rec_diffs(6,21)        0.37447611     -3     3    3.9549823e-07
1521 region_rec_diffs(6,22)        -0.37718878     -3     3    3.4226483e-07
1522 region_rec_diffs(6,23)        0.11869873     -3     3    1.2546975e-07
1523 region_rec_diffs(6,24)        -0.41379614     -3     3    2.9606846e-07
1524 region_rec_diffs(6,25)        0.2833141     -3     3    2.7457316e-07
1525 region_rec_diffs(6,26)        0.054945544     -3     3    9.7812014e-07
1526 region_rec_diffs(6,27)        0.14793723     -3     3    1.0897285e-07
1527 region_rec_diffs(6,28)        0.064979569     -3     3    -8.3690116e-07
1528 region_rec_diffs(6,29)        -0.041069756     -3     3    -1.1390619e-09
1529 region_rec_diffs(6,30)        -0.10100149     -3     3    2.5390979e-07
1530 region_rec_diffs(6,31)        0.10602478     -3     3    4.1048481e-07
1531 region_rec_diffs(6,32)        0.4157235     -3     3    3.3329834e-07
1532 region_rec_diffs(6,33)        1.055856     -3     3    -8.0629556e-08
1533 region_rec_diffs(6,34)        -0.017224535     -3     3    6.0907108e-07
1534 region_rec_diffs(6,35)        0.02924187     -3     3    -1.9904541e-07
1535 region_rec_diffs(6,36)        0.037213954     -3     3    -2.5963075e-07
1536 region_rec_diffs(6,37)        -0.35848811     -3     3    -3.5571457e-07
1537 region_rec_diffs(6,38)        0.4873078     -3     3    8.2389305e-07
1538 region_rec_diffs(6,39)        0.14238272     -3     3    -1.7551245e-07
1539 region_rec_diffs(6,40)        0.27548586     -3     3    1.3327288e-07
1540 region_rec_diffs(6,41)        0.092431127     -3     3    -8.1741796e-08
1541 region_rec_diffs(6,42)        -0.49756644     -3     3    6.8717059e-07
1542 region_rec_diffs(6,43)        0.11442955     -3     3    6.9646478e-08
1543 region_rec_diffs(6,44)        0.40844279     -3     3    2.1075983e-06
1544 region_rec_diffs(6,45)        -0.67299057     -3     3    7.2686397e-07
1545 region_rec_diffs(6,46)        -0.030336548     -3     3    -5.0806317e-08
1546 region_rec_diffs(6,47)        0.12121429     -3     3    -5.9255768e-08
1547 region_rec_diffs(6,48)        0.39324963     -3     3    5.8115389e-08
1548 region_rec_diffs(6,49)        -0.210533     -3     3    -9.4502288e-07
1549 region_rec_diffs(6,50)        0.18342895     -3     3    -1.6712551e-07
1550 region_rec_diffs(6,51)        -0.7250686     -3     3    2.2180289e-07
1551 region_rec_diffs(6,52)        0.14114108     -3     3    -3.3602985e-07
1552 region_rec_diffs(6,53)        0.45451158     -3     3    6.9159031e-07
1553 region_rec_diffs(6,54)        0.0681059     -3     3    1.1271625e-07
1554 region_rec_diffs(6,55)        -0.12213591     -3     3    -1.1441081e-06
1555 region_rec_diffs(6,56)        -0.19027708     -3     3    2.6462836e-07
1556 region_rec_diffs(6,57)        0.70481382     -3     3    -8.7027102e-08
1557 region_rec_diffs(6,58)        -0.48227857     -3     3    -2.6569029e-07
1558 region_rec_diffs(6,59)        -0.066513603     -3     3    -1.6174426e-08
1559 region_rec_diffs(6,60)        0.68450493     -3     3    -4.3066251e-07
1560 region_rec_diffs(6,61)        -0.16214423     -3     3    2.6102812e-07
1561 region_rec_diffs(6,62)        0.24096258     -3     3    4.0577292e-08
1562 region_rec_diffs(6,63)        -0.24095578     -3     3    -2.7194761e-07
1563 region_rec_diffs(6,64)        -0.1026801     -3     3    5.3226668e-07
1564 region_rec_diffs(6,65)        -0.067602362     -3     3    1.4636499e-06
1565 region_rec_diffs(6,66)        0.26473156     -3     3    1.1468717e-08
1566 region_rec_diffs(6,67)        -0.055142406     -3     3    -2.2008138e-07
1567 region_rec_diffs(6,68)        0.68647242     -3     3    3.8208692e-07
1568 region_rec_diffs(6,69)        -0.54456955     -3     3    1.0796628e-06
1569 region_rec_diffs(6,70)        -0.76066565     -3     3    -4.4263454e-10
1570 region_rec_diffs(6,71)        -0.28951209     -3     3    2.3844707e-07
1571 region_rec_diffs(6,72)        0.7289757     -3     3    3.8288256e-08
1572 region_rec_diffs(6,73)        -0.37383257     -3     3    1.0569427e-06
1573 region_rec_diffs(6,74)        -0.90311374     -3     3    1.9907282e-07
1574 region_rec_diffs(6,75)        0.077980744     -3     3    6.9589729e-08
1575 region_rec_diffs(6,76)        -0.32251953     -3     3    -6.4850976e-07
1576 region_rec_diffs(6,77)        0.41189619     -3     3    -3.3602132e-07
1577 region_rec_diffs(6,78)        0.29613544     -3     3    2.6272007e-07
1578 region_rec_diffs(6,79)        0.12577767     -3     3    8.6357413e-08
1579 region_rec_diffs(6,80)        -0.26967101     -3     3    -1.320019e-06
1580 region_rec_diffs(6,81)        -0.87190019     -3     3    -1.1859853e-07
1581 region_rec_diffs(6,82)        -0.83074254     -3     3    8.3264191e-08
1582 region_rec_diffs(6,83)        -0.72228489     -3     3    3.2899063e-07
1583 region_rec_diffs(6,84)        0.19553868     -3     3    1.7549841e-07
1584 region_rec_diffs(6,85)        0.1605568     -3     3    7.4826322e-07
1585 region_rec_diffs(6,86)        0.21958167     -3     3    1.7787096e-07
1586 region_rec_diffs(6,87)        0.91303234     -3     3    3.3161956e-07
1587 region_rec_diffs(6,88)        0.50147269     -3     3    2.9160579e-07
1588 region_rec_diffs(6,89)        -0.57794798     -3     3    -4.9746249e-07
1589 region_rec_diffs(6,90)        0.23465349     -3     3    1.6494195e-08
1590 region_rec_diffs(6,91)        -0.25012227     -3     3    -9.9707591e-07
1591 region_rec_diffs(6,92)        0.25113184     -3     3    2.9979806e-07
1592 region_rec_diffs(6,93)        -0.17465396     -3     3    -7.4159542e-07
1593 region_rec_diffs(6,94)        -0.98485723     -3     3    5.3455754e-07
1594 region_rec_diffs(6,95)        -0.17977373     -3     3    7.9239229e-07
1595 region_rec_diffs(6,96)        0.55735485     -3     3    4.5157305e-07
1596 region_rec_diffs(6,97)        0.48682209     -3     3    -7.9369443e-07
1597 region_rec_diffs(6,98)        0.10881856     -3     3    3.2051467e-07
1598 region_rec_diffs(6,99)        0.11984872     -3     3    9.7848387e-07
1599 region_rec_diffs(6,100)        -0.88079833     -3     3    4.4601828e-07
1600 region_rec_diffs(6,101)        -0.28213541     -3     3    7.3396019e-08
1601 region_rec_diffs(6,102)        0.094482376     -3     3    6.7909321e-08
1602 region_rec_diffs(6,103)        -0.056096356     -3     3    2.7885604e-07
1603 region_rec_diffs(6,104)        0.3418367     -3     3    -5.6611404e-07
1604 region_rec_diffs(6,105)        0.18885276     -3     3    9.9004733e-08
1605 region_rec_diffs(6,106)        0.027709303     -3     3    -2.692676e-08
1606 region_rec_diffs(6,107)        -0.009349388     -3     3    1.2924216e-07
1607 region_rec_diffs(6,108)        -0.69247139     -3     3    -2.6019603e-07
1608 region_rec_diffs(6,109)        0.16203551     -3     3    4.3895053e-07
1609 region_rec_diffs(6,110)        0.065495374     -3     3    1.6483656e-07
1610 region_rec_diffs(6,111)        0.026045528     -3     3    -4.7131584e-09
1611 region_rec_diffs(6,112)        -0.23284757     -3     3    6.3597039e-07
1612 region_rec_diffs(6,113)        -0.32026464     -3     3    8.7861604e-07
1613 region_rec_diffs(6,114)        -0.21402395     -3     3    3.1928531e-08
1614 region_rec_diffs(6,115)        0.10726076     -3     3    -3.125669e-07
1615 region_rec_diffs(6,116)        -0.20594326     -3     3    -1.6260659e-06
1616 region_rec_diffs(6,117)        -0.47519884     -3     3    -1.0426081e-06
1617 region_rec_diffs(6,118)        0.23431563     -3     3    3.6684716e-07
1618 region_rec_diffs(6,119)        -0.89767324     -3     3    4.1369001e-07
1619 region_rec_diffs(6,120)        -1.0441098     -3     3    5.9117104e-08
1620 region_rec_diffs(6,121)        -0.73066959     -3     3    -2.617002e-07
1621 region_rec_diffs(6,122)        -0.3745595     -3     3    -2.5820168e-07
1622 region_rec_diffs(6,123)        0.26323634     -3     3    2.048518e-07
1623 region_rec_diffs(6,124)        0.29365618     -3     3    8.872893e-08
1624 region_rec_diffs(6,125)        0.33148661     -3     3    -3.2151509e-07
1625 region_rec_diffs(6,126)        -0.52458184     -3     3    1.2616558e-06
1626 region_rec_diffs(6,127)        -0.55129586     -3     3    -4.6733575e-07
1627 region_rec_diffs(6,128)        -1.2225649     -3     3    3.5616045e-07
1628 region_rec_diffs(6,129)        -0.86455331     -3     3    4.1590817e-07
1629 region_rec_diffs(6,130)        -0.52681887     -3     3    -6.0284266e-07
1630 region_rec_diffs(6,131)        -0.20866726     -3     3    -4.5614413e-08
1631 region_rec_diffs(6,132)        -1.1899297     -3     3    -3.711553e-07
1632 region_rec_diffs(6,133)        -1.8494911     -3     3    -2.1937369e-07
1633 region_rec_diffs(6,134)        -0.45091964     -3     3    1.3894672e-07
1634 region_rec_diffs(6,135)        -1.1862933     -3     3    1.0001132e-06
1635 region_rec_diffs(6,136)        -1.7788613     -3     3    7.7005152e-07
1636 region_rec_diffs(6,137)        -0.72354147     -3     3    8.9791246e-07
1637 region_rec_diffs(6,138)        0.052059686     -3     3    -6.3211437e-08
1638 region_rec_diffs(6,139)        -0.21671545     -3     3    5.6607873e-08
1639 region_rec_diffs(6,140)        -0.98845984     -3     3    1.0911828e-06
1640 region_rec_diffs(6,141)        -0.7197736     -3     3    2.9868046e-07
1641 region_rec_diffs(6,142)        -0.045557505     -3     3    4.8789263e-07
1642 region_rec_diffs(6,143)        -0.2173314     -3     3    6.9801818e-07
1643 region_rec_diffs(6,144)        -0.91154821     -3     3    -3.3228949e-07
1644 region_rec_diffs(6,145)        -0.084320244     -3     3    1.1405622e-07
1645 region_rec_diffs(6,146)        -0.07374778     -3     3    -9.9297759e-08
1646 region_rec_diffs(6,147)        0.50833435     -3     3    1.6847172e-07
1647 region_rec_diffs(6,148)        -0.95353683     -3     3    -1.0138793e-06
1648 region_rec_diffs(6,149)        0.48926589     -3     3    -7.7510871e-08
1649 region_rec_diffs(6,150)        0.54174669     -3     3    1.2891948e-07
1650 region_rec_diffs(6,151)        0.31351576     -3     3    -5.6606288e-07
1651 region_rec_diffs(6,152)        -1.3611435     -3     3    5.0081119e-09
1652 region_rec_diffs(6,153)        -1.5852229     -3     3    2.9596105e-08
1653 region_rec_diffs(6,154)        -0.67742343     -3     3    -3.4994999e-07
1654 region_rec_diffs(6,155)        -0.90771863     -3     3    3.4195669e-07
1655 region_rec_diffs(6,156)        -1.2289699     -3     3    7.9690619e-07
1656 region_rec_diffs(6,157)        -1.0474957     -3     3    5.1963795e-07
1657 region_rec_diffs(6,158)        -0.53085866     -3     3    2.8213312e-08
1658 region_rec_diffs(6,159)        -0.59725503     -3     3    3.7567391e-07
1659 region_rec_diffs(6,160)        -2.7022192     -3     3    5.5202214e-07
1660 region_rec_diffs(6,161)        0.4213703     -3     3    1.8009299e-07
1661 region_rec_diffs(6,162)        0.81433319     -3     3    -1.1735398e-08
1662 region_rec_diffs(6,163)        -1.041685     -3     3    3.2825101e-07
1663 region_rec_diffs(6,164)        -2.5186738     -3     3    2.0818948e-07
1664 region_rec_diffs(6,165)        -0.64561976     -3     3    2.8906322e-07
1665 region_rec_diffs(6,166)        0.7141078     -3     3    -2.4801161e-07
1666 region_rec_diffs(6,167)        0.038164464     -3     3    -2.6932795e-07
1667 region_rec_diffs(6,168)        -1.1491888     -3     3    -6.5641078e-07
1668 region_rec_diffs(6,169)        -0.10547663     -3     3    4.8635537e-07
1669 region_rec_diffs(6,170)        -0.20650646     -3     3    -8.6636691e-08
1670 region_rec_diffs(6,171)        -0.77583284     -3     3    5.8148262e-07
1671 region_rec_diffs(6,172)        -1.7499474     -3     3    4.4092523e-07
1672 region_rec_diffs(6,173)        0.19145733     -3     3    -4.6895599e-07
1673 region_rec_diffs(6,174)        -0.81154011     -3     3    -7.3274772e-07
1674 region_rec_diffs(6,175)        -0.99620693     -3     3    -6.2943563e-07
1675 region_rec_diffs(6,176)        -1.7270314     -3     3    -2.4641781e-07
1676 region_rec_diffs(6,177)        -2.1121645     -3     3    -1.4161034e-07
1677 region_rec_diffs(6,178)        -0.50972136     -3     3    3.7592005e-07
1678 region_rec_diffs(6,179)        0.4495264     -3     3    4.9008788e-08
1679 region_rec_diffs(6,180)        -0.75503007     -3     3    -1.4742881e-08
1680 region_rec_diffs(6,181)        -0.20822268     -3     3    2.5018199e-07
1681 region_rec_diffs(6,182)        -0.78988762     -3     3    -3.5746806e-07
1682 region_rec_diffs(6,183)        -1.0292381     -3     3    -1.6410584e-07
1683 region_rec_diffs(6,184)        -1.3884004     -3     3    -1.9494744e-07
1684 region_rec_diffs(6,185)        0.25215872     -3     3    -2.0985795e-07
1685 region_rec_diffs(6,186)        -0.68558895     -3     3    3.3854123e-07
1686 region_rec_diffs(6,187)        0.11812497     -3     3    5.8538941e-07
1687 region_rec_diffs(6,188)        -0.89619777     -3     3    -6.0681158e-07
1688 region_rec_diffs(6,189)        -0.88872621     -3     3    -8.8356634e-08
1689 region_rec_diffs(6,190)        -0.040374276     -3     3    -1.4516952e-06
1690 region_rec_diffs(6,191)        0.13362718     -3     3    5.8261689e-07
1691 region_rec_diffs(6,192)        -1.6442198     -3     3    -7.3574376e-07
1692 region_rec_diffs(6,193)        -2.2266408     -3     3    -2.4065381e-07
1693 region_rec_diffs(6,194)        0.20265333     -3     3    1.0672234e-07
1694 region_rec_diffs(6,195)        -1.0656623     -3     3    8.4735183e-08
1695 region_rec_diffs(6,196)        -0.026509101     -3     3    -1.0655319e-06
1696 region_rec_diffs(6,197)        -1.0830177     -3     3    -3.4330602e-07
1697 region_rec_diffs(6,198)        0.33502486     -3     3    2.7588085e-07
1698 region_rec_diffs(6,199)        0.48915673     -3     3    -1.4038607e-07
1699 region_rec_diffs(6,200)        -0.27489588     -3     3    9.6086523e-07
1700 region_rec_diffs(6,201)        -0.19450503     -3     3    -5.7510286e-08
1701 region_rec_diffs(6,202)        -0.45949766     -3     3    -1.892973e-07
1702 region_rec_diffs(6,203)        -1.4137289     -3     3    4.1203914e-08
1703 region_rec_diffs(6,204)        -1.1708392     -3     3    3.8645657e-07
1704 region_rec_diffs(6,205)        1.2050299     -3     3    1.8510608e-07
1705 region_rec_diffs(6,206)        0.035558501     -3     3    5.272228e-07
1706 region_rec_diffs(6,207)        -0.12128435     -3     3    2.9038512e-07
1707 region_rec_diffs(6,208)        -1.4236277     -3     3    -6.5050657e-07
1708 region_rec_diffs(6,209)        -1.6013262     -3     3    1.6890372e-07
1709 region_rec_diffs(6,210)        -0.842542     -3     3    -1.2026485e-06
1710 region_rec_diffs(6,211)        0.11545046     -3     3    2.3109014e-07
1711 region_rec_diffs(6,212)        -0.43973457     -3     3    1.1866801e-06
1712 region_rec_diffs(6,213)        -1.2749449     -3     3    -2.9023143e-07
1713 region_rec_diffs(6,214)        -0.64669819     -3     3    -4.6344781e-07
1714 region_rec_diffs(6,215)        0.26754824     -3     3    7.8965057e-07
1715 region_rec_diffs(6,216)        -1.4671077     -3     3    7.8998963e-07
1716 region_rec_diffs(6,217)        -0.27718745     -3     3    2.5238507e-06
1717 region_rec_diffs(6,218)        0.60787688     -3     3    -4.3654932e-07
1718 region_rec_diffs(6,219)        -0.36840561     -3     3    -9.6919917e-07
1719 region_rec_diffs(6,220)        -1.5572019     -3     3    -5.6606277e-07
1720 region_rec_diffs(6,221)        -2.2095739     -3     3    6.3304506e-09
1721 region_rec_diffs(6,222)        0.28399751     -3     3    2.1141226e-08
1722 region_rec_diffs(6,223)        -0.97934742     -3     3    5.9347523e-08
1723 region_rec_diffs(6,224)        -1.0847603     -3     3    7.5233706e-07
1724 region_rec_diffs(6,225)        -1.0765088     -3     3    -1.3079827e-06
1725 region_rec_diffs(6,226)        0.16470712     -3     3    7.3529985e-07
1726 region_rec_diffs(6,227)        -0.73958678     -3     3    -1.6924631e-06
1727 region_rec_diffs(6,228)        -1.7528016     -3     3    -6.3345944e-07
1728 region_rec_diffs(6,229)        -1.1995363     -3     3    -7.6532138e-07
1729 region_rec_diffs(6,230)        0.41347904     -3     3    -1.9308454e-07
1730 region_rec_diffs(6,231)        -0.3818975     -3     3    5.5241334e-07
1731 region_rec_diffs(6,232)        -0.48259074     -3     3    -4.9170179e-07
1732 region_rec_diffs(6,233)        0.044876258     -3     3    9.1796061e-07
1733 region_rec_diffs(6,234)        0.1738169     -3     3    7.4862398e-07
1734 region_rec_diffs(6,235)        0.20547664     -3     3    3.1539105e-07
1735 region_rec_diffs(6,236)        -1.0185387     -3     3    -5.8976355e-07
1736 region_rec_diffs(6,237)        -0.60285019     -3     3    -1.627997e-06
1737 region_rec_diffs(6,238)        -0.43807656     -3     3    4.3395679e-07
1738 region_rec_diffs(6,239)        -0.37029764     -3     3    5.8186981e-08
1739 region_rec_diffs(6,240)        -1.0308609     -3     3    -2.9949857e-06
1740 region_rec_diffs(6,241)        -1.4964883     -3     3    -1.5195594e-06
1741 region_rec_diffs(6,242)        0.030563865     -3     3    7.8111834e-08
1742 region_rec_diffs(6,243)        -0.37941669     -3     3    -5.5062224e-07
1743 region_rec_diffs(6,244)        -1.1991575     -3     3    -1.6167446e-06
1744 region_rec_diffs(6,245)        -0.49638958     -3     3    1.1994517e-06
1745 region_rec_diffs(6,246)        -0.13204027     -3     3    1.7404756e-06
1746 region_rec_diffs(6,247)        -1.4656025     -3     3    5.279395e-07
1747 region_rec_diffs(6,248)        -1.1774652     -3     3    1.4216956e-06
1748 region_rec_diffs(6,249)        -0.88884674     -3     3    1.1460198e-07
1749 region_rec_diffs(6,250)        -0.5996156     -3     3    -5.7243517e-08
1750 region_rec_diffs(6,251)        0.50076433     -3     3    -3.3822198e-07
1751 region_rec_diffs(6,252)        -1.3190032     -3     3    -1.8940112e-07
1752 region_rec_diffs(6,253)        -1.420991     -3     3    -3.3398714e-07
1753 region_rec_diffs(6,254)        -0.52200735     -3     3    -8.0959807e-07
1754 region_rec_diffs(6,255)        0.11770766     -3     3    -8.473387e-07
1755 region_rec_diffs(6,256)        -1.4210587     -3     3    -4.2904032e-07
1756 region_rec_diffs(6,257)        -1.3528028     -3     3    1.2991067e-07
1757 region_rec_diffs(6,258)        -0.036656477     -3     3    2.3776859e-07
1758 region_rec_diffs(6,259)        -1.0600907     -3     3    2.7657231e-07
1759 region_rec_diffs(6,260)        -1.8213679     -3     3    2.5272413e-07
1760 region_rec_diffs(6,261)        -1.9686772     -3     3    7.4070568e-07
1761 region_rec_diffs(6,262)        -1.7184914     -3     3    2.479487e-07
1762 region_rec_diffs(6,263)        -0.9855977     -3     3    2.3193411e-07
1763 region_rec_diffs(6,264)        -1.8079811     -3     3    2.8059257e-07
1764 region_rec_diffs(6,265)        -1.7494142     -3     3    -9.3813397e-08
1765 region_rec_diffs(6,266)        -0.80715747     -3     3    -6.2270915e-07
1766 region_rec_diffs(6,267)        0.11785735     -3     3    -1.3449235e-06
1767 region_rec_diffs(6,268)        -1.4660044     -3     3    -3.1058901e-07
1768 region_rec_diffs(6,269)        -1.0844072     -3     3    1.9090531e-07
1769 region_rec_diffs(6,270)        -0.6542136     -3     3    -8.5336294e-07
1770 region_rec_diffs(6,271)        0.31092181     -3     3    -3.1168631e-06
1771 region_rec_diffs(6,272)        -0.97769793     -3     3    -2.574957e-06
1772 region_rec_diffs(6,273)        -0.79352804     -3     3    2.4908632e-07
1773 region_rec_diffs(6,274)        -0.71261667     -3     3    -2.5363208e-07
1774 region_rec_diffs(6,275)        -1.4106674     -3     3    1.1948942e-07
1775 region_rec_diffs(6,276)        -1.37526     -3     3    4.9927548e-07
1776 region_rec_diffs(6,277)        0.70092171     -3     3    4.1964918e-07
1777 region_rec_diffs(6,278)        0.50912643     -3     3    1.0817292e-07
1778 region_rec_diffs(6,279)        -0.13224582     -3     3    1.3037081e-07
1779 region_rec_diffs(7,1)        2.2089441e-10     -3     3    -9.302241e-09
1780 region_rec_diffs(7,2)        -0.94205054     -3     3    -8.1621084e-07
1781 region_rec_diffs(7,3)        -0.90692422     -3     3    -1.8210586e-06
1782 region_rec_diffs(7,4)        -0.89059578     -3     3    1.5731211e-06
1783 region_rec_diffs(7,5)        -0.88157948     -3     3    6.6881934e-07
1784 region_rec_diffs(7,6)        -0.02021107     -3     3    1.1280415e-07
1785 region_rec_diffs(7,7)        -1.5272155     -3     3    1.5529413e-08
1786 region_rec_diffs(7,8)        -0.022472161     -3     3    7.038094e-08
1787 region_rec_diffs(7,9)        -0.35926208     -3     3    -3.5006104e-08
1788 region_rec_diffs(7,10)        -0.35778042     -3     3    4.239295e-07
1789 region_rec_diffs(7,11)        -2.3674525     -3     3    1.4284348e-07
1790 region_rec_diffs(7,12)        -0.13071228     -3     3    -9.0423032e-08
1791 region_rec_diffs(7,13)        -0.91755799     -3     3    3.4279576e-07
1792 region_rec_diffs(7,14)        -0.2193888     -3     3    -1.0684071e-06
1793 region_rec_diffs(7,15)        0.08766877     -3     3    1.1836936e-07
1794 region_rec_diffs(7,16)        0.055208721     -3     3    1.8073936e-07
1795 region_rec_diffs(7,17)        -0.23465286     -3     3    -5.1349259e-08
1796 region_rec_diffs(7,18)        -0.77959669     -3     3    -5.3683783e-08
1797 region_rec_diffs(7,19)        -0.046613147     -3     3    -6.3192374e-08
1798 region_rec_diffs(7,20)        -0.050307149     -3     3    -2.7935114e-07
1799 region_rec_diffs(7,21)        -0.51933292     -3     3    1.2547545e-06
1800 region_rec_diffs(7,22)        -1.5034521     -3     3    8.1954459e-07
1801 region_rec_diffs(7,23)        -0.25514104     -3     3    -3.9036361e-07
1802 region_rec_diffs(7,24)        -1.7096079     -3     3    6.4283404e-07
1803 region_rec_diffs(7,25)        -0.69234716     -3     3    -8.6466368e-07
1804 region_rec_diffs(7,26)        -2.5015027     -3     3    4.0413721e-07
1805 region_rec_diffs(7,27)        -0.16604883     -3     3    -6.2120652e-07
1806 region_rec_diffs(7,28)        -1.2467422     -3     3    -9.2883831e-07
1807 region_rec_diffs(7,29)        0.34153155     -3     3    -3.3543104e-08
1808 region_rec_diffs(7,30)        0.61730298     -3     3    2.4385663e-08
1809 region_rec_diffs(7,31)        0.084521055     -3     3    1.9570758e-07
1810 region_rec_diffs(7,32)        -0.091904     -3     3    -3.5988312e-09
1811 region_rec_diffs(7,33)        -1.0098807     -3     3    5.6418709e-07
1812 region_rec_diffs(7,34)        -1.8412459     -3     3    1.4464131e-07
1813 region_rec_diffs(7,35)        -0.17008009     -3     3    4.679001e-07
1814 region_rec_diffs(7,36)        -0.17386242     -3     3    1.0742401e-07
1815 region_rec_diffs(7,37)        -1.6252366     -3     3    6.7393399e-07
1816 region_rec_diffs(7,38)        -0.25054692     -3     3    -7.9020097e-07
1817 region_rec_diffs(7,39)        -0.090061526     -3     3    8.9272281e-08
1818 region_rec_diffs(7,40)        -0.10644631     -3     3    -2.3516266e-07
1819 region_rec_diffs(7,41)        -0.81354328     -3     3    -1.5313471e-06
1820 region_rec_diffs(7,42)        -1.2399555     -3     3    -1.7460619e-07
1821 region_rec_diffs(7,43)        -0.052802259     -3     3    2.2342188e-08
1822 region_rec_diffs(7,44)        -1.5245927     -3     3    -8.2605357e-07
1823 region_rec_diffs(7,45)        -2.0750382     -3     3    -2.8984218e-07
1824 region_rec_diffs(7,46)        -0.64452631     -3     3    -2.4654608e-07
1825 region_rec_diffs(7,47)        -0.49711226     -3     3    -4.5598113e-07
1826 region_rec_diffs(7,48)        -1.4899487     -3     3    -4.0560585e-07
1827 region_rec_diffs(7,49)        -0.54609624     -3     3    -1.5857062e-07
1828 region_rec_diffs(7,50)        -0.060959326     -3     3    1.5928586e-07
1829 region_rec_diffs(7,51)        -1.386998     -3     3    3.0872611e-07
1830 region_rec_diffs(7,52)        -0.31107216     -3     3    1.9633361e-07
1831 region_rec_diffs(7,53)        -1.1429137     -3     3    -1.4368576e-06
1832 region_rec_diffs(7,54)        0.0060152731     -3     3    -2.5571281e-07
1833 region_rec_diffs(7,55)        -0.46696746     -3     3    -1.3709675e-06
1834 region_rec_diffs(7,56)        -1.0440426     -3     3    9.1833246e-08
1835 region_rec_diffs(7,57)        -1.1069103     -3     3    -2.6791694e-07
1836 region_rec_diffs(7,58)        -0.91166652     -3     3    2.6802537e-07
1837 region_rec_diffs(7,59)        -0.32325735     -3     3    2.3574002e-07
1838 region_rec_diffs(7,60)        -1.4365883     -3     3    7.9330571e-07
1839 region_rec_diffs(7,61)        -1.3661048     -3     3    -4.0527535e-07
1840 region_rec_diffs(7,62)        -0.11147105     -3     3    1.64029e-08
1841 region_rec_diffs(7,63)        -0.60731014     -3     3    -3.4484451e-07
1842 region_rec_diffs(7,64)        -1.0878735     -3     3    -1.5750287e-07
1843 region_rec_diffs(7,65)        -1.6974848     -3     3    -1.6019626e-06
1844 region_rec_diffs(7,66)        -0.0083657499     -3     3    9.1476561e-09
1845 region_rec_diffs(7,67)        -0.57107906     -3     3    -3.4556395e-07
1846 region_rec_diffs(7,68)        -1.3628615     -3     3    -2.4722925e-07
1847 region_rec_diffs(7,69)        -1.0871333     -3     3    -9.9122985e-08
1848 region_rec_diffs(7,70)        -0.25540893     -3     3    -2.2210643e-07
1849 region_rec_diffs(7,71)        -0.57767906     -3     3    7.4218616e-07
1850 region_rec_diffs(7,72)        -0.86484286     -3     3    2.9098537e-07
1851 region_rec_diffs(7,73)        0.1434343     -3     3    -3.9848474e-07
1852 region_rec_diffs(7,74)        -1.1204684     -3     3    -3.650293e-08
1853 region_rec_diffs(7,75)        0.15041819     -3     3    6.0878896e-08
1854 region_rec_diffs(7,76)        -0.20719893     -3     3    2.728489e-07
1855 region_rec_diffs(7,77)        -0.31928808     -3     3    -3.272398e-07
1856 region_rec_diffs(7,78)        -0.74611405     -3     3    -6.6307142e-07
1857 region_rec_diffs(7,79)        -0.36899766     -3     3    -2.1852017e-07
1858 region_rec_diffs(7,80)        -1.1823368     -3     3    1.5662809e-06
1859 region_rec_diffs(7,81)        0.1840565     -3     3    1.6467642e-06
1860 region_rec_diffs(7,82)        -0.19437336     -3     3    6.3966229e-07
1861 region_rec_diffs(7,83)        -0.84455825     -3     3    2.5831492e-07
1862 region_rec_diffs(7,84)        -0.197497     -3     3    -6.6330205e-07
1863 region_rec_diffs(7,85)        -0.30904994     -3     3    -9.6437179e-07
1864 region_rec_diffs(7,86)        -0.0053618067     -3     3    -1.2564086e-07
1865 region_rec_diffs(7,87)        -1.7590971     -3     3    -7.5027411e-08
1866 region_rec_diffs(7,88)        -1.1292599     -3     3    6.378662e-07
1867 region_rec_diffs(7,89)        0.31124392     -3     3    -7.2231339e-09
1868 region_rec_diffs(7,90)        0.10090172     -3     3    8.5823834e-08
1869 region_rec_diffs(7,91)        -0.14585539     -3     3    -5.1643799e-07
1870 region_rec_diffs(7,92)        -0.40560575     -3     3    1.111591e-06
1871 region_rec_diffs(7,93)        -1.3481675     -3     3    -3.8741493e-08
1872 region_rec_diffs(7,94)        -2.0470955     -3     3    9.0531143e-08
1873 region_rec_diffs(7,95)        -0.88945855     -3     3    3.6636492e-07
1874 region_rec_diffs(7,96)        -0.24062859     -3     3    -2.8098897e-07
1875 region_rec_diffs(7,97)        -1.2587396     -3     3    -3.0167673e-07
1876 region_rec_diffs(7,98)        -1.0210555     -3     3    -8.9140682e-07
1877 region_rec_diffs(7,99)        -1.0774253     -3     3    -1.272812e-07
1878 region_rec_diffs(7,100)        0.19268772     -3     3    8.9504764e-07
1879 region_rec_diffs(7,101)        -1.2323365     -3     3    -4.9148679e-07
1880 region_rec_diffs(7,102)        -0.057089337     -3     3    4.3441507e-08
1881 region_rec_diffs(7,103)        -0.50960992     -3     3    4.0941802e-07
1882 region_rec_diffs(7,104)        -1.2680207     -3     3    3.1880882e-06
1883 region_rec_diffs(7,105)        -0.039727453     -3     3    -1.7343712e-08
1884 region_rec_diffs(7,106)        0.004614307     -3     3    -1.2788055e-08
1885 region_rec_diffs(7,107)        0.019234808     -3     3    2.2515047e-08
1886 region_rec_diffs(7,108)        -0.31887877     -3     3    -2.7343064e-07
1887 region_rec_diffs(7,109)        -0.90723386     -3     3    5.2214807e-07
1888 region_rec_diffs(7,110)        -0.00087258995     -3     3    -6.4955374e-08
1889 region_rec_diffs(7,111)        0.077702514     -3     3    9.7207408e-08
1890 region_rec_diffs(7,112)        -0.59695087     -3     3    5.8682852e-07
1891 region_rec_diffs(7,113)        -0.82123681     -3     3    -6.2411746e-07
1892 region_rec_diffs(7,114)        0.38301934     -3     3    -6.9335278e-08
1893 region_rec_diffs(7,115)        -0.14826794     -3     3    9.3597338e-08
1894 region_rec_diffs(7,116)        -1.6546289     -3     3    5.0863495e-07
1895 region_rec_diffs(7,117)        -1.3547245     -3     3    3.6037972e-07
1896 region_rec_diffs(7,118)        0.021787867     -3     3    -3.6579091e-07
1897 region_rec_diffs(7,119)        -0.79503445     -3     3    5.2239896e-07
1898 region_rec_diffs(7,120)        -0.21671893     -3     3    -1.557229e-06
1899 region_rec_diffs(7,121)        -1.5031031     -3     3    3.5073862e-08
1900 region_rec_diffs(7,122)        -0.41965892     -3     3    -1.236972e-06
1901 region_rec_diffs(7,123)        0.18054471     -3     3    -3.5950687e-08
1902 region_rec_diffs(7,124)        -2.9591795     -3     3    -2.1685017e-06
1903 region_rec_diffs(7,125)        -1.0370114     -3     3    7.9215837e-07
1904 region_rec_diffs(7,126)        -0.49982699     -3     3    7.7373739e-08
1905 region_rec_diffs(7,127)        0.59097355     -3     3    3.3160966e-07
1906 region_rec_diffs(7,128)        0.0016673321     -3     3    -8.180599e-07
1907 region_rec_diffs(7,129)        -0.49634018     -3     3    1.9020134e-06
1908 region_rec_diffs(7,130)        0.71808529     -3     3    1.5905431e-07
1909 region_rec_diffs(7,131)        0.56173443     -3     3    -1.550823e-07
1910 region_rec_diffs(7,132)        -2.7471108     -3     3    4.8842698e-08
1911 region_rec_diffs(7,133)        -2.9999996     -3     3    -2.8627982e-10   *************
1912 region_rec_diffs(7,134)        0.28228196     -3     3    -4.0305218e-08
1913 region_rec_diffs(7,135)        0.41263999     -3     3    -1.7977539e-07
1914 region_rec_diffs(7,136)        -0.60649278     -3     3    -2.1721658e-06
1915 region_rec_diffs(7,137)        -0.14776771     -3     3    -1.4820343e-08
1916 region_rec_diffs(7,138)        0.25543009     -3     3    -6.5732712e-08
1917 region_rec_diffs(7,139)        0.55450022     -3     3    8.5759665e-08
1918 region_rec_diffs(7,140)        0.65738013     -3     3    7.5085654e-10
1919 region_rec_diffs(7,141)        -0.29316569     -3     3    -1.1568086e-06
1920 region_rec_diffs(7,142)        0.10044065     -3     3    -5.9022162e-07
1921 region_rec_diffs(7,143)        0.36074641     -3     3    -5.2325047e-07
1922 region_rec_diffs(7,144)        -0.88144615     -3     3    -2.7468316e-07
1923 region_rec_diffs(7,145)        -0.28006023     -3     3    -3.2095262e-07
1924 region_rec_diffs(7,146)        -1.3654185     -3     3    2.6637672e-07
1925 region_rec_diffs(7,147)        -1.706139     -3     3    1.0551084e-07
1926 region_rec_diffs(7,148)        -0.20088671     -3     3    3.3123072e-07
1927 region_rec_diffs(7,149)        -1.1241235     -3     3    5.4483094e-07
1928 region_rec_diffs(7,150)        -0.6937469     -3     3    -8.0061004e-08
1929 region_rec_diffs(7,151)        -0.70498019     -3     3    -2.4936858e-07
1930 region_rec_diffs(7,152)        0.3910249     -3     3    -9.3788104e-11
1931 region_rec_diffs(7,153)        -1.9427196     -3     3    -6.6192972e-07
1932 region_rec_diffs(7,154)        -0.87234471     -3     3    -1.7875925e-06
1933 region_rec_diffs(7,155)        -1.0020186     -3     3    -1.9547666e-07
1934 region_rec_diffs(7,156)        0.0146457     -3     3    1.8392527e-08
1935 region_rec_diffs(7,157)        -2.5445881     -3     3    -1.5084277e-07
1936 region_rec_diffs(7,158)        0.33586644     -3     3    -2.4539752e-07
1937 region_rec_diffs(7,159)        -1.1300829     -3     3    -2.4157791e-07
1938 region_rec_diffs(7,160)        0.019570032     -3     3    -1.5633428e-07
1939 region_rec_diffs(7,161)        -1.751186     -3     3    -5.7963368e-09
1940 region_rec_diffs(7,162)        -0.83923481     -3     3    -5.5767329e-08
1941 region_rec_diffs(7,163)        -0.053356994     -3     3    -7.9046863e-09
1942 region_rec_diffs(7,164)        -1.2637987     -3     3    -3.4545155e-07
1943 region_rec_diffs(7,165)        -0.55475917     -3     3    -6.8625447e-07
1944 region_rec_diffs(7,166)        0.24620176     -3     3    4.4485622e-07
1945 region_rec_diffs(7,167)        -0.33245602     -3     3    -1.3748111e-07
1946 region_rec_diffs(7,168)        -0.68783421     -3     3    -3.6814187e-07
1947 region_rec_diffs(7,169)        -0.77352188     -3     3    -8.2826677e-07
1948 region_rec_diffs(7,170)        0.46750319     -3     3    6.2036605e-07
1949 region_rec_diffs(7,171)        -1.6126383     -3     3    -1.7469019e-07
1950 region_rec_diffs(7,172)        -2.187628     -3     3    -3.5678736e-07
1951 region_rec_diffs(7,173)        -2.2044255     -3     3    3.7206779e-07
1952 region_rec_diffs(7,174)        -0.46436687     -3     3    1.3619223e-06
1953 region_rec_diffs(7,175)        -0.55461144     -3     3    1.9137822e-06
1954 region_rec_diffs(7,176)        0.58591967     -3     3    2.8479042e-07
1955 region_rec_diffs(7,177)        0.35806569     -3     3    8.1918513e-08
1956 region_rec_diffs(7,178)        -1.4977396     -3     3    -9.679224e-07
1957 region_rec_diffs(7,179)        -0.37731373     -3     3    -1.4886284e-06
1958 region_rec_diffs(7,180)        -0.22492566     -3     3    2.6258349e-07
1959 region_rec_diffs(7,181)        -0.26347168     -3     3    -1.4419684e-07
1960 region_rec_diffs(7,182)        0.88679245     -3     3    1.8914256e-07
1961 region_rec_diffs(7,183)        0.5537648     -3     3    2.7122898e-07
1962 region_rec_diffs(7,184)        0.21663989     -3     3    -4.540496e-07
1963 region_rec_diffs(7,185)        -1.9318321     -3     3    1.6667475e-07
1964 region_rec_diffs(7,186)        -0.32404982     -3     3    2.3882887e-07
1965 region_rec_diffs(7,187)        -0.17941814     -3     3    -9.7318057e-08
1966 region_rec_diffs(7,188)        0.27618133     -3     3    -9.4434594e-08
1967 region_rec_diffs(7,189)        -0.71954292     -3     3    4.6360417e-07
1968 region_rec_diffs(7,190)        0.47368737     -3     3    2.9769871e-07
1969 region_rec_diffs(7,191)        -0.20037575     -3     3    8.5010979e-08
1970 region_rec_diffs(7,192)        -0.77567716     -3     3    -1.8014427e-06
1971 region_rec_diffs(7,193)        -2.89858     -3     3    -1.1035145e-07
1972 region_rec_diffs(7,194)        -0.66537818     -3     3    -4.9454762e-07
1973 region_rec_diffs(7,195)        -0.43530197     -3     3    1.0210866e-06
1974 region_rec_diffs(7,196)        -1.6224477     -3     3    1.8248205e-06
1975 region_rec_diffs(7,197)        -0.95220444     -3     3    -8.4527084e-07
1976 region_rec_diffs(7,198)        0.21043146     -3     3    -2.0978246e-07
1977 region_rec_diffs(7,199)        -0.70952302     -3     3    -4.860517e-07
1978 region_rec_diffs(7,200)        0.49752306     -3     3    -1.3788645e-08
1979 region_rec_diffs(7,201)        -1.23565     -3     3    2.9291702e-07
1980 region_rec_diffs(7,202)        -1.4112368     -3     3    -4.3412144e-07
1981 region_rec_diffs(7,203)        -1.8892642     -3     3    -4.0254528e-07
1982 region_rec_diffs(7,204)        -0.60445879     -3     3    -2.7676851e-08
1983 region_rec_diffs(7,205)        -1.5344218     -3     3    -9.3422145e-07
1984 region_rec_diffs(7,206)        0.51323462     -3     3    -1.6081367e-07
1985 region_rec_diffs(7,207)        -0.70559922     -3     3    4.4207996e-07
1986 region_rec_diffs(7,208)        0.91208076     -3     3    -6.8667107e-08
1987 region_rec_diffs(7,209)        -1.2935787     -3     3    -5.2417525e-07
1988 region_rec_diffs(7,210)        -1.8227729     -3     3    -1.9598793e-06
1989 region_rec_diffs(7,211)        -2.1122081     -3     3    -1.3047387e-06
1990 region_rec_diffs(7,212)        -0.10516963     -3     3    -7.9485096e-07
1991 region_rec_diffs(7,213)        -0.18415825     -3     3    2.6045569e-06
1992 region_rec_diffs(7,214)        0.58172652     -3     3    2.1611955e-07
1993 region_rec_diffs(7,215)        -0.52674771     -3     3    -1.8973339e-06
1994 region_rec_diffs(7,216)        0.23599595     -3     3    4.8398977e-07
1995 region_rec_diffs(7,217)        -0.45195706     -3     3    -7.7633297e-07
1996 region_rec_diffs(7,218)        0.20149279     -3     3    2.757693e-07
1997 region_rec_diffs(7,219)        -0.13297359     -3     3    -3.133856e-08
1998 region_rec_diffs(7,220)        -0.35432691     -3     3    3.4708456e-07
1999 region_rec_diffs(7,221)        -0.64362422     -3     3    -9.267545e-07
2000 region_rec_diffs(7,222)        -0.86835005     -3     3    -6.0100403e-07
2001 region_rec_diffs(7,223)        -0.58980337     -3     3    -4.3498123e-07
2002 region_rec_diffs(7,224)        -0.77877076     -3     3    5.8468743e-07
2003 region_rec_diffs(7,225)        0.14718593     -3     3    3.9846987e-07
2004 region_rec_diffs(7,226)        0.50079329     -3     3    -3.6572604e-07
2005 region_rec_diffs(7,227)        0.12598976     -3     3    2.1337018e-07
2006 region_rec_diffs(7,228)        0.28890847     -3     3    -2.7747791e-07
2007 region_rec_diffs(7,229)        -1.5118876     -3     3    2.2370789e-07
2008 region_rec_diffs(7,230)        -1.0227656     -3     3    -4.1722963e-07
2009 region_rec_diffs(7,231)        -1.4205779     -3     3    8.724939e-07
2010 region_rec_diffs(7,232)        -2.1658673     -3     3    -2.0728206e-07
2011 region_rec_diffs(7,233)        -0.25554041     -3     3    -2.5974442e-07
2012 region_rec_diffs(7,234)        -0.3731665     -3     3    -2.1465598e-07
2013 region_rec_diffs(7,235)        -0.70865354     -3     3    -1.1545511e-07
2014 region_rec_diffs(7,236)        -0.015738388     -3     3    -6.1070751e-08
2015 region_rec_diffs(7,237)        -0.54720169     -3     3    3.6453229e-07
2016 region_rec_diffs(7,238)        0.046165379     -3     3    -2.5125241e-07
2017 region_rec_diffs(7,239)        -0.14715326     -3     3    1.0485639e-07
2018 region_rec_diffs(7,240)        -0.9522372     -3     3    4.287336e-07
2019 region_rec_diffs(7,241)        -1.744744     -3     3    1.4738358e-06
2020 region_rec_diffs(7,242)        -0.24084361     -3     3    -3.1165211e-08
2021 region_rec_diffs(7,243)        -0.46921995     -3     3    -5.4243361e-07
2022 region_rec_diffs(7,244)        -0.42177396     -3     3    4.3003974e-07
2023 region_rec_diffs(7,245)        -0.20045143     -3     3    -3.9537221e-07
2024 region_rec_diffs(7,246)        -0.32316133     -3     3    -2.2515403e-07
2025 region_rec_diffs(7,247)        -0.65689393     -3     3    -8.9886223e-08
2026 region_rec_diffs(7,248)        -1.3368021     -3     3    -2.7951023e-07
2027 region_rec_diffs(7,249)        0.072033907     -3     3    -5.6189162e-08
2028 region_rec_diffs(7,250)        0.282069     -3     3    2.5808136e-08
2029 region_rec_diffs(7,251)        -0.33764615     -3     3    1.2243707e-07
2030 region_rec_diffs(7,252)        -0.43630055     -3     3    -5.7832726e-07
2031 region_rec_diffs(7,253)        -0.63132992     -3     3    3.7638462e-07
2032 region_rec_diffs(7,254)        0.05274288     -3     3    1.5102202e-07
2033 region_rec_diffs(7,255)        -0.014780058     -3     3    1.2685705e-07
2034 region_rec_diffs(7,256)        -0.44603551     -3     3    -9.5942117e-08
2035 region_rec_diffs(7,257)        -0.43117089     -3     3    7.7872792e-08
2036 region_rec_diffs(7,258)        0.12612526     -3     3    -1.1180627e-07
2037 region_rec_diffs(7,259)        0.56101179     -3     3    -1.4838039e-08
2038 region_rec_diffs(7,260)        -0.66441062     -3     3    3.6339963e-07
2039 region_rec_diffs(7,261)        -0.85811238     -3     3    -5.9829696e-07
2040 region_rec_diffs(7,262)        0.50646827     -3     3    -6.1169046e-08
2041 region_rec_diffs(7,263)        -0.21851786     -3     3    -3.3352467e-07
2042 region_rec_diffs(7,264)        -1.3016738     -3     3    -1.4927351e-07
2043 region_rec_diffs(7,265)        -0.40395622     -3     3    8.1392119e-07
2044 region_rec_diffs(7,266)        0.31817258     -3     3    9.7235581e-07
2045 region_rec_diffs(7,267)        -0.12820772     -3     3    1.8599796e-06
2046 region_rec_diffs(7,268)        -1.1876703     -3     3    1.0214947e-06
2047 region_rec_diffs(7,269)        -0.92481913     -3     3    3.1321029e-06
2048 region_rec_diffs(7,270)        -0.14130488     -3     3    4.5555967e-06
2049 region_rec_diffs(7,271)        -0.73325591     -3     3    7.0247861e-06
2050 region_rec_diffs(7,272)        0.10309013     -3     3    1.0255747e-05
2051 region_rec_diffs(7,273)        0.30604536     -3     3    1.3162559e-07
2052 region_rec_diffs(7,274)        -0.8344157     -3     3    1.0791273e-07
2053 region_rec_diffs(7,275)        0.24256104     -3     3    -2.8943703e-08
2054 region_rec_diffs(7,276)        -0.66534648     -3     3    3.1134881e-07
2055 region_rec_diffs(7,277)        -1.4838148     -3     3    -1.8163417e-06
2056 region_rec_diffs(7,278)        -0.52141179     -3     3    3.0106659e-07
2057 region_rec_diffs(7,279)        0.30290921     -3     3    -8.8669125e-08
2058 region_rec_diffs(8,1)        -3.1621945e-09     -3     3    -1.4833105e-09
2059 region_rec_diffs(8,2)        -1.6145396     -3     3    -1.3910834e-06
2060 region_rec_diffs(8,3)        -1.719369     -3     3    8.8995738e-07
2061 region_rec_diffs(8,4)        -1.6612091     -3     3    1.2983395e-07
2062 region_rec_diffs(8,5)        -1.6778675     -3     3    5.0527786e-07
2063 region_rec_diffs(8,6)        -0.28608993     -3     3    5.1868983e-07
2064 region_rec_diffs(8,7)        -2.0355778     -3     3    -4.8293944e-07
2065 region_rec_diffs(8,8)        -0.20685182     -3     3    -1.4192216e-07
2066 region_rec_diffs(8,9)        -0.27909303     -3     3    2.3483099e-07
2067 region_rec_diffs(8,10)        -0.16062809     -3     3    2.0513617e-07
2068 region_rec_diffs(8,11)        -1.3668376     -3     3    -8.9018981e-07
2069 region_rec_diffs(8,12)        -0.046408415     -3     3    -2.9252024e-08
2070 region_rec_diffs(8,13)        -0.49734009     -3     3    3.6421624e-07
2071 region_rec_diffs(8,14)        -0.35569865     -3     3    -4.9462806e-08
2072 region_rec_diffs(8,15)        -0.049263325     -3     3    -1.4366097e-07
2073 region_rec_diffs(8,16)        -0.049284615     -3     3    -3.1848637e-09
2074 region_rec_diffs(8,17)        -0.71568028     -3     3    3.4557212e-08
2075 region_rec_diffs(8,18)        -1.3516779     -3     3    2.356488e-07
2076 region_rec_diffs(8,19)        -0.12663954     -3     3    -5.2784772e-08
2077 region_rec_diffs(8,20)        -0.23134775     -3     3    9.7275113e-07
2078 region_rec_diffs(8,21)        -1.1649258     -3     3    -7.5453421e-08
2079 region_rec_diffs(8,22)        -1.4617579     -3     3    -2.9386775e-07
2080 region_rec_diffs(8,23)        -0.17692697     -3     3    -1.5769186e-07
2081 region_rec_diffs(8,24)        -1.0741328     -3     3    1.6898212e-07
2082 region_rec_diffs(8,25)        -0.37385908     -3     3    -5.8084208e-07
2083 region_rec_diffs(8,26)        -1.9924369     -3     3    -1.7431295e-07
2084 region_rec_diffs(8,27)        -0.18328238     -3     3    1.644182e-07
2085 region_rec_diffs(8,28)        -1.8786984     -3     3    -4.5623238e-07
2086 region_rec_diffs(8,29)        -0.35539642     -3     3    5.7071615e-08
2087 region_rec_diffs(8,30)        -0.64784792     -3     3    -3.2702378e-07
2088 region_rec_diffs(8,31)        -0.078229771     -3     3    -6.9707033e-08
2089 region_rec_diffs(8,32)        -0.18243306     -3     3    -3.0921337e-07
2090 region_rec_diffs(8,33)        -0.72689847     -3     3    1.3377614e-07
2091 region_rec_diffs(8,34)        -1.4817097     -3     3    -8.4668161e-08
2092 region_rec_diffs(8,35)        -0.073746413     -3     3    -4.6029896e-08
2093 region_rec_diffs(8,36)        -0.07629493     -3     3    -1.9371354e-07
2094 region_rec_diffs(8,37)        -1.1441127     -3     3    -4.7346916e-08
2095 region_rec_diffs(8,38)        -0.20591585     -3     3    -3.5058466e-07
2096 region_rec_diffs(8,39)        -0.02489057     -3     3    1.0299015e-09
2097 region_rec_diffs(8,40)        -0.11328008     -3     3    6.0792789e-08
2098 region_rec_diffs(8,41)        -1.2996981     -3     3    -2.2452329e-07
2099 region_rec_diffs(8,42)        -1.2036107     -3     3    1.7464124e-07
2100 region_rec_diffs(8,43)        -0.11415239     -3     3    1.4479236e-07
2101 region_rec_diffs(8,44)        -1.3635362     -3     3    -3.7223697e-07
2102 region_rec_diffs(8,45)        -1.5514554     -3     3    -1.568364e-07
2103 region_rec_diffs(8,46)        -0.32051214     -3     3    -1.1105421e-07
2104 region_rec_diffs(8,47)        -0.19009497     -3     3    -1.6230378e-07
2105 region_rec_diffs(8,48)        -0.90704772     -3     3    -5.8711381e-08
2106 region_rec_diffs(8,49)        -1.3577836     -3     3    -2.7019017e-07
2107 region_rec_diffs(8,50)        -0.081533049     -3     3    1.5534287e-08
2108 region_rec_diffs(8,51)        -0.88404342     -3     3    -1.0967604e-07
2109 region_rec_diffs(8,52)        -0.3981091     -3     3    -6.7908555e-08
2110 region_rec_diffs(8,53)        -1.5970919     -3     3    8.5599773e-08
2111 region_rec_diffs(8,54)        -0.10767636     -3     3    -2.9572901e-07
2112 region_rec_diffs(8,55)        -0.10024529     -3     3    -2.2676877e-07
2113 region_rec_diffs(8,56)        -0.39438312     -3     3    7.1749971e-07
2114 region_rec_diffs(8,57)        -0.70106185     -3     3    -1.3401546e-07
2115 region_rec_diffs(8,58)        -1.0150554     -3     3    1.5894584e-07
2116 region_rec_diffs(8,59)        -0.2035591     -3     3    6.0860605e-08
2117 region_rec_diffs(8,60)        -1.2453729     -3     3    6.4149559e-07
2118 region_rec_diffs(8,61)        -1.5606556     -3     3    4.7013632e-08
2119 region_rec_diffs(8,62)        -0.25542752     -3     3    2.4974177e-08
2120 region_rec_diffs(8,63)        -0.4482274     -3     3    -3.6459929e-07
2121 region_rec_diffs(8,64)        -1.0158122     -3     3    -8.5720898e-08
2122 region_rec_diffs(8,65)        -1.721696     -3     3    -2.3838232e-07
2123 region_rec_diffs(8,66)        -0.17915642     -3     3    6.6180755e-08
2124 region_rec_diffs(8,67)        -0.40245216     -3     3    -2.0139855e-07
2125 region_rec_diffs(8,68)        -1.0386119     -3     3    -1.3417763e-07
2126 region_rec_diffs(8,69)        -1.258063     -3     3    -2.9776703e-08
2127 region_rec_diffs(8,70)        -0.87744683     -3     3    -3.8009433e-07
2128 region_rec_diffs(8,71)        -0.29603241     -3     3    -2.3379181e-07
2129 region_rec_diffs(8,72)        -0.62483488     -3     3    -2.475308e-07
2130 region_rec_diffs(8,73)        -0.50262825     -3     3    4.9955082e-07
2131 region_rec_diffs(8,74)        -0.7708741     -3     3    1.0270675e-07
2132 region_rec_diffs(8,75)        -0.084990663     -3     3    8.9159114e-08
2133 region_rec_diffs(8,76)        -0.51721079     -3     3    2.1491346e-07
2134 region_rec_diffs(8,77)        -0.89008043     -3     3    -1.5494647e-07
2135 region_rec_diffs(8,78)        -0.63293448     -3     3    -2.3877927e-07
2136 region_rec_diffs(8,79)        -0.27792864     -3     3    -2.888131e-08
2137 region_rec_diffs(8,80)        -0.99592753     -3     3    1.3182673e-06
2138 region_rec_diffs(8,81)        -0.69441138     -3     3    -3.1860161e-07
2139 region_rec_diffs(8,82)        -0.94601699     -3     3    -7.1812923e-07
2140 region_rec_diffs(8,83)        1.3891504     -3     3    -3.1825941e-07
2141 region_rec_diffs(8,84)        0.38483395     -3     3    -7.5295871e-07
2142 region_rec_diffs(8,85)        -0.31334891     -3     3    -9.5176768e-07
2143 region_rec_diffs(8,86)        -0.042968273     -3     3    -2.9828432e-08
2144 region_rec_diffs(8,87)        -0.90078595     -3     3    1.4425047e-07
2145 region_rec_diffs(8,88)        -0.51298187     -3     3    -3.6924522e-07
2146 region_rec_diffs(8,89)        -0.28383336     -3     3    -1.3873574e-06
2147 region_rec_diffs(8,90)        -0.44324404     -3     3    -6.1022598e-07
2148 region_rec_diffs(8,91)        -0.39074007     -3     3    1.0269513e-06
2149 region_rec_diffs(8,92)        -0.52958208     -3     3    -2.2369085e-07
2150 region_rec_diffs(8,93)        -0.81922039     -3     3    -4.059089e-08
2151 region_rec_diffs(8,94)        -0.6580584     -3     3    -3.2967015e-07
2152 region_rec_diffs(8,95)        1.8025771     -3     3    -8.3532782e-08
2153 region_rec_diffs(8,96)        -0.33229819     -3     3    -4.650837e-07
2154 region_rec_diffs(8,97)        -0.57237395     -3     3    -4.7618672e-07
2155 region_rec_diffs(8,98)        0.42610274     -3     3    2.6640497e-07
2156 region_rec_diffs(8,99)        0.88813364     -3     3    -1.5735855e-06
2157 region_rec_diffs(8,100)        -0.55963587     -3     3    -7.8254713e-07
2158 region_rec_diffs(8,101)        0.30842752     -3     3    -2.0504978e-06
2159 region_rec_diffs(8,102)        -0.0089924967     -3     3    -1.6182723e-07
2160 region_rec_diffs(8,103)        -0.12543481     -3     3    2.1440309e-08
2161 region_rec_diffs(8,104)        0.53659097     -3     3    -3.0151539e-06
2162 region_rec_diffs(8,105)        -0.10833373     -3     3    -4.6120688e-08
2163 region_rec_diffs(8,106)        -0.045411139     -3     3    2.1900307e-08
2164 region_rec_diffs(8,107)        -0.10016018     -3     3    -6.2710013e-08
2165 region_rec_diffs(8,108)        -0.51486962     -3     3    2.9581053e-07
2166 region_rec_diffs(8,109)        0.54388565     -3     3    7.0460043e-07
2167 region_rec_diffs(8,110)        -0.005786848     -3     3    8.7446659e-09
2168 region_rec_diffs(8,111)        -0.024539879     -3     3    -1.0032629e-08
2169 region_rec_diffs(8,112)        0.139796     -3     3    -7.5496037e-07
2170 region_rec_diffs(8,113)        0.32660313     -3     3    -1.3435619e-06
2171 region_rec_diffs(8,114)        -0.10365687     -3     3    1.0933088e-08
2172 region_rec_diffs(8,115)        -0.033674844     -3     3    3.4581837e-08
2173 region_rec_diffs(8,116)        -0.079794566     -3     3    -4.8173391e-09
2174 region_rec_diffs(8,117)        0.3278896     -3     3    -3.1084655e-07
2175 region_rec_diffs(8,118)        0.10731096     -3     3    3.1414273e-07
2176 region_rec_diffs(8,119)        0.28631809     -3     3    3.4818974e-07
2177 region_rec_diffs(8,120)        2.1643826     -3     3    1.4958059e-06
2178 region_rec_diffs(8,121)        -0.37114723     -3     3    1.1258478e-07
2179 region_rec_diffs(8,122)        -0.38622404     -3     3    2.041683e-07
2180 region_rec_diffs(8,123)        -0.031846487     -3     3    -4.7382761e-08
2181 region_rec_diffs(8,124)        1.5173938     -3     3    3.2694462e-07
2182 region_rec_diffs(8,125)        0.48022707     -3     3    4.8444685e-07
2183 region_rec_diffs(8,126)        0.60888405     -3     3    4.8799761e-08
2184 region_rec_diffs(8,127)        0.18903115     -3     3    -1.0969546e-06
2185 region_rec_diffs(8,128)        1.3335877     -3     3    -1.8240286e-07
2186 region_rec_diffs(8,129)        -0.37233832     -3     3    1.3653074e-07
2187 region_rec_diffs(8,130)        -0.075197603     -3     3    3.7272929e-07
2188 region_rec_diffs(8,131)        -0.014241469     -3     3    7.0734952e-07
2189 region_rec_diffs(8,132)        1.996052     -3     3    5.1474417e-07
2190 region_rec_diffs(8,133)        0.96545815     -3     3    -1.876835e-06
2191 region_rec_diffs(8,134)        0.14892831     -3     3    2.1006966e-07
2192 region_rec_diffs(8,135)        1.1089126     -3     3    -1.8591463e-06
2193 region_rec_diffs(8,136)        -0.54542279     -3     3    -9.0288587e-07
2194 region_rec_diffs(8,137)        -0.32386806     -3     3    -3.8862167e-07
2195 region_rec_diffs(8,138)        -0.056776187     -3     3    4.6128465e-08
2196 region_rec_diffs(8,139)        -0.093924304     -3     3    -9.5609139e-08
2197 region_rec_diffs(8,140)        1.344219     -3     3    -1.2372543e-06
2198 region_rec_diffs(8,141)        -0.23063329     -3     3    -3.4169878e-07
2199 region_rec_diffs(8,142)        -0.013359594     -3     3    1.1631178e-07
2200 region_rec_diffs(8,143)        0.043796583     -3     3    1.5677844e-07
2201 region_rec_diffs(8,144)        0.31404818     -3     3    -3.2740185e-07
2202 region_rec_diffs(8,145)        0.8336672     -3     3    -5.6302099e-07
2203 region_rec_diffs(8,146)        2.3243077     -3     3    2.1222765e-07
2204 region_rec_diffs(8,147)        1.7373209     -3     3    -3.9101627e-07
2205 region_rec_diffs(8,148)        0.72728964     -3     3    3.2835459e-07
2206 region_rec_diffs(8,149)        -0.52857893     -3     3    2.6459712e-07
2207 region_rec_diffs(8,150)        -0.22257344     -3     3    3.7140094e-07
2208 region_rec_diffs(8,151)        0.73266532     -3     3    4.7767779e-07
2209 region_rec_diffs(8,152)        -0.17100257     -3     3    2.9842913e-07
2210 region_rec_diffs(8,153)        1.2392023     -3     3    -2.0721447e-07
2211 region_rec_diffs(8,154)        2.2939696     -3     3    2.8200669e-07
2212 region_rec_diffs(8,155)        2.5627985     -3     3    -1.6707464e-07
2213 region_rec_diffs(8,156)        -1.4395449     -3     3    -5.2213242e-08
2214 region_rec_diffs(8,157)        -1.179906     -3     3    1.4666437e-07
2215 region_rec_diffs(8,158)        -0.4311723     -3     3    1.1211627e-08
2216 region_rec_diffs(8,159)        0.86097123     -3     3    -1.9069694e-07
2217 region_rec_diffs(8,160)        2.4078678     -3     3    3.0671797e-07
2218 region_rec_diffs(8,161)        1.0808466     -3     3    -1.1615948e-06
2219 region_rec_diffs(8,162)        0.1960825     -3     3    2.3901876e-07
2220 region_rec_diffs(8,163)        2.1291124     -3     3    2.3006498e-07
2221 region_rec_diffs(8,164)        1.0196153     -3     3    -1.1896683e-07
2222 region_rec_diffs(8,165)        -0.23208318     -3     3    -5.9288224e-09
2223 region_rec_diffs(8,166)        -0.4894748     -3     3    1.7228774e-07
2224 region_rec_diffs(8,167)        -0.34638824     -3     3    -2.3265481e-07
2225 region_rec_diffs(8,168)        1.9215865     -3     3    5.191079e-07
2226 region_rec_diffs(8,169)        1.3697509     -3     3    1.5858357e-06
2227 region_rec_diffs(8,170)        0.81339958     -3     3    -1.0410928e-06
2228 region_rec_diffs(8,171)        2.0523773     -3     3    -8.900567e-08
2229 region_rec_diffs(8,172)        1.9038253     -3     3    2.4742283e-07
2230 region_rec_diffs(8,173)        -0.19774758     -3     3    -9.9424677e-07
2231 region_rec_diffs(8,174)        -0.086860488     -3     3    -1.7803382e-07
2232 region_rec_diffs(8,175)        -0.35950534     -3     3    3.9193324e-08
2233 region_rec_diffs(8,176)        -0.69585971     -3     3    4.7831704e-08
2234 region_rec_diffs(8,177)        0.869084     -3     3    6.7616913e-09
2235 region_rec_diffs(8,178)        0.77030712     -3     3    8.0503759e-07
2236 region_rec_diffs(8,179)        -1.4999348     -3     3    -1.0055273e-07
2237 region_rec_diffs(8,180)        -0.52563459     -3     3    8.846389e-07
2238 region_rec_diffs(8,181)        -1.0559759     -3     3    1.1265797e-06
2239 region_rec_diffs(8,182)        -0.41519119     -3     3    -2.5743914e-07
2240 region_rec_diffs(8,183)        -0.48448252     -3     3    -2.9251755e-07
2241 region_rec_diffs(8,184)        1.7101852     -3     3    -3.2423742e-07
2242 region_rec_diffs(8,185)        1.5884798     -3     3    5.8653309e-07
2243 region_rec_diffs(8,186)        1.5523094     -3     3    -2.92087e-07
2244 region_rec_diffs(8,187)        -1.0046673     -3     3    4.0882318e-07
2245 region_rec_diffs(8,188)        -1.0012958     -3     3    1.3195345e-07
2246 region_rec_diffs(8,189)        0.26613137     -3     3    2.8336189e-07
2247 region_rec_diffs(8,190)        1.3476081     -3     3    1.0401196e-06
2248 region_rec_diffs(8,191)        1.9188028     -3     3    2.8046413e-07
2249 region_rec_diffs(8,192)        -0.13450733     -3     3    4.1913686e-07
2250 region_rec_diffs(8,193)        0.33037471     -3     3    1.869355e-07
2251 region_rec_diffs(8,194)        2.2671006     -3     3    4.3901053e-07
2252 region_rec_diffs(8,195)        2.0448623     -3     3    -1.1766626e-06
2253 region_rec_diffs(8,196)        -1.4753914     -3     3    -1.0751525e-06
2254 region_rec_diffs(8,197)        1.6985968     -3     3    -8.4893173e-07
2255 region_rec_diffs(8,198)        1.4177526     -3     3    -1.3005939e-07
2256 region_rec_diffs(8,199)        0.13368375     -3     3    1.7802052e-07
2257 region_rec_diffs(8,200)        0.80474123     -3     3    -8.3962884e-07
2258 region_rec_diffs(8,201)        0.61280561     -3     3    1.1938697e-06
2259 region_rec_diffs(8,202)        1.2025453     -3     3    6.0916811e-07
2260 region_rec_diffs(8,203)        0.30783297     -3     3    -1.5697652e-06
2261 region_rec_diffs(8,204)        0.93457408     -3     3    -5.0672075e-07
2262 region_rec_diffs(8,205)        0.066070997     -3     3    -2.4041792e-07
2263 region_rec_diffs(8,206)        1.0780995     -3     3    -8.3259192e-08
2264 region_rec_diffs(8,207)        2.2364008     -3     3    5.1018476e-08
2265 region_rec_diffs(8,208)        0.41826216     -3     3    4.0097465e-06
2266 region_rec_diffs(8,209)        1.045734     -3     3    -1.1817948e-06
2267 region_rec_diffs(8,210)        -0.63734577     -3     3    -1.3375982e-06
2268 region_rec_diffs(8,211)        -0.55869488     -3     3    -1.6935172e-07
2269 region_rec_diffs(8,212)        -0.33486271     -3     3    1.6397952e-07
2270 region_rec_diffs(8,213)        1.2919195     -3     3    -1.6169485e-06
2271 region_rec_diffs(8,214)        0.43246831     -3     3    1.0979628e-06
2272 region_rec_diffs(8,215)        0.72562667     -3     3    1.3624539e-06
2273 region_rec_diffs(8,216)        -0.26997691     -3     3    -1.236035e-06
2274 region_rec_diffs(8,217)        -0.75407417     -3     3    1.2909998e-06
2275 region_rec_diffs(8,218)        -0.79542273     -3     3    5.6128858e-07
2276 region_rec_diffs(8,219)        -1.3412416     -3     3    -4.6646457e-07
2277 region_rec_diffs(8,220)        -2.2909982     -3     3    -7.3265772e-07
2278 region_rec_diffs(8,221)        -2.1110815     -3     3    3.2601795e-07
2279 region_rec_diffs(8,222)        0.024565226     -3     3    4.2438642e-07
2280 region_rec_diffs(8,223)        0.32020402     -3     3    -4.358377e-07
2281 region_rec_diffs(8,224)        0.65636673     -3     3    -1.2965364e-06
2282 region_rec_diffs(8,225)        2.0907187     -3     3    8.0924612e-08
2283 region_rec_diffs(8,226)        0.36928431     -3     3    9.3904734e-07
2284 region_rec_diffs(8,227)        0.95622149     -3     3    6.7000428e-07
2285 region_rec_diffs(8,228)        -0.50829651     -3     3    2.7840324e-08
2286 region_rec_diffs(8,229)        -1.4989742     -3     3    -3.7973405e-08
2287 region_rec_diffs(8,230)        -0.24264548     -3     3    -8.5780722e-07
2288 region_rec_diffs(8,231)        -1.780274     -3     3    -2.0825841e-07
2289 region_rec_diffs(8,232)        -0.96594084     -3     3    -1.073201e-07
2290 region_rec_diffs(8,233)        -0.5864248     -3     3    -4.447726e-07
2291 region_rec_diffs(8,234)        -0.035324509     -3     3    6.8868084e-09
2292 region_rec_diffs(8,235)        -0.55948065     -3     3    1.9130005e-07
2293 region_rec_diffs(8,236)        0.20327388     -3     3    -7.4616605e-07
2294 region_rec_diffs(8,237)        0.77843569     -3     3    8.7126296e-07
2295 region_rec_diffs(8,238)        0.26993634     -3     3    -4.8679883e-07
2296 region_rec_diffs(8,239)        0.85055144     -3     3    3.6532635e-07
2297 region_rec_diffs(8,240)        -0.36762819     -3     3    -5.0326077e-08
2298 region_rec_diffs(8,241)        -0.22093436     -3     3    -7.4162387e-07
2299 region_rec_diffs(8,242)        -0.028628167     -3     3    -2.2091589e-07
2300 region_rec_diffs(8,243)        -1.5503479     -3     3    2.1965509e-07
2301 region_rec_diffs(8,244)        -2.1395914     -3     3    -3.1754363e-07
2302 region_rec_diffs(8,245)        0.51893751     -3     3    -3.770888e-07
2303 region_rec_diffs(8,246)        1.1665417     -3     3    -1.8831562e-07
2304 region_rec_diffs(8,247)        -0.38733709     -3     3    -5.463255e-07
2305 region_rec_diffs(8,248)        -0.71199052     -3     3    -2.306887e-07
2306 region_rec_diffs(8,249)        1.4475044     -3     3    -4.9617025e-07
2307 region_rec_diffs(8,250)        0.017961382     -3     3    2.9476914e-07
2308 region_rec_diffs(8,251)        -0.54849613     -3     3    -7.5628266e-09
2309 region_rec_diffs(8,252)        -1.4728968     -3     3    -1.2497576e-07
2310 region_rec_diffs(8,253)        0.2555263     -3     3    -2.726388e-07
2311 region_rec_diffs(8,254)        0.8739791     -3     3    1.0147552e-06
2312 region_rec_diffs(8,255)        0.19579652     -3     3    6.1030163e-07
2313 region_rec_diffs(8,256)        -1.8645452     -3     3    -1.8751698e-07
2314 region_rec_diffs(8,257)        -1.8543369     -3     3    6.6244212e-07
2315 region_rec_diffs(8,258)        -0.42171392     -3     3    -5.6675686e-07
2316 region_rec_diffs(8,259)        -0.051740793     -3     3    -7.0884984e-08
2317 region_rec_diffs(8,260)        -1.3983599     -3     3    -3.7005053e-07
2318 region_rec_diffs(8,261)        0.7636511     -3     3    -1.5840572e-07
2319 region_rec_diffs(8,262)        -0.032710792     -3     3    -2.539655e-08
2320 region_rec_diffs(8,263)        -0.21691448     -3     3    -4.1903816e-07
2321 region_rec_diffs(8,264)        0.34230323     -3     3    -4.8754511e-07
2322 region_rec_diffs(8,265)        -0.12249308     -3     3    -4.9677528e-07
2323 region_rec_diffs(8,266)        0.67539332     -3     3    -6.886843e-08
2324 region_rec_diffs(8,267)        0.43436297     -3     3    -9.5057701e-07
2325 region_rec_diffs(8,268)        -1.3769519     -3     3    -3.5385361e-07
2326 region_rec_diffs(8,269)        0.10134021     -3     3    1.259368e-06
2327 region_rec_diffs(8,270)        -0.244012     -3     3    1.5434053e-07
2328 region_rec_diffs(8,271)        -0.2263799     -3     3    -1.4614995e-07
2329 region_rec_diffs(8,272)        0.99389421     -3     3    -2.379372e-06
2330 region_rec_diffs(8,273)        -0.18933282     -3     3    7.5524924e-07
2331 region_rec_diffs(8,274)        0.36686769     -3     3    -2.1086987e-06
2332 region_rec_diffs(8,275)        -0.35572888     -3     3    -2.5448855e-07
2333 region_rec_diffs(8,276)        -0.72922524     -3     3    6.1394761e-07
2334 region_rec_diffs(8,277)        -0.2613284     -3     3    -3.1815652e-07
2335 region_rec_diffs(8,278)        0.50795496     -3     3    -4.1299115e-07
2336 region_rec_diffs(8,279)        -0.18202447     -3     3    -1.680813e-07
2337 region_rec_diffs(9,1)        -1.6518609e-10     -3     3    -6.3431406e-11
2338 region_rec_diffs(9,2)        2.5247185     -3     3    1.2823957e-06
2339 region_rec_diffs(9,3)        2.5718899     -3     3    -3.6634653e-07
2340 region_rec_diffs(9,4)        2.6353011     -3     3    3.7552407e-07
2341 region_rec_diffs(9,5)        2.6701017     -3     3    -1.5945383e-06
2342 region_rec_diffs(9,6)        0.0048568616     -3     3    7.2925437e-09
2343 region_rec_diffs(9,7)        0.19541601     -3     3    -6.2636528e-08
2344 region_rec_diffs(9,8)        0.0057925454     -3     3    7.7870729e-10
2345 region_rec_diffs(9,9)        0.013027806     -3     3    -1.303334e-08
2346 region_rec_diffs(9,10)        0.0096263135     -3     3    -1.6184328e-08
2347 region_rec_diffs(9,11)        2.9999993     -3     3    1.6525015e-07   *************
2348 region_rec_diffs(9,12)        0.0042319199     -3     3    1.1838934e-08
2349 region_rec_diffs(9,13)        0.066990695     -3     3    5.6432578e-07
2350 region_rec_diffs(9,14)        0.17096664     -3     3    -9.8053633e-07
2351 region_rec_diffs(9,15)        0.0096800635     -3     3    1.5208701e-08
2352 region_rec_diffs(9,16)        0.0046292997     -3     3    1.0596153e-08
2353 region_rec_diffs(9,17)        0.08600217     -3     3    8.0543946e-07
2354 region_rec_diffs(9,18)        0.93684836     -3     3    -3.2863336e-08
2355 region_rec_diffs(9,19)        0.010700614     -3     3    -3.0337575e-08
2356 region_rec_diffs(9,20)        0.022631991     -3     3    -1.9247041e-07
2357 region_rec_diffs(9,21)        0.38745887     -3     3    -3.1071871e-07
2358 region_rec_diffs(9,22)        1.2075452     -3     3    -3.6070112e-07
2359 region_rec_diffs(9,23)        0.012142129     -3     3    5.1703448e-09
2360 region_rec_diffs(9,24)        0.1323764     -3     3    3.8245322e-07
2361 region_rec_diffs(9,25)        0.015801651     -3     3    4.0558987e-08
2362 region_rec_diffs(9,26)        -0.078494968     -3     3    6.5133261e-07
2363 region_rec_diffs(9,27)        -0.00090744299     -3     3    1.2632568e-08
2364 region_rec_diffs(9,28)        0.43596592     -3     3    7.740993e-07
2365 region_rec_diffs(9,29)        0.020507104     -3     3    -2.222861e-08
2366 region_rec_diffs(9,30)        0.059253486     -3     3    -2.1280371e-07
2367 region_rec_diffs(9,31)        0.0050704592     -3     3    9.7858634e-09
2368 region_rec_diffs(9,32)        0.011327732     -3     3    -4.4070509e-08
2369 region_rec_diffs(9,33)        0.065325262     -3     3    -1.3668117e-07
2370 region_rec_diffs(9,34)        2.9999998     -3     3    3.2271884e-09   *************
2371 region_rec_diffs(9,35)        0.0043749688     -3     3    -3.1989755e-08
2372 region_rec_diffs(9,36)        0.00472688     -3     3    2.0538584e-09
2373 region_rec_diffs(9,37)        0.53402212     -3     3    -1.9180191e-07
2374 region_rec_diffs(9,38)        0.032033037     -3     3    5.5843265e-08
2375 region_rec_diffs(9,39)        0.0044538334     -3     3    -7.2634934e-09
2376 region_rec_diffs(9,40)        0.012250304     -3     3    6.4245824e-09
2377 region_rec_diffs(9,41)        0.67740293     -3     3    -5.0637697e-07
2378 region_rec_diffs(9,42)        0.30012343     -3     3    -5.5304356e-07
2379 region_rec_diffs(9,43)        0.0083603617     -3     3    7.5142062e-09
2380 region_rec_diffs(9,44)        2.9999996     -3     3    -2.2416781e-09   *************
2381 region_rec_diffs(9,45)        0.60841326     -3     3    2.1356245e-07
2382 region_rec_diffs(9,46)        0.020552057     -3     3    3.342622e-08
2383 region_rec_diffs(9,47)        0.013279659     -3     3    1.9242544e-08
2384 region_rec_diffs(9,48)        0.088540407     -3     3    1.1144664e-07
2385 region_rec_diffs(9,49)        2.2903894     -3     3    8.8791154e-07
2386 region_rec_diffs(9,50)        0.0046768144     -3     3    6.8460882e-09
2387 region_rec_diffs(9,51)        0.031783747     -3     3    1.1976212e-08
2388 region_rec_diffs(9,52)        0.01728831     -3     3    -2.3413063e-08
2389 region_rec_diffs(9,53)        2.9999997     -3     3    -1.6407801e-07   *************
2390 region_rec_diffs(9,54)        0.020575327     -3     3    3.6364418e-08
2391 region_rec_diffs(9,55)        0.025185059     -3     3    5.6540639e-09
2392 region_rec_diffs(9,56)        0.079706365     -3     3    1.3569561e-07
2393 region_rec_diffs(9,57)        0.15910697     -3     3    1.1490046e-07
2394 region_rec_diffs(9,58)        0.43598414     -3     3    -6.1520248e-07
2395 region_rec_diffs(9,59)        0.022664826     -3     3    -1.9842221e-08
2396 region_rec_diffs(9,60)        0.54338611     -3     3    -1.8014816e-06
2397 region_rec_diffs(9,61)        0.80231486     -3     3    1.6054302e-06
2398 region_rec_diffs(9,62)        0.015536556     -3     3    1.7888985e-09
2399 region_rec_diffs(9,63)        0.024638286     -3     3    -3.5126801e-08
2400 region_rec_diffs(9,64)        0.15965853     -3     3    -4.8377266e-07
2401 region_rec_diffs(9,65)        1.1899594     -3     3    1.8739024e-07
2402 region_rec_diffs(9,66)        0.0047431287     -3     3    1.7967363e-08
2403 region_rec_diffs(9,67)        -0.0026427361     -3     3    -3.4681259e-08
2404 region_rec_diffs(9,68)        -0.0046587208     -3     3    -2.5839169e-07
2405 region_rec_diffs(9,69)        0.21293671     -3     3    9.2209897e-08
2406 region_rec_diffs(9,70)        2.9999986     -3     3    -6.6714932e-09   *************
2407 region_rec_diffs(9,71)        0.021144333     -3     3    -3.4796335e-10
2408 region_rec_diffs(9,72)        0.18830314     -3     3    -5.9243573e-08
2409 region_rec_diffs(9,73)        2.9999998     -3     3    8.4169983e-09   *************
2410 region_rec_diffs(9,74)        0.077398215     -3     3    2.832911e-08
2411 region_rec_diffs(9,75)        0.006481517     -3     3    -1.9180474e-08
2412 region_rec_diffs(9,76)        0.036093986     -3     3    -2.1667413e-08
2413 region_rec_diffs(9,77)        0.067853824     -3     3    1.0025548e-07
2414 region_rec_diffs(9,78)        0.023253216     -3     3    -1.3257548e-07
2415 region_rec_diffs(9,79)        0.0075975429     -3     3    -3.4029178e-08
2416 region_rec_diffs(9,80)        0.41436521     -3     3    3.3884614e-07
2417 region_rec_diffs(9,81)        0.11993243     -3     3    -3.1900805e-07
2418 region_rec_diffs(9,82)        0.06339796     -3     3    1.1974395e-08
2419 region_rec_diffs(9,83)        0.13191074     -3     3    3.7884408e-07
2420 region_rec_diffs(9,84)        0.2692224     -3     3    2.4658288e-07
2421 region_rec_diffs(9,85)        0.31476477     -3     3    -4.9209286e-08
2422 region_rec_diffs(9,86)        0.0092777172     -3     3    -6.7872971e-09
2423 region_rec_diffs(9,87)        0.22149095     -3     3    6.6932855e-07
2424 region_rec_diffs(9,88)        0.22948856     -3     3    1.6728789e-07
2425 region_rec_diffs(9,89)        0.11486223     -3     3    1.7630733e-07
2426 region_rec_diffs(9,90)        0.0075227857     -3     3    -1.1434943e-08
2427 region_rec_diffs(9,91)        0.035845918     -3     3    -5.9392396e-08
2428 region_rec_diffs(9,92)        0.059560074     -3     3    -1.8326889e-10
2429 region_rec_diffs(9,93)        0.091170564     -3     3    -5.667337e-08
2430 region_rec_diffs(9,94)        2.9999998     -3     3    5.8637449e-10   *************
2431 region_rec_diffs(9,95)        0.084436343     -3     3    7.2037625e-09
2432 region_rec_diffs(9,96)        0.01437979     -3     3    -2.0041143e-08
2433 region_rec_diffs(9,97)        0.039521671     -3     3    -3.8329142e-08
2434 region_rec_diffs(9,98)        0.015970446     -3     3    4.1902321e-09
2435 region_rec_diffs(9,99)        0.046467089     -3     3    1.6710431e-08
2436 region_rec_diffs(9,100)        0.19370207     -3     3    8.1873378e-08
2437 region_rec_diffs(9,101)        0.098247197     -3     3    7.5115964e-07
2438 region_rec_diffs(9,102)        0.0033961197     -3     3    -3.5659987e-10
2439 region_rec_diffs(9,103)        0.01841116     -3     3    -1.0720142e-08
2440 region_rec_diffs(9,104)        2.9999997     -3     3    1.5666896e-08   *************
2441 region_rec_diffs(9,105)        0.0067211669     -3     3    -5.0284738e-10
2442 region_rec_diffs(9,106)        0.0013115538     -3     3    -1.7715973e-09
2443 region_rec_diffs(9,107)        0.0019166941     -3     3    1.5476336e-09
2444 region_rec_diffs(9,108)        0.039991426     -3     3    3.3300653e-08
2445 region_rec_diffs(9,109)        0.093935951     -3     3    -6.3597093e-08
2446 region_rec_diffs(9,110)        0.0030901038     -3     3    5.7408515e-09
2447 region_rec_diffs(9,111)        0.002668216     -3     3    -1.201422e-09
2448 region_rec_diffs(9,112)        0.1236488     -3     3    1.1844998e-07
2449 region_rec_diffs(9,113)        0.38005038     -3     3    -1.31703e-07
2450 region_rec_diffs(9,114)        0.013467259     -3     3    -2.4223067e-08
2451 region_rec_diffs(9,115)        0.01544511     -3     3    -1.768774e-08
2452 region_rec_diffs(9,116)        0.19069061     -3     3    -4.4637828e-08
2453 region_rec_diffs(9,117)        0.18184359     -3     3    5.0691097e-08
2454 region_rec_diffs(9,118)        0.012835159     -3     3    1.894213e-08
2455 region_rec_diffs(9,119)        0.076190755     -3     3    -4.0100803e-08
2456 region_rec_diffs(9,120)        0.13126356     -3     3    1.0790312e-07
2457 region_rec_diffs(9,121)        2.9999991     -3     3    -1.723294e-07   *************
2458 region_rec_diffs(9,122)        0.091216946     -3     3    -5.9313454e-08
2459 region_rec_diffs(9,123)        0.019317885     -3     3    1.0897784e-08
2460 region_rec_diffs(9,124)        0.18376468     -3     3    -6.3305068e-08
2461 region_rec_diffs(9,125)        0.051356056     -3     3    -4.7871767e-08
2462 region_rec_diffs(9,126)        0.13122455     -3     3    -1.2613876e-07
2463 region_rec_diffs(9,127)        0.020014396     -3     3    1.8764174e-08
2464 region_rec_diffs(9,128)        0.067524251     -3     3    1.4695437e-07
2465 region_rec_diffs(9,129)        0.059075316     -3     3    8.4390487e-08
2466 region_rec_diffs(9,130)        0.019931444     -3     3    3.0232518e-08
2467 region_rec_diffs(9,131)        0.016665792     -3     3    7.9489954e-08
2468 region_rec_diffs(9,132)        0.15353306     -3     3    -2.2457492e-08
2469 region_rec_diffs(9,133)        0.1471011     -3     3    9.9743303e-08
2470 region_rec_diffs(9,134)        0.012460823     -3     3    -5.4294636e-08
2471 region_rec_diffs(9,135)        0.043538534     -3     3    9.5989414e-08
2472 region_rec_diffs(9,136)        0.067634198     -3     3    2.4048228e-07
2473 region_rec_diffs(9,137)        0.022455095     -3     3    6.6433135e-08
2474 region_rec_diffs(9,138)        0.003632672     -3     3    -1.018881e-08
2475 region_rec_diffs(9,139)        -0.0065020196     -3     3    7.3464878e-08
2476 region_rec_diffs(9,140)        -0.1844795     -3     3    -3.2457133e-07
2477 region_rec_diffs(9,141)        -0.2087842     -3     3    -1.283349e-07
2478 region_rec_diffs(9,142)        -0.026041177     -3     3    -4.9654887e-08
2479 region_rec_diffs(9,143)        -0.065239114     -3     3    6.882051e-08
2480 region_rec_diffs(9,144)        -0.59628441     -3     3    6.8227194e-08
2481 region_rec_diffs(9,145)        -0.80166132     -3     3    3.5797159e-07
2482 region_rec_diffs(9,146)        -0.1905388     -3     3    4.0667259e-09
2483 region_rec_diffs(9,147)        -0.42274801     -3     3    -7.009667e-08
2484 region_rec_diffs(9,148)        -0.88808758     -3     3    1.9168107e-07
2485 region_rec_diffs(9,149)        -0.5452081     -3     3    1.466455e-07
2486 region_rec_diffs(9,150)        -0.33225353     -3     3    -8.5788515e-08
2487 region_rec_diffs(9,151)        -1.1854174     -3     3    3.5813614e-07
2488 region_rec_diffs(9,152)        -1.1014436     -3     3    3.2767988e-07
2489 region_rec_diffs(9,153)        -1.3804701     -3     3    1.7964629e-07
2490 region_rec_diffs(9,154)        -0.98510756     -3     3    8.499088e-08
2491 region_rec_diffs(9,155)        -1.0340083     -3     3    -1.8870193e-07
2492 region_rec_diffs(9,156)        -1.4645414     -3     3    -2.0017111e-07
2493 region_rec_diffs(9,157)        -0.90128671     -3     3    -8.1393984e-08
2494 region_rec_diffs(9,158)        -0.25428904     -3     3    2.2515274e-07
2495 region_rec_diffs(9,159)        -0.23256326     -3     3    2.5172215e-07
2496 region_rec_diffs(9,160)        -0.32048512     -3     3    6.5410618e-07
2497 region_rec_diffs(9,161)        0.08065644     -3     3    -5.1625483e-07
2498 region_rec_diffs(9,162)        -0.15671727     -3     3    -2.6184591e-07
2499 region_rec_diffs(9,163)        -1.1278476     -3     3    1.2064744e-07
2500 region_rec_diffs(9,164)        -1.6849691     -3     3    5.0364103e-07
2501 region_rec_diffs(9,165)        -1.0045691     -3     3    3.7452437e-07
2502 region_rec_diffs(9,166)        -1.185327     -3     3    1.4486965e-07
2503 region_rec_diffs(9,167)        -1.6777707     -3     3    -2.1171579e-08
2504 region_rec_diffs(9,168)        -1.3797217     -3     3    -4.1246315e-07
2505 region_rec_diffs(9,169)        -0.75826934     -3     3    1.5414067e-07
2506 region_rec_diffs(9,170)        -0.010267685     -3     3    1.9694111e-07
2507 region_rec_diffs(9,171)        1.4686516     -3     3    2.2081948e-07
2508 region_rec_diffs(9,172)        -0.34331367     -3     3    1.4066678e-07
2509 region_rec_diffs(9,173)        -1.8940059     -3     3    1.3534181e-07
2510 region_rec_diffs(9,174)        -0.94741446     -3     3    2.9885863e-08
2511 region_rec_diffs(9,175)        -1.5869823     -3     3    -2.733309e-07
2512 region_rec_diffs(9,176)        -2.8752006     -3     3    -1.0975125e-07
2513 region_rec_diffs(9,177)        -2.9999913     -3     3    9.1922803e-08   *************
2514 region_rec_diffs(9,178)        -2.064945     -3     3    -3.7403407e-07
2515 region_rec_diffs(9,179)        0.5537907     -3     3    4.5528527e-07
2516 region_rec_diffs(9,180)        -2.5520157     -3     3    -1.8766694e-07
2517 region_rec_diffs(9,181)        -2.9588347     -3     3    1.5363325e-06
2518 region_rec_diffs(9,182)        -2.0231639     -3     3    4.4678499e-07
2519 region_rec_diffs(9,183)        -2.207591     -3     3    6.7458933e-07
2520 region_rec_diffs(9,184)        -2.7942694     -3     3    3.8889256e-07
2521 region_rec_diffs(9,185)        -2.9999997     -3     3    1.4915346e-09   *************
2522 region_rec_diffs(9,186)        -1.1097023     -3     3    1.0076263e-06
2523 region_rec_diffs(9,187)        -0.11104761     -3     3    -2.9125169e-07
2524 region_rec_diffs(9,188)        -2.9999996     -3     3    -1.2468179e-09   *************
2525 region_rec_diffs(9,189)        -2.9999991     -3     3    -5.0520133e-09   *************
2526 region_rec_diffs(9,190)        -2.9999956     -3     3    -1.8340718e-07   *************
2527 region_rec_diffs(9,191)        -2.6665913     -3     3    -8.1923865e-08
2528 region_rec_diffs(9,192)        -2.1429959     -3     3    -2.4646418e-07
2529 region_rec_diffs(9,193)        -2.6706152     -3     3    -3.3883835e-07
2530 region_rec_diffs(9,194)        -0.83162906     -3     3    -8.2355933e-07
2531 region_rec_diffs(9,195)        -0.19066279     -3     3    4.8239254e-07
2532 region_rec_diffs(9,196)        -2.9999998     -3     3    7.6238507e-10   *************
2533 region_rec_diffs(9,197)        -2.8660429     -3     3    5.8571092e-07
2534 region_rec_diffs(9,198)        -2.9794871     -3     3    -2.6813482e-06
2535 region_rec_diffs(9,199)        -0.61128629     -3     3    -6.8077907e-07
2536 region_rec_diffs(9,200)        -1.122669     -3     3    4.9694684e-08
2537 region_rec_diffs(9,201)        -1.7155017     -3     3    3.8796665e-08
2538 region_rec_diffs(9,202)        -0.56337347     -3     3    3.719613e-07
2539 region_rec_diffs(9,203)        -0.58340474     -3     3    -1.4326542e-06
2540 region_rec_diffs(9,204)        -0.15894846     -3     3    1.9165572e-07
2541 region_rec_diffs(9,205)        -2.1619544     -3     3    1.7417801e-08
2542 region_rec_diffs(9,206)        -2.5918783     -3     3    1.1517522e-06
2543 region_rec_diffs(9,207)        -2.4692359     -3     3    -5.5485438e-08
2544 region_rec_diffs(9,208)        -2.9999986     -3     3    1.3614705e-06   *************
2545 region_rec_diffs(9,209)        -1.8482817     -3     3    3.3434942e-07
2546 region_rec_diffs(9,210)        -1.7362815     -3     3    2.8635505e-07
2547 region_rec_diffs(9,211)        1.6912901     -3     3    1.3394776e-07
2548 region_rec_diffs(9,212)        -0.62934114     -3     3    2.9811813e-07
2549 region_rec_diffs(9,213)        -0.96499469     -3     3    4.0962444e-08
2550 region_rec_diffs(9,214)        -0.98755681     -3     3    -7.2685433e-08
2551 region_rec_diffs(9,215)        0.13871801     -3     3    -1.7742165e-08
2552 region_rec_diffs(9,216)        1.00579     -3     3    7.9683108e-08
2553 region_rec_diffs(9,217)        0.47784746     -3     3    -3.9209897e-07
2554 region_rec_diffs(9,218)        0.042440435     -3     3    -1.038962e-06
2555 region_rec_diffs(9,219)        0.11967578     -3     3    -9.8390568e-07
2556 region_rec_diffs(9,220)        -0.50079039     -3     3    -8.4605831e-07
2557 region_rec_diffs(9,221)        -0.55093896     -3     3    1.8652934e-07
2558 region_rec_diffs(9,222)        2.402806     -3     3    3.4210282e-07
2559 region_rec_diffs(9,223)        -0.67273124     -3     3    8.5120454e-10
2560 region_rec_diffs(9,224)        -1.7013926     -3     3    -8.7998511e-08
2561 region_rec_diffs(9,225)        -1.1694946     -3     3    1.8615719e-07
2562 region_rec_diffs(9,226)        -0.78989621     -3     3    1.5774125e-07
2563 region_rec_diffs(9,227)        0.95207923     -3     3    4.4960431e-08
2564 region_rec_diffs(9,228)        1.4031354     -3     3    -1.7574739e-07
2565 region_rec_diffs(9,229)        0.037695476     -3     3    -5.7817958e-08
2566 region_rec_diffs(9,230)        2.3983369     -3     3    2.4469604e-06
2567 region_rec_diffs(9,231)        -0.51064791     -3     3    3.4786932e-07
2568 region_rec_diffs(9,232)        -0.87030366     -3     3    -2.64084e-08
2569 region_rec_diffs(9,233)        -0.20364612     -3     3    -4.7201415e-07
2570 region_rec_diffs(9,234)        0.65024353     -3     3    7.2350135e-07
2571 region_rec_diffs(9,235)        1.4725909     -3     3    -2.4207599e-07
2572 region_rec_diffs(9,236)        0.77333517     -3     3    1.2306792e-07
2573 region_rec_diffs(9,237)        0.42166249     -3     3    -1.7693575e-07
2574 region_rec_diffs(9,238)        2.912684     -3     3    -3.6940421e-07
2575 region_rec_diffs(9,239)        -0.16898578     -3     3    -3.5488946e-07
2576 region_rec_diffs(9,240)        -0.20334681     -3     3    4.128999e-07
2577 region_rec_diffs(9,241)        -0.12745958     -3     3    4.4776721e-07
2578 region_rec_diffs(9,242)        -0.10984912     -3     3    6.4812625e-07
2579 region_rec_diffs(9,243)        2.6792593     -3     3    5.5183123e-07
2580 region_rec_diffs(9,244)        2.7115153     -3     3    -3.8073454e-07
2581 region_rec_diffs(9,245)        -0.47285466     -3     3    -4.7238706e-07
2582 region_rec_diffs(9,246)        -0.57284676     -3     3    -1.0762658e-07
2583 region_rec_diffs(9,247)        -0.034946812     -3     3    -1.9065486e-08
2584 region_rec_diffs(9,248)        2.6992149     -3     3    -7.5869628e-07
2585 region_rec_diffs(9,249)        -0.38185512     -3     3    4.8000932e-08
2586 region_rec_diffs(9,250)        -0.56480197     -3     3    -2.1321996e-07
2587 region_rec_diffs(9,251)        -0.60351991     -3     3    -1.1010434e-07
2588 region_rec_diffs(9,252)        -0.42184503     -3     3    -3.2453363e-07
2589 region_rec_diffs(9,253)        0.083120124     -3     3    -6.9862351e-07
2590 region_rec_diffs(9,254)        2.084139     -3     3    -1.2218386e-06
2591 region_rec_diffs(9,255)        0.22457289     -3     3    -5.6259736e-07
2592 region_rec_diffs(9,256)        -0.062324178     -3     3    -1.3146516e-07
2593 region_rec_diffs(9,257)        0.46283633     -3     3    -2.2620513e-07
2594 region_rec_diffs(9,258)        1.3910285     -3     3    1.5953475e-06
2595 region_rec_diffs(9,259)        2.9999912     -3     3    -4.0039074e-07   *************
2596 region_rec_diffs(9,260)        -0.16068739     -3     3    6.6744802e-07
2597 region_rec_diffs(9,261)        -0.12836475     -3     3    1.6070798e-07
2598 region_rec_diffs(9,262)        0.34801487     -3     3    -2.3796002e-08
2599 region_rec_diffs(9,263)        0.64390038     -3     3    -4.7843049e-07
2600 region_rec_diffs(9,264)        2.7699422     -3     3    -2.0725731e-07
2601 region_rec_diffs(9,265)        0.21265649     -3     3    3.7891851e-07
2602 region_rec_diffs(9,266)        0.31320673     -3     3    3.5932516e-07
2603 region_rec_diffs(9,267)        0.31082326     -3     3    4.9915614e-07
2604 region_rec_diffs(9,268)        0.17808599     -3     3    1.4367965e-08
2605 region_rec_diffs(9,269)        0.13555602     -3     3    5.979626e-07
2606 region_rec_diffs(9,270)        0.1841065     -3     3    1.5779996e-07
2607 region_rec_diffs(9,271)        2.9999984     -3     3    1.001457e-06   *************
2608 region_rec_diffs(9,272)        -0.077429247     -3     3    1.9069264e-07
2609 region_rec_diffs(9,273)        -0.076434604     -3     3    -1.6561401e-08
2610 region_rec_diffs(9,274)        0.060935162     -3     3    4.5754178e-09
2611 region_rec_diffs(9,275)        0.009029814     -3     3    -1.1420218e-08
2612 region_rec_diffs(9,276)        0.012122134     -3     3    -1.0205574e-08
2613 region_rec_diffs(9,277)        -0.0090005877     -3     3    3.218955e-09
2614 region_rec_diffs(9,278)        -0.0052518568     -3     3    -9.5050291e-10
2615 region_rec_diffs(9,279)        -0.0023886589     -3     3    1.3300502e-09
2616 bs_selcoff_gp:1(1,1,1,1)        -9.1919809     -20     7    -2.6444863e-07
2617 bs_selcoff_gp:1(1,1,1,2)        -4.6958782     -20     7    1.9089923e-07
2618 bs_selcoff_gp:1(1,1,1,3)        0.028948589     -20     7    -1.9970464e-07
2619 bs_selcoff_gp:1(1,1,1,4)        0.81739101     -20     7    5.0168633e-08
2620 bs_selcoff_gp:1(1,1,1,5)        0.52874987     -20     7    1.2300832e-08
2621 bs_selcoff_gp:2(2,1,1,1)        -5.7749685     -20     7    -3.0199845e-07
2622 bs_selcoff_gp:2(2,1,1,2)        -2.0841614     -20     7    -5.0357768e-07
2623 bs_selcoff_gp:2(2,1,1,3)        0.42101011     -20     7    1.2380822e-07
2624 bs_selcoff_gp:2(2,1,1,4)        0.72250053     -20     7    -1.7553857e-07
2625 bs_selcoff_gp:2(2,1,1,5)        0.25418299     -20     7    1.8578305e-07
2626 bs_selcoff_gp:3(3,1,1,1)        -5.0472778     -20     7    -4.458234e-07
2627 bs_selcoff_gp:3(3,1,1,2)        -4.4588025     -20     7    -1.6832931e-07
2628 bs_selcoff_gp:3(3,1,1,3)        0.23285794     -20     7    -2.3988155e-07
2629 bs_selcoff_gp:3(3,1,1,4)        0.90472259     -20     7    -2.3725652e-08
2630 bs_selcoff_gp:3(3,1,1,5)        0.22198164     -20     7    1.9385638e-07
2631 bs_selcoff_gp:4(4,1,1,1)        -15.55307     -20     7    1.1565425e-06
2632 bs_selcoff_gp:4(4,1,1,2)        -3.9672337     -20     7    2.2096239e-07
2633 bs_selcoff_gp:4(4,1,1,3)        -0.038833071     -20     7    4.8681887e-08
2634 bs_selcoff_gp:4(4,1,1,4)        1.0966187     -20     7    3.7506262e-08
2635 bs_selcoff_gp:4(4,1,1,5)        0.024826983     -20     7    -2.9259376e-08
2636 bs_selcoff_gp:5(5,1,1,1)        -11.256539     -20     7    3.7125678e-07
2637 bs_selcoff_gp:5(5,1,1,2)        -3.5470701     -20     7    2.2725798e-06
2638 bs_selcoff_gp:5(5,1,1,3)        0.056086717     -20     7    -3.3491335e-07
2639 bs_selcoff_gp:5(5,1,1,4)        0.98483131     -20     7    2.3292266e-07
2640 bs_selcoff_gp:5(5,1,1,5)        0.21198459     -20     7    -1.5004319e-07
2641 bs_selcoff_gp:6(6,1,1,1)        -8.368201     -20     7    -1.3858151e-06
2642 bs_selcoff_gp:6(6,1,1,2)        -2.8096942     -20     7    -1.4847379e-06
2643 bs_selcoff_gp:6(6,1,1,3)        0.047169901     -20     7    -6.7649083e-07
2644 bs_selcoff_gp:6(6,1,1,4)        0.7768069     -20     7    5.1864688e-07
2645 bs_selcoff_gp:6(6,1,1,5)        0.54041913     -20     7    -2.5189946e-07
2646 bs_selcoff_gp:7(7,1,1,1)        -5.2026764     -20     7    -2.5711069e-07
2647 bs_selcoff_gp:7(7,1,1,2)        -2.8834404     -20     7    8.8628098e-07
2648 bs_selcoff_gp:7(7,1,1,3)        -0.17361294     -20     7    -3.9784109e-07
2649 bs_selcoff_gp:7(7,1,1,4)        0.88658985     -20     7    1.4941821e-07
2650 bs_selcoff_gp:7(7,1,1,5)        0.51347874     -20     7    -2.4556795e-08
2651 bs_selcoff_gp:8(8,1,1,1)        -13.644071     -20     7    2.177935e-06
2652 bs_selcoff_gp:8(8,1,1,2)        -5.4192509     -20     7    1.093983e-06
2653 bs_selcoff_gp:8(8,1,1,3)        -1.4455904     -20     7    -4.8028034e-08
2654 bs_selcoff_gp:8(8,1,1,4)        1.2278883     -20     7    -9.427596e-09
2655 bs_selcoff_gp:8(8,1,1,5)        0.29709945     -20     7    1.7896456e-08
2656 bs_selcoff_gp:9(9,1,1,1)        -13.58026     -20     7    -3.8118306e-07
2657 bs_selcoff_gp:9(9,1,1,2)        -7.3656557     -20     7    1.4467592e-07
2658 bs_selcoff_gp:9(9,1,1,3)        -2.5951575     -20     7    3.5730262e-07
2659 bs_selcoff_gp:9(9,1,1,4)        0.67409976     -20     7    1.2531796e-08
2660 bs_selcoff_gp:9(9,1,1,5)        1.0860221     -20     7    -2.1555921e-08
2661 bs_selcoff_gp:10(10,1,1,1)        -8.5703881     -20     7    8.0864813e-07
2662 bs_selcoff_gp:10(10,1,1,2)        -1.5001788     -20     7    1.1050768e-09
2663 bs_selcoff_gp:10(10,1,1,3)        0.17984548     -20     7    7.1212051e-08
2664 bs_selcoff_gp:10(10,1,1,4)        0.79891189     -20     7    -1.9299557e-08
2665 bs_selcoff_gp:10(10,1,1,5)        0.30495738     -20     7    -6.4135908e-08
2666 bs_selcoff_gp:11(11,1,1,1)        -17.458005     -20     7    -2.6742802e-07
2667 bs_selcoff_gp:11(11,1,1,2)        -9.16377     -20     7    9.9957115e-07
2668 bs_selcoff_gp:11(11,1,1,3)        -0.57381874     -20     7    -1.4247192e-07
2669 bs_selcoff_gp:11(11,1,1,4)        1.2862645     -20     7    3.0740231e-08
2670 bs_selcoff_gp:11(11,1,1,5)        -0.20176922     -20     7    -3.9448022e-08
2671 bs_selcoff_gp:12(12,1,1,1)        -8.6002916     -20     7    7.4172942e-07
2672 bs_selcoff_gp:12(12,1,1,2)        -5.854647     -20     7    -1.4726156e-06
2673 bs_selcoff_gp:12(12,1,1,3)        -0.49967701     -20     7    -2.3410175e-07
2674 bs_selcoff_gp:12(12,1,1,4)        0.9826317     -20     7    -2.3220321e-07
2675 bs_selcoff_gp:12(12,1,1,5)        0.5415945     -20     7    3.9860049e-07
2676 bs_selcoff_gp:13(13,1,1,1)        -2.4758931     -20     7    -1.4636797e-07
2677 bs_selcoff_gp:13(13,1,1,2)        1.4940131     -20     7    -8.4029774e-08
2678 bs_selcoff_gp:13(13,1,1,3)        -0.81758853     -20     7    2.4630434e-07
2679 bs_selcoff_gp:13(13,1,1,4)        -3.8894653     -20     7    -1.1815605e-06
2680 bs_selcoff_gp:13(13,1,1,5)        -20     -20     7    -3.5096243e-07   *************
2681 bs_selcoff_gp:14(14,1,1,1)        -1.6796391     -20     7    -4.0959227e-07
2682 bs_selcoff_gp:14(14,1,1,2)        1.4716866     -20     7    2.8776865e-08
2683 bs_selcoff_gp:14(14,1,1,3)        -1.0563221     -20     7    -4.1330052e-07
2684 bs_selcoff_gp:14(14,1,1,4)        -2.2242062     -20     7    -6.0760643e-08
2685 bs_selcoff_gp:14(14,1,1,5)        -6.8159504     -20     7    -1.0886032e-06
2686 bs_selcoff_gp:15(15,1,1,1)        -2.6056406     -20     7    6.443651e-07
2687 bs_selcoff_gp:15(15,1,1,2)        1.4348729     -20     7    -1.2182546e-07
2688 bs_selcoff_gp:15(15,1,1,3)        -0.41072885     -20     7    9.6859935e-08
2689 bs_selcoff_gp:15(15,1,1,4)        -2.7300728     -20     7    1.0055384e-06
2690 bs_selcoff_gp:15(15,1,1,5)        -20     -20     7    -4.0634123e-07   *************
2691 bs_selcoff_gp:16(16,1,1,1)        -3.1873053     -20     7    -1.2540957e-07
2692 bs_selcoff_gp:16(16,1,1,2)        1.1573143     -20     7    -1.9341934e-07
2693 bs_selcoff_gp:16(16,1,1,3)        0.28530133     -20     7    4.3489667e-07
2694 bs_selcoff_gp:16(16,1,1,4)        -0.82590682     -20     7    1.042076e-08
2695 bs_selcoff_gp:16(16,1,1,5)        -4.6735661     -20     7    -2.8521992e-08
2696 bs_selcoff_gp:17(17,1,1,1)        -0.62288408     -20     7    1.9576347e-07
2697 bs_selcoff_gp:17(17,1,1,2)        0.97580939     -20     7    -3.1020555e-07
2698 bs_selcoff_gp:17(17,1,1,3)        0.52477979     -20     7    3.6905763e-07
2699 bs_selcoff_gp:17(17,1,1,4)        -2.1650171     -20     7    -1.1871411e-06
2700 bs_selcoff_gp:17(17,1,1,5)        -5.2109849     -20     7    9.7114986e-07
2701 bs_selcoff_gp:18(18,1,1,1)        -3.6720337     -20     7    2.6672895e-07
2702 bs_selcoff_gp:18(18,1,1,2)        1.2386066     -20     7    -2.3743976e-07
2703 bs_selcoff_gp:18(18,1,1,3)        -0.45043587     -20     7    1.3197626e-07
2704 bs_selcoff_gp:18(18,1,1,4)        -0.13986834     -20     7    8.2970735e-07
2705 bs_selcoff_gp:18(18,1,1,5)        -4.0774568     -20     7    -1.1368607e-07
2706 bs_selcoff_gp:19(19,1,1,1)        0.14293204     -20     7    -6.0215031e-07
2707 bs_selcoff_gp:19(19,1,1,2)        0.94640483     -20     7    -5.2055518e-07
2708 bs_selcoff_gp:19(19,1,1,3)        -0.1899544     -20     7    7.1715673e-07
2709 bs_selcoff_gp:19(19,1,1,4)        -0.81838069     -20     7    4.2976188e-07
2710 bs_selcoff_gp:19(19,1,1,5)        -6.3333488     -20     7    1.7762947e-07
2711 bs_selcoff_gp:20(20,1,1,1)        -2.248302     -20     7    -8.0843272e-07
2712 bs_selcoff_gp:20(20,1,1,2)        -0.85637767     -20     7    -3.5710703e-07
2713 bs_selcoff_gp:20(20,1,1,3)        -0.56046651     -20     7    2.9079802e-07
2714 bs_selcoff_gp:20(20,1,1,4)        -0.4190233     -20     7    -7.8108279e-07
2715 bs_selcoff_gp:20(20,1,1,5)        1.1759104     -20     7    1.3450027e-07
2716 bs_selcoff_gp:21(21,1,1,1)        -3.7279425     -20     7    -6.3189481e-07
2717 bs_selcoff_gp:21(21,1,1,2)        1.4247527     -20     7    -9.6653694e-08
2718 bs_selcoff_gp:21(21,1,1,3)        -0.26145719     -20     7    3.913919e-07
2719 bs_selcoff_gp:21(21,1,1,4)        -3.0124383     -20     7    -2.0452188e-06
2720 bs_selcoff_gp:21(21,1,1,5)        -10.509504     -20     7    -1.4586886e-06
2721 bs_selcoff_gp:22(22,1,1,1)        -4.5613649     -20     7    -3.4531685e-06
2722 bs_selcoff_gp:22(22,1,1,2)        1.0235936     -20     7    3.6568446e-07
2723 bs_selcoff_gp:22(22,1,1,3)        0.59021025     -20     7    -7.6687558e-07
2724 bs_selcoff_gp:22(22,1,1,4)        -0.91605904     -20     7    5.9314103e-07
2725 bs_selcoff_gp:22(22,1,1,5)        -6.2590708     -20     7    6.2053667e-08
2726 bs_selcoff_gp:23(23,1,1,1)        -5.2556952     -20     7    -1.2322282e-06
2727 bs_selcoff_gp:23(23,1,1,2)        0.44802626     -20     7    -4.0877696e-07
2728 bs_selcoff_gp:23(23,1,1,3)        1.2311714     -20     7    1.7334047e-07
2729 bs_selcoff_gp:23(23,1,1,4)        -5.4336669     -20     7    1.4478434e-06
2730 bs_selcoff_gp:23(23,1,1,5)        -19.999999     -20     7    -1.2582345e-07   *************
2731 bs_selcoff_gp:24(24,1,1,1)        -10.970044     -20     7    -1.8534752e-06
2732 bs_selcoff_gp:24(24,1,1,2)        -1.7117083     -20     7    1.1001675e-06
2733 bs_selcoff_gp:24(24,1,1,3)        1.4292026     -20     7    2.5004827e-08
2734 bs_selcoff_gp:24(24,1,1,4)        -0.44000913     -20     7    1.944966e-07
2735 bs_selcoff_gp:24(24,1,1,5)        -10.540869     -20     7    -2.769023e-06
2736 bs_selcoff_gp:25(25,1,1,1)        -2.2460067     -20     7    7.2142211e-08
2737 bs_selcoff_gp:25(25,1,1,2)        1.0359999     -20     7    -1.2644025e-06
2738 bs_selcoff_gp:25(25,1,1,3)        0.72890076     -20     7    9.7353215e-07
2739 bs_selcoff_gp:25(25,1,1,4)        -5.6676859     -20     7    -2.5627717e-06
2740 bs_selcoff_gp:25(25,1,1,5)        -19.979988     -20     7    2.1792772e-07
2741 bs_selcoff_gp:26(26,1,1,1)        -1.2306363     -20     7    -7.9292468e-07
2742 bs_selcoff_gp:26(26,1,1,2)        1.328082     -20     7    4.3660195e-08
2743 bs_selcoff_gp:26(26,1,1,3)        -0.3892931     -20     7    -6.8060774e-07
2744 bs_selcoff_gp:26(26,1,1,4)        -1.3641509     -20     7    6.4486178e-07
2745 bs_selcoff_gp:26(26,1,1,5)        -6.9469714     -20     7    1.0108065e-08
2746 bs_selcoff_gp:27(27,1,1,1)        -2.4293096     -20     7    6.0046868e-07
2747 bs_selcoff_gp:27(27,1,1,2)        1.2843697     -20     7    -5.257485e-07
2748 bs_selcoff_gp:27(27,1,1,3)        0.21474161     -20     7    7.1345994e-07
2749 bs_selcoff_gp:27(27,1,1,4)        -2.8268403     -20     7    7.6554387e-07
2750 bs_selcoff_gp:27(27,1,1,5)        -7.1679534     -20     7    -4.4577339e-07
2751 bs_selcoff_gp:28(28,1,1,1)        -4.5447853     -20     7    -6.8735837e-07
2752 bs_selcoff_gp:28(28,1,1,2)        1.5594107     -20     7    -1.6323842e-07
2753 bs_selcoff_gp:28(28,1,1,3)        -3.2180485     -20     7    6.6541223e-07
2754 bs_selcoff_gp:28(28,1,1,4)        -1.6390551     -20     7    -1.4950513e-06
2755 bs_selcoff_gp:28(28,1,1,5)        -20     -20     7    2.300983e-07   *************
2756 bs_selcoff_gp:29(29,1,1,1)        -20     -20     7    -1.1316885e-06   *************
2757 bs_selcoff_gp:29(29,1,1,2)        -7.5615682     -20     7    -6.3220188e-07
2758 bs_selcoff_gp:29(29,1,1,3)        -0.46506325     -20     7    -1.4158419e-07
2759 bs_selcoff_gp:29(29,1,1,4)        1.0347766     -20     7    -1.8120793e-08
2760 bs_selcoff_gp:29(29,1,1,5)        0.44274953     -20     7    1.6452532e-07
2761 recr(2)        1.008441     -20     20    5.677007e-08
2762 recr(3)        1.0758643     -20     20    3.9438116e-08
2763 recr(4)        1.0000181     -20     20    -1.2350523e-07
2764 recr(5)        0.97555963     -20     20    -8.0950952e-08
2765 recr(6)        -1.6548568     -20     20    -5.135028e-07
2766 recr(7)        2.2983948     -20     20    -8.4860716e-07
2767 recr(8)        -1.2645303     -20     20    -3.9561138e-08
2768 recr(9)        -0.32503092     -20     20    -2.9922263e-07
2769 recr(10)        -0.75261382     -20     20    -8.2873615e-07
2770 recr(11)        2.5743103     -20     20    -4.8301195e-07
2771 recr(12)        -1.5743454     -20     20    2.710781e-07
2772 recr(13)        1.4143459     -20     20    3.5787483e-07
2773 recr(14)        1.9012637     -20     20    -3.8662593e-07
2774 recr(15)        -1.2076128     -20     20    -2.4018833e-07
2775 recr(16)        -2.1417518     -20     20    -9.1820981e-07
2776 recr(17)        0.71791287     -20     20    -4.4039677e-07
2777 recr(18)        1.7897891     -20     20    -4.2633368e-07
2778 recr(19)        -2.1098038     -20     20    4.6459481e-07
2779 recr(20)        -1.5506598     -20     20    -5.422222e-07
2780 recr(21)        0.97943942     -20     20    -4.8492868e-08
2781 recr(22)        1.2471222     -20     20    -5.5977063e-07
2782 recr(23)        -2.2204513     -20     20    8.2663895e-07
2783 recr(24)        0.28277391     -20     20    -3.3592194e-08
2784 recr(25)        -1.2888882     -20     20    1.2874966e-06
2785 recr(26)        1.9435215     -20     20    1.800648e-07
2786 recr(27)        -2.0403938     -20     20    1.3638445e-06
2787 recr(28)        2.0626382     -20     20    -3.8494277e-07
2788 recr(29)        -0.93953956     -20     20    -1.3405287e-07
2789 recr(30)        -0.040547792     -20     20    -1.3362063e-06
2790 recr(31)        -2.5408007     -20     20    1.189917e-06
2791 recr(32)        -1.6428732     -20     20    8.3952357e-07
2792 recr(33)        0.30893739     -20     20    -1.2130636e-06
2793 recr(34)        1.7796818     -20     20    8.7395407e-08
2794 recr(35)        -2.7257021     -20     20    -2.4466477e-07
2795 recr(36)        -2.6212779     -20     20    8.1379995e-08
2796 recr(37)        1.7021073     -20     20    -3.9016002e-07
2797 recr(38)        -0.92766171     -20     20    4.8831458e-07
2798 recr(39)        -3.1404681     -20     20    -1.2744658e-06
2799 recr(40)        -2.0742027     -20     20    -3.4931588e-07
2800 recr(41)        1.3489596     -20     20    2.7888905e-07
2801 recr(42)        0.74702645     -20     20    -7.0946465e-07
2802 recr(43)        -2.6781617     -20     20    -3.4572764e-07
2803 recr(44)        0.87593503     -20     20    -2.2077954e-06
2804 recr(45)        1.21981     -20     20    3.5891434e-07
2805 recr(46)        -1.8293687     -20     20    -1.3550407e-07
2806 recr(47)        -2.1722916     -20     20    3.8597909e-07
2807 recr(48)        0.55429292     -20     20    3.2381141e-07
2808 recr(49)        1.6150086     -20     20    -8.939e-07
2809 recr(50)        -3.0333534     -20     20    -4.2447481e-08
2810 recr(51)        -0.60457383     -20     20    5.7333355e-07
2811 recr(52)        -1.5549959     -20     20    -4.978103e-07
2812 recr(53)        1.5477146     -20     20    -9.1233381e-08
2813 recr(54)        -1.6285684     -20     20    3.265702e-07
2814 recr(55)        -1.4596818     -20     20    1.8677765e-06
2815 recr(56)        -0.14360277     -20     20    -6.3366187e-07
2816 recr(57)        0.67996751     -20     20    -1.9299443e-07
2817 recr(58)        1.1814058     -20     20    -4.6543141e-07
2818 recr(59)        -1.4511108     -20     20    -4.5203323e-07
2819 recr(60)        1.1690243     -20     20    -9.3963157e-08
2820 recr(61)        1.2366975     -20     20    -1.1262291e-07
2821 recr(62)        -2.4218365     -20     20    -6.3097744e-07
2822 recr(63)        -1.9261626     -20     20    -1.4516146e-07
2823 recr(64)        -0.21391753     -20     20    -1.6662776e-06
2824 recr(65)        1.2913401     -20     20    3.6865116e-08
2825 recr(66)        -2.5607207     -20     20    8.0333077e-08
2826 recr(67)        -1.6847611     -20     20    5.4421624e-07
2827 recr(68)        0.16741506     -20     20    3.1090394e-07
2828 recr(69)        1.1764311     -20     20    -1.2440009e-08
2829 recr(70)        0.50726417     -20     20    -1.1489687e-06
2830 recr(71)        -1.3470095     -20     20    -1.46925e-06
2831 recr(72)        0.61151056     -20     20    -4.3739791e-07
2832 recr(73)        1.4490145     -20     20    5.347586e-08
2833 recr(74)        -0.28205337     -20     20    7.2014629e-08
2834 recr(75)        -3.1340705     -20     20    -4.6134009e-07
2835 recr(76)        -0.8932919     -20     20    -6.4915519e-07
2836 recr(77)        0.28433024     -20     20    -9.2125756e-07
2837 recr(78)        -0.78703368     -20     20    3.8243322e-08
2838 recr(79)        -2.1400728     -20     20    6.8941386e-07
2839 recr(80)        1.2737391     -20     20    -4.0925841e-07
2840 recr(81)        0.22135841     -20     20    1.8626019e-07
2841 recr(82)        -0.42224194     -20     20    2.0048068e-07
2842 recr(83)        0.16171201     -20     20    1.0001305e-07
2843 recr(84)        0.78842709     -20     20    6.9638338e-07
2844 recr(85)        0.99626334     -20     20    -1.5043854e-06
2845 recr(86)        -2.5173771     -20     20    3.0509602e-07
2846 recr(87)        0.74059385     -20     20    6.7913502e-07
2847 recr(88)        0.82279919     -20     20    -4.1175238e-07
2848 recr(89)        0.4013603     -20     20    -4.3697558e-07
2849 recr(90)        -2.6148695     -20     20    -9.7019543e-07
2850 recr(91)        -0.51037592     -20     20    2.2344866e-06
2851 recr(92)        0.18663298     -20     20    -2.6326675e-06
2852 recr(93)        0.75086354     -20     20    8.9834808e-08
2853 recr(94)        1.9883071     -20     20    1.8880709e-07
2854 recr(95)        0.44765539     -20     20    -5.5412078e-07
2855 recr(96)        -1.4289257     -20     20    8.3119768e-07
2856 recr(97)        -0.34446992     -20     20    -9.6034705e-07
2857 recr(98)        -1.4062853     -20     20    2.5180493e-07
2858 recr(99)        -0.2595445     -20     20    -2.0659914e-06
2859 recr(100)        1.1760616     -20     20    -2.0362409e-07
2860 recr(101)        0.6536929     -20     20    -8.1671061e-07
2861 recr(102)        -3.0719514     -20     20    -1.1135799e-06
2862 recr(103)        -1.0171473     -20     20    -1.2144918e-07
2863 recr(104)        1.8506804     -20     20    9.1236591e-07
2864 recr(105)        -1.9954789     -20     20    -9.7828222e-08
2865 recr(106)        -3.9317791     -20     20    -5.7911205e-07
2866 recr(107)        -3.0960494     -20     20    2.5101701e-07
2867 recr(108)        0.12928151     -20     20    5.05309e-07
2868 recr(109)        0.68486037     -20     20    -7.7078113e-07
2869 recr(110)        -3.0215148     -20     20    6.5188056e-07
2870 recr(111)        -3.041013     -20     20    4.63885e-07
2871 recr(112)        0.74467727     -20     20    -1.0443141e-06
2872 recr(113)        1.3419412     -20     20    3.4801513e-08
2873 recr(114)        -1.7133023     -20     20    6.7371318e-07
2874 recr(115)        -1.7227056     -20     20    3.5506738e-07
2875 recr(116)        0.84729149     -20     20    1.7070025e-06
2876 recr(117)        0.82191063     -20     20    -2.0837797e-06
2877 recr(118)        -2.0636314     -20     20    3.1934333e-07
2878 recr(119)        0.12545534     -20     20    3.7437239e-07
2879 recr(120)        0.82532763     -20     20    -5.7305867e-07
2880 recr(121)        1.2974382     -20     20    1.5047696e-07
2881 recr(122)        0.30379255     -20     20    -9.1927056e-07
2882 recr(123)        -1.3080051     -20     20    -5.3466052e-07
2883 recr(124)        0.92609324     -20     20    -1.4768246e-07
2884 recr(125)        -0.27336814     -20     20    -3.9771494e-07
2885 recr(126)        0.76078936     -20     20    -2.4861072e-08
2886 recr(127)        -0.43782018     -20     20    1.2124855e-06
2887 recr(128)        0.67586639     -20     20    -1.4245026e-06
2888 recr(129)        0.25525693     -20     20    1.4495629e-06
2889 recr(130)        -0.73136696     -20     20    1.2222607e-06
2890 recr(131)        -0.84819085     -20     20    -7.4127971e-07
2891 recr(132)        1.1093304     -20     20    -1.9907114e-07
2892 recr(133)        1.0840028     -20     20    -6.189716e-07
2893 recr(134)        -1.2491818     -20     20    8.1518489e-08
2894 recr(135)        0.373042     -20     20    2.3216642e-06
2895 recr(136)        1.1122357     -20     20    -1.3390067e-06
2896 recr(137)        -0.34482383     -20     20    1.100208e-07
2897 recr(138)        -2.2292408     -20     20    -7.0373634e-07
2898 recr(139)        -1.1984853     -20     20    5.174442e-07
2899 recr(140)        1.0076878     -20     20    9.1121797e-07
2900 recr(141)        0.76057312     -20     20    -1.0198181e-06
2901 recr(142)        -1.8416962     -20     20    2.2236412e-07
2902 recr(143)        -1.1683764     -20     20    -9.2581365e-07
2903 recr(144)        1.3497866     -20     20    -3.2421568e-07
2904 recr(145)        1.6306891     -20     20    -7.6543301e-08
2905 recr(146)        -0.82065933     -20     20    7.3837047e-07
2906 recr(147)        -0.0032299825     -20     20    2.3673628e-07
2907 recr(148)        0.99252793     -20     20    -2.8126259e-07
2908 recr(149)        -0.054377125     -20     20    -9.3009848e-07
2909 recr(150)        -1.1144378     -20     20    -3.8734565e-07
2910 recr(151)        0.83276511     -20     20    -2.9703584e-07
2911 recr(152)        0.51815523     -20     20    -1.0711911e-07
2912 recr(153)        0.89731144     -20     20    -3.1443481e-07
2913 recr(154)        -0.073375576     -20     20    6.0733546e-07
2914 recr(155)        0.031618958     -20     20    -6.3438486e-07
2915 recr(156)        0.93040488     -20     20    1.986245e-07
2916 recr(157)        0.14984913     -20     20    -4.0416741e-07
2917 recr(158)        -1.4788617     -20     20    1.8845618e-06
2918 recr(159)        -0.85462188     -20     20    -3.5447923e-07
2919 recr(160)        1.1517342     -20     20    -1.2374619e-07
2920 recr(161)        0.88028613     -20     20    1.8684881e-07
2921 recr(162)        -0.96305226     -20     20    -2.0740307e-06
2922 recr(163)        0.71368404     -20     20    -5.935807e-08
2923 recr(164)        0.98451243     -20     20    -2.2228615e-07
2924 recr(165)        -0.6028871     -20     20    1.036511e-07
2925 recr(166)        -0.57818545     -20     20    -8.1847237e-07
2926 recr(167)        0.37915653     -20     20    -1.1924193e-07
2927 recr(168)        0.44503471     -20     20    -1.3384951e-07
2928 recr(169)        0.5045686     -20     20    7.937577e-07
2929 recr(170)        -0.045032447     -20     20    -5.4257507e-07
2930 recr(171)        0.69413807     -20     20    2.2169679e-07
2931 recr(172)        0.82905567     -20     20    -1.481162e-08
2932 recr(173)        1.4733108     -20     20    7.3477874e-07
2933 recr(174)        -1.6501107     -20     20    7.1331881e-07
2934 recr(175)        -1.2439486     -20     20    4.177707e-07
2935 recr(176)        0.42633352     -20     20    1.3647298e-08
2936 recr(177)        0.99790122     -20     20    -2.726847e-08
2937 recr(178)        0.90736622     -20     20    -2.1806456e-07
2938 recr(179)        0.19355379     -20     20    -6.532107e-07
2939 recr(180)        0.57926898     -20     20    3.2580926e-08
2940 recr(181)        0.49926808     -20     20    -5.0113228e-08
2941 recr(182)        -0.84080108     -20     20    1.3381297e-08
2942 recr(183)        -0.46263486     -20     20    2.8720706e-07
2943 recr(184)        0.16824268     -20     20    -8.5248029e-07
2944 recr(185)        1.1635728     -20     20    1.187894e-07
2945 recr(186)        0.73064528     -20     20    -4.1952303e-07
2946 recr(187)        0.42270941     -20     20    6.6160505e-08
2947 recr(188)        0.14662996     -20     20    -7.3657588e-10
2948 recr(189)        -0.46146702     -20     20    -7.8157203e-07
2949 recr(190)        -0.20037803     -20     20    1.6108694e-07
2950 recr(191)        0.57372505     -20     20    -2.4897914e-07
2951 recr(192)        0.57142585     -20     20    -3.6537115e-07
2952 recr(193)        1.0788894     -20     20    -3.0930643e-07
2953 recr(194)        0.84296152     -20     20    3.9100431e-07
2954 recr(195)        0.5093717     -20     20    -5.5762581e-07
2955 recr(196)        1.2049013     -20     20    -2.4280319e-07
2956 recr(197)        -0.3745163     -20     20    -7.9030764e-08
2957 recr(198)        0.15133298     -20     20    -1.126803e-07
2958 recr(199)        0.54885846     -20     20    -3.6828727e-08
2959 recr(200)        0.79669704     -20     20    2.9985151e-08
2960 recr(201)        0.55600202     -20     20    9.2705753e-08
2961 recr(202)        0.28913528     -20     20    -1.2208783e-06
2962 recr(203)        1.0659168     -20     20    2.9297658e-07
2963 recr(204)        0.43722275     -20     20    9.0751427e-08
2964 recr(205)        -0.2598195     -20     20    -1.5909335e-06
2965 recr(206)        -0.38184212     -20     20    6.2597773e-07
2966 recr(207)        -0.49343629     -20     20    -1.4930749e-07
2967 recr(208)        1.1228132     -20     20    -1.2282937e-07
2968 recr(209)        0.60441547     -20     20    -1.3584803e-07
2969 recr(210)        1.2975391     -20     20    4.2400396e-09
2970 recr(211)        0.87517347     -20     20    -5.644458e-07
2971 recr(212)        0.44815831     -20     20    9.1740441e-07
2972 recr(213)        -0.652361     -20     20    -2.1725599e-06
2973 recr(214)        -0.15530236     -20     20    -6.0426167e-07
2974 recr(215)        -0.065028517     -20     20    -4.5567654e-07
2975 recr(216)        0.91611383     -20     20    5.4391813e-08
2976 recr(217)        0.68945485     -20     20    7.4109271e-07
2977 recr(218)        0.61775498     -20     20    -5.4277073e-07
2978 recr(219)        -0.021825659     -20     20    -2.2020832e-07
2979 recr(220)        0.31844718     -20     20    -6.1462351e-07
2980 recr(221)        0.12531255     -20     20    5.968854e-07
2981 recr(222)        0.52696311     -20     20    -1.3622105e-08
2982 recr(223)        0.49507359     -20     20    -3.1981274e-07
2983 recr(224)        0.65772955     -20     20    1.9091568e-07
2984 recr(225)        -0.21539816     -20     20    3.1017963e-07
2985 recr(226)        0.055920088     -20     20    -2.520962e-07
2986 recr(227)        0.25549726     -20     20    -8.5735779e-09
2987 recr(228)        0.76050466     -20     20    -4.1984551e-08
2988 recr(229)        0.89465438     -20     20    2.3574156e-08
2989 recr(230)        0.62997592     -20     20    -3.0960617e-07
2990 recr(231)        0.26085143     -20     20    3.9451314e-08
2991 recr(232)        0.47163603     -20     20    -2.7992557e-07
2992 recr(233)        -0.071142418     -20     20    1.3354997e-07
2993 recr(234)        0.086968072     -20     20    1.8375356e-07
2994 recr(235)        0.42080162     -20     20    5.5894924e-09
2995 recr(236)        0.37466402     -20     20    -6.4524323e-08
2996 recr(237)        0.01870234     -20     20    -4.1460855e-07
2997 recr(238)        -0.010909248     -20     20    3.1272884e-07
2998 recr(239)        0.43477204     -20     20    -1.8693294e-07
2999 recr(240)        0.69381023     -20     20    -4.7615188e-07
3000 recr(241)        0.86677714     -20     20    1.1708508e-09
3001 recr(242)        0.8669947     -20     20    -3.444171e-07
3002 recr(243)        0.62287231     -20     20    4.3035413e-07
3003 recr(244)        0.72227379     -20     20    -9.2331579e-07
3004 recr(245)        0.30640358     -20     20    4.0754876e-07
3005 recr(246)        0.4937208     -20     20    1.944728e-07
3006 recr(247)        0.69412913     -20     20    -7.1702602e-08
3007 recr(248)        0.83556293     -20     20    -6.7891494e-08
3008 recr(249)        -0.052932374     -20     20    8.506152e-09
3009 recr(250)        -0.053722052     -20     20    -2.9972019e-07
3010 recr(251)        0.26973039     -20     20    -4.2776821e-07
3011 recr(252)        0.28905328     -20     20    5.3182982e-07
3012 recr(253)        0.62569363     -20     20    -6.022022e-07
3013 recr(254)        0.2479421     -20     20    -2.3926834e-07
3014 recr(255)        0.41496468     -20     20    -4.2472211e-07
3015 recr(256)        0.70088123     -20     20    3.2803729e-09
3016 recr(257)        0.56513241     -20     20    -2.6522418e-07
3017 recr(258)        0.27573541     -20     20    2.2533806e-07
3018 recr(259)        0.55544426     -20     20    -1.5715491e-07
3019 recr(260)        0.76696429     -20     20    -5.9225215e-07
3020 recr(261)        0.015875727     -20     20    3.0813983e-07
3021 recr(262)        0.38193387     -20     20    1.2970372e-07
3022 recr(263)        0.64473266     -20     20    8.3876848e-07
3023 recr(264)        0.48169328     -20     20    2.7482952e-07
3024 recr(265)        0.15600138     -20     20    -1.3008342e-07
3025 recr(266)        -0.063762514     -20     20    9.2073484e-07
3026 recr(267)        0.2932061     -20     20    1.5159381e-06
3027 recr(268)        0.63588545     -20     20    2.9243295e-06
3028 recr(269)        0.35323493     -20     20    3.4417265e-06
3029 recr(270)        -0.46745453     -20     20    4.4579825e-06
3030 recr(271)        0.083607492     -20     20    6.1917727e-06
3031 recr(272)        -0.10995126     -20     20    9.3665247e-06
3032 recr(273)        0.16926282     -20     20    1.1406224e-06
3033 recr(274)        1.4229693     -20     20    -1.6658032e-07
3034 totpop        16.914917     8     25    3.3339559e-06
3035 tag_fish_rep(1)        0.16058325     0.001     0.99    4.0692337e-07
3036 tag_fish_rep(3)        0.99     0.001     0.99    -3.2158978e-10   *************
3037 tag_fish_rep(4)        0.5738794     0.001     0.99    6.1253776e-07
3038 tag_fish_rep(5)        0.65821597     0.001     0.99    8.5152177e-07
3039 tag_fish_rep(6)        0.45222016     0.001     0.99    2.1745533e-07
3040 tag_fish_rep(11)        0.6248636     0.001     0.99    6.8897123e-07
3041 tag_fish_rep(12)        0.60012246     0.001     0.99    -1.281819e-07
3042 tag_fish_rep(13)        0.57207725     0.001     0.99    1.8134383e-06
3043 tag_fish_rep(17)        0.77241824     0.001     0.99    -1.7550755e-06
3044 tag_fish_rep(18)        0.72727317     0.001     0.99    1.5967929e-06
3045 tag_fish_rep(19)        0.98999999     0.001     0.99    2.8381057e-09   *************
3046 tag_fish_rep(24)        0.82918186     0.001     0.99    -1.5315954e-06
3047 tag_fish_rep(25)        0.35225638     0.001     0.99    -7.5261154e-07
3048 tag_fish_rep(28)        0.50109437     0.001     0.99    -2.4691581e-07
3049 tag_fish_rep(32)        0.13355936     0.001     0.99    2.2356625e-07
3050 tag_fish_rep(34)        0.96611497     0.001     0.99    3.6306251e-06
3051 tag_fish_rep(35)        0.98999999     0.001     0.99    4.7606106e-10   *************
3052 region_pars(1)        0.1963216     1e-06     1.5    1.0410675e-06
3053 region_pars(1)        0.085047464     1e-06     1.5    -6.527686e-07
3054 region_pars(1)        0.076153062     1e-06     1.5    -1.5176727e-07
3055 region_pars(1)        0.047381298     1e-06     1.5    -3.5754432e-07
3056 region_pars(1)        0.034460985     1e-06     1.5    -5.2744521e-07
3057 region_pars(1)        0.21821592     1e-06     1.5    -1.9068886e-06
3058 region_pars(1)        0.29446106     1e-06     1.5    1.5102439e-06
3059 region_pars(1)        0.04600027     1e-06     1.5    -3.8806024e-07
3060 region_pars(1)        0.0019581919     1e-06     1.5    -3.6173209e-07
3061 sv(21)        0.04004799     1e-06     1000    -1.7519661e-08
3062 age_pars(5)        -2.5377418     -20     2    -7.6004489e-05
3063 vb_coff(1)        23.484751     10     60    3.6050052e-06
3064 vb_coff(2)        148.23464     130     200    1.6993486e-07
3065 vb_coff(3)        0.11272622     0.01     0.3    2.4614901e-06
3066 var_coff(1)        6.0246296     1     10    1.283696e-07
3067 var_coff(2)        0.48215847     0.1     3    -1.8691149e-07
