 Index  Var_name   Estimate L_bound  U_bound gradient
1 diff_coffs(1,1)        0.059898418     0     4    -3.5685552e-05
2 diff_coffs(1,2)        3.6983527e-11     0     4    -3.7974589e-05   *************
3 diff_coffs(1,3)        0.02909903     0     4    7.995051e-05
4 diff_coffs(1,4)        0.0020229394     0     4    -0.00011333919
5 diff_coffs(1,5)        1.6177766e-09     0     4    3.2209667e-08   *************
6 diff_coffs(1,6)        0.041932969     0     4    -6.1491282e-06
7 diff_coffs(1,7)        0.054340996     0     4    -9.6281415e-05
8 diff_coffs(1,8)        0.1580495     0     4    -3.0836176e-05
9 diff_coffs(2,1)        3.4432894e-09     0     4    1.3630982e-05   *************
10 diff_coffs(2,2)        7.1316717e-09     0     4    0.00012924568   *************
11 diff_coffs(2,3)        4.8758884e-09     0     4    -1.1914966e-06   *************
12 diff_coffs(2,4)        8.4101481e-10     0     4    4.8459128e-05   *************
13 diff_coffs(2,5)        8.1503991e-08     0     4    2.3977749e-05   *************
14 diff_coffs(2,6)        1.6084873e-09     0     4    2.9376452e-06   *************
15 diff_coffs(2,7)        0.10128067     0     4    -0.00018277651
16 diff_coffs(2,8)        0.29262311     0     4    0.00015524442
17 diff_coffs(3,1)        0.078292064     0     4    -4.9936246e-05
18 diff_coffs(3,2)        0.16889897     0     4    -7.8127602e-05
19 diff_coffs(3,3)        8.4626262e-10     0     4    -1.0832679e-05   *************
20 diff_coffs(3,4)        1.4932089e-09     0     4    3.6208199e-05   *************
21 diff_coffs(3,5)        0.18737983     0     4    0.00019768146
22 diff_coffs(3,6)        1.9476967e-09     0     4    -1.3528369e-08   *************
23 diff_coffs(3,7)        5.6968998e-09     0     4    -1.9240172e-07   *************
24 diff_coffs(3,8)        8.6601393e-11     0     4    1.4713731e-06   *************
25 diff_coffs(4,1)        1.5343971e-10     0     4    -1.2887619e-06   *************
26 diff_coffs(4,2)        3.4302561e-11     0     4    1.5441313e-06   *************
27 diff_coffs(4,3)        2.0408528e-09     0     4    -2.3146504e-06   *************
28 diff_coffs(4,4)        0.70807902     0     4    -6.9033079e-05
29 diff_coffs(4,5)        5.38025e-07     0     4    3.2613177e-05   *************
30 diff_coffs(4,6)        0.067233482     0     4    0.00013368232
31 diff_coffs(4,7)        0.0053273444     0     4    -8.1350624e-05
32 diff_coffs(4,8)        8.907719e-11     0     4    1.1909048e-07   *************
33 region_rec_diffs(1,1)        -4.4408921e-15     -3     3    -2.2225066e-14
34 region_rec_diffs(1,2)        0.096974817     -3     3    2.4926165e-05
35 region_rec_diffs(1,3)        0.13217847     -3     3    0.00055349528
36 region_rec_diffs(1,4)        0.11266291     -3     3    -0.00036182385
37 region_rec_diffs(1,5)        0.14108503     -3     3    1.9590633e-05
38 region_rec_diffs(1,6)        0.053139981     -3     3    -0.00016218842
39 region_rec_diffs(1,7)        0.034107663     -3     3    -1.0772288e-05
40 region_rec_diffs(1,8)        0.24074158     -3     3    -0.00013657705
41 region_rec_diffs(1,9)        0.22036649     -3     3    0.00055559519
42 region_rec_diffs(1,10)        0.07102945     -3     3    -4.2882275e-06
43 region_rec_diffs(1,11)        0.034048588     -3     3    -3.6258273e-06
44 region_rec_diffs(1,12)        0.17384334     -3     3    -0.00035563334
45 region_rec_diffs(1,13)        -0.32600447     -3     3    -3.0492015e-05
46 region_rec_diffs(1,14)        -0.11543369     -3     3    0.00026286488
47 region_rec_diffs(1,15)        -0.057458106     -3     3    3.9927687e-05
48 region_rec_diffs(1,16)        -0.14281596     -3     3    3.3922795e-06
49 region_rec_diffs(1,17)        -0.97940703     -3     3    8.6105835e-06
50 region_rec_diffs(1,18)        0.12765812     -3     3    3.4370525e-05
51 region_rec_diffs(1,19)        0.006834542     -3     3    1.3650705e-05
52 region_rec_diffs(1,20)        -0.0063760274     -3     3    -9.7965676e-06
53 region_rec_diffs(1,21)        -0.54188309     -3     3    -0.0001187417
54 region_rec_diffs(1,22)        0.11351615     -3     3    0.0001653336
55 region_rec_diffs(1,23)        0.025620458     -3     3    -2.3773649e-05
56 region_rec_diffs(1,24)        0.022152457     -3     3    3.4480421e-06
57 region_rec_diffs(1,25)        0.13173923     -3     3    -0.00033848656
58 region_rec_diffs(1,26)        0.20607115     -3     3    -0.00011322856
59 region_rec_diffs(1,27)        0.030852602     -3     3    4.4124536e-06
60 region_rec_diffs(1,28)        -0.34511584     -3     3    -6.4097188e-05
61 region_rec_diffs(1,29)        -0.44837581     -3     3    -7.4990423e-05
62 region_rec_diffs(1,30)        -0.39473652     -3     3    -0.00014556811
63 region_rec_diffs(1,31)        -0.069795901     -3     3    -7.8399864e-05
64 region_rec_diffs(1,32)        -0.56269976     -3     3    -9.8686073e-05
65 region_rec_diffs(1,33)        -1.3573906     -3     3    -0.00013928684
66 region_rec_diffs(1,34)        0.18414012     -3     3    -0.00030746543
67 region_rec_diffs(1,35)        0.021263865     -3     3    1.4131326e-05
68 region_rec_diffs(1,36)        0.14480786     -3     3    -0.00034998551
69 region_rec_diffs(1,37)        -0.31413684     -3     3    5.2513292e-05
70 region_rec_diffs(1,38)        -0.1630512     -3     3    -6.016568e-05
71 region_rec_diffs(1,39)        -0.034910831     -3     3    -1.3618052e-06
72 region_rec_diffs(1,40)        -0.20198957     -3     3    -3.1495865e-05
73 region_rec_diffs(1,41)        -0.35262865     -3     3    -1.5589564e-05
74 region_rec_diffs(1,42)        0.13822836     -3     3    -1.9345747e-05
75 region_rec_diffs(1,43)        -0.0089672688     -3     3    1.0892223e-05
76 region_rec_diffs(1,44)        -0.76347471     -3     3    -2.7951245e-05
77 region_rec_diffs(1,45)        -0.022014915     -3     3    0.00010319329
78 region_rec_diffs(1,46)        0.013741816     -3     3    -4.4105992e-05
79 region_rec_diffs(1,47)        -0.0082625591     -3     3    -4.1253866e-06
80 region_rec_diffs(1,48)        -1.0433002     -3     3    7.6478795e-05
81 region_rec_diffs(1,49)        -0.24082617     -3     3    -1.0858271e-05
82 region_rec_diffs(1,50)        -0.04806877     -3     3    -4.6534362e-05
83 region_rec_diffs(1,51)        0.22169646     -3     3    -0.00075358849
84 region_rec_diffs(1,52)        0.11920678     -3     3    -6.3052911e-05
85 region_rec_diffs(1,53)        -2.5959529     -3     3    -3.793903e-05
86 region_rec_diffs(1,54)        -1.3802411     -3     3    -2.8414447e-05
87 region_rec_diffs(1,55)        -0.22072115     -3     3    -0.00010837566
88 region_rec_diffs(1,56)        -0.65624332     -3     3    9.7371717e-06
89 region_rec_diffs(1,57)        -0.93985038     -3     3    6.1079352e-05
90 region_rec_diffs(1,58)        0.055380779     -3     3    -0.00018527472
91 region_rec_diffs(1,59)        -0.083735893     -3     3    -5.3711432e-05
92 region_rec_diffs(1,60)        -0.78409982     -3     3    0.00015108302
93 region_rec_diffs(1,61)        0.25150928     -3     3    4.6864802e-05
94 region_rec_diffs(1,62)        -0.021504472     -3     3    6.7456973e-06
95 region_rec_diffs(1,63)        0.06979653     -3     3    -5.6628241e-05
96 region_rec_diffs(1,64)        -0.76743935     -3     3    -0.00010450147
97 region_rec_diffs(1,65)        -1.3721405     -3     3    1.7433529e-05
98 region_rec_diffs(1,66)        -0.1615545     -3     3    2.6186627e-05
99 region_rec_diffs(1,67)        0.04546345     -3     3    -8.8634387e-06
100 region_rec_diffs(1,68)        0.10977646     -3     3    -0.00025821267
101 region_rec_diffs(1,69)        -0.70146773     -3     3    0.0001852239
102 region_rec_diffs(1,70)        -0.27038244     -3     3    -2.3895242e-05
103 region_rec_diffs(1,71)        0.022464419     -3     3    0.00029142315
104 region_rec_diffs(1,72)        -1.0728995     -3     3    -0.00014637402
105 region_rec_diffs(1,73)        -0.45759576     -3     3    -5.894979e-06
106 region_rec_diffs(1,74)        0.038109696     -3     3    -0.00013143928
107 region_rec_diffs(1,75)        -0.12524869     -3     3    -9.3147429e-05
108 region_rec_diffs(1,76)        -1.4857208     -3     3    7.0356862e-05
109 region_rec_diffs(1,77)        -1.7409884     -3     3    4.4286971e-06
110 region_rec_diffs(1,78)        0.040368197     -3     3    -4.1876569e-05
111 region_rec_diffs(1,79)        0.051558557     -3     3    -4.0243371e-05
112 region_rec_diffs(1,80)        0.140911     -3     3    0.0003607763
113 region_rec_diffs(1,81)        -1.2519244     -3     3    -5.4705433e-05
114 region_rec_diffs(1,82)        -0.028915625     -3     3    -7.7644061e-05
115 region_rec_diffs(1,83)        -0.14427886     -3     3    1.2762012e-05
116 region_rec_diffs(1,84)        -1.4726574     -3     3    4.5626574e-06
117 region_rec_diffs(1,85)        -0.063627799     -3     3    -1.8459468e-06
118 region_rec_diffs(1,86)        -0.070704061     -3     3    -0.00026656794
119 region_rec_diffs(1,87)        -0.4340451     -3     3    4.3603435e-05
120 region_rec_diffs(1,88)        -2.1014017     -3     3    0.00011241889
121 region_rec_diffs(1,89)        -0.3168681     -3     3    -0.00015108564
122 region_rec_diffs(1,90)        -1.0898767     -3     3    -1.7880924e-05
123 region_rec_diffs(1,91)        -0.67637577     -3     3    1.8532522e-05
124 region_rec_diffs(1,92)        0.013832219     -3     3    -0.00010108818
125 region_rec_diffs(1,93)        0.034492479     -3     3    1.2301773e-06
126 region_rec_diffs(1,94)        0.15443002     -3     3    0.00048463055
127 region_rec_diffs(1,95)        -1.0617144     -3     3    3.263008e-05
128 region_rec_diffs(1,96)        -0.2077242     -3     3    0.0001472438
129 region_rec_diffs(1,97)        0.1292354     -3     3    -1.7631298e-05
130 region_rec_diffs(1,98)        0.10855781     -3     3    -5.8635368e-05
131 region_rec_diffs(1,99)        -0.88677956     -3     3    0.00035207181
132 region_rec_diffs(1,100)        -0.85357267     -3     3    0.00018461005
133 region_rec_diffs(1,101)        0.14574717     -3     3    -0.00027008525
134 region_rec_diffs(1,102)        -0.074517719     -3     3    -6.3842347e-05
135 region_rec_diffs(1,103)        -2.0849645     -3     3    -5.087948e-05
136 region_rec_diffs(1,104)        -0.00631073     -3     3    -0.00022118567
137 region_rec_diffs(1,105)        -0.015465563     -3     3    1.9788556e-05
138 region_rec_diffs(1,106)        -0.0078614441     -3     3    1.2013047e-05
139 region_rec_diffs(1,107)        -0.048134151     -3     3    -3.5999973e-06
140 region_rec_diffs(1,108)        -0.03632773     -3     3    0.00012461374
141 region_rec_diffs(1,109)        -0.0045524317     -3     3    -3.4531083e-06
142 region_rec_diffs(1,110)        -0.055819225     -3     3    9.4570452e-06
143 region_rec_diffs(1,111)        -1.989379     -3     3    -2.7512822e-05
144 region_rec_diffs(1,112)        0.13221381     -3     3    -0.00026971117
145 region_rec_diffs(1,113)        -0.9810414     -3     3    -0.00010100679
146 region_rec_diffs(1,114)        -0.81752223     -3     3    -8.9344488e-05
147 region_rec_diffs(1,115)        -0.15267126     -3     3    -7.6527729e-05
148 region_rec_diffs(1,116)        -0.004681652     -3     3    -2.9432881e-05
149 region_rec_diffs(1,117)        -0.091715032     -3     3    -6.2309044e-05
150 region_rec_diffs(1,118)        -0.82030921     -3     3    1.5691237e-05
151 region_rec_diffs(1,119)        -0.097822306     -3     3    -8.6023466e-05
152 region_rec_diffs(1,120)        -1.1889124     -3     3    0.00015090359
153 region_rec_diffs(1,121)        0.24039527     -3     3    -0.00036306483
154 region_rec_diffs(1,122)        0.2420754     -3     3    0.00028180354
155 region_rec_diffs(1,123)        -1.4173704     -3     3    -5.1944547e-06
156 region_rec_diffs(1,124)        -0.25709428     -3     3    -4.2515288e-05
157 region_rec_diffs(1,125)        -0.29168001     -3     3    0.00018687951
158 region_rec_diffs(1,126)        -1.7800072     -3     3    -8.0027433e-05
159 region_rec_diffs(1,127)        -1.5168678     -3     3    -1.1694658e-05
160 region_rec_diffs(1,128)        0.1581677     -3     3    0.00021313332
161 region_rec_diffs(1,129)        -0.21515278     -3     3    0.00012001196
162 region_rec_diffs(1,130)        -1.4012226     -3     3    -9.1896033e-05
163 region_rec_diffs(1,131)        -0.011697573     -3     3    -0.00020759343
164 region_rec_diffs(1,132)        0.085188161     -3     3    4.6865054e-05
165 region_rec_diffs(1,133)        0.15019064     -3     3    9.1695231e-05
166 region_rec_diffs(1,134)        -0.29542489     -3     3    -7.429292e-06
167 region_rec_diffs(1,135)        0.13989907     -3     3    -4.2815033e-08
168 region_rec_diffs(1,136)        0.23003017     -3     3    -0.00037060116
169 region_rec_diffs(1,137)        -2.6555285     -3     3    5.9244698e-06
170 region_rec_diffs(1,138)        -1.2311942     -3     3    -0.00017217225
171 region_rec_diffs(1,139)        -1.5759983     -3     3    -4.1223145e-05
172 region_rec_diffs(1,140)        -1.2195301     -3     3    -2.3838552e-05
173 region_rec_diffs(1,141)        0.30039621     -3     3    -1.8447036e-06
174 region_rec_diffs(1,142)        0.09311352     -3     3    0.00010851008
175 region_rec_diffs(1,143)        -0.41939711     -3     3    -2.3433684e-05
176 region_rec_diffs(1,144)        0.15632562     -3     3    0.00025489987
177 region_rec_diffs(1,145)        -0.18083662     -3     3    -6.5812313e-05
178 region_rec_diffs(1,146)        -0.12939193     -3     3    -2.9849238e-05
179 region_rec_diffs(1,147)        -1.7044901     -3     3    -2.6558726e-05
180 region_rec_diffs(1,148)        0.14985497     -3     3    -0.0001439922
181 region_rec_diffs(1,149)        0.11070786     -3     3    -0.00021122951
182 region_rec_diffs(1,150)        -2.2891073     -3     3    -1.7893891e-06
183 region_rec_diffs(1,151)        -2.4342517     -3     3    -8.6044529e-06
184 region_rec_diffs(1,152)        0.32645961     -3     3    2.3581384e-05
185 region_rec_diffs(1,153)        0.31297797     -3     3    4.5436541e-06
186 region_rec_diffs(1,154)        -0.52108887     -3     3    4.2965335e-05
187 region_rec_diffs(1,155)        -2.074117     -3     3    2.1141137e-05
188 region_rec_diffs(1,156)        0.32012901     -3     3    -2.3249473e-05
189 region_rec_diffs(1,157)        0.069904776     -3     3    -7.378871e-05
190 region_rec_diffs(1,158)        -1.766774     -3     3    1.5153063e-05
191 region_rec_diffs(1,159)        -2.8075915     -3     3    2.3283808e-05
192 region_rec_diffs(1,160)        -0.18162573     -3     3    3.7070609e-05
193 region_rec_diffs(1,161)        -0.2288901     -3     3    7.2488775e-05
194 region_rec_diffs(1,162)        0.015058838     -3     3    -3.4976113e-05
195 region_rec_diffs(1,163)        -2.9999957     -3     3    3.1844546e-06   *************
196 region_rec_diffs(1,164)        0.30911707     -3     3    -2.1941067e-05
197 region_rec_diffs(1,165)        0.059954251     -3     3    -0.00016719709
198 region_rec_diffs(1,166)        -1.1742035     -3     3    1.6154025e-05
199 region_rec_diffs(1,167)        -2.9999999     -3     3    1.0066373e-07   *************
200 region_rec_diffs(1,168)        0.13387316     -3     3    0.00010639916
201 region_rec_diffs(1,169)        0.23873565     -3     3    1.7952836e-06
202 region_rec_diffs(1,170)        -1.8922338     -3     3    5.5250232e-07
203 region_rec_diffs(1,171)        -2.9999999     -3     3    -1.2954128e-05   *************
204 region_rec_diffs(1,172)        -0.089609055     -3     3    -0.0001781432
205 region_rec_diffs(1,173)        0.079483885     -3     3    0.00042516052
206 region_rec_diffs(1,174)        -0.69835504     -3     3    -0.00034715325
207 region_rec_diffs(1,175)        -2.0533318     -3     3    -1.1953974e-05
208 region_rec_diffs(1,176)        -1.5162142     -3     3    1.1425123e-06
209 region_rec_diffs(1,177)        0.29884192     -3     3    4.6657299e-05
210 region_rec_diffs(1,178)        -1.1650648     -3     3    -4.4674354e-05
211 region_rec_diffs(1,179)        -2.8684428     -3     3    1.4308248e-05
212 region_rec_diffs(1,180)        0.2715514     -3     3    1.0856711e-05
213 region_rec_diffs(1,181)        -0.106365     -3     3    -0.00012661393
214 region_rec_diffs(1,182)        -1.5242516     -3     3    -8.9468189e-05
215 region_rec_diffs(1,183)        -1.2600697     -3     3    -2.202262e-05
216 region_rec_diffs(1,184)        -1.588009     -3     3    2.7251458e-05
217 region_rec_diffs(1,185)        0.17133109     -3     3    9.3832003e-05
218 region_rec_diffs(1,186)        -0.92002003     -3     3    -9.3393254e-05
219 region_rec_diffs(1,187)        -2.8117457     -3     3    -5.556571e-05
220 region_rec_diffs(1,188)        0.2972398     -3     3    -3.6047727e-05
221 region_rec_diffs(1,189)        0.10080349     -3     3    -0.00016044995
222 region_rec_diffs(1,190)        -0.42729387     -3     3    -1.9197904e-05
223 region_rec_diffs(1,191)        -2.9999995     -3     3    -2.0844527e-07   *************
224 region_rec_diffs(1,192)        0.054924267     -3     3    0.00013395139
225 region_rec_diffs(1,193)        0.31824474     -3     3    -2.3508756e-06
226 region_rec_diffs(1,194)        -1.3890313     -3     3    6.275612e-05
227 region_rec_diffs(1,195)        -2.9999998     -3     3    2.4670856e-06   *************
228 region_rec_diffs(1,196)        -0.07420657     -3     3    -7.3889934e-05
229 region_rec_diffs(1,197)        0.19612477     -3     3    0.00018870285
230 region_rec_diffs(1,198)        -2.2252792     -3     3    -5.2445098e-06
231 region_rec_diffs(1,199)        -2.6773793     -3     3    4.5397003e-05
232 region_rec_diffs(1,200)        -1.0684478     -3     3    2.5994558e-05
233 region_rec_diffs(1,201)        0.28818752     -3     3    -2.3669201e-05
234 region_rec_diffs(1,202)        0.29282     -3     3    -5.0414118e-05
235 region_rec_diffs(1,203)        -1.8897622     -3     3    -6.513842e-05
236 region_rec_diffs(1,204)        -0.26595606     -3     3    -6.5168603e-06
237 region_rec_diffs(1,205)        -1.521274     -3     3    -4.731211e-05
238 region_rec_diffs(1,206)        -1.9719726     -3     3    -3.638393e-05
239 region_rec_diffs(1,207)        -1.8032681     -3     3    2.3814116e-05
240 region_rec_diffs(1,208)        -1.4894859     -3     3    -1.8616278e-05
241 region_rec_diffs(1,209)        0.32448721     -3     3    4.2737424e-06
242 region_rec_diffs(1,210)        0.05492047     -3     3    -0.00020637067
243 region_rec_diffs(1,211)        -3     -3     3    7.5379772e-09   *************
244 region_rec_diffs(1,212)        -1.382186     -3     3    0.00018349533
245 region_rec_diffs(1,213)        -1.0741041     -3     3    0.00011979955
246 region_rec_diffs(1,214)        -1.5024331     -3     3    -0.00016461945
247 region_rec_diffs(1,215)        -2.0850016     -3     3    -2.2535581e-06
248 region_rec_diffs(1,216)        -0.24856809     -3     3    -0.00036699204
249 region_rec_diffs(1,217)        0.18040051     -3     3    8.0418278e-05
250 region_rec_diffs(1,218)        -0.31202294     -3     3    0.00011947941
251 region_rec_diffs(1,219)        -2.578086     -3     3    -0.00018096396
252 region_rec_diffs(1,220)        -0.10681498     -3     3    -0.00063035203
253 region_rec_diffs(1,221)        0.2998846     -3     3    -1.2299439e-05
254 region_rec_diffs(1,222)        0.32681211     -3     3    -3.0211466e-05
255 region_rec_diffs(1,223)        -2.9999999     -3     3    1.2499074e-07   *************
256 region_rec_diffs(1,224)        0.017165234     -3     3    6.6174623e-05
257 region_rec_diffs(1,225)        0.03315092     -3     3    -0.00022265634
258 region_rec_diffs(1,226)        -1.8399376     -3     3    -0.00015445871
259 region_rec_diffs(1,227)        -2.466114     -3     3    3.5264715e-05
260 region_rec_diffs(1,228)        -0.28092193     -3     3    0.00027101884
261 region_rec_diffs(1,229)        0.16992233     -3     3    -1.7156275e-05
262 region_rec_diffs(1,230)        0.20365564     -3     3    2.8060629e-05
263 region_rec_diffs(1,231)        -2.9999891     -3     3    2.6019055e-05   *************
264 region_rec_diffs(1,232)        -0.20457334     -3     3    -3.1458854e-05
265 region_rec_diffs(1,233)        0.21095719     -3     3    0.00061519522
266 region_rec_diffs(1,234)        0.27207688     -3     3    1.8210984e-05
267 region_rec_diffs(1,235)        -2.1208817     -3     3    -8.9334487e-05
268 region_rec_diffs(1,236)        -0.15827562     -3     3    -1.3420796e-06
269 region_rec_diffs(1,237)        0.2568185     -3     3    -2.226753e-05
270 region_rec_diffs(1,238)        0.31363108     -3     3    1.0261801e-05
271 region_rec_diffs(1,239)        -2.6232141     -3     3    -0.00010032318
272 region_rec_diffs(1,240)        -0.12038075     -3     3    0.00010492743
273 region_rec_diffs(1,241)        0.25501054     -3     3    3.9648444e-05
274 region_rec_diffs(1,242)        0.31538014     -3     3    7.2830079e-07
275 region_rec_diffs(1,243)        -2.9999889     -3     3    2.7265003e-05   *************
276 region_rec_diffs(1,244)        -0.022808674     -3     3    -3.0061267e-05
277 region_rec_diffs(1,245)        0.070340803     -3     3    0.00010009413
278 region_rec_diffs(1,246)        0.28396673     -3     3    1.2852052e-05
279 region_rec_diffs(1,247)        -1.5488323     -3     3    0.00013107384
280 region_rec_diffs(1,248)        -0.092535604     -3     3    5.7435532e-05
281 region_rec_diffs(1,249)        -0.18621626     -3     3    8.3189302e-05
282 region_rec_diffs(1,250)        -0.11405543     -3     3    0.0003158811
283 region_rec_diffs(1,251)        -2.5091961     -3     3    -1.7876103e-05
284 region_rec_diffs(1,252)        0.12715088     -3     3    0.00011127185
285 region_rec_diffs(1,253)        0.22537262     -3     3    6.4816488e-06
286 region_rec_diffs(1,254)        0.07890606     -3     3    -8.6410855e-05
287 region_rec_diffs(1,255)        -2.5483747     -3     3    -4.7005488e-05
288 region_rec_diffs(1,256)        0.20051367     -3     3    2.9486176e-05
289 region_rec_diffs(1,257)        0.31697151     -3     3    1.7348381e-05
290 region_rec_diffs(1,258)        0.28252166     -3     3    -8.7503491e-06
291 region_rec_diffs(1,259)        -2.2598873     -3     3    5.408689e-06
292 region_rec_diffs(1,260)        0.085308699     -3     3    0.00019695029
293 region_rec_diffs(1,261)        0.22996762     -3     3    -0.00016341736
294 region_rec_diffs(1,262)        0.25079648     -3     3    3.7335823e-05
295 region_rec_diffs(1,263)        -2.4734976     -3     3    -1.119552e-05
296 region_rec_diffs(1,264)        -0.43175247     -3     3    6.8989738e-05
297 region_rec_diffs(1,265)        0.055358838     -3     3    -2.405668e-05
298 region_rec_diffs(1,266)        0.14363493     -3     3    -0.00082494597
299 region_rec_diffs(1,267)        -2.1979805     -3     3    -1.7707234e-07
300 region_rec_diffs(1,268)        -0.17687795     -3     3    3.4667614e-05
301 region_rec_diffs(1,269)        0.27502759     -3     3    2.8678195e-05
302 region_rec_diffs(1,270)        0.19603526     -3     3    0.00018504425
303 region_rec_diffs(1,271)        -2.8148466     -3     3    3.2980609e-05
304 region_rec_diffs(1,272)        0.13548261     -3     3    1.2908283e-05
305 region_rec_diffs(1,273)        -0.57174932     -3     3    -6.5400116e-05
306 region_rec_diffs(1,274)        0.16234731     -3     3    1.0414579e-05
307 region_rec_diffs(1,275)        -2.4932635     -3     3    4.6332259e-06
308 region_rec_diffs(1,276)        -0.17014072     -3     3    -9.7995222e-05
309 region_rec_diffs(1,277)        0.15835128     -3     3    0.00028459485
310 region_rec_diffs(1,278)        0.097205903     -3     3    -0.0001719871
311 region_rec_diffs(1,279)        -1.426787     -3     3    -9.4674512e-05
312 region_rec_diffs(2,1)        -8.8817842e-16     -3     3    -3.6934513e-15
313 region_rec_diffs(2,2)        -1.0800681     -3     3    2.4002143e-05
314 region_rec_diffs(2,3)        -1.6930091     -3     3    -1.8973899e-06
315 region_rec_diffs(2,4)        -1.2700866     -3     3    3.2452717e-05
316 region_rec_diffs(2,5)        -1.90982     -3     3    -5.2775625e-06
317 region_rec_diffs(2,6)        -0.22875395     -3     3    -4.1135413e-05
318 region_rec_diffs(2,7)        -0.21318624     -3     3    -1.5898427e-05
319 region_rec_diffs(2,8)        -1.3898473     -3     3    6.8920135e-06
320 region_rec_diffs(2,9)        -1.147243     -3     3    -4.9853646e-06
321 region_rec_diffs(2,10)        -0.28470961     -3     3    2.5065344e-07
322 region_rec_diffs(2,11)        -0.16859363     -3     3    -2.9736812e-06
323 region_rec_diffs(2,12)        -0.97262325     -3     3    -6.2295203e-05
324 region_rec_diffs(2,13)        -1.1263839     -3     3    2.4445124e-05
325 region_rec_diffs(2,14)        -0.062283154     -3     3    4.1981255e-05
326 region_rec_diffs(2,15)        0.037078796     -3     3    5.5130137e-06
327 region_rec_diffs(2,16)        0.097937015     -3     3    5.5296455e-06
328 region_rec_diffs(2,17)        1.0151386     -3     3    6.753934e-05
329 region_rec_diffs(2,18)        -0.30807731     -3     3    -1.4219276e-06
330 region_rec_diffs(2,19)        -0.074570674     -3     3    3.7408875e-06
331 region_rec_diffs(2,20)        -0.050515809     -3     3    6.2536972e-06
332 region_rec_diffs(2,21)        0.69830372     -3     3    1.7423674e-05
333 region_rec_diffs(2,22)        -0.48008992     -3     3    3.0415726e-05
334 region_rec_diffs(2,23)        -0.26021661     -3     3    -3.9519368e-06
335 region_rec_diffs(2,24)        -0.57681658     -3     3    -1.7551597e-05
336 region_rec_diffs(2,25)        -0.91437408     -3     3    -4.9123936e-05
337 region_rec_diffs(2,26)        -0.84017453     -3     3    -2.5532449e-05
338 region_rec_diffs(2,27)        -0.097521906     -3     3    1.8922696e-06
339 region_rec_diffs(2,28)        -0.61959509     -3     3    -1.453789e-05
340 region_rec_diffs(2,29)        0.76512026     -3     3    -6.6370144e-05
341 region_rec_diffs(2,30)        0.44264303     -3     3    -9.4885765e-05
342 region_rec_diffs(2,31)        0.10757602     -3     3    -1.093834e-05
343 region_rec_diffs(2,32)        0.20250126     -3     3    -3.651153e-05
344 region_rec_diffs(2,33)        -0.55610931     -3     3    2.82173e-06
345 region_rec_diffs(2,34)        -1.0906574     -3     3    3.6960537e-05
346 region_rec_diffs(2,35)        -0.11415437     -3     3    7.8333642e-06
347 region_rec_diffs(2,36)        -0.67658475     -3     3    1.2638877e-05
348 region_rec_diffs(2,37)        -0.69448866     -3     3    -2.1908215e-05
349 region_rec_diffs(2,38)        0.028073438     -3     3    -1.1010766e-05
350 region_rec_diffs(2,39)        0.0059992163     -3     3    1.4974754e-06
351 region_rec_diffs(2,40)        0.09845655     -3     3    1.6520973e-05
352 region_rec_diffs(2,41)        0.50608333     -3     3    0.00010536059
353 region_rec_diffs(2,42)        -0.40747109     -3     3    2.6879876e-05
354 region_rec_diffs(2,43)        0.0026104067     -3     3    1.4706746e-06
355 region_rec_diffs(2,44)        -0.50492201     -3     3    5.4035801e-06
356 region_rec_diffs(2,45)        -1.0771317     -3     3    1.3655005e-06
357 region_rec_diffs(2,46)        -0.19993372     -3     3    -2.1345251e-05
358 region_rec_diffs(2,47)        -0.12091944     -3     3    -7.9873465e-06
359 region_rec_diffs(2,48)        1.0817465     -3     3    -4.6678559e-05
360 region_rec_diffs(2,49)        0.59652718     -3     3    0.00012330337
361 region_rec_diffs(2,50)        0.01546933     -3     3    -1.7763175e-06
362 region_rec_diffs(2,51)        -1.0206826     -3     3    -3.5365324e-05
363 region_rec_diffs(2,52)        -0.35065382     -3     3    1.6806327e-05
364 region_rec_diffs(2,53)        0.49417677     -3     3    -0.00022648331
365 region_rec_diffs(2,54)        -0.015496683     -3     3    2.1290789e-05
366 region_rec_diffs(2,55)        -0.0014224312     -3     3    -2.4377787e-05
367 region_rec_diffs(2,56)        -0.51527611     -3     3    -2.135254e-05
368 region_rec_diffs(2,57)        0.17381232     -3     3    1.4889939e-05
369 region_rec_diffs(2,58)        -0.38647327     -3     3    -3.7113809e-05
370 region_rec_diffs(2,59)        0.048498176     -3     3    -7.2887012e-06
371 region_rec_diffs(2,60)        -0.91813468     -3     3    2.017356e-05
372 region_rec_diffs(2,61)        -1.1873839     -3     3    -2.3536433e-05
373 region_rec_diffs(2,62)        -0.014911587     -3     3    -2.6965148e-06
374 region_rec_diffs(2,63)        -0.23738549     -3     3    -9.3870256e-06
375 region_rec_diffs(2,64)        0.018710474     -3     3    -4.8936303e-06
376 region_rec_diffs(2,65)        1.7204501     -3     3    3.2308757e-05
377 region_rec_diffs(2,66)        0.25974281     -3     3    1.5831689e-06
378 region_rec_diffs(2,67)        0.022869481     -3     3    -1.8925345e-05
379 region_rec_diffs(2,68)        0.11751707     -3     3    -6.1481078e-05
380 region_rec_diffs(2,69)        1.5624536     -3     3    -7.2078449e-05
381 region_rec_diffs(2,70)        -0.18279754     -3     3    5.9868081e-05
382 region_rec_diffs(2,71)        -0.15722904     -3     3    6.6777334e-05
383 region_rec_diffs(2,72)        1.5914923     -3     3    0.00013127798
384 region_rec_diffs(2,73)        0.9490948     -3     3    -0.00014224682
385 region_rec_diffs(2,74)        -0.27858576     -3     3    -3.4188026e-05
386 region_rec_diffs(2,75)        0.091298873     -3     3    -2.8203262e-05
387 region_rec_diffs(2,76)        0.120688     -3     3    -4.0157776e-06
388 region_rec_diffs(2,77)        1.8695329     -3     3    -0.00028863448
389 region_rec_diffs(2,78)        -0.036913081     -3     3    -9.7536469e-06
390 region_rec_diffs(2,79)        -0.10029303     -3     3    -1.8016136e-06
391 region_rec_diffs(2,80)        0.018640539     -3     3    9.1599105e-05
392 region_rec_diffs(2,81)        1.6879679     -3     3    -8.301032e-06
393 region_rec_diffs(2,82)        0.076660222     -3     3    -1.6213429e-06
394 region_rec_diffs(2,83)        0.73493979     -3     3    -2.4261908e-05
395 region_rec_diffs(2,84)        1.3432653     -3     3    2.8254114e-05
396 region_rec_diffs(2,85)        0.051581421     -3     3    -2.6307839e-06
397 region_rec_diffs(2,86)        0.095721154     -3     3    -5.022195e-05
398 region_rec_diffs(2,87)        -0.9891751     -3     3    1.7852177e-06
399 region_rec_diffs(2,88)        -0.46320707     -3     3    9.8723179e-06
400 region_rec_diffs(2,89)        0.28951388     -3     3    -6.1615004e-05
401 region_rec_diffs(2,90)        0.38800878     -3     3    -7.9046901e-05
402 region_rec_diffs(2,91)        1.3491229     -3     3    -2.2955899e-05
403 region_rec_diffs(2,92)        -0.28542981     -3     3    -3.1992594e-06
404 region_rec_diffs(2,93)        -0.11846491     -3     3    -3.1012739e-06
405 region_rec_diffs(2,94)        -1.6157742     -3     3    4.2896653e-05
406 region_rec_diffs(2,95)        -0.52930289     -3     3    5.7095823e-05
407 region_rec_diffs(2,96)        -0.10204601     -3     3    5.5223393e-05
408 region_rec_diffs(2,97)        -0.57671732     -3     3    1.7656878e-06
409 region_rec_diffs(2,98)        -0.41625616     -3     3    9.8575328e-06
410 region_rec_diffs(2,99)        1.2033066     -3     3    0.00039585834
411 region_rec_diffs(2,100)        1.5356036     -3     3    -5.9825762e-05
412 region_rec_diffs(2,101)        -0.84912963     -3     3    4.0082471e-06
413 region_rec_diffs(2,102)        0.087868499     -3     3    -9.237944e-06
414 region_rec_diffs(2,103)        -0.52252867     -3     3    1.8334322e-08
415 region_rec_diffs(2,104)        0.24928468     -3     3    -0.00011063221
416 region_rec_diffs(2,105)        0.028689593     -3     3    4.2405363e-06
417 region_rec_diffs(2,106)        0.019613     -3     3    1.2469904e-06
418 region_rec_diffs(2,107)        0.11235115     -3     3    4.944356e-06
419 region_rec_diffs(2,108)        0.37741901     -3     3    0.00010122385
420 region_rec_diffs(2,109)        -0.17180978     -3     3    2.0126328e-05
421 region_rec_diffs(2,110)        0.10757726     -3     3    4.9459165e-06
422 region_rec_diffs(2,111)        1.9455877     -3     3    -0.00015904466
423 region_rec_diffs(2,112)        -0.829319     -3     3    1.9227309e-05
424 region_rec_diffs(2,113)        -2.3043394     -3     3    1.9335735e-05
425 region_rec_diffs(2,114)        1.5179728     -3     3    -9.7719045e-05
426 region_rec_diffs(2,115)        0.36170251     -3     3    1.4080914e-05
427 region_rec_diffs(2,116)        -0.46295572     -3     3    -6.4994155e-05
428 region_rec_diffs(2,117)        -0.091705095     -3     3    -1.4284585e-05
429 region_rec_diffs(2,118)        0.51169606     -3     3    5.7304227e-05
430 region_rec_diffs(2,119)        0.078109468     -3     3    -4.0765578e-05
431 region_rec_diffs(2,120)        1.4751618     -3     3    0.00039489051
432 region_rec_diffs(2,121)        -1.9694358     -3     3    6.3773144e-06
433 region_rec_diffs(2,122)        -2.0804241     -3     3    3.0252241e-05
434 region_rec_diffs(2,123)        1.7223982     -3     3    -1.9151603e-05
435 region_rec_diffs(2,124)        -2.6423457     -3     3    5.7594128e-05
436 region_rec_diffs(2,125)        -0.027264662     -3     3    6.8175757e-05
437 region_rec_diffs(2,126)        1.6409849     -3     3    1.7678102e-05
438 region_rec_diffs(2,127)        1.7152514     -3     3    -2.814954e-05
439 region_rec_diffs(2,128)        -1.0479669     -3     3    4.469776e-06
440 region_rec_diffs(2,129)        -0.036824322     -3     3    -5.5608979e-06
441 region_rec_diffs(2,130)        0.11939516     -3     3    -1.8966645e-05
442 region_rec_diffs(2,131)        -1.3939186     -3     3    8.9034343e-05
443 region_rec_diffs(2,132)        -2.5117075     -3     3    4.5393216e-05
444 region_rec_diffs(2,133)        0.00023745247     -3     3    5.8813014e-06
445 region_rec_diffs(2,134)        1.0922323     -3     3    2.0033851e-05
446 region_rec_diffs(2,135)        -0.23507049     -3     3    3.9093567e-05
447 region_rec_diffs(2,136)        -1.249883     -3     3    3.5293931e-05
448 region_rec_diffs(2,137)        0.32126866     -3     3    -7.7863145e-05
449 region_rec_diffs(2,138)        0.71483587     -3     3    -0.0001464614
450 region_rec_diffs(2,139)        1.7210348     -3     3    -7.3446999e-05
451 region_rec_diffs(2,140)        1.8809835     -3     3    -1.6907684e-05
452 region_rec_diffs(2,141)        -1.7970068     -3     3    -3.4943759e-05
453 region_rec_diffs(2,142)        -0.34483996     -3     3    9.525381e-06
454 region_rec_diffs(2,143)        1.1034389     -3     3    -4.1373041e-05
455 region_rec_diffs(2,144)        -1.275777     -3     3    2.5264046e-05
456 region_rec_diffs(2,145)        0.88062518     -3     3    -0.00011225061
457 region_rec_diffs(2,146)        0.28433873     -3     3    -2.9512322e-05
458 region_rec_diffs(2,147)        1.7926156     -3     3    -0.00025459021
459 region_rec_diffs(2,148)        -2.684273     -3     3    4.9439229e-05
460 region_rec_diffs(2,149)        0.10601995     -3     3    -3.1883793e-05
461 region_rec_diffs(2,150)        2.0216759     -3     3    -0.0001757699
462 region_rec_diffs(2,151)        -1.0632576     -3     3    -5.4535216e-05
463 region_rec_diffs(2,152)        -2.9999998     -3     3    -2.8243582e-06   *************
464 region_rec_diffs(2,153)        -1.5912409     -3     3    -3.7470379e-05
465 region_rec_diffs(2,154)        0.18526436     -3     3    3.5524187e-06
466 region_rec_diffs(2,155)        0.59423662     -3     3    -1.3227581e-05
467 region_rec_diffs(2,156)        -2.8717963     -3     3    -5.8459756e-05
468 region_rec_diffs(2,157)        -1.0932216     -3     3    2.9250815e-05
469 region_rec_diffs(2,158)        0.9466611     -3     3    6.2037161e-06
470 region_rec_diffs(2,159)        -1.1065111     -3     3    -4.9916825e-05
471 region_rec_diffs(2,160)        -2.9999998     -3     3    -2.7281315e-06   *************
472 region_rec_diffs(2,161)        1.0521801     -3     3    -8.1925014e-05
473 region_rec_diffs(2,162)        0.036635879     -3     3    -2.5356029e-05
474 region_rec_diffs(2,163)        0.28565692     -3     3    -0.00012860661
475 region_rec_diffs(2,164)        -2.9999998     -3     3    8.3909605e-06   *************
476 region_rec_diffs(2,165)        0.43171926     -3     3    -0.00014478563
477 region_rec_diffs(2,166)        1.6332301     -3     3    -8.9564014e-05
478 region_rec_diffs(2,167)        0.25548748     -3     3    -0.00028398896
479 region_rec_diffs(2,168)        0.11898743     -3     3    5.6326225e-05
480 region_rec_diffs(2,169)        -0.31516664     -3     3    -1.9433416e-05
481 region_rec_diffs(2,170)        1.4826684     -3     3    2.329525e-05
482 region_rec_diffs(2,171)        -0.31602601     -3     3    -6.6308393e-05
483 region_rec_diffs(2,172)        -2.4918176     -3     3    2.28263e-05
484 region_rec_diffs(2,173)        -1.3896017     -3     3    6.6362245e-05
485 region_rec_diffs(2,174)        1.4698826     -3     3    -0.00060242271
486 region_rec_diffs(2,175)        2.0001705     -3     3    0.0002148991
487 region_rec_diffs(2,176)        1.9285314     -3     3    -0.00017736864
488 region_rec_diffs(2,177)        -0.98158693     -3     3    -2.7110815e-06
489 region_rec_diffs(2,178)        1.888004     -3     3    -6.7692217e-05
490 region_rec_diffs(2,179)        0.14086531     -3     3    -3.2440839e-05
491 region_rec_diffs(2,180)        -2.9999997     -3     3    3.6402155e-06   *************
492 region_rec_diffs(2,181)        1.0679362     -3     3    -4.4543994e-05
493 region_rec_diffs(2,182)        1.9333725     -3     3    -0.00013009333
494 region_rec_diffs(2,183)        1.842475     -3     3    -0.00010212232
495 region_rec_diffs(2,184)        1.9108944     -3     3    0.00014108835
496 region_rec_diffs(2,185)        0.17596478     -3     3    -2.0864286e-05
497 region_rec_diffs(2,186)        1.7665347     -3     3    5.512546e-05
498 region_rec_diffs(2,187)        0.2121238     -3     3    -8.2463232e-06
499 region_rec_diffs(2,188)        -1.2886194     -3     3    0.00018552909
500 region_rec_diffs(2,189)        0.451266     -3     3    -1.5696389e-05
501 region_rec_diffs(2,190)        1.4579671     -3     3    -0.00011181493
502 region_rec_diffs(2,191)        2.0845238     -3     3    -3.3785005e-05
503 region_rec_diffs(2,192)        -2.2802555     -3     3    -5.6818111e-05
504 region_rec_diffs(2,193)        -2.382187     -3     3    -3.5733768e-05
505 region_rec_diffs(2,194)        1.9280541     -3     3    -0.00013696356
506 region_rec_diffs(2,195)        1.075992     -3     3    -0.00015260078
507 region_rec_diffs(2,196)        -1.0738715     -3     3    -7.8064778e-05
508 region_rec_diffs(2,197)        -1.1258238     -3     3    1.2932111e-05
509 region_rec_diffs(2,198)        2.0308937     -3     3    -0.00020983373
510 region_rec_diffs(2,199)        0.58504902     -3     3    0.00016649379
511 region_rec_diffs(2,200)        -2.4213439     -3     3    -4.079116e-05
512 region_rec_diffs(2,201)        -0.85521125     -3     3    6.0770835e-05
513 region_rec_diffs(2,202)        -1.0604677     -3     3    5.1476416e-05
514 region_rec_diffs(2,203)        0.66327844     -3     3    8.0717385e-05
515 region_rec_diffs(2,204)        -1.3525919     -3     3    2.2996859e-06
516 region_rec_diffs(2,205)        1.8711684     -3     3    -0.00016523199
517 region_rec_diffs(2,206)        2.0081401     -3     3    -0.0001370259
518 region_rec_diffs(2,207)        1.9807835     -3     3    -6.6724575e-05
519 region_rec_diffs(2,208)        1.9356243     -3     3    6.5078049e-06
520 region_rec_diffs(2,209)        -2.4504557     -3     3    7.5310128e-07
521 region_rec_diffs(2,210)        0.75073418     -3     3    6.9482976e-05
522 region_rec_diffs(2,211)        -0.31810504     -3     3    1.5900356e-05
523 region_rec_diffs(2,212)        -1.2027041     -3     3    -6.4838161e-05
524 region_rec_diffs(2,213)        0.83459736     -3     3    5.0063408e-05
525 region_rec_diffs(2,214)        1.8988886     -3     3    -6.8855397e-05
526 region_rec_diffs(2,215)        1.592608     -3     3    8.6048628e-05
527 region_rec_diffs(2,216)        -1.4670502     -3     3    0.00013897985
528 region_rec_diffs(2,217)        -0.2264859     -3     3    -0.00014523749
529 region_rec_diffs(2,218)        1.2896454     -3     3    -3.7454256e-05
530 region_rec_diffs(2,219)        1.0800325     -3     3    9.9874231e-05
531 region_rec_diffs(2,220)        -1.5540891     -3     3    6.7155054e-05
532 region_rec_diffs(2,221)        -2.3294339     -3     3    6.6082125e-05
533 region_rec_diffs(2,222)        -1.9867058     -3     3    -7.6463356e-06
534 region_rec_diffs(2,223)        -0.21708915     -3     3    2.5491649e-05
535 region_rec_diffs(2,224)        -2.999998     -3     3    3.0939503e-05   *************
536 region_rec_diffs(2,225)        0.40987895     -3     3    7.5769445e-05
537 region_rec_diffs(2,226)        2.009269     -3     3    6.8107801e-06
538 region_rec_diffs(2,227)        1.6797318     -3     3    -6.0436894e-05
539 region_rec_diffs(2,228)        -2.9595347     -3     3    4.703391e-07
540 region_rec_diffs(2,229)        -1.364007     -3     3    -2.9622785e-05
541 region_rec_diffs(2,230)        -0.020879399     -3     3    -0.00012350923
542 region_rec_diffs(2,231)        0.29048091     -3     3    2.9636227e-05
543 region_rec_diffs(2,232)        -0.78973606     -3     3    0.00022175617
544 region_rec_diffs(2,233)        -1.176449     -3     3    0.00020227476
545 region_rec_diffs(2,234)        -1.2170912     -3     3    -5.6298739e-05
546 region_rec_diffs(2,235)        0.14423111     -3     3    -0.00021887232
547 region_rec_diffs(2,236)        -1.6278981     -3     3    0.00010281937
548 region_rec_diffs(2,237)        -2.2111882     -3     3    -7.7522833e-06
549 region_rec_diffs(2,238)        -2.4696907     -3     3    -9.0817047e-07
550 region_rec_diffs(2,239)        0.66266847     -3     3    -7.7581778e-05
551 region_rec_diffs(2,240)        -2.9996981     -3     3    6.4534655e-05   *************
552 region_rec_diffs(2,241)        -2.9999998     -3     3    7.8432303e-10   *************
553 region_rec_diffs(2,242)        -1.7635823     -3     3    -2.6351226e-05
554 region_rec_diffs(2,243)        0.55554257     -3     3    -8.0297626e-05
555 region_rec_diffs(2,244)        -0.88654005     -3     3    -0.00024318714
556 region_rec_diffs(2,245)        -0.71750977     -3     3    0.00024081065
557 region_rec_diffs(2,246)        -1.1276668     -3     3    1.0010222e-05
558 region_rec_diffs(2,247)        0.62187449     -3     3    0.0002206106
559 region_rec_diffs(2,248)        -1.6199764     -3     3    1.8121172e-05
560 region_rec_diffs(2,249)        0.59883413     -3     3    -0.0002023907
561 region_rec_diffs(2,250)        0.96195352     -3     3    0.00026743102
562 region_rec_diffs(2,251)        1.7962468     -3     3    0.00030049222
563 region_rec_diffs(2,252)        -1.6607403     -3     3    6.1438948e-05
564 region_rec_diffs(2,253)        -0.53541606     -3     3    7.5473387e-05
565 region_rec_diffs(2,254)        0.54181575     -3     3    0.0001788316
566 region_rec_diffs(2,255)        0.82392419     -3     3    -0.00017250395
567 region_rec_diffs(2,256)        -2.4260131     -3     3    -7.8990486e-05
568 region_rec_diffs(2,257)        -1.9604282     -3     3    0.00016878829
569 region_rec_diffs(2,258)        -0.80441483     -3     3    1.3059887e-05
570 region_rec_diffs(2,259)        1.7242593     -3     3    0.00022351684
571 region_rec_diffs(2,260)        -1.1821995     -3     3    9.530723e-06
572 region_rec_diffs(2,261)        -2.2029957     -3     3    9.6520866e-05
573 region_rec_diffs(2,262)        -0.33860149     -3     3    -7.3280638e-05
574 region_rec_diffs(2,263)        1.4148743     -3     3    -6.8188629e-05
575 region_rec_diffs(2,264)        -1.6214165     -3     3    2.057789e-05
576 region_rec_diffs(2,265)        0.13306756     -3     3    -2.9580167e-05
577 region_rec_diffs(2,266)        0.37022532     -3     3    1.6427249e-06
578 region_rec_diffs(2,267)        2.0104818     -3     3    -8.2960846e-05
579 region_rec_diffs(2,268)        -1.1181647     -3     3    -8.3568451e-06
580 region_rec_diffs(2,269)        -2.9999993     -3     3    5.7163784e-08   *************
581 region_rec_diffs(2,270)        -0.66031403     -3     3    0.00014197074
582 region_rec_diffs(2,271)        -0.42654543     -3     3    5.0847566e-05
583 region_rec_diffs(2,272)        -1.6475082     -3     3    -8.3704629e-05
584 region_rec_diffs(2,273)        1.5561187     -3     3    -3.7226711e-05
585 region_rec_diffs(2,274)        0.37255311     -3     3    0.00014452466
586 region_rec_diffs(2,275)        2.0531615     -3     3    -0.00010986036
587 region_rec_diffs(2,276)        1.0150718     -3     3    -1.3278281e-05
588 region_rec_diffs(2,277)        -0.74883565     -3     3    5.2232734e-05
589 region_rec_diffs(2,278)        0.24437921     -3     3    -0.00028463065
590 region_rec_diffs(2,279)        1.6637875     -3     3    -6.205233e-05
591 region_rec_diffs(3,1)        0     -3     3    -6.1372944e-19
592 region_rec_diffs(3,2)        -0.00056112435     -3     3    -5.2732322e-07
593 region_rec_diffs(3,3)        -0.0010603848     -3     3    -6.2910911e-07
594 region_rec_diffs(3,4)        -0.0040351747     -3     3    -4.2634799e-07
595 region_rec_diffs(3,5)        2.0680647     -3     3    -1.9141833e-05
596 region_rec_diffs(3,6)        -0.00037198361     -3     3    -3.1106548e-06
597 region_rec_diffs(3,7)        -0.00044921057     -3     3    -3.8732141e-06
598 region_rec_diffs(3,8)        -0.001311912     -3     3    -3.8949911e-06
599 region_rec_diffs(3,9)        -0.00093427042     -3     3    -3.9395629e-06
600 region_rec_diffs(3,10)        -0.00046120873     -3     3    -3.8716579e-06
601 region_rec_diffs(3,11)        0.00093353864     -3     3    9.0519327e-06
602 region_rec_diffs(3,12)        -0.00064615828     -3     3    -2.1860292e-06
603 region_rec_diffs(3,13)        -0.00066558888     -3     3    -1.9395572e-07
604 region_rec_diffs(3,14)        -2.1644624e-05     -3     3    6.4148284e-08
605 region_rec_diffs(3,15)        3.4033213e-05     -3     3    3.1712888e-07
606 region_rec_diffs(3,16)        4.2150454e-05     -3     3    3.2542645e-07
607 region_rec_diffs(3,17)        -0.00016082522     -3     3    -4.1509833e-07
608 region_rec_diffs(3,18)        -0.00025830714     -3     3    2.4448453e-07
609 region_rec_diffs(3,19)        -0.00034872672     -3     3    -3.097314e-06
610 region_rec_diffs(3,20)        2.470764e-06     -3     3    1.9031929e-07
611 region_rec_diffs(3,21)        -0.00011447825     -3     3    -2.585888e-07
612 region_rec_diffs(3,22)        9.481938e-05     -3     3    2.304024e-06
613 region_rec_diffs(3,23)        -0.00044606344     -3     3    -3.911932e-06
614 region_rec_diffs(3,24)        -9.3552134e-05     -3     3    -1.2533757e-07
615 region_rec_diffs(3,25)        -0.00031709793     -3     3    -1.911281e-06
616 region_rec_diffs(3,26)        -0.00056265793     -3     3    -3.871787e-06
617 region_rec_diffs(3,27)        -4.3864629e-05     -3     3    -3.2607947e-07
618 region_rec_diffs(3,28)        -0.00030641488     -3     3    -9.191709e-07
619 region_rec_diffs(3,29)        3.8120397e-05     -3     3    2.9479811e-07
620 region_rec_diffs(3,30)        4.2634702e-05     -3     3    2.3863873e-07
621 region_rec_diffs(3,31)        4.1618471e-05     -3     3    3.1247956e-07
622 region_rec_diffs(3,32)        4.3383803e-05     -3     3    2.1449029e-07
623 region_rec_diffs(3,33)        -5.4424981e-06     -3     3    3.8788048e-07
624 region_rec_diffs(3,34)        0.00048247032     -3     3    6.4232581e-06
625 region_rec_diffs(3,35)        2.3681915e-05     -3     3    3.0899268e-07
626 region_rec_diffs(3,36)        -8.412978e-05     -3     3    3.7008441e-07
627 region_rec_diffs(3,37)        2.9671197e-06     -3     3    3.1207053e-07
628 region_rec_diffs(3,38)        3.016459e-05     -3     3    1.3570781e-07
629 region_rec_diffs(3,39)        3.7443863e-05     -3     3    3.0096715e-07
630 region_rec_diffs(3,40)        -0.00018448547     -3     3    -1.9640226e-06
631 region_rec_diffs(3,41)        -0.0012037908     -3     3    -1.1839309e-05
632 region_rec_diffs(3,42)        -0.0001585829     -3     3    -7.4823703e-07
633 region_rec_diffs(3,43)        2.9704153e-06     -3     3    3.9525832e-08
634 region_rec_diffs(3,44)        -0.00013595277     -3     3    -2.8168981e-07
635 region_rec_diffs(3,45)        -0.00034148453     -3     3    -1.3643682e-06
636 region_rec_diffs(3,46)        4.5812558e-06     -3     3    1.4785217e-07
637 region_rec_diffs(3,47)        2.038133e-05     -3     3    1.9188699e-07
638 region_rec_diffs(3,48)        0.00022049341     -3     3    1.2578523e-07
639 region_rec_diffs(3,49)        -3.9842928e-05     -3     3    -1.0643736e-06
640 region_rec_diffs(3,50)        3.9654836e-05     -3     3    3.2747339e-07
641 region_rec_diffs(3,51)        -0.00041708617     -3     3    -1.7546552e-07
642 region_rec_diffs(3,52)        -8.0704877e-05     -3     3    2.0635762e-07
643 region_rec_diffs(3,53)        0.00036689292     -3     3    1.433087e-06
644 region_rec_diffs(3,54)        1.0707546e-05     -3     3    -2.6733626e-07
645 region_rec_diffs(3,55)        3.9627628e-05     -3     3    2.1015658e-07
646 region_rec_diffs(3,56)        8.963224e-06     -3     3    2.9319061e-07
647 region_rec_diffs(3,57)        -2.2363207e-05     -3     3    -1.1066306e-06
648 region_rec_diffs(3,58)        -6.0586104e-06     -3     3    -9.8934306e-07
649 region_rec_diffs(3,59)        -3.3060832e-05     -3     3    -4.1570417e-07
650 region_rec_diffs(3,60)        -0.00019915839     -3     3    5.6037307e-07
651 region_rec_diffs(3,61)        -0.0010158263     -3     3    -3.92444e-06
652 region_rec_diffs(3,62)        2.9080463e-05     -3     3    3.3564517e-07
653 region_rec_diffs(3,63)        -1.898572e-05     -3     3    2.9446501e-07
654 region_rec_diffs(3,64)        2.9937496e-05     -3     3    -4.4317355e-08
655 region_rec_diffs(3,65)        0.0004161484     -3     3    4.2615888e-09
656 region_rec_diffs(3,66)        -0.00022829667     -3     3    -2.486869e-06
657 region_rec_diffs(3,67)        3.8016276e-05     -3     3    3.0599981e-07
658 region_rec_diffs(3,68)        7.6440552e-05     -3     3    2.6069778e-07
659 region_rec_diffs(3,69)        0.00018081196     -3     3    -7.4220012e-09
660 region_rec_diffs(3,70)        0.00091766576     -3     3    8.6983591e-06
661 region_rec_diffs(3,71)        -1.3534031e-05     -3     3    2.7809259e-07
662 region_rec_diffs(3,72)        -0.00033878049     -3     3    -1.9097352e-06
663 region_rec_diffs(3,73)        5.1299922e-05     -3     3    2.0085842e-07
664 region_rec_diffs(3,74)        -5.8518618e-05     -3     3    2.7317689e-07
665 region_rec_diffs(3,75)        3.5717001e-05     -3     3    2.7272212e-07
666 region_rec_diffs(3,76)        -8.8535005e-06     -3     3    1.3083209e-07
667 region_rec_diffs(3,77)        6.673678e-05     -3     3    1.2075723e-07
668 region_rec_diffs(3,78)        -4.8253966e-07     -3     3    1.3101231e-07
669 region_rec_diffs(3,79)        -2.7577321e-05     -3     3    2.8227026e-07
670 region_rec_diffs(3,80)        8.8894378e-05     -3     3    -1.6794408e-07
671 region_rec_diffs(3,81)        -0.00012459734     -3     3    -1.2239563e-06
672 region_rec_diffs(3,82)        -0.00019458629     -3     3    -1.9424938e-06
673 region_rec_diffs(3,83)        0.00026112646     -3     3    6.282589e-07
674 region_rec_diffs(3,84)        -0.00019312037     -3     3    1.346882e-07
675 region_rec_diffs(3,85)        -7.4652688e-05     -3     3    -9.2015401e-07
676 region_rec_diffs(3,86)        4.3633285e-05     -3     3    2.60497e-07
677 region_rec_diffs(3,87)        -0.00021758799     -3     3    2.3825333e-07
678 region_rec_diffs(3,88)        3.2063233e-05     -3     3    7.5506382e-07
679 region_rec_diffs(3,89)        7.2961945e-05     -3     3    3.288442e-07
680 region_rec_diffs(3,90)        -0.00026164256     -3     3    -2.8262013e-06
681 region_rec_diffs(3,91)        -7.4153303e-05     -3     3    2.7833275e-08
682 region_rec_diffs(3,92)        -0.00022878199     -3     3    2.1362478e-07
683 region_rec_diffs(3,93)        -9.2912907e-06     -3     3    3.7448107e-07
684 region_rec_diffs(3,94)        0.00069875757     -3     3    1.3991981e-08
685 region_rec_diffs(3,95)        -0.0001700113     -3     3    -2.1756898e-06
686 region_rec_diffs(3,96)        2.3082536e-05     -3     3    1.1917666e-07
687 region_rec_diffs(3,97)        -8.4857197e-05     -3     3    7.5763137e-08
688 region_rec_diffs(3,98)        -0.0082066711     -3     3    -7.6470471e-05
689 region_rec_diffs(3,99)        0.00029326953     -3     3    3.2304042e-08
690 region_rec_diffs(3,100)        0.00017635508     -3     3    1.1055253e-07
691 region_rec_diffs(3,101)        0.00038375953     -3     3    2.2533627e-06
692 region_rec_diffs(3,102)        4.321059e-05     -3     3    2.4044569e-07
693 region_rec_diffs(3,103)        -4.9377981e-05     -3     3    -7.5096819e-07
694 region_rec_diffs(3,104)        0.00040092946     -3     3    -3.7018972e-07
695 region_rec_diffs(3,105)        1.0202574e-05     -3     3    6.2158859e-08
696 region_rec_diffs(3,106)        2.0167792e-05     -3     3    1.8709653e-07
697 region_rec_diffs(3,107)        -2.6728792e-05     -3     3    -3.0726192e-07
698 region_rec_diffs(3,108)        0.00019404059     -3     3    -5.1629744e-07
699 region_rec_diffs(3,109)        6.8082516e-05     -3     3    1.8187674e-07
700 region_rec_diffs(3,110)        6.1914795e-06     -3     3    -6.0536705e-08
701 region_rec_diffs(3,111)        -0.00018259192     -3     3    -2.7489752e-07
702 region_rec_diffs(3,112)        0.00056317358     -3     3    4.0288038e-07
703 region_rec_diffs(3,113)        0.00024865971     -3     3    3.7237331e-07
704 region_rec_diffs(3,114)        2.750683e-05     -3     3    -1.4937246e-08
705 region_rec_diffs(3,115)        8.5031205e-05     -3     3    3.1373914e-07
706 region_rec_diffs(3,116)        0.00039662043     -3     3    2.1879977e-07
707 region_rec_diffs(3,117)        0.00017153609     -3     3    1.9449363e-07
708 region_rec_diffs(3,118)        4.3273124e-05     -3     3    1.0207208e-07
709 region_rec_diffs(3,119)        5.6111242e-05     -3     3    2.9564734e-07
710 region_rec_diffs(3,120)        0.00037279398     -3     3    8.7780904e-07
711 region_rec_diffs(3,121)        -0.00058618511     -3     3    -3.8887024e-06
712 region_rec_diffs(3,122)        -0.0001659622     -3     3    2.9330472e-07
713 region_rec_diffs(3,123)        -0.00025929709     -3     3    -2.0011127e-06
714 region_rec_diffs(3,124)        0.00052625772     -3     3    6.920251e-06
715 region_rec_diffs(3,125)        7.7581665e-05     -3     3    2.8108193e-07
716 region_rec_diffs(3,126)        -7.0586711e-05     -3     3    -1.3732697e-06
717 region_rec_diffs(3,127)        -2.5565868e-05     -3     3    -4.7971477e-08
718 region_rec_diffs(3,128)        -0.00044472147     -3     3    -2.4442838e-06
719 region_rec_diffs(3,129)        -5.2711884e-05     -3     3    -5.2506668e-07
720 region_rec_diffs(3,130)        6.717355e-05     -3     3    3.0763159e-07
721 region_rec_diffs(3,131)        3.6649705e-05     -3     3    -7.7914424e-07
722 region_rec_diffs(3,132)        0.00028848272     -3     3    3.2833908e-07
723 region_rec_diffs(3,133)        0.00017871585     -3     3    3.2609927e-08
724 region_rec_diffs(3,134)        -4.2955276e-05     -3     3    2.9335947e-08
725 region_rec_diffs(3,135)        -0.00011172311     -3     3    -3.5719425e-08
726 region_rec_diffs(3,136)        -0.00052406381     -3     3    3.111934e-07
727 region_rec_diffs(3,137)        -0.00022669417     -3     3    3.1939003e-07
728 region_rec_diffs(3,138)        2.4666521e-05     -3     3    2.061286e-07
729 region_rec_diffs(3,139)        -4.9545863e-06     -3     3    3.2088677e-07
730 region_rec_diffs(3,140)        -0.0010183785     -3     3    -8.1084583e-07
731 region_rec_diffs(3,141)        -0.00095745711     -3     3    -2.7251316e-07
732 region_rec_diffs(3,142)        -3.1944827e-07     -3     3    3.2772975e-07
733 region_rec_diffs(3,143)        -0.00028354725     -3     3    -2.1842881e-06
734 region_rec_diffs(3,144)        -0.00040549319     -3     3    -2.1797245e-07
735 region_rec_diffs(3,145)        0.00043764997     -3     3    -2.4968451e-06
736 region_rec_diffs(3,146)        3.8205193e-05     -3     3    -1.0778892e-07
737 region_rec_diffs(3,147)        -0.0010114431     -3     3    -6.5663635e-07
738 region_rec_diffs(3,148)        -0.013135843     -3     3    -7.753872e-07
739 region_rec_diffs(3,149)        -0.00094414189     -3     3    4.8862055e-08
740 region_rec_diffs(3,150)        -0.0015282909     -3     3    4.1707237e-07
741 region_rec_diffs(3,151)        -0.0021481188     -3     3    4.3847576e-08
742 region_rec_diffs(3,152)        -0.043281351     -3     3    -1.3349304e-06
743 region_rec_diffs(3,153)        -0.023461886     -3     3    1.4449391e-07
744 region_rec_diffs(3,154)        0.00064067207     -3     3    -3.2824554e-07
745 region_rec_diffs(3,155)        -0.0020353368     -3     3    2.2410119e-06
746 region_rec_diffs(3,156)        -0.015598844     -3     3    2.2939868e-05
747 region_rec_diffs(3,157)        -4.7312389e-05     -3     3    4.7047869e-07
748 region_rec_diffs(3,158)        0.00058821617     -3     3    1.6727938e-07
749 region_rec_diffs(3,159)        -0.00099767894     -3     3    -7.5681379e-08
750 region_rec_diffs(3,160)        -0.045378451     -3     3    -5.6622889e-07
751 region_rec_diffs(3,161)        0.0024253636     -3     3    -3.0813735e-08
752 region_rec_diffs(3,162)        -0.00017029739     -3     3    -1.6319529e-07
753 region_rec_diffs(3,163)        -0.020551673     -3     3    8.2025193e-07
754 region_rec_diffs(3,164)        -0.067326404     -3     3    -3.6987944e-07
755 region_rec_diffs(3,165)        -0.0028816082     -3     3    8.2939442e-07
756 region_rec_diffs(3,166)        5.620228e-05     -3     3    -5.403381e-08
757 region_rec_diffs(3,167)        -0.022857072     -3     3    -1.6630513e-06
758 region_rec_diffs(3,168)        -0.0061559736     -3     3    -1.5175821e-07
759 region_rec_diffs(3,169)        -0.020884077     -3     3    -9.9063448e-07
760 region_rec_diffs(3,170)        -4.819671e-05     -3     3    -6.9741334e-08
761 region_rec_diffs(3,171)        0.0076719523     -3     3    5.8366801e-07
762 region_rec_diffs(3,172)        -0.003702435     -3     3    -5.4315176e-07
763 region_rec_diffs(3,173)        -0.0004663328     -3     3    -5.435664e-07
764 region_rec_diffs(3,174)        -0.00036722806     -3     3    1.0156637e-07
765 region_rec_diffs(3,175)        0.00081040319     -3     3    9.238069e-08
766 region_rec_diffs(3,176)        0.00029521924     -3     3    1.8704852e-07
767 region_rec_diffs(3,177)        0.01378857     -3     3    4.2422829e-07
768 region_rec_diffs(3,178)        -0.040659765     -3     3    -1.2748468e-06
769 region_rec_diffs(3,179)        -0.011344748     -3     3    3.8958668e-07
770 region_rec_diffs(3,180)        -0.052494767     -3     3    -3.342793e-07
771 region_rec_diffs(3,181)        -0.0076783539     -3     3    -7.236879e-08
772 region_rec_diffs(3,182)        -0.0027610676     -3     3    2.5064288e-07
773 region_rec_diffs(3,183)        0.00022985024     -3     3    5.133359e-08
774 region_rec_diffs(3,184)        0.00010271807     -3     3    -3.4882338e-07
775 region_rec_diffs(3,185)        -0.0065754428     -3     3    5.5112477e-07
776 region_rec_diffs(3,186)        -0.013551289     -3     3    -1.8218458e-08
777 region_rec_diffs(3,187)        -0.0074750769     -3     3    4.1249722e-06
778 region_rec_diffs(3,188)        -0.0091168762     -3     3    1.419191e-06
779 region_rec_diffs(3,189)        -0.0011582673     -3     3    4.119647e-08
780 region_rec_diffs(3,190)        -0.0011712895     -3     3    3.3337203e-07
781 region_rec_diffs(3,191)        -0.016707383     -3     3    7.8473262e-07
782 region_rec_diffs(3,192)        -0.012647393     -3     3    2.6888093e-07
783 region_rec_diffs(3,193)        -0.073767622     -3     3    -2.0214145e-06
784 region_rec_diffs(3,194)        -0.012451076     -3     3    5.4398036e-07
785 region_rec_diffs(3,195)        -0.027631065     -3     3    1.270098e-08
786 region_rec_diffs(3,196)        -0.0059480992     -3     3    2.0334233e-07
787 region_rec_diffs(3,197)        -0.0030792504     -3     3    -2.8399408e-07
788 region_rec_diffs(3,198)        -0.0020726504     -3     3    -2.5072373e-07
789 region_rec_diffs(3,199)        1.5127528e-05     -3     3    8.9708588e-08
790 region_rec_diffs(3,200)        -0.012977117     -3     3    1.0265204e-07
791 region_rec_diffs(3,201)        -0.032063483     -3     3    1.2838492e-06
792 region_rec_diffs(3,202)        -0.0085183089     -3     3    4.6922012e-07
793 region_rec_diffs(3,203)        -0.006606181     -3     3    -7.9242801e-08
794 region_rec_diffs(3,204)        -0.0025900584     -3     3    4.1470007e-08
795 region_rec_diffs(3,205)        0.00030433537     -3     3    -2.2825319e-07
796 region_rec_diffs(3,206)        0.00049910686     -3     3    1.4847626e-07
797 region_rec_diffs(3,207)        -0.0018167285     -3     3    3.5582455e-07
798 region_rec_diffs(3,208)        0.00040313225     -3     3    -1.4641022e-07
799 region_rec_diffs(3,209)        -0.0073976566     -3     3    -1.4513272e-06
800 region_rec_diffs(3,210)        -0.036765053     -3     3    -1.335771e-06
801 region_rec_diffs(3,211)        -0.080444421     -3     3    -1.9494645e-06
802 region_rec_diffs(3,212)        -0.017630472     -3     3    8.303353e-07
803 region_rec_diffs(3,213)        -0.0019883011     -3     3    4.1927879e-08
804 region_rec_diffs(3,214)        0.00014482809     -3     3    2.2600095e-08
805 region_rec_diffs(3,215)        -0.002769315     -3     3    8.2432928e-08
806 region_rec_diffs(3,216)        -0.018482798     -3     3    8.6063756e-07
807 region_rec_diffs(3,217)        -0.01472617     -3     3    -3.9670161e-07
808 region_rec_diffs(3,218)        -0.0068681558     -3     3    -1.7782665e-07
809 region_rec_diffs(3,219)        -0.0055842519     -3     3    -1.5043031e-06
810 region_rec_diffs(3,220)        -0.018518195     -3     3    -1.806189e-06
811 region_rec_diffs(3,221)        -0.014006952     -3     3    -7.4631071e-07
812 region_rec_diffs(3,222)        -0.029155708     -3     3    -1.9879448e-06
813 region_rec_diffs(3,223)        -0.050248525     -3     3    -7.4600098e-07
814 region_rec_diffs(3,224)        -0.062256301     -3     3    -1.7387328e-06
815 region_rec_diffs(3,225)        -0.010372906     -3     3    -1.2066447e-06
816 region_rec_diffs(3,226)        -0.010759052     -3     3    -1.0512358e-07
817 region_rec_diffs(3,227)        -0.00515721     -3     3    2.4192167e-07
818 region_rec_diffs(3,228)        -0.027961871     -3     3    -5.707245e-07
819 region_rec_diffs(3,229)        -0.013268823     -3     3    7.4697786e-07
820 region_rec_diffs(3,230)        -0.013702903     -3     3    2.1103383e-06
821 region_rec_diffs(3,231)        -0.015032605     -3     3    9.7223135e-06
822 region_rec_diffs(3,232)        -0.0087639117     -3     3    -9.1247431e-08
823 region_rec_diffs(3,233)        -0.013575364     -3     3    -5.1274592e-06
824 region_rec_diffs(3,234)        -0.0051824278     -3     3    7.8329314e-07
825 region_rec_diffs(3,235)        0.002734567     -3     3    -6.3093071e-06
826 region_rec_diffs(3,236)        -0.057031278     -3     3    -2.7707643e-07
827 region_rec_diffs(3,237)        -0.033941466     -3     3    -8.0764403e-07
828 region_rec_diffs(3,238)        -0.011724369     -3     3    3.4299844e-05
829 region_rec_diffs(3,239)        -0.01058213     -3     3    -1.139708e-06
830 region_rec_diffs(3,240)        -0.062049017     -3     3    -1.8254069e-06
831 region_rec_diffs(3,241)        -0.039679867     -3     3    -2.6189751e-06
832 region_rec_diffs(3,242)        -0.036535171     -3     3    1.9640013e-07
833 region_rec_diffs(3,243)        -0.02424788     -3     3    1.1630894e-06
834 region_rec_diffs(3,244)        -0.031013981     -3     3    9.0438685e-07
835 region_rec_diffs(3,245)        -0.028319164     -3     3    -8.8464019e-07
836 region_rec_diffs(3,246)        -0.02715103     -3     3    -6.3317902e-07
837 region_rec_diffs(3,247)        0.0052345329     -3     3    3.3796096e-07
838 region_rec_diffs(3,248)        -0.030880272     -3     3    -2.9626175e-07
839 region_rec_diffs(3,249)        -0.010246896     -3     3    -2.3230935e-07
840 region_rec_diffs(3,250)        -0.002164988     -3     3    5.4853212e-08
841 region_rec_diffs(3,251)        -0.0030408432     -3     3    -2.995761e-07
842 region_rec_diffs(3,252)        -0.044093396     -3     3    1.1285598e-06
843 region_rec_diffs(3,253)        -0.0051352599     -3     3    -1.1654467e-06
844 region_rec_diffs(3,254)        -0.0020492363     -3     3    3.9492275e-07
845 region_rec_diffs(3,255)        -0.0043663695     -3     3    -5.781001e-07
846 region_rec_diffs(3,256)        -0.12022552     -3     3    4.8207074e-07
847 region_rec_diffs(3,257)        -0.032569061     -3     3    -6.3306616e-07
848 region_rec_diffs(3,258)        -0.016830953     -3     3    6.7875157e-07
849 region_rec_diffs(3,259)        -0.00046907287     -3     3    5.6396082e-05
850 region_rec_diffs(3,260)        -0.038143506     -3     3    1.4050228e-06
851 region_rec_diffs(3,261)        -0.016588903     -3     3    -1.7119344e-06
852 region_rec_diffs(3,262)        -0.00040860705     -3     3    -1.734901e-06
853 region_rec_diffs(3,263)        -0.0040560164     -3     3    -3.3990216e-07
854 region_rec_diffs(3,264)        -0.016847084     -3     3    -1.6089373e-07
855 region_rec_diffs(3,265)        -0.00065151352     -3     3    -3.1231007e-06
856 region_rec_diffs(3,266)        -0.0053787477     -3     3    2.2629516e-07
857 region_rec_diffs(3,267)        -0.0012068741     -3     3    -6.5635405e-08
858 region_rec_diffs(3,268)        -0.015235089     -3     3    -2.2752131e-06
859 region_rec_diffs(3,269)        -0.0081676345     -3     3    -3.7496189e-06
860 region_rec_diffs(3,270)        -0.0021125153     -3     3    2.2725481e-07
861 region_rec_diffs(3,271)        -0.0072935964     -3     3    -5.0269317e-07
862 region_rec_diffs(3,272)        -0.070343502     -3     3    7.645194e-07
863 region_rec_diffs(3,273)        -0.014299867     -3     3    -1.974048e-06
864 region_rec_diffs(3,274)        -0.093352058     -3     3    1.5649397e-05
865 region_rec_diffs(3,275)        0.00098952853     -3     3    9.7635027e-07
866 region_rec_diffs(3,276)        0.00022347152     -3     3    1.3091806e-06
867 region_rec_diffs(3,277)        0.00084398306     -3     3    6.4075131e-07
868 region_rec_diffs(3,278)        -0.0020198002     -3     3    -2.924544e-07
869 region_rec_diffs(3,279)        -0.0013637261     -3     3    -3.0044431e-07
870 region_rec_diffs(4,1)        -8.8817842e-16     -3     3    -5.5302821e-15
871 region_rec_diffs(4,2)        0.036398402     -3     3    6.1202237e-06
872 region_rec_diffs(4,3)        -0.013858379     -3     3    7.8070616e-05
873 region_rec_diffs(4,4)        0.0071300109     -3     3    -0.00014725022
874 region_rec_diffs(4,5)        -0.043383157     -3     3    -4.6174374e-05
875 region_rec_diffs(4,6)        -0.084978208     -3     3    -5.196423e-05
876 region_rec_diffs(4,7)        -0.010255012     -3     3    -1.2088852e-05
877 region_rec_diffs(4,8)        -0.86987144     -3     3    -6.2951186e-05
878 region_rec_diffs(4,9)        -0.74464155     -3     3    -7.2540805e-06
879 region_rec_diffs(4,10)        -0.13740916     -3     3    -7.0082994e-06
880 region_rec_diffs(4,11)        -0.035255345     -3     3    -4.072909e-06
881 region_rec_diffs(4,12)        -0.41718518     -3     3    -6.2534896e-05
882 region_rec_diffs(4,13)        0.94450041     -3     3    5.5921046e-05
883 region_rec_diffs(4,14)        0.3902229     -3     3    0.00011271471
884 region_rec_diffs(4,15)        0.18084446     -3     3    3.5458948e-06
885 region_rec_diffs(4,16)        0.38120368     -3     3    -4.9979446e-05
886 region_rec_diffs(4,17)        0.84560344     -3     3    7.2905672e-05
887 region_rec_diffs(4,18)        -0.45639089     -3     3    -9.6360749e-06
888 region_rec_diffs(4,19)        0.020471842     -3     3    -1.6027791e-06
889 region_rec_diffs(4,20)        0.056763305     -3     3    -1.8157671e-06
890 region_rec_diffs(4,21)        0.6939001     -3     3    3.7715322e-05
891 region_rec_diffs(4,22)        -0.25464278     -3     3    2.8933869e-05
892 region_rec_diffs(4,23)        0.048482555     -3     3    -1.8262134e-05
893 region_rec_diffs(4,24)        0.18615392     -3     3    -1.0274112e-05
894 region_rec_diffs(4,25)        -0.17507371     -3     3    -6.3034671e-05
895 region_rec_diffs(4,26)        -0.75972347     -3     3    -4.5312754e-05
896 region_rec_diffs(4,27)        -0.065191156     -3     3    3.2527041e-06
897 region_rec_diffs(4,28)        0.90867321     -3     3    7.6772199e-05
898 region_rec_diffs(4,29)        0.51866895     -3     3    -1.5947183e-05
899 region_rec_diffs(4,30)        0.65979556     -3     3    -8.8094393e-05
900 region_rec_diffs(4,31)        0.17709987     -3     3    -1.5266078e-05
901 region_rec_diffs(4,32)        0.94606029     -3     3    -3.2636094e-05
902 region_rec_diffs(4,33)        1.4518115     -3     3    0.000164144
903 region_rec_diffs(4,34)        -0.44868689     -3     3    4.3536424e-05
904 region_rec_diffs(4,35)        -0.01381424     -3     3    7.8853724e-06
905 region_rec_diffs(4,36)        -0.34688133     -3     3    -7.2158031e-05
906 region_rec_diffs(4,37)        0.88286987     -3     3    -3.0667217e-05
907 region_rec_diffs(4,38)        0.45965304     -3     3    5.0171029e-07
908 region_rec_diffs(4,39)        0.12509707     -3     3    -1.1366891e-05
909 region_rec_diffs(4,40)        0.50887     -3     3    3.4066813e-05
910 region_rec_diffs(4,41)        0.55969481     -3     3    -2.0205503e-05
911 region_rec_diffs(4,42)        -0.45890144     -3     3    7.2172235e-06
912 region_rec_diffs(4,43)        0.033408221     -3     3    -4.5244116e-08
913 region_rec_diffs(4,44)        1.2266597     -3     3    -5.8517267e-05
914 region_rec_diffs(4,45)        0.42622495     -3     3    4.272322e-05
915 region_rec_diffs(4,46)        0.063915321     -3     3    -3.8743312e-06
916 region_rec_diffs(4,47)        0.10363904     -3     3    -4.3987853e-06
917 region_rec_diffs(4,48)        0.83110884     -3     3    -5.4545604e-05
918 region_rec_diffs(4,49)        0.27136048     -3     3    -0.00019534773
919 region_rec_diffs(4,50)        0.16327726     -3     3    -6.20129e-07
920 region_rec_diffs(4,51)        -0.82438201     -3     3    -0.00010020594
921 region_rec_diffs(4,52)        -0.36791433     -3     3    2.0454025e-05
922 region_rec_diffs(4,53)        1.4573613     -3     3    -6.3856713e-05
923 region_rec_diffs(4,54)        1.3906     -3     3    0.00013666033
924 region_rec_diffs(4,55)        0.58468881     -3     3    -6.8120835e-05
925 region_rec_diffs(4,56)        1.1637494     -3     3    2.5726863e-05
926 region_rec_diffs(4,57)        1.199579     -3     3    3.3204538e-05
927 region_rec_diffs(4,58)        -0.013186355     -3     3    -0.0001434177
928 region_rec_diffs(4,59)        0.25328824     -3     3    5.7204472e-07
929 region_rec_diffs(4,60)        1.2772322     -3     3    -2.3623028e-05
930 region_rec_diffs(4,61)        -1.1187427     -3     3    -1.5436844e-05
931 region_rec_diffs(4,62)        0.090786582     -3     3    -5.6799123e-06
932 region_rec_diffs(4,63)        -0.15968886     -3     3    -3.6582284e-05
933 region_rec_diffs(4,64)        1.1434465     -3     3    1.0598709e-05
934 region_rec_diffs(4,65)        -0.066253591     -3     3    -1.7015225e-05
935 region_rec_diffs(4,66)        0.33570952     -3     3    2.7008952e-05
936 region_rec_diffs(4,67)        -0.22495417     -3     3    -4.4419304e-05
937 region_rec_diffs(4,68)        -0.79048485     -3     3    -6.7428739e-05
938 region_rec_diffs(4,69)        -0.67721151     -3     3    -1.6563158e-05
939 region_rec_diffs(4,70)        0.72357392     -3     3    0.00010232427
940 region_rec_diffs(4,71)        0.0068024309     -3     3    9.0781173e-05
941 region_rec_diffs(4,72)        0.029734056     -3     3    8.0609782e-05
942 region_rec_diffs(4,73)        0.34611237     -3     3    -9.1150147e-05
943 region_rec_diffs(4,74)        0.0074040277     -3     3    -1.0677402e-05
944 region_rec_diffs(4,75)        0.34167193     -3     3    -1.6253551e-05
945 region_rec_diffs(4,76)        1.3918641     -3     3    2.6016454e-05
946 region_rec_diffs(4,77)        -0.4251317     -3     3    -6.8347234e-05
947 region_rec_diffs(4,78)        -0.1514097     -3     3    -1.7259657e-05
948 region_rec_diffs(4,79)        -0.15983543     -3     3    -3.1151702e-06
949 region_rec_diffs(4,80)        -0.95615014     -3     3    4.8609973e-05
950 region_rec_diffs(4,81)        -0.078549932     -3     3    2.1839291e-05
951 region_rec_diffs(4,82)        0.058900378     -3     3    -6.9706739e-06
952 region_rec_diffs(4,83)        -0.20673175     -3     3    1.2525618e-05
953 region_rec_diffs(4,84)        0.78971885     -3     3    0.00011307284
954 region_rec_diffs(4,85)        0.19168626     -3     3    -1.5420972e-05
955 region_rec_diffs(4,86)        0.18710192     -3     3    -7.7157463e-05
956 region_rec_diffs(4,87)        1.0423474     -3     3    -0.00010547453
957 region_rec_diffs(4,88)        1.5642897     -3     3    3.27346e-05
958 region_rec_diffs(4,89)        0.62240102     -3     3    -2.7941474e-06
959 region_rec_diffs(4,90)        1.208091     -3     3    -0.00011289348
960 region_rec_diffs(4,91)        0.063777691     -3     3    4.3270289e-05
961 region_rec_diffs(4,92)        0.10496639     -3     3    5.1911619e-05
962 region_rec_diffs(4,93)        -0.067816337     -3     3    -1.1526562e-06
963 region_rec_diffs(4,94)        -0.13534766     -3     3    0.00023307654
964 region_rec_diffs(4,95)        1.361878     -3     3    2.0780275e-05
965 region_rec_diffs(4,96)        0.59707513     -3     3    7.2212307e-05
966 region_rec_diffs(4,97)        -0.29775895     -3     3    -8.5314033e-06
967 region_rec_diffs(4,98)        -0.26166705     -3     3    -1.2603524e-05
968 region_rec_diffs(4,99)        0.58898412     -3     3    0.00040400934
969 region_rec_diffs(4,100)        -0.13766927     -3     3    -5.9001694e-05
970 region_rec_diffs(4,101)        -0.27844974     -3     3    -9.8062996e-06
971 region_rec_diffs(4,102)        0.20367083     -3     3    -2.2079944e-05
972 region_rec_diffs(4,103)        1.5676331     -3     3    -0.00013725294
973 region_rec_diffs(4,104)        -0.17944708     -3     3    -7.0820769e-05
974 region_rec_diffs(4,105)        0.041085606     -3     3    1.1735723e-05
975 region_rec_diffs(4,106)        0.01791988     -3     3    3.5118946e-06
976 region_rec_diffs(4,107)        0.10300065     -3     3    7.7974588e-06
977 region_rec_diffs(4,108)        -0.178423     -3     3    8.3073759e-05
978 region_rec_diffs(4,109)        0.11685287     -3     3    1.6157159e-05
979 region_rec_diffs(4,110)        0.13213777     -3     3    -1.3329639e-06
980 region_rec_diffs(4,111)        -0.75593957     -3     3    -3.1464462e-05
981 region_rec_diffs(4,112)        -0.20662906     -3     3    5.5127317e-05
982 region_rec_diffs(4,113)        1.4164649     -3     3    8.8682796e-05
983 region_rec_diffs(4,114)        -0.14791276     -3     3    -5.0951998e-05
984 region_rec_diffs(4,115)        0.24323754     -3     3    -1.3421899e-05
985 region_rec_diffs(4,116)        0.23682616     -3     3    -0.0001717891
986 region_rec_diffs(4,117)        0.34324979     -3     3    -9.4625035e-05
987 region_rec_diffs(4,118)        1.0291099     -3     3    -1.3754604e-05
988 region_rec_diffs(4,119)        0.27658176     -3     3    -7.5903236e-06
989 region_rec_diffs(4,120)        0.4318636     -3     3    0.00026469663
990 region_rec_diffs(4,121)        -0.70090841     -3     3    -1.2953398e-05
991 region_rec_diffs(4,122)        -0.69641053     -3     3    4.5602258e-05
992 region_rec_diffs(4,123)        -0.026693944     -3     3    1.4915174e-05
993 region_rec_diffs(4,124)        0.93287548     -3     3    -2.8657678e-05
994 region_rec_diffs(4,125)        0.70918962     -3     3    0.00017696414
995 region_rec_diffs(4,126)        0.44573446     -3     3    -7.4578132e-05
996 region_rec_diffs(4,127)        0.088368653     -3     3    -1.8370664e-05
997 region_rec_diffs(4,128)        -0.28527585     -3     3    9.6492945e-05
998 region_rec_diffs(4,129)        0.58781307     -3     3    0.00013310247
999 region_rec_diffs(4,130)        1.3718044     -3     3    -0.00027553215
1000 region_rec_diffs(4,131)        0.440759     -3     3    -6.4366333e-05
1001 region_rec_diffs(4,132)        0.23781437     -3     3    -7.6224515e-05
1002 region_rec_diffs(4,133)        -1.0387249     -3     3    -2.8188025e-05
1003 region_rec_diffs(4,134)        -0.35230164     -3     3    -6.1996372e-07
1004 region_rec_diffs(4,135)        -0.61499785     -3     3    1.2657019e-05
1005 region_rec_diffs(4,136)        -0.8045814     -3     3    -2.0259144e-05
1006 region_rec_diffs(4,137)        1.5011187     -3     3    -0.00027749672
1007 region_rec_diffs(4,138)        1.1454502     -3     3    -0.00034158617
1008 region_rec_diffs(4,139)        0.11473139     -3     3    -3.4577156e-05
1009 region_rec_diffs(4,140)        -2.0544406     -3     3    1.5020518e-05
1010 region_rec_diffs(4,141)        -1.78538     -3     3    -7.3658952e-06
1011 region_rec_diffs(4,142)        -0.21648274     -3     3    2.6582123e-06
1012 region_rec_diffs(4,143)        0.027277257     -3     3    -3.6543773e-05
1013 region_rec_diffs(4,144)        -0.21191719     -3     3    3.2782634e-05
1014 region_rec_diffs(4,145)        -0.32874218     -3     3    8.9683018e-05
1015 region_rec_diffs(4,146)        0.23573437     -3     3    -9.3537401e-06
1016 region_rec_diffs(4,147)        -0.055487503     -3     3    -0.00012341757
1017 region_rec_diffs(4,148)        -0.013199383     -3     3    -5.7585841e-06
1018 region_rec_diffs(4,149)        -0.78063671     -3     3    -1.7746649e-05
1019 region_rec_diffs(4,150)        -1.3959327     -3     3    -3.2246111e-05
1020 region_rec_diffs(4,151)        1.6317059     -3     3    -4.2777749e-05
1021 region_rec_diffs(4,152)        -2.0687848     -3     3    -4.7602335e-05
1022 region_rec_diffs(4,153)        -2.5627153     -3     3    -2.2380019e-06
1023 region_rec_diffs(4,154)        0.91326319     -3     3    -5.5423246e-06
1024 region_rec_diffs(4,155)        1.3791184     -3     3    -1.8878252e-06
1025 region_rec_diffs(4,156)        -1.9691349     -3     3    2.201872e-05
1026 region_rec_diffs(4,157)        0.14651956     -3     3    1.9502882e-05
1027 region_rec_diffs(4,158)        1.1866977     -3     3    -2.9226273e-05
1028 region_rec_diffs(4,159)        1.6552595     -3     3    7.3994539e-05
1029 region_rec_diffs(4,160)        0.84628629     -3     3    8.9215004e-05
1030 region_rec_diffs(4,161)        -0.55080225     -3     3    9.5897229e-05
1031 region_rec_diffs(4,162)        -0.089576485     -3     3    -8.6184062e-06
1032 region_rec_diffs(4,163)        1.5272583     -3     3    -0.00020414269
1033 region_rec_diffs(4,164)        -1.4354621     -3     3    -3.0175896e-05
1034 region_rec_diffs(4,165)        -0.9319755     -3     3    -4.408191e-05
1035 region_rec_diffs(4,166)        0.022880079     -3     3    6.8949168e-06
1036 region_rec_diffs(4,167)        1.5414497     -3     3    0.0001798154
1037 region_rec_diffs(4,168)        -1.0643209     -3     3    1.2222645e-05
1038 region_rec_diffs(4,169)        -2.2050142     -3     3    -1.7237776e-05
1039 region_rec_diffs(4,170)        0.75970108     -3     3    -2.064033e-05
1040 region_rec_diffs(4,171)        1.6130887     -3     3    -5.3479844e-05
1041 region_rec_diffs(4,172)        0.67664947     -3     3    6.9779322e-05
1042 region_rec_diffs(4,173)        0.16173813     -3     3    -1.2850644e-05
1043 region_rec_diffs(4,174)        -0.24767551     -3     3    -0.00012519877
1044 region_rec_diffs(4,175)        -1.4038468     -3     3    -6.1717702e-05
1045 region_rec_diffs(4,176)        -1.5238428     -3     3    3.6812829e-06
1046 region_rec_diffs(4,177)        -2.9999996     -3     3    1.0487945e-08   *************
1047 region_rec_diffs(4,178)        -2.9999997     -3     3    -1.8584469e-07   *************
1048 region_rec_diffs(4,179)        1.5464469     -3     3    -0.00036768397
1049 region_rec_diffs(4,180)        -0.86087422     -3     3    -3.3609569e-05
1050 region_rec_diffs(4,181)        -1.9883756     -3     3    7.9511086e-06
1051 region_rec_diffs(4,182)        -1.5942758     -3     3    -8.914204e-06
1052 region_rec_diffs(4,183)        -1.091874     -3     3    1.9042615e-05
1053 region_rec_diffs(4,184)        -1.0293676     -3     3    5.3791774e-05
1054 region_rec_diffs(4,185)        -2.0357514     -3     3    7.1298965e-05
1055 region_rec_diffs(4,186)        -1.6915039     -3     3    6.888589e-05
1056 region_rec_diffs(4,187)        1.5312817     -3     3    -0.00013032133
1057 region_rec_diffs(4,188)        -2.1967727     -3     3    -4.0263409e-06
1058 region_rec_diffs(4,189)        -1.6129173     -3     3    5.064706e-05
1059 region_rec_diffs(4,190)        -1.6106721     -3     3    3.125871e-05
1060 region_rec_diffs(4,191)        -1.9395577     -3     3    -4.4026566e-05
1061 region_rec_diffs(4,192)        0.32443792     -3     3    6.7284154e-05
1062 region_rec_diffs(4,193)        -2.0838157     -3     3    5.3028397e-05
1063 region_rec_diffs(4,194)        -2.2618706     -3     3    8.9523265e-05
1064 region_rec_diffs(4,195)        1.2689265     -3     3    -0.00015765528
1065 region_rec_diffs(4,196)        0.54806311     -3     3    -0.00016673821
1066 region_rec_diffs(4,197)        -0.52952086     -3     3    5.6223804e-05
1067 region_rec_diffs(4,198)        -1.7394073     -3     3    -1.1920941e-05
1068 region_rec_diffs(4,199)        1.4385191     -3     3    3.622245e-05
1069 region_rec_diffs(4,200)        1.4485517     -3     3    -1.5738974e-05
1070 region_rec_diffs(4,201)        -2.7967459     -3     3    -8.8310081e-05
1071 region_rec_diffs(4,202)        -2.4319597     -3     3    3.1964749e-05
1072 region_rec_diffs(4,203)        1.3301676     -3     3    7.1112967e-05
1073 region_rec_diffs(4,204)        0.89083779     -3     3    0.00011225072
1074 region_rec_diffs(4,205)        -0.74624005     -3     3    -4.500157e-05
1075 region_rec_diffs(4,206)        -1.8077523     -3     3    -7.0179094e-06
1076 region_rec_diffs(4,207)        -1.6409033     -3     3    1.1207053e-05
1077 region_rec_diffs(4,208)        -1.8146185     -3     3    9.2183908e-06
1078 region_rec_diffs(4,209)        -2.3494064     -3     3    6.6975699e-06
1079 region_rec_diffs(4,210)        -2.9999995     -3     3    5.0111951e-07   *************
1080 region_rec_diffs(4,211)        1.6316195     -3     3    -7.2624529e-05
1081 region_rec_diffs(4,212)        1.5001239     -3     3    0.00021373399
1082 region_rec_diffs(4,213)        1.0190947     -3     3    0.00026723745
1083 region_rec_diffs(4,214)        -1.0870791     -3     3    -0.00015650682
1084 region_rec_diffs(4,215)        0.64365771     -3     3    3.7590573e-05
1085 region_rec_diffs(4,216)        0.87645829     -3     3    3.1082206e-05
1086 region_rec_diffs(4,217)        -1.0574015     -3     3    -1.3230178e-05
1087 region_rec_diffs(4,218)        -1.1344386     -3     3    -1.4609646e-05
1088 region_rec_diffs(4,219)        1.2284649     -3     3    0.0001627342
1089 region_rec_diffs(4,220)        0.66201116     -3     3    -6.6900469e-05
1090 region_rec_diffs(4,221)        -1.5237266     -3     3    2.7550362e-06
1091 region_rec_diffs(4,222)        -2.999707     -3     3    2.6282192e-06   *************
1092 region_rec_diffs(4,223)        1.6126019     -3     3    -0.00019702388
1093 region_rec_diffs(4,224)        0.46864019     -3     3    -1.4136594e-05
1094 region_rec_diffs(4,225)        -0.63952353     -3     3    -4.6904172e-05
1095 region_rec_diffs(4,226)        -2.4923249     -3     3    -7.2894294e-06
1096 region_rec_diffs(4,227)        0.56817441     -3     3    2.7783549e-05
1097 region_rec_diffs(4,228)        0.96694247     -3     3    -3.7792483e-05
1098 region_rec_diffs(4,229)        -0.27318627     -3     3    -0.00023641855
1099 region_rec_diffs(4,230)        -2.141276     -3     3    -4.5806686e-05
1100 region_rec_diffs(4,231)        1.5272573     -3     3    9.6081567e-05
1101 region_rec_diffs(4,232)        0.74628657     -3     3    -7.901864e-05
1102 region_rec_diffs(4,233)        -0.63902962     -3     3    5.6543931e-05
1103 region_rec_diffs(4,234)        -1.4808104     -3     3    6.7232183e-05
1104 region_rec_diffs(4,235)        1.4894256     -3     3    2.6466475e-05
1105 region_rec_diffs(4,236)        0.75647045     -3     3    0.00012891109
1106 region_rec_diffs(4,237)        -0.83468528     -3     3    5.3081586e-05
1107 region_rec_diffs(4,238)        -1.8703331     -3     3    8.6867653e-05
1108 region_rec_diffs(4,239)        1.4113311     -3     3    -0.00012312321
1109 region_rec_diffs(4,240)        0.74494639     -3     3    -0.00021009829
1110 region_rec_diffs(4,241)        -0.66178887     -3     3    6.1271503e-06
1111 region_rec_diffs(4,242)        -2.4551801     -3     3    7.6030329e-06
1112 region_rec_diffs(4,243)        1.4664352     -3     3    0.00014347036
1113 region_rec_diffs(4,244)        0.39598461     -3     3    -4.2973806e-05
1114 region_rec_diffs(4,245)        0.05127641     -3     3    -0.00016777187
1115 region_rec_diffs(4,246)        -1.9121925     -3     3    -0.00017810624
1116 region_rec_diffs(4,247)        1.2771315     -3     3    3.3889051e-05
1117 region_rec_diffs(4,248)        0.64004334     -3     3    -0.00017825455
1118 region_rec_diffs(4,249)        0.12423757     -3     3    2.6065084e-05
1119 region_rec_diffs(4,250)        -1.0342973     -3     3    -8.3051201e-06
1120 region_rec_diffs(4,251)        0.29151803     -3     3    0.00010028677
1121 region_rec_diffs(4,252)        0.0048563558     -3     3    -9.4159611e-05
1122 region_rec_diffs(4,253)        -1.3076469     -3     3    5.4828132e-05
1123 region_rec_diffs(4,254)        -1.6297241     -3     3    -0.00011209739
1124 region_rec_diffs(4,255)        1.3483917     -3     3    -8.8222296e-05
1125 region_rec_diffs(4,256)        -0.3128691     -3     3    -0.00023515444
1126 region_rec_diffs(4,257)        -2.3220931     -3     3    6.3255885e-05
1127 region_rec_diffs(4,258)        -2.5884432     -3     3    3.7036182e-05
1128 region_rec_diffs(4,259)        0.4209852     -3     3    -4.6145288e-05
1129 region_rec_diffs(4,260)        0.10524249     -3     3    7.3065163e-06
1130 region_rec_diffs(4,261)        -0.56307396     -3     3    2.9310664e-05
1131 region_rec_diffs(4,262)        -2.7682145     -3     3    -1.5372634e-05
1132 region_rec_diffs(4,263)        0.95540016     -3     3    -0.00011040841
1133 region_rec_diffs(4,264)        1.0817398     -3     3    0.00010162036
1134 region_rec_diffs(4,265)        -0.38945356     -3     3    -6.2867344e-05
1135 region_rec_diffs(4,266)        -2.40031     -3     3    -3.7709324e-05
1136 region_rec_diffs(4,267)        -1.3314772     -3     3    -5.4799085e-05
1137 region_rec_diffs(4,268)        0.74370113     -3     3    -3.0749952e-05
1138 region_rec_diffs(4,269)        -0.94198004     -3     3    -3.3063612e-05
1139 region_rec_diffs(4,270)        -0.77698628     -3     3    5.5856716e-06
1140 region_rec_diffs(4,271)        1.6129716     -3     3    -5.9224602e-05
1141 region_rec_diffs(4,272)        -0.03547526     -3     3    -2.5831121e-05
1142 region_rec_diffs(4,273)        -1.3650787     -3     3    -5.654579e-05
1143 region_rec_diffs(4,274)        -2.9999944     -3     3    0.0001385729   *************
1144 region_rec_diffs(4,275)        -1.8021384     -3     3    -3.5546119e-05
1145 region_rec_diffs(4,276)        -0.78993904     -3     3    -2.5832275e-05
1146 region_rec_diffs(4,277)        -0.40293802     -3     3    5.1310753e-05
1147 region_rec_diffs(4,278)        -0.89642542     -3     3    -9.1485983e-06
1148 region_rec_diffs(4,279)        0.17774462     -3     3    -0.00010069021
1149 bs_selcoff_gp:1(1,1,1,1)        -9.3503962     -20     7    -0.00014099361
1150 bs_selcoff_gp:1(1,1,1,2)        -2.4058509     -20     7    0.00017894257
1151 bs_selcoff_gp:1(1,1,1,3)        0.75554051     -20     7    0.0001557696
1152 bs_selcoff_gp:1(1,1,1,4)        0.57716548     -20     7    -9.1774556e-06
1153 bs_selcoff_gp:2(2,1,1,1)        -5.7083874     -20     7    -9.9675709e-05
1154 bs_selcoff_gp:2(2,1,1,2)        -1.4179512     -20     7    9.2309521e-06
1155 bs_selcoff_gp:2(2,1,1,3)        0.50099405     -20     7    0.00013170243
1156 bs_selcoff_gp:2(2,1,1,4)        0.74389919     -20     7    5.9271755e-05
1157 bs_selcoff_gp:3(3,1,1,1)        -12.75183     -20     7    1.2662942e-05
1158 bs_selcoff_gp:3(3,1,1,2)        -3.5195469     -20     7    -2.2787405e-05
1159 bs_selcoff_gp:3(3,1,1,3)        0.70291118     -20     7    -3.4201801e-05
1160 bs_selcoff_gp:3(3,1,1,4)        0.66821815     -20     7    2.0879004e-05
1161 bs_selcoff_gp:4(4,1,1,1)        -4.3317783     -20     7    -6.1587267e-05
1162 bs_selcoff_gp:4(4,1,1,2)        -1.3069962     -20     7    -0.00018995033
1163 bs_selcoff_gp:4(4,1,1,3)        0.83303569     -20     7    -2.3417708e-05
1164 bs_selcoff_gp:4(4,1,1,4)        0.34775927     -20     7    -0.00012486226
1165 bs_selcoff_gp:5(5,1,1,1)        -4.9794871     -20     7    0.00017156108
1166 bs_selcoff_gp:5(5,1,1,2)        -1.616473     -20     7    0.00016841555
1167 bs_selcoff_gp:5(5,1,1,3)        0.74645798     -20     7    -0.00010999575
1168 bs_selcoff_gp:5(5,1,1,4)        0.52178239     -20     7    -2.1275715e-05
1169 bs_selcoff_gp:6(6,1,1,1)        -5.0778442     -20     7    -6.8539885e-05
1170 bs_selcoff_gp:6(6,1,1,2)        -1.3197892     -20     7    2.0096292e-05
1171 bs_selcoff_gp:6(6,1,1,3)        0.79964715     -20     7    0.00031044518
1172 bs_selcoff_gp:6(6,1,1,4)        0.40671     -20     7    0.00017193608
1173 bs_selcoff_gp:7(7,1,1,1)        -6.1724893     -20     7    -0.00015357108
1174 bs_selcoff_gp:7(7,1,1,2)        -1.9038355     -20     7    -7.5430282e-06
1175 bs_selcoff_gp:7(7,1,1,3)        0.82323052     -20     7    0.00012270211
1176 bs_selcoff_gp:7(7,1,1,4)        0.45175041     -20     7    -0.00019650232
1177 bs_selcoff_gp:8(8,1,1,1)        -5.1727743     -20     7    -4.4747039e-05
1178 bs_selcoff_gp:8(8,1,1,2)        -3.8777979     -20     7    -6.2041118e-07
1179 bs_selcoff_gp:8(8,1,1,3)        0.81301729     -20     7    -8.4572585e-05
1180 bs_selcoff_gp:8(8,1,1,4)        0.54169141     -20     7    -7.615461e-05
1181 bs_selcoff_gp:9(9,1,1,1)        -7.3903528     -20     7    -9.5322595e-05
1182 bs_selcoff_gp:9(9,1,1,2)        -6.012382     -20     7    -0.00010201672
1183 bs_selcoff_gp:9(9,1,1,3)        -0.059614921     -20     7    -5.9657849e-05
1184 bs_selcoff_gp:9(9,1,1,4)        1.1167061     -20     7    -5.9846835e-05
1185 bs_selcoff_gp:10(10,1,1,1)        -4.3191164     -20     7    -7.5155137e-05
1186 bs_selcoff_gp:10(10,1,1,2)        -0.69570386     -20     7    -7.1269238e-05
1187 bs_selcoff_gp:10(10,1,1,3)        0.46885062     -20     7    0.00017699468
1188 bs_selcoff_gp:10(10,1,1,4)        0.63648402     -20     7    9.8259665e-05
1189 bs_selcoff_gp:11(11,1,1,1)        -7.8917817     -20     7    -3.8428457e-05
1190 bs_selcoff_gp:11(11,1,1,2)        -2.9491306     -20     7    1.0702831e-05
1191 bs_selcoff_gp:11(11,1,1,3)        1.2013648     -20     7    3.9620623e-05
1192 bs_selcoff_gp:11(11,1,1,4)        -0.4738841     -20     7    -0.00011523594
1193 bs_selcoff_gp:12(12,1,1,1)        -10.282477     -20     7    7.519711e-05
1194 bs_selcoff_gp:12(12,1,1,2)        -3.7620261     -20     7    -0.00016894421
1195 bs_selcoff_gp:12(12,1,1,3)        0.92614617     -20     7    0.00022696175
1196 bs_selcoff_gp:12(12,1,1,4)        0.37291265     -20     7    -0.00035799026
1197 bs_selcoff_gp:13(13,1,1,1)        0.73781264     -20     7    2.4231377e-05
1198 bs_selcoff_gp:13(13,1,1,2)        0.61019197     -20     7    -2.6702535e-05
1199 bs_selcoff_gp:13(13,1,1,3)        -3.0648046     -20     7    0.00022626601
1200 bs_selcoff_gp:13(13,1,1,4)        -3.8534926     -20     7    -3.5360959e-05
1201 bs_selcoff_gp:14(14,1,1,1)        0.75709204     -20     7    0.00017640618
1202 bs_selcoff_gp:14(14,1,1,2)        0.55989062     -20     7    -2.381665e-05
1203 bs_selcoff_gp:14(14,1,1,3)        -2.2263966     -20     7    -8.6812956e-06
1204 bs_selcoff_gp:14(14,1,1,4)        -4.6514698     -20     7    -4.0125205e-05
1205 bs_selcoff_gp:15(15,1,1,1)        0.62736863     -20     7    0.00034692412
1206 bs_selcoff_gp:15(15,1,1,2)        0.72019206     -20     7    0.00018686434
1207 bs_selcoff_gp:15(15,1,1,3)        -2.8501034     -20     7    6.517388e-05
1208 bs_selcoff_gp:15(15,1,1,4)        -4.2190809     -20     7    -0.00011561753
1209 bs_selcoff_gp:16(16,1,1,1)        -0.37326888     -20     7    4.0768484e-05
1210 bs_selcoff_gp:16(16,1,1,2)        1.1685517     -20     7    1.8256844e-05
1211 bs_selcoff_gp:16(16,1,1,3)        -2.4129969     -20     7    0.00010727838
1212 bs_selcoff_gp:16(16,1,1,4)        -5.3707874     -20     7    -3.6353306e-05
1213 bs_selcoff_gp:17(17,1,1,1)        -0.024065307     -20     7    -1.92892e-05
1214 bs_selcoff_gp:17(17,1,1,2)        1.0837541     -20     7    -2.8286934e-05
1215 bs_selcoff_gp:17(17,1,1,3)        -2.7356245     -20     7    2.27308e-05
1216 bs_selcoff_gp:17(17,1,1,4)        -5.7549404     -20     7    6.7101617e-06
1217 bs_selcoff_gp:18(18,1,1,1)        -0.088335566     -20     7    -0.00028362802
1218 bs_selcoff_gp:18(18,1,1,2)        1.0807319     -20     7    -1.6208234e-06
1219 bs_selcoff_gp:18(18,1,1,3)        -2.093271     -20     7    5.5106293e-05
1220 bs_selcoff_gp:18(18,1,1,4)        -4.2405391     -20     7    -2.926629e-05
1221 bs_selcoff_gp:19(19,1,1,1)        0.64683345     -20     7    -0.00025699624
1222 bs_selcoff_gp:19(19,1,1,2)        0.60779177     -20     7    -3.1578392e-05
1223 bs_selcoff_gp:19(19,1,1,3)        -1.4093007     -20     7    0.00026772014
1224 bs_selcoff_gp:19(19,1,1,4)        -4.6223514     -20     7    5.3349283e-05
1225 bs_selcoff_gp:20(20,1,1,1)        -2.349477     -20     7    7.2262732e-05
1226 bs_selcoff_gp:20(20,1,1,2)        -0.67942419     -20     7    5.1208755e-05
1227 bs_selcoff_gp:20(20,1,1,3)        -0.71220552     -20     7    -0.00026521834
1228 bs_selcoff_gp:20(20,1,1,4)        1.067153     -20     7    -4.0973255e-05
1229 bs_selcoff_gp:21(21,1,1,1)        0.43294047     -20     7    -0.00033252675
1230 bs_selcoff_gp:21(21,1,1,2)        0.84173784     -20     7    -0.00035420691
1231 bs_selcoff_gp:21(21,1,1,3)        -1.9913624     -20     7    7.9466987e-06
1232 bs_selcoff_gp:21(21,1,1,4)        -6.6983007     -20     7    -1.8297218e-05
1233 bs_selcoff_gp:22(22,1,1,1)        -1.3691561     -20     7    -3.8126487e-05
1234 bs_selcoff_gp:22(22,1,1,2)        1.2174569     -20     7    2.8887941e-05
1235 bs_selcoff_gp:22(22,1,1,3)        -1.0393595     -20     7    -0.00011838857
1236 bs_selcoff_gp:22(22,1,1,4)        -4.3126906     -20     7    -2.4372345e-05
1237 bs_selcoff_gp:23(23,1,1,1)        -3.3154717     -20     7    -5.5243655e-05
1238 bs_selcoff_gp:23(23,1,1,2)        1.3494447     -20     7    8.3854395e-05
1239 bs_selcoff_gp:23(23,1,1,3)        -2.2217587     -20     7    4.9204273e-05
1240 bs_selcoff_gp:23(23,1,1,4)        -12.624431     -20     7    0.00012474003
1241 bs_selcoff_gp:24(24,1,1,1)        -3.9210052     -20     7    2.6237405e-05
1242 bs_selcoff_gp:24(24,1,1,2)        0.46614709     -20     7    -0.0001471491
1243 bs_selcoff_gp:24(24,1,1,3)        0.86961572     -20     7    -0.00019097224
1244 bs_selcoff_gp:24(24,1,1,4)        -8.0946858     -20     7    -3.4545047e-05
1245 bs_selcoff_gp:25(25,1,1,1)        -1.3781319     -20     7    3.9069315e-05
1246 bs_selcoff_gp:25(25,1,1,2)        1.2611827     -20     7    -9.6105181e-05
1247 bs_selcoff_gp:25(25,1,1,3)        -1.5240982     -20     7    -9.5487216e-05
1248 bs_selcoff_gp:25(25,1,1,4)        -7.5586654     -20     7    -1.9308639e-05
1249 bs_selcoff_gp:26(26,1,1,1)        -0.1536859     -20     7    8.7748185e-05
1250 bs_selcoff_gp:26(26,1,1,2)        1.1408931     -20     7    2.7144766e-05
1251 bs_selcoff_gp:26(26,1,1,3)        -4.4067133     -20     7    0.0001517384
1252 bs_selcoff_gp:26(26,1,1,4)        -7.2130775     -20     7    8.9626723e-05
1253 bs_selcoff_gp:27(27,1,1,1)        -1.8412235     -20     7    0.00014044398
1254 bs_selcoff_gp:27(27,1,1,2)        1.3440446     -20     7    -6.6433043e-06
1255 bs_selcoff_gp:27(27,1,1,3)        -5.133325     -20     7    -9.0568459e-05
1256 bs_selcoff_gp:27(27,1,1,4)        -6.9465699     -20     7    -1.339142e-05
1257 bs_selcoff_gp:28(28,1,1,1)        -1.4423238     -20     7    -1.5201515e-05
1258 bs_selcoff_gp:28(28,1,1,2)        1.3256258     -20     7    1.8325e-05
1259 bs_selcoff_gp:28(28,1,1,3)        -19.999997     -20     7    9.6281397e-06   *************
1260 bs_selcoff_gp:28(28,1,1,4)        -7.6367655     -20     7    -7.410638e-05
1261 bs_selcoff_gp:29(29,1,1,1)        -9.0440375     -20     7    3.2381001e-06
1262 bs_selcoff_gp:29(29,1,1,2)        -2.7552165     -20     7    2.8972035e-06
1263 bs_selcoff_gp:29(29,1,1,3)        0.73786907     -20     7    -8.2818476e-05
1264 bs_selcoff_gp:29(29,1,1,4)        0.61237693     -20     7    2.396581e-05
1265 recr(2)        1.0680052     -20     20    0.00011262677
1266 recr(3)        1.0983319     -20     20    3.2497892e-05
1267 recr(4)        1.0864443     -20     20    0.00012635111
1268 recr(5)        1.0738013     -20     20    3.0956244e-05
1269 recr(6)        -0.77364859     -20     20    5.001521e-05
1270 recr(7)        -0.77959564     -20     20    3.7805361e-05
1271 recr(8)        2.1412273     -20     20    6.5779709e-05
1272 recr(9)        1.7034631     -20     20    -4.3540223e-05
1273 recr(10)        -0.56937734     -20     20    -2.5407709e-05
1274 recr(11)        -1.0610474     -20     20    -1.9696674e-05
1275 recr(12)        1.6194292     -20     20    -0.00022927918
1276 recr(13)        2.4984219     -20     20    -0.0002437312
1277 recr(14)        -0.032339304     -20     20    5.3153799e-06
1278 recr(15)        -1.6226536     -20     20    -1.7999807e-05
1279 recr(16)        -1.1066656     -20     20    -5.0299761e-05
1280 recr(17)        1.2928814     -20     20    0.00011273069
1281 recr(18)        1.5537855     -20     20    0.00016570415
1282 recr(19)        -1.095796     -20     20    -1.2238176e-05
1283 recr(20)        -0.9272945     -20     20    -2.7113355e-05
1284 recr(21)        1.1951972     -20     20    -0.0001103592
1285 recr(22)        0.99966616     -20     20    0.00016669641
1286 recr(23)        -0.91457978     -20     20    -1.3785949e-06
1287 recr(24)        -0.035659324     -20     20    -2.2814491e-05
1288 recr(25)        0.8041392     -20     20    -8.9614633e-05
1289 recr(26)        1.4894103     -20     20    1.4679662e-05
1290 recr(27)        -0.93016335     -20     20    -1.7391161e-05
1291 recr(28)        2.3588271     -20     20    -9.3843579e-05
1292 recr(29)        -0.053570583     -20     20    -3.5878827e-05
1293 recr(30)        -0.88457458     -20     20    1.9620408e-05
1294 recr(31)        -2.1956102     -20     20    1.2035766e-06
1295 recr(32)        -0.72910367     -20     20    -3.5501635e-05
1296 recr(33)        1.3131098     -20     20    -0.00010762823
1297 recr(34)        1.4400218     -20     20    -0.00020736524
1298 recr(35)        -2.1284679     -20     20    2.9003257e-06
1299 recr(36)        0.4653589     -20     20    -8.6664773e-05
1300 recr(37)        1.8524805     -20     20    -0.000107388
1301 recr(38)        -1.2988332     -20     20    -1.1342989e-05
1302 recr(39)        -2.8480078     -20     20    -7.8211077e-06
1303 recr(40)        -1.4764692     -20     20    -5.0052746e-05
1304 recr(41)        1.690233     -20     20    4.7733152e-05
1305 recr(42)        0.81907878     -20     20    1.5765517e-05
1306 recr(43)        -2.0681958     -20     20    -3.7970066e-05
1307 recr(44)        1.0063424     -20     20    3.141963e-06
1308 recr(45)        1.1023684     -20     20    -5.6180785e-05
1309 recr(46)        -1.660111     -20     20    3.6518074e-05
1310 recr(47)        -1.5883436     -20     20    -1.9663798e-05
1311 recr(48)        1.2967951     -20     20    -0.00013506335
1312 recr(49)        1.3885078     -20     20    -4.162019e-05
1313 recr(50)        -2.731202     -20     20    5.0003433e-05
1314 recr(51)        0.17569405     -20     20    0.00012169407
1315 recr(52)        -0.22098952     -20     20    -8.6280555e-05
1316 recr(53)        1.2967542     -20     20    1.2498417e-05
1317 recr(54)        -1.0006198     -20     20    -1.4839555e-05
1318 recr(55)        -1.5656836     -20     20    7.0678524e-06
1319 recr(56)        0.70211895     -20     20    -0.0002211897
1320 recr(57)        0.076713199     -20     20    -6.0929982e-05
1321 recr(58)        1.4898642     -20     20    -0.00018810416
1322 recr(59)        -1.9171428     -20     20    1.3328693e-05
1323 recr(60)        1.489185     -20     20    -0.00010254097
1324 recr(61)        1.2741083     -20     20    1.6441498e-05
1325 recr(62)        -2.2430258     -20     20    -7.0860707e-07
1326 recr(63)        -1.5715017     -20     20    -4.6889907e-06
1327 recr(64)        0.046275162     -20     20    -9.8523747e-05
1328 recr(65)        1.104481     -20     20    0.00013159613
1329 recr(66)        -2.6826252     -20     20    1.190073e-05
1330 recr(67)        -1.4501449     -20     20    -1.1793182e-05
1331 recr(68)        0.47350001     -20     20    -0.00024058208
1332 recr(69)        1.4521668     -20     20    -4.4834304e-05
1333 recr(70)        0.31229338     -20     20    -0.00014072854
1334 recr(71)        -0.77613368     -20     20    -7.6341569e-05
1335 recr(72)        1.1171381     -20     20    -2.8960981e-05
1336 recr(73)        1.414039     -20     20    0.00022891596
1337 recr(74)        -0.77000608     -20     20    -6.2017942e-05
1338 recr(75)        -2.8252551     -20     20    -4.4259672e-05
1339 recr(76)        -0.19088203     -20     20    -1.5869861e-05
1340 recr(77)        0.10227561     -20     20    5.9573328e-05
1341 recr(78)        -2.4779757     -20     20    2.2268471e-05
1342 recr(79)        -2.7620743     -20     20    -1.7454569e-05
1343 recr(80)        1.5730131     -20     20    -0.00016665616
1344 recr(81)        -0.16485437     -20     20    1.9856896e-05
1345 recr(82)        -2.9496136     -20     20    5.701232e-05
1346 recr(83)        0.90796141     -20     20    4.5163883e-05
1347 recr(84)        1.3655764     -20     20    7.5649286e-05
1348 recr(85)        -1.1397858     -20     20    -1.8735078e-05
1349 recr(86)        -3.6300882     -20     20    1.9749466e-05
1350 recr(87)        1.2166846     -20     20    4.1849671e-05
1351 recr(88)        1.0730071     -20     20    -9.1487684e-05
1352 recr(89)        -3.4191164     -20     20    1.5220289e-05
1353 recr(90)        -2.789989     -20     20    4.093713e-05
1354 recr(91)        0.26765551     -20     20    -0.00010558012
1355 recr(92)        0.37981326     -20     20    -0.00011213239
1356 recr(93)        -2.3120325     -20     20    3.4529624e-05
1357 recr(94)        2.2762965     -20     20    -0.00010807872
1358 recr(95)        0.36468158     -20     20    4.9116717e-05
1359 recr(96)        -1.3578637     -20     20    4.03858e-05
1360 recr(97)        -0.96390756     -20     20    7.1109875e-05
1361 recr(98)        -1.4432711     -20     20    2.5192319e-05
1362 recr(99)        0.14526973     -20     20    -3.1470316e-05
1363 recr(100)        1.5257614     -20     20    -7.1600901e-05
1364 recr(101)        0.054125542     -20     20    -0.00019546424
1365 recr(102)        -3.7043741     -20     20    -2.2306431e-05
1366 recr(103)        0.80422033     -20     20    -0.00013242305
1367 recr(104)        1.6154508     -20     20    2.1803303e-05
1368 recr(105)        -2.533936     -20     20    -1.3070232e-05
1369 recr(106)        -4.2579335     -20     20    -1.3029501e-05
1370 recr(107)        -2.3465441     -20     20    -3.8357083e-05
1371 recr(108)        1.1109967     -20     20    0.00010846265
1372 recr(109)        -0.6749792     -20     20    -1.1143273e-05
1373 recr(110)        -2.945895     -20     20    -3.4465085e-05
1374 recr(111)        -0.14056278     -20     20    -2.8083502e-05
1375 recr(112)        1.3512521     -20     20    -1.9847727e-05
1376 recr(113)        0.77236543     -20     20    0.00011971799
1377 recr(114)        -0.51210172     -20     20    7.5823165e-05
1378 recr(115)        -1.0182588     -20     20    -9.0218667e-06
1379 recr(116)        1.080906     -20     20    6.6281845e-05
1380 recr(117)        0.38094716     -20     20    5.667522e-05
1381 recr(118)        -1.1129046     -20     20    1.4964793e-05
1382 recr(119)        0.28174554     -20     20    -1.4138875e-05
1383 recr(120)        1.5317543     -20     20    -8.8294356e-05
1384 recr(121)        0.92852854     -20     20    -0.00016887857
1385 recr(122)        0.38648285     -20     20    -0.00024789758
1386 recr(123)        -0.34972692     -20     20    -0.00011502663
1387 recr(124)        1.0687211     -20     20    -3.1322673e-05
1388 recr(125)        -1.3373545     -20     20    -3.8330289e-05
1389 recr(126)        0.35720961     -20     20    1.6967896e-05
1390 recr(127)        -0.92401462     -20     20    4.6583358e-05
1391 recr(128)        0.99033489     -20     20    -0.00017119909
1392 recr(129)        -0.95733702     -20     20    1.9491348e-05
1393 recr(130)        -0.96065223     -20     20    -4.7110547e-06
1394 recr(131)        -0.085836389     -20     20    -4.810824e-06
1395 recr(132)        0.86549891     -20     20    0.00022494846
1396 recr(133)        1.4973057     -20     20    -3.2749723e-05
1397 recr(134)        -0.47280061     -20     20    -1.1765366e-05
1398 recr(135)        0.28685623     -20     20    -1.7318234e-05
1399 recr(136)        1.2575076     -20     20    2.5535237e-05
1400 recr(137)        -0.087016312     -20     20    -5.3013512e-05
1401 recr(138)        -2.5328702     -20     20    3.4906273e-05
1402 recr(139)        -1.7180218     -20     20    -1.0483764e-05
1403 recr(140)        1.3453249     -20     20    4.5851561e-05
1404 recr(141)        0.82848438     -20     20    3.7906262e-05
1405 recr(142)        -2.693086     -20     20    3.3710029e-05
1406 recr(143)        -0.5741572     -20     20    1.6076493e-05
1407 recr(144)        1.4132229     -20     20    7.2973219e-05
1408 recr(145)        1.4418002     -20     20    -0.00019156947
1409 recr(146)        -2.3761132     -20     20    -2.2302971e-05
1410 recr(147)        -0.16951042     -20     20    -4.1423537e-05
1411 recr(148)        1.2024639     -20     20    -0.00010841173
1412 recr(149)        -2.2012353     -20     20    -1.6424808e-06
1413 recr(150)        -1.0421526     -20     20    -5.1710526e-05
1414 recr(151)        0.68749226     -20     20    -0.00030985443
1415 recr(152)        1.0700887     -20     20    -0.00026220571
1416 recr(153)        0.37233654     -20     20    -0.00013138582
1417 recr(154)        0.084196856     -20     20    7.2533584e-05
1418 recr(155)        -0.42867516     -20     20    1.4096408e-05
1419 recr(156)        1.2260912     -20     20    3.9813414e-05
1420 recr(157)        -2.7709483     -20     20    1.8611159e-05
1421 recr(158)        -1.1000866     -20     20    9.575655e-05
1422 recr(159)        -0.17021724     -20     20    -1.8962639e-05
1423 recr(160)        0.90988893     -20     20    0.00031433383
1424 recr(161)        1.2793038     -20     20    5.0341879e-05
1425 recr(162)        -2.7015579     -20     20    3.2332269e-05
1426 recr(163)        0.30979125     -20     20    2.4623586e-05
1427 recr(164)        1.2990087     -20     20    0.00023827821
1428 recr(165)        -1.4536026     -20     20    -4.4389249e-05
1429 recr(166)        -2.2580884     -20     20    -0.00012080723
1430 recr(167)        0.93256268     -20     20    0.00012954283
1431 recr(168)        0.36583003     -20     20    9.3986019e-05
1432 recr(169)        -0.10573252     -20     20    -6.6063988e-05
1433 recr(170)        -0.83548218     -20     20    1.0243947e-05
1434 recr(171)        0.72604392     -20     20    -3.8560529e-06
1435 recr(172)        1.7629368     -20     20    0.00010108529
1436 recr(173)        0.14751485     -20     20    -7.5601032e-05
1437 recr(174)        -2.2116656     -20     20    -4.6119253e-05
1438 recr(175)        -0.84635209     -20     20    1.5957347e-05
1439 recr(176)        -0.31093823     -20     20    -0.00014422174
1440 recr(177)        1.2595293     -20     20    0.0001390943
1441 recr(178)        0.65517484     -20     20    -7.7275546e-05
1442 recr(179)        -0.19054161     -20     20    -1.4845666e-05
1443 recr(180)        1.2144098     -20     20    -1.6122584e-05
1444 recr(181)        -0.56388434     -20     20    -7.9901623e-05
1445 recr(182)        -1.0515112     -20     20    0.00022058348
1446 recr(183)        -0.96574122     -20     20    -7.0658816e-05
1447 recr(184)        0.21166985     -20     20    7.4281218e-05
1448 recr(185)        1.3104634     -20     20    -4.0959645e-05
1449 recr(186)        0.14119426     -20     20    -7.4722113e-05
1450 recr(187)        0.42574691     -20     20    4.908727e-05
1451 recr(188)        0.49842137     -20     20    -2.5428324e-05
1452 recr(189)        -0.70368054     -20     20    -4.4605605e-05
1453 recr(190)        -1.0790664     -20     20    -6.9050406e-05
1454 recr(191)        0.29682162     -20     20    -0.00036286615
1455 recr(192)        1.1199215     -20     20    -0.0003847146
1456 recr(193)        1.4170416     -20     20    -0.00028707626
1457 recr(194)        -0.10139555     -20     20    -9.3113685e-05
1458 recr(195)        0.81456981     -20     20    0.00017531805
1459 recr(196)        0.99220743     -20     20    6.5962491e-05
1460 recr(197)        0.0089470066     -20     20    0.00014350637
1461 recr(198)        0.15613628     -20     20    -6.7835931e-05
1462 recr(199)        0.40937641     -20     20    0.00017948537
1463 recr(200)        0.36344403     -20     20    -0.00019756816
1464 recr(201)        0.93220394     -20     20    9.5098089e-05
1465 recr(202)        0.76967329     -20     20    -5.8991396e-05
1466 recr(203)        0.84503273     -20     20    -0.0002570166
1467 recr(204)        0.45167547     -20     20    7.8368161e-05
1468 recr(205)        -1.2287029     -20     20    5.8301251e-06
1469 recr(206)        -0.40616709     -20     20    0.00013299394
1470 recr(207)        -0.87215442     -20     20    5.3511652e-05
1471 recr(208)        0.40802874     -20     20    7.0485592e-05
1472 recr(209)        1.2887942     -20     20    0.00015766023
1473 recr(210)        0.87978286     -20     20    -0.00014336195
1474 recr(211)        0.95288151     -20     20    2.2501502e-05
1475 recr(212)        0.34232617     -20     20    9.9559853e-05
1476 recr(213)        -1.0102154     -20     20    2.4356053e-05
1477 recr(214)        -0.081132274     -20     20    0.00030683783
1478 recr(215)        -0.48367637     -20     20    -0.00024488734
1479 recr(216)        1.1007309     -20     20    0.00046952997
1480 recr(217)        0.51802753     -20     20    5.1147169e-05
1481 recr(218)        -0.20596117     -20     20    0.0002123394
1482 recr(219)        -0.47050333     -20     20    0.00027067538
1483 recr(220)        0.4799219     -20     20    0.00018517419
1484 recr(221)        -0.053277404     -20     20    1.9614994e-05
1485 recr(222)        0.61828448     -20     20    1.1898336e-05
1486 recr(223)        0.43089387     -20     20    2.6716012e-05
1487 recr(224)        0.44511414     -20     20    5.2619777e-05
1488 recr(225)        -0.23984046     -20     20    -0.0002526114
1489 recr(226)        0.22846119     -20     20    -0.0002304168
1490 recr(227)        -0.13610701     -20     20    0.00014373888
1491 recr(228)        0.82299333     -20     20    -4.2987392e-05
1492 recr(229)        0.9857868     -20     20    -5.729088e-05
1493 recr(230)        0.74988574     -20     20    0.00038690328
1494 recr(231)        0.44318231     -20     20    0.00015771655
1495 recr(232)        0.063896227     -20     20    -2.9348168e-05
1496 recr(233)        -0.041413948     -20     20    6.8365167e-05
1497 recr(234)        0.056413257     -20     20    -0.00041509945
1498 recr(235)        0.028387333     -20     20    -7.0976412e-05
1499 recr(236)        0.62581339     -20     20    -8.1316649e-05
1500 recr(237)        -0.10213614     -20     20    9.0333332e-06
1501 recr(238)        0.18513387     -20     20    3.3060052e-05
1502 recr(239)        0.21109503     -20     20    0.00026381043
1503 recr(240)        1.1360137     -20     20    0.000252382
1504 recr(241)        0.5935793     -20     20    8.9505722e-05
1505 recr(242)        1.2169781     -20     20    0.00016733798
1506 recr(243)        0.47178883     -20     20    0.00039388843
1507 recr(244)        0.7282709     -20     20    5.7202412e-05
1508 recr(245)        0.37147985     -20     20    9.958061e-05
1509 recr(246)        0.75525696     -20     20    0.00014777595
1510 recr(247)        0.48336196     -20     20    -0.00019255673
1511 recr(248)        0.86271989     -20     20    -3.7588512e-05
1512 recr(249)        -0.068481314     -20     20    -2.378564e-05
1513 recr(250)        -0.1828595     -20     20    0.00010023791
1514 recr(251)        -0.65051356     -20     20    -5.1890272e-05
1515 recr(252)        0.8525005     -20     20    -0.00011773225
1516 recr(253)        0.61612917     -20     20    -5.2815794e-06
1517 recr(254)        -0.0086202394     -20     20    0.00015212073
1518 recr(255)        0.075898991     -20     20    4.7891436e-05
1519 recr(256)        1.2226124     -20     20    -9.7813378e-05
1520 recr(257)        0.61418747     -20     20    0.00021291103
1521 recr(258)        0.55548223     -20     20    2.0837719e-05
1522 recr(259)        0.032289562     -20     20    9.9234116e-05
1523 recr(260)        0.97734716     -20     20    -0.00030816207
1524 recr(261)        -0.012663847     -20     20    -6.6216634e-05
1525 recr(262)        1.0901286     -20     20    0.00011586738
1526 recr(263)        0.42014458     -20     20    0.00014503493
1527 recr(264)        0.93734539     -20     20    -4.177315e-05
1528 recr(265)        0.25660138     -20     20    -2.7106196e-06
1529 recr(266)        0.31805104     -20     20    0.00011910761
1530 recr(267)        -0.4126436     -20     20    9.122931e-05
1531 recr(268)        0.85003222     -20     20    0.00015328304
1532 recr(269)        0.61328647     -20     20    0.00011145906
1533 recr(270)        -0.37192263     -20     20    7.0718953e-05
1534 recr(271)        0.15779465     -20     20    0.00011466587
1535 recr(272)        0.69036477     -20     20    3.4917547e-05
1536 recr(273)        0.21655415     -20     20    6.8753195e-05
1537 recr(274)        1.4670795     -20     20    0.00015773963
1538 totpop        17.422967     8     25    4.1082906e-05
1539 tag_fish_rep(1)        0.24748381     0.001     0.99    2.3064806e-05
1540 tag_fish_rep(3)        0.30754583     0.001     0.99    -9.4865982e-05
1541 tag_fish_rep(4)        0.56977697     0.001     0.99    0.00012652826
1542 tag_fish_rep(5)        0.66242659     0.001     0.99    -3.5600648e-06
1543 tag_fish_rep(6)        0.47978741     0.001     0.99    -4.7776622e-05
1544 tag_fish_rep(11)        0.60575548     0.001     0.99    -2.5456517e-05
1545 tag_fish_rep(12)        0.59355308     0.001     0.99    3.483165e-06
1546 tag_fish_rep(13)        0.77275146     0.001     0.99    2.3530913e-05
1547 tag_fish_rep(17)        0.62108709     0.001     0.99    -1.6055855e-06
1548 tag_fish_rep(18)        0.84528284     0.001     0.99    -0.00011459277
1549 tag_fish_rep(19)        0.99     0.001     0.99    -2.6977322e-08   *************
1550 tag_fish_rep(24)        0.82895276     0.001     0.99    3.0944734e-05
1551 tag_fish_rep(25)        0.58142887     0.001     0.99    -0.00017974531
1552 tag_fish_rep(28)        0.9898573     0.001     0.99    0.00015914842   *************
1553 tag_fish_rep(32)        0.12696388     0.001     0.99    -4.6938917e-05
1554 tag_fish_rep(34)        0.99     0.001     0.99    5.0337078e-06   *************
1555 tag_fish_rep(35)        0.99     0.001     0.99    1.3939869e-07   *************
1556 region_pars(1)        0.70664123     1e-06     1.5    7.8325991e-05
1557 region_pars(1)        0.11738741     1e-06     1.5    -0.00032133522
1558 region_pars(1)        1.9550213e-05     1e-06     1.5    -0.00023090345
1559 region_pars(1)        0.17589925     1e-06     1.5    1.1120185e-05
1560 sv(21)        0.037229943     1e-06     1000    1.7495736e-05
1561 age_pars(5)        -2.4255672     -20     2    -0.0004522378
1562 vb_coff(1)        26.843721     10     60    -0.0002141981
1563 vb_coff(2)        148.8707     130     200    0.00052131258
1564 vb_coff(3)        0.1038218     0.01     0.3    0.00057570688
1565 var_coff(1)        6.2666706     1     10    -0.00022482923
1566 var_coff(2)        0.39235302     0.1     3    -0.0002664982
