 Index  Var_name   Estimate L_bound  U_bound gradient
1 diff_coffs(1,1)        9.7328989e-10     0     4    -5.6634042e-08   *************
2 diff_coffs(1,2)        5.1093776e-09     0     4    0.00011450407   *************
3 diff_coffs(1,3)        2.2156197e-09     0     4    -7.4993738e-07   *************
4 diff_coffs(1,4)        0.017510704     0     4    -2.9223882e-05
5 diff_coffs(1,5)        9.2970553e-08     0     4    6.0715588e-05   *************
6 diff_coffs(1,6)        0.011791317     0     4    -6.5452323e-05
7 diff_coffs(1,7)        8.2083407e-10     0     4    1.1314256e-08   *************
8 diff_coffs(1,8)        0.063787979     0     4    0.00018286414
9 diff_coffs(2,1)        4.5100971e-07     0     4    8.2501329e-05   *************
10 diff_coffs(2,2)        0.016509217     0     4    5.9097821e-05
11 diff_coffs(2,3)        2.1517077e-10     0     4    -3.1834652e-05   *************
12 diff_coffs(2,4)        0.014971557     0     4    6.5721195e-05
13 diff_coffs(2,5)        1.7176554e-09     0     4    -8.0545371e-07   *************
14 diff_coffs(2,6)        3.2380938e-09     0     4    -1.7305051e-06   *************
15 diff_coffs(2,7)        0.015443414     0     4    5.7421729e-06
16 diff_coffs(2,8)        0.027166781     0     4    -2.617871e-05
17 diff_coffs(3,1)        0.024687171     0     4    2.5480771e-05
18 diff_coffs(3,2)        5.9939314e-09     0     4    0.00011299043   *************
19 diff_coffs(3,3)        8.6937488e-09     0     4    0.00010312363   *************
20 diff_coffs(3,4)        0.79761073     0     4    8.3891672e-05
21 diff_coffs(3,5)        2.9459051e-09     0     4    5.8993752e-06   *************
22 diff_coffs(3,6)        0.25895068     0     4    -0.00018186143
23 diff_coffs(3,7)        3.1057228e-09     0     4    4.8823034e-06   *************
24 diff_coffs(3,8)        3.2492291e-09     0     4    -1.9903254e-06   *************
25 diff_coffs(4,1)        0.026196931     0     4    -4.7642436e-06
26 diff_coffs(4,2)        2.957472e-10     0     4    -8.900171e-07   *************
27 diff_coffs(4,3)        1.3009103e-09     0     4    7.4815909e-06   *************
28 diff_coffs(4,4)        0.1151991     0     4    0.00011071266
29 diff_coffs(4,5)        0.011291348     0     4    -3.218875e-05
30 diff_coffs(4,6)        0.0060502863     0     4    -0.00012345385
31 diff_coffs(4,7)        5.3221962e-09     0     4    9.8884465e-08   *************
32 diff_coffs(4,8)        5.3448966e-07     0     4    7.342338e-05   *************
33 region_rec_diffs(1,1)        1.3322676e-15     -3     3    4.1187808e-15
34 region_rec_diffs(1,2)        0.69816352     -3     3    -0.00013102801
35 region_rec_diffs(1,3)        0.7489761     -3     3    -0.00048679531
36 region_rec_diffs(1,4)        0.74038176     -3     3    -0.00029922974
37 region_rec_diffs(1,5)        0.71758438     -3     3    0.00030146629
38 region_rec_diffs(1,6)        0.39842509     -3     3    -0.00028245117
39 region_rec_diffs(1,7)        0.2726433     -3     3    6.0829382e-06
40 region_rec_diffs(1,8)        0.25531596     -3     3    0.00020050241
41 region_rec_diffs(1,9)        0.93336706     -3     3    0.00013398099
42 region_rec_diffs(1,10)        0.34712274     -3     3    -0.00025773457
43 region_rec_diffs(1,11)        0.13124813     -3     3    -0.00012248434
44 region_rec_diffs(1,12)        0.16998018     -3     3    5.6260086e-05
45 region_rec_diffs(1,13)        0.67141648     -3     3    -0.00027827275
46 region_rec_diffs(1,14)        -0.21320705     -3     3    0.00011614837
47 region_rec_diffs(1,15)        0.00063154463     -3     3    -2.2225139e-05
48 region_rec_diffs(1,16)        -0.12402542     -3     3    0.00011080276
49 region_rec_diffs(1,17)        -0.50356916     -3     3    -2.7201871e-05
50 region_rec_diffs(1,18)        0.75725058     -3     3    8.1341119e-05
51 region_rec_diffs(1,19)        0.28058899     -3     3    -4.017626e-05
52 region_rec_diffs(1,20)        0.42368908     -3     3    -4.3506462e-06
53 region_rec_diffs(1,21)        -0.2716518     -3     3    0.00024122844
54 region_rec_diffs(1,22)        0.80134448     -3     3    3.1851485e-05
55 region_rec_diffs(1,23)        0.46401256     -3     3    -3.7577631e-05
56 region_rec_diffs(1,24)        0.57066009     -3     3    -0.0001792649
57 region_rec_diffs(1,25)        0.79191494     -3     3    9.3726004e-05
58 region_rec_diffs(1,26)        0.94387434     -3     3    -8.6718216e-05
59 region_rec_diffs(1,27)        0.25035559     -3     3    -7.1292563e-06
60 region_rec_diffs(1,28)        0.5833595     -3     3    -0.00023159458
61 region_rec_diffs(1,29)        -0.97728904     -3     3    -3.8589702e-05
62 region_rec_diffs(1,30)        -0.74256595     -3     3    -5.4990614e-05
63 region_rec_diffs(1,31)        -0.17803846     -3     3    8.1018323e-06
64 region_rec_diffs(1,32)        -0.34214166     -3     3    -3.7894415e-05
65 region_rec_diffs(1,33)        -0.67054089     -3     3    -3.8789972e-06
66 region_rec_diffs(1,34)        0.63687203     -3     3    -0.00025714912
67 region_rec_diffs(1,35)        0.2580224     -3     3    -0.00014274052
68 region_rec_diffs(1,36)        0.28669621     -3     3    -2.9552771e-05
69 region_rec_diffs(1,37)        0.50470129     -3     3    -2.2541916e-05
70 region_rec_diffs(1,38)        -0.36769475     -3     3    8.3631878e-05
71 region_rec_diffs(1,39)        -0.029890735     -3     3    3.3635358e-05
72 region_rec_diffs(1,40)        -0.085462963     -3     3    2.4723029e-05
73 region_rec_diffs(1,41)        0.31169238     -3     3    0.00022675485
74 region_rec_diffs(1,42)        0.74975119     -3     3    0.0001883363
75 region_rec_diffs(1,43)        -0.016790487     -3     3    -7.6344344e-05
76 region_rec_diffs(1,44)        -0.25814217     -3     3    -4.9627251e-05
77 region_rec_diffs(1,45)        0.55435933     -3     3    -0.00024170377
78 region_rec_diffs(1,46)        0.55774397     -3     3    8.7454409e-06
79 region_rec_diffs(1,47)        0.35311936     -3     3    5.4179742e-05
80 region_rec_diffs(1,48)        -0.4345511     -3     3    -4.0736449e-05
81 region_rec_diffs(1,49)        0.41747354     -3     3    6.6052154e-05
82 region_rec_diffs(1,50)        -0.11676187     -3     3    4.5677154e-05
83 region_rec_diffs(1,51)        0.64780591     -3     3    -0.00038936285
84 region_rec_diffs(1,52)        -0.18857391     -3     3    2.038167e-05
85 region_rec_diffs(1,53)        0.38640995     -3     3    1.7758667e-05
86 region_rec_diffs(1,54)        -0.24392997     -3     3    1.5756316e-05
87 region_rec_diffs(1,55)        0.35322445     -3     3    0.00012014536
88 region_rec_diffs(1,56)        0.0033053567     -3     3    -0.00015969261
89 region_rec_diffs(1,57)        -0.47645783     -3     3    4.5365555e-05
90 region_rec_diffs(1,58)        0.71025431     -3     3    -0.00010679291
91 region_rec_diffs(1,59)        0.44614092     -3     3    8.4711855e-05
92 region_rec_diffs(1,60)        -0.41175123     -3     3    -2.6532385e-05
93 region_rec_diffs(1,61)        0.75992433     -3     3    0.00018189553
94 region_rec_diffs(1,62)        0.027108373     -3     3    -2.4266654e-05
95 region_rec_diffs(1,63)        0.60638498     -3     3    0.00011221082
96 region_rec_diffs(1,64)        -0.68198718     -3     3    -1.252155e-05
97 region_rec_diffs(1,65)        0.44712924     -3     3    4.7155206e-05
98 region_rec_diffs(1,66)        -0.26498639     -3     3    3.7020924e-05
99 region_rec_diffs(1,67)        0.57572555     -3     3    2.7683561e-06
100 region_rec_diffs(1,68)        0.78981487     -3     3    6.4958415e-05
101 region_rec_diffs(1,69)        0.50711972     -3     3    -8.137612e-05
102 region_rec_diffs(1,70)        0.1217123     -3     3    -0.00013718809
103 region_rec_diffs(1,71)        0.13630501     -3     3    0.00025903672
104 region_rec_diffs(1,72)        0.042583051     -3     3    -0.00016812537
105 region_rec_diffs(1,73)        0.15862535     -3     3    0.00010503221
106 region_rec_diffs(1,74)        0.59374488     -3     3    0.00015865173
107 region_rec_diffs(1,75)        -2.235386     -3     3    -1.2455809e-05
108 region_rec_diffs(1,76)        -0.74661332     -3     3    -0.00015222606
109 region_rec_diffs(1,77)        -0.35119054     -3     3    -0.00012007896
110 region_rec_diffs(1,78)        0.68819047     -3     3    -0.00038060351
111 region_rec_diffs(1,79)        0.60872124     -3     3    0.0001741358
112 region_rec_diffs(1,80)        0.7700934     -3     3    -0.00013849634
113 region_rec_diffs(1,81)        0.28135333     -3     3    -7.6697158e-05
114 region_rec_diffs(1,82)        0.63320761     -3     3    0.00012427356
115 region_rec_diffs(1,83)        0.14636011     -3     3    0.00010133483
116 region_rec_diffs(1,84)        -0.18397237     -3     3    0.00011449516
117 region_rec_diffs(1,85)        0.088742212     -3     3    6.5463814e-05
118 region_rec_diffs(1,86)        -0.31556395     -3     3    -3.7926295e-05
119 region_rec_diffs(1,87)        0.73811231     -3     3    -0.00034487367
120 region_rec_diffs(1,88)        -1.9901273     -3     3    -6.6932628e-05
121 region_rec_diffs(1,89)        0.49910968     -3     3    7.7779101e-06
122 region_rec_diffs(1,90)        -0.35038967     -3     3    -3.706799e-05
123 region_rec_diffs(1,91)        0.41750806     -3     3    -7.4820201e-05
124 region_rec_diffs(1,92)        0.13640845     -3     3    -0.0001304287
125 region_rec_diffs(1,93)        -0.050285095     -3     3    3.3156192e-06
126 region_rec_diffs(1,94)        0.81398229     -3     3    6.4916396e-05
127 region_rec_diffs(1,95)        -0.49764415     -3     3    6.5965794e-06
128 region_rec_diffs(1,96)        -0.31623015     -3     3    1.5569545e-05
129 region_rec_diffs(1,97)        0.4710053     -3     3    2.9730899e-05
130 region_rec_diffs(1,98)        0.7413862     -3     3    0.0002122955
131 region_rec_diffs(1,99)        -0.018499232     -3     3    -0.0004107759
132 region_rec_diffs(1,100)        -0.01728998     -3     3    -0.00012733663
133 region_rec_diffs(1,101)        0.57790255     -3     3    0.00012159881
134 region_rec_diffs(1,102)        -0.033655434     -3     3    -3.2594787e-05
135 region_rec_diffs(1,103)        0.49466497     -3     3    0.00012506002
136 region_rec_diffs(1,104)        0.26781202     -3     3    -0.0002322617
137 region_rec_diffs(1,105)        -0.030407117     -3     3    4.096042e-05
138 region_rec_diffs(1,106)        -0.013879851     -3     3    0.0001248481
139 region_rec_diffs(1,107)        0.054345578     -3     3    2.9421861e-05
140 region_rec_diffs(1,108)        0.5328589     -3     3    0.0002339576
141 region_rec_diffs(1,109)        0.53247299     -3     3    -0.00017276099
142 region_rec_diffs(1,110)        0.0099368204     -3     3    -1.3823422e-06
143 region_rec_diffs(1,111)        -1.1593801     -3     3    6.3945998e-06
144 region_rec_diffs(1,112)        0.8406254     -3     3    -1.5899642e-06
145 region_rec_diffs(1,113)        0.20733501     -3     3    3.310211e-05
146 region_rec_diffs(1,114)        -0.75589355     -3     3    5.6647115e-05
147 region_rec_diffs(1,115)        -0.21593646     -3     3    -4.9057905e-06
148 region_rec_diffs(1,116)        0.12223108     -3     3    8.3796691e-05
149 region_rec_diffs(1,117)        0.67973372     -3     3    0.00016775807
150 region_rec_diffs(1,118)        -0.57337336     -3     3    -2.7546523e-05
151 region_rec_diffs(1,119)        0.41946861     -3     3    0.00012242508
152 region_rec_diffs(1,120)        -1.0473357     -3     3    -2.7132415e-06
153 region_rec_diffs(1,121)        0.57607806     -3     3    -0.00039670261
154 region_rec_diffs(1,122)        0.71710945     -3     3    -5.4561984e-05
155 region_rec_diffs(1,123)        -1.2995752     -3     3    -8.0396777e-08
156 region_rec_diffs(1,124)        0.070353558     -3     3    4.2675526e-05
157 region_rec_diffs(1,125)        -0.1396326     -3     3    -7.0355152e-05
158 region_rec_diffs(1,126)        -0.24852993     -3     3    -9.5008051e-05
159 region_rec_diffs(1,127)        -0.53012092     -3     3    0.0001396292
160 region_rec_diffs(1,128)        0.5349771     -3     3    0.00018744836
161 region_rec_diffs(1,129)        0.51958393     -3     3    -0.00014249618
162 region_rec_diffs(1,130)        -0.89889391     -3     3    -1.1992812e-05
163 region_rec_diffs(1,131)        -0.11797892     -3     3    -2.0231421e-05
164 region_rec_diffs(1,132)        -0.6127793     -3     3    6.1860992e-05
165 region_rec_diffs(1,133)        0.68416536     -3     3    -0.0001948311
166 region_rec_diffs(1,134)        -0.57081941     -3     3    -0.00012504727
167 region_rec_diffs(1,135)        -0.1017812     -3     3    -3.6065144e-05
168 region_rec_diffs(1,136)        0.82341055     -3     3    0.00010618896
169 region_rec_diffs(1,137)        -1.3492994     -3     3    -2.2351818e-05
170 region_rec_diffs(1,138)        -1.5886693     -3     3    -4.2975585e-05
171 region_rec_diffs(1,139)        -0.58552921     -3     3    -8.6320965e-05
172 region_rec_diffs(1,140)        -1.5508354     -3     3    1.2182808e-05
173 region_rec_diffs(1,141)        0.98705437     -3     3    1.1853936e-05
174 region_rec_diffs(1,142)        0.60600667     -3     3    -0.00012747707
175 region_rec_diffs(1,143)        -0.56141175     -3     3    -7.7193699e-05
176 region_rec_diffs(1,144)        -0.0029196562     -3     3    -0.0001291553
177 region_rec_diffs(1,145)        0.38492465     -3     3    -6.4197817e-05
178 region_rec_diffs(1,146)        -0.91720391     -3     3    5.9258208e-05
179 region_rec_diffs(1,147)        -1.9235333     -3     3    4.8199828e-05
180 region_rec_diffs(1,148)        0.24335509     -3     3    -0.00014510785
181 region_rec_diffs(1,149)        0.59575267     -3     3    -0.00019744738
182 region_rec_diffs(1,150)        0.15972266     -3     3    0.00013741637
183 region_rec_diffs(1,151)        -0.65520358     -3     3    -0.00014675808
184 region_rec_diffs(1,152)        0.33291064     -3     3    0.00030569719
185 region_rec_diffs(1,153)        0.71557487     -3     3    -4.3707871e-05
186 region_rec_diffs(1,154)        -1.4752987     -3     3    -2.0638729e-05
187 region_rec_diffs(1,155)        -1.4194926     -3     3    3.8386584e-05
188 region_rec_diffs(1,156)        0.59684544     -3     3    8.4253305e-05
189 region_rec_diffs(1,157)        0.07431201     -3     3    -0.00010928208
190 region_rec_diffs(1,158)        -1.2928881     -3     3    -1.8658944e-05
191 region_rec_diffs(1,159)        -1.8390472     -3     3    -2.1018869e-05
192 region_rec_diffs(1,160)        -0.57809953     -3     3    -0.00030269261
193 region_rec_diffs(1,161)        0.16532119     -3     3    -0.00011327814
194 region_rec_diffs(1,162)        -0.56933971     -3     3    8.3486047e-05
195 region_rec_diffs(1,163)        -1.0147546     -3     3    -0.00011415493
196 region_rec_diffs(1,164)        0.78447498     -3     3    8.3622628e-05
197 region_rec_diffs(1,165)        -0.94364154     -3     3    7.5265493e-06
198 region_rec_diffs(1,166)        -1.6845581     -3     3    -2.9043732e-05
199 region_rec_diffs(1,167)        -2.3282177     -3     3    7.3731211e-05
200 region_rec_diffs(1,168)        -0.19429598     -3     3    0.00013086207
201 region_rec_diffs(1,169)        0.34280491     -3     3    2.836326e-05
202 region_rec_diffs(1,170)        -1.677591     -3     3    3.8971265e-05
203 region_rec_diffs(1,171)        -0.94275497     -3     3    3.3512512e-05
204 region_rec_diffs(1,172)        0.16497732     -3     3    -2.6597689e-05
205 region_rec_diffs(1,173)        0.4199684     -3     3    -6.5273965e-05
206 region_rec_diffs(1,174)        -0.66644307     -3     3    -4.6520348e-06
207 region_rec_diffs(1,175)        -1.4059951     -3     3    -9.4067206e-06
208 region_rec_diffs(1,176)        -0.65975148     -3     3    0.00023288331
209 region_rec_diffs(1,177)        -0.40059183     -3     3    -6.431558e-05
210 region_rec_diffs(1,178)        0.32111259     -3     3    -0.00015593529
211 region_rec_diffs(1,179)        -2.190404     -3     3    4.3109108e-05
212 region_rec_diffs(1,180)        0.40304466     -3     3    0.00010790163
213 region_rec_diffs(1,181)        0.56052075     -3     3    7.0684989e-05
214 region_rec_diffs(1,182)        -1.8247531     -3     3    1.9590911e-06
215 region_rec_diffs(1,183)        -2.0816773     -3     3    1.898963e-05
216 region_rec_diffs(1,184)        -1.720417     -3     3    2.0508286e-05
217 region_rec_diffs(1,185)        0.18218244     -3     3    -0.00017221721
218 region_rec_diffs(1,186)        -0.093728672     -3     3    0.00012116576
219 region_rec_diffs(1,187)        -1.4428609     -3     3    2.5384001e-05
220 region_rec_diffs(1,188)        0.39183071     -3     3    4.0413733e-05
221 region_rec_diffs(1,189)        0.76185169     -3     3    0.00015232133
222 region_rec_diffs(1,190)        -1.6443727     -3     3    -5.1143303e-05
223 region_rec_diffs(1,191)        -2.473243     -3     3    -6.2374323e-05
224 region_rec_diffs(1,192)        -0.12823218     -3     3    0.00023177452
225 region_rec_diffs(1,193)        0.86264501     -3     3    5.4469137e-05
226 region_rec_diffs(1,194)        -1.5794454     -3     3    -1.4440861e-05
227 region_rec_diffs(1,195)        -2.2844817     -3     3    1.6852419e-05
228 region_rec_diffs(1,196)        0.54104692     -3     3    -0.00016048511
229 region_rec_diffs(1,197)        0.087174153     -3     3    9.5331413e-05
230 region_rec_diffs(1,198)        -2.1808404     -3     3    8.8167423e-06
231 region_rec_diffs(1,199)        -2.46186     -3     3    -3.3070676e-05
232 region_rec_diffs(1,200)        -2.1656222     -3     3    3.2508068e-05
233 region_rec_diffs(1,201)        0.75677042     -3     3    0.00015100605
234 region_rec_diffs(1,202)        0.15524473     -3     3    -0.00013636098
235 region_rec_diffs(1,203)        0.54138492     -3     3    -0.00028697903
236 region_rec_diffs(1,204)        -0.7241333     -3     3    0.00013760539
237 region_rec_diffs(1,205)        -1.4597709     -3     3    5.4596399e-06
238 region_rec_diffs(1,206)        -2.129547     -3     3    2.6895129e-05
239 region_rec_diffs(1,207)        -0.61751066     -3     3    -1.0237241e-05
240 region_rec_diffs(1,208)        -0.93527547     -3     3    8.3642707e-05
241 region_rec_diffs(1,209)        -0.1647184     -3     3    -8.1385048e-05
242 region_rec_diffs(1,210)        0.56715757     -3     3    -0.00017786215
243 region_rec_diffs(1,211)        -0.031137883     -3     3    -7.2554965e-05
244 region_rec_diffs(1,212)        -2.3524136     -3     3    1.2490144e-05
245 region_rec_diffs(1,213)        -1.5318867     -3     3    -4.5725163e-05
246 region_rec_diffs(1,214)        -2.0017461     -3     3    -6.2491058e-06
247 region_rec_diffs(1,215)        -1.7404548     -3     3    4.0121977e-05
248 region_rec_diffs(1,216)        0.12225501     -3     3    0.00012167668
249 region_rec_diffs(1,217)        0.35208099     -3     3    0.00032164131
250 region_rec_diffs(1,218)        -2.4303363     -3     3    -6.0443266e-05
251 region_rec_diffs(1,219)        -1.9370229     -3     3    4.2223988e-05
252 region_rec_diffs(1,220)        0.65437172     -3     3    4.4818607e-05
253 region_rec_diffs(1,221)        -0.098546175     -3     3    0.00014146024
254 region_rec_diffs(1,222)        -1.2849928     -3     3    3.1271448e-05
255 region_rec_diffs(1,223)        -0.21618699     -3     3    3.1662351e-05
256 region_rec_diffs(1,224)        0.40841303     -3     3    -4.6852203e-05
257 region_rec_diffs(1,225)        -1.0090257     -3     3    3.3167011e-05
258 region_rec_diffs(1,226)        -2.5689574     -3     3    1.9095692e-05
259 region_rec_diffs(1,227)        -2.0345056     -3     3    1.9860208e-05
260 region_rec_diffs(1,228)        -1.069693     -3     3    1.8505877e-05
261 region_rec_diffs(1,229)        0.64143654     -3     3    -7.1414749e-05
262 region_rec_diffs(1,230)        -1.6696553     -3     3    4.0601093e-05
263 region_rec_diffs(1,231)        0.071343925     -3     3    9.2589655e-05
264 region_rec_diffs(1,232)        0.36742771     -3     3    7.3684102e-05
265 region_rec_diffs(1,233)        -0.57123161     -3     3    -3.7748243e-05
266 region_rec_diffs(1,234)        -2.0337627     -3     3    3.2248997e-05
267 region_rec_diffs(1,235)        -0.91084704     -3     3    4.921591e-06
268 region_rec_diffs(1,236)        0.30864326     -3     3    -0.0001261065
269 region_rec_diffs(1,237)        -0.089159254     -3     3    -1.6731753e-05
270 region_rec_diffs(1,238)        -0.38098112     -3     3    0.00012548974
271 region_rec_diffs(1,239)        -2.311506     -3     3    4.3059369e-05
272 region_rec_diffs(1,240)        -1.0405631     -3     3    -0.00010578237
273 region_rec_diffs(1,241)        0.74413161     -3     3    2.9430964e-05
274 region_rec_diffs(1,242)        -0.38483409     -3     3    -0.0002899085
275 region_rec_diffs(1,243)        0.11746361     -3     3    -0.00018455052
276 region_rec_diffs(1,244)        0.18430016     -3     3    -5.0234015e-05
277 region_rec_diffs(1,245)        -0.85297521     -3     3    -7.092089e-05
278 region_rec_diffs(1,246)        -1.3823708     -3     3    7.7547237e-06
279 region_rec_diffs(1,247)        -1.003703     -3     3    0.00010892619
280 region_rec_diffs(1,248)        0.42387549     -3     3    0.00021273138
281 region_rec_diffs(1,249)        -1.2081606     -3     3    8.3033832e-05
282 region_rec_diffs(1,250)        -2.6837744     -3     3    9.3639461e-05
283 region_rec_diffs(1,251)        -2.3643052     -3     3    -6.5836201e-05
284 region_rec_diffs(1,252)        0.1378058     -3     3    -0.00022837049
285 region_rec_diffs(1,253)        0.59490822     -3     3    -0.0002784257
286 region_rec_diffs(1,254)        -2.4168662     -3     3    -5.9204034e-05
287 region_rec_diffs(1,255)        -2.5411392     -3     3    2.0242331e-05
288 region_rec_diffs(1,256)        0.43153348     -3     3    9.6308447e-06
289 region_rec_diffs(1,257)        0.52234363     -3     3    0.00075841281
290 region_rec_diffs(1,258)        -1.9394861     -3     3    1.3067444e-05
291 region_rec_diffs(1,259)        -1.9770433     -3     3    -1.1907143e-05
292 region_rec_diffs(1,260)        0.75534901     -3     3    4.2102471e-05
293 region_rec_diffs(1,261)        -0.079644939     -3     3    -7.6371255e-05
294 region_rec_diffs(1,262)        -1.3871301     -3     3    -7.1990647e-05
295 region_rec_diffs(1,263)        -0.93512611     -3     3    -6.137807e-05
296 region_rec_diffs(1,264)        0.20008784     -3     3    -0.00010216826
297 region_rec_diffs(1,265)        0.5401285     -3     3    6.9621909e-05
298 region_rec_diffs(1,266)        -1.5339277     -3     3    -6.8773316e-05
299 region_rec_diffs(1,267)        -1.698499     -3     3    7.5694181e-07
300 region_rec_diffs(1,268)        0.15364111     -3     3    0.0001433681
301 region_rec_diffs(1,269)        0.63904576     -3     3    -0.0002101998
302 region_rec_diffs(1,270)        -1.3714805     -3     3    1.3076618e-05
303 region_rec_diffs(1,271)        -1.8346047     -3     3    -6.4285929e-05
304 region_rec_diffs(1,272)        0.22321451     -3     3    2.6486931e-06
305 region_rec_diffs(1,273)        -0.1590709     -3     3    9.819715e-05
306 region_rec_diffs(1,274)        -0.75466729     -3     3    0.00012194144
307 region_rec_diffs(1,275)        -2.8564145     -3     3    -5.2316404e-05
308 region_rec_diffs(1,276)        0.62546183     -3     3    -0.00011745067
309 region_rec_diffs(1,277)        0.32154093     -3     3    -0.00012141127
310 region_rec_diffs(1,278)        0.14604728     -3     3    -5.8771666e-05
311 region_rec_diffs(1,279)        -1.7959233     -3     3    -4.8350899e-05
312 region_rec_diffs(2,1)        1.3322676e-15     -3     3    5.7353972e-15
313 region_rec_diffs(2,2)        -1.014886     -3     3    -9.6761402e-05
314 region_rec_diffs(2,3)        -1.1855593     -3     3    -6.8049889e-05
315 region_rec_diffs(2,4)        -1.1749743     -3     3    -0.00012198144
316 region_rec_diffs(2,5)        -1.0373785     -3     3    9.4290236e-06
317 region_rec_diffs(2,6)        -0.39950999     -3     3    -2.1998146e-05
318 region_rec_diffs(2,7)        -0.24977624     -3     3    -1.7774752e-06
319 region_rec_diffs(2,8)        -0.20574472     -3     3    0.00011971956
320 region_rec_diffs(2,9)        -2.1078741     -3     3    8.1810917e-05
321 region_rec_diffs(2,10)        -0.32215371     -3     3    -9.802282e-05
322 region_rec_diffs(2,11)        -0.10012742     -3     3    -0.00011303219
323 region_rec_diffs(2,12)        -0.12054473     -3     3    -7.4446436e-05
324 region_rec_diffs(2,13)        -1.2003402     -3     3    -9.237126e-06
325 region_rec_diffs(2,14)        -0.42939563     -3     3    -4.9087097e-05
326 region_rec_diffs(2,15)        -0.0093351766     -3     3    -5.0356837e-05
327 region_rec_diffs(2,16)        0.074199892     -3     3    8.3125861e-05
328 region_rec_diffs(2,17)        0.21419677     -3     3    8.3538918e-05
329 region_rec_diffs(2,18)        -1.2020108     -3     3    1.2283614e-05
330 region_rec_diffs(2,19)        -0.26129301     -3     3    5.0434662e-05
331 region_rec_diffs(2,20)        -0.74589922     -3     3    -0.00017136362
332 region_rec_diffs(2,21)        0.11770066     -3     3    5.9286601e-05
333 region_rec_diffs(2,22)        -1.3679061     -3     3    -0.00010322904
334 region_rec_diffs(2,23)        -0.53297697     -3     3    3.5026153e-06
335 region_rec_diffs(2,24)        -1.7516054     -3     3    5.92141e-06
336 region_rec_diffs(2,25)        -1.4014605     -3     3    1.3795264e-05
337 region_rec_diffs(2,26)        -1.8522081     -3     3    4.0622462e-05
338 region_rec_diffs(2,27)        -0.21267577     -3     3    -4.4464004e-06
339 region_rec_diffs(2,28)        -1.5717653     -3     3    4.1295364e-06
340 region_rec_diffs(2,29)        0.33209797     -3     3    4.1393228e-05
341 region_rec_diffs(2,30)        0.22431312     -3     3    -0.00014244727
342 region_rec_diffs(2,31)        0.085653838     -3     3    3.1562448e-05
343 region_rec_diffs(2,32)        0.13027433     -3     3    -6.6646331e-05
344 region_rec_diffs(2,33)        0.078695     -3     3    0.00010883626
345 region_rec_diffs(2,34)        -1.4653736     -3     3    -3.7015276e-05
346 region_rec_diffs(2,35)        -0.23518168     -3     3    -0.00013246375
347 region_rec_diffs(2,36)        -0.26969466     -3     3    -5.4945326e-06
348 region_rec_diffs(2,37)        -1.563394     -3     3    -4.6794035e-05
349 region_rec_diffs(2,38)        0.018572608     -3     3    9.0045051e-05
350 region_rec_diffs(2,39)        -0.011223174     -3     3    4.3181619e-05
351 region_rec_diffs(2,40)        0.01529425     -3     3    3.4841849e-05
352 region_rec_diffs(2,41)        -0.34873293     -3     3    2.0966876e-05
353 region_rec_diffs(2,42)        -1.0886071     -3     3    -7.4155484e-05
354 region_rec_diffs(2,43)        0.001783758     -3     3    -0.00013480988
355 region_rec_diffs(2,44)        0.055555174     -3     3    -0.0002497042
356 region_rec_diffs(2,45)        -1.7832037     -3     3    -0.00012722502
357 region_rec_diffs(2,46)        -0.77260599     -3     3    -4.6297992e-05
358 region_rec_diffs(2,47)        -0.45470232     -3     3    1.5802745e-05
359 region_rec_diffs(2,48)        -0.63919675     -3     3    -0.00016404248
360 region_rec_diffs(2,49)        -0.5293489     -3     3    -6.5838593e-05
361 region_rec_diffs(2,50)        -0.035017103     -3     3    0.00010914698
362 region_rec_diffs(2,51)        -1.8580871     -3     3    -1.806872e-05
363 region_rec_diffs(2,52)        -0.0074562734     -3     3    4.2307388e-05
364 region_rec_diffs(2,53)        -0.79264314     -3     3    -3.4745997e-05
365 region_rec_diffs(2,54)        -1.1433959     -3     3    -2.7141102e-06
366 region_rec_diffs(2,55)        -0.6355246     -3     3    9.3015225e-05
367 region_rec_diffs(2,56)        -1.335017     -3     3    -2.1993047e-05
368 region_rec_diffs(2,57)        0.062993316     -3     3    0.00015471106
369 region_rec_diffs(2,58)        -1.0222944     -3     3    -6.5455596e-05
370 region_rec_diffs(2,59)        -0.48031267     -3     3    3.5194619e-05
371 region_rec_diffs(2,60)        -1.44986     -3     3    -8.279874e-06
372 region_rec_diffs(2,61)        -1.4182939     -3     3    6.9502038e-05
373 region_rec_diffs(2,62)        -0.093427224     -3     3    -7.8441709e-06
374 region_rec_diffs(2,63)        -0.85904283     -3     3    5.2069332e-05
375 region_rec_diffs(2,64)        -1.2292723     -3     3    5.1254783e-07
376 region_rec_diffs(2,65)        -0.86985033     -3     3    1.6443027e-05
377 region_rec_diffs(2,66)        0.13352006     -3     3    3.541579e-05
378 region_rec_diffs(2,67)        -0.66570157     -3     3    -1.851018e-05
379 region_rec_diffs(2,68)        -1.2604979     -3     3    -3.4780123e-07
380 region_rec_diffs(2,69)        -1.1243664     -3     3    6.0698644e-05
381 region_rec_diffs(2,70)        -0.61764391     -3     3    4.3858217e-05
382 region_rec_diffs(2,71)        -0.88356248     -3     3    0.00018173828
383 region_rec_diffs(2,72)        -0.21568189     -3     3    2.9314457e-05
384 region_rec_diffs(2,73)        -0.054691469     -3     3    -8.2461673e-05
385 region_rec_diffs(2,74)        -0.94944797     -3     3    1.404175e-05
386 region_rec_diffs(2,75)        -1.7965943     -3     3    2.2728518e-05
387 region_rec_diffs(2,76)        0.29815201     -3     3    -0.00040772485
388 region_rec_diffs(2,77)        0.32673628     -3     3    -0.00012992518
389 region_rec_diffs(2,78)        -0.76401991     -3     3    -9.7593094e-05
390 region_rec_diffs(2,79)        -0.70100322     -3     3    5.775461e-05
391 region_rec_diffs(2,80)        -0.99413342     -3     3    0.00016676082
392 region_rec_diffs(2,81)        -0.16892706     -3     3    8.6838797e-05
393 region_rec_diffs(2,82)        -0.76701338     -3     3    2.1841107e-05
394 region_rec_diffs(2,83)        -0.39040848     -3     3    -0.00031265984
395 region_rec_diffs(2,84)        0.21255021     -3     3    -0.00024261941
396 region_rec_diffs(2,85)        -0.10144513     -3     3    -3.4736845e-05
397 region_rec_diffs(2,86)        0.13555862     -3     3    -5.7620211e-05
398 region_rec_diffs(2,87)        -1.4267474     -3     3    5.1238126e-05
399 region_rec_diffs(2,88)        -1.7786968     -3     3    -4.2999599e-05
400 region_rec_diffs(2,89)        -0.51165457     -3     3    1.1331838e-05
401 region_rec_diffs(2,90)        0.14163464     -3     3    -2.8020282e-05
402 region_rec_diffs(2,91)        -0.37207369     -3     3    -4.1609891e-05
403 region_rec_diffs(2,92)        0.10661028     -3     3    2.1692507e-06
404 region_rec_diffs(2,93)        0.037033236     -3     3    2.0870463e-05
405 region_rec_diffs(2,94)        -1.7246516     -3     3    6.0060469e-06
406 region_rec_diffs(2,95)        -0.37783863     -3     3    -6.2666865e-05
407 region_rec_diffs(2,96)        0.023651811     -3     3    -0.00010823075
408 region_rec_diffs(2,97)        -0.67927855     -3     3    -5.3602331e-05
409 region_rec_diffs(2,98)        -1.1544328     -3     3    4.6469571e-05
410 region_rec_diffs(2,99)        -0.62943651     -3     3    -0.00028160533
411 region_rec_diffs(2,100)        0.099251408     -3     3    -0.00010420385
412 region_rec_diffs(2,101)        -1.2105042     -3     3    -6.8265693e-05
413 region_rec_diffs(2,102)        -0.0025817132     -3     3    -4.9358331e-05
414 region_rec_diffs(2,103)        -0.70817792     -3     3    5.2369547e-05
415 region_rec_diffs(2,104)        -1.3461123     -3     3    7.2439219e-05
416 region_rec_diffs(2,105)        -0.0070786642     -3     3    7.5657224e-05
417 region_rec_diffs(2,106)        0.0007652029     -3     3    0.00018174535
418 region_rec_diffs(2,107)        -0.054379152     -3     3    5.5810796e-05
419 region_rec_diffs(2,108)        -0.3970286     -3     3    0.0002009989
420 region_rec_diffs(2,109)        -0.67716408     -3     3    -0.00011368179
421 region_rec_diffs(2,110)        -0.017833968     -3     3    -1.5195224e-05
422 region_rec_diffs(2,111)        0.53615358     -3     3    -3.4285858e-05
423 region_rec_diffs(2,112)        -2.3890671     -3     3    -4.3342882e-05
424 region_rec_diffs(2,113)        -2.9999999     -3     3    -1.4412719e-05   *************
425 region_rec_diffs(2,114)        0.31167387     -3     3    0.00035319149
426 region_rec_diffs(2,115)        -0.16223441     -3     3    -9.5104611e-06
427 region_rec_diffs(2,116)        -1.4608125     -3     3    -2.3722183e-05
428 region_rec_diffs(2,117)        -1.1598391     -3     3    5.8296424e-05
429 region_rec_diffs(2,118)        -0.01245089     -3     3    -0.00019927534
430 region_rec_diffs(2,119)        -1.3994331     -3     3    0.00010101831
431 region_rec_diffs(2,120)        0.14815301     -3     3    5.7125322e-05
432 region_rec_diffs(2,121)        -2.9999993     -3     3    4.2135061e-06   *************
433 region_rec_diffs(2,122)        -2.5979606     -3     3    -3.2385544e-05
434 region_rec_diffs(2,123)        0.38945239     -3     3    1.9460613e-05
435 region_rec_diffs(2,124)        -2.9999988     -3     3    9.8673061e-06   *************
436 region_rec_diffs(2,125)        -1.3618749     -3     3    1.2368532e-06
437 region_rec_diffs(2,126)        0.13036315     -3     3    0.00012347399
438 region_rec_diffs(2,127)        0.38260014     -3     3    0.00029464643
439 region_rec_diffs(2,128)        -0.41095616     -3     3    6.7333887e-05
440 region_rec_diffs(2,129)        -1.4946198     -3     3    -1.9393781e-05
441 region_rec_diffs(2,130)        0.12804529     -3     3    -0.00012762234
442 region_rec_diffs(2,131)        -0.042471179     -3     3    2.4199273e-05
443 region_rec_diffs(2,132)        -2.9939869     -3     3    8.7953971e-05
444 region_rec_diffs(2,133)        -0.55526774     -3     3    -9.5630684e-05
445 region_rec_diffs(2,134)        0.29827293     -3     3    -0.00037774749
446 region_rec_diffs(2,135)        0.19277488     -3     3    6.9269471e-05
447 region_rec_diffs(2,136)        -1.0348515     -3     3    -8.8573657e-06
448 region_rec_diffs(2,137)        0.20755827     -3     3    3.2306946e-05
449 region_rec_diffs(2,138)        -1.3817897     -3     3    -7.0645938e-07
450 region_rec_diffs(2,139)        0.33937586     -3     3    -0.0002038489
451 region_rec_diffs(2,140)        0.67955963     -3     3    -6.37685e-05
452 region_rec_diffs(2,141)        -1.9524722     -3     3    -4.1466897e-05
453 region_rec_diffs(2,142)        -0.73644703     -3     3    -0.00011064772
454 region_rec_diffs(2,143)        -0.051441236     -3     3    -1.882784e-05
455 region_rec_diffs(2,144)        0.22012999     -3     3    -0.00024815031
456 region_rec_diffs(2,145)        -0.11662353     -3     3    0.00014534624
457 region_rec_diffs(2,146)        -0.88704394     -3     3    7.3091882e-05
458 region_rec_diffs(2,147)        -1.6061273     -3     3    -1.5490033e-05
459 region_rec_diffs(2,148)        -0.30183173     -3     3    0.00021687016
460 region_rec_diffs(2,149)        -0.45515343     -3     3    -8.7386684e-05
461 region_rec_diffs(2,150)        -0.086010837     -3     3    0.00011391095
462 region_rec_diffs(2,151)        -0.45223861     -3     3    -5.5226042e-05
463 region_rec_diffs(2,152)        0.040401181     -3     3    7.20985e-05
464 region_rec_diffs(2,153)        -0.67636223     -3     3    -1.7759714e-05
465 region_rec_diffs(2,154)        -1.0149185     -3     3    7.5205574e-06
466 region_rec_diffs(2,155)        0.1476191     -3     3    0.0002617959
467 region_rec_diffs(2,156)        -0.42483747     -3     3    -8.6270154e-06
468 region_rec_diffs(2,157)        -2.2050019     -3     3    5.2631393e-05
469 region_rec_diffs(2,158)        -0.38833945     -3     3    9.6822797e-05
470 region_rec_diffs(2,159)        -1.4483201     -3     3    -3.5885492e-06
471 region_rec_diffs(2,160)        0.42878171     -3     3    -0.00011581671
472 region_rec_diffs(2,161)        -1.39697     -3     3    9.1318823e-05
473 region_rec_diffs(2,162)        -0.86741229     -3     3    0.00012040112
474 region_rec_diffs(2,163)        0.39081458     -3     3    -0.00037804645
475 region_rec_diffs(2,164)        -0.83828421     -3     3    0.00011255803
476 region_rec_diffs(2,165)        0.092336752     -3     3    -0.0002459841
477 region_rec_diffs(2,166)        0.48434114     -3     3    -4.9335215e-05
478 region_rec_diffs(2,167)        0.14787869     -3     3    6.5373341e-05
479 region_rec_diffs(2,168)        -0.77735709     -3     3    -0.00010219745
480 region_rec_diffs(2,169)        -0.31992033     -3     3    -1.4133124e-06
481 region_rec_diffs(2,170)        0.49055658     -3     3    -5.2667196e-05
482 region_rec_diffs(2,171)        -1.4295963     -3     3    1.3068997e-05
483 region_rec_diffs(2,172)        -2.6152753     -3     3    2.0527498e-05
484 region_rec_diffs(2,173)        -1.0514229     -3     3    0.0001190582
485 region_rec_diffs(2,174)        0.21088469     -3     3    2.4996835e-05
486 region_rec_diffs(2,175)        -0.22233211     -3     3    1.5148209e-05
487 region_rec_diffs(2,176)        0.1741744     -3     3    -0.00011501161
488 region_rec_diffs(2,177)        0.4591965     -3     3    -9.3264619e-05
489 region_rec_diffs(2,178)        -0.18564286     -3     3    -0.00010931741
490 region_rec_diffs(2,179)        -0.28232184     -3     3    9.8342458e-05
491 region_rec_diffs(2,180)        -0.51513792     -3     3    -0.00010258294
492 region_rec_diffs(2,181)        -0.23675352     -3     3    -3.7072908e-05
493 region_rec_diffs(2,182)        0.59664744     -3     3    -3.9716666e-05
494 region_rec_diffs(2,183)        0.59668385     -3     3    5.4358326e-05
495 region_rec_diffs(2,184)        0.62064059     -3     3    1.394987e-07
496 region_rec_diffs(2,185)        0.24419934     -3     3    -0.00023582359
497 region_rec_diffs(2,186)        0.33564933     -3     3    -0.00025030632
498 region_rec_diffs(2,187)        -0.76665474     -3     3    0.00022286462
499 region_rec_diffs(2,188)        0.088881695     -3     3    0.00037056314
500 region_rec_diffs(2,189)        -0.5728793     -3     3    0.00016950971
501 region_rec_diffs(2,190)        0.67074847     -3     3    -5.5517081e-05
502 region_rec_diffs(2,191)        0.66585434     -3     3    8.0582045e-06
503 region_rec_diffs(2,192)        -0.21643974     -3     3    0.00018187335
504 region_rec_diffs(2,193)        -1.4685599     -3     3    -3.0393354e-05
505 region_rec_diffs(2,194)        0.61125723     -3     3    1.9301542e-06
506 region_rec_diffs(2,195)        -0.090262947     -3     3    3.4528786e-06
507 region_rec_diffs(2,196)        -1.3377738     -3     3    4.2948425e-05
508 region_rec_diffs(2,197)        -0.64265585     -3     3    3.8688087e-05
509 region_rec_diffs(2,198)        0.67072847     -3     3    4.655282e-05
510 region_rec_diffs(2,199)        -0.19476388     -3     3    0.00019386347
511 region_rec_diffs(2,200)        0.58380419     -3     3    6.9004805e-06
512 region_rec_diffs(2,201)        -0.60445152     -3     3    7.1646103e-05
513 region_rec_diffs(2,202)        0.13512894     -3     3    -0.00019268419
514 region_rec_diffs(2,203)        -2.2340134     -3     3    -3.190035e-05
515 region_rec_diffs(2,204)        -0.89377736     -3     3    0.00018859007
516 region_rec_diffs(2,205)        -0.58507676     -3     3    6.2668518e-05
517 region_rec_diffs(2,206)        0.68782714     -3     3    -2.8465769e-05
518 region_rec_diffs(2,207)        0.47865703     -3     3    -6.5171172e-05
519 region_rec_diffs(2,208)        0.24790952     -3     3    -5.1975936e-05
520 region_rec_diffs(2,209)        0.39841625     -3     3    -0.00020573525
521 region_rec_diffs(2,210)        -0.12640879     -3     3    -0.00023271169
522 region_rec_diffs(2,211)        -2.1145707     -3     3    -0.00019858891
523 region_rec_diffs(2,212)        -0.57653288     -3     3    -0.00015522126
524 region_rec_diffs(2,213)        0.0044999719     -3     3    4.3806406e-05
525 region_rec_diffs(2,214)        0.62564018     -3     3    -2.2517051e-05
526 region_rec_diffs(2,215)        0.20998737     -3     3    0.00019041751
527 region_rec_diffs(2,216)        -0.063386545     -3     3    0.00021910921
528 region_rec_diffs(2,217)        -0.29388135     -3     3    3.9736065e-05
529 region_rec_diffs(2,218)        0.3391521     -3     3    0.00015513359
530 region_rec_diffs(2,219)        0.39499009     -3     3    8.7622422e-05
531 region_rec_diffs(2,220)        -1.3233534     -3     3    -0.00021872487
532 region_rec_diffs(2,221)        0.35693997     -3     3    0.00025010495
533 region_rec_diffs(2,222)        0.62581018     -3     3    1.3924927e-05
534 region_rec_diffs(2,223)        -0.16113212     -3     3    1.9762654e-05
535 region_rec_diffs(2,224)        -0.65771228     -3     3    5.5964976e-05
536 region_rec_diffs(2,225)        0.30596696     -3     3    -0.00035756935
537 region_rec_diffs(2,226)        0.67912532     -3     3    6.7157279e-05
538 region_rec_diffs(2,227)        0.50741481     -3     3    -4.0504842e-05
539 region_rec_diffs(2,228)        0.12095851     -3     3    1.3819978e-05
540 region_rec_diffs(2,229)        -1.391689     -3     3    0.00010356649
541 region_rec_diffs(2,230)        0.22674636     -3     3    0.00027042369
542 region_rec_diffs(2,231)        -0.37302426     -3     3    8.5491452e-06
543 region_rec_diffs(2,232)        -1.3236519     -3     3    -3.4631594e-05
544 region_rec_diffs(2,233)        0.10867655     -3     3    0.00025300847
545 region_rec_diffs(2,234)        0.20305439     -3     3    -6.0879971e-05
546 region_rec_diffs(2,235)        0.12204788     -3     3    -0.00014909836
547 region_rec_diffs(2,236)        -0.35299917     -3     3    -4.799444e-05
548 region_rec_diffs(2,237)        -0.34659481     -3     3    -1.512918e-05
549 region_rec_diffs(2,238)        0.22798348     -3     3    -0.00010062056
550 region_rec_diffs(2,239)        0.57371661     -3     3    -6.4803706e-05
551 region_rec_diffs(2,240)        -0.51831277     -3     3    -1.1633945e-05
552 region_rec_diffs(2,241)        -1.27201     -3     3    7.656419e-05
553 region_rec_diffs(2,242)        0.38889345     -3     3    -0.00028465464
554 region_rec_diffs(2,243)        0.088499289     -3     3    -6.4358755e-05
555 region_rec_diffs(2,244)        -0.49017826     -3     3    6.8427746e-05
556 region_rec_diffs(2,245)        0.044896127     -3     3    9.0206745e-05
557 region_rec_diffs(2,246)        0.46600967     -3     3    -8.8193751e-05
558 region_rec_diffs(2,247)        -0.14796442     -3     3    9.871704e-05
559 region_rec_diffs(2,248)        -1.2633509     -3     3    -6.4526027e-05
560 region_rec_diffs(2,249)        -0.10409153     -3     3    8.3902802e-06
561 region_rec_diffs(2,250)        0.49153857     -3     3    -0.00015094371
562 region_rec_diffs(2,251)        0.30275576     -3     3    -1.6777972e-05
563 region_rec_diffs(2,252)        -0.47745894     -3     3    5.1027219e-06
564 region_rec_diffs(2,253)        -0.75510445     -3     3    2.5491651e-05
565 region_rec_diffs(2,254)        0.39641811     -3     3    -0.00070972594
566 region_rec_diffs(2,255)        0.49364785     -3     3    9.9798536e-05
567 region_rec_diffs(2,256)        -0.36041634     -3     3    0.00015194123
568 region_rec_diffs(2,257)        -0.28618576     -3     3    -7.7116846e-05
569 region_rec_diffs(2,258)        0.53511137     -3     3    -0.00010226504
570 region_rec_diffs(2,259)        0.67895983     -3     3    3.7334511e-07
571 region_rec_diffs(2,260)        -1.2630537     -3     3    0.0002935385
572 region_rec_diffs(2,261)        -0.81988168     -3     3    -3.762228e-05
573 region_rec_diffs(2,262)        0.58676164     -3     3    1.6584896e-05
574 region_rec_diffs(2,263)        0.36027206     -3     3    0.00030154765
575 region_rec_diffs(2,264)        -1.8444985     -3     3    -0.00012927496
576 region_rec_diffs(2,265)        -0.86613634     -3     3    -2.281802e-05
577 region_rec_diffs(2,266)        0.39280659     -3     3    0.0001037458
578 region_rec_diffs(2,267)        0.2746335     -3     3    -0.0002619576
579 region_rec_diffs(2,268)        -1.2262801     -3     3    -3.8978694e-05
580 region_rec_diffs(2,269)        -1.9194972     -3     3    -7.1772489e-05
581 region_rec_diffs(2,270)        -0.2839347     -3     3    0.00010590764
582 region_rec_diffs(2,271)        -0.5132075     -3     3    -6.6510736e-05
583 region_rec_diffs(2,272)        0.010648994     -3     3    5.2870346e-05
584 region_rec_diffs(2,273)        0.36220172     -3     3    0.00032075293
585 region_rec_diffs(2,274)        0.56278107     -3     3    3.7884916e-06
586 region_rec_diffs(2,275)        0.70884612     -3     3    -2.8871126e-05
587 region_rec_diffs(2,276)        -0.49635099     -3     3    3.9598201e-05
588 region_rec_diffs(2,277)        -1.3082433     -3     3    1.4951424e-05
589 region_rec_diffs(2,278)        -0.34541262     -3     3    -9.1749326e-05
590 region_rec_diffs(2,279)        0.65646101     -3     3    3.8519803e-05
591 region_rec_diffs(3,1)        0     -3     3    1.1550649e-15
592 region_rec_diffs(3,2)        -1.021611     -3     3    -5.2281921e-06
593 region_rec_diffs(3,3)        -1.2312851     -3     3    6.016554e-06
594 region_rec_diffs(3,4)        -1.1340992     -3     3    -9.8648102e-06
595 region_rec_diffs(3,5)        -1.4599455     -3     3    1.3291618e-05
596 region_rec_diffs(3,6)        -0.21993156     -3     3    2.2025037e-05
597 region_rec_diffs(3,7)        -0.13446731     -3     3    1.0238137e-07
598 region_rec_diffs(3,8)        -0.25538936     -3     3    -7.2640978e-06
599 region_rec_diffs(3,9)        -1.854274     -3     3    -0.00012943827
600 region_rec_diffs(3,10)        -0.2203819     -3     3    8.1224112e-06
601 region_rec_diffs(3,11)        -0.053811785     -3     3    -1.8775447e-05
602 region_rec_diffs(3,12)        -0.10731103     -3     3    7.0170392e-06
603 region_rec_diffs(3,13)        -1.2362384     -3     3    3.6920868e-06
604 region_rec_diffs(3,14)        -0.62143035     -3     3    1.1002807e-06
605 region_rec_diffs(3,15)        -0.050976353     -3     3    -1.1600487e-05
606 region_rec_diffs(3,16)        -0.13366461     -3     3    9.4990348e-05
607 region_rec_diffs(3,17)        -0.72187549     -3     3    -6.6634714e-05
608 region_rec_diffs(3,18)        -1.3343873     -3     3    5.843576e-05
609 region_rec_diffs(3,19)        -0.16363047     -3     3    3.6663984e-05
610 region_rec_diffs(3,20)        -0.75584298     -3     3    -6.7666604e-05
611 region_rec_diffs(3,21)        -0.72217586     -3     3    1.1735061e-06
612 region_rec_diffs(3,22)        -1.1915491     -3     3    -3.5082789e-06
613 region_rec_diffs(3,23)        -0.22415159     -3     3    1.2944726e-05
614 region_rec_diffs(3,24)        -0.95277263     -3     3    1.3370649e-05
615 region_rec_diffs(3,25)        -0.67514904     -3     3    -2.384222e-05
616 region_rec_diffs(3,26)        -1.0725776     -3     3    3.714e-05
617 region_rec_diffs(3,27)        -0.072575     -3     3    -9.7649377e-07
618 region_rec_diffs(3,28)        -1.145409     -3     3    5.0422302e-05
619 region_rec_diffs(3,29)        -0.45819977     -3     3    2.5295621e-05
620 region_rec_diffs(3,30)        -0.15604927     -3     3    -9.9336243e-06
621 region_rec_diffs(3,31)        -0.0053856507     -3     3    6.170086e-06
622 region_rec_diffs(3,32)        -0.0085419575     -3     3    -8.5383868e-06
623 region_rec_diffs(3,33)        0.13368394     -3     3    3.1795122e-05
624 region_rec_diffs(3,34)        -0.14454987     -3     3    3.2941232e-05
625 region_rec_diffs(3,35)        -0.037603537     -3     3    -3.2292571e-05
626 region_rec_diffs(3,36)        -0.033170754     -3     3    -4.3740737e-07
627 region_rec_diffs(3,37)        0.44467814     -3     3    -1.2640181e-05
628 region_rec_diffs(3,38)        0.10855091     -3     3    2.6342609e-05
629 region_rec_diffs(3,39)        0.020525238     -3     3    1.024338e-05
630 region_rec_diffs(3,40)        0.04202895     -3     3    9.6374958e-06
631 region_rec_diffs(3,41)        -0.083251347     -3     3    3.3333302e-05
632 region_rec_diffs(3,42)        -0.343021     -3     3    -3.5905414e-05
633 region_rec_diffs(3,43)        0.015728698     -3     3    -2.6120275e-05
634 region_rec_diffs(3,44)        0.38193783     -3     3    -4.4994858e-05
635 region_rec_diffs(3,45)        -0.19290051     -3     3    -0.00011232677
636 region_rec_diffs(3,46)        -0.16746799     -3     3    -2.0308363e-05
637 region_rec_diffs(3,47)        -0.044443896     -3     3    -1.0728384e-05
638 region_rec_diffs(3,48)        1.3504694     -3     3    -4.8005911e-05
639 region_rec_diffs(3,49)        -0.16716054     -3     3    -6.6917443e-05
640 region_rec_diffs(3,50)        -0.015310831     -3     3    2.0756599e-05
641 region_rec_diffs(3,51)        -0.96154953     -3     3    -1.2062469e-06
642 region_rec_diffs(3,52)        -0.063775426     -3     3    7.4224484e-06
643 region_rec_diffs(3,53)        -0.014668201     -3     3    2.4003761e-05
644 region_rec_diffs(3,54)        -0.17024927     -3     3    -6.9233377e-06
645 region_rec_diffs(3,55)        -0.075008354     -3     3    2.5487623e-05
646 region_rec_diffs(3,56)        -0.069850235     -3     3    -6.0744502e-05
647 region_rec_diffs(3,57)        0.72368903     -3     3    4.3658524e-05
648 region_rec_diffs(3,58)        0.22114097     -3     3    1.7924124e-06
649 region_rec_diffs(3,59)        -0.10203549     -3     3    1.8795765e-05
650 region_rec_diffs(3,60)        0.59544179     -3     3    -3.2264062e-06
651 region_rec_diffs(3,61)        -0.16611765     -3     3    5.6564707e-05
652 region_rec_diffs(3,62)        -0.04008931     -3     3    -6.4194486e-06
653 region_rec_diffs(3,63)        -0.31778301     -3     3    2.4756089e-05
654 region_rec_diffs(3,64)        -0.40943682     -3     3    2.3248625e-05
655 region_rec_diffs(3,65)        0.87076577     -3     3    -2.0811535e-05
656 region_rec_diffs(3,66)        0.060827213     -3     3    2.1776309e-06
657 region_rec_diffs(3,67)        -0.13913783     -3     3    -1.1554067e-05
658 region_rec_diffs(3,68)        -0.22171977     -3     3    6.9356957e-06
659 region_rec_diffs(3,69)        0.973626     -3     3    0.00010407008
660 region_rec_diffs(3,70)        -0.060209406     -3     3    9.54939e-06
661 region_rec_diffs(3,71)        -0.30583534     -3     3    6.392757e-05
662 region_rec_diffs(3,72)        -0.0086037603     -3     3    1.2384161e-05
663 region_rec_diffs(3,73)        -0.27680683     -3     3    -7.478184e-06
664 region_rec_diffs(3,74)        -0.43914815     -3     3    1.6610955e-05
665 region_rec_diffs(3,75)        -1.0181678     -3     3    -2.1379335e-06
666 region_rec_diffs(3,76)        -0.064864713     -3     3    -7.5736634e-05
667 region_rec_diffs(3,77)        -0.15930947     -3     3    1.7361707e-06
668 region_rec_diffs(3,78)        -0.37537053     -3     3    -2.9031047e-05
669 region_rec_diffs(3,79)        -0.39022373     -3     3    4.4651257e-05
670 region_rec_diffs(3,80)        -0.286832     -3     3    9.6866753e-05
671 region_rec_diffs(3,81)        -0.8610589     -3     3    3.283332e-06
672 region_rec_diffs(3,82)        -0.56007731     -3     3    1.625144e-06
673 region_rec_diffs(3,83)        -0.091314395     -3     3    -0.00011129289
674 region_rec_diffs(3,84)        -0.74804026     -3     3    2.0869127e-05
675 region_rec_diffs(3,85)        -0.10949102     -3     3    -1.422759e-05
676 region_rec_diffs(3,86)        0.044735093     -3     3    -9.9395521e-06
677 region_rec_diffs(3,87)        -0.38411771     -3     3    -5.6957401e-06
678 region_rec_diffs(3,88)        1.1202084     -3     3    8.924043e-06
679 region_rec_diffs(3,89)        -0.17384972     -3     3    6.3459139e-05
680 region_rec_diffs(3,90)        -0.07577835     -3     3    1.7043214e-06
681 region_rec_diffs(3,91)        -0.15113791     -3     3    -2.7243478e-06
682 region_rec_diffs(3,92)        -0.82480186     -3     3    5.4531092e-05
683 region_rec_diffs(3,93)        -0.15920186     -3     3    -1.2889507e-06
684 region_rec_diffs(3,94)        0.37396682     -3     3    9.7889642e-06
685 region_rec_diffs(3,95)        0.62082542     -3     3    6.2753218e-05
686 region_rec_diffs(3,96)        -0.042238659     -3     3    -4.5148734e-05
687 region_rec_diffs(3,97)        -0.053425192     -3     3    4.3458684e-05
688 region_rec_diffs(3,98)        -0.58105656     -3     3    -2.2771118e-05
689 region_rec_diffs(3,99)        0.45186992     -3     3    -0.00013526637
690 region_rec_diffs(3,100)        -1.0762998     -3     3    6.0150191e-06
691 region_rec_diffs(3,101)        0.031822779     -3     3    -1.8159218e-05
692 region_rec_diffs(3,102)        -0.0059511546     -3     3    -1.0607382e-05
693 region_rec_diffs(3,103)        -0.23266867     -3     3    2.0429047e-05
694 region_rec_diffs(3,104)        0.69027461     -3     3    0.00034759902
695 region_rec_diffs(3,105)        -0.034649715     -3     3    9.1142763e-06
696 region_rec_diffs(3,106)        -0.016830995     -3     3    3.3778985e-05
697 region_rec_diffs(3,107)        -0.059182289     -3     3    1.1160285e-06
698 region_rec_diffs(3,108)        -0.60126023     -3     3    2.5636161e-05
699 region_rec_diffs(3,109)        -0.62050881     -3     3    -2.1372679e-05
700 region_rec_diffs(3,110)        -0.059975371     -3     3    -3.7116028e-06
701 region_rec_diffs(3,111)        -0.63194785     -3     3    4.7176666e-06
702 region_rec_diffs(3,112)        0.33379877     -3     3    -4.8091016e-05
703 region_rec_diffs(3,113)        1.3541355     -3     3    -7.5795511e-05
704 region_rec_diffs(3,114)        -0.20552811     -3     3    4.5113088e-05
705 region_rec_diffs(3,115)        -0.01071059     -3     3    -2.4894973e-06
706 region_rec_diffs(3,116)        1.5038306     -3     3    -4.5698823e-05
707 region_rec_diffs(3,117)        -0.042750996     -3     3    -6.9040198e-06
708 region_rec_diffs(3,118)        0.058424738     -3     3    -4.3254569e-05
709 region_rec_diffs(3,119)        -0.56800269     -3     3    2.4396254e-05
710 region_rec_diffs(3,120)        1.0385365     -3     3    -3.3927807e-05
711 region_rec_diffs(3,121)        1.0603176     -3     3    -0.00019902549
712 region_rec_diffs(3,122)        0.022373     -3     3    7.0454069e-05
713 region_rec_diffs(3,123)        -0.26274985     -3     3    1.1414905e-05
714 region_rec_diffs(3,124)        1.7142464     -3     3    -9.1499942e-05
715 region_rec_diffs(3,125)        -0.045945404     -3     3    -2.8116462e-05
716 region_rec_diffs(3,126)        -0.73059432     -3     3    -6.6117061e-06
717 region_rec_diffs(3,127)        -0.30213706     -3     3    5.359626e-05
718 region_rec_diffs(3,128)        -0.083673885     -3     3    -7.2401639e-06
719 region_rec_diffs(3,129)        -0.630508     -3     3    -3.2158656e-05
720 region_rec_diffs(3,130)        -0.092340856     -3     3    -2.9982941e-05
721 region_rec_diffs(3,131)        0.13986963     -3     3    7.0140828e-06
722 region_rec_diffs(3,132)        2.0842482     -3     3    5.5397469e-05
723 region_rec_diffs(3,133)        -1.149111     -3     3    2.6115766e-06
724 region_rec_diffs(3,134)        -0.45038892     -3     3    -2.7782901e-06
725 region_rec_diffs(3,135)        -0.46976226     -3     3    5.0380744e-05
726 region_rec_diffs(3,136)        -0.94669636     -3     3    3.1507742e-05
727 region_rec_diffs(3,137)        -0.43388197     -3     3    1.7323365e-05
728 region_rec_diffs(3,138)        -0.8148996     -3     3    3.9392153e-06
729 region_rec_diffs(3,139)        -0.20975949     -3     3    -1.9657906e-05
730 region_rec_diffs(3,140)        -1.6089991     -3     3    1.6815844e-05
731 region_rec_diffs(3,141)        -1.1974987     -3     3    1.8845496e-05
732 region_rec_diffs(3,142)        -0.22508962     -3     3    -1.8979192e-05
733 region_rec_diffs(3,143)        1.0868578     -3     3    -3.7678778e-05
734 region_rec_diffs(3,144)        -0.766541     -3     3    1.5739789e-05
735 region_rec_diffs(3,145)        -1.3897335     -3     3    1.8120795e-05
736 region_rec_diffs(3,146)        1.7359327     -3     3    0.00010436369
737 region_rec_diffs(3,147)        0.83479547     -3     3    -0.00021991393
738 region_rec_diffs(3,148)        -1.593816     -3     3    5.4970149e-05
739 region_rec_diffs(3,149)        -0.99172402     -3     3    4.9334505e-06
740 region_rec_diffs(3,150)        -0.06306895     -3     3    1.9168553e-05
741 region_rec_diffs(3,151)        1.6144861     -3     3    -3.8902083e-05
742 region_rec_diffs(3,152)        -1.4668295     -3     3    1.0110181e-05
743 region_rec_diffs(3,153)        -0.55986     -3     3    5.1402987e-05
744 region_rec_diffs(3,154)        1.9811333     -3     3    6.146358e-05
745 region_rec_diffs(3,155)        0.5070991     -3     3    0.00013128402
746 region_rec_diffs(3,156)        -1.4034249     -3     3    2.2993107e-05
747 region_rec_diffs(3,157)        1.6347458     -3     3    6.8373338e-05
748 region_rec_diffs(3,158)        1.6579545     -3     3    8.0307021e-05
749 region_rec_diffs(3,159)        2.0684265     -3     3    -8.0163849e-05
750 region_rec_diffs(3,160)        -0.4541982     -3     3    -4.6223486e-05
751 region_rec_diffs(3,161)        1.525682     -3     3    0.00010877198
752 region_rec_diffs(3,162)        -0.11716108     -3     3    0.00011485972
753 region_rec_diffs(3,163)        -1.8276134     -3     3    1.3158822e-05
754 region_rec_diffs(3,164)        -1.7004059     -3     3    1.6493487e-05
755 region_rec_diffs(3,165)        1.1255022     -3     3    -8.5229979e-05
756 region_rec_diffs(3,166)        0.36220354     -3     3    5.5543484e-05
757 region_rec_diffs(3,167)        1.4086669     -3     3    3.6691549e-05
758 region_rec_diffs(3,168)        -0.79719612     -3     3    -8.135172e-05
759 region_rec_diffs(3,169)        -0.1273667     -3     3    -0.00013482818
760 region_rec_diffs(3,170)        0.028787156     -3     3    3.8528005e-05
761 region_rec_diffs(3,171)        1.9188514     -3     3    -4.2642952e-06
762 region_rec_diffs(3,172)        0.38127258     -3     3    9.1185178e-05
763 region_rec_diffs(3,173)        -1.0311791     -3     3    -9.3706775e-05
764 region_rec_diffs(3,174)        0.29257563     -3     3    -8.5938515e-06
765 region_rec_diffs(3,175)        1.6602871     -3     3    1.7954619e-05
766 region_rec_diffs(3,176)        1.0787566     -3     3    -5.4374958e-05
767 region_rec_diffs(3,177)        -0.59152913     -3     3    2.0415616e-06
768 region_rec_diffs(3,178)        0.50499662     -3     3    -6.8008388e-05
769 region_rec_diffs(3,179)        1.2902255     -3     3    6.7163445e-05
770 region_rec_diffs(3,180)        -1.4966443     -3     3    -6.5569259e-05
771 region_rec_diffs(3,181)        -1.6669968     -3     3    -4.1517492e-05
772 region_rec_diffs(3,182)        -1.05067     -3     3    -1.5760729e-05
773 region_rec_diffs(3,183)        -0.4084406     -3     3    1.4803407e-05
774 region_rec_diffs(3,184)        -0.67253475     -3     3    0.0001439322
775 region_rec_diffs(3,185)        -2.1253674     -3     3    -2.1546734e-06
776 region_rec_diffs(3,186)        -1.7665716     -3     3    -2.4276719e-05
777 region_rec_diffs(3,187)        -1.677042     -3     3    5.9576331e-05
778 region_rec_diffs(3,188)        -2.224569     -3     3    1.5740813e-05
779 region_rec_diffs(3,189)        -1.0942798     -3     3    2.7378729e-05
780 region_rec_diffs(3,190)        -1.1725161     -3     3    -3.3269713e-05
781 region_rec_diffs(3,191)        -0.47788711     -3     3    9.7515262e-06
782 region_rec_diffs(3,192)        0.83969528     -3     3    -2.130667e-05
783 region_rec_diffs(3,193)        -0.28499661     -3     3    -6.6127707e-06
784 region_rec_diffs(3,194)        -0.53175161     -3     3    -0.00019616631
785 region_rec_diffs(3,195)        0.52902069     -3     3    -6.400378e-05
786 region_rec_diffs(3,196)        0.86404791     -3     3    -0.00028255752
787 region_rec_diffs(3,197)        1.3638969     -3     3    9.7050899e-05
788 region_rec_diffs(3,198)        -0.76430463     -3     3    -8.0137554e-05
789 region_rec_diffs(3,199)        -0.49582054     -3     3    -7.9066989e-05
790 region_rec_diffs(3,200)        -0.94635498     -3     3    4.1667317e-05
791 region_rec_diffs(3,201)        -1.1654607     -3     3    -5.0452286e-05
792 region_rec_diffs(3,202)        -0.3988742     -3     3    2.60882e-05
793 region_rec_diffs(3,203)        0.70470577     -3     3    0.00019540699
794 region_rec_diffs(3,204)        0.9030827     -3     3    -9.0830914e-05
795 region_rec_diffs(3,205)        1.9036555     -3     3    -4.9812345e-05
796 region_rec_diffs(3,206)        -0.87249733     -3     3    -4.1124832e-05
797 region_rec_diffs(3,207)        -0.27076505     -3     3    9.3245485e-05
798 region_rec_diffs(3,208)        1.1167935     -3     3    8.8569244e-05
799 region_rec_diffs(3,209)        -0.89210521     -3     3    -6.3318962e-05
800 region_rec_diffs(3,210)        -1.7040116     -3     3    -2.9267843e-05
801 region_rec_diffs(3,211)        1.3821798     -3     3    5.8556343e-05
802 region_rec_diffs(3,212)        -0.19594354     -3     3    -8.0879177e-05
803 region_rec_diffs(3,213)        1.2166006     -3     3    -0.00011880402
804 region_rec_diffs(3,214)        -0.58527036     -3     3    9.5033892e-05
805 region_rec_diffs(3,215)        0.35183479     -3     3    1.416377e-05
806 region_rec_diffs(3,216)        0.27137578     -3     3    -0.00026953022
807 region_rec_diffs(3,217)        -0.284657     -3     3    0.00012964196
808 region_rec_diffs(3,218)        -1.4337821     -3     3    -7.4401768e-05
809 region_rec_diffs(3,219)        -0.93300112     -3     3    -3.7092136e-05
810 region_rec_diffs(3,220)        0.7852198     -3     3    -0.00020439429
811 region_rec_diffs(3,221)        -1.5999968     -3     3    -2.2298634e-05
812 region_rec_diffs(3,222)        -0.98234499     -3     3    -1.3054457e-05
813 region_rec_diffs(3,223)        -0.69075137     -3     3    9.6354839e-05
814 region_rec_diffs(3,224)        0.63920582     -3     3    0.00020134938
815 region_rec_diffs(3,225)        0.7330447     -3     3    -0.00010610111
816 region_rec_diffs(3,226)        -1.1980038     -3     3    -9.2373062e-05
817 region_rec_diffs(3,227)        -1.0568362     -3     3    1.8767055e-05
818 region_rec_diffs(3,228)        1.2125353     -3     3    -3.9922772e-05
819 region_rec_diffs(3,229)        0.67707548     -3     3    -7.2134867e-05
820 region_rec_diffs(3,230)        0.67872797     -3     3    -0.00010747207
821 region_rec_diffs(3,231)        0.712904     -3     3    -0.00015927836
822 region_rec_diffs(3,232)        0.29926105     -3     3    1.4818563e-06
823 region_rec_diffs(3,233)        0.72899896     -3     3    -1.0845203e-05
824 region_rec_diffs(3,234)        1.2408171     -3     3    0.00018376165
825 region_rec_diffs(3,235)        1.1215386     -3     3    -0.00016772071
826 region_rec_diffs(3,236)        0.76371766     -3     3    -0.00022997826
827 region_rec_diffs(3,237)        -0.31417403     -3     3    9.6184976e-05
828 region_rec_diffs(3,238)        -0.97628116     -3     3    3.0853902e-05
829 region_rec_diffs(3,239)        -1.2391573     -3     3    -2.6246532e-05
830 region_rec_diffs(3,240)        1.6527793     -3     3    4.1861503e-05
831 region_rec_diffs(3,241)        0.44929073     -3     3    -0.00010547042
832 region_rec_diffs(3,242)        -1.0262466     -3     3    -6.8219155e-05
833 region_rec_diffs(3,243)        -1.7969249     -3     3    3.6298696e-05
834 region_rec_diffs(3,244)        -1.2847844     -3     3    4.1960618e-06
835 region_rec_diffs(3,245)        0.63895949     -3     3    -0.00012425607
836 region_rec_diffs(3,246)        0.18484887     -3     3    -3.2591411e-05
837 region_rec_diffs(3,247)        1.5725464     -3     3    -0.00026492095
838 region_rec_diffs(3,248)        0.70060136     -3     3    2.4143267e-06
839 region_rec_diffs(3,249)        1.0938989     -3     3    9.2461926e-05
840 region_rec_diffs(3,250)        0.62414564     -3     3    7.5863361e-05
841 region_rec_diffs(3,251)        1.1463566     -3     3    -0.00015111738
842 region_rec_diffs(3,252)        1.2662176     -3     3    0.00022672048
843 region_rec_diffs(3,253)        0.53770338     -3     3    -0.00019123164
844 region_rec_diffs(3,254)        0.7743851     -3     3    -1.8022821e-05
845 region_rec_diffs(3,255)        -1.3234182     -3     3    -4.5479613e-05
846 region_rec_diffs(3,256)        0.44850445     -3     3    -0.0002563501
847 region_rec_diffs(3,257)        -0.31967028     -3     3    2.6892577e-05
848 region_rec_diffs(3,258)        -0.080120377     -3     3    5.4495608e-06
849 region_rec_diffs(3,259)        -2.0817208     -3     3    2.1341211e-05
850 region_rec_diffs(3,260)        -0.10873902     -3     3    0.00012823423
851 region_rec_diffs(3,261)        1.6326635     -3     3    -4.1865909e-05
852 region_rec_diffs(3,262)        -0.017077664     -3     3    1.8271515e-05
853 region_rec_diffs(3,263)        0.80010152     -3     3    1.808313e-05
854 region_rec_diffs(3,264)        0.95871815     -3     3    0.00031464398
855 region_rec_diffs(3,265)        0.48632577     -3     3    2.8017989e-05
856 region_rec_diffs(3,266)        0.90372587     -3     3    -8.1622576e-05
857 region_rec_diffs(3,267)        1.2043196     -3     3    -0.00010612502
858 region_rec_diffs(3,268)        1.5612875     -3     3    -0.00021741271
859 region_rec_diffs(3,269)        1.1443825     -3     3    -0.00022781596
860 region_rec_diffs(3,270)        1.6863258     -3     3    -1.1011813e-05
861 region_rec_diffs(3,271)        -0.029847956     -3     3    -0.00013338221
862 region_rec_diffs(3,272)        -0.23397543     -3     3    -9.6817038e-05
863 region_rec_diffs(3,273)        -0.94196372     -3     3    0.00015127131
864 region_rec_diffs(3,274)        -2.2315464     -3     3    -1.2895805e-05
865 region_rec_diffs(3,275)        -0.67818793     -3     3    -3.2718633e-05
866 region_rec_diffs(3,276)        -0.97526488     -3     3    -8.1253772e-06
867 region_rec_diffs(3,277)        1.0951346     -3     3    -1.1039853e-05
868 region_rec_diffs(3,278)        0.12873385     -3     3    -7.9416604e-05
869 region_rec_diffs(3,279)        -0.99077837     -3     3    -6.96419e-06
870 region_rec_diffs(4,1)        8.8817842e-16     -3     3    1.5805673e-15
871 region_rec_diffs(4,2)        0.15010557     -3     3    -0.00023186683
872 region_rec_diffs(4,3)        0.13796306     -3     3    -6.8328104e-05
873 region_rec_diffs(4,4)        0.14886096     -3     3    -0.00028351303
874 region_rec_diffs(4,5)        0.17086315     -3     3    7.193427e-05
875 region_rec_diffs(4,6)        0.064331783     -3     3    -6.3371465e-05
876 region_rec_diffs(4,7)        0.075715217     -3     3    5.129522e-06
877 region_rec_diffs(4,8)        0.080803986     -3     3    0.00011359177
878 region_rec_diffs(4,9)        -0.20641752     -3     3    0.00025817893
879 region_rec_diffs(4,10)        0.062667088     -3     3    -6.2099997e-05
880 region_rec_diffs(4,11)        0.018616302     -3     3    -3.1656525e-05
881 region_rec_diffs(4,12)        0.0046526281     -3     3    3.9476411e-05
882 region_rec_diffs(4,13)        0.45499658     -3     3    0.00013014535
883 region_rec_diffs(4,14)        1.1356765     -3     3    -5.285584e-05
884 region_rec_diffs(4,15)        0.066286018     -3     3    -3.3872931e-05
885 region_rec_diffs(4,16)        0.11063908     -3     3    -4.464106e-05
886 region_rec_diffs(4,17)        0.43573004     -3     3    -6.6197401e-05
887 region_rec_diffs(4,18)        0.13336821     -3     3    -0.00015959887
888 region_rec_diffs(4,19)        0.097411932     -3     3    -2.7503355e-05
889 region_rec_diffs(4,20)        0.65670061     -3     3    4.2492857e-06
890 region_rec_diffs(4,21)        0.43711287     -3     3    -9.4001843e-06
891 region_rec_diffs(4,22)        0.029381992     -3     3    8.8869967e-05
892 region_rec_diffs(4,23)        0.10503769     -3     3    -1.6841882e-05
893 region_rec_diffs(4,24)        0.90014879     -3     3    -2.0345166e-07
894 region_rec_diffs(4,25)        -0.039726562     -3     3    4.2518752e-05
895 region_rec_diffs(4,26)        -0.74689331     -3     3    2.8024948e-05
896 region_rec_diffs(4,27)        0.0059905341     -3     3    -2.6722846e-06
897 region_rec_diffs(4,28)        0.8443917     -3     3    2.6276783e-06
898 region_rec_diffs(4,29)        0.38592037     -3     3    4.8964957e-05
899 region_rec_diffs(4,30)        0.44551016     -3     3    -4.0799638e-05
900 region_rec_diffs(4,31)        0.099310322     -3     3    8.3731168e-06
901 region_rec_diffs(4,32)        0.22821366     -3     3    -3.3356738e-05
902 region_rec_diffs(4,33)        0.62684894     -3     3    1.3709025e-05
903 region_rec_diffs(4,34)        0.4548487     -3     3    -0.00014945628
904 region_rec_diffs(4,35)        0.020580147     -3     3    -4.8093331e-05
905 region_rec_diffs(4,36)        0.017074835     -3     3    -9.2363624e-06
906 region_rec_diffs(4,37)        0.56073114     -3     3    -0.00011095029
907 region_rec_diffs(4,38)        0.50031919     -3     3    6.8939786e-05
908 region_rec_diffs(4,39)        0.096928555     -3     3    1.8787668e-05
909 region_rec_diffs(4,40)        0.11835981     -3     3    9.8333264e-06
910 region_rec_diffs(4,41)        0.16143823     -3     3    0.0001500281
911 region_rec_diffs(4,42)        -0.32845092     -3     3    6.6032905e-05
912 region_rec_diffs(4,43)        0.024607069     -3     3    -3.0135781e-05
913 region_rec_diffs(4,44)        0.041606023     -3     3    -1.815821e-05
914 region_rec_diffs(4,45)        0.80049895     -3     3    -4.3480778e-05
915 region_rec_diffs(4,46)        0.11698449     -3     3    -2.8976895e-06
916 region_rec_diffs(4,47)        0.22729381     -3     3    2.0028929e-05
917 region_rec_diffs(4,48)        0.42731525     -3     3    -2.7729445e-05
918 region_rec_diffs(4,49)        0.22833378     -3     3    0.00021701894
919 region_rec_diffs(4,50)        0.3527405     -3     3    5.8509985e-05
920 region_rec_diffs(4,51)        0.76856391     -3     3    -8.1253368e-05
921 region_rec_diffs(4,52)        0.41879081     -3     3    4.5497163e-05
922 region_rec_diffs(4,53)        0.57096296     -3     3    3.1888984e-05
923 region_rec_diffs(4,54)        1.4258186     -3     3    3.1625965e-05
924 region_rec_diffs(4,55)        0.50542709     -3     3    5.2413693e-07
925 region_rec_diffs(4,56)        1.3146121     -3     3    -0.00025640068
926 region_rec_diffs(4,57)        -0.029445726     -3     3    3.0034313e-05
927 region_rec_diffs(4,58)        -0.79056625     -3     3    -3.1575569e-05
928 region_rec_diffs(4,59)        -0.0076468411     -3     3    3.7986215e-05
929 region_rec_diffs(4,60)        1.4032612     -3     3    -9.0688024e-05
930 region_rec_diffs(4,61)        -0.098366599     -3     3    4.9142763e-05
931 region_rec_diffs(4,62)        0.247349     -3     3    9.6964278e-06
932 region_rec_diffs(4,63)        0.1172325     -3     3    3.3002555e-05
933 region_rec_diffs(4,64)        1.6329405     -3     3    3.094895e-05
934 region_rec_diffs(4,65)        -0.47448192     -3     3    -1.3813139e-06
935 region_rec_diffs(4,66)        0.041378102     -3     3    3.8725909e-06
936 region_rec_diffs(4,67)        -0.18036009     -3     3    -2.2483308e-05
937 region_rec_diffs(4,68)        -0.4754701     -3     3    4.8947492e-07
938 region_rec_diffs(4,69)        -0.64542516     -3     3    8.3375229e-06
939 region_rec_diffs(4,70)        0.86690003     -3     3    -0.00010358151
940 region_rec_diffs(4,71)        1.0811894     -3     3    0.00023665092
941 region_rec_diffs(4,72)        0.46775736     -3     3    -8.0820209e-05
942 region_rec_diffs(4,73)        -0.078685636     -3     3    -0.00012807455
943 region_rec_diffs(4,74)        0.32143839     -3     3    6.9243748e-05
944 region_rec_diffs(4,75)        1.9261378     -3     3    -3.9529498e-05
945 region_rec_diffs(4,76)        0.14662163     -3     3    -7.2354109e-05
946 region_rec_diffs(4,77)        -0.72965059     -3     3    -5.1047975e-05
947 region_rec_diffs(4,78)        -0.5179095     -3     3    -6.7211259e-05
948 region_rec_diffs(4,79)        -0.11897976     -3     3    3.3221855e-05
949 region_rec_diffs(4,80)        -0.78289343     -3     3    -6.0025389e-05
950 region_rec_diffs(4,81)        0.1363946     -3     3    -4.1733631e-05
951 region_rec_diffs(4,82)        -0.037920815     -3     3    3.1430914e-05
952 region_rec_diffs(4,83)        0.60246287     -3     3    3.0138993e-05
953 region_rec_diffs(4,84)        -0.03076097     -3     3    2.0762949e-05
954 region_rec_diffs(4,85)        0.16943302     -3     3    2.5476264e-05
955 region_rec_diffs(4,86)        0.13509569     -3     3    -1.4818385e-05
956 region_rec_diffs(4,87)        0.14455987     -3     3    -4.7095477e-05
957 region_rec_diffs(4,88)        1.5625538     -3     3    -0.00028072695
958 region_rec_diffs(4,89)        -0.11978667     -3     3    1.9370929e-05
959 region_rec_diffs(4,90)        0.24063971     -3     3    -5.3015792e-06
960 region_rec_diffs(4,91)        -0.12514972     -3     3    -2.7069325e-05
961 region_rec_diffs(4,92)        -0.46248389     -3     3    -5.4572176e-06
962 region_rec_diffs(4,93)        0.094858394     -3     3    -2.3837726e-05
963 region_rec_diffs(4,94)        -0.94851111     -3     3    -2.2663115e-05
964 region_rec_diffs(4,95)        0.92894221     -3     3    9.9414988e-05
965 region_rec_diffs(4,96)        0.50063841     -3     3    -0.00014585079
966 region_rec_diffs(4,97)        0.23253227     -3     3    -2.614776e-05
967 region_rec_diffs(4,98)        -0.046087298     -3     3    4.7161607e-05
968 region_rec_diffs(4,99)        0.84258498     -3     3    -0.00027331077
969 region_rec_diffs(4,100)        0.14474158     -3     3    -8.6541535e-05
970 region_rec_diffs(4,101)        0.39867004     -3     3    1.1337617e-05
971 region_rec_diffs(4,102)        0.095014783     -3     3    -8.1647243e-06
972 region_rec_diffs(4,103)        0.28499354     -3     3    2.7742311e-05
973 region_rec_diffs(4,104)        0.76882391     -3     3    -7.8949331e-05
974 region_rec_diffs(4,105)        0.12102384     -3     3    2.1578104e-05
975 region_rec_diffs(4,106)        0.044678362     -3     3    5.2549085e-05
976 region_rec_diffs(4,107)        0.085157531     -3     3    1.6733928e-05
977 region_rec_diffs(4,108)        -0.3658567     -3     3    -5.7193663e-05
978 region_rec_diffs(4,109)        0.26047964     -3     3    -0.00015115002
979 region_rec_diffs(4,110)        0.077815213     -3     3    -7.8339605e-06
980 region_rec_diffs(4,111)        -0.56403664     -3     3    2.4191326e-05
981 region_rec_diffs(4,112)        -0.53259433     -3     3    5.3225247e-07
982 region_rec_diffs(4,113)        0.58907     -3     3    1.2126477e-05
983 region_rec_diffs(4,114)        0.17798133     -3     3    4.287749e-05
984 region_rec_diffs(4,115)        0.72152326     -3     3    4.8849429e-05
985 region_rec_diffs(4,116)        -0.12218275     -3     3    0.00011908467
986 region_rec_diffs(4,117)        -0.008196429     -3     3    0.00010070076
987 region_rec_diffs(4,118)        0.76005741     -3     3    -8.7285446e-05
988 region_rec_diffs(4,119)        0.99469573     -3     3    0.00013743099
989 region_rec_diffs(4,120)        -0.25587244     -3     3    5.5528836e-05
990 region_rec_diffs(4,121)        0.060201209     -3     3    -9.7020875e-05
991 region_rec_diffs(4,122)        0.48548333     -3     3    -1.3094974e-05
992 region_rec_diffs(4,123)        0.29510103     -3     3    7.249865e-05
993 region_rec_diffs(4,124)        -0.052813989     -3     3    -4.0865581e-05
994 region_rec_diffs(4,125)        1.4065108     -3     3    -0.00025561192
995 region_rec_diffs(4,126)        0.37327879     -3     3    -6.4671183e-05
996 region_rec_diffs(4,127)        -0.54815349     -3     3    -2.6797275e-05
997 region_rec_diffs(4,128)        -0.81109406     -3     3    -1.0258957e-05
998 region_rec_diffs(4,129)        0.8726028     -3     3    -0.00013693037
999 region_rec_diffs(4,130)        0.75002215     -3     3    -3.7382634e-06
1000 region_rec_diffs(4,131)        0.28491195     -3     3    3.3367611e-05
1001 region_rec_diffs(4,132)        -0.68881129     -3     3    -3.093666e-05
1002 region_rec_diffs(4,133)        -0.69085536     -3     3    -8.9835608e-06
1003 region_rec_diffs(4,134)        0.13240567     -3     3    -7.8622753e-05
1004 region_rec_diffs(4,135)        -0.27512033     -3     3    -6.2165037e-05
1005 region_rec_diffs(4,136)        -0.74820376     -3     3    -3.5204027e-05
1006 region_rec_diffs(4,137)        0.85822107     -3     3    1.2554939e-05
1007 region_rec_diffs(4,138)        1.8292957     -3     3    7.2817654e-05
1008 region_rec_diffs(4,139)        -0.1856982     -3     3    -3.9213184e-05
1009 region_rec_diffs(4,140)        -1.9704358     -3     3    1.8498371e-06
1010 region_rec_diffs(4,141)        -1.3179292     -3     3    4.0192867e-05
1011 region_rec_diffs(4,142)        -0.13576766     -3     3    -1.5077995e-05
1012 region_rec_diffs(4,143)        -0.15291207     -3     3    -3.3887729e-05
1013 region_rec_diffs(4,144)        -0.66553737     -3     3    -4.4452401e-05
1014 region_rec_diffs(4,145)        -0.30450757     -3     3    -0.00010999798
1015 region_rec_diffs(4,146)        0.24189515     -3     3    7.2756788e-05
1016 region_rec_diffs(4,147)        1.6466441     -3     3    -0.00023458046
1017 region_rec_diffs(4,148)        0.60025014     -3     3    -0.0001670495
1018 region_rec_diffs(4,149)        -0.3919129     -3     3    -5.3027807e-05
1019 region_rec_diffs(4,150)        -0.11244239     -3     3    3.2500301e-05
1020 region_rec_diffs(4,151)        -0.47514876     -3     3    -4.4942532e-05
1021 region_rec_diffs(4,152)        -0.91674763     -3     3    -2.9862096e-05
1022 region_rec_diffs(4,153)        -0.95279389     -3     3    -3.1021698e-05
1023 region_rec_diffs(4,154)        -0.28881076     -3     3    -1.4537028e-05
1024 region_rec_diffs(4,155)        0.6508867     -3     3    7.3638816e-05
1025 region_rec_diffs(4,156)        -0.36430908     -3     3    3.4392264e-06
1026 region_rec_diffs(4,157)        0.0082654899     -3     3    1.0265593e-05
1027 region_rec_diffs(4,158)        -0.055766542     -3     3    -4.2559933e-06
1028 region_rec_diffs(4,159)        -0.090774392     -3     3    -8.0400284e-05
1029 region_rec_diffs(4,160)        -0.74181443     -3     3    -0.00015717803
1030 region_rec_diffs(4,161)        -0.46526982     -3     3    -8.1571344e-05
1031 region_rec_diffs(4,162)        1.464914     -3     3    0.0001058109
1032 region_rec_diffs(4,163)        0.44249428     -3     3    -4.1881128e-05
1033 region_rec_diffs(4,164)        -0.55541674     -3     3    6.4326479e-05
1034 region_rec_diffs(4,165)        -0.33702132     -3     3    -3.5357085e-05
1035 region_rec_diffs(4,166)        -0.59806477     -3     3    3.8973833e-06
1036 region_rec_diffs(4,167)        -0.65734356     -3     3    7.0891522e-05
1037 region_rec_diffs(4,168)        1.3442365     -3     3    7.3126405e-05
1038 region_rec_diffs(4,169)        0.016970481     -3     3    -3.3229444e-05
1039 region_rec_diffs(4,170)        -0.21267706     -3     3    1.5337119e-05
1040 region_rec_diffs(4,171)        0.090768784     -3     3    -6.2451832e-05
1041 region_rec_diffs(4,172)        1.2727567     -3     3    -8.0134391e-05
1042 region_rec_diffs(4,173)        0.90970564     -3     3    -3.5915681e-05
1043 region_rec_diffs(4,174)        0.15389367     -3     3    9.2851873e-06
1044 region_rec_diffs(4,175)        -0.5602039     -3     3    -1.2732636e-05
1045 region_rec_diffs(4,176)        -1.87576     -3     3    -9.6476678e-06
1046 region_rec_diffs(4,177)        -2.386339     -3     3    2.1202415e-05
1047 region_rec_diffs(4,178)        -1.8667653     -3     3    2.4692721e-05
1048 region_rec_diffs(4,179)        0.82558699     -3     3    0.00012035378
1049 region_rec_diffs(4,180)        0.55821785     -3     3    3.1141791e-05
1050 region_rec_diffs(4,181)        -0.87217758     -3     3    -2.7453437e-05
1051 region_rec_diffs(4,182)        -0.330213     -3     3    -9.1094567e-05
1052 region_rec_diffs(4,183)        -0.54254935     -3     3    -0.00011609998
1053 region_rec_diffs(4,184)        -0.92933049     -3     3    -6.3254567e-05
1054 region_rec_diffs(4,185)        -1.9184467     -3     3    1.8120044e-05
1055 region_rec_diffs(4,186)        -0.89098579     -3     3    0.00011651282
1056 region_rec_diffs(4,187)        1.7153549     -3     3    -8.2660299e-05
1057 region_rec_diffs(4,188)        -2.3328156     -3     3    -3.2916143e-05
1058 region_rec_diffs(4,189)        -2.1413098     -3     3    -3.651863e-05
1059 region_rec_diffs(4,190)        -1.7890561     -3     3    -4.8573254e-05
1060 region_rec_diffs(4,191)        -1.3638024     -3     3    -9.92666e-05
1061 region_rec_diffs(4,192)        0.05070766     -3     3    -0.00013531618
1062 region_rec_diffs(4,193)        -0.86368557     -3     3    0.00012101435
1063 region_rec_diffs(4,194)        -1.1098689     -3     3    2.0219266e-05
1064 region_rec_diffs(4,195)        1.1483867     -3     3    -0.00017675241
1065 region_rec_diffs(4,196)        -0.22022468     -3     3    -4.4845403e-05
1066 region_rec_diffs(4,197)        -1.0468849     -3     3    1.5813966e-05
1067 region_rec_diffs(4,198)        -1.3483073     -3     3    -8.3268255e-06
1068 region_rec_diffs(4,199)        1.4664918     -3     3    3.9198153e-05
1069 region_rec_diffs(4,200)        -0.10886727     -3     3    -0.00013453201
1070 region_rec_diffs(4,201)        -1.504405     -3     3    -5.1958744e-05
1071 region_rec_diffs(4,202)        -1.2489004     -3     3    -0.00014952886
1072 region_rec_diffs(4,203)        0.48602846     -3     3    -0.00024524992
1073 region_rec_diffs(4,204)        1.2281439     -3     3    0.00011101274
1074 region_rec_diffs(4,205)        -0.84411525     -3     3    -1.8483751e-05
1075 region_rec_diffs(4,206)        -1.8286912     -3     3    -1.3030339e-05
1076 region_rec_diffs(4,207)        -1.8272173     -3     3    3.930605e-05
1077 region_rec_diffs(4,208)        -2.6505409     -3     3    -3.6059361e-05
1078 region_rec_diffs(4,209)        -2.5993776     -3     3    -2.0543622e-05
1079 region_rec_diffs(4,210)        -2.6463755     -3     3    0.00010805323
1080 region_rec_diffs(4,211)        0.73650993     -3     3    -0.00018689759
1081 region_rec_diffs(4,212)        1.6293773     -3     3    2.776306e-06
1082 region_rec_diffs(4,213)        0.25137059     -3     3    -8.5355474e-05
1083 region_rec_diffs(4,214)        -0.81699841     -3     3    -0.00016854056
1084 region_rec_diffs(4,215)        0.69186083     -3     3    0.00010891453
1085 region_rec_diffs(4,216)        -0.42229527     -3     3    -0.00015330326
1086 region_rec_diffs(4,217)        0.0090077539     -3     3    0.0002876076
1087 region_rec_diffs(4,218)        0.9133865     -3     3    0.0001439345
1088 region_rec_diffs(4,219)        0.65889619     -3     3    0.00018018199
1089 region_rec_diffs(4,220)        -0.94752765     -3     3    8.4063794e-07
1090 region_rec_diffs(4,221)        -1.2345061     -3     3    -3.469042e-07
1091 region_rec_diffs(4,222)        -1.5676155     -3     3    -2.1387176e-05
1092 region_rec_diffs(4,223)        0.88272035     -3     3    -9.1086387e-05
1093 region_rec_diffs(4,224)        -0.25028309     -3     3    0.00014388711
1094 region_rec_diffs(4,225)        -0.56900456     -3     3    -5.2911441e-05
1095 region_rec_diffs(4,226)        -0.87290511     -3     3    7.489516e-05
1096 region_rec_diffs(4,227)        0.30882274     -3     3    1.6855227e-05
1097 region_rec_diffs(4,228)        -0.66276632     -3     3    -5.5699041e-05
1098 region_rec_diffs(4,229)        -0.38740679     -3     3    3.1463442e-05
1099 region_rec_diffs(4,230)        0.39403399     -3     3    -6.2755949e-05
1100 region_rec_diffs(4,231)        0.15832145     -3     3    -4.9646524e-05
1101 region_rec_diffs(4,232)        0.81266147     -3     3    -0.00012679516
1102 region_rec_diffs(4,233)        -0.073510036     -3     3    0.00014856967
1103 region_rec_diffs(4,234)        -0.42666509     -3     3    4.8308919e-05
1104 region_rec_diffs(4,235)        -0.56217758     -3     3    3.5897345e-05
1105 region_rec_diffs(4,236)        -1.2049581     -3     3    3.1654037e-05
1106 region_rec_diffs(4,237)        0.91071462     -3     3    0.00030606023
1107 region_rec_diffs(4,238)        0.30737126     -3     3    -5.0607834e-05
1108 region_rec_diffs(4,239)        0.074591322     -3     3    -9.4788462e-05
1109 region_rec_diffs(4,240)        0.057159168     -3     3    9.4903867e-05
1110 region_rec_diffs(4,241)        -1.1156672     -3     3    1.4094419e-05
1111 region_rec_diffs(4,242)        -0.53232823     -3     3    -7.2799719e-05
1112 region_rec_diffs(4,243)        -0.037309233     -3     3    3.3396721e-05
1113 region_rec_diffs(4,244)        0.88320576     -3     3    -0.0003445182
1114 region_rec_diffs(4,245)        0.51372479     -3     3    -0.00011853005
1115 region_rec_diffs(4,246)        -0.4224009     -3     3    6.0217198e-05
1116 region_rec_diffs(4,247)        -1.0375441     -3     3    9.6143943e-06
1117 region_rec_diffs(4,248)        0.3951308     -3     3    -0.00013548729
1118 region_rec_diffs(4,249)        0.54812124     -3     3    0.0001216581
1119 region_rec_diffs(4,250)        -0.68515018     -3     3    1.9571048e-05
1120 region_rec_diffs(4,251)        -0.66492321     -3     3    -0.0001149902
1121 region_rec_diffs(4,252)        -2.0161949     -3     3    -3.8354294e-05
1122 region_rec_diffs(4,253)        -1.2388497     -3     3    3.0681711e-05
1123 region_rec_diffs(4,254)        -0.27392153     -3     3    2.5075682e-05
1124 region_rec_diffs(4,255)        0.49770659     -3     3    0.00015250253
1125 region_rec_diffs(4,256)        -1.2653272     -3     3    -9.4468116e-05
1126 region_rec_diffs(4,257)        -1.1221827     -3     3    -3.3414865e-06
1127 region_rec_diffs(4,258)        -0.31286549     -3     3    5.5394392e-05
1128 region_rec_diffs(4,259)        -0.9407797     -3     3    5.1191818e-05
1129 region_rec_diffs(4,260)        -0.29150397     -3     3    0.00012390621
1130 region_rec_diffs(4,261)        -1.5246678     -3     3    -4.836527e-05
1131 region_rec_diffs(4,262)        -2.385771     -3     3    -5.2060861e-05
1132 region_rec_diffs(4,263)        -2.1000999     -3     3    -1.7255837e-05
1133 region_rec_diffs(4,264)        0.83428952     -3     3    -6.155608e-05
1134 region_rec_diffs(4,265)        -0.24945961     -3     3    0.00011140846
1135 region_rec_diffs(4,266)        -1.4629586     -3     3    -1.5903756e-05
1136 region_rec_diffs(4,267)        -1.2728243     -3     3    3.746848e-05
1137 region_rec_diffs(4,268)        -0.97785523     -3     3    1.8044762e-05
1138 region_rec_diffs(4,269)        -1.5610801     -3     3    -2.1550178e-05
1139 region_rec_diffs(4,270)        -0.47767154     -3     3    3.811619e-05
1140 region_rec_diffs(4,271)        1.5441577     -3     3    5.6550737e-05
1141 region_rec_diffs(4,272)        -0.76107181     -3     3    -4.4689418e-06
1142 region_rec_diffs(4,273)        -1.3443565     -3     3    3.6386332e-05
1143 region_rec_diffs(4,274)        -1.1455748     -3     3    -1.0145405e-06
1144 region_rec_diffs(4,275)        -2.2209327     -3     3    3.9835326e-05
1145 region_rec_diffs(4,276)        -0.47423146     -3     3    -4.9705735e-06
1146 region_rec_diffs(4,277)        0.18352231     -3     3    -5.2050489e-05
1147 region_rec_diffs(4,278)        0.43718648     -3     3    -4.9787404e-05
1148 region_rec_diffs(4,279)        -1.2402928     -3     3    -4.4543806e-05
1149 bs_selcoff_gp:1(1,1,1,1)        -8.9375459     -20     7    9.2403386e-05
1150 bs_selcoff_gp:1(1,1,1,2)        -4.2111345     -20     7    -7.2980604e-06
1151 bs_selcoff_gp:1(1,1,1,3)        0.27044261     -20     7    0.0002811124
1152 bs_selcoff_gp:1(1,1,1,4)        0.83555013     -20     7    0.00019240384
1153 bs_selcoff_gp:1(1,1,1,5)        0.3136989     -20     7    -7.5340975e-05
1154 bs_selcoff_gp:2(2,1,1,1)        -5.9795915     -20     7    -1.0006984e-05
1155 bs_selcoff_gp:2(2,1,1,2)        -2.3057612     -20     7    0.00012164216
1156 bs_selcoff_gp:2(2,1,1,3)        0.21881338     -20     7    -8.0757332e-05
1157 bs_selcoff_gp:2(2,1,1,4)        0.68435999     -20     7    0.0002042774
1158 bs_selcoff_gp:2(2,1,1,5)        0.51327781     -20     7    0.00030173467
1159 bs_selcoff_gp:3(3,1,1,1)        -5.2463322     -20     7    -7.3948639e-06
1160 bs_selcoff_gp:3(3,1,1,2)        -4.9733475     -20     7    -6.6264994e-05
1161 bs_selcoff_gp:3(3,1,1,3)        0.027074055     -20     7    2.638018e-05
1162 bs_selcoff_gp:3(3,1,1,4)        0.84136111     -20     7    9.2367745e-05
1163 bs_selcoff_gp:3(3,1,1,5)        0.49521844     -20     7    1.0281481e-05
1164 bs_selcoff_gp:4(4,1,1,1)        -8.5916782     -20     7    -2.3499947e-05
1165 bs_selcoff_gp:4(4,1,1,2)        -2.4881013     -20     7    0.00014628009
1166 bs_selcoff_gp:4(4,1,1,3)        0.086380922     -20     7    -0.00015373594
1167 bs_selcoff_gp:4(4,1,1,4)        1.0770183     -20     7    2.904594e-05
1168 bs_selcoff_gp:4(4,1,1,5)        -0.11587082     -20     7    -0.00015741582
1169 bs_selcoff_gp:5(5,1,1,1)        -10.31016     -20     7    -1.3019638e-05
1170 bs_selcoff_gp:5(5,1,1,2)        -3.4133564     -20     7    -2.1330742e-05
1171 bs_selcoff_gp:5(5,1,1,3)        0.023046967     -20     7    7.3526461e-05
1172 bs_selcoff_gp:5(5,1,1,4)        1.0028318     -20     7    -0.00018902644
1173 bs_selcoff_gp:5(5,1,1,5)        0.19698853     -20     7    0.00014601032
1174 bs_selcoff_gp:6(6,1,1,1)        -6.202062     -20     7    -6.5728825e-05
1175 bs_selcoff_gp:6(6,1,1,2)        -2.288638     -20     7    1.2287072e-05
1176 bs_selcoff_gp:6(6,1,1,3)        0.30285848     -20     7    4.7039272e-06
1177 bs_selcoff_gp:6(6,1,1,4)        0.80988446     -20     7    -4.5753684e-05
1178 bs_selcoff_gp:6(6,1,1,5)        0.25865791     -20     7    2.5993793e-05
1179 bs_selcoff_gp:7(7,1,1,1)        -7.3564513     -20     7    1.2044637e-05
1180 bs_selcoff_gp:7(7,1,1,2)        -3.0167592     -20     7    -5.3139675e-05
1181 bs_selcoff_gp:7(7,1,1,3)        0.11186039     -20     7    5.6935693e-05
1182 bs_selcoff_gp:7(7,1,1,4)        0.91625199     -20     7    -7.0703523e-05
1183 bs_selcoff_gp:7(7,1,1,5)        0.2867924     -20     7    0.00013549856
1184 bs_selcoff_gp:8(8,1,1,1)        -13.502878     -20     7    1.2498904e-05
1185 bs_selcoff_gp:8(8,1,1,2)        -5.1355582     -20     7    4.5000647e-06
1186 bs_selcoff_gp:8(8,1,1,3)        -1.2061928     -20     7    -9.2423562e-05
1187 bs_selcoff_gp:8(8,1,1,4)        1.2836592     -20     7    1.6930211e-06
1188 bs_selcoff_gp:8(8,1,1,5)        0.081550205     -20     7    0.00015939215
1189 bs_selcoff_gp:9(9,1,1,1)        -11.771268     -20     7    5.4106236e-06
1190 bs_selcoff_gp:9(9,1,1,2)        -8.5849503     -20     7    -9.5999701e-05
1191 bs_selcoff_gp:9(9,1,1,3)        -2.5695058     -20     7    0.00038708022
1192 bs_selcoff_gp:9(9,1,1,4)        0.78004202     -20     7    6.0594677e-05
1193 bs_selcoff_gp:9(9,1,1,5)        1.0085831     -20     7    1.2188835e-06
1194 bs_selcoff_gp:10(10,1,1,1)        -8.0710467     -20     7    3.2003262e-05
1195 bs_selcoff_gp:10(10,1,1,2)        -1.718817     -20     7    -0.00018019939
1196 bs_selcoff_gp:10(10,1,1,3)        0.1271487     -20     7    -0.00019522943
1197 bs_selcoff_gp:10(10,1,1,4)        0.89142082     -20     7    7.1323281e-05
1198 bs_selcoff_gp:10(10,1,1,5)        0.22009292     -20     7    -2.7638296e-05
1199 bs_selcoff_gp:11(11,1,1,1)        -5.536775     -20     7    4.5337285e-05
1200 bs_selcoff_gp:11(11,1,1,2)        -5.122359     -20     7    2.4160185e-05
1201 bs_selcoff_gp:11(11,1,1,3)        -0.1115216     -20     7    5.4744961e-06
1202 bs_selcoff_gp:11(11,1,1,4)        1.2704262     -20     7    -7.0838607e-05
1203 bs_selcoff_gp:11(11,1,1,5)        -0.62876313     -20     7    -3.1044819e-05
1204 bs_selcoff_gp:12(12,1,1,1)        -6.9326557     -20     7    9.5864028e-06
1205 bs_selcoff_gp:12(12,1,1,2)        -5.1790369     -20     7    0.00012927515
1206 bs_selcoff_gp:12(12,1,1,3)        -0.2547044     -20     7    4.2569127e-05
1207 bs_selcoff_gp:12(12,1,1,4)        1.0824513     -20     7    -1.0347727e-05
1208 bs_selcoff_gp:12(12,1,1,5)        0.23613963     -20     7    2.9134167e-05
1209 bs_selcoff_gp:13(13,1,1,1)        -1.9678494     -20     7    -0.00038754668
1210 bs_selcoff_gp:13(13,1,1,2)        1.5300173     -20     7    -7.1682585e-06
1211 bs_selcoff_gp:13(13,1,1,3)        -1.5023248     -20     7    -4.6475389e-05
1212 bs_selcoff_gp:13(13,1,1,4)        -3.9187806     -20     7    -5.7088339e-05
1213 bs_selcoff_gp:13(13,1,1,5)        -19.999947     -20     7    2.4890876e-05   *************
1214 bs_selcoff_gp:14(14,1,1,1)        -1.3862137     -20     7    -0.00011190906
1215 bs_selcoff_gp:14(14,1,1,2)        1.391522     -20     7    -1.7183324e-05
1216 bs_selcoff_gp:14(14,1,1,3)        -0.59478865     -20     7    -8.5830901e-05
1217 bs_selcoff_gp:14(14,1,1,4)        -1.7481104     -20     7    -0.00022454759
1218 bs_selcoff_gp:14(14,1,1,5)        -5.7484693     -20     7    9.4581811e-05
1219 bs_selcoff_gp:15(15,1,1,1)        -1.8466317     -20     7    6.4444998e-05
1220 bs_selcoff_gp:15(15,1,1,2)        1.4856668     -20     7    -1.2404392e-05
1221 bs_selcoff_gp:15(15,1,1,3)        -0.91679238     -20     7    0.00011444354
1222 bs_selcoff_gp:15(15,1,1,4)        -3.6637485     -20     7    -0.00018535974
1223 bs_selcoff_gp:15(15,1,1,5)        -19.996998     -20     7    0.00019938751   *************
1224 bs_selcoff_gp:16(16,1,1,1)        -2.609951     -20     7    -3.7133024e-05
1225 bs_selcoff_gp:16(16,1,1,2)        1.2860156     -20     7    1.6803916e-05
1226 bs_selcoff_gp:16(16,1,1,3)        -0.039798801     -20     7    -0.00011909286
1227 bs_selcoff_gp:16(16,1,1,4)        -1.0860653     -20     7    0.00012233078
1228 bs_selcoff_gp:16(16,1,1,5)        -4.646457     -20     7    9.2858619e-06
1229 bs_selcoff_gp:17(17,1,1,1)        -0.51542662     -20     7    -0.00017426793
1230 bs_selcoff_gp:17(17,1,1,2)        1.0578454     -20     7    1.4132959e-05
1231 bs_selcoff_gp:17(17,1,1,3)        0.41589438     -20     7    5.5849115e-05
1232 bs_selcoff_gp:17(17,1,1,4)        -4.9734613     -20     7    -0.00012548651
1233 bs_selcoff_gp:17(17,1,1,5)        -19.997674     -20     7    1.2216124e-05   *************
1234 bs_selcoff_gp:18(18,1,1,1)        -2.6780887     -20     7    -3.6089857e-05
1235 bs_selcoff_gp:18(18,1,1,2)        1.4017735     -20     7    -1.1867997e-05
1236 bs_selcoff_gp:18(18,1,1,3)        -0.70603986     -20     7    9.1959645e-05
1237 bs_selcoff_gp:18(18,1,1,4)        -1.0245009     -20     7    -0.00013305569
1238 bs_selcoff_gp:18(18,1,1,5)        -4.1152583     -20     7    -3.0119205e-05
1239 bs_selcoff_gp:19(19,1,1,1)        0.19531571     -20     7    0.00025752912
1240 bs_selcoff_gp:19(19,1,1,2)        0.95998401     -20     7    0.00013457243
1241 bs_selcoff_gp:19(19,1,1,3)        -0.25604143     -20     7    -0.00033112006
1242 bs_selcoff_gp:19(19,1,1,4)        -0.92274839     -20     7    8.8036233e-06
1243 bs_selcoff_gp:19(19,1,1,5)        -6.7887459     -20     7    -1.0023053e-06
1244 bs_selcoff_gp:20(20,1,1,1)        -2.4792217     -20     7    -9.9953141e-05
1245 bs_selcoff_gp:20(20,1,1,2)        -0.79563097     -20     7    -9.8304948e-05
1246 bs_selcoff_gp:20(20,1,1,3)        -0.50949945     -20     7    -8.3098009e-05
1247 bs_selcoff_gp:20(20,1,1,4)        0.11176804     -20     7    -0.00021386879
1248 bs_selcoff_gp:20(20,1,1,5)        1.0100685     -20     7    6.0499358e-05
1249 bs_selcoff_gp:21(21,1,1,1)        -2.3562558     -20     7    -0.00012242919
1250 bs_selcoff_gp:21(21,1,1,2)        1.4429063     -20     7    -2.7088106e-05
1251 bs_selcoff_gp:21(21,1,1,3)        -0.44561966     -20     7    9.484609e-05
1252 bs_selcoff_gp:21(21,1,1,4)        -3.4479106     -20     7    3.2425594e-05
1253 bs_selcoff_gp:21(21,1,1,5)        -12.490999     -20     7    3.5161528e-06
1254 bs_selcoff_gp:22(22,1,1,1)        -4.4141201     -20     7    5.3267393e-05
1255 bs_selcoff_gp:22(22,1,1,2)        1.1327949     -20     7    0.00013025311
1256 bs_selcoff_gp:22(22,1,1,3)        0.4822467     -20     7    -0.0002489214
1257 bs_selcoff_gp:22(22,1,1,4)        -1.3333706     -20     7    0.00010535855
1258 bs_selcoff_gp:22(22,1,1,5)        -8.1586072     -20     7    3.8908598e-05
1259 bs_selcoff_gp:23(23,1,1,1)        -4.279597     -20     7    -7.4254365e-06
1260 bs_selcoff_gp:23(23,1,1,2)        0.079209273     -20     7    4.2799478e-05
1261 bs_selcoff_gp:23(23,1,1,3)        1.3613269     -20     7    -7.3854886e-06
1262 bs_selcoff_gp:23(23,1,1,4)        -6.0368043     -20     7    2.1520773e-05
1263 bs_selcoff_gp:23(23,1,1,5)        -14.093692     -20     7    0.00020539402
1264 bs_selcoff_gp:24(24,1,1,1)        -9.4283773     -20     7    -0.00030578087
1265 bs_selcoff_gp:24(24,1,1,2)        -0.391619     -20     7    3.962185e-05
1266 bs_selcoff_gp:24(24,1,1,3)        1.3972375     -20     7    -2.963299e-06
1267 bs_selcoff_gp:24(24,1,1,4)        -1.2731806     -20     7    8.6406262e-05
1268 bs_selcoff_gp:24(24,1,1,5)        -12.083645     -20     7    0.00016673008
1269 bs_selcoff_gp:25(25,1,1,1)        -11.658287     -20     7    -1.0779368e-05
1270 bs_selcoff_gp:25(25,1,1,2)        1.1669385     -20     7    -5.3790724e-06
1271 bs_selcoff_gp:25(25,1,1,3)        0.57533363     -20     7    7.7099216e-05
1272 bs_selcoff_gp:25(25,1,1,4)        -4.5915966     -20     7    2.7959908e-05
1273 bs_selcoff_gp:25(25,1,1,5)        -16.129119     -20     7    4.9202632e-06
1274 bs_selcoff_gp:26(26,1,1,1)        -1.1692411     -20     7    -6.3669086e-05
1275 bs_selcoff_gp:26(26,1,1,2)        1.3655384     -20     7    -5.1378409e-05
1276 bs_selcoff_gp:26(26,1,1,3)        -0.77275902     -20     7    0.00031133489
1277 bs_selcoff_gp:26(26,1,1,4)        -1.1742537     -20     7    0.00014103834
1278 bs_selcoff_gp:26(26,1,1,5)        -7.1097234     -20     7    -3.7033997e-05
1279 bs_selcoff_gp:27(27,1,1,1)        -2.4935702     -20     7    -3.8555921e-06
1280 bs_selcoff_gp:27(27,1,1,2)        1.3384987     -20     7    1.8952965e-05
1281 bs_selcoff_gp:27(27,1,1,3)        0.040000811     -20     7    -0.00013756311
1282 bs_selcoff_gp:27(27,1,1,4)        -2.7706464     -20     7    -1.6251693e-05
1283 bs_selcoff_gp:27(27,1,1,5)        -7.3836554     -20     7    1.1607733e-05
1284 bs_selcoff_gp:28(28,1,1,1)        -4.0445461     -20     7    0.00017586777
1285 bs_selcoff_gp:28(28,1,1,2)        1.5315645     -20     7    -1.8751576e-05
1286 bs_selcoff_gp:28(28,1,1,3)        -2.9883568     -20     7    -8.0195525e-05
1287 bs_selcoff_gp:28(28,1,1,4)        -1.1788999     -20     7    -4.0884324e-05
1288 bs_selcoff_gp:28(28,1,1,5)        -19.999972     -20     7    1.5575053e-05   *************
1289 bs_selcoff_gp:29(29,1,1,1)        -19.821178     -20     7    -4.1924372e-05
1290 bs_selcoff_gp:29(29,1,1,2)        -6.7588779     -20     7    1.2369657e-05
1291 bs_selcoff_gp:29(29,1,1,3)        -0.18814003     -20     7    -8.7546657e-06
1292 bs_selcoff_gp:29(29,1,1,4)        1.0153667     -20     7    2.2935756e-05
1293 bs_selcoff_gp:29(29,1,1,5)        0.34355871     -20     7    -6.9214527e-05
1294 recr(2)        1.0274542     -20     20    -0.00024345425
1295 recr(3)        1.0934465     -20     20    0.0001983218
1296 recr(4)        1.0342885     -20     20    -0.00029925183
1297 recr(5)        1.0147529     -20     20    5.4528987e-05
1298 recr(6)        -1.5116378     -20     20    -9.0895222e-05
1299 recr(7)        -1.781882     -20     20    -2.5342875e-05
1300 recr(8)        -0.99803067     -20     20    5.0909061e-05
1301 recr(9)        2.6963808     -20     20    0.00025595582
1302 recr(10)        -0.6383313     -20     20    1.1472114e-05
1303 recr(11)        -1.8403593     -20     20    2.067861e-06
1304 recr(12)        -1.0750423     -20     20    5.8356683e-05
1305 recr(13)        2.6091865     -20     20    3.9316501e-06
1306 recr(14)        1.3695725     -20     20    -6.5623377e-06
1307 recr(15)        -1.6754062     -20     20    -1.632668e-05
1308 recr(16)        -1.0971481     -20     20    -0.00019405314
1309 recr(17)        0.81817881     -20     20    -5.0022726e-06
1310 recr(18)        1.7916701     -20     20    0.00034425102
1311 recr(19)        -1.5014422     -20     20    -0.00013989128
1312 recr(20)        0.32611606     -20     20    7.0808328e-05
1313 recr(21)        0.50254084     -20     20    -0.00024618922
1314 recr(22)        1.3611304     -20     20    -0.00027157547
1315 recr(23)        -1.4680404     -20     20    -0.00010822199
1316 recr(24)        0.48800991     -20     20    2.7631219e-05
1317 recr(25)        0.16485809     -20     20    0.00013697386
1318 recr(26)        1.5397945     -20     20    -9.9796285e-07
1319 recr(27)        -1.507632     -20     20    1.5280332e-05
1320 recr(28)        2.1926102     -20     20    -2.0939315e-05
1321 recr(29)        0.77346022     -20     20    4.3973405e-05
1322 recr(30)        -0.36444824     -20     20    -1.2289035e-05
1323 recr(31)        -2.2530218     -20     20    -4.9061342e-06
1324 recr(32)        -1.3477875     -20     20    -7.7821275e-06
1325 recr(33)        0.049089485     -20     20    -4.1664386e-05
1326 recr(34)        1.7498135     -20     20    0.00012006012
1327 recr(35)        -2.299517     -20     20    3.8859877e-05
1328 recr(36)        -2.193236     -20     20    -1.1070282e-05
1329 recr(37)        1.9186621     -20     20    0.00011541123
1330 recr(38)        -0.64792828     -20     20    1.2010496e-05
1331 recr(39)        -2.7499003     -20     20    1.695287e-05
1332 recr(40)        -2.1104833     -20     20    8.8975397e-06
1333 recr(41)        1.1211762     -20     20    -0.00010353458
1334 recr(42)        1.2421415     -20     20    -0.00021901898
1335 recr(43)        -1.9978522     -20     20    -5.6679054e-06
1336 recr(44)        -0.25315681     -20     20    -5.8904444e-05
1337 recr(45)        1.4455792     -20     20    6.92588e-05
1338 recr(46)        -1.2362817     -20     20    4.6426936e-05
1339 recr(47)        -1.5409481     -20     20    2.1366494e-05
1340 recr(48)        0.050232343     -20     20    7.2921088e-05
1341 recr(49)        1.7064163     -20     20    6.0566106e-06
1342 recr(50)        -2.4338241     -20     20    1.6883468e-05
1343 recr(51)        0.085713955     -20     20    -8.93156e-05
1344 recr(52)        -1.3960527     -20     20    1.2755439e-05
1345 recr(53)        1.1330326     -20     20    9.8509903e-05
1346 recr(54)        0.30902584     -20     20    6.0349321e-05
1347 recr(55)        -1.0511814     -20     20    -3.2321383e-05
1348 recr(56)        0.23015115     -20     20    -4.7944092e-05
1349 recr(57)        -0.36830769     -20     20    -7.7657858e-05
1350 recr(58)        1.4024875     -20     20    -9.1534497e-05
1351 recr(59)        -1.0976163     -20     20    -9.7074454e-06
1352 recr(60)        1.1409498     -20     20    0.00010983471
1353 recr(61)        1.3868817     -20     20    0.0001034329
1354 recr(62)        -2.0936884     -20     20    -1.6231694e-05
1355 recr(63)        -1.3455244     -20     20    -4.628159e-05
1356 recr(64)        0.23249853     -20     20    -2.9230495e-06
1357 recr(65)        0.85452204     -20     20    -8.4781376e-05
1358 recr(66)        -2.1019307     -20     20    -1.0497313e-05
1359 recr(67)        -1.0078402     -20     20    3.3726864e-05
1360 recr(68)        0.1558376     -20     20    -3.4598751e-06
1361 recr(69)        1.2224149     -20     20    3.4896681e-05
1362 recr(70)        0.26935847     -20     20    3.7018533e-06
1363 recr(71)        -0.21250453     -20     20    1.2531137e-05
1364 recr(72)        0.41632884     -20     20    -1.547745e-05
1365 recr(73)        1.5360541     -20     20    0.00010188129
1366 recr(74)        -0.94983038     -20     20    -1.7021453e-05
1367 recr(75)        0.071554247     -20     20    -4.9504263e-05
1368 recr(76)        -1.4176996     -20     20    -1.0681778e-05
1369 recr(77)        0.048435352     -20     20    -0.00018262821
1370 recr(78)        -1.0303405     -20     20    -9.4157268e-05
1371 recr(79)        -1.937795     -20     20    -6.8789389e-05
1372 recr(80)        1.2810382     -20     20    -3.933187e-05
1373 recr(81)        0.38212065     -20     20    -1.3105309e-05
1374 recr(82)        -0.6867697     -20     20    -3.219963e-05
1375 recr(83)        0.57672795     -20     20    -0.00015766642
1376 recr(84)        0.5379167     -20     20    -6.0041726e-05
1377 recr(85)        1.063076     -20     20    -6.6784715e-06
1378 recr(86)        -2.509416     -20     20    6.5370576e-06
1379 recr(87)        0.32751914     -20     20    -6.967033e-05
1380 recr(88)        1.2888598     -20     20    0.00025564412
1381 recr(89)        -0.0051061222     -20     20    3.5759934e-05
1382 recr(90)        -2.4244756     -20     20    3.2606162e-06
1383 recr(91)        -0.42468869     -20     20    7.1967167e-05
1384 recr(92)        0.38689538     -20     20    5.2593409e-05
1385 recr(93)        -2.011409     -20     20    -1.2929739e-05
1386 recr(94)        2.0018272     -20     20    6.4760273e-05
1387 recr(95)        0.93905298     -20     20    -4.0056066e-06
1388 recr(96)        -1.2935608     -20     20    -0.00010547253
1389 recr(97)        -0.91277495     -20     20    4.1083128e-05
1390 recr(98)        -1.3577487     -20     20    3.134696e-05
1391 recr(99)        -0.072169589     -20     20    -3.1096282e-05
1392 recr(100)        1.2125133     -20     20    9.4518378e-05
1393 recr(101)        0.75985977     -20     20    -1.5632974e-05
1394 recr(102)        -3.1901033     -20     20    5.5054996e-07
1395 recr(103)        -0.82864896     -20     20    -8.6716608e-06
1396 recr(104)        1.8117295     -20     20    -9.9114547e-05
1397 recr(105)        -2.0911216     -20     20    -2.1613728e-05
1398 recr(106)        -3.9958283     -20     20    3.486986e-05
1399 recr(107)        -2.6863956     -20     20    -3.9737673e-06
1400 recr(108)        0.452705     -20     20    9.6556312e-05
1401 recr(109)        0.44006425     -20     20    -4.7411324e-06
1402 recr(110)        -2.7862082     -20     20    -8.8722837e-06
1403 recr(111)        -0.43321169     -20     20    -0.0002473485
1404 recr(112)        0.40632325     -20     20    -4.2917754e-05
1405 recr(113)        1.2214612     -20     20    -0.00010996695
1406 recr(114)        -1.0125305     -20     20    2.9518678e-05
1407 recr(115)        -0.93249047     -20     20    9.6871359e-06
1408 recr(116)        0.6468213     -20     20    -6.4562234e-05
1409 recr(117)        0.71944331     -20     20    9.3401849e-05
1410 recr(118)        -1.9126402     -20     20    1.1400958e-05
1411 recr(119)        0.28057278     -20     20    8.9207848e-05
1412 recr(120)        1.033343     -20     20    9.0737944e-05
1413 recr(121)        0.9133747     -20     20    -8.4478884e-05
1414 recr(122)        0.37736197     -20     20    -3.1438532e-05
1415 recr(123)        -0.56718497     -20     20    -1.8947035e-05
1416 recr(124)        0.84978264     -20     20    0.00019955409
1417 recr(125)        -0.36179352     -20     20    2.1395598e-05
1418 recr(126)        0.24354334     -20     20    8.1006243e-05
1419 recr(127)        -0.18722445     -20     20    0.00017136511
1420 recr(128)        0.51333253     -20     20    0.00010162489
1421 recr(129)        0.3262616     -20     20    0.00024778338
1422 recr(130)        -1.1558638     -20     20    -9.7858674e-05
1423 recr(131)        -1.242267     -20     20    -2.5784991e-05
1424 recr(132)        0.88535842     -20     20    5.6593425e-05
1425 recr(133)        1.2883774     -20     20    -1.5419415e-05
1426 recr(134)        -0.42316951     -20     20    -8.8344251e-05
1427 recr(135)        0.2807354     -20     20    -4.7851328e-05
1428 recr(136)        1.0231918     -20     20    -0.00023909698
1429 recr(137)        -0.86363985     -20     20    -1.4350249e-05
1430 recr(138)        -0.44583584     -20     20    -9.4425738e-05
1431 recr(139)        -1.9546401     -20     20    -1.7940886e-05
1432 recr(140)        1.0774686     -20     20    -7.9041111e-07
1433 recr(141)        0.50252147     -20     20    0.00012693854
1434 recr(142)        -1.7155795     -20     20    -1.8840343e-05
1435 recr(143)        -0.73445686     -20     20    9.4227321e-05
1436 recr(144)        1.126657     -20     20    2.0887444e-05
1437 recr(145)        1.5334787     -20     20    -0.00040172553
1438 recr(146)        -0.98864277     -20     20    -7.0954277e-05
1439 recr(147)        0.14944539     -20     20    -0.00013643024
1440 recr(148)        1.2401243     -20     20    0.00041639096
1441 recr(149)        -0.64485508     -20     20    -4.1611102e-05
1442 recr(150)        -1.407178     -20     20    -4.6104463e-05
1443 recr(151)        0.52063436     -20     20    -1.8973083e-05
1444 recr(152)        0.62039353     -20     20    0.00020408552
1445 recr(153)        0.79605063     -20     20    -2.9569558e-05
1446 recr(154)        -0.30071989     -20     20    6.8083698e-05
1447 recr(155)        0.063298066     -20     20    0.00015561155
1448 recr(156)        1.0248171     -20     20    0.00011466256
1449 recr(157)        -0.39750697     -20     20    2.1100157e-05
1450 recr(158)        -1.3126529     -20     20    9.4200996e-06
1451 recr(159)        -0.84813286     -20     20    0.00012956645
1452 recr(160)        1.0950194     -20     20    0.00016742764
1453 recr(161)        0.82605131     -20     20    -9.3213257e-05
1454 recr(162)        -0.44234526     -20     20    -4.8833613e-05
1455 recr(163)        0.57487007     -20     20    -0.00014333629
1456 recr(164)        1.1312976     -20     20    -0.00015330636
1457 recr(165)        -0.84836204     -20     20    3.7579284e-05
1458 recr(166)        -0.71621546     -20     20    7.7673558e-05
1459 recr(167)        0.21716557     -20     20    -0.00029651273
1460 recr(168)        0.67423431     -20     20    2.3794568e-05
1461 recr(169)        0.10910109     -20     20    4.2458788e-05
1462 recr(170)        -0.05947147     -20     20    -0.00010621378
1463 recr(171)        0.34853998     -20     20    0.00038530328
1464 recr(172)        1.2219847     -20     20    7.5780938e-05
1465 recr(173)        1.2860562     -20     20    -0.00013421558
1466 recr(174)        -2.1768273     -20     20    -1.3813013e-06
1467 recr(175)        -1.5108303     -20     20    -0.00015821905
1468 recr(176)        0.23605083     -20     20    8.5610149e-05
1469 recr(177)        0.92814774     -20     20    0.00015277225
1470 recr(178)        0.97522858     -20     20    -0.0001382424
1471 recr(179)        -0.21612649     -20     20    -8.19354e-05
1472 recr(180)        0.81065344     -20     20    7.5628805e-05
1473 recr(181)        0.27521717     -20     20    -0.00028101068
1474 recr(182)        -0.79906681     -20     20    -0.00019571883
1475 recr(183)        -0.67052763     -20     20    0.00010544138
1476 recr(184)        -0.02207241     -20     20    4.1442588e-05
1477 recr(185)        0.91167425     -20     20    0.00011514424
1478 recr(186)        0.64449871     -20     20    -8.2493911e-05
1479 recr(187)        0.47375629     -20     20    -0.00011045128
1480 recr(188)        0.27937344     -20     20    6.7615352e-05
1481 recr(189)        -0.42421439     -20     20    9.2215922e-05
1482 recr(190)        -0.52329143     -20     20    3.5980426e-05
1483 recr(191)        0.30166     -20     20    0.00019074502
1484 recr(192)        0.72797593     -20     20    4.8129528e-06
1485 recr(193)        1.0825004     -20     20    6.1802002e-05
1486 recr(194)        0.36599279     -20     20    0.00019417432
1487 recr(195)        0.79952851     -20     20    5.9428435e-05
1488 recr(196)        0.9684286     -20     20    -0.00016652263
1489 recr(197)        -0.24331603     -20     20    -5.8478164e-05
1490 recr(198)        -0.1295418     -20     20    -8.5470237e-05
1491 recr(199)        0.29272702     -20     20    2.6686943e-05
1492 recr(200)        0.79166375     -20     20    -0.00016548242
1493 recr(201)        0.51745133     -20     20    0.00021480431
1494 recr(202)        0.19159874     -20     20    -0.00011246143
1495 recr(203)        1.0476835     -20     20    2.9216433e-05
1496 recr(204)        0.49169513     -20     20    -1.1799485e-05
1497 recr(205)        -1.4223857     -20     20    8.119359e-06
1498 recr(206)        -0.5967259     -20     20    -0.00016223701
1499 recr(207)        -0.75477341     -20     20    1.4341736e-05
1500 recr(208)        0.60689379     -20     20    -0.00014622369
1501 recr(209)        0.79443916     -20     20    7.018393e-05
1502 recr(210)        1.2273827     -20     20    -2.9862958e-05
1503 recr(211)        0.51984647     -20     20    0.00017158733
1504 recr(212)        0.68302611     -20     20    -0.0001136686
1505 recr(213)        -0.9490449     -20     20    -0.00011281663
1506 recr(214)        -0.28482676     -20     20    9.7268674e-05
1507 recr(215)        -0.46621042     -20     20    -0.00016899428
1508 recr(216)        0.87847664     -20     20    -5.9402008e-06
1509 recr(217)        0.58447282     -20     20    7.9247613e-05
1510 recr(218)        0.078150862     -20     20    0.00013513872
1511 recr(219)        -0.45728846     -20     20    0.0001662232
1512 recr(220)        0.020627903     -20     20    -0.00018443537
1513 recr(221)        0.40345128     -20     20    2.3781947e-05
1514 recr(222)        0.20060179     -20     20    0.00019419501
1515 recr(223)        0.77215024     -20     20    -0.00016389581
1516 recr(224)        0.40175963     -20     20    -6.088659e-05
1517 recr(225)        -0.37894042     -20     20    -2.1495761e-05
1518 recr(226)        -0.12332574     -20     20    7.690649e-05
1519 recr(227)        -0.043828387     -20     20    -6.8966297e-05
1520 recr(228)        0.63239827     -20     20    3.6642222e-05
1521 recr(229)        0.90768664     -20     20    0.00021969105
1522 recr(230)        0.47796893     -20     20    -6.4069714e-05
1523 recr(231)        0.28223505     -20     20    -0.0001017776
1524 recr(232)        0.34018908     -20     20    -5.6849124e-05
1525 recr(233)        -0.19547041     -20     20    0.00011338842
1526 recr(234)        -0.23251256     -20     20    -0.00043079223
1527 recr(235)        0.058693428     -20     20    -0.0002268732
1528 recr(236)        0.40429235     -20     20    0.00034399713
1529 recr(237)        -0.12842576     -20     20    7.0837463e-05
1530 recr(238)        -0.093165729     -20     20    9.7477961e-05
1531 recr(239)        0.35321903     -20     20    -0.00012500245
1532 recr(240)        0.48931631     -20     20    -3.1177986e-05
1533 recr(241)        0.82496732     -20     20    1.4154358e-05
1534 recr(242)        0.72898074     -20     20    0.00012815896
1535 recr(243)        0.60308855     -20     20    -0.0001256486
1536 recr(244)        0.8576618     -20     20    -8.5726092e-05
1537 recr(245)        0.26594672     -20     20    0.0002547901
1538 recr(246)        0.31789858     -20     20    8.5943457e-05
1539 recr(247)        0.56288974     -20     20    2.5900746e-06
1540 recr(248)        0.79901119     -20     20    0.00018153922
1541 recr(249)        -0.099719642     -20     20    -7.4918102e-05
1542 recr(250)        -0.31539948     -20     20    -0.00030918751
1543 recr(251)        -0.29621673     -20     20    0.00023509447
1544 recr(252)        0.057539055     -20     20    3.9413273e-05
1545 recr(253)        0.59285617     -20     20    -3.8474148e-05
1546 recr(254)        -0.12171733     -20     20    -0.0003701725
1547 recr(255)        0.14896672     -20     20    -0.00022302712
1548 recr(256)        0.56526006     -20     20    0.00025806888
1549 recr(257)        0.51646705     -20     20    -9.8195829e-05
1550 recr(258)        -0.027432292     -20     20    -5.5762245e-05
1551 recr(259)        0.34822883     -20     20    -0.0001704168
1552 recr(260)        0.94340107     -20     20    -2.7460358e-06
1553 recr(261)        -0.31585976     -20     20    -2.0595846e-05
1554 recr(262)        0.35704881     -20     20    -9.2365086e-05
1555 recr(263)        0.43424006     -20     20    0.00010238773
1556 recr(264)        0.75209918     -20     20    0.00027478716
1557 recr(265)        0.29602329     -20     20    0.00010105248
1558 recr(266)        -0.27908018     -20     20    0.00048046036
1559 recr(267)        -0.10333837     -20     20    -7.9770291e-05
1560 recr(268)        0.25959341     -20     20    -6.2531027e-05
1561 recr(269)        0.46305797     -20     20    5.1223657e-05
1562 recr(270)        -0.93338175     -20     20    -0.00012074546
1563 recr(271)        -0.15070379     -20     20    0.00022687713
1564 recr(272)        -0.32456887     -20     20    -0.00018005037
1565 recr(273)        0.49510685     -20     20    0.00039940789
1566 recr(274)        0.93108219     -20     20    -6.5686007e-05
1567 totpop        17.262431     8     25    -6.001998e-05
1568 tag_fish_rep(1)        0.14470432     0.001     0.99    -0.00011000266
1569 tag_fish_rep(3)        0.40970647     0.001     0.99    -6.9352994e-05
1570 tag_fish_rep(4)        0.59648439     0.001     0.99    3.2784946e-05
1571 tag_fish_rep(5)        0.66414185     0.001     0.99    1.4952459e-05
1572 tag_fish_rep(6)        0.52755116     0.001     0.99    -3.1588451e-05
1573 tag_fish_rep(11)        0.62333616     0.001     0.99    -5.8155313e-05
1574 tag_fish_rep(12)        0.59825338     0.001     0.99    -6.4937977e-06
1575 tag_fish_rep(13)        0.85684597     0.001     0.99    -0.00014575736
1576 tag_fish_rep(17)        0.70722753     0.001     0.99    -0.00011895722
1577 tag_fish_rep(18)        0.83307835     0.001     0.99    5.2504152e-06
1578 tag_fish_rep(19)        0.98999999     0.001     0.99    -1.799927e-06   *************
1579 tag_fish_rep(24)        0.86290359     0.001     0.99    1.7098885e-05
1580 tag_fish_rep(25)        0.51972474     0.001     0.99    -0.00015477021
1581 tag_fish_rep(28)        0.77181333     0.001     0.99    -2.5668573e-05
1582 tag_fish_rep(32)        0.12335774     0.001     0.99    2.5720011e-05
1583 tag_fish_rep(34)        0.98999993     0.001     0.99    -8.0783791e-06   *************
1584 tag_fish_rep(35)        0.99     0.001     0.99    6.1060236e-08   *************
1585 region_pars(1)        0.32702064     1e-06     1.5    3.2141571e-05
1586 region_pars(1)        0.45576833     1e-06     1.5    2.6524269e-06
1587 region_pars(1)        0.091989627     1e-06     1.5    -5.904509e-05
1588 region_pars(1)        0.12521008     1e-06     1.5    -2.3834786e-05
1589 sv(21)        0.035440459     1e-06     1000    1.5963352e-05
1590 age_pars(5)        -2.4928079     -20     2    -0.00067285725
1591 vb_coff(1)        23.740517     10     60    2.0451894e-05
1592 vb_coff(2)        149.85052     130     200    -0.00018951799
1593 vb_coff(3)        0.10998813     0.01     0.3    0.00046784211
1594 var_coff(1)        5.8641099     1     10    -0.00012284954
1595 var_coff(2)        0.42334345     0.1     3    -0.00034840704
