 Index  Var_name   Estimate L_bound  U_bound gradient
1 diff_coffs(1,1)        1.2196892e-07     0     4    9.3873829e-05   *************
2 diff_coffs(1,2)        1.1327606e-11     0     4    -0.00022051176   *************
3 diff_coffs(1,3)        2.538856e-09     0     4    2.326894e-07   *************
4 diff_coffs(1,4)        0.022374202     0     4    0.00024069072
5 diff_coffs(1,5)        9.6954911e-10     0     4    -3.905335e-06   *************
6 diff_coffs(1,6)        0.010705936     0     4    -0.00011086527
7 diff_coffs(1,7)        1.2216091     0     4    -4.3319162e-05
8 diff_coffs(1,8)        3.0625718     0     4    -4.2514885e-05
9 diff_coffs(2,1)        0.020762975     0     4    -0.00065209683
10 diff_coffs(2,2)        0.005525822     0     4    0.00034312336
11 diff_coffs(2,3)        1.4793869e-06     0     4    0.00011411065   *************
12 diff_coffs(2,4)        0.01248679     0     4    0.00027455758
13 diff_coffs(2,5)        2.2563751e-09     0     4    4.084254e-05   *************
14 diff_coffs(2,6)        1.520841e-08     0     4    8.3858223e-05   *************
15 diff_coffs(2,7)        0.020596973     0     4    -9.0638935e-05
16 diff_coffs(2,8)        3.535181e-10     0     4    5.5019482e-06   *************
17 diff_coffs(3,1)        0.0090584234     0     4    -0.0005027012
18 diff_coffs(3,2)        0.33079796     0     4    7.4120037e-05
19 diff_coffs(3,3)        2.0320119e-09     0     4    9.5851307e-07   *************
20 diff_coffs(3,4)        0.073192909     0     4    0.00035196959
21 diff_coffs(3,5)        0.24251736     0     4    -3.0141783e-05
22 diff_coffs(3,6)        0.0084703225     0     4    -0.00021821375
23 diff_coffs(3,7)        0.043380506     0     4    -0.00018452182
24 diff_coffs(3,8)        6.498484e-10     0     4    -1.0996289e-06   *************
25 diff_coffs(4,1)        9.1215721e-08     0     4    1.7371752e-05   *************
26 diff_coffs(4,2)        4.3866066e-10     0     4    -6.211912e-07   *************
27 diff_coffs(4,3)        2.911305e-09     0     4    2.2693224e-08   *************
28 diff_coffs(4,4)        0.001772448     0     4    0.00010031254
29 diff_coffs(4,5)        9.467035e-08     0     4    1.9267475e-05   *************
30 diff_coffs(4,6)        0.0034432609     0     4    -0.00018121587
31 diff_coffs(4,7)        3.5767744e-09     0     4    -1.6610607e-06   *************
32 diff_coffs(4,8)        0.013893294     0     4    0.00023304255
33 region_rec_diffs(1,1)        0     -3     3    -6.7761577e-16
34 region_rec_diffs(1,2)        0.3059799     -3     3    3.3427683e-05
35 region_rec_diffs(1,3)        0.2530354     -3     3    -7.3295088e-05
36 region_rec_diffs(1,4)        0.24567251     -3     3    -0.00010650333
37 region_rec_diffs(1,5)        0.29150217     -3     3    -1.6865802e-05
38 region_rec_diffs(1,6)        0.046144842     -3     3    3.7226428e-06
39 region_rec_diffs(1,7)        0.049606773     -3     3    1.8932901e-05
40 region_rec_diffs(1,8)        0.35725215     -3     3    -7.2219827e-07
41 region_rec_diffs(1,9)        0.18157274     -3     3    1.6836023e-05
42 region_rec_diffs(1,10)        0.11869487     -3     3    0.00015418897
43 region_rec_diffs(1,11)        0.061026294     -3     3    -1.6824822e-05
44 region_rec_diffs(1,12)        0.36735929     -3     3    -1.2596609e-05
45 region_rec_diffs(1,13)        0.12851633     -3     3    -1.2502265e-05
46 region_rec_diffs(1,14)        0.13142462     -3     3    1.0082273e-05
47 region_rec_diffs(1,15)        -0.038676694     -3     3    -7.3897912e-06
48 region_rec_diffs(1,16)        -0.19784364     -3     3    -8.4421174e-05
49 region_rec_diffs(1,17)        -0.38838322     -3     3    0.00026320989
50 region_rec_diffs(1,18)        0.16622243     -3     3    -3.4598668e-05
51 region_rec_diffs(1,19)        0.099094384     -3     3    -1.3697059e-05
52 region_rec_diffs(1,20)        0.15029788     -3     3    6.8445248e-05
53 region_rec_diffs(1,21)        -0.029729149     -3     3    -4.2565935e-05
54 region_rec_diffs(1,22)        0.27236628     -3     3    -3.9956167e-05
55 region_rec_diffs(1,23)        0.15053648     -3     3    8.0709676e-05
56 region_rec_diffs(1,24)        0.28987777     -3     3    1.0123324e-05
57 region_rec_diffs(1,25)        0.29391252     -3     3    2.633256e-05
58 region_rec_diffs(1,26)        0.33964478     -3     3    -3.813141e-05
59 region_rec_diffs(1,27)        0.075184446     -3     3    6.5291956e-05
60 region_rec_diffs(1,28)        0.33928549     -3     3    2.7082339e-05
61 region_rec_diffs(1,29)        -0.22646194     -3     3    0.00018935138
62 region_rec_diffs(1,30)        -0.97490991     -3     3    0.00019725582
63 region_rec_diffs(1,31)        -0.063353878     -3     3    1.9742007e-05
64 region_rec_diffs(1,32)        -0.13909465     -3     3    2.3654681e-05
65 region_rec_diffs(1,33)        -0.61495373     -3     3    2.8954599e-05
66 region_rec_diffs(1,34)        0.24793458     -3     3    0.00013640717
67 region_rec_diffs(1,35)        0.070840375     -3     3    2.5283882e-05
68 region_rec_diffs(1,36)        0.070652214     -3     3    6.785562e-06
69 region_rec_diffs(1,37)        0.22561096     -3     3    -5.2633019e-06
70 region_rec_diffs(1,38)        -0.10038158     -3     3    -4.8212899e-05
71 region_rec_diffs(1,39)        0.0083863267     -3     3    -2.0381114e-05
72 region_rec_diffs(1,40)        -0.013305246     -3     3    1.0556464e-05
73 region_rec_diffs(1,41)        -0.034159073     -3     3    5.3612169e-05
74 region_rec_diffs(1,42)        0.29517826     -3     3    -0.00014440383
75 region_rec_diffs(1,43)        0.026676104     -3     3    -1.1791278e-05
76 region_rec_diffs(1,44)        0.063430948     -3     3    -2.6597797e-05
77 region_rec_diffs(1,45)        0.27135184     -3     3    5.3318015e-05
78 region_rec_diffs(1,46)        0.15063906     -3     3    0.00018175547
79 region_rec_diffs(1,47)        0.12731193     -3     3    -9.1427793e-07
80 region_rec_diffs(1,48)        -0.48315377     -3     3    -3.080299e-05
81 region_rec_diffs(1,49)        -0.11744495     -3     3    3.2113754e-05
82 region_rec_diffs(1,50)        0.0097218275     -3     3    -2.8748264e-05
83 region_rec_diffs(1,51)        0.34738221     -3     3    8.8211868e-07
84 region_rec_diffs(1,52)        -0.043445045     -3     3    4.7108037e-05
85 region_rec_diffs(1,53)        -0.02729954     -3     3    -6.2035012e-05
86 region_rec_diffs(1,54)        -0.64496338     -3     3    -1.4223697e-05
87 region_rec_diffs(1,55)        0.17843549     -3     3    -4.724863e-05
88 region_rec_diffs(1,56)        0.079141251     -3     3    -8.7648513e-07
89 region_rec_diffs(1,57)        -0.5629162     -3     3    -8.8882991e-06
90 region_rec_diffs(1,58)        0.26883479     -3     3    -5.7900499e-05
91 region_rec_diffs(1,59)        0.15629247     -3     3    -0.0001219847
92 region_rec_diffs(1,60)        -0.57522115     -3     3    5.5886434e-05
93 region_rec_diffs(1,61)        0.22997905     -3     3    0.00011430959
94 region_rec_diffs(1,62)        0.018484322     -3     3    9.2157338e-06
95 region_rec_diffs(1,63)        0.15252458     -3     3    -5.6405692e-05
96 region_rec_diffs(1,64)        -0.026959784     -3     3    3.4233839e-05
97 region_rec_diffs(1,65)        -0.52625834     -3     3    -5.9606734e-05
98 region_rec_diffs(1,66)        -0.046117741     -3     3    -4.2468255e-05
99 region_rec_diffs(1,67)        0.23233013     -3     3    0.00025338393
100 region_rec_diffs(1,68)        0.32856706     -3     3    -3.8447175e-05
101 region_rec_diffs(1,69)        0.046747805     -3     3    -3.7811764e-06
102 region_rec_diffs(1,70)        -0.63328036     -3     3    -5.4205059e-05
103 region_rec_diffs(1,71)        0.12558638     -3     3    6.227279e-05
104 region_rec_diffs(1,72)        0.014088535     -3     3    6.5469889e-05
105 region_rec_diffs(1,73)        -0.24386259     -3     3    -0.00012028508
106 region_rec_diffs(1,74)        0.15284171     -3     3    -3.0113608e-06
107 region_rec_diffs(1,75)        -0.079746266     -3     3    1.543314e-05
108 region_rec_diffs(1,76)        -1.2578555     -3     3    -5.6853852e-05
109 region_rec_diffs(1,77)        -1.2880032     -3     3    -0.00017953792
110 region_rec_diffs(1,78)        0.15145427     -3     3    -4.4637506e-05
111 region_rec_diffs(1,79)        0.12400035     -3     3    -1.7140983e-05
112 region_rec_diffs(1,80)        0.34142585     -3     3    2.0968019e-05
113 region_rec_diffs(1,81)        -0.59292011     -3     3    1.1445999e-05
114 region_rec_diffs(1,82)        0.12445651     -3     3    -1.7950063e-05
115 region_rec_diffs(1,83)        0.026437783     -3     3    5.7725876e-05
116 region_rec_diffs(1,84)        -0.45146083     -3     3    0.00023234251
117 region_rec_diffs(1,85)        -1.3643556     -3     3    -1.9596943e-05
118 region_rec_diffs(1,86)        -0.15811681     -3     3    -1.1052069e-05
119 region_rec_diffs(1,87)        0.2828098     -3     3    1.7721593e-05
120 region_rec_diffs(1,88)        -2.4187042     -3     3    3.8827803e-05
121 region_rec_diffs(1,89)        -1.5004906     -3     3    6.5377569e-05
122 region_rec_diffs(1,90)        -0.86076462     -3     3    0.00011219445
123 region_rec_diffs(1,91)        0.025109354     -3     3    5.0269329e-05
124 region_rec_diffs(1,92)        -0.13193805     -3     3    0.00024528406
125 region_rec_diffs(1,93)        -0.044573141     -3     3    4.0387083e-05
126 region_rec_diffs(1,94)        0.361585     -3     3    -1.5101054e-05
127 region_rec_diffs(1,95)        -0.029698901     -3     3    6.2152605e-05
128 region_rec_diffs(1,96)        0.14257412     -3     3    0.00012158935
129 region_rec_diffs(1,97)        0.16490114     -3     3    0.00099655097
130 region_rec_diffs(1,98)        0.21221863     -3     3    0.00016155527
131 region_rec_diffs(1,99)        -0.7371375     -3     3    -0.00010086627
132 region_rec_diffs(1,100)        -0.68261461     -3     3    5.6687134e-05
133 region_rec_diffs(1,101)        -0.074169393     -3     3    5.1339916e-05
134 region_rec_diffs(1,102)        -0.021349975     -3     3    -6.0110316e-05
135 region_rec_diffs(1,103)        0.12944686     -3     3    -1.9726589e-06
136 region_rec_diffs(1,104)        -0.13495353     -3     3    4.1518998e-05
137 region_rec_diffs(1,105)        0.14052856     -3     3    0.00018320251
138 region_rec_diffs(1,106)        0.013486075     -3     3    8.449359e-06
139 region_rec_diffs(1,107)        0.015954768     -3     3    1.6655785e-05
140 region_rec_diffs(1,108)        0.13545     -3     3    -0.0001598188
141 region_rec_diffs(1,109)        0.092389436     -3     3    0.00012867236
142 region_rec_diffs(1,110)        -0.072507422     -3     3    -4.4109166e-05
143 region_rec_diffs(1,111)        -0.08151769     -3     3    2.3918779e-05
144 region_rec_diffs(1,112)        0.15468644     -3     3    0.00023639181
145 region_rec_diffs(1,113)        -0.21638862     -3     3    -4.4607495e-05
146 region_rec_diffs(1,114)        -0.77965363     -3     3    -8.9396103e-05
147 region_rec_diffs(1,115)        -0.025295461     -3     3    1.4493429e-05
148 region_rec_diffs(1,116)        -0.093661369     -3     3    2.9192256e-05
149 region_rec_diffs(1,117)        0.21543423     -3     3    -0.00010914746
150 region_rec_diffs(1,118)        -0.22361789     -3     3    -2.7291246e-05
151 region_rec_diffs(1,119)        0.13961518     -3     3    0.00020705588
152 region_rec_diffs(1,120)        -1.5060816     -3     3    9.1418066e-05
153 region_rec_diffs(1,121)        0.190149     -3     3    -8.6353385e-06
154 region_rec_diffs(1,122)        0.21131122     -3     3    -0.00017555513
155 region_rec_diffs(1,123)        -0.63070878     -3     3    5.3815162e-05
156 region_rec_diffs(1,124)        -0.18302682     -3     3    -1.8477899e-06
157 region_rec_diffs(1,125)        -0.46103149     -3     3    0.00010051213
158 region_rec_diffs(1,126)        -1.263343     -3     3    8.5549867e-06
159 region_rec_diffs(1,127)        -0.87453486     -3     3    3.6296915e-05
160 region_rec_diffs(1,128)        0.12039873     -3     3    9.8939204e-05
161 region_rec_diffs(1,129)        0.1859712     -3     3    0.00019940064
162 region_rec_diffs(1,130)        -0.67428837     -3     3    -1.6546507e-05
163 region_rec_diffs(1,131)        0.10820846     -3     3    -7.0312927e-06
164 region_rec_diffs(1,132)        -0.18629118     -3     3    -0.00014127138
165 region_rec_diffs(1,133)        0.14757552     -3     3    6.4794148e-06
166 region_rec_diffs(1,134)        -0.25779385     -3     3    5.5209345e-05
167 region_rec_diffs(1,135)        -0.15146826     -3     3    -2.9023051e-05
168 region_rec_diffs(1,136)        0.32458754     -3     3    1.0553284e-05
169 region_rec_diffs(1,137)        -1.0051082     -3     3    4.2487467e-05
170 region_rec_diffs(1,138)        -0.60718301     -3     3    0.00015161725
171 region_rec_diffs(1,139)        -1.79863     -3     3    6.087844e-06
172 region_rec_diffs(1,140)        -1.1019772     -3     3    4.0015218e-05
173 region_rec_diffs(1,141)        0.35434932     -3     3    -6.1380272e-06
174 region_rec_diffs(1,142)        0.19196852     -3     3    0.00012581954
175 region_rec_diffs(1,143)        -0.23161611     -3     3    -3.2149061e-05
176 region_rec_diffs(1,144)        0.24082761     -3     3    4.1118014e-05
177 region_rec_diffs(1,145)        0.051037888     -3     3    -8.2739389e-05
178 region_rec_diffs(1,146)        -1.0905687     -3     3    -2.1049936e-05
179 region_rec_diffs(1,147)        -1.5633477     -3     3    -4.8978833e-07
180 region_rec_diffs(1,148)        0.066185708     -3     3    -0.00020634428
181 region_rec_diffs(1,149)        0.32188148     -3     3    -5.7959829e-06
182 region_rec_diffs(1,150)        0.22006332     -3     3    2.1031672e-06
183 region_rec_diffs(1,151)        -2.5120221     -3     3    -6.5145178e-05
184 region_rec_diffs(1,152)        0.1164696     -3     3    0.00010716837
185 region_rec_diffs(1,153)        0.4106198     -3     3    -1.9395873e-05
186 region_rec_diffs(1,154)        -0.65522037     -3     3    -5.9611174e-05
187 region_rec_diffs(1,155)        -2.1022713     -3     3    6.1135279e-06
188 region_rec_diffs(1,156)        0.1948459     -3     3    0.00042725458
189 region_rec_diffs(1,157)        0.30940318     -3     3    3.0009765e-05
190 region_rec_diffs(1,158)        -0.64377406     -3     3    0.00025468214
191 region_rec_diffs(1,159)        -2.4839371     -3     3    -3.0563123e-05
192 region_rec_diffs(1,160)        -0.68890215     -3     3    0.00011481395
193 region_rec_diffs(1,161)        0.088721681     -3     3    -3.3346025e-05
194 region_rec_diffs(1,162)        -1.9025139     -3     3    3.2474398e-05
195 region_rec_diffs(1,163)        -2.9999999     -3     3    -1.8354951e-05   *************
196 region_rec_diffs(1,164)        0.34908552     -3     3    3.395135e-06
197 region_rec_diffs(1,165)        0.32215104     -3     3    -1.4578357e-05
198 region_rec_diffs(1,166)        -1.6276388     -3     3    9.6167991e-07
199 region_rec_diffs(1,167)        -2.9999996     -3     3    -1.6068814e-08   *************
200 region_rec_diffs(1,168)        0.0498748     -3     3    -2.3949595e-05
201 region_rec_diffs(1,169)        0.25144204     -3     3    0.00018703225
202 region_rec_diffs(1,170)        -1.2270669     -3     3    -4.8335962e-06
203 region_rec_diffs(1,171)        -0.77407329     -3     3    4.7947078e-05
204 region_rec_diffs(1,172)        -0.15230144     -3     3    -0.00016055213
205 region_rec_diffs(1,173)        0.36696202     -3     3    0.00036502427
206 region_rec_diffs(1,174)        -1.1483051     -3     3    0.00019137158
207 region_rec_diffs(1,175)        -1.7318987     -3     3    -5.2363656e-05
208 region_rec_diffs(1,176)        -1.9614529     -3     3    7.4816523e-05
209 region_rec_diffs(1,177)        -0.020289246     -3     3    -1.8528971e-05
210 region_rec_diffs(1,178)        0.10440599     -3     3    -5.8628697e-05
211 region_rec_diffs(1,179)        -2.5730432     -3     3    -0.00010320641
212 region_rec_diffs(1,180)        0.32070577     -3     3    -3.4001163e-05
213 region_rec_diffs(1,181)        0.18078882     -3     3    -3.4692231e-05
214 region_rec_diffs(1,182)        -0.79227354     -3     3    2.3774719e-07
215 region_rec_diffs(1,183)        -2.4753168     -3     3    2.2323572e-05
216 region_rec_diffs(1,184)        -2.2246347     -3     3    2.4736686e-05
217 region_rec_diffs(1,185)        0.32965341     -3     3    -6.5019274e-05
218 region_rec_diffs(1,186)        -0.7942234     -3     3    -0.0001024415
219 region_rec_diffs(1,187)        -2.9992896     -3     3    6.7368754e-05   *************
220 region_rec_diffs(1,188)        0.035176966     -3     3    0.00010915575
221 region_rec_diffs(1,189)        0.2934831     -3     3    -5.7061919e-06
222 region_rec_diffs(1,190)        -0.46214509     -3     3    9.8661073e-05
223 region_rec_diffs(1,191)        -2.9999999     -3     3    -8.7367067e-06   *************
224 region_rec_diffs(1,192)        -0.10159085     -3     3    1.0551052e-05
225 region_rec_diffs(1,193)        0.39925644     -3     3    -4.9341687e-05
226 region_rec_diffs(1,194)        -0.097799278     -3     3    0.00011221119
227 region_rec_diffs(1,195)        -1.6710475     -3     3    0.00012520914
228 region_rec_diffs(1,196)        -1.1068799     -3     3    7.3558193e-05
229 region_rec_diffs(1,197)        0.35691398     -3     3    -2.8785806e-05
230 region_rec_diffs(1,198)        -0.722407     -3     3    4.5213105e-05
231 region_rec_diffs(1,199)        -2.9999996     -3     3    3.1465329e-08   *************
232 region_rec_diffs(1,200)        -2.7411269     -3     3    -6.7211625e-05
233 region_rec_diffs(1,201)        0.32713178     -3     3    5.2768142e-05
234 region_rec_diffs(1,202)        0.28989109     -3     3    -2.4832025e-05
235 region_rec_diffs(1,203)        -2.0410011     -3     3    0.00010296484
236 region_rec_diffs(1,204)        -0.037986432     -3     3    5.0538214e-05
237 region_rec_diffs(1,205)        -0.8932703     -3     3    -0.00012429239
238 region_rec_diffs(1,206)        -1.8957599     -3     3    -4.7167092e-05
239 region_rec_diffs(1,207)        -2.0510969     -3     3    6.5107552e-05
240 region_rec_diffs(1,208)        -2.792908     -3     3    -7.5097174e-05
241 region_rec_diffs(1,209)        0.37166817     -3     3    -5.1019399e-05
242 region_rec_diffs(1,210)        0.29368597     -3     3    -7.3416594e-05
243 region_rec_diffs(1,211)        -2.6789641     -3     3    -6.7334462e-05
244 region_rec_diffs(1,212)        -1.259323     -3     3    -0.00018936583
245 region_rec_diffs(1,213)        -0.19808827     -3     3    2.562068e-05
246 region_rec_diffs(1,214)        -1.3364847     -3     3    -0.00016765122
247 region_rec_diffs(1,215)        -2.3175592     -3     3    -6.8564477e-05
248 region_rec_diffs(1,216)        -1.0606855     -3     3    -2.966441e-06
249 region_rec_diffs(1,217)        0.32851133     -3     3    -2.9929767e-06
250 region_rec_diffs(1,218)        -0.49448629     -3     3    -9.0308059e-06
251 region_rec_diffs(1,219)        -2.5941214     -3     3    -0.00025797921
252 region_rec_diffs(1,220)        -0.57618844     -3     3    0.00012283708
253 region_rec_diffs(1,221)        0.033862988     -3     3    6.5842859e-05
254 region_rec_diffs(1,222)        0.062841405     -3     3    -2.6786246e-05
255 region_rec_diffs(1,223)        -2.9999996     -3     3    2.8280323e-07   *************
256 region_rec_diffs(1,224)        -0.091093219     -3     3    -5.8356087e-05
257 region_rec_diffs(1,225)        -0.10103696     -3     3    -3.1292366e-06
258 region_rec_diffs(1,226)        -0.79958406     -3     3    0.00014199555
259 region_rec_diffs(1,227)        -2.8237427     -3     3    0.00013756813
260 region_rec_diffs(1,228)        -1.179494     -3     3    1.1582815e-05
261 region_rec_diffs(1,229)        0.23912339     -3     3    7.8597495e-05
262 region_rec_diffs(1,230)        0.099877033     -3     3    -6.2494163e-05
263 region_rec_diffs(1,231)        -2.9498087     -3     3    -4.6701694e-05
264 region_rec_diffs(1,232)        0.043032101     -3     3    7.0728636e-05
265 region_rec_diffs(1,233)        0.15013906     -3     3    -3.8046679e-05
266 region_rec_diffs(1,234)        -0.3249987     -3     3    -9.5542805e-05
267 region_rec_diffs(1,235)        -2.2731314     -3     3    8.7810983e-05
268 region_rec_diffs(1,236)        -1.6851833     -3     3    -1.4960451e-06
269 region_rec_diffs(1,237)        0.28654545     -3     3    3.8268546e-05
270 region_rec_diffs(1,238)        -0.088325806     -3     3    -1.2853791e-05
271 region_rec_diffs(1,239)        -2.5843303     -3     3    6.3988583e-06
272 region_rec_diffs(1,240)        -1.2131174     -3     3    0.00017792565
273 region_rec_diffs(1,241)        0.35749508     -3     3    4.4611674e-05
274 region_rec_diffs(1,242)        0.18396589     -3     3    -8.4581477e-05
275 region_rec_diffs(1,243)        -0.73831658     -3     3    4.6003863e-05
276 region_rec_diffs(1,244)        -0.24548892     -3     3    0.00016381808
277 region_rec_diffs(1,245)        0.17534708     -3     3    -3.2900742e-05
278 region_rec_diffs(1,246)        0.012380295     -3     3    4.8417455e-05
279 region_rec_diffs(1,247)        -1.1023395     -3     3    8.5026184e-05
280 region_rec_diffs(1,248)        -0.32511859     -3     3    -0.00022695143
281 region_rec_diffs(1,249)        0.06105153     -3     3    -4.5857688e-06
282 region_rec_diffs(1,250)        -0.30016166     -3     3    5.920985e-06
283 region_rec_diffs(1,251)        -2.9003178     -3     3    1.4347635e-05
284 region_rec_diffs(1,252)        -0.15427753     -3     3    -4.9031793e-05
285 region_rec_diffs(1,253)        0.18025547     -3     3    5.1890834e-05
286 region_rec_diffs(1,254)        -0.47891359     -3     3    5.9050255e-05
287 region_rec_diffs(1,255)        -2.9998176     -3     3    5.8275296e-05   *************
288 region_rec_diffs(1,256)        -0.06360909     -3     3    0.00013506999
289 region_rec_diffs(1,257)        0.2434774     -3     3    6.8929558e-05
290 region_rec_diffs(1,258)        -0.27778996     -3     3    -7.3561003e-05
291 region_rec_diffs(1,259)        -2.7135552     -3     3    -3.4406459e-05
292 region_rec_diffs(1,260)        -0.26850265     -3     3    -0.00014916958
293 region_rec_diffs(1,261)        0.31943298     -3     3    -7.6053422e-05
294 region_rec_diffs(1,262)        0.13028202     -3     3    1.1525015e-05
295 region_rec_diffs(1,263)        -2.9728268     -3     3    -0.00010744259
296 region_rec_diffs(1,264)        -0.24191424     -3     3    0.000100865
297 region_rec_diffs(1,265)        0.13509884     -3     3    0.00017629749
298 region_rec_diffs(1,266)        0.045929389     -3     3    -1.6971166e-06
299 region_rec_diffs(1,267)        -2.9027904     -3     3    3.9304732e-05
300 region_rec_diffs(1,268)        -0.48707782     -3     3    -6.1677634e-05
301 region_rec_diffs(1,269)        0.29439145     -3     3    0.00018284
302 region_rec_diffs(1,270)        -0.17074285     -3     3    0.00024709147
303 region_rec_diffs(1,271)        -2.5517704     -3     3    2.5817252e-05
304 region_rec_diffs(1,272)        -0.60139337     -3     3    0.00023325366
305 region_rec_diffs(1,273)        0.069252718     -3     3    -2.7478447e-05
306 region_rec_diffs(1,274)        -1.3083898     -3     3    3.7874222e-05
307 region_rec_diffs(1,275)        -1.0275621     -3     3    9.1305277e-05
308 region_rec_diffs(1,276)        -0.051116506     -3     3    0.00017301578
309 region_rec_diffs(1,277)        0.17519768     -3     3    -0.00018108493
310 region_rec_diffs(1,278)        0.0040775178     -3     3    9.0430098e-06
311 region_rec_diffs(1,279)        -0.77083897     -3     3    4.7658513e-05
312 region_rec_diffs(2,1)        0     -3     3    -1.8414186e-16
313 region_rec_diffs(2,2)        -0.62902516     -3     3    -9.4189009e-05
314 region_rec_diffs(2,3)        -0.32955495     -3     3    -0.00011973553
315 region_rec_diffs(2,4)        -0.42919009     -3     3    -0.0001029617
316 region_rec_diffs(2,5)        -0.55851793     -3     3    0.00014341212
317 region_rec_diffs(2,6)        0.086617385     -3     3    1.6723887e-05
318 region_rec_diffs(2,7)        0.078106993     -3     3    1.7349825e-05
319 region_rec_diffs(2,8)        -1.0273851     -3     3    -5.2873594e-05
320 region_rec_diffs(2,9)        -0.20103674     -3     3    -1.1861611e-05
321 region_rec_diffs(2,10)        -0.11792401     -3     3    2.8911825e-05
322 region_rec_diffs(2,11)        -0.057674788     -3     3    -3.2737726e-06
323 region_rec_diffs(2,12)        -1.4187637     -3     3    -8.9803984e-05
324 region_rec_diffs(2,13)        -0.17639984     -3     3    1.0579209e-05
325 region_rec_diffs(2,14)        -0.16762332     -3     3    -0.00014851172
326 region_rec_diffs(2,15)        0.048896237     -3     3    -1.9998994e-06
327 region_rec_diffs(2,16)        0.15065544     -3     3    -2.7511256e-05
328 region_rec_diffs(2,17)        0.58749534     -3     3    0.00018165562
329 region_rec_diffs(2,18)        0.0061352623     -3     3    -0.00026066444
330 region_rec_diffs(2,19)        -0.20941491     -3     3    9.6184552e-06
331 region_rec_diffs(2,20)        -0.32911618     -3     3    2.490154e-05
332 region_rec_diffs(2,21)        0.40590971     -3     3    5.8646434e-05
333 region_rec_diffs(2,22)        -0.62236806     -3     3    5.8927225e-05
334 region_rec_diffs(2,23)        -0.42028479     -3     3    -5.8805535e-06
335 region_rec_diffs(2,24)        -1.2397776     -3     3    1.8588247e-05
336 region_rec_diffs(2,25)        -1.2956539     -3     3    8.8638623e-07
337 region_rec_diffs(2,26)        -1.5716073     -3     3    -8.9048077e-05
338 region_rec_diffs(2,27)        -0.21848183     -3     3    7.4848898e-06
339 region_rec_diffs(2,28)        -1.5850399     -3     3    -4.2236244e-05
340 region_rec_diffs(2,29)        0.62126058     -3     3    7.1319117e-05
341 region_rec_diffs(2,30)        0.95361917     -3     3    0.0003042492
342 region_rec_diffs(2,31)        0.063657976     -3     3    8.3875972e-06
343 region_rec_diffs(2,32)        -0.047009473     -3     3    -1.4220007e-05
344 region_rec_diffs(2,33)        -0.53369034     -3     3    2.4290561e-05
345 region_rec_diffs(2,34)        -1.6779554     -3     3    3.2373071e-05
346 region_rec_diffs(2,35)        -0.21539044     -3     3    1.165874e-05
347 region_rec_diffs(2,36)        -0.22313531     -3     3    -9.1802148e-06
348 region_rec_diffs(2,37)        -1.2908752     -3     3    -8.0357648e-05
349 region_rec_diffs(2,38)        -0.11400623     -3     3    -6.2501988e-05
350 region_rec_diffs(2,39)        -0.098677125     -3     3    -1.8276153e-05
351 region_rec_diffs(2,40)        -0.061635283     -3     3    -9.0548657e-06
352 region_rec_diffs(2,41)        -0.077208324     -3     3    -7.3722615e-05
353 region_rec_diffs(2,42)        -1.023578     -3     3    0.00011650971
354 region_rec_diffs(2,43)        -0.068910215     -3     3    1.1372019e-05
355 region_rec_diffs(2,44)        -0.27219878     -3     3    2.8393796e-05
356 region_rec_diffs(2,45)        -1.8408222     -3     3    0.00013414343
357 region_rec_diffs(2,46)        -0.73201081     -3     3    3.1731585e-05
358 region_rec_diffs(2,47)        -0.66707259     -3     3    1.0176505e-05
359 region_rec_diffs(2,48)        -1.1571334     -3     3    -2.4713713e-05
360 region_rec_diffs(2,49)        -0.15291679     -3     3    5.5197389e-05
361 region_rec_diffs(2,50)        -0.064923985     -3     3    -1.4372992e-06
362 region_rec_diffs(2,51)        -1.4578484     -3     3    -2.1894948e-05
363 region_rec_diffs(2,52)        0.14607519     -3     3    1.3412382e-05
364 region_rec_diffs(2,53)        -0.34531437     -3     3    -5.971572e-05
365 region_rec_diffs(2,54)        -1.2439175     -3     3    -5.7906342e-05
366 region_rec_diffs(2,55)        -1.0800185     -3     3    -1.43593e-05
367 region_rec_diffs(2,56)        -0.63219527     -3     3    1.1041056e-05
368 region_rec_diffs(2,57)        -0.71337105     -3     3    2.1411199e-05
369 region_rec_diffs(2,58)        -1.0658175     -3     3    5.0951931e-05
370 region_rec_diffs(2,59)        -0.49510444     -3     3    7.7009186e-06
371 region_rec_diffs(2,60)        -0.93324323     -3     3    2.0011489e-05
372 region_rec_diffs(2,61)        -0.78153835     -3     3    -2.3224577e-05
373 region_rec_diffs(2,62)        0.010092154     -3     3    -5.0807313e-06
374 region_rec_diffs(2,63)        -0.33937253     -3     3    -2.7184869e-05
375 region_rec_diffs(2,64)        -0.37825952     -3     3    7.2542249e-06
376 region_rec_diffs(2,65)        -1.2157833     -3     3    -2.0937712e-06
377 region_rec_diffs(2,66)        -0.043735205     -3     3    -2.1387912e-05
378 region_rec_diffs(2,67)        -0.73365571     -3     3    3.6260921e-06
379 region_rec_diffs(2,68)        -1.4377047     -3     3    -2.0805466e-05
380 region_rec_diffs(2,69)        -0.36697105     -3     3    -4.5844542e-05
381 region_rec_diffs(2,70)        -0.78674401     -3     3    -2.3405678e-05
382 region_rec_diffs(2,71)        -0.35225118     -3     3    2.0792058e-05
383 region_rec_diffs(2,72)        -0.19300726     -3     3    -6.4909083e-05
384 region_rec_diffs(2,73)        0.12160192     -3     3    -0.00020284223
385 region_rec_diffs(2,74)        -0.20696728     -3     3    1.1092356e-05
386 region_rec_diffs(2,75)        0.16194688     -3     3    1.841502e-05
387 region_rec_diffs(2,76)        0.72630286     -3     3    0.00015870682
388 region_rec_diffs(2,77)        0.30931665     -3     3    0.00023480866
389 region_rec_diffs(2,78)        -0.25604821     -3     3    2.8607733e-05
390 region_rec_diffs(2,79)        -0.075906695     -3     3    -6.7486145e-06
391 region_rec_diffs(2,80)        -1.642796     -3     3    -2.3881173e-05
392 region_rec_diffs(2,81)        1.1859575     -3     3    -0.00010840055
393 region_rec_diffs(2,82)        -0.090368431     -3     3    -4.0753059e-05
394 region_rec_diffs(2,83)        -0.69497016     -3     3    -6.5092686e-05
395 region_rec_diffs(2,84)        0.62960408     -3     3    5.4198465e-05
396 region_rec_diffs(2,85)        -0.2438385     -3     3    -0.00010719928
397 region_rec_diffs(2,86)        0.21506592     -3     3    -2.5460902e-05
398 region_rec_diffs(2,87)        -1.0773327     -3     3    -3.0518591e-05
399 region_rec_diffs(2,88)        -0.78912241     -3     3    -0.00013568976
400 region_rec_diffs(2,89)        1.2664651     -3     3    -4.4273341e-05
401 region_rec_diffs(2,90)        1.0317893     -3     3    2.7232476e-05
402 region_rec_diffs(2,91)        -0.0061836761     -3     3    -8.5025408e-05
403 region_rec_diffs(2,92)        0.62744518     -3     3    -7.5173247e-05
404 region_rec_diffs(2,93)        0.20967394     -3     3    6.6991855e-05
405 region_rec_diffs(2,94)        -1.3683858     -3     3    -1.1907725e-05
406 region_rec_diffs(2,95)        0.20513161     -3     3    1.9877896e-05
407 region_rec_diffs(2,96)        -0.80838741     -3     3    -5.3561696e-05
408 region_rec_diffs(2,97)        -0.80787788     -3     3    7.1942214e-05
409 region_rec_diffs(2,98)        -0.52171878     -3     3    -9.2567275e-06
410 region_rec_diffs(2,99)        -0.83235542     -3     3    2.5430637e-06
411 region_rec_diffs(2,100)        0.78942462     -3     3    -5.5408172e-05
412 region_rec_diffs(2,101)        -1.2772046     -3     3    8.3630283e-05
413 region_rec_diffs(2,102)        0.014539843     -3     3    -1.3968746e-05
414 region_rec_diffs(2,103)        -0.40565196     -3     3    1.8103909e-07
415 region_rec_diffs(2,104)        -0.44284298     -3     3    -7.8498915e-05
416 region_rec_diffs(2,105)        -0.16049974     -3     3    2.8112492e-05
417 region_rec_diffs(2,106)        0.037624292     -3     3    3.9529815e-06
418 region_rec_diffs(2,107)        0.065590715     -3     3    5.9566168e-06
419 region_rec_diffs(2,108)        0.099239211     -3     3    -1.8199209e-05
420 region_rec_diffs(2,109)        -0.24630265     -3     3    1.3875937e-05
421 region_rec_diffs(2,110)        0.17903339     -3     3    -1.4449933e-05
422 region_rec_diffs(2,111)        0.19324881     -3     3    -5.1672831e-06
423 region_rec_diffs(2,112)        -0.3205     -3     3    0.0001813121
424 region_rec_diffs(2,113)        -0.54766361     -3     3    3.8584792e-05
425 region_rec_diffs(2,114)        1.1378317     -3     3    -7.2914612e-05
426 region_rec_diffs(2,115)        -0.020880158     -3     3    1.4390644e-05
427 region_rec_diffs(2,116)        -1.2585879     -3     3    -1.5968761e-05
428 region_rec_diffs(2,117)        -0.56732255     -3     3    7.4266666e-05
429 region_rec_diffs(2,118)        0.38904417     -3     3    -6.367475e-06
430 region_rec_diffs(2,119)        0.025045731     -3     3    3.0205155e-05
431 region_rec_diffs(2,120)        0.018224605     -3     3    0.00017672323
432 region_rec_diffs(2,121)        -0.57134092     -3     3    -7.4342175e-05
433 region_rec_diffs(2,122)        -0.17711494     -3     3    -0.00021963379
434 region_rec_diffs(2,123)        1.0371017     -3     3    -2.0570499e-05
435 region_rec_diffs(2,124)        -2.6354237     -3     3    0.00012330917
436 region_rec_diffs(2,125)        -0.5114862     -3     3    -3.6390006e-05
437 region_rec_diffs(2,126)        0.78742672     -3     3    0.00017037909
438 region_rec_diffs(2,127)        0.98057107     -3     3    2.1887514e-05
439 region_rec_diffs(2,128)        -0.26942114     -3     3    -0.00021909593
440 region_rec_diffs(2,129)        -0.27968877     -3     3    0.00014482462
441 region_rec_diffs(2,130)        1.0793131     -3     3    -0.00012342445
442 region_rec_diffs(2,131)        -0.52218423     -3     3    0.0001443948
443 region_rec_diffs(2,132)        -2.2744261     -3     3    0.0001467519
444 region_rec_diffs(2,133)        0.15487136     -3     3    -1.7842216e-05
445 region_rec_diffs(2,134)        0.86084512     -3     3    -8.898664e-05
446 region_rec_diffs(2,135)        0.77473735     -3     3    -3.1014517e-06
447 region_rec_diffs(2,136)        -0.86487806     -3     3    -0.00010788875
448 region_rec_diffs(2,137)        1.2379365     -3     3    -8.5704312e-05
449 region_rec_diffs(2,138)        0.76522615     -3     3    0.00012781264
450 region_rec_diffs(2,139)        0.58036673     -3     3    -3.1235883e-05
451 region_rec_diffs(2,140)        1.2794883     -3     3    -0.00014597792
452 region_rec_diffs(2,141)        -1.879209     -3     3    8.1325799e-05
453 region_rec_diffs(2,142)        -0.5177749     -3     3    5.4616877e-05
454 region_rec_diffs(2,143)        0.11383324     -3     3    -1.1984956e-05
455 region_rec_diffs(2,144)        -0.92337785     -3     3    -8.2010624e-05
456 region_rec_diffs(2,145)        0.37793795     -3     3    7.6778528e-06
457 region_rec_diffs(2,146)        -1.1318658     -3     3    -4.694333e-05
458 region_rec_diffs(2,147)        -1.1803987     -3     3    -2.614113e-05
459 region_rec_diffs(2,148)        0.35886083     -3     3    -0.00016744356
460 region_rec_diffs(2,149)        -0.68828926     -3     3    2.6664954e-05
461 region_rec_diffs(2,150)        -0.22461981     -3     3    0.00010041249
462 region_rec_diffs(2,151)        0.14268184     -3     3    -5.1007496e-05
463 region_rec_diffs(2,152)        0.41488397     -3     3    9.3107704e-05
464 region_rec_diffs(2,153)        -2.0771616     -3     3    5.8640448e-05
465 region_rec_diffs(2,154)        -0.4434777     -3     3    6.6422487e-05
466 region_rec_diffs(2,155)        0.094706644     -3     3    -1.4792738e-05
467 region_rec_diffs(2,156)        0.14753823     -3     3    -0.0001560288
468 region_rec_diffs(2,157)        -1.2624779     -3     3    3.6881039e-05
469 region_rec_diffs(2,158)        0.82309997     -3     3    -0.00067776128
470 region_rec_diffs(2,159)        -1.3206454     -3     3    -0.00033087035
471 region_rec_diffs(2,160)        0.66209796     -3     3    -0.00021383501
472 region_rec_diffs(2,161)        -0.73858674     -3     3    3.8747592e-05
473 region_rec_diffs(2,162)        -0.68293036     -3     3    2.2827621e-05
474 region_rec_diffs(2,163)        0.81508583     -3     3    -0.00025774401
475 region_rec_diffs(2,164)        -0.92416534     -3     3    -3.2212386e-05
476 region_rec_diffs(2,165)        -0.68720649     -3     3    0.0002762775
477 region_rec_diffs(2,166)        1.3691439     -3     3    -6.1730934e-05
478 region_rec_diffs(2,167)        -0.047082931     -3     3    3.1084219e-06
479 region_rec_diffs(2,168)        0.28557643     -3     3    -0.0001868855
480 region_rec_diffs(2,169)        -0.16322391     -3     3    -0.00042631969
481 region_rec_diffs(2,170)        0.81235847     -3     3    -0.00013351984
482 region_rec_diffs(2,171)        -0.89422373     -3     3    -0.0002547898
483 region_rec_diffs(2,172)        -1.9623275     -3     3    -0.00023935277
484 region_rec_diffs(2,173)        -1.8651101     -3     3    -0.00032463769
485 region_rec_diffs(2,174)        0.42800605     -3     3    -0.0004235651
486 region_rec_diffs(2,175)        0.61910052     -3     3    -0.00062001017
487 region_rec_diffs(2,176)        1.251163     -3     3    -0.00014582623
488 region_rec_diffs(2,177)        0.71879432     -3     3    0.00019756213
489 region_rec_diffs(2,178)        -1.1639999     -3     3    -8.2897855e-05
490 region_rec_diffs(2,179)        0.54059225     -3     3    4.8860517e-05
491 region_rec_diffs(2,180)        -0.63684521     -3     3    -0.00013964219
492 region_rec_diffs(2,181)        0.215858     -3     3    0.00011003127
493 region_rec_diffs(2,182)        1.2139881     -3     3    -4.0705557e-05
494 region_rec_diffs(2,183)        0.97190358     -3     3    0.00016628733
495 region_rec_diffs(2,184)        0.98976902     -3     3    -9.6734361e-05
496 region_rec_diffs(2,185)        -0.66326018     -3     3    -5.7167702e-05
497 region_rec_diffs(2,186)        0.050846135     -3     3    2.0013711e-06
498 region_rec_diffs(2,187)        0.15230258     -3     3    3.5213737e-05
499 region_rec_diffs(2,188)        0.31350423     -3     3    -0.00010693172
500 region_rec_diffs(2,189)        -0.53472947     -3     3    3.4212427e-05
501 region_rec_diffs(2,190)        1.1599954     -3     3    -0.00010242601
502 region_rec_diffs(2,191)        -0.074952977     -3     3    0.00010074187
503 region_rec_diffs(2,192)        0.30488819     -3     3    -3.7334842e-05
504 region_rec_diffs(2,193)        -1.7125319     -3     3    -0.00013231017
505 region_rec_diffs(2,194)        0.079730802     -3     3    -2.9156928e-05
506 region_rec_diffs(2,195)        0.059690192     -3     3    0.00027071993
507 region_rec_diffs(2,196)        -0.043299768     -3     3    0.00012876902
508 region_rec_diffs(2,197)        -1.3635712     -3     3    4.2925949e-05
509 region_rec_diffs(2,198)        0.89395602     -3     3    6.6074755e-05
510 region_rec_diffs(2,199)        -0.62901311     -3     3    8.6167224e-05
511 region_rec_diffs(2,200)        1.1537497     -3     3    -7.3397919e-05
512 region_rec_diffs(2,201)        -0.63850813     -3     3    3.170471e-07
513 region_rec_diffs(2,202)        -1.1094858     -3     3    -1.0456252e-05
514 region_rec_diffs(2,203)        -0.41936881     -3     3    -0.00017255224
515 region_rec_diffs(2,204)        -0.040676522     -3     3    -0.00012905887
516 region_rec_diffs(2,205)        0.48494819     -3     3    -0.00012867656
517 region_rec_diffs(2,206)        1.4685052     -3     3    -0.00011670579
518 region_rec_diffs(2,207)        0.74859141     -3     3    -0.00024902797
519 region_rec_diffs(2,208)        1.2219235     -3     3    6.1411393e-05
520 region_rec_diffs(2,209)        -1.1270933     -3     3    0.00012499207
521 region_rec_diffs(2,210)        -0.42338354     -3     3    0.00012443262
522 region_rec_diffs(2,211)        -1.5684236     -3     3    3.029873e-05
523 region_rec_diffs(2,212)        0.55873807     -3     3    0.00014742168
524 region_rec_diffs(2,213)        -0.09421069     -3     3    -0.00016728829
525 region_rec_diffs(2,214)        1.1441421     -3     3    -7.8008491e-05
526 region_rec_diffs(2,215)        0.17859888     -3     3    -0.00021205266
527 region_rec_diffs(2,216)        0.54472018     -3     3    -0.00013070352
528 region_rec_diffs(2,217)        -0.72980908     -3     3    0.00014773577
529 region_rec_diffs(2,218)        0.67386168     -3     3    1.3622042e-05
530 region_rec_diffs(2,219)        0.33263989     -3     3    -0.00069843402
531 region_rec_diffs(2,220)        -0.48743574     -3     3    0.00024728847
532 region_rec_diffs(2,221)        0.61334337     -3     3    -8.2440398e-05
533 region_rec_diffs(2,222)        -0.071698683     -3     3    0.0002045765
534 region_rec_diffs(2,223)        0.27154821     -3     3    -0.0002422125
535 region_rec_diffs(2,224)        -0.13027083     -3     3    -0.00025939792
536 region_rec_diffs(2,225)        0.66211232     -3     3    -2.8252872e-05
537 region_rec_diffs(2,226)        1.1688809     -3     3    -0.00018092867
538 region_rec_diffs(2,227)        0.41245429     -3     3    -0.00045169906
539 region_rec_diffs(2,228)        0.29475254     -3     3    -0.00011044734
540 region_rec_diffs(2,229)        -0.35054519     -3     3    -0.00020378961
541 region_rec_diffs(2,230)        -0.58371708     -3     3    0.00014869752
542 region_rec_diffs(2,231)        0.15830504     -3     3    0.00028468616
543 region_rec_diffs(2,232)        -0.60366872     -3     3    2.439648e-05
544 region_rec_diffs(2,233)        0.21924419     -3     3    -3.0165538e-05
545 region_rec_diffs(2,234)        -0.12103647     -3     3    0.00016020555
546 region_rec_diffs(2,235)        -0.16623423     -3     3    -0.00012739726
547 region_rec_diffs(2,236)        0.66553648     -3     3    3.3128241e-05
548 region_rec_diffs(2,237)        -0.34020687     -3     3    -4.5204942e-05
549 region_rec_diffs(2,238)        0.27415699     -3     3    -0.00037070234
550 region_rec_diffs(2,239)        0.50791761     -3     3    0.0002185675
551 region_rec_diffs(2,240)        -0.17721711     -3     3    3.8970655e-05
552 region_rec_diffs(2,241)        -1.1638337     -3     3    8.3593471e-06
553 region_rec_diffs(2,242)        -0.22348768     -3     3    1.7503328e-05
554 region_rec_diffs(2,243)        0.17556993     -3     3    2.809666e-05
555 region_rec_diffs(2,244)        0.20285171     -3     3    -5.1281232e-05
556 region_rec_diffs(2,245)        -0.035128752     -3     3    6.4661105e-05
557 region_rec_diffs(2,246)        -0.17711471     -3     3    -7.5717303e-05
558 region_rec_diffs(2,247)        -0.068743849     -3     3    -7.3192104e-05
559 region_rec_diffs(2,248)        -0.2913998     -3     3    -1.7581735e-05
560 region_rec_diffs(2,249)        0.2869078     -3     3    -0.0001428007
561 region_rec_diffs(2,250)        0.65138321     -3     3    -9.9001894e-05
562 region_rec_diffs(2,251)        0.74324643     -3     3    -2.9782004e-06
563 region_rec_diffs(2,252)        0.0039994818     -3     3    -0.00024778264
564 region_rec_diffs(2,253)        0.10804893     -3     3    -5.3557525e-05
565 region_rec_diffs(2,254)        0.2612689     -3     3    -7.6837549e-05
566 region_rec_diffs(2,255)        0.60636786     -3     3    2.2500703e-05
567 region_rec_diffs(2,256)        0.11687999     -3     3    -0.00021467816
568 region_rec_diffs(2,257)        -0.03904986     -3     3    -0.00025910582
569 region_rec_diffs(2,258)        0.38620217     -3     3    4.2395531e-05
570 region_rec_diffs(2,259)        1.1436108     -3     3    -6.3187521e-05
571 region_rec_diffs(2,260)        0.27735702     -3     3    8.2433965e-05
572 region_rec_diffs(2,261)        -0.67395147     -3     3    -0.0001122386
573 region_rec_diffs(2,262)        0.31332859     -3     3    -0.00010708951
574 region_rec_diffs(2,263)        0.44043709     -3     3    0.00012448897
575 region_rec_diffs(2,264)        -0.72594472     -3     3    3.1664745e-05
576 region_rec_diffs(2,265)        0.11546268     -3     3    0.00040921934
577 region_rec_diffs(2,266)        0.32566702     -3     3    -0.00022440692
578 region_rec_diffs(2,267)        0.83554054     -3     3    -1.9745299e-05
579 region_rec_diffs(2,268)        0.12749049     -3     3    -0.00018394454
580 region_rec_diffs(2,269)        -0.40537205     -3     3    0.00033845741
581 region_rec_diffs(2,270)        -0.19511629     -3     3    -0.00054713821
582 region_rec_diffs(2,271)        0.36719902     -3     3    -0.00061420883
583 region_rec_diffs(2,272)        0.79804472     -3     3    -0.00046253206
584 region_rec_diffs(2,273)        0.52316329     -3     3    1.903503e-05
585 region_rec_diffs(2,274)        -0.42648951     -3     3    -0.00013984485
586 region_rec_diffs(2,275)        0.75195236     -3     3    -0.00017196647
587 region_rec_diffs(2,276)        -0.17650563     -3     3    0.00046692054
588 region_rec_diffs(2,277)        -0.93978076     -3     3    0.00039113177
589 region_rec_diffs(2,278)        -0.17106447     -3     3    0.00030072005
590 region_rec_diffs(2,279)        0.56395556     -3     3    9.4724743e-05
591 region_rec_diffs(3,1)        0     -3     3    -3.6976514e-21
592 region_rec_diffs(3,2)        -0.00014639605     -3     3    -6.1210441e-08
593 region_rec_diffs(3,3)        -0.00035806343     -3     3    -6.0941077e-08
594 region_rec_diffs(3,4)        0.015208638     -3     3    -9.8032643e-06
595 region_rec_diffs(3,5)        0.16614912     -3     3    7.192933e-05
596 region_rec_diffs(3,6)        -3.4181861e-06     -3     3    3.6665554e-08
597 region_rec_diffs(3,7)        -4.5554828e-06     -3     3    2.4626248e-08
598 region_rec_diffs(3,8)        -0.00064381745     -3     3    -2.2497324e-07
599 region_rec_diffs(3,9)        -3.3991439e-05     -3     3    6.2915289e-09
600 region_rec_diffs(3,10)        -1.0448414e-05     -3     3    2.1534912e-08
601 region_rec_diffs(3,11)        -1.9610075e-06     -3     3    2.1780167e-08
602 region_rec_diffs(3,12)        -0.00030804403     -3     3    -9.2776359e-08
603 region_rec_diffs(3,13)        -1.1131366e-05     -3     3    2.8408782e-08
604 region_rec_diffs(3,14)        -5.7467304e-05     -3     3    4.8639347e-08
605 region_rec_diffs(3,15)        1.8965198e-06     -3     3    1.4225552e-08
606 region_rec_diffs(3,16)        8.0792357e-06     -3     3    3.6183358e-08
607 region_rec_diffs(3,17)        0.013575432     -3     3    0.00012791519
608 region_rec_diffs(3,18)        -7.3805592e-05     -3     3    -9.2319878e-09
609 region_rec_diffs(3,19)        1.0082204e-06     -3     3    5.3606843e-08
610 region_rec_diffs(3,20)        -6.1751242e-05     -3     3    -4.7325931e-07
611 region_rec_diffs(3,21)        -9.1947665e-06     -3     3    7.6292107e-08
612 region_rec_diffs(3,22)        -6.6805065e-05     -3     3    -7.3939554e-09
613 region_rec_diffs(3,23)        -2.4066203e-06     -3     3    4.0882478e-08
614 region_rec_diffs(3,24)        -4.32888e-05     -3     3    -1.0196133e-07
615 region_rec_diffs(3,25)        -2.7534893e-05     -3     3    4.2485205e-08
616 region_rec_diffs(3,26)        -7.7052767e-05     -3     3    -2.0932316e-08
617 region_rec_diffs(3,27)        -1.4007486e-07     -3     3    2.0624072e-08
618 region_rec_diffs(3,28)        -9.5397107e-05     -3     3    -1.6434638e-08
619 region_rec_diffs(3,29)        3.4112435e-06     -3     3    8.2339327e-08
620 region_rec_diffs(3,30)        -2.7550894e-06     -3     3    1.4015543e-08
621 region_rec_diffs(3,31)        2.5458864e-06     -3     3    9.7791337e-09
622 region_rec_diffs(3,32)        5.1390703e-06     -3     3    3.802293e-09
623 region_rec_diffs(3,33)        1.0673902e-05     -3     3    5.0211301e-08
624 region_rec_diffs(3,34)        -3.3440155e-05     -3     3    1.2330681e-08
625 region_rec_diffs(3,35)        -1.1588532e-06     -3     3    4.8190175e-09
626 region_rec_diffs(3,36)        -1.0126094e-06     -3     3    7.1617894e-09
627 region_rec_diffs(3,37)        -9.0248061e-06     -3     3    5.0441677e-08
628 region_rec_diffs(3,38)        2.9715109e-06     -3     3    6.6524596e-09
629 region_rec_diffs(3,39)        8.7812844e-07     -3     3    1.2584684e-09
630 region_rec_diffs(3,40)        1.2152169e-06     -3     3    -3.8545764e-09
631 region_rec_diffs(3,41)        1.0732936e-05     -3     3    8.9602641e-08
632 region_rec_diffs(3,42)        -4.5395797e-05     -3     3    7.7722718e-09
633 region_rec_diffs(3,43)        2.5957575e-07     -3     3    9.0056486e-09
634 region_rec_diffs(3,44)        6.7270886e-06     -3     3    6.9094788e-08
635 region_rec_diffs(3,45)        -1.4571595e-05     -3     3    1.9785894e-08
636 region_rec_diffs(3,46)        3.1416263e-06     -3     3    5.9742394e-08
637 region_rec_diffs(3,47)        2.105268e-08     -3     3    9.3882194e-09
638 region_rec_diffs(3,48)        1.2653461e-05     -3     3    6.2178111e-08
639 region_rec_diffs(3,49)        1.0280392e-05     -3     3    1.2220034e-08
640 region_rec_diffs(3,50)        1.5553629e-06     -3     3    1.1677693e-08
641 region_rec_diffs(3,51)        -0.00011265948     -3     3    -1.8200874e-07
642 region_rec_diffs(3,52)        6.8313978e-07     -3     3    1.3029308e-08
643 region_rec_diffs(3,53)        1.0583866e-05     -3     3    9.5114325e-08
644 region_rec_diffs(3,54)        -1.0752781e-06     -3     3    1.612954e-08
645 region_rec_diffs(3,55)        -3.5959133e-06     -3     3    1.7359801e-08
646 region_rec_diffs(3,56)        8.482989e-07     -3     3    3.3794775e-09
647 region_rec_diffs(3,57)        5.9682566e-06     -3     3    7.4642067e-09
648 region_rec_diffs(3,58)        -3.5040825e-05     -3     3    -6.1790646e-09
649 region_rec_diffs(3,59)        -8.289922e-06     -3     3    -2.0580079e-09
650 region_rec_diffs(3,60)        1.3568748e-06     -3     3    1.3207823e-08
651 region_rec_diffs(3,61)        -1.6946078e-05     -3     3    3.5718114e-08
652 region_rec_diffs(3,62)        1.9048662e-06     -3     3    3.6529871e-08
653 region_rec_diffs(3,63)        -3.5462759e-06     -3     3    6.8149536e-08
654 region_rec_diffs(3,64)        5.6800523e-06     -3     3    3.0333871e-08
655 region_rec_diffs(3,65)        1.7130452e-05     -3     3    9.931793e-08
656 region_rec_diffs(3,66)        3.0764262e-06     -3     3    2.3927302e-09
657 region_rec_diffs(3,67)        -1.6496478e-05     -3     3    5.9702898e-09
658 region_rec_diffs(3,68)        -5.5783358e-05     -3     3    6.085858e-08
659 region_rec_diffs(3,69)        5.309542e-06     -3     3    2.5782714e-08
660 region_rec_diffs(3,70)        1.2348995e-05     -3     3    5.0130811e-08
661 region_rec_diffs(3,71)        -4.7789977e-06     -3     3    1.4267952e-08
662 region_rec_diffs(3,72)        -4.8513418e-06     -3     3    1.5364701e-08
663 region_rec_diffs(3,73)        3.1543208e-06     -3     3    1.5662043e-08
664 region_rec_diffs(3,74)        -1.3920488e-05     -3     3    5.117198e-08
665 region_rec_diffs(3,75)        1.0990842e-05     -3     3    9.4659922e-08
666 region_rec_diffs(3,76)        8.1846339e-06     -3     3    4.7053794e-08
667 region_rec_diffs(3,77)        1.2156352e-05     -3     3    5.6064438e-08
668 region_rec_diffs(3,78)        -1.2735251e-05     -3     3    6.9446877e-09
669 region_rec_diffs(3,79)        -1.0687715e-05     -3     3    7.4532905e-08
670 region_rec_diffs(3,80)        -1.3721586e-05     -3     3    3.2410452e-08
671 region_rec_diffs(3,81)        -4.169126e-05     -3     3    3.1772733e-08
672 region_rec_diffs(3,82)        5.6993316e-07     -3     3    7.5380095e-08
673 region_rec_diffs(3,83)        -2.4654492e-05     -3     3    3.1812748e-09
674 region_rec_diffs(3,84)        -7.6482318e-06     -3     3    4.0311942e-09
675 region_rec_diffs(3,85)        1.5271897e-05     -3     3    8.1782037e-08
676 region_rec_diffs(3,86)        4.6001258e-06     -3     3    1.2391784e-08
677 region_rec_diffs(3,87)        -3.1805469e-05     -3     3    1.322037e-10
678 region_rec_diffs(3,88)        2.6101776e-06     -3     3    2.2198873e-10
679 region_rec_diffs(3,89)        1.0169651e-05     -3     3    3.6890864e-08
680 region_rec_diffs(3,90)        1.1912302e-05     -3     3    8.2211614e-08
681 region_rec_diffs(3,91)        -1.1224822e-06     -3     3    1.0433975e-08
682 region_rec_diffs(3,92)        -2.6647531e-05     -3     3    5.0034239e-08
683 region_rec_diffs(3,93)        -2.7706168e-06     -3     3    7.1492388e-09
684 region_rec_diffs(3,94)        -0.00013741236     -3     3    -2.7790915e-08
685 region_rec_diffs(3,95)        3.3767776e-06     -3     3    1.3853271e-08
686 region_rec_diffs(3,96)        -7.3173754e-06     -3     3    -3.2790853e-08
687 region_rec_diffs(3,97)        -3.3835745e-07     -3     3    5.4330549e-09
688 region_rec_diffs(3,98)        3.3549897e-05     -3     3    9.9716729e-08
689 region_rec_diffs(3,99)        4.0700485e-05     -3     3    2.2844452e-08
690 region_rec_diffs(3,100)        2.6729618e-05     -3     3    2.8856122e-08
691 region_rec_diffs(3,101)        2.9387995e-05     -3     3    2.2143813e-08
692 region_rec_diffs(3,102)        1.2294398e-06     -3     3    2.9806831e-10
693 region_rec_diffs(3,103)        -2.7976007e-06     -3     3    5.1931655e-09
694 region_rec_diffs(3,104)        2.3283204e-05     -3     3    7.188205e-09
695 region_rec_diffs(3,105)        -1.634502e-05     -3     3    -3.0137719e-09
696 region_rec_diffs(3,106)        1.0008724e-06     -3     3    2.4819257e-08
697 region_rec_diffs(3,107)        -1.4006332e-06     -3     3    1.1290975e-08
698 region_rec_diffs(3,108)        -5.4716355e-05     -3     3    5.8983302e-09
699 region_rec_diffs(3,109)        -3.1456695e-06     -3     3    8.0247371e-09
700 region_rec_diffs(3,110)        1.8073379e-06     -3     3    1.0718239e-08
701 region_rec_diffs(3,111)        5.9319329e-07     -3     3    -2.3716381e-09
702 region_rec_diffs(3,112)        -1.5867804e-05     -3     3    1.8996305e-10
703 region_rec_diffs(3,113)        7.1005056e-06     -3     3    2.4526731e-08
704 region_rec_diffs(3,114)        -6.2463996e-06     -3     3    -9.6700166e-09
705 region_rec_diffs(3,115)        2.6583636e-06     -3     3    1.3883852e-08
706 region_rec_diffs(3,116)        1.0558372e-05     -3     3    5.6304337e-09
707 region_rec_diffs(3,117)        -7.9237319e-06     -3     3    5.0702573e-08
708 region_rec_diffs(3,118)        6.4960286e-06     -3     3    2.3570896e-08
709 region_rec_diffs(3,119)        -1.8759306e-05     -3     3    7.4834935e-08
710 region_rec_diffs(3,120)        1.8537206e-05     -3     3    6.4413293e-08
711 region_rec_diffs(3,121)        1.0422806e-05     -3     3    9.4012227e-08
712 region_rec_diffs(3,122)        -3.8729461e-05     -3     3    4.2836257e-09
713 region_rec_diffs(3,123)        -1.1838758e-06     -3     3    8.8559446e-09
714 region_rec_diffs(3,124)        9.549802e-06     -3     3    2.0847138e-08
715 region_rec_diffs(3,125)        7.683075e-06     -3     3    2.54875e-09
716 region_rec_diffs(3,126)        1.3190879e-05     -3     3    4.8130781e-08
717 region_rec_diffs(3,127)        1.7986464e-06     -3     3    5.6436854e-10
718 region_rec_diffs(3,128)        -1.2357887e-06     -3     3    2.606736e-08
719 region_rec_diffs(3,129)        -1.9680481e-05     -3     3    4.0976696e-08
720 region_rec_diffs(3,130)        -2.2137849e-05     -3     3    -1.8599078e-07
721 region_rec_diffs(3,131)        4.5976301e-06     -3     3    5.4504013e-08
722 region_rec_diffs(3,132)        1.7582084e-05     -3     3    4.2027603e-08
723 region_rec_diffs(3,133)        -7.7944439e-05     -3     3    3.9114373e-08
724 region_rec_diffs(3,134)        -1.2698892e-05     -3     3    4.0383909e-08
725 region_rec_diffs(3,135)        -3.2614051e-05     -3     3    2.1469098e-08
726 region_rec_diffs(3,136)        -0.00014308727     -3     3    -1.8036462e-08
727 region_rec_diffs(3,137)        3.4769656e-06     -3     3    5.530474e-08
728 region_rec_diffs(3,138)        1.326891e-05     -3     3    9.8791466e-08
729 region_rec_diffs(3,139)        -8.235258e-06     -3     3    -6.5550664e-09
730 region_rec_diffs(3,140)        5.1266319e-07     -3     3    1.659035e-08
731 region_rec_diffs(3,141)        0.019214946     -3     3    0.00018172247
732 region_rec_diffs(3,142)        -1.7172727e-06     -3     3    5.9075758e-08
733 region_rec_diffs(3,143)        -7.0553249e-06     -3     3    -9.4765187e-08
734 region_rec_diffs(3,144)        -3.5824127e-05     -3     3    -2.7628582e-08
735 region_rec_diffs(3,145)        -5.9481498e-05     -3     3    -1.3079833e-08
736 region_rec_diffs(3,146)        5.8166607e-06     -3     3    -7.0034596e-09
737 region_rec_diffs(3,147)        -1.8500224e-06     -3     3    -1.264336e-08
738 region_rec_diffs(3,148)        0.0002483159     -3     3    -1.7096211e-07
739 region_rec_diffs(3,149)        -0.00046754167     -3     3    -1.5775395e-07
740 region_rec_diffs(3,150)        -5.4254219e-05     -3     3    8.9093397e-08
741 region_rec_diffs(3,151)        -0.00074381625     -3     3    -1.3470644e-06
742 region_rec_diffs(3,152)        -0.0034430904     -3     3    -1.8248226e-06
743 region_rec_diffs(3,153)        -0.0029929237     -3     3    -1.2834204e-06
744 region_rec_diffs(3,154)        -1.4544196e-05     -3     3    -8.5239095e-09
745 region_rec_diffs(3,155)        -0.00039587147     -3     3    -3.1679686e-07
746 region_rec_diffs(3,156)        -0.0015166657     -3     3    -1.3821143e-06
747 region_rec_diffs(3,157)        -8.0028605e-05     -3     3    -2.1141267e-07
748 region_rec_diffs(3,158)        0.00010196141     -3     3    -6.939794e-08
749 region_rec_diffs(3,159)        0.00014042753     -3     3    6.4692768e-08
750 region_rec_diffs(3,160)        -0.0034958006     -3     3    -1.1351295e-06
751 region_rec_diffs(3,161)        7.2077159e-06     -3     3    1.1008401e-07
752 region_rec_diffs(3,162)        -0.00037408599     -3     3    -7.6101734e-08
753 region_rec_diffs(3,163)        -0.0022320578     -3     3    -9.4162631e-07
754 region_rec_diffs(3,164)        -0.0038642371     -3     3    -1.3170507e-06
755 region_rec_diffs(3,165)        -0.00048951958     -3     3    -2.9568824e-07
756 region_rec_diffs(3,166)        2.5063777e-05     -3     3    7.3042857e-09
757 region_rec_diffs(3,167)        -0.0011378029     -3     3    -2.5984325e-07
758 region_rec_diffs(3,168)        -7.9964206e-05     -3     3    -4.7346762e-08
759 region_rec_diffs(3,169)        -0.00060743628     -3     3    -3.2798563e-07
760 region_rec_diffs(3,170)        0.00056312032     -3     3    2.1238622e-07
761 region_rec_diffs(3,171)        5.2939537e-05     -3     3    5.6363975e-08
762 region_rec_diffs(3,172)        -9.1851547e-05     -3     3    7.4680872e-07
763 region_rec_diffs(3,173)        -0.00041778068     -3     3    -2.2334227e-07
764 region_rec_diffs(3,174)        -0.00011101365     -3     3    -2.5393149e-08
765 region_rec_diffs(3,175)        -1.623167e-05     -3     3    -7.262329e-08
766 region_rec_diffs(3,176)        0.00025262066     -3     3    8.5693272e-08
767 region_rec_diffs(3,177)        -0.0024703814     -3     3    -7.9965058e-07
768 region_rec_diffs(3,178)        -0.007194043     -3     3    -3.1094087e-06
769 region_rec_diffs(3,179)        -0.00082692361     -3     3    -3.8750735e-07
770 region_rec_diffs(3,180)        -0.0061987951     -3     3    -4.3756341e-06
771 region_rec_diffs(3,181)        -0.0019005005     -3     3    -5.50028e-07
772 region_rec_diffs(3,182)        -0.0006766332     -3     3    -9.2667387e-09
773 region_rec_diffs(3,183)        -0.00026428307     -3     3    -2.0926471e-07
774 region_rec_diffs(3,184)        -0.0023963319     -3     3    -1.1903628e-06
775 region_rec_diffs(3,185)        -0.00088359764     -3     3    -5.9621567e-08
776 region_rec_diffs(3,186)        -0.0057653033     -3     3    6.9312163e-08
777 region_rec_diffs(3,187)        -0.0015781799     -3     3    -6.4148757e-07
778 region_rec_diffs(3,188)        -0.00067715666     -3     3    -1.9007687e-06
779 region_rec_diffs(3,189)        -0.00028070116     -3     3    -4.5294543e-08
780 region_rec_diffs(3,190)        -0.00033602227     -3     3    3.424381e-07
781 region_rec_diffs(3,191)        -0.0027686152     -3     3    -2.319102e-06
782 region_rec_diffs(3,192)        -0.010836637     -3     3    -7.0440339e-06
783 region_rec_diffs(3,193)        -0.0025848833     -3     3    -6.6107583e-07
784 region_rec_diffs(3,194)        -0.009539396     -3     3    -6.9260654e-06
785 region_rec_diffs(3,195)        0.00067081491     -3     3    4.5879826e-06
786 region_rec_diffs(3,196)        0.00028207796     -3     3    3.5063253e-07
787 region_rec_diffs(3,197)        -0.00022664329     -3     3    -8.2338789e-08
788 region_rec_diffs(3,198)        0.0010498052     -3     3    5.9481257e-07
789 region_rec_diffs(3,199)        0.0001279863     -3     3    -3.7998651e-07
790 region_rec_diffs(3,200)        -0.0014857088     -3     3    -3.5026478e-07
791 region_rec_diffs(3,201)        -0.0011819841     -3     3    -1.1767154e-06
792 region_rec_diffs(3,202)        -0.00052243086     -3     3    -5.5472034e-07
793 region_rec_diffs(3,203)        -0.00046331199     -3     3    -1.4194282e-07
794 region_rec_diffs(3,204)        3.6482881e-05     -3     3    -2.2731122e-07
795 region_rec_diffs(3,205)        8.2438569e-06     -3     3    3.8587834e-10
796 region_rec_diffs(3,206)        0.00048277431     -3     3    1.6834693e-07
797 region_rec_diffs(3,207)        -2.6963676e-05     -3     3    1.6158725e-07
798 region_rec_diffs(3,208)        -0.0011699633     -3     3    6.0312529e-06
799 region_rec_diffs(3,209)        -0.001899897     -3     3    -5.5587503e-07
800 region_rec_diffs(3,210)        -0.013415651     -3     3    -5.1752853e-06
801 region_rec_diffs(3,211)        -0.0023266412     -3     3    -5.9772793e-07
802 region_rec_diffs(3,212)        -0.0031023317     -3     3    -1.0342308e-06
803 region_rec_diffs(3,213)        -2.809373e-05     -3     3    -7.375025e-09
804 region_rec_diffs(3,214)        0.00089914401     -3     3    4.4700282e-07
805 region_rec_diffs(3,215)        -0.00011538143     -3     3    8.5264499e-09
806 region_rec_diffs(3,216)        0.0011529557     -3     3    -4.2162235e-07
807 region_rec_diffs(3,217)        -0.0007208528     -3     3    -2.8156578e-07
808 region_rec_diffs(3,218)        0.00053084404     -3     3    6.039874e-07
809 region_rec_diffs(3,219)        -0.00050112085     -3     3    -3.4864761e-07
810 region_rec_diffs(3,220)        0.0001816382     -3     3    2.6173102e-07
811 region_rec_diffs(3,221)        -0.002305084     -3     3    -6.2861087e-07
812 region_rec_diffs(3,222)        -0.0042275251     -3     3    -1.0314474e-06
813 region_rec_diffs(3,223)        -0.0019893073     -3     3    1.5200714e-06
814 region_rec_diffs(3,224)        -0.0070629967     -3     3    2.2151797e-07
815 region_rec_diffs(3,225)        -6.3982197e-05     -3     3    -3.2645298e-08
816 region_rec_diffs(3,226)        -0.00029026953     -3     3    4.0247837e-07
817 region_rec_diffs(3,227)        -0.00039341036     -3     3    -1.082921e-06
818 region_rec_diffs(3,228)        -0.0090111889     -3     3    2.674324e-06
819 region_rec_diffs(3,229)        9.5913212e-05     -3     3    -7.861891e-09
820 region_rec_diffs(3,230)        0.0015158891     -3     3    8.8537301e-07
821 region_rec_diffs(3,231)        -0.001682294     -3     3    -1.1398181e-06
822 region_rec_diffs(3,232)        0.00063789425     -3     3    1.4640625e-07
823 region_rec_diffs(3,233)        -0.00033672828     -3     3    6.3213566e-08
824 region_rec_diffs(3,234)        0.0015418163     -3     3    9.7364094e-07
825 region_rec_diffs(3,235)        0.0010008781     -3     3    6.9303271e-07
826 region_rec_diffs(3,236)        -0.0017812432     -3     3    -2.600063e-06
827 region_rec_diffs(3,237)        -0.00089462785     -3     3    4.3198465e-09
828 region_rec_diffs(3,238)        -0.0011389532     -3     3    -8.7884831e-08
829 region_rec_diffs(3,239)        -0.00044526597     -3     3    -1.2531518e-07
830 region_rec_diffs(3,240)        -0.013737039     -3     3    -4.0372005e-06
831 region_rec_diffs(3,241)        -0.0002196942     -3     3    -4.9938857e-08
832 region_rec_diffs(3,242)        -0.0034545702     -3     3    1.7937595e-06
833 region_rec_diffs(3,243)        -0.00062797243     -3     3    -2.9031107e-07
834 region_rec_diffs(3,244)        -0.00026353713     -3     3    -9.911657e-07
835 region_rec_diffs(3,245)        -0.00085129931     -3     3    -2.2669981e-07
836 region_rec_diffs(3,246)        -0.0023281607     -3     3    2.1969174e-09
837 region_rec_diffs(3,247)        0.0015832533     -3     3    6.6995128e-07
838 region_rec_diffs(3,248)        0.001003628     -3     3    -1.3902547e-06
839 region_rec_diffs(3,249)        -0.00015485601     -3     3    -8.9606235e-08
840 region_rec_diffs(3,250)        0.0012170971     -3     3    7.0094043e-07
841 region_rec_diffs(3,251)        -0.00019795789     -3     3    -5.6701866e-08
842 region_rec_diffs(3,252)        0.00014314428     -3     3    -2.2179381e-06
843 region_rec_diffs(3,253)        -0.00037400773     -3     3    -1.4653047e-07
844 region_rec_diffs(3,254)        0.00024339267     -3     3    1.0607558e-06
845 region_rec_diffs(3,255)        -0.0010252258     -3     3    4.0122506e-07
846 region_rec_diffs(3,256)        -0.0036362011     -3     3    -5.3019363e-06
847 region_rec_diffs(3,257)        -0.0023615504     -3     3    -1.3811084e-07
848 region_rec_diffs(3,258)        -0.0015226297     -3     3    4.5992902e-07
849 region_rec_diffs(3,259)        -0.0010275349     -3     3    -4.7254316e-07
850 region_rec_diffs(3,260)        -0.00047158374     -3     3    -1.1847345e-06
851 region_rec_diffs(3,261)        -0.00041088613     -3     3    -3.7625241e-09
852 region_rec_diffs(3,262)        -0.0017598506     -3     3    7.5885121e-07
853 region_rec_diffs(3,263)        -0.00083618574     -3     3    -1.6333764e-07
854 region_rec_diffs(3,264)        0.00063749775     -3     3    1.3048813e-06
855 region_rec_diffs(3,265)        -0.00014942675     -3     3    -1.3393323e-07
856 region_rec_diffs(3,266)        -0.0015307662     -3     3    -4.6898105e-07
857 region_rec_diffs(3,267)        -0.00034235399     -3     3    -1.7880046e-07
858 region_rec_diffs(3,268)        0.00046954217     -3     3    5.4170102e-07
859 region_rec_diffs(3,269)        -0.00074788838     -3     3    -4.1578227e-07
860 region_rec_diffs(3,270)        0.00069287001     -3     3    3.2711233e-07
861 region_rec_diffs(3,271)        -0.00058756931     -3     3    -1.5626235e-07
862 region_rec_diffs(3,272)        -0.00077504697     -3     3    -2.2174312e-06
863 region_rec_diffs(3,273)        -0.0012117104     -3     3    -3.0923042e-07
864 region_rec_diffs(3,274)        -0.017003847     -3     3    -6.9729592e-06
865 region_rec_diffs(3,275)        5.5847854e-05     -3     3    8.5764294e-09
866 region_rec_diffs(3,276)        -0.00010603654     -3     3    5.6205911e-09
867 region_rec_diffs(3,277)        7.6122235e-06     -3     3    4.3635315e-08
868 region_rec_diffs(3,278)        -3.4210982e-05     -3     3    2.3298549e-08
869 region_rec_diffs(3,279)        -5.5590649e-05     -3     3    3.2137325e-08
870 region_rec_diffs(4,1)        0     -3     3    -1.8459921e-16
871 region_rec_diffs(4,2)        -1.8094457     -3     3    -0.00012002497
872 region_rec_diffs(4,3)        -1.4620955     -3     3    -1.6778243e-05
873 region_rec_diffs(4,4)        -1.1001185     -3     3    -0.00015145436
874 region_rec_diffs(4,5)        -1.6363482     -3     3    0.0002027601
875 region_rec_diffs(4,6)        -0.30464985     -3     3    7.7276434e-06
876 region_rec_diffs(4,7)        -0.31014954     -3     3    6.6544543e-06
877 region_rec_diffs(4,8)        -2.4981612     -3     3    1.3046872e-05
878 region_rec_diffs(4,9)        -0.78662436     -3     3    -1.6567707e-05
879 region_rec_diffs(4,10)        -0.42941556     -3     3    -3.6119421e-06
880 region_rec_diffs(4,11)        -0.19119356     -3     3    6.3510684e-06
881 region_rec_diffs(4,12)        -1.9411671     -3     3    1.1611469e-05
882 region_rec_diffs(4,13)        -0.41470603     -3     3    2.4612625e-06
883 region_rec_diffs(4,14)        -0.44460737     -3     3    8.2643097e-05
884 region_rec_diffs(4,15)        0.085014536     -3     3    6.4972334e-06
885 region_rec_diffs(4,16)        0.40185738     -3     3    -5.9240792e-05
886 region_rec_diffs(4,17)        0.32304617     -3     3    0.00015463024
887 region_rec_diffs(4,18)        -1.0933242     -3     3    -7.3917245e-06
888 region_rec_diffs(4,19)        -0.21329142     -3     3    -3.1319747e-06
889 region_rec_diffs(4,20)        -0.37450731     -3     3    1.7453688e-05
890 region_rec_diffs(4,21)        -0.49625947     -3     3    2.9038228e-05
891 region_rec_diffs(4,22)        -1.1350292     -3     3    -1.9717589e-05
892 region_rec_diffs(4,23)        -0.28879847     -3     3    1.8515187e-06
893 region_rec_diffs(4,24)        -0.72568878     -3     3    2.2856982e-05
894 region_rec_diffs(4,25)        -0.73357796     -3     3    2.1906346e-05
895 region_rec_diffs(4,26)        -1.1423427     -3     3    -2.7596238e-05
896 region_rec_diffs(4,27)        -0.093708372     -3     3    1.2540298e-05
897 region_rec_diffs(4,28)        -1.1275452     -3     3    8.4532263e-05
898 region_rec_diffs(4,29)        -0.12398017     -3     3    6.0731261e-05
899 region_rec_diffs(4,30)        0.52622466     -3     3    0.000271728
900 region_rec_diffs(4,31)        0.14753134     -3     3    2.239109e-05
901 region_rec_diffs(4,32)        0.4194522     -3     3    -4.0344307e-05
902 region_rec_diffs(4,33)        1.1310174     -3     3    6.2046849e-05
903 region_rec_diffs(4,34)        -0.23824938     -3     3    0.00010706783
904 region_rec_diffs(4,35)        -0.077839705     -3     3    8.2864701e-06
905 region_rec_diffs(4,36)        -0.070389073     -3     3    -2.5815286e-06
906 region_rec_diffs(4,37)        -0.22135794     -3     3    5.8810864e-05
907 region_rec_diffs(4,38)        0.37643193     -3     3    -5.8184978e-06
908 region_rec_diffs(4,39)        0.061056152     -3     3    -3.9625878e-06
909 region_rec_diffs(4,40)        0.10255086     -3     3    1.0744917e-05
910 region_rec_diffs(4,41)        0.17986362     -3     3    0.00010598204
911 region_rec_diffs(4,42)        -0.9461924     -3     3    4.7119862e-05
912 region_rec_diffs(4,43)        -0.032925158     -3     3    -9.0028273e-07
913 region_rec_diffs(4,44)        -0.00148014     -3     3    4.8596638e-06
914 region_rec_diffs(4,45)        -0.34814104     -3     3    9.8303394e-05
915 region_rec_diffs(4,46)        -0.078087462     -3     3    3.2862553e-05
916 region_rec_diffs(4,47)        -0.009722757     -3     3    -1.8327024e-06
917 region_rec_diffs(4,48)        1.1292278     -3     3    -1.5803101e-05
918 region_rec_diffs(4,49)        0.43655185     -3     3    7.8340377e-05
919 region_rec_diffs(4,50)        0.026626759     -3     3    -7.6938893e-06
920 region_rec_diffs(4,51)        -1.3675239     -3     3    -7.5840149e-06
921 region_rec_diffs(4,52)        -0.0013635724     -3     3    1.2566807e-05
922 region_rec_diffs(4,53)        0.32956918     -3     3    0.00010842949
923 region_rec_diffs(4,54)        1.2407879     -3     3    -6.6913704e-05
924 region_rec_diffs(4,55)        -0.054384213     -3     3    -4.3790924e-05
925 region_rec_diffs(4,56)        0.15475434     -3     3    5.7158239e-06
926 region_rec_diffs(4,57)        1.1280578     -3     3    -4.727092e-05
927 region_rec_diffs(4,58)        -0.63513607     -3     3    1.8686407e-05
928 region_rec_diffs(4,59)        -0.25893511     -3     3    -7.4954488e-07
929 region_rec_diffs(4,60)        1.1671598     -3     3    -2.653645e-06
930 region_rec_diffs(4,61)        -0.5143652     -3     3    -2.984523e-05
931 region_rec_diffs(4,62)        -0.081537622     -3     3    -7.3670138e-06
932 region_rec_diffs(4,63)        -0.37777846     -3     3    -1.0999177e-05
933 region_rec_diffs(4,64)        0.34517388     -3     3    0.00010377745
934 region_rec_diffs(4,65)        1.1653588     -3     3    5.7172833e-05
935 region_rec_diffs(4,66)        0.18857513     -3     3    -4.7085695e-06
936 region_rec_diffs(4,67)        -0.57130973     -3     3    2.6544964e-05
937 region_rec_diffs(4,68)        -1.0639188     -3     3    -3.1660571e-07
938 region_rec_diffs(4,69)        0.12381135     -3     3    -2.8344092e-05
939 region_rec_diffs(4,70)        1.1838355     -3     3    0.00019388312
940 region_rec_diffs(4,71)        -0.21375466     -3     3    5.237421e-05
941 region_rec_diffs(4,72)        0.11631859     -3     3    -1.5305466e-05
942 region_rec_diffs(4,73)        0.50863373     -3     3    3.3465434e-05
943 region_rec_diffs(4,74)        -0.53841306     -3     3    1.0711666e-05
944 region_rec_diffs(4,75)        0.099837502     -3     3    8.1905304e-06
945 region_rec_diffs(4,76)        0.94010502     -3     3    -2.2845586e-06
946 region_rec_diffs(4,77)        1.1925715     -3     3    8.7339455e-05
947 region_rec_diffs(4,78)        -0.4647426     -3     3    1.1776753e-06
948 region_rec_diffs(4,79)        -0.52591118     -3     3    4.9754581e-06
949 region_rec_diffs(4,80)        -1.1254873     -3     3    -3.2830962e-05
950 region_rec_diffs(4,81)        -0.97863693     -3     3    8.3188482e-06
951 region_rec_diffs(4,82)        -0.50694507     -3     3    -1.7668892e-05
952 region_rec_diffs(4,83)        0.33874688     -3     3    -8.7552245e-06
953 region_rec_diffs(4,84)        0.37571783     -3     3    0.00017399575
954 region_rec_diffs(4,85)        1.3736671     -3     3    1.0627016e-05
955 region_rec_diffs(4,86)        0.25903114     -3     3    -1.569661e-05
956 region_rec_diffs(4,87)        -0.76169918     -3     3    -2.9919451e-05
957 region_rec_diffs(4,88)        1.5887027     -3     3    -8.7002141e-05
958 region_rec_diffs(4,89)        0.2699658     -3     3    -1.3081194e-05
959 region_rec_diffs(4,90)        0.27353295     -3     3    5.0205419e-05
960 region_rec_diffs(4,91)        -0.090815941     -3     3    -2.2166327e-05
961 region_rec_diffs(4,92)        -0.53889698     -3     3    -3.2167705e-05
962 region_rec_diffs(4,93)        -0.075921308     -3     3    7.1212723e-06
963 region_rec_diffs(4,94)        -1.8280977     -3     3    -8.2408714e-06
964 region_rec_diffs(4,95)        -0.12773669     -3     3    2.4226806e-05
965 region_rec_diffs(4,96)        -0.0055943118     -3     3    3.8327234e-05
966 region_rec_diffs(4,97)        -0.10562999     -3     3    0.00020028111
967 region_rec_diffs(4,98)        -0.61068096     -3     3    1.2127745e-05
968 region_rec_diffs(4,99)        1.2469257     -3     3    -0.00011173143
969 region_rec_diffs(4,100)        0.4782805     -3     3    -0.00028418457
970 region_rec_diffs(4,101)        0.68592995     -3     3    -7.2432633e-05
971 region_rec_diffs(4,102)        0.060693817     -3     3    -1.0407363e-05
972 region_rec_diffs(4,103)        -0.18877665     -3     3    -7.0233003e-06
973 region_rec_diffs(4,104)        0.59891865     -3     3    -3.3313651e-05
974 region_rec_diffs(4,105)        -0.51544291     -3     3    1.11254e-05
975 region_rec_diffs(4,106)        -0.091945965     -3     3    1.2318476e-06
976 region_rec_diffs(4,107)        -0.13506105     -3     3    4.5911948e-06
977 region_rec_diffs(4,108)        -1.0004838     -3     3    -2.1939116e-05
978 region_rec_diffs(4,109)        -0.14586488     -3     3    2.2336237e-05
979 region_rec_diffs(4,110)        0.058443655     -3     3    -8.9558371e-06
980 region_rec_diffs(4,111)        0.071095634     -3     3    1.0871329e-05
981 region_rec_diffs(4,112)        -0.41096308     -3     3    6.480394e-05
982 region_rec_diffs(4,113)        0.75845723     -3     3    8.23698e-05
983 region_rec_diffs(4,114)        -0.13770453     -3     3    -2.6068789e-05
984 region_rec_diffs(4,115)        0.10615031     -3     3    1.7576278e-05
985 region_rec_diffs(4,116)        0.71591348     -3     3    0.0001153831
986 region_rec_diffs(4,117)        -0.5892183     -3     3    9.4389434e-06
987 region_rec_diffs(4,118)        0.23023828     -3     3    2.2217552e-05
988 region_rec_diffs(4,119)        -0.84693153     -3     3    1.1933779e-05
989 region_rec_diffs(4,120)        1.3452708     -3     3    -8.8459038e-05
990 region_rec_diffs(4,121)        -0.40086812     -3     3    -6.1248586e-05
991 region_rec_diffs(4,122)        -1.1891428     -3     3    -4.7372475e-05
992 region_rec_diffs(4,123)        -0.10651956     -3     3    5.8200635e-05
993 region_rec_diffs(4,124)        0.93640943     -3     3    2.4612594e-05
994 region_rec_diffs(4,125)        1.0134809     -3     3    0.00017659725
995 region_rec_diffs(4,126)        0.8903588     -3     3    1.8671151e-05
996 region_rec_diffs(4,127)        0.38878444     -3     3    -5.2000233e-05
997 region_rec_diffs(4,128)        -0.26374144     -3     3    -4.9986987e-05
998 region_rec_diffs(4,129)        -0.69754302     -3     3    -1.7301507e-05
999 region_rec_diffs(4,130)        -0.14960774     -3     3    -2.0038303e-06
1000 region_rec_diffs(4,131)        -0.011300552     -3     3    -1.4356311e-05
1001 region_rec_diffs(4,132)        0.92733497     -3     3    0.00029185045
1002 region_rec_diffs(4,133)        -1.3653293     -3     3    0.00013592993
1003 region_rec_diffs(4,134)        -0.74820508     -3     3    5.1733692e-05
1004 region_rec_diffs(4,135)        -1.0463745     -3     3    1.8992889e-05
1005 region_rec_diffs(4,136)        -1.7007488     -3     3    1.2699432e-05
1006 region_rec_diffs(4,137)        -0.12310597     -3     3    2.4054394e-05
1007 region_rec_diffs(4,138)        0.41927951     -3     3    -2.8061677e-05
1008 region_rec_diffs(4,139)        1.1874013     -3     3    -7.278875e-06
1009 region_rec_diffs(4,140)        -0.14778409     -3     3    -7.0243574e-05
1010 region_rec_diffs(4,141)        -1.2048051     -3     3    1.2717577e-06
1011 region_rec_diffs(4,142)        -0.46062032     -3     3    2.8068228e-05
1012 region_rec_diffs(4,143)        0.4925189     -3     3    -0.00012062124
1013 region_rec_diffs(4,144)        -0.49684137     -3     3    7.8246075e-06
1014 region_rec_diffs(4,145)        -1.0409215     -3     3    7.6140476e-05
1015 region_rec_diffs(4,146)        1.4152879     -3     3    -4.3394402e-05
1016 region_rec_diffs(4,147)        1.5260515     -3     3    -2.2752885e-06
1017 region_rec_diffs(4,148)        -1.1332227     -3     3    6.7390079e-06
1018 region_rec_diffs(4,149)        -2.1468597     -3     3    0.00011214157
1019 region_rec_diffs(4,150)        -1.1909045     -3     3    -6.9642147e-06
1020 region_rec_diffs(4,151)        1.4410578     -3     3    -6.9908452e-05
1021 region_rec_diffs(4,152)        -2.9956696     -3     3    0.00019770617
1022 region_rec_diffs(4,153)        -2.9999997     -3     3    5.5423735e-07   *************
1023 region_rec_diffs(4,154)        1.1383308     -3     3    5.9747324e-05
1024 region_rec_diffs(4,155)        1.4174419     -3     3    6.2046616e-05
1025 region_rec_diffs(4,156)        -2.7268026     -3     3    -1.9561374e-05
1026 region_rec_diffs(4,157)        -0.92902888     -3     3    -4.1335578e-06
1027 region_rec_diffs(4,158)        0.38169475     -3     3    0.00019431243
1028 region_rec_diffs(4,159)        1.6308053     -3     3    0.00019162075
1029 region_rec_diffs(4,160)        0.63530048     -3     3    7.5215387e-05
1030 region_rec_diffs(4,161)        0.1681938     -3     3    0.00011911606
1031 region_rec_diffs(4,162)        1.530984     -3     3    -4.0954413e-05
1032 region_rec_diffs(4,163)        1.1761054     -3     3    -3.2066602e-05
1033 region_rec_diffs(4,164)        -2.4611082     -3     3    -1.4325828e-05
1034 region_rec_diffs(4,165)        -2.162667     -3     3    -6.7710279e-05
1035 region_rec_diffs(4,166)        0.026014408     -3     3    -5.8913108e-05
1036 region_rec_diffs(4,167)        1.5161813     -3     3    0.00011305992
1037 region_rec_diffs(4,168)        -0.72443755     -3     3    -8.3351216e-05
1038 region_rec_diffs(4,169)        -2.1849733     -3     3    -0.00013243104
1039 region_rec_diffs(4,170)        0.85105329     -3     3    0.00020321804
1040 region_rec_diffs(4,171)        1.2725594     -3     3    0.00031008252
1041 region_rec_diffs(4,172)        0.86834566     -3     3    0.00043811244
1042 region_rec_diffs(4,173)        -1.4588282     -3     3    0.0001724335
1043 region_rec_diffs(4,174)        1.0891335     -3     3    0.00048798633
1044 region_rec_diffs(4,175)        1.1523978     -3     3    0.00052510487
1045 region_rec_diffs(4,176)        0.51123108     -3     3    6.7114088e-05
1046 region_rec_diffs(4,177)        -2.9999996     -3     3    1.4207315e-06   *************
1047 region_rec_diffs(4,178)        0.2520186     -3     3    -2.6588016e-06
1048 region_rec_diffs(4,179)        1.3027688     -3     3    2.1425687e-05
1049 region_rec_diffs(4,180)        -2.3344008     -3     3    -7.1559494e-05
1050 region_rec_diffs(4,181)        -2.9998238     -3     3    4.7957927e-05   *************
1051 region_rec_diffs(4,182)        -0.43447213     -3     3    1.6134084e-06
1052 region_rec_diffs(4,183)        1.0028184     -3     3    -2.0074934e-05
1053 region_rec_diffs(4,184)        0.95137918     -3     3    0.00033758922
1054 region_rec_diffs(4,185)        -2.6994977     -3     3    -0.00012017453
1055 region_rec_diffs(4,186)        1.0844476     -3     3    -2.3162282e-05
1056 region_rec_diffs(4,187)        1.4663714     -3     3    -7.8298612e-07
1057 region_rec_diffs(4,188)        -0.68659786     -3     3    0.00014315547
1058 region_rec_diffs(4,189)        -1.7572501     -3     3    9.2513423e-05
1059 region_rec_diffs(4,190)        -1.7169212     -3     3    -0.00012366028
1060 region_rec_diffs(4,191)        1.523573     -3     3    -1.5772927e-05
1061 region_rec_diffs(4,192)        -0.0018413364     -3     3    0.00042292438
1062 region_rec_diffs(4,193)        -2.9999996     -3     3    -2.3494529e-06   *************
1063 region_rec_diffs(4,194)        0.2296277     -3     3    3.4536986e-05
1064 region_rec_diffs(4,195)        1.3662483     -3     3    -0.0001928323
1065 region_rec_diffs(4,196)        1.2525162     -3     3    0.00013234274
1066 region_rec_diffs(4,197)        -1.6967218     -3     3    -7.6452351e-05
1067 region_rec_diffs(4,198)        0.36748704     -3     3    -6.2176775e-07
1068 region_rec_diffs(4,199)        1.6049529     -3     3    -0.00021789832
1069 region_rec_diffs(4,200)        0.82141801     -3     3    0.00033920716
1070 region_rec_diffs(4,201)        -2.6952445     -3     3    0.00013620093
1071 region_rec_diffs(4,202)        -0.81343303     -3     3    -0.00018955777
1072 region_rec_diffs(4,203)        1.51314     -3     3    1.0052634e-05
1073 region_rec_diffs(4,204)        0.16231693     -3     3    0.00028217874
1074 region_rec_diffs(4,205)        0.93313689     -3     3    -0.00016416977
1075 region_rec_diffs(4,206)        -0.23758538     -3     3    -7.1488106e-05
1076 region_rec_diffs(4,207)        1.1276375     -3     3    2.3652268e-05
1077 region_rec_diffs(4,208)        0.72404069     -3     3    -0.00021466999
1078 region_rec_diffs(4,209)        -2.9999992     -3     3    1.942229e-07   *************
1079 region_rec_diffs(4,210)        -2.2542998     -3     3    5.3758332e-05
1080 region_rec_diffs(4,211)        1.6531475     -3     3    0.00035886619
1081 region_rec_diffs(4,212)        1.0578374     -3     3    -4.0440415e-05
1082 region_rec_diffs(4,213)        0.55832468     -3     3    1.1579385e-05
1083 region_rec_diffs(4,214)        0.45128547     -3     3    0.0003656197
1084 region_rec_diffs(4,215)        1.4153746     -3     3    7.7189826e-05
1085 region_rec_diffs(4,216)        0.98396072     -3     3    0.0003778352
1086 region_rec_diffs(4,217)        -2.259627     -3     3    2.6168856e-05
1087 region_rec_diffs(4,218)        0.38490036     -3     3    0.00011026055
1088 region_rec_diffs(4,219)        1.388086     -3     3    0.00018103232
1089 region_rec_diffs(4,220)        1.0961187     -3     3    -1.140475e-05
1090 region_rec_diffs(4,221)        -2.9999994     -3     3    -8.6031394e-08   *************
1091 region_rec_diffs(4,222)        -0.18378567     -3     3    -8.118863e-05
1092 region_rec_diffs(4,223)        1.434095     -3     3    -5.1415717e-05
1093 region_rec_diffs(4,224)        0.36498323     -3     3    2.1891904e-05
1094 region_rec_diffs(4,225)        -0.87287602     -3     3    -0.00032189907
1095 region_rec_diffs(4,226)        -0.21464352     -3     3    -9.6406436e-05
1096 region_rec_diffs(4,227)        1.3735597     -3     3    3.3582849e-05
1097 region_rec_diffs(4,228)        1.1627682     -3     3    0.00011274364
1098 region_rec_diffs(4,229)        -1.1693214     -3     3    3.508315e-05
1099 region_rec_diffs(4,230)        0.05623601     -3     3    -0.00024862316
1100 region_rec_diffs(4,231)        1.4621025     -3     3    -3.4473027e-05
1101 region_rec_diffs(4,232)        0.25644022     -3     3    -0.00020654162
1102 region_rec_diffs(4,233)        -1.7802932     -3     3    -0.00027077521
1103 region_rec_diffs(4,234)        0.75631712     -3     3    -0.00015895363
1104 region_rec_diffs(4,235)        1.4931039     -3     3    8.2899596e-05
1105 region_rec_diffs(4,236)        1.1139698     -3     3    -3.1456412e-05
1106 region_rec_diffs(4,237)        -2.4769185     -3     3    -3.3459767e-06
1107 region_rec_diffs(4,238)        -0.0057044686     -3     3    -0.00019509228
1108 region_rec_diffs(4,239)        1.3185287     -3     3    -0.00019610028
1109 region_rec_diffs(4,240)        1.319647     -3     3    -8.7946993e-05
1110 region_rec_diffs(4,241)        -2.0780338     -3     3    0.00028295648
1111 region_rec_diffs(4,242)        -0.76996332     -3     3    0.00012452281
1112 region_rec_diffs(4,243)        1.0015707     -3     3    2.255525e-05
1113 region_rec_diffs(4,244)        0.45261479     -3     3    -5.4250546e-05
1114 region_rec_diffs(4,245)        -1.0899615     -3     3    -0.00012464801
1115 region_rec_diffs(4,246)        0.11009976     -3     3    -0.00017255878
1116 region_rec_diffs(4,247)        1.2577286     -3     3    -0.00010586975
1117 region_rec_diffs(4,248)        0.81970064     -3     3    0.0001997654
1118 region_rec_diffs(4,249)        -0.82102241     -3     3    -7.5992322e-05
1119 region_rec_diffs(4,250)        0.032987165     -3     3    -0.00022055836
1120 region_rec_diffs(4,251)        1.2161636     -3     3    5.9879429e-05
1121 region_rec_diffs(4,252)        0.41811165     -3     3    -6.8017881e-06
1122 region_rec_diffs(4,253)        -1.7738711     -3     3    0.00016480344
1123 region_rec_diffs(4,254)        0.73999379     -3     3    -0.00023764158
1124 region_rec_diffs(4,255)        1.2990049     -3     3    -7.0000976e-05
1125 region_rec_diffs(4,256)        0.096779131     -3     3    -7.6456184e-05
1126 region_rec_diffs(4,257)        -2.9999994     -3     3    1.9641329e-07   *************
1127 region_rec_diffs(4,258)        0.34896841     -3     3    0.00017183111
1128 region_rec_diffs(4,259)        0.8323246     -3     3    -4.5562645e-05
1129 region_rec_diffs(4,260)        0.43365634     -3     3    -0.00015369858
1130 region_rec_diffs(4,261)        -2.1069269     -3     3    0.00015690658
1131 region_rec_diffs(4,262)        -2.0325717     -3     3    -0.0001549082
1132 region_rec_diffs(4,263)        1.3704554     -3     3    2.7725277e-05
1133 region_rec_diffs(4,264)        0.83484229     -3     3    1.4491455e-05
1134 region_rec_diffs(4,265)        -1.0447824     -3     3    -4.2226718e-05
1135 region_rec_diffs(4,266)        -0.80787042     -3     3    -1.8685675e-05
1136 region_rec_diffs(4,267)        1.154267     -3     3    -0.00010067416
1137 region_rec_diffs(4,268)        0.82288215     -3     3    0.00015923765
1138 region_rec_diffs(4,269)        -2.4035345     -3     3    -0.00011021256
1139 region_rec_diffs(4,270)        0.56065462     -3     3    0.00019634223
1140 region_rec_diffs(4,271)        1.3728547     -3     3    0.00043419185
1141 region_rec_diffs(4,272)        0.36297773     -3     3    0.00014043187
1142 region_rec_diffs(4,273)        -2.7582722     -3     3    -1.2323324e-05
1143 region_rec_diffs(4,274)        1.393022     -3     3    -2.6035716e-05
1144 region_rec_diffs(4,275)        0.8045754     -3     3    0.0001457606
1145 region_rec_diffs(4,276)        0.29591439     -3     3    5.0715399e-05
1146 region_rec_diffs(4,277)        -0.094437622     -3     3    -3.7843087e-05
1147 region_rec_diffs(4,278)        0.13294803     -3     3    -5.6919385e-05
1148 region_rec_diffs(4,279)        0.79463851     -3     3    8.4207901e-05
1149 bs_selcoff_gp:1(1,1,1,1)        -9.3383312     -20     7    7.5434136e-06
1150 bs_selcoff_gp:1(1,1,1,2)        -2.5080063     -20     7    0.00016142636
1151 bs_selcoff_gp:1(1,1,1,3)        0.87753656     -20     7    -7.409944e-05
1152 bs_selcoff_gp:1(1,1,1,4)        0.41445128     -20     7    0.00016379612
1153 bs_selcoff_gp:2(2,1,1,1)        -5.3960798     -20     7    -0.00014033009
1154 bs_selcoff_gp:2(2,1,1,2)        -1.3213736     -20     7    -0.00015977864
1155 bs_selcoff_gp:2(2,1,1,3)        0.62832456     -20     7    2.0041095e-05
1156 bs_selcoff_gp:2(2,1,1,4)        0.6174553     -20     7    1.2209348e-05
1157 bs_selcoff_gp:3(3,1,1,1)        -11.233323     -20     7    -6.2134312e-05
1158 bs_selcoff_gp:3(3,1,1,2)        -3.2665868     -20     7    8.6735995e-05
1159 bs_selcoff_gp:3(3,1,1,3)        0.84085569     -20     7    7.7134232e-05
1160 bs_selcoff_gp:3(3,1,1,4)        0.49682999     -20     7    -7.4622934e-05
1161 bs_selcoff_gp:4(4,1,1,1)        -4.5551331     -20     7    -3.8470702e-05
1162 bs_selcoff_gp:4(4,1,1,2)        -1.5071043     -20     7    -0.00023998744
1163 bs_selcoff_gp:4(4,1,1,3)        0.94381696     -20     7    2.2403158e-05
1164 bs_selcoff_gp:4(4,1,1,4)        0.18073991     -20     7    -0.00033039081
1165 bs_selcoff_gp:5(5,1,1,1)        -5.3411591     -20     7    5.4343759e-05
1166 bs_selcoff_gp:5(5,1,1,2)        -1.8015647     -20     7    -0.00020139323
1167 bs_selcoff_gp:5(5,1,1,3)        0.8747691     -20     7    8.2785394e-05
1168 bs_selcoff_gp:5(5,1,1,4)        0.35895347     -20     7    -0.00010772802
1169 bs_selcoff_gp:6(6,1,1,1)        -5.075928     -20     7    -5.5415924e-05
1170 bs_selcoff_gp:6(6,1,1,2)        -1.2833176     -20     7    0.00025110654
1171 bs_selcoff_gp:6(6,1,1,3)        0.91564665     -20     7    0.00010149032
1172 bs_selcoff_gp:6(6,1,1,4)        0.19742072     -20     7    -0.0002151958
1173 bs_selcoff_gp:7(7,1,1,1)        -5.2000302     -20     7    -4.0273926e-05
1174 bs_selcoff_gp:7(7,1,1,2)        -1.6277435     -20     7    -5.629726e-05
1175 bs_selcoff_gp:7(7,1,1,3)        0.9639109     -20     7    4.0486881e-05
1176 bs_selcoff_gp:7(7,1,1,4)        0.16226916     -20     7    -2.9759112e-05
1177 bs_selcoff_gp:8(8,1,1,1)        -5.2640673     -20     7    -2.3613874e-05
1178 bs_selcoff_gp:8(8,1,1,2)        -4.3236443     -20     7    4.318109e-05
1179 bs_selcoff_gp:8(8,1,1,3)        0.91070646     -20     7    -1.3547483e-07
1180 bs_selcoff_gp:8(8,1,1,4)        0.40245058     -20     7    -0.00011757083
1181 bs_selcoff_gp:9(9,1,1,1)        -10.831317     -20     7    -0.00034961392
1182 bs_selcoff_gp:9(9,1,1,2)        -6.1212156     -20     7    -0.00012191252
1183 bs_selcoff_gp:9(9,1,1,3)        0.18542796     -20     7    0.00014264061
1184 bs_selcoff_gp:9(9,1,1,4)        1.0274771     -20     7    -0.00010787562
1185 bs_selcoff_gp:10(10,1,1,1)        -4.1815582     -20     7    7.7616166e-05
1186 bs_selcoff_gp:10(10,1,1,2)        -0.48457753     -20     7    -0.00019629355
1187 bs_selcoff_gp:10(10,1,1,3)        0.64890556     -20     7    0.0001944509
1188 bs_selcoff_gp:10(10,1,1,4)        0.3752376     -20     7    5.824504e-05
1189 bs_selcoff_gp:11(11,1,1,1)        -8.0923103     -20     7    -6.2251578e-06
1190 bs_selcoff_gp:11(11,1,1,2)        -3.352384     -20     7    -3.9057627e-05
1191 bs_selcoff_gp:11(11,1,1,3)        1.2429317     -20     7    1.9320724e-05
1192 bs_selcoff_gp:11(11,1,1,4)        -0.69529527     -20     7    -4.5212642e-05
1193 bs_selcoff_gp:12(12,1,1,1)        -10.285984     -20     7    4.1936959e-06
1194 bs_selcoff_gp:12(12,1,1,2)        -4.1259528     -20     7    0.0001346145
1195 bs_selcoff_gp:12(12,1,1,3)        1.0575198     -20     7    -1.2584945e-05
1196 bs_selcoff_gp:12(12,1,1,4)        0.09948685     -20     7    2.5799045e-05
1197 bs_selcoff_gp:13(13,1,1,1)        0.20361266     -20     7    -8.12468e-05
1198 bs_selcoff_gp:13(13,1,1,2)        0.99936609     -20     7    8.2631406e-06
1199 bs_selcoff_gp:13(13,1,1,3)        -3.4030876     -20     7    6.2808986e-05
1200 bs_selcoff_gp:13(13,1,1,4)        -3.7158904     -20     7    -0.00025881114
1201 bs_selcoff_gp:14(14,1,1,1)        0.37605525     -20     7    -4.1254919e-05
1202 bs_selcoff_gp:14(14,1,1,2)        0.87634183     -20     7    4.9334396e-05
1203 bs_selcoff_gp:14(14,1,1,3)        -2.046982     -20     7    3.2163283e-05
1204 bs_selcoff_gp:14(14,1,1,4)        -4.4001416     -20     7    0.00020236948
1205 bs_selcoff_gp:15(15,1,1,1)        0.15597269     -20     7    -0.00018389974
1206 bs_selcoff_gp:15(15,1,1,2)        1.0029839     -20     7    0.00010264861
1207 bs_selcoff_gp:15(15,1,1,3)        -2.4411431     -20     7    -0.00010800256
1208 bs_selcoff_gp:15(15,1,1,4)        -4.0341459     -20     7    -0.00020388748
1209 bs_selcoff_gp:16(16,1,1,1)        -0.93849249     -20     7    -3.0772566e-05
1210 bs_selcoff_gp:16(16,1,1,2)        1.2428652     -20     7    -1.4615267e-05
1211 bs_selcoff_gp:16(16,1,1,3)        -1.9846255     -20     7    5.4105606e-05
1212 bs_selcoff_gp:16(16,1,1,4)        -5.1462543     -20     7    -2.8452209e-05
1213 bs_selcoff_gp:17(17,1,1,1)        0.085469672     -20     7    -4.2806683e-05
1214 bs_selcoff_gp:17(17,1,1,2)        1.0322984     -20     7    1.6611261e-06
1215 bs_selcoff_gp:17(17,1,1,3)        -2.3015539     -20     7    -0.00026744114
1216 bs_selcoff_gp:17(17,1,1,4)        -5.7668146     -20     7    3.9254832e-05
1217 bs_selcoff_gp:18(18,1,1,1)        -0.52533489     -20     7    0.00013113108
1218 bs_selcoff_gp:18(18,1,1,2)        1.1900759     -20     7    -5.6534673e-05
1219 bs_selcoff_gp:18(18,1,1,3)        -2.2374643     -20     7    -2.9977195e-05
1220 bs_selcoff_gp:18(18,1,1,4)        -4.2280415     -20     7    -6.8501346e-05
1221 bs_selcoff_gp:19(19,1,1,1)        0.27874453     -20     7    0.00029086246
1222 bs_selcoff_gp:19(19,1,1,2)        0.89358496     -20     7    0.0001623803
1223 bs_selcoff_gp:19(19,1,1,3)        -1.4883628     -20     7    -0.00032066787
1224 bs_selcoff_gp:19(19,1,1,4)        -4.7171642     -20     7    0.00010353267
1225 bs_selcoff_gp:20(20,1,1,1)        -1.974278     -20     7    4.6750758e-05
1226 bs_selcoff_gp:20(20,1,1,2)        -0.36244223     -20     7    0.00015152536
1227 bs_selcoff_gp:20(20,1,1,3)        -0.52569864     -20     7    -2.0623128e-05
1228 bs_selcoff_gp:20(20,1,1,4)        0.94547311     -20     7    -8.3027591e-05
1229 bs_selcoff_gp:21(21,1,1,1)        -0.08159423     -20     7    -0.00012808418
1230 bs_selcoff_gp:21(21,1,1,2)        1.0885503     -20     7    4.9907216e-05
1231 bs_selcoff_gp:21(21,1,1,3)        -2.2445075     -20     7    0.00014986298
1232 bs_selcoff_gp:21(21,1,1,4)        -6.0288856     -20     7    -8.2031106e-05
1233 bs_selcoff_gp:22(22,1,1,1)        -3.1475856     -20     7    4.09975e-05
1234 bs_selcoff_gp:22(22,1,1,2)        1.3052467     -20     7    7.4962229e-05
1235 bs_selcoff_gp:22(22,1,1,3)        -1.3806551     -20     7    -1.0239907e-05
1236 bs_selcoff_gp:22(22,1,1,4)        -4.0726377     -20     7    -0.00011221839
1237 bs_selcoff_gp:23(23,1,1,1)        -4.4281776     -20     7    -0.00017035679
1238 bs_selcoff_gp:23(23,1,1,2)        1.3752341     -20     7    -0.00010295248
1239 bs_selcoff_gp:23(23,1,1,3)        -3.4416189     -20     7    -6.5049372e-05
1240 bs_selcoff_gp:23(23,1,1,4)        -17.298352     -20     7    -8.6837157e-05
1241 bs_selcoff_gp:24(24,1,1,1)        -4.0437083     -20     7    -3.6785841e-05
1242 bs_selcoff_gp:24(24,1,1,2)        0.83189126     -20     7    7.3670205e-05
1243 bs_selcoff_gp:24(24,1,1,3)        0.52152465     -20     7    1.9742436e-06
1244 bs_selcoff_gp:24(24,1,1,4)        -8.4219531     -20     7    1.6374066e-05
1245 bs_selcoff_gp:25(25,1,1,1)        -18.890735     -20     7    9.2948567e-05
1246 bs_selcoff_gp:25(25,1,1,2)        1.3862994     -20     7    -4.9344939e-07
1247 bs_selcoff_gp:25(25,1,1,3)        -14.595121     -20     7    8.6327752e-06
1248 bs_selcoff_gp:25(25,1,1,4)        -11.728754     -20     7    5.6051759e-05
1249 bs_selcoff_gp:26(26,1,1,1)        -1.1896941     -20     7    -0.00028307867
1250 bs_selcoff_gp:26(26,1,1,2)        1.3000475     -20     7    6.5204264e-05
1251 bs_selcoff_gp:26(26,1,1,3)        -3.7060669     -20     7    1.5120827e-05
1252 bs_selcoff_gp:26(26,1,1,4)        -6.4201196     -20     7    8.3712817e-05
1253 bs_selcoff_gp:27(27,1,1,1)        -2.3462002     -20     7    -0.00019682854
1254 bs_selcoff_gp:27(27,1,1,2)        1.3557005     -20     7    0.0001334872
1255 bs_selcoff_gp:27(27,1,1,3)        -3.7490112     -20     7    4.2035725e-05
1256 bs_selcoff_gp:27(27,1,1,4)        -6.7086913     -20     7    -0.00030594302
1257 bs_selcoff_gp:28(28,1,1,1)        -2.9782152     -20     7    -0.00017348601
1258 bs_selcoff_gp:28(28,1,1,2)        1.3740356     -20     7    -3.2427329e-05
1259 bs_selcoff_gp:28(28,1,1,3)        -19.999324     -20     7    0.00026641926   *************
1260 bs_selcoff_gp:28(28,1,1,4)        -7.9968596     -20     7    -8.0159703e-05
1261 bs_selcoff_gp:29(29,1,1,1)        -8.4660954     -20     7    0.00016799822
1262 bs_selcoff_gp:29(29,1,1,2)        -2.9257854     -20     7    -0.00015658686
1263 bs_selcoff_gp:29(29,1,1,3)        0.88447969     -20     7    1.1427562e-05
1264 bs_selcoff_gp:29(29,1,1,4)        0.42162929     -20     7    -4.9206908e-06
1265 recr(2)        0.85719705     -20     20    4.1111331e-05
1266 recr(3)        0.82169553     -20     20    -0.00014475749
1267 recr(4)        0.84207313     -20     20    5.6465396e-05
1268 recr(5)        0.85367235     -20     20    0.00013982507
1269 recr(6)        -2.0603829     -20     20    6.219197e-05
1270 recr(7)        -1.8840673     -20     20    4.6066683e-05
1271 recr(8)        2.3027481     -20     20    0.00021710399
1272 recr(9)        -0.34251274     -20     20    3.7266848e-05
1273 recr(10)        -1.0792546     -20     20    5.2944035e-05
1274 recr(11)        -1.8264283     -20     20    3.715785e-05
1275 recr(12)        2.3423329     -20     20    -0.00010927508
1276 recr(13)        -0.073792456     -20     20    -1.8201792e-05
1277 recr(14)        2.0590163     -20     20    -0.0001118767
1278 recr(15)        -1.6548347     -20     20    1.9362037e-05
1279 recr(16)        -1.0681635     -20     20    -8.2048776e-06
1280 recr(17)        -0.13176708     -20     20    -6.3924037e-06
1281 recr(18)        1.9123219     -20     20    0.00013092455
1282 recr(19)        -1.2778537     -20     20    6.2415715e-05
1283 recr(20)        -0.59717784     -20     20    9.1196354e-06
1284 recr(21)        0.42302306     -20     20    1.8633267e-06
1285 recr(22)        1.2767815     -20     20    -5.1823587e-05
1286 recr(23)        -1.2872856     -20     20    6.3882702e-05
1287 recr(24)        0.023046631     -20     20    0.00016115978
1288 recr(25)        0.27193207     -20     20    9.1090334e-05
1289 recr(26)        1.4095     -20     20    -1.9149923e-05
1290 recr(27)        -1.4690429     -20     20    4.3321281e-05
1291 recr(28)        2.1938019     -20     20    0.00012057169
1292 recr(29)        0.40016757     -20     20    2.8975338e-05
1293 recr(30)        0.14199592     -20     20    -5.1324113e-05
1294 recr(31)        -2.2799218     -20     20    2.9854172e-05
1295 recr(32)        -1.6637674     -20     20    -8.6227987e-06
1296 recr(33)        -0.35849122     -20     20    1.4626563e-06
1297 recr(34)        1.7129507     -20     20    -0.00013138148
1298 recr(35)        -2.351756     -20     20    2.728009e-05
1299 recr(36)        -2.3418094     -20     20    4.5250951e-05
1300 recr(37)        1.8366553     -20     20    0.00011240784
1301 recr(38)        -0.70985303     -20     20    5.3176351e-05
1302 recr(39)        -2.8584516     -20     20    2.6246603e-05
1303 recr(40)        -2.4811666     -20     20    6.512999e-05
1304 recr(41)        0.95676654     -20     20    -3.3177262e-05
1305 recr(42)        1.3667997     -20     20    0.0001535987
1306 recr(43)        -2.2216538     -20     20    3.1932407e-05
1307 recr(44)        -1.1172945     -20     20    5.3388377e-05
1308 recr(45)        1.3997243     -20     20    -0.00018868296
1309 recr(46)        -1.2224893     -20     20    4.0468893e-05
1310 recr(47)        -1.4394208     -20     20    1.4413222e-05
1311 recr(48)        0.20484675     -20     20    -6.9635303e-05
1312 recr(49)        1.5838111     -20     20    -7.8196578e-05
1313 recr(50)        -2.3225819     -20     20    3.575899e-05
1314 recr(51)        0.37887459     -20     20    0.00019340251
1315 recr(52)        -1.8411875     -20     20    4.178063e-05
1316 recr(53)        0.92391785     -20     20    0.00020509686
1317 recr(54)        0.40959324     -20     20    0.0003355354
1318 recr(55)        -0.36094326     -20     20    0.00023256146
1319 recr(56)        -1.0635986     -20     20    9.8070608e-05
1320 recr(57)        0.019562813     -20     20    0.0001619577
1321 recr(58)        1.3733764     -20     20    6.6768899e-05
1322 recr(59)        -0.37972885     -20     20    3.0316696e-05
1323 recr(60)        0.79284772     -20     20    1.0473553e-05
1324 recr(61)        1.4146304     -20     20    -0.00023411452
1325 recr(62)        -1.7787484     -20     20    9.5019737e-06
1326 recr(63)        -1.1501446     -20     20    -1.0903882e-05
1327 recr(64)        -0.52360339     -20     20    -0.00011753066
1328 recr(65)        0.85918478     -20     20    -0.00014673131
1329 recr(66)        -2.1510999     -20     20    2.667379e-05
1330 recr(67)        -0.84662741     -20     20    5.4658286e-05
1331 recr(68)        0.79455888     -20     20    8.3522609e-05
1332 recr(69)        -0.23660597     -20     20    4.7029359e-05
1333 recr(70)        0.9379506     -20     20    5.4882279e-05
1334 recr(71)        -0.83032716     -20     20    -0.00015529884
1335 recr(72)        0.24928771     -20     20    8.3859652e-05
1336 recr(73)        1.7087121     -20     20    0.00014845695
1337 recr(74)        -0.35853822     -20     20    -2.248339e-05
1338 recr(75)        -2.7496752     -20     20    2.4287143e-05
1339 recr(76)        -0.22728704     -20     20    0.00013809304
1340 recr(77)        -0.016815628     -20     20    1.8815973e-05
1341 recr(78)        -1.6925667     -20     20    5.8434881e-05
1342 recr(79)        -2.8721055     -20     20    3.5222555e-05
1343 recr(80)        1.2774692     -20     20    0.00025703652
1344 recr(81)        0.38299956     -20     20    7.1783043e-05
1345 recr(82)        -1.0224098     -20     20    3.0622861e-05
1346 recr(83)        0.68672696     -20     20    0.00036778502
1347 recr(84)        0.50489747     -20     20    -1.8389357e-05
1348 recr(85)        0.97999869     -20     20    -0.00016279494
1349 recr(86)        -2.9546586     -20     20    -1.0493722e-05
1350 recr(87)        0.47413088     -20     20    3.4123144e-05
1351 recr(88)        1.1783268     -20     20    -0.00017593311
1352 recr(89)        -0.4136307     -20     20    -1.931791e-05
1353 recr(90)        -2.4422806     -20     20    4.77369e-06
1354 recr(91)        -0.40147297     -20     20    1.2773528e-05
1355 recr(92)        0.46123992     -20     20    -0.00012799907
1356 recr(93)        -2.0149152     -20     20    -1.0346602e-05
1357 recr(94)        2.0923559     -20     20    0.0001412917
1358 recr(95)        0.38243838     -20     20    0.00016865404
1359 recr(96)        -0.00038852452     -20     20    7.8778712e-05
1360 recr(97)        -1.054648     -20     20    7.9274207e-05
1361 recr(98)        -1.6998629     -20     20    0.00023592866
1362 recr(99)        -0.47390379     -20     20    -0.00014345252
1363 recr(100)        1.1191503     -20     20    0.00041094454
1364 recr(101)        0.80886904     -20     20    -5.2156443e-05
1365 recr(102)        -3.4560745     -20     20    1.3664959e-05
1366 recr(103)        -1.270388     -20     20    3.6215327e-06
1367 recr(104)        1.7638432     -20     20    -0.00017389131
1368 recr(105)        -1.2820058     -20     20    2.2300077e-05
1369 recr(106)        -3.8971549     -20     20    2.174075e-05
1370 recr(107)        -3.1982149     -20     20    2.2023938e-05
1371 recr(108)        0.56976423     -20     20    0.0001057659
1372 recr(109)        0.3280333     -20     20    0.0001576379
1373 recr(110)        -2.9408726     -20     20    1.8747736e-05
1374 recr(111)        -3.2797317     -20     20    -2.1829682e-06
1375 recr(112)        0.7104058     -20     20    0.00019342841
1376 recr(113)        1.2873759     -20     20    4.5068178e-05
1377 recr(114)        -1.1725433     -20     20    4.5898213e-05
1378 recr(115)        -1.5971982     -20     20    4.8251324e-07
1379 recr(116)        0.65235731     -20     20    -0.00021556508
1380 recr(117)        0.71258321     -20     20    -0.00013751967
1381 recr(118)        -2.0939806     -20     20    7.893867e-06
1382 recr(119)        0.50449106     -20     20    -7.4692179e-05
1383 recr(120)        0.85226482     -20     20    -3.1176679e-05
1384 recr(121)        0.98587484     -20     20    -0.00011132951
1385 recr(122)        0.54140996     -20     20    4.2237625e-05
1386 recr(123)        -1.1544154     -20     20    -6.9922423e-05
1387 recr(124)        0.98856517     -20     20    -0.00024412583
1388 recr(125)        -0.88249257     -20     20    1.5415493e-05
1389 recr(126)        0.40560429     -20     20    -0.00029964295
1390 recr(127)        -0.65224044     -20     20    0.00010160831
1391 recr(128)        0.81552136     -20     20    -0.0002673148
1392 recr(129)        0.029990892     -20     20    0.00017960777
1393 recr(130)        -1.3432366     -20     20    -0.00011569653
1394 recr(131)        -0.46243583     -20     20    0.00023376542
1395 recr(132)        0.76933004     -20     20    3.7385406e-05
1396 recr(133)        1.3859891     -20     20    -0.00022497639
1397 recr(134)        -0.58178858     -20     20    -8.1871667e-05
1398 recr(135)        0.1728682     -20     20    2.0426632e-06
1399 recr(136)        1.3571567     -20     20    -4.9034714e-05
1400 recr(137)        -1.3189346     -20     20    -7.3969469e-05
1401 recr(138)        -2.2930711     -20     20    -5.4055906e-05
1402 recr(139)        -0.90818915     -20     20    0.00010243382
1403 recr(140)        0.76619741     -20     20    8.7424757e-05
1404 recr(141)        0.95131824     -20     20    0.00010504693
1405 recr(142)        -1.5812427     -20     20    1.190086e-05
1406 recr(143)        -0.18613742     -20     20    0.00023002395
1407 recr(144)        1.0811342     -20     20    6.5952578e-05
1408 recr(145)        1.6603696     -20     20    -0.00022968166
1409 recr(146)        -0.8187792     -20     20    9.7820497e-05
1410 recr(147)        -0.36888928     -20     20    0.00016709424
1411 recr(148)        1.2280254     -20     20    -0.00010809136
1412 recr(149)        -0.46135788     -20     20    0.00014720554
1413 recr(150)        -0.92217493     -20     20    -5.288175e-05
1414 recr(151)        0.35264093     -20     20    2.8065841e-05
1415 recr(152)        0.88790442     -20     20    9.2654575e-06
1416 recr(153)        0.79648342     -20     20    -0.00015371839
1417 recr(154)        -0.033419115     -20     20    -1.4987852e-05
1418 recr(155)        -0.11421542     -20     20    -2.4811227e-05
1419 recr(156)        1.2745121     -20     20    -0.00060685154
1420 recr(157)        -1.2408439     -20     20    -0.0002092984
1421 recr(158)        -1.3537012     -20     20    -0.00078101109
1422 recr(159)        -0.18891118     -20     20    -7.2391805e-05
1423 recr(160)        1.0751736     -20     20    0.00013667265
1424 recr(161)        1.0144818     -20     20    -0.00019496666
1425 recr(162)        -0.39082881     -20     20    0.00010396048
1426 recr(163)        0.3126918     -20     20    8.8626711e-05
1427 recr(164)        1.2527129     -20     20    -0.00013963714
1428 recr(165)        -0.088260779     -20     20    0.00015870468
1429 recr(166)        -1.3216981     -20     20    7.3079358e-05
1430 recr(167)        0.63439828     -20     20    -0.00013334674
1431 recr(168)        0.026768294     -20     20    3.0954357e-05
1432 recr(169)        0.21463472     -20     20    -0.00026684532
1433 recr(170)        -0.07085635     -20     20    -0.00037459623
1434 recr(171)        0.83118644     -20     20    -1.6147424e-05
1435 recr(172)        1.2665342     -20     20    -0.00034954072
1436 recr(173)        1.2942358     -20     20    -0.00065013653
1437 recr(174)        -1.2752813     -20     20    -0.00056031195
1438 recr(175)        -0.93213944     -20     20    -0.00068527062
1439 recr(176)        0.28582525     -20     20    -0.00020747253
1440 recr(177)        0.8599147     -20     20    3.9464381e-05
1441 recr(178)        0.78309916     -20     20    -5.5326067e-05
1442 recr(179)        0.065428846     -20     20    0.00015658657
1443 recr(180)        1.0570722     -20     20    1.4818976e-05
1444 recr(181)        0.13123717     -20     20    0.00011718485
1445 recr(182)        -0.64726271     -20     20    -0.00015145341
1446 recr(183)        -0.56275897     -20     20    4.3387095e-05
1447 recr(184)        0.084980184     -20     20    -1.7538407e-05
1448 recr(185)        0.83159965     -20     20    1.9806102e-05
1449 recr(186)        1.0179635     -20     20    3.3498845e-05
1450 recr(187)        0.17097887     -20     20    -0.00011573951
1451 recr(188)        0.60318942     -20     20    0.00027555962
1452 recr(189)        -0.5916921     -20     20    8.6252805e-05
1453 recr(190)        -0.076318214     -20     20    3.0424814e-05
1454 recr(191)        0.047131125     -20     20    0.00010897676
1455 recr(192)        0.68860173     -20     20    0.00025790834
1456 recr(193)        1.0867059     -20     20    -0.00022988644
1457 recr(194)        0.91124948     -20     20    0.00020155678
1458 recr(195)        0.89426088     -20     20    0.0001564622
1459 recr(196)        0.39388468     -20     20    -5.6382038e-05
1460 recr(197)        0.53802183     -20     20    0.00037491729
1461 recr(198)        -0.00035835104     -20     20    -0.00011390305
1462 recr(199)        0.68846726     -20     20    -0.00010005454
1463 recr(200)        0.5829057     -20     20    0.00024204012
1464 recr(201)        0.49242789     -20     20    -0.00010980438
1465 recr(202)        0.94308555     -20     20    -2.1376377e-05
1466 recr(203)        0.59690749     -20     20    -6.410998e-05
1467 recr(204)        0.89578848     -20     20    1.2652044e-05
1468 recr(205)        -1.5864439     -20     20    2.7165628e-05
1469 recr(206)        -0.33362407     -20     20    -2.1683737e-05
1470 recr(207)        -0.88946233     -20     20    -0.00016413336
1471 recr(208)        0.68325367     -20     20    6.2480087e-05
1472 recr(209)        0.83226109     -20     20    -3.0539051e-06
1473 recr(210)        1.0016253     -20     20    -0.00013384132
1474 recr(211)        0.95604484     -20     20    -3.0285989e-05
1475 recr(212)        0.55446732     -20     20    0.00013026602
1476 recr(213)        -0.81456601     -20     20    0.0001354599
1477 recr(214)        0.24786572     -20     20    -4.1870581e-05
1478 recr(215)        -0.063016502     -20     20    -0.00015832714
1479 recr(216)        0.71325504     -20     20    5.6058808e-05
1480 recr(217)        0.88225754     -20     20    0.00020539626
1481 recr(218)        0.16832464     -20     20    -6.9407411e-05
1482 recr(219)        -0.24112338     -20     20    2.4625742e-06
1483 recr(220)        -0.15425118     -20     20    -5.0703841e-05
1484 recr(221)        0.53517507     -20     20    0.00044019358
1485 recr(222)        0.62547378     -20     20    -6.5836904e-05
1486 recr(223)        0.56742008     -20     20    -0.00011776096
1487 recr(224)        0.52448382     -20     20    0.00021668907
1488 recr(225)        -0.078201601     -20     20    -8.7913834e-05
1489 recr(226)        0.14354753     -20     20    8.4431816e-05
1490 recr(227)        0.15552789     -20     20    0.00023294522
1491 recr(228)        0.59498906     -20     20    -0.00017235622
1492 recr(229)        0.92352516     -20     20    3.6243795e-05
1493 recr(230)        0.92301612     -20     20    0.00014844877
1494 recr(231)        0.14921112     -20     20    0.00028118456
1495 recr(232)        0.17204614     -20     20    -3.7212544e-05
1496 recr(233)        0.036084096     -20     20    -0.00019424634
1497 recr(234)        0.21057821     -20     20    -0.00017828491
1498 recr(235)        0.28214521     -20     20    0.00024201027
1499 recr(236)        0.18998728     -20     20    -0.00011234373
1500 recr(237)        0.076307234     -20     20    0.00015249868
1501 recr(238)        0.21126767     -20     20    0.0001062565
1502 recr(239)        0.45866568     -20     20    0.00043496608
1503 recr(240)        0.5563429     -20     20    0.00011619244
1504 recr(241)        0.82538851     -20     20    -8.0098781e-05
1505 recr(242)        1.1810343     -20     20    0.0001817037
1506 recr(243)        0.57472236     -20     20    -0.00012752906
1507 recr(244)        0.48726381     -20     20    -4.9906771e-05
1508 recr(245)        0.47457833     -20     20    1.5676851e-05
1509 recr(246)        0.73224007     -20     20    0.0001307988
1510 recr(247)        0.69025443     -20     20    0.00021840071
1511 recr(248)        0.53287942     -20     20    0.00011048665
1512 recr(249)        0.17328112     -20     20    5.1459445e-05
1513 recr(250)        -0.031997905     -20     20    -6.0497761e-05
1514 recr(251)        -0.1811942     -20     20    0.00013111973
1515 recr(252)        0.22504745     -20     20    0.00021103075
1516 recr(253)        0.41210542     -20     20    7.8769714e-05
1517 recr(254)        0.35678639     -20     20    0.00015731756
1518 recr(255)        0.29996416     -20     20    -6.7219363e-05
1519 recr(256)        0.57295923     -20     20    6.9120505e-05
1520 recr(257)        0.67552902     -20     20    8.4005759e-05
1521 recr(258)        0.42972211     -20     20    -5.0237153e-05
1522 recr(259)        0.39986063     -20     20    8.0647705e-05
1523 recr(260)        0.29505232     -20     20    -3.5418092e-05
1524 recr(261)        0.2311819     -20     20    2.6557818e-05
1525 recr(262)        0.80928842     -20     20    0.00014470295
1526 recr(263)        0.54059389     -20     20    -4.0214963e-06
1527 recr(264)        0.45310933     -20     20    -9.8744205e-07
1528 recr(265)        0.2636616     -20     20    0.00046328115
1529 recr(266)        0.32877227     -20     20    -0.00033716067
1530 recr(267)        0.083276164     -20     20    -0.00012327205
1531 recr(268)        0.23575673     -20     20    -0.00023316713
1532 recr(269)        0.67002812     -20     20    -0.00058609297
1533 recr(270)        -0.09908674     -20     20    -0.00025460715
1534 recr(271)        -0.32425745     -20     20    -0.00058276998
1535 recr(272)        -0.28316477     -20     20    -0.00066017264
1536 recr(273)        0.35131311     -20     20    -3.3243236e-05
1537 recr(274)        1.2830984     -20     20    -3.5260127e-05
1538 totpop        16.957329     8     25    -0.00060464692
1539 tag_fish_rep(1)        0.139077     0.001     0.99    -1.1867789e-05
1540 tag_fish_rep(3)        0.072834926     0.001     0.99    -5.7472871e-05
1541 tag_fish_rep(4)        0.57727483     0.001     0.99    0.00012645504
1542 tag_fish_rep(5)        0.66346324     0.001     0.99    1.1596958e-05
1543 tag_fish_rep(6)        0.50738104     0.001     0.99    0.00010138908
1544 tag_fish_rep(11)        0.6143236     0.001     0.99    1.0423984e-05
1545 tag_fish_rep(12)        0.59301368     0.001     0.99    8.3244343e-07
1546 tag_fish_rep(13)        0.64978477     0.001     0.99    3.1004264e-05
1547 tag_fish_rep(17)        0.68153287     0.001     0.99    9.107793e-05
1548 tag_fish_rep(18)        0.79317554     0.001     0.99    -0.00010110019
1549 tag_fish_rep(19)        0.99     0.001     0.99    2.198939e-07   *************
1550 tag_fish_rep(24)        0.82175631     0.001     0.99    -9.9406299e-06
1551 tag_fish_rep(25)        0.57760181     0.001     0.99    3.8109757e-05
1552 tag_fish_rep(28)        0.54398202     0.001     0.99    -4.9782961e-05
1553 tag_fish_rep(32)        0.13126044     0.001     0.99    -7.3773902e-05
1554 tag_fish_rep(34)        0.98999999     0.001     0.99    4.9668598e-07   *************
1555 tag_fish_rep(35)        0.99     0.001     0.99    1.324698e-07   *************
1556 region_pars(1)        0.64756005     1e-06     1.5    9.3756674e-05
1557 region_pars(1)        0.17597423     1e-06     1.5    -0.00076474883
1558 region_pars(1)        3.5336407e-06     1e-06     1.5    5.4402925e-05
1559 region_pars(1)        0.17641129     1e-06     1.5    0.00049577147
1560 sv(21)        0.046651667     1e-06     1000    -2.8038244e-05
1561 var_coff(1)        6.0673833     1     10    -8.2925242e-05
1562 var_coff(2)        0.45717122     0.1     3    -4.909127e-05
