 Index  Var_name   Estimate L_bound  U_bound gradient
1 diff_coffs(1,1)        3.1740832e-09     0     4    -3.674777e-07   *************
2 diff_coffs(1,2)        1.4418116e-09     0     4    5.5001064e-06   *************
3 diff_coffs(1,3)        6.3598815e-10     0     4    4.0444681e-07   *************
4 diff_coffs(1,4)        0.010417382     0     4    -0.00019914777
5 diff_coffs(1,5)        0.00034926239     0     4    5.6007525e-05   *************
6 diff_coffs(1,6)        0.0068105597     0     4    0.00030296448
7 diff_coffs(1,7)        1.2268839e-09     0     4    3.3721907e-07   *************
8 diff_coffs(1,8)        0.057857093     0     4    -0.00017308576
9 diff_coffs(2,1)        0.010083378     0     4    -0.00020467824
10 diff_coffs(2,2)        0.010364433     0     4    -0.0003102771
11 diff_coffs(2,3)        5.7108829e-10     0     4    5.6874252e-07   *************
12 diff_coffs(2,4)        0.09485817     0     4    -3.2862666e-05
13 diff_coffs(2,5)        4.0613264e-09     0     4    2.4510698e-05   *************
14 diff_coffs(2,6)        0.011557377     0     4    0.00020612859
15 diff_coffs(2,7)        0.00059604446     0     4    -0.00029141694   *************
16 diff_coffs(2,8)        0.011920669     0     4    0.00010765384
17 diff_coffs(3,1)        0.029292946     0     4    -0.00010860368
18 diff_coffs(3,2)        5.4392002e-10     0     4    -3.6450341e-07   *************
19 diff_coffs(3,3)        5.1878279e-10     0     4    -1.6178378e-07   *************
20 diff_coffs(3,4)        0.019607061     0     4    -0.00041376244
21 diff_coffs(3,5)        7.7894119e-07     0     4    0.00015012742   *************
22 diff_coffs(3,6)        0.00012618407     0     4    0.00010771046   *************
23 diff_coffs(3,7)        1.5328368e-08     0     4    -5.6551847e-07   *************
24 diff_coffs(3,8)        3.0839723e-05     0     4    0.00011717859   *************
25 diff_coffs(4,1)        9.8222247e-08     0     4    5.4361634e-07   *************
26 diff_coffs(4,2)        4.7531068e-10     0     4    -3.985639e-07   *************
27 diff_coffs(4,3)        9.0917718e-10     0     4    8.3335309e-06   *************
28 diff_coffs(4,4)        0.19965567     0     4    -0.00010947971
29 diff_coffs(4,5)        0.0073464797     0     4    8.992643e-05
30 diff_coffs(4,6)        0.045789268     0     4    0.0004357447
31 diff_coffs(4,7)        0.0067047945     0     4    0.00016338225
32 diff_coffs(4,8)        0.017613656     0     4    -0.00033330792
33 region_rec_diffs(1,1)        -4.4408921e-16     -3     3    -6.1594906e-16
34 region_rec_diffs(1,2)        0.73919822     -3     3    0.00051168902
35 region_rec_diffs(1,3)        0.77142866     -3     3    -0.00098845317
36 region_rec_diffs(1,4)        0.77493772     -3     3    0.00062483083
37 region_rec_diffs(1,5)        0.77914923     -3     3    -0.00081204188
38 region_rec_diffs(1,6)        0.38554492     -3     3    0.00012218923
39 region_rec_diffs(1,7)        0.22908144     -3     3    0.00015039435
40 region_rec_diffs(1,8)        0.25769077     -3     3    -0.00022543168
41 region_rec_diffs(1,9)        1.000911     -3     3    0.00020309386
42 region_rec_diffs(1,10)        0.25107534     -3     3    -6.9214028e-05
43 region_rec_diffs(1,11)        0.084158017     -3     3    2.6423555e-05
44 region_rec_diffs(1,12)        0.15438388     -3     3    0.00031011172
45 region_rec_diffs(1,13)        0.68816737     -3     3    -0.00014448821
46 region_rec_diffs(1,14)        -0.34101845     -3     3    0.00017676176
47 region_rec_diffs(1,15)        -0.056581372     -3     3    4.3542042e-06
48 region_rec_diffs(1,16)        -0.096693281     -3     3    -1.7830587e-05
49 region_rec_diffs(1,17)        -0.70574166     -3     3    -4.9467801e-05
50 region_rec_diffs(1,18)        0.78700608     -3     3    0.00042059005
51 region_rec_diffs(1,19)        0.30652259     -3     3    2.1260766e-05
52 region_rec_diffs(1,20)        0.49429645     -3     3    -0.00011469726
53 region_rec_diffs(1,21)        -0.13955871     -3     3    -9.4819172e-05
54 region_rec_diffs(1,22)        0.9049675     -3     3    0.0002265768
55 region_rec_diffs(1,23)        0.43983102     -3     3    -8.647516e-05
56 region_rec_diffs(1,24)        0.63957441     -3     3    -0.00012309655
57 region_rec_diffs(1,25)        0.85939396     -3     3    -0.00065914802
58 region_rec_diffs(1,26)        1.0193854     -3     3    0.00014459091
59 region_rec_diffs(1,27)        0.20719269     -3     3    0.000160262
60 region_rec_diffs(1,28)        0.608047     -3     3    -0.00038121351
61 region_rec_diffs(1,29)        -1.0476693     -3     3    3.2365662e-05
62 region_rec_diffs(1,30)        -0.6466459     -3     3    4.7280877e-06
63 region_rec_diffs(1,31)        -0.15118421     -3     3    1.5370028e-05
64 region_rec_diffs(1,32)        -0.28764158     -3     3    -1.5655738e-05
65 region_rec_diffs(1,33)        -0.6989645     -3     3    3.9714753e-05
66 region_rec_diffs(1,34)        0.69690275     -3     3    0.00028376264
67 region_rec_diffs(1,35)        0.20760713     -3     3    -8.2403688e-05
68 region_rec_diffs(1,36)        0.22931472     -3     3    -0.00024046933
69 region_rec_diffs(1,37)        0.57229856     -3     3    -0.0003874192
70 region_rec_diffs(1,38)        -0.33991192     -3     3    9.9050929e-05
71 region_rec_diffs(1,39)        -0.039548884     -3     3    3.7668206e-05
72 region_rec_diffs(1,40)        -0.11373048     -3     3    3.6533867e-05
73 region_rec_diffs(1,41)        0.35645041     -3     3    -0.00033810972
74 region_rec_diffs(1,42)        0.83464937     -3     3    -1.1206332e-05
75 region_rec_diffs(1,43)        -0.00083735533     -3     3    6.709004e-06
76 region_rec_diffs(1,44)        -0.33351635     -3     3    -1.1242073e-05
77 region_rec_diffs(1,45)        0.6422079     -3     3    0.00046228511
78 region_rec_diffs(1,46)        0.48285167     -3     3    -8.9647724e-05
79 region_rec_diffs(1,47)        0.33071221     -3     3    8.8590901e-05
80 region_rec_diffs(1,48)        -0.40901528     -3     3    -3.5669001e-05
81 region_rec_diffs(1,49)        0.50809874     -3     3    0.00015399342
82 region_rec_diffs(1,50)        -0.15696027     -3     3    2.9399654e-05
83 region_rec_diffs(1,51)        0.79516023     -3     3    0.00046845115
84 region_rec_diffs(1,52)        -0.30233925     -3     3    3.8906204e-05
85 region_rec_diffs(1,53)        0.43963521     -3     3    0.00032627973
86 region_rec_diffs(1,54)        -0.38518984     -3     3    -1.3690698e-05
87 region_rec_diffs(1,55)        0.45617876     -3     3    -0.00014606086
88 region_rec_diffs(1,56)        0.062640515     -3     3    0.0002588973
89 region_rec_diffs(1,57)        -0.34372239     -3     3    0.00011072138
90 region_rec_diffs(1,58)        0.81682671     -3     3    0.00020773728
91 region_rec_diffs(1,59)        0.53568875     -3     3    -1.2270343e-05
92 region_rec_diffs(1,60)        -0.31242347     -3     3    0.00031589004
93 region_rec_diffs(1,61)        0.87318322     -3     3    0.00026657813
94 region_rec_diffs(1,62)        -0.081701602     -3     3    4.0063492e-05
95 region_rec_diffs(1,63)        0.6566471     -3     3    3.7188381e-05
96 region_rec_diffs(1,64)        -0.63530053     -3     3    9.4280138e-05
97 region_rec_diffs(1,65)        0.54931036     -3     3    -0.00024191893
98 region_rec_diffs(1,66)        -0.30355512     -3     3    1.2391705e-05
99 region_rec_diffs(1,67)        0.67716479     -3     3    -0.00011761222
100 region_rec_diffs(1,68)        0.84528054     -3     3    -0.00055883854
101 region_rec_diffs(1,69)        0.57939189     -3     3    -0.00014829164
102 region_rec_diffs(1,70)        0.0032746557     -3     3    -0.00012865493
103 region_rec_diffs(1,71)        0.45661002     -3     3    3.6905563e-05
104 region_rec_diffs(1,72)        -0.036061516     -3     3    -8.096794e-05
105 region_rec_diffs(1,73)        0.21247559     -3     3    2.8236851e-05
106 region_rec_diffs(1,74)        0.54706944     -3     3    0.00041747294
107 region_rec_diffs(1,75)        -2.1755238     -3     3    -0.00020252624
108 region_rec_diffs(1,76)        -0.65728516     -3     3    -5.8540669e-05
109 region_rec_diffs(1,77)        -0.22312183     -3     3    -0.00012708276
110 region_rec_diffs(1,78)        0.7114647     -3     3    -1.6233895e-05
111 region_rec_diffs(1,79)        0.74937514     -3     3    -0.00016463099
112 region_rec_diffs(1,80)        0.88716218     -3     3    -0.0001080083
113 region_rec_diffs(1,81)        0.071796619     -3     3    0.0001360767
114 region_rec_diffs(1,82)        0.57281311     -3     3    0.0001562057
115 region_rec_diffs(1,83)        0.2695296     -3     3    0.00027257312
116 region_rec_diffs(1,84)        -0.052311618     -3     3    0.00035173481
117 region_rec_diffs(1,85)        0.05029157     -3     3    8.043042e-05
118 region_rec_diffs(1,86)        -0.29893875     -3     3    -1.8147969e-06
119 region_rec_diffs(1,87)        0.76027556     -3     3    0.00038030865
120 region_rec_diffs(1,88)        -2.1018742     -3     3    -4.9362812e-05
121 region_rec_diffs(1,89)        0.12035394     -3     3    -0.00014159388
122 region_rec_diffs(1,90)        -0.28635345     -3     3    -3.4209211e-05
123 region_rec_diffs(1,91)        0.45602251     -3     3    -0.0001330073
124 region_rec_diffs(1,92)        0.19127413     -3     3    -1.1619124e-05
125 region_rec_diffs(1,93)        -0.071058967     -3     3    -5.9465171e-05
126 region_rec_diffs(1,94)        0.89157749     -3     3    -1.523436e-07
127 region_rec_diffs(1,95)        -0.7122992     -3     3    -0.00012829419
128 region_rec_diffs(1,96)        -0.0068793477     -3     3    -0.00043347974
129 region_rec_diffs(1,97)        0.45677997     -3     3    -4.3911047e-05
130 region_rec_diffs(1,98)        0.82050172     -3     3    0.00051783357
131 region_rec_diffs(1,99)        -0.068329067     -3     3    -0.0001984628
132 region_rec_diffs(1,100)        0.070341968     -3     3    -7.4280865e-06
133 region_rec_diffs(1,101)        0.68746629     -3     3    0.0001675885
134 region_rec_diffs(1,102)        -0.030801821     -3     3    -7.7107434e-05
135 region_rec_diffs(1,103)        -0.24346281     -3     3    8.3534401e-05
136 region_rec_diffs(1,104)        0.4006642     -3     3    0.00013991132
137 region_rec_diffs(1,105)        -0.075958584     -3     3    -5.9823477e-05
138 region_rec_diffs(1,106)        -0.0089295885     -3     3    -5.1127491e-06
139 region_rec_diffs(1,107)        0.33096239     -3     3    0.00015375181
140 region_rec_diffs(1,108)        0.58080157     -3     3    -0.00017586543
141 region_rec_diffs(1,109)        0.53335021     -3     3    -6.1717781e-05
142 region_rec_diffs(1,110)        -0.0063713412     -3     3    3.9226299e-05
143 region_rec_diffs(1,111)        -1.1299946     -3     3    5.9740192e-05
144 region_rec_diffs(1,112)        0.80246106     -3     3    -0.00030088413
145 region_rec_diffs(1,113)        0.28819282     -3     3    0.00010589152
146 region_rec_diffs(1,114)        -0.91004555     -3     3    -2.4825243e-05
147 region_rec_diffs(1,115)        -0.27895853     -3     3    0.00018482757
148 region_rec_diffs(1,116)        0.25796956     -3     3    0.00042836126
149 region_rec_diffs(1,117)        0.70774122     -3     3    0.000667473
150 region_rec_diffs(1,118)        -0.68722613     -3     3    -7.9607982e-05
151 region_rec_diffs(1,119)        0.36736927     -3     3    -1.6609779e-05
152 region_rec_diffs(1,120)        -1.2437342     -3     3    0.00016693633
153 region_rec_diffs(1,121)        0.77297838     -3     3    0.00049382476
154 region_rec_diffs(1,122)        0.48354216     -3     3    0.00012906458
155 region_rec_diffs(1,123)        -0.62305273     -3     3    5.310192e-05
156 region_rec_diffs(1,124)        0.14115095     -3     3    -0.00040250535
157 region_rec_diffs(1,125)        -0.69365593     -3     3    0.00013844394
158 region_rec_diffs(1,126)        -0.28457902     -3     3    0.00018498802
159 region_rec_diffs(1,127)        -0.41538113     -3     3    0.00012103832
160 region_rec_diffs(1,128)        0.5040921     -3     3    0.00027053106
161 region_rec_diffs(1,129)        0.47563808     -3     3    0.00038191287
162 region_rec_diffs(1,130)        -0.95541011     -3     3    7.3299003e-05
163 region_rec_diffs(1,131)        0.075210308     -3     3    1.9484768e-05
164 region_rec_diffs(1,132)        -0.41339547     -3     3    -0.00029667134
165 region_rec_diffs(1,133)        0.72077101     -3     3    0.00042246679
166 region_rec_diffs(1,134)        -0.69551258     -3     3    -4.2326628e-05
167 region_rec_diffs(1,135)        0.1359352     -3     3    -8.2526177e-05
168 region_rec_diffs(1,136)        0.81393447     -3     3    -2.835322e-05
169 region_rec_diffs(1,137)        -1.6032958     -3     3    3.7258811e-05
170 region_rec_diffs(1,138)        -1.7896343     -3     3    -1.978325e-05
171 region_rec_diffs(1,139)        -1.0286074     -3     3    -3.6254637e-05
172 region_rec_diffs(1,140)        -1.5327406     -3     3    0.00011958747
173 region_rec_diffs(1,141)        1.0580279     -3     3    -1.1603814e-05
174 region_rec_diffs(1,142)        0.45717491     -3     3    -5.5942719e-05
175 region_rec_diffs(1,143)        -0.41668029     -3     3    -0.0003463463
176 region_rec_diffs(1,144)        0.08924021     -3     3    -0.00039341634
177 region_rec_diffs(1,145)        0.37021026     -3     3    -0.00012750679
178 region_rec_diffs(1,146)        -1.0012194     -3     3    3.9200726e-05
179 region_rec_diffs(1,147)        -1.9591731     -3     3    0.00017155067
180 region_rec_diffs(1,148)        0.39416277     -3     3    -0.00026740065
181 region_rec_diffs(1,149)        -0.20529346     -3     3    -0.00014086237
182 region_rec_diffs(1,150)        -0.50066928     -3     3    3.3562461e-05
183 region_rec_diffs(1,151)        -0.57557621     -3     3    6.4305196e-05
184 region_rec_diffs(1,152)        0.49283305     -3     3    0.00026090029
185 region_rec_diffs(1,153)        0.76326975     -3     3    -1.8489149e-05
186 region_rec_diffs(1,154)        -1.4977665     -3     3    8.2618983e-05
187 region_rec_diffs(1,155)        -1.4126559     -3     3    0.00028711835
188 region_rec_diffs(1,156)        0.59298727     -3     3    5.9012546e-05
189 region_rec_diffs(1,157)        0.83951673     -3     3    -0.00028196486
190 region_rec_diffs(1,158)        -1.202649     -3     3    0.00029117328
191 region_rec_diffs(1,159)        -2.1639952     -3     3    4.6491406e-05
192 region_rec_diffs(1,160)        -0.56027916     -3     3    -0.00023643423
193 region_rec_diffs(1,161)        0.2365945     -3     3    3.1619763e-05
194 region_rec_diffs(1,162)        -0.68371964     -3     3    0.00011541163
195 region_rec_diffs(1,163)        -0.74840865     -3     3    -7.879002e-05
196 region_rec_diffs(1,164)        0.86817391     -3     3    0.00016985118
197 region_rec_diffs(1,165)        -1.272182     -3     3    -4.1549217e-05
198 region_rec_diffs(1,166)        -1.6100459     -3     3    -0.00011288511
199 region_rec_diffs(1,167)        -2.1629207     -3     3    -0.00013659997
200 region_rec_diffs(1,168)        -0.37438107     -3     3    0.00031411868
201 region_rec_diffs(1,169)        0.52636242     -3     3    -9.8592147e-05
202 region_rec_diffs(1,170)        -1.9055104     -3     3    -4.9935479e-05
203 region_rec_diffs(1,171)        -0.85707627     -3     3    0.00024027805
204 region_rec_diffs(1,172)        0.16355828     -3     3    0.00040414644
205 region_rec_diffs(1,173)        0.56089309     -3     3    -7.5641648e-05
206 region_rec_diffs(1,174)        -0.78282901     -3     3    2.1398905e-06
207 region_rec_diffs(1,175)        -1.6234139     -3     3    4.9405089e-05
208 region_rec_diffs(1,176)        -0.85319284     -3     3    -0.00010958242
209 region_rec_diffs(1,177)        -0.45015648     -3     3    -0.00013035928
210 region_rec_diffs(1,178)        0.5051347     -3     3    1.3534311e-05
211 region_rec_diffs(1,179)        -2.2400969     -3     3    3.8218537e-05
212 region_rec_diffs(1,180)        0.53217241     -3     3    0.00047115229
213 region_rec_diffs(1,181)        0.58388047     -3     3    -0.00018813908
214 region_rec_diffs(1,182)        -1.7822176     -3     3    -3.6894622e-05
215 region_rec_diffs(1,183)        -2.2448727     -3     3    1.9606946e-05
216 region_rec_diffs(1,184)        -2.0118175     -3     3    -4.4705672e-07
217 region_rec_diffs(1,185)        0.26621392     -3     3    0.00012747833
218 region_rec_diffs(1,186)        0.0094032187     -3     3    9.1404175e-05
219 region_rec_diffs(1,187)        -1.5016016     -3     3    -6.4674785e-05
220 region_rec_diffs(1,188)        0.56212936     -3     3    -0.00021753046
221 region_rec_diffs(1,189)        0.80179676     -3     3    0.00029635044
222 region_rec_diffs(1,190)        -1.6953386     -3     3    -9.7156218e-05
223 region_rec_diffs(1,191)        -2.3922929     -3     3    2.1297959e-05
224 region_rec_diffs(1,192)        -0.11236981     -3     3    -0.00023960061
225 region_rec_diffs(1,193)        0.89378097     -3     3    7.8864662e-05
226 region_rec_diffs(1,194)        -1.535184     -3     3    -3.1573691e-05
227 region_rec_diffs(1,195)        -2.2743386     -3     3    -4.4417976e-06
228 region_rec_diffs(1,196)        0.62225411     -3     3    -4.5934739e-05
229 region_rec_diffs(1,197)        -0.43473377     -3     3    4.2158809e-05
230 region_rec_diffs(1,198)        -2.1143945     -3     3    -1.0842554e-05
231 region_rec_diffs(1,199)        -2.5726662     -3     3    -0.00012010102
232 region_rec_diffs(1,200)        -2.2063211     -3     3    -2.4637664e-05
233 region_rec_diffs(1,201)        0.87877612     -3     3    -0.00027132306
234 region_rec_diffs(1,202)        0.36268286     -3     3    0.0005140735
235 region_rec_diffs(1,203)        0.55580776     -3     3    -0.00018796207
236 region_rec_diffs(1,204)        -1.2073722     -3     3    -1.4526454e-05
237 region_rec_diffs(1,205)        -1.5025429     -3     3    -2.707531e-05
238 region_rec_diffs(1,206)        -2.3475047     -3     3    -4.3257486e-06
239 region_rec_diffs(1,207)        -1.7601911     -3     3    -4.9852793e-05
240 region_rec_diffs(1,208)        -1.1742754     -3     3    -7.185702e-05
241 region_rec_diffs(1,209)        0.21035003     -3     3    3.5998419e-05
242 region_rec_diffs(1,210)        0.72168545     -3     3    -6.3861089e-05
243 region_rec_diffs(1,211)        -0.43137551     -3     3    -0.0004267029
244 region_rec_diffs(1,212)        -2.4354073     -3     3    -4.8678266e-05
245 region_rec_diffs(1,213)        -1.7012336     -3     3    -0.00014018203
246 region_rec_diffs(1,214)        -2.231494     -3     3    -3.7252515e-05
247 region_rec_diffs(1,215)        -1.9634586     -3     3    -8.3996321e-05
248 region_rec_diffs(1,216)        0.20915714     -3     3    -7.0339303e-05
249 region_rec_diffs(1,217)        0.36127294     -3     3    8.3287255e-05
250 region_rec_diffs(1,218)        -2.3583204     -3     3    -1.6832006e-05
251 region_rec_diffs(1,219)        -2.0415075     -3     3    -2.6619008e-05
252 region_rec_diffs(1,220)        0.54029687     -3     3    0.00014334466
253 region_rec_diffs(1,221)        -0.033294286     -3     3    0.00016219818
254 region_rec_diffs(1,222)        -1.3893391     -3     3    0.00012963812
255 region_rec_diffs(1,223)        -0.024016585     -3     3    0.0002100795
256 region_rec_diffs(1,224)        0.33381169     -3     3    -3.812139e-05
257 region_rec_diffs(1,225)        -0.8748767     -3     3    6.7547237e-05
258 region_rec_diffs(1,226)        -2.5791836     -3     3    -2.3454378e-05
259 region_rec_diffs(1,227)        -2.1966657     -3     3    -1.9640401e-05
260 region_rec_diffs(1,228)        -1.1416375     -3     3    -0.00013638468
261 region_rec_diffs(1,229)        0.71910419     -3     3    -3.385108e-05
262 region_rec_diffs(1,230)        -1.5771821     -3     3    -3.6775303e-05
263 region_rec_diffs(1,231)        0.083645227     -3     3    -0.00026888906
264 region_rec_diffs(1,232)        0.45014136     -3     3    -0.00054226034
265 region_rec_diffs(1,233)        -0.7257157     -3     3    -0.00011484421
266 region_rec_diffs(1,234)        -2.0945463     -3     3    1.4353099e-06
267 region_rec_diffs(1,235)        -0.99618704     -3     3    0.00011410618
268 region_rec_diffs(1,236)        0.34605299     -3     3    0.00031727855
269 region_rec_diffs(1,237)        -0.14155413     -3     3    0.00019884294
270 region_rec_diffs(1,238)        -0.40738091     -3     3    0.00011960651
271 region_rec_diffs(1,239)        -2.3321346     -3     3    2.9612659e-05
272 region_rec_diffs(1,240)        -1.0431452     -3     3    0.00010706159
273 region_rec_diffs(1,241)        0.77439698     -3     3    -3.5732509e-05
274 region_rec_diffs(1,242)        -0.19608886     -3     3    9.1655996e-05
275 region_rec_diffs(1,243)        0.067289164     -3     3    -2.904138e-05
276 region_rec_diffs(1,244)        0.25823132     -3     3    0.00012154036
277 region_rec_diffs(1,245)        -0.85624096     -3     3    -0.0001059121
278 region_rec_diffs(1,246)        -1.3685233     -3     3    -9.4016316e-05
279 region_rec_diffs(1,247)        -1.0204061     -3     3    -0.0001276668
280 region_rec_diffs(1,248)        0.43627794     -3     3    8.7476419e-05
281 region_rec_diffs(1,249)        -1.2140904     -3     3    -0.00023075781
282 region_rec_diffs(1,250)        -2.7237429     -3     3    3.6864148e-06
283 region_rec_diffs(1,251)        -2.4559274     -3     3    -3.9148189e-05
284 region_rec_diffs(1,252)        0.14916854     -3     3    0.00021767037
285 region_rec_diffs(1,253)        0.6281223     -3     3    -0.00026791427
286 region_rec_diffs(1,254)        -2.4729221     -3     3    -7.4098918e-05
287 region_rec_diffs(1,255)        -2.4995617     -3     3    1.6857069e-06
288 region_rec_diffs(1,256)        0.47219577     -3     3    0.00055268192
289 region_rec_diffs(1,257)        0.56449147     -3     3    -4.8995508e-05
290 region_rec_diffs(1,258)        -1.8313962     -3     3    -2.3046823e-05
291 region_rec_diffs(1,259)        -1.8920662     -3     3    3.8552265e-05
292 region_rec_diffs(1,260)        0.80816887     -3     3    0.00034590525
293 region_rec_diffs(1,261)        -0.29403079     -3     3    -0.00014146356
294 region_rec_diffs(1,262)        -1.470232     -3     3    -3.6124025e-05
295 region_rec_diffs(1,263)        -0.96775509     -3     3    -1.0556545e-05
296 region_rec_diffs(1,264)        0.29148584     -3     3    0.00011482644
297 region_rec_diffs(1,265)        0.61409634     -3     3    0.00013750788
298 region_rec_diffs(1,266)        -1.5951883     -3     3    1.154904e-05
299 region_rec_diffs(1,267)        -1.757793     -3     3    3.4341559e-05
300 region_rec_diffs(1,268)        0.22344639     -3     3    0.00026902917
301 region_rec_diffs(1,269)        0.62445657     -3     3    0.00022989609
302 region_rec_diffs(1,270)        -1.4983665     -3     3    -3.123544e-05
303 region_rec_diffs(1,271)        -1.7055509     -3     3    1.5140047e-05
304 region_rec_diffs(1,272)        0.23545219     -3     3    -2.8195849e-05
305 region_rec_diffs(1,273)        0.47424336     -3     3    0.00010202059
306 region_rec_diffs(1,274)        -1.4421133     -3     3    2.6633864e-05
307 region_rec_diffs(1,275)        0.53937633     -3     3    0.00030298757
308 region_rec_diffs(1,276)        0.81838941     -3     3    -0.00041865527
309 region_rec_diffs(1,277)        0.033471384     -3     3    1.4649774e-05
310 region_rec_diffs(1,278)        -0.51367757     -3     3    -5.0856614e-05
311 region_rec_diffs(1,279)        -0.023010262     -3     3    -0.00011444944
312 region_rec_diffs(2,1)        -4.4408921e-16     -3     3    -5.9915162e-16
313 region_rec_diffs(2,2)        -0.75205697     -3     3    4.2838649e-05
314 region_rec_diffs(2,3)        -0.85051028     -3     3    -0.00025425427
315 region_rec_diffs(2,4)        -0.66624321     -3     3    -0.00022930947
316 region_rec_diffs(2,5)        -0.69865177     -3     3    -0.00018901276
317 region_rec_diffs(2,6)        -0.0842552     -3     3    9.2922414e-05
318 region_rec_diffs(2,7)        0.0084242446     -3     3    0.00010196046
319 region_rec_diffs(2,8)        -0.028252335     -3     3    -0.00033617498
320 region_rec_diffs(2,9)        -1.4049572     -3     3    -6.7777425e-05
321 region_rec_diffs(2,10)        -0.13843856     -3     3    -0.00012718059
322 region_rec_diffs(2,11)        -0.067890015     -3     3    2.2776288e-05
323 region_rec_diffs(2,12)        -0.13637644     -3     3    -0.00022453404
324 region_rec_diffs(2,13)        -1.2212013     -3     3    3.1353723e-05
325 region_rec_diffs(2,14)        0.27514422     -3     3    0.00031907341
326 region_rec_diffs(2,15)        0.075993972     -3     3    -1.7925466e-05
327 region_rec_diffs(2,16)        0.094105578     -3     3    9.1206661e-05
328 region_rec_diffs(2,17)        0.55564953     -3     3    -1.6723999e-05
329 region_rec_diffs(2,18)        -0.48294434     -3     3    0.00024147885
330 region_rec_diffs(2,19)        -0.090033767     -3     3    -2.5478223e-05
331 region_rec_diffs(2,20)        -0.25870642     -3     3    -2.6552465e-05
332 region_rec_diffs(2,21)        0.30262021     -3     3    7.1881559e-05
333 region_rec_diffs(2,22)        -1.0624409     -3     3    2.8903594e-05
334 region_rec_diffs(2,23)        -0.34496157     -3     3    -7.3697354e-05
335 region_rec_diffs(2,24)        -1.4996197     -3     3    -6.9632245e-05
336 region_rec_diffs(2,25)        -1.3327422     -3     3    5.5293825e-05
337 region_rec_diffs(2,26)        -1.6788276     -3     3    8.7220905e-05
338 region_rec_diffs(2,27)        -0.1708791     -3     3    0.00011644929
339 region_rec_diffs(2,28)        -1.2276798     -3     3    4.987304e-05
340 region_rec_diffs(2,29)        0.74466571     -3     3    0.0002418729
341 region_rec_diffs(2,30)        0.38501854     -3     3    2.6378182e-05
342 region_rec_diffs(2,31)        0.071133975     -3     3    1.5760695e-05
343 region_rec_diffs(2,32)        0.01338123     -3     3    -1.2199066e-05
344 region_rec_diffs(2,33)        -0.5149018     -3     3    7.3197013e-05
345 region_rec_diffs(2,34)        -1.706125     -3     3    9.0817399e-05
346 region_rec_diffs(2,35)        -0.18446324     -3     3    -5.7376626e-05
347 region_rec_diffs(2,36)        -0.19367695     -3     3    -0.00013630505
348 region_rec_diffs(2,37)        -1.3991201     -3     3    7.4955414e-05
349 region_rec_diffs(2,38)        -0.12707462     -3     3    0.00010297448
350 region_rec_diffs(2,39)        -0.075489835     -3     3    2.2423591e-05
351 region_rec_diffs(2,40)        -0.033529642     -3     3    4.159972e-05
352 region_rec_diffs(2,41)        -0.21091402     -3     3    -0.00023172149
353 region_rec_diffs(2,42)        -1.1110083     -3     3    -5.508993e-05
354 region_rec_diffs(2,43)        -0.057199693     -3     3    5.142188e-06
355 region_rec_diffs(2,44)        -0.48893605     -3     3    -0.00012721021
356 region_rec_diffs(2,45)        -1.9876858     -3     3    -0.00011816866
357 region_rec_diffs(2,46)        -0.59416466     -3     3    -3.6593855e-05
358 region_rec_diffs(2,47)        -0.49510245     -3     3    3.7717816e-05
359 region_rec_diffs(2,48)        -1.0474655     -3     3    -8.0110819e-05
360 region_rec_diffs(2,49)        -0.38533048     -3     3    -3.5539072e-05
361 region_rec_diffs(2,50)        -0.0064680688     -3     3    3.8059499e-05
362 region_rec_diffs(2,51)        -1.5295724     -3     3    1.968656e-05
363 region_rec_diffs(2,52)        0.21309375     -3     3    6.9659096e-05
364 region_rec_diffs(2,53)        -0.79844114     -3     3    8.1598903e-05
365 region_rec_diffs(2,54)        -1.230792     -3     3    4.5445916e-05
366 region_rec_diffs(2,55)        -0.8605694     -3     3    -9.1546982e-06
367 region_rec_diffs(2,56)        -1.1933584     -3     3    5.4279195e-05
368 region_rec_diffs(2,57)        -0.51944782     -3     3    5.8950861e-05
369 region_rec_diffs(2,58)        -0.88602823     -3     3    8.4235439e-05
370 region_rec_diffs(2,59)        -0.47602633     -3     3    2.6264844e-05
371 region_rec_diffs(2,60)        -1.3638838     -3     3    0.00012739516
372 region_rec_diffs(2,61)        -1.0131653     -3     3    -3.8275254e-05
373 region_rec_diffs(2,62)        0.12361252     -3     3    4.5207739e-05
374 region_rec_diffs(2,63)        -0.57452567     -3     3    -4.5387991e-05
375 region_rec_diffs(2,64)        -1.0236127     -3     3    -3.3369537e-06
376 region_rec_diffs(2,65)        -1.0561553     -3     3    5.3202111e-05
377 region_rec_diffs(2,66)        0.018173814     -3     3    4.590478e-05
378 region_rec_diffs(2,67)        -0.68733797     -3     3    -1.0396618e-05
379 region_rec_diffs(2,68)        -1.1185752     -3     3    -0.00012316239
380 region_rec_diffs(2,69)        -1.2323489     -3     3    -2.574964e-05
381 region_rec_diffs(2,70)        -0.75937554     -3     3    -0.000165627
382 region_rec_diffs(2,71)        -0.68749233     -3     3    -9.5957383e-05
383 region_rec_diffs(2,72)        -0.38163965     -3     3    0.00011157801
384 region_rec_diffs(2,73)        0.24686368     -3     3    -6.0381359e-05
385 region_rec_diffs(2,74)        -0.47266016     -3     3    2.5953112e-05
386 region_rec_diffs(2,75)        -1.2501041     -3     3    -0.00015212809
387 region_rec_diffs(2,76)        0.46259677     -3     3    -0.00036562153
388 region_rec_diffs(2,77)        0.51494653     -3     3    0.00018229285
389 region_rec_diffs(2,78)        -0.47319452     -3     3    8.3339788e-05
390 region_rec_diffs(2,79)        -0.4989601     -3     3    -5.0142012e-05
391 region_rec_diffs(2,80)        -1.1064976     -3     3    8.0308661e-05
392 region_rec_diffs(2,81)        0.59815449     -3     3    0.00029662954
393 region_rec_diffs(2,82)        -0.20896914     -3     3    9.8833557e-05
394 region_rec_diffs(2,83)        -0.63524439     -3     3    3.3067788e-05
395 region_rec_diffs(2,84)        0.40767738     -3     3    0.00024857445
396 region_rec_diffs(2,85)        -0.15338323     -3     3    0.0001735225
397 region_rec_diffs(2,86)        0.047498749     -3     3    3.6907727e-05
398 region_rec_diffs(2,87)        -1.4851296     -3     3    5.6334268e-05
399 region_rec_diffs(2,88)        -1.2959381     -3     3    3.4196527e-05
400 region_rec_diffs(2,89)        0.47905052     -3     3    -1.033662e-05
401 region_rec_diffs(2,90)        0.39117399     -3     3    -5.9255225e-05
402 region_rec_diffs(2,91)        0.066276125     -3     3    -2.7933149e-05
403 region_rec_diffs(2,92)        0.57217378     -3     3    0.00033346949
404 region_rec_diffs(2,93)        0.35171453     -3     3    -7.8926871e-06
405 region_rec_diffs(2,94)        -1.361192     -3     3    0.00015117599
406 region_rec_diffs(2,95)        -0.50871729     -3     3    0.00024874418
407 region_rec_diffs(2,96)        -0.07057183     -3     3    -0.00034056417
408 region_rec_diffs(2,97)        -0.66180599     -3     3    3.9251037e-05
409 region_rec_diffs(2,98)        -0.91285307     -3     3    0.0001199255
410 region_rec_diffs(2,99)        -0.97080705     -3     3    4.8458507e-05
411 region_rec_diffs(2,100)        0.57004109     -3     3    0.00031953127
412 region_rec_diffs(2,101)        -1.4796254     -3     3    0.00014432799
413 region_rec_diffs(2,102)        -0.0061004941     -3     3    -6.9630326e-05
414 region_rec_diffs(2,103)        -0.99545803     -3     3    8.1796405e-05
415 region_rec_diffs(2,104)        -0.60029888     -3     3    0.0001098898
416 region_rec_diffs(2,105)        0.21594763     -3     3    -3.6232929e-05
417 region_rec_diffs(2,106)        0.076708832     -3     3    7.2333495e-07
418 region_rec_diffs(2,107)        0.0082348043     -3     3    0.00014732136
419 region_rec_diffs(2,108)        0.095550836     -3     3    -0.00024955804
420 region_rec_diffs(2,109)        -0.45192859     -3     3    -0.0001047233
421 region_rec_diffs(2,110)        0.083953442     -3     3    2.3473912e-05
422 region_rec_diffs(2,111)        0.94815237     -3     3    0.0001376147
423 region_rec_diffs(2,112)        -2.1229026     -3     3    4.9756081e-06
424 region_rec_diffs(2,113)        -2.9995326     -3     3    1.8874569e-06   *************
425 region_rec_diffs(2,114)        0.76971959     -3     3    -0.00042202488
426 region_rec_diffs(2,115)        0.27237099     -3     3    5.9823441e-05
427 region_rec_diffs(2,116)        -0.99927459     -3     3    -0.00010586637
428 region_rec_diffs(2,117)        -0.71290658     -3     3    6.4273416e-05
429 region_rec_diffs(2,118)        0.028795162     -3     3    -0.00011945428
430 region_rec_diffs(2,119)        -0.7308135     -3     3    -8.1239233e-05
431 region_rec_diffs(2,120)        0.060033942     -3     3    0.00011087765
432 region_rec_diffs(2,121)        -0.86103068     -3     3    0.00028067067
433 region_rec_diffs(2,122)        -0.12800062     -3     3    0.00021068193
434 region_rec_diffs(2,123)        0.3594337     -3     3    -5.0170082e-05
435 region_rec_diffs(2,124)        -2.693623     -3     3    -0.00013925208
436 region_rec_diffs(2,125)        -0.74868702     -3     3    0.00011251497
437 region_rec_diffs(2,126)        0.43317446     -3     3    0.00014159318
438 region_rec_diffs(2,127)        0.56033946     -3     3    5.6692093e-05
439 region_rec_diffs(2,128)        0.14719274     -3     3    0.00017455652
440 region_rec_diffs(2,129)        -0.78369997     -3     3    -0.00018038484
441 region_rec_diffs(2,130)        0.65496727     -3     3    0.00069912716
442 region_rec_diffs(2,131)        -0.038940773     -3     3    0.00011004242
443 region_rec_diffs(2,132)        -2.4172321     -3     3    0.00022809329
444 region_rec_diffs(2,133)        -0.085159687     -3     3    -4.937929e-05
445 region_rec_diffs(2,134)        0.71928953     -3     3    -8.8484905e-05
446 region_rec_diffs(2,135)        0.3805441     -3     3    -0.00027365555
447 region_rec_diffs(2,136)        -0.32358339     -3     3    -0.0001002976
448 region_rec_diffs(2,137)        0.32728234     -3     3    0.00010207294
449 region_rec_diffs(2,138)        -0.85075613     -3     3    -5.3795838e-05
450 region_rec_diffs(2,139)        0.79801478     -3     3    -1.2857788e-05
451 region_rec_diffs(2,140)        1.1191744     -3     3    5.7045677e-06
452 region_rec_diffs(2,141)        -1.6027356     -3     3    -0.00015203189
453 region_rec_diffs(2,142)        -0.31352196     -3     3    -7.6952646e-05
454 region_rec_diffs(2,143)        -0.25697304     -3     3    5.6829849e-05
455 region_rec_diffs(2,144)        0.011804216     -3     3    -0.00018299694
456 region_rec_diffs(2,145)        0.24652715     -3     3    -0.00020483533
457 region_rec_diffs(2,146)        -1.0969413     -3     3    2.4160926e-05
458 region_rec_diffs(2,147)        -1.697447     -3     3    8.2464748e-05
459 region_rec_diffs(2,148)        0.14424375     -3     3    -8.3451497e-05
460 region_rec_diffs(2,149)        0.57993709     -3     3    -8.2973488e-05
461 region_rec_diffs(2,150)        -0.24458173     -3     3    -0.00011827178
462 region_rec_diffs(2,151)        -0.027114165     -3     3    -7.2559548e-05
463 region_rec_diffs(2,152)        0.39641555     -3     3    5.9118449e-05
464 region_rec_diffs(2,153)        -1.736437     -3     3    -0.00026875193
465 region_rec_diffs(2,154)        -0.60280116     -3     3    0.00013682042
466 region_rec_diffs(2,155)        -0.10521663     -3     3    9.2255569e-05
467 region_rec_diffs(2,156)        0.047025347     -3     3    -0.00014521065
468 region_rec_diffs(2,157)        -1.2624906     -3     3    2.9233004e-05
469 region_rec_diffs(2,158)        -0.084374683     -3     3    -9.8330406e-05
470 region_rec_diffs(2,159)        -1.6939919     -3     3    0.00016751932
471 region_rec_diffs(2,160)        0.35982858     -3     3    -0.00085166522
472 region_rec_diffs(2,161)        -1.6649277     -3     3    2.6235763e-05
473 region_rec_diffs(2,162)        -0.74569753     -3     3    8.1284656e-05
474 region_rec_diffs(2,163)        0.32275669     -3     3    -8.663472e-05
475 region_rec_diffs(2,164)        -0.59999844     -3     3    5.665575e-06
476 region_rec_diffs(2,165)        -0.42126311     -3     3    -1.9696042e-05
477 region_rec_diffs(2,166)        0.86588     -3     3    -0.00032535281
478 region_rec_diffs(2,167)        0.16992681     -3     3    -0.00012672879
479 region_rec_diffs(2,168)        -0.36179274     -3     3    -6.2424751e-05
480 region_rec_diffs(2,169)        -0.47989682     -3     3    0.00013462456
481 region_rec_diffs(2,170)        0.61299783     -3     3    0.00028219784
482 region_rec_diffs(2,171)        -1.1592493     -3     3    6.5591637e-05
483 region_rec_diffs(2,172)        -2.2782912     -3     3    0.00015653422
484 region_rec_diffs(2,173)        -1.4950916     -3     3    0.00018527525
485 region_rec_diffs(2,174)        0.25605129     -3     3    2.0719642e-06
486 region_rec_diffs(2,175)        -0.4559602     -3     3    1.5341198e-06
487 region_rec_diffs(2,176)        0.38391062     -3     3    -9.6853287e-05
488 region_rec_diffs(2,177)        0.57826119     -3     3    0.00039997506
489 region_rec_diffs(2,178)        -1.5465807     -3     3    0.00010042352
490 region_rec_diffs(2,179)        0.24616919     -3     3    0.00034832471
491 region_rec_diffs(2,180)        -0.27924315     -3     3    -0.00036025181
492 region_rec_diffs(2,181)        0.13571036     -3     3    0.00024137424
493 region_rec_diffs(2,182)        0.85905928     -3     3    -0.00032762622
494 region_rec_diffs(2,183)        0.54541114     -3     3    0.00052989263
495 region_rec_diffs(2,184)        0.33234598     -3     3    7.1921241e-05
496 region_rec_diffs(2,185)        -1.1061988     -3     3    -1.0574332e-05
497 region_rec_diffs(2,186)        0.12801923     -3     3    -5.6973497e-06
498 region_rec_diffs(2,187)        -0.21902456     -3     3    0.00022961942
499 region_rec_diffs(2,188)        0.42745268     -3     3    9.9367754e-06
500 region_rec_diffs(2,189)        -0.42744434     -3     3    0.00040679143
501 region_rec_diffs(2,190)        0.82748618     -3     3    -0.00020665216
502 region_rec_diffs(2,191)        0.16796026     -3     3    0.00010300987
503 region_rec_diffs(2,192)        -0.56414681     -3     3    -0.00037368607
504 region_rec_diffs(2,193)        -2.2973159     -3     3    1.8864551e-05
505 region_rec_diffs(2,194)        0.25900018     -3     3    -0.00045315859
506 region_rec_diffs(2,195)        -0.36529334     -3     3    0.00055942986
507 region_rec_diffs(2,196)        -1.1068353     -3     3    -0.000331518
508 region_rec_diffs(2,197)        -0.76203024     -3     3    -0.00012509097
509 region_rec_diffs(2,198)        0.57058658     -3     3    -0.00013514285
510 region_rec_diffs(2,199)        -0.56501939     -3     3    -1.4340522e-05
511 region_rec_diffs(2,200)        0.96286765     -3     3    -1.796762e-05
512 region_rec_diffs(2,201)        -0.79102594     -3     3    -0.00042754233
513 region_rec_diffs(2,202)        -1.1326407     -3     3    -0.00012127313
514 region_rec_diffs(2,203)        -1.378524     -3     3    -0.00038927851
515 region_rec_diffs(2,204)        -0.36195096     -3     3    -0.00013780259
516 region_rec_diffs(2,205)        -0.49418914     -3     3    -2.6612962e-05
517 region_rec_diffs(2,206)        0.96463711     -3     3    0.00012364458
518 region_rec_diffs(2,207)        0.25304155     -3     3    7.3993958e-05
519 region_rec_diffs(2,208)        0.8525836     -3     3    -3.245505e-05
520 region_rec_diffs(2,209)        -1.6439844     -3     3    2.9961275e-05
521 region_rec_diffs(2,210)        -1.1235162     -3     3    -0.00022443853
522 region_rec_diffs(2,211)        -1.2484117     -3     3    -0.00020245785
523 region_rec_diffs(2,212)        -0.064217674     -3     3    0.00028654922
524 region_rec_diffs(2,213)        0.15318144     -3     3    -0.00026533017
525 region_rec_diffs(2,214)        0.82722099     -3     3    -0.00027191066
526 region_rec_diffs(2,215)        0.088469748     -3     3    -0.00029891748
527 region_rec_diffs(2,216)        0.12481554     -3     3    0.00073602053
528 region_rec_diffs(2,217)        -0.47808571     -3     3    0.00010957075
529 region_rec_diffs(2,218)        0.3308444     -3     3    -0.00032796556
530 region_rec_diffs(2,219)        0.018421977     -3     3    -0.00026534198
531 region_rec_diffs(2,220)        -0.97931087     -3     3    -6.8274327e-05
532 region_rec_diffs(2,221)        0.32126555     -3     3    5.1639896e-05
533 region_rec_diffs(2,222)        0.1173371     -3     3    0.0002061086
534 region_rec_diffs(2,223)        -0.21056057     -3     3    -6.5526493e-05
535 region_rec_diffs(2,224)        -0.21140441     -3     3    5.3237188e-05
536 region_rec_diffs(2,225)        0.3096288     -3     3    -6.920531e-05
537 region_rec_diffs(2,226)        0.8016758     -3     3    -0.00015459598
538 region_rec_diffs(2,227)        0.53184801     -3     3    0.00062659808
539 region_rec_diffs(2,228)        0.4766632     -3     3    9.464777e-05
540 region_rec_diffs(2,229)        -1.3277207     -3     3    0.00013875002
541 region_rec_diffs(2,230)        -0.52738413     -3     3    5.3633076e-05
542 region_rec_diffs(2,231)        -0.93436477     -3     3    -1.6452189e-05
543 region_rec_diffs(2,232)        -1.4464247     -3     3    -9.8111257e-05
544 region_rec_diffs(2,233)        0.11187971     -3     3    9.167492e-05
545 region_rec_diffs(2,234)        0.060724755     -3     3    8.1233605e-05
546 region_rec_diffs(2,235)        -0.055402964     -3     3    -0.00017801258
547 region_rec_diffs(2,236)        0.048348394     -3     3    0.00049518803
548 region_rec_diffs(2,237)        -0.25083847     -3     3    -0.00028553703
549 region_rec_diffs(2,238)        0.28714223     -3     3    -0.00017079588
550 region_rec_diffs(2,239)        0.24826655     -3     3    -0.00024853952
551 region_rec_diffs(2,240)        -0.5451424     -3     3    0.00022721188
552 region_rec_diffs(2,241)        -1.3220729     -3     3    0.00029906789
553 region_rec_diffs(2,242)        0.13422282     -3     3    -0.00018708712
554 region_rec_diffs(2,243)        -0.055612004     -3     3    -0.00033531729
555 region_rec_diffs(2,244)        -0.2957211     -3     3    -0.00010210809
556 region_rec_diffs(2,245)        0.013687246     -3     3    -4.7449496e-05
557 region_rec_diffs(2,246)        0.039634409     -3     3    0.00068070981
558 region_rec_diffs(2,247)        -0.38763572     -3     3    -4.2129679e-05
559 region_rec_diffs(2,248)        -1.0477792     -3     3    -0.00022403437
560 region_rec_diffs(2,249)        0.032132661     -3     3    -1.6011742e-05
561 region_rec_diffs(2,250)        0.40542047     -3     3    -0.00029766266
562 region_rec_diffs(2,251)        0.051145544     -3     3    0.00027820207
563 region_rec_diffs(2,252)        -0.41245263     -3     3    -0.00012327266
564 region_rec_diffs(2,253)        -0.73301082     -3     3    -5.9083721e-05
565 region_rec_diffs(2,254)        0.15126262     -3     3    0.00038978978
566 region_rec_diffs(2,255)        0.20094904     -3     3    -0.00016903653
567 region_rec_diffs(2,256)        -0.32108766     -3     3    0.00071989792
568 region_rec_diffs(2,257)        -0.30972627     -3     3    0.0001373532
569 region_rec_diffs(2,258)        0.49932497     -3     3    -0.00075439249
570 region_rec_diffs(2,259)        0.96625005     -3     3    0.00010134359
571 region_rec_diffs(2,260)        -0.46252664     -3     3    0.00013196733
572 region_rec_diffs(2,261)        -0.14057205     -3     3    -0.00019265954
573 region_rec_diffs(2,262)        0.75897117     -3     3    0.00041158331
574 region_rec_diffs(2,263)        0.27671914     -3     3    0.00029219421
575 region_rec_diffs(2,264)        -1.561375     -3     3    -6.7618865e-05
576 region_rec_diffs(2,265)        -0.42236671     -3     3    -1.975567e-05
577 region_rec_diffs(2,266)        0.49934832     -3     3    0.00013994235
578 region_rec_diffs(2,267)        0.33849168     -3     3    -0.00015901217
579 region_rec_diffs(2,268)        -0.73629301     -3     3    0.0001568005
580 region_rec_diffs(2,269)        -1.0459556     -3     3    0.00013862907
581 region_rec_diffs(2,270)        0.0085288278     -3     3    -0.00010421021
582 region_rec_diffs(2,271)        -0.59139236     -3     3    0.00031578393
583 region_rec_diffs(2,272)        0.38925268     -3     3    -6.5369688e-05
584 region_rec_diffs(2,273)        0.34391181     -3     3    -0.00023201542
585 region_rec_diffs(2,274)        -1.0446961     -3     3    -6.1078963e-05
586 region_rec_diffs(2,275)        0.29576642     -3     3    0.00048956158
587 region_rec_diffs(2,276)        -0.5938701     -3     3    -3.5253399e-05
588 region_rec_diffs(2,277)        -1.5187999     -3     3    -0.00012245742
589 region_rec_diffs(2,278)        -0.54255877     -3     3    -0.00039632632
590 region_rec_diffs(2,279)        0.29746753     -3     3    -0.00013208807
591 region_rec_diffs(3,1)        0     -3     3    -6.2057293e-16
592 region_rec_diffs(3,2)        -1.0393012     -3     3    9.8715314e-05
593 region_rec_diffs(3,3)        -1.1222556     -3     3    -0.00017102431
594 region_rec_diffs(3,4)        -1.4858242     -3     3    2.4518043e-05
595 region_rec_diffs(3,5)        -1.4939542     -3     3    -2.121631e-05
596 region_rec_diffs(3,6)        -0.53424667     -3     3    4.6946631e-05
597 region_rec_diffs(3,7)        -0.34200166     -3     3    6.2983167e-05
598 region_rec_diffs(3,8)        -0.35422976     -3     3    6.322656e-05
599 region_rec_diffs(3,9)        -2.1571582     -3     3    -5.040488e-05
600 region_rec_diffs(3,10)        -0.19059103     -3     3    -0.00010577292
601 region_rec_diffs(3,11)        -0.026089416     -3     3    9.6282161e-06
602 region_rec_diffs(3,12)        -0.044432064     -3     3    -8.6488145e-05
603 region_rec_diffs(3,13)        -1.1624509     -3     3    0.00013895785
604 region_rec_diffs(3,14)        -0.54913774     -3     3    6.5259138e-05
605 region_rec_diffs(3,15)        -0.055818253     -3     3    -1.8780518e-05
606 region_rec_diffs(3,16)        -0.061485907     -3     3    -2.3641291e-05
607 region_rec_diffs(3,17)        -1.1057687     -3     3    -0.00014675778
608 region_rec_diffs(3,18)        -2.0170041     -3     3    1.0597731e-05
609 region_rec_diffs(3,19)        -0.36851243     -3     3    -2.354558e-05
610 region_rec_diffs(3,20)        -0.63877048     -3     3    1.5804722e-05
611 region_rec_diffs(3,21)        -1.2909655     -3     3    -4.1524765e-05
612 region_rec_diffs(3,22)        -1.6675921     -3     3    3.4198051e-05
613 region_rec_diffs(3,23)        -0.38985743     -3     3    -4.7001297e-05
614 region_rec_diffs(3,24)        -1.3396791     -3     3    -9.9300468e-05
615 region_rec_diffs(3,25)        -1.030383     -3     3    -5.7434895e-05
616 region_rec_diffs(3,26)        -1.3467591     -3     3    -3.4146289e-05
617 region_rec_diffs(3,27)        -0.081673976     -3     3    0.00012906095
618 region_rec_diffs(3,28)        -1.4477085     -3     3    -0.00015448195
619 region_rec_diffs(3,29)        -0.89665906     -3     3    -2.5028202e-05
620 region_rec_diffs(3,30)        -0.29446756     -3     3    -8.6076133e-05
621 region_rec_diffs(3,31)        0.01979018     -3     3    1.085551e-05
622 region_rec_diffs(3,32)        0.1050253     -3     3    -3.1294644e-05
623 region_rec_diffs(3,33)        0.49080574     -3     3    9.0100175e-05
624 region_rec_diffs(3,34)        -0.67887032     -3     3    0.00010883082
625 region_rec_diffs(3,35)        -0.07970533     -3     3    -6.2076988e-05
626 region_rec_diffs(3,36)        -0.095248823     -3     3    -0.00014678914
627 region_rec_diffs(3,37)        -0.4666445     -3     3    9.9800891e-05
628 region_rec_diffs(3,38)        0.12416804     -3     3    0.00018274262
629 region_rec_diffs(3,39)        0.065825299     -3     3    3.896301e-05
630 region_rec_diffs(3,40)        0.085043593     -3     3    5.6885437e-05
631 region_rec_diffs(3,41)        -0.4285595     -3     3    -0.00018926049
632 region_rec_diffs(3,42)        -0.75216075     -3     3    8.9617505e-05
633 region_rec_diffs(3,43)        0.039798538     -3     3    3.0189842e-05
634 region_rec_diffs(3,44)        0.49781733     -3     3    -8.8931509e-06
635 region_rec_diffs(3,45)        -0.92439089     -3     3    7.4004394e-05
636 region_rec_diffs(3,46)        -0.27069631     -3     3    -2.9912511e-05
637 region_rec_diffs(3,47)        -0.093219389     -3     3    3.1702846e-05
638 region_rec_diffs(3,48)        0.63182734     -3     3    -0.0002012523
639 region_rec_diffs(3,49)        -0.74433242     -3     3    -6.0447236e-05
640 region_rec_diffs(3,50)        -0.010667341     -3     3    3.6964028e-05
641 region_rec_diffs(3,51)        -1.6096497     -3     3    5.9344749e-06
642 region_rec_diffs(3,52)        -0.215024     -3     3    5.3484897e-05
643 region_rec_diffs(3,53)        -0.61424245     -3     3    -4.0013948e-05
644 region_rec_diffs(3,54)        -0.58555747     -3     3    -2.1508003e-05
645 region_rec_diffs(3,55)        -0.43111547     -3     3    -2.1460841e-05
646 region_rec_diffs(3,56)        -0.715024     -3     3    8.7892574e-05
647 region_rec_diffs(3,57)        0.54131933     -3     3    9.8136737e-05
648 region_rec_diffs(3,58)        -0.63663215     -3     3    -7.0925114e-05
649 region_rec_diffs(3,59)        -0.39662357     -3     3    -2.5641824e-05
650 region_rec_diffs(3,60)        -0.34598422     -3     3    4.2163911e-05
651 region_rec_diffs(3,61)        -1.1553943     -3     3    -0.00016665033
652 region_rec_diffs(3,62)        -0.18553658     -3     3    1.6236768e-05
653 region_rec_diffs(3,63)        -0.78206263     -3     3    -2.1020257e-05
654 region_rec_diffs(3,64)        -1.0258302     -3     3    2.9342564e-05
655 region_rec_diffs(3,65)        0.068781946     -3     3    0.00032464269
656 region_rec_diffs(3,66)        0.19736735     -3     3    5.1943552e-05
657 region_rec_diffs(3,67)        -0.47485376     -3     3    2.3850364e-05
658 region_rec_diffs(3,68)        -0.66317951     -3     3    -6.7018612e-05
659 region_rec_diffs(3,69)        0.10150668     -3     3    0.00028418211
660 region_rec_diffs(3,70)        -0.5737658     -3     3    -0.00014040119
661 region_rec_diffs(3,71)        -0.6864123     -3     3    -4.5730915e-05
662 region_rec_diffs(3,72)        0.0034885295     -3     3    0.00013010703
663 region_rec_diffs(3,73)        -0.67562617     -3     3    5.4004417e-05
664 region_rec_diffs(3,74)        -0.89877266     -3     3    0.0001434571
665 region_rec_diffs(3,75)        -1.7842402     -3     3    -5.831545e-05
666 region_rec_diffs(3,76)        -0.17655821     -3     3    -2.8823173e-05
667 region_rec_diffs(3,77)        -0.27230294     -3     3    0.00015809821
668 region_rec_diffs(3,78)        -0.68078808     -3     3    9.8939597e-05
669 region_rec_diffs(3,79)        -1.0016383     -3     3    -0.00012291975
670 region_rec_diffs(3,80)        -0.80738215     -3     3    0.00014405755
671 region_rec_diffs(3,81)        -1.8856953     -3     3    0.00010352683
672 region_rec_diffs(3,82)        -0.86659236     -3     3    8.2431121e-05
673 region_rec_diffs(3,83)        -0.20591286     -3     3    0.00011617472
674 region_rec_diffs(3,84)        -0.75468763     -3     3    5.9263798e-05
675 region_rec_diffs(3,85)        -0.01676161     -3     3    2.8517832e-05
676 region_rec_diffs(3,86)        0.13519483     -3     3    3.2848458e-05
677 region_rec_diffs(3,87)        -0.75503603     -3     3    7.4689363e-05
678 region_rec_diffs(3,88)        -0.28124678     -3     3    5.2329708e-05
679 region_rec_diffs(3,89)        -1.0191805     -3     3    8.4398298e-05
680 region_rec_diffs(3,90)        -0.40687684     -3     3    -3.0860503e-06
681 region_rec_diffs(3,91)        -0.82479251     -3     3    -6.8451947e-05
682 region_rec_diffs(3,92)        -1.5328059     -3     3    -1.6752891e-05
683 region_rec_diffs(3,93)        -0.46637486     -3     3    2.5598389e-05
684 region_rec_diffs(3,94)        -0.61048893     -3     3    0.00025023519
685 region_rec_diffs(3,95)        0.1310777     -3     3    -1.3212471e-06
686 region_rec_diffs(3,96)        -0.20115002     -3     3    -0.00028123785
687 region_rec_diffs(3,97)        -0.19412655     -3     3    -0.00015711283
688 region_rec_diffs(3,98)        -1.0633324     -3     3    6.6017472e-05
689 region_rec_diffs(3,99)        -0.039955362     -3     3    7.8183857e-05
690 region_rec_diffs(3,100)        -1.885768     -3     3    4.6574839e-05
691 region_rec_diffs(3,101)        -0.2154986     -3     3    0.00034440795
692 region_rec_diffs(3,102)        -0.0089951767     -3     3    -7.4430689e-05
693 region_rec_diffs(3,103)        -1.0321     -3     3    8.2983456e-05
694 region_rec_diffs(3,104)        -0.51630347     -3     3    -2.1085251e-06
695 region_rec_diffs(3,105)        -0.25137922     -3     3    -2.6668112e-05
696 region_rec_diffs(3,106)        -0.094983843     -3     3    -7.7775831e-07
697 region_rec_diffs(3,107)        -0.5061197     -3     3    0.00011294272
698 region_rec_diffs(3,108)        -1.3402066     -3     3    6.9351634e-05
699 region_rec_diffs(3,109)        -0.90577035     -3     3    0.00010793438
700 region_rec_diffs(3,110)        -0.12738126     -3     3    4.0192932e-05
701 region_rec_diffs(3,111)        -1.1120245     -3     3    7.884284e-05
702 region_rec_diffs(3,112)        -0.17968258     -3     3    -0.00024397249
703 region_rec_diffs(3,113)        0.10958889     -3     3    -0.00045532577
704 region_rec_diffs(3,114)        -0.79079006     -3     3    -8.8256785e-05
705 region_rec_diffs(3,115)        -0.32737179     -3     3    6.9732587e-05
706 region_rec_diffs(3,116)        0.28796661     -3     3    -0.00029031796
707 region_rec_diffs(3,117)        -0.79419161     -3     3    -6.956726e-06
708 region_rec_diffs(3,118)        -0.046694365     -3     3    -0.00011599483
709 region_rec_diffs(3,119)        -1.1354131     -3     3    1.6294379e-05
710 region_rec_diffs(3,120)        0.5505985     -3     3    -0.00013656044
711 region_rec_diffs(3,121)        -1.0195324     -3     3    -0.00011116097
712 region_rec_diffs(3,122)        -1.3831569     -3     3    1.2504703e-05
713 region_rec_diffs(3,123)        -0.16504472     -3     3    6.7701928e-05
714 region_rec_diffs(3,124)        0.51633836     -3     3    2.5718837e-05
715 region_rec_diffs(3,125)        -0.099697861     -3     3    0.00012137627
716 region_rec_diffs(3,126)        -0.94290056     -3     3    0.00013855917
717 region_rec_diffs(3,127)        -0.24547115     -3     3    0.00027914915
718 region_rec_diffs(3,128)        -0.81527956     -3     3    0.0001353908
719 region_rec_diffs(3,129)        -1.422622     -3     3    2.0616935e-05
720 region_rec_diffs(3,130)        -0.71828576     -3     3    0.00019638968
721 region_rec_diffs(3,131)        -0.11835178     -3     3    7.2461627e-05
722 region_rec_diffs(3,132)        0.87854164     -3     3    8.0284682e-05
723 region_rec_diffs(3,133)        -1.4748939     -3     3    0.00014593062
724 region_rec_diffs(3,134)        -0.7767919     -3     3    3.3102467e-05
725 region_rec_diffs(3,135)        -0.65597924     -3     3    -5.9385735e-05
726 region_rec_diffs(3,136)        -1.4012199     -3     3    -1.1467508e-05
727 region_rec_diffs(3,137)        -0.84486956     -3     3    9.2576236e-05
728 region_rec_diffs(3,138)        -1.2501138     -3     3    2.4101888e-05
729 region_rec_diffs(3,139)        -0.55153866     -3     3    -4.9674631e-05
730 region_rec_diffs(3,140)        -1.7658749     -3     3    -2.1687677e-05
731 region_rec_diffs(3,141)        -1.5161085     -3     3    -3.4344115e-05
732 region_rec_diffs(3,142)        -0.32933972     -3     3    6.1124777e-05
733 region_rec_diffs(3,143)        0.53283586     -3     3    -0.00014338704
734 region_rec_diffs(3,144)        0.10850548     -3     3    0.0002860273
735 region_rec_diffs(3,145)        -1.0170018     -3     3    -0.00043325376
736 region_rec_diffs(3,146)        0.82667266     -3     3    -0.0003403827
737 region_rec_diffs(3,147)        -0.17119761     -3     3    0.00013909938
738 region_rec_diffs(3,148)        -2.0229957     -3     3    0.00011664756
739 region_rec_diffs(3,149)        -0.85746963     -3     3    -5.3659475e-05
740 region_rec_diffs(3,150)        0.47944946     -3     3    8.8058816e-05
741 region_rec_diffs(3,151)        0.49805931     -3     3    -0.00056322557
742 region_rec_diffs(3,152)        -1.9672701     -3     3    -3.3320846e-05
743 region_rec_diffs(3,153)        -0.083166348     -3     3    -0.00038222656
744 region_rec_diffs(3,154)        0.84374336     -3     3    -5.9248924e-05
745 region_rec_diffs(3,155)        0.52282375     -3     3    0.00024890324
746 region_rec_diffs(3,156)        -1.9400277     -3     3    8.8169732e-05
747 region_rec_diffs(3,157)        -1.0543607     -3     3    -2.0171262e-06
748 region_rec_diffs(3,158)        0.58402815     -3     3    -0.00020594871
749 region_rec_diffs(3,159)        1.0426054     -3     3    -0.00014746109
750 region_rec_diffs(3,160)        0.22531387     -3     3    -0.00035707492
751 region_rec_diffs(3,161)        0.46289557     -3     3    0.00042062954
752 region_rec_diffs(3,162)        0.61655814     -3     3    0.00062072675
753 region_rec_diffs(3,163)        -0.59627471     -3     3    -0.00022495245
754 region_rec_diffs(3,164)        -1.0821508     -3     3    -7.000558e-05
755 region_rec_diffs(3,165)        0.80725811     -3     3    -0.00076804435
756 region_rec_diffs(3,166)        -0.47593556     -3     3    -0.00011248996
757 region_rec_diffs(3,167)        0.59499792     -3     3    0.00019746873
758 region_rec_diffs(3,168)        -0.86739167     -3     3    0.00023067937
759 region_rec_diffs(3,169)        -0.50845588     -3     3    1.2933332e-05
760 region_rec_diffs(3,170)        0.093565359     -3     3    -0.00031442461
761 region_rec_diffs(3,171)        0.76560871     -3     3    -0.00014687087
762 region_rec_diffs(3,172)        -0.54036465     -3     3    0.00017793873
763 region_rec_diffs(3,173)        -0.79580667     -3     3    0.00020000883
764 region_rec_diffs(3,174)        0.23916781     -3     3    -5.2392538e-06
765 region_rec_diffs(3,175)        0.8756301     -3     3    0.00065772399
766 region_rec_diffs(3,176)        0.4054658     -3     3    1.3314012e-05
767 region_rec_diffs(3,177)        0.0060703491     -3     3    5.5689852e-05
768 region_rec_diffs(3,178)        0.38713042     -3     3    6.2784419e-05
769 region_rec_diffs(3,179)        0.14103397     -3     3    -7.1910849e-06
770 region_rec_diffs(3,180)        -1.5192598     -3     3    -8.6373874e-05
771 region_rec_diffs(3,181)        -1.1788262     -3     3    0.00011320065
772 region_rec_diffs(3,182)        -0.37199661     -3     3    0.00044035588
773 region_rec_diffs(3,183)        0.37038966     -3     3    0.00050556545
774 region_rec_diffs(3,184)        0.59772092     -3     3    6.9595785e-05
775 region_rec_diffs(3,185)        0.53981175     -3     3    -9.4894508e-05
776 region_rec_diffs(3,186)        0.029721385     -3     3    0.0002506124
777 region_rec_diffs(3,187)        -0.97908016     -3     3    -0.00028687585
778 region_rec_diffs(3,188)        -1.95786     -3     3    -0.00019740374
779 region_rec_diffs(3,189)        -0.68381796     -3     3    3.5120172e-05
780 region_rec_diffs(3,190)        -0.054716609     -3     3    -0.00020607775
781 region_rec_diffs(3,191)        0.72743032     -3     3    -0.00018839451
782 region_rec_diffs(3,192)        0.42277124     -3     3    -8.8002985e-06
783 region_rec_diffs(3,193)        -0.34926418     -3     3    -0.00013459364
784 region_rec_diffs(3,194)        0.57019955     -3     3    0.00011557245
785 region_rec_diffs(3,195)        0.18796809     -3     3    8.9394161e-05
786 region_rec_diffs(3,196)        0.0048567121     -3     3    -5.7598299e-05
787 region_rec_diffs(3,197)        0.7615062     -3     3    0.00015219432
788 region_rec_diffs(3,198)        0.36808636     -3     3    0.00012979694
789 region_rec_diffs(3,199)        0.073552311     -3     3    -0.00038927648
790 region_rec_diffs(3,200)        -0.72858936     -3     3    0.00033225473
791 region_rec_diffs(3,201)        -0.75764088     -3     3    -0.0002345216
792 region_rec_diffs(3,202)        0.42801581     -3     3    -1.3956932e-05
793 region_rec_diffs(3,203)        -0.40529241     -3     3    -0.00049893841
794 region_rec_diffs(3,204)        0.058485312     -3     3    -0.00048567596
795 region_rec_diffs(3,205)        0.87865337     -3     3    -0.00049018674
796 region_rec_diffs(3,206)        -0.32766675     -3     3    -0.00010205657
797 region_rec_diffs(3,207)        0.65576302     -3     3    9.1193253e-05
798 region_rec_diffs(3,208)        -0.21195961     -3     3    0.0001945475
799 region_rec_diffs(3,209)        0.66340587     -3     3    3.876511e-07
800 region_rec_diffs(3,210)        0.013429307     -3     3    -0.00014347315
801 region_rec_diffs(3,211)        0.33124495     -3     3    -0.00031478312
802 region_rec_diffs(3,212)        -1.0287464     -3     3    -0.00011373843
803 region_rec_diffs(3,213)        0.45109571     -3     3    0.0001471756
804 region_rec_diffs(3,214)        -0.11212925     -3     3    7.9130025e-05
805 region_rec_diffs(3,215)        0.4418215     -3     3    -0.00032266889
806 region_rec_diffs(3,216)        -0.24359593     -3     3    2.6291537e-05
807 region_rec_diffs(3,217)        -0.028744999     -3     3    -9.8436003e-05
808 region_rec_diffs(3,218)        -0.16944635     -3     3    0.00026781971
809 region_rec_diffs(3,219)        0.54864956     -3     3    -0.00011427761
810 region_rec_diffs(3,220)        0.19644466     -3     3    0.00044280797
811 region_rec_diffs(3,221)        -0.036277795     -3     3    -0.00015546213
812 region_rec_diffs(3,222)        0.67864557     -3     3    -0.00025326087
813 region_rec_diffs(3,223)        -0.52221384     -3     3    9.0616461e-05
814 region_rec_diffs(3,224)        -0.095257412     -3     3    0.00036544048
815 region_rec_diffs(3,225)        0.33662471     -3     3    -0.00027654319
816 region_rec_diffs(3,226)        -0.024809891     -3     3    -8.0461843e-05
817 region_rec_diffs(3,227)        0.14887214     -3     3    -0.00015705222
818 region_rec_diffs(3,228)        0.28068872     -3     3    -0.00050880373
819 region_rec_diffs(3,229)        -0.22555436     -3     3    -0.00029313505
820 region_rec_diffs(3,230)        0.64808875     -3     3    0.00024084865
821 region_rec_diffs(3,231)        0.3607869     -3     3    -0.0002655723
822 region_rec_diffs(3,232)        -0.38789531     -3     3    -8.129341e-05
823 region_rec_diffs(3,233)        0.36195942     -3     3    -0.00021760957
824 region_rec_diffs(3,234)        0.68227886     -3     3    0.00011130095
825 region_rec_diffs(3,235)        0.62676086     -3     3    -0.00017331732
826 region_rec_diffs(3,236)        -0.17186663     -3     3    -0.00034923446
827 region_rec_diffs(3,237)        -0.28629939     -3     3    0.00061490947
828 region_rec_diffs(3,238)        -0.17006514     -3     3    0.00018348126
829 region_rec_diffs(3,239)        0.47214526     -3     3    0.00027892348
830 region_rec_diffs(3,240)        0.73655743     -3     3    0.00034018228
831 region_rec_diffs(3,241)        -0.16367611     -3     3    0.00034487718
832 region_rec_diffs(3,242)        0.19213974     -3     3    4.4646885e-05
833 region_rec_diffs(3,243)        -0.052750219     -3     3    -0.00010549215
834 region_rec_diffs(3,244)        -1.1701598     -3     3    3.8770057e-05
835 region_rec_diffs(3,245)        0.3158915     -3     3    -7.992063e-05
836 region_rec_diffs(3,246)        0.6179296     -3     3    9.4607668e-05
837 region_rec_diffs(3,247)        0.79718727     -3     3    -0.00019881091
838 region_rec_diffs(3,248)        -0.14287363     -3     3    0.00026753192
839 region_rec_diffs(3,249)        0.37115812     -3     3    -0.0004613231
840 region_rec_diffs(3,250)        0.51866102     -3     3    -0.00027881554
841 region_rec_diffs(3,251)        0.74299496     -3     3    -0.00067175558
842 region_rec_diffs(3,252)        0.43703849     -3     3    0.00024080171
843 region_rec_diffs(3,253)        -0.068954374     -3     3    -8.0657466e-05
844 region_rec_diffs(3,254)        0.63543005     -3     3    0.00013941589
845 region_rec_diffs(3,255)        0.38335552     -3     3    0.00046876864
846 region_rec_diffs(3,256)        -0.0074592803     -3     3    1.0862003e-05
847 region_rec_diffs(3,257)        -0.24656073     -3     3    0.00025576389
848 region_rec_diffs(3,258)        0.33566992     -3     3    0.00030190379
849 region_rec_diffs(3,259)        -0.79351922     -3     3    8.762641e-05
850 region_rec_diffs(3,260)        -1.3140543     -3     3    -0.00015266222
851 region_rec_diffs(3,261)        0.5364178     -3     3    -0.000255008
852 region_rec_diffs(3,262)        0.061928947     -3     3    -4.1250518e-05
853 region_rec_diffs(3,263)        0.52012358     -3     3    -6.8747397e-05
854 region_rec_diffs(3,264)        -0.20904869     -3     3    -0.00017527288
855 region_rec_diffs(3,265)        -0.41878699     -3     3    -0.00028835529
856 region_rec_diffs(3,266)        0.40477045     -3     3    0.00016144068
857 region_rec_diffs(3,267)        0.55502897     -3     3    0.00050796726
858 region_rec_diffs(3,268)        0.4327823     -3     3    -9.3622269e-05
859 region_rec_diffs(3,269)        0.092978981     -3     3    -0.00045414869
860 region_rec_diffs(3,270)        0.63865382     -3     3    2.6827491e-05
861 region_rec_diffs(3,271)        -0.13604964     -3     3    8.641634e-05
862 region_rec_diffs(3,272)        -0.60346084     -3     3    -4.0388801e-05
863 region_rec_diffs(3,273)        -1.1672011     -3     3    3.8160827e-05
864 region_rec_diffs(3,274)        1.008269     -3     3    4.2715475e-05
865 region_rec_diffs(3,275)        -1.6722961     -3     3    0.00019923373
866 region_rec_diffs(3,276)        -1.2964055     -3     3    -0.00021304044
867 region_rec_diffs(3,277)        0.57258307     -3     3    5.6165747e-05
868 region_rec_diffs(3,278)        0.6492139     -3     3    0.0001582066
869 region_rec_diffs(3,279)        -0.36474728     -3     3    -4.6092945e-05
870 region_rec_diffs(4,1)        0     -3     3    -2.6541837e-16
871 region_rec_diffs(4,2)        0.16658078     -3     3    -0.00020709144
872 region_rec_diffs(4,3)        0.17189675     -3     3    -1.3416339e-05
873 region_rec_diffs(4,4)        0.1915801     -3     3    4.6920859e-05
874 region_rec_diffs(4,5)        0.20706993     -3     3    0.0001789738
875 region_rec_diffs(4,6)        0.064063028     -3     3    3.2018925e-05
876 region_rec_diffs(4,7)        0.063463192     -3     3    5.3394843e-05
877 region_rec_diffs(4,8)        0.079037408     -3     3    -7.69554e-05
878 region_rec_diffs(4,9)        -0.20479728     -3     3    -0.00018790075
879 region_rec_diffs(4,10)        0.037032167     -3     3    -4.6910246e-05
880 region_rec_diffs(4,11)        0.005058076     -3     3    1.5867029e-05
881 region_rec_diffs(4,12)        0.0028098261     -3     3    2.3012683e-05
882 region_rec_diffs(4,13)        0.64885024     -3     3    -0.00057030917
883 region_rec_diffs(4,14)        0.66492236     -3     3    0.00028910956
884 region_rec_diffs(4,15)        0.073625486     -3     3    -1.5616421e-05
885 region_rec_diffs(4,16)        0.12247877     -3     3    5.3738936e-05
886 region_rec_diffs(4,17)        0.72723844     -3     3    -0.00011515753
887 region_rec_diffs(4,18)        0.13135252     -3     3    0.00025748439
888 region_rec_diffs(4,19)        0.083847803     -3     3    1.142574e-05
889 region_rec_diffs(4,20)        0.13372726     -3     3    -6.7019048e-06
890 region_rec_diffs(4,21)        0.79107315     -3     3    1.5821064e-05
891 region_rec_diffs(4,22)        -0.014054272     -3     3    -4.3103283e-05
892 region_rec_diffs(4,23)        0.12806041     -3     3    -3.6241977e-05
893 region_rec_diffs(4,24)        0.8806762     -3     3    -0.00011441268
894 region_rec_diffs(4,25)        0.026015639     -3     3    -0.00018425548
895 region_rec_diffs(4,26)        -0.70953617     -3     3    1.7211127e-05
896 region_rec_diffs(4,27)        0.0055388303     -3     3    6.8891828e-05
897 region_rec_diffs(4,28)        0.89743443     -3     3    6.9573619e-05
898 region_rec_diffs(4,29)        0.34301339     -3     3    0.00010764096
899 region_rec_diffs(4,30)        0.4957354     -3     3    6.3769659e-05
900 region_rec_diffs(4,31)        0.10534778     -3     3    1.2298137e-05
901 region_rec_diffs(4,32)        0.25181915     -3     3    2.7279477e-05
902 region_rec_diffs(4,33)        0.45878325     -3     3    0.00015072978
903 region_rec_diffs(4,34)        0.51571169     -3     3    0.00064835771
904 region_rec_diffs(4,35)        0.024669463     -3     3    -2.5096173e-05
905 region_rec_diffs(4,36)        0.012842865     -3     3    -7.3876145e-05
906 region_rec_diffs(4,37)        0.57980724     -3     3    0.00020880373
907 region_rec_diffs(4,38)        0.48361189     -3     3    0.00014873741
908 region_rec_diffs(4,39)        0.088989422     -3     3    2.0107794e-05
909 region_rec_diffs(4,40)        0.10789661     -3     3    2.910329e-05
910 region_rec_diffs(4,41)        0.22613891     -3     3    -0.00022706075
911 region_rec_diffs(4,42)        -0.29511246     -3     3    -7.3765301e-05
912 region_rec_diffs(4,43)        0.031067092     -3     3    -1.167811e-06
913 region_rec_diffs(4,44)        0.014339971     -3     3    -7.6295498e-05
914 region_rec_diffs(4,45)        0.82435919     -3     3    -0.0002770526
915 region_rec_diffs(4,46)        0.12216307     -3     3    -2.8530244e-05
916 region_rec_diffs(4,47)        0.1662617     -3     3    2.275812e-05
917 region_rec_diffs(4,48)        0.16035405     -3     3    -2.4223356e-05
918 region_rec_diffs(4,49)        0.35083824     -3     3    2.9713663e-05
919 region_rec_diffs(4,50)        0.31704637     -3     3    3.5996734e-05
920 region_rec_diffs(4,51)        0.61019806     -3     3    8.7756968e-05
921 region_rec_diffs(4,52)        0.41911685     -3     3    2.95237e-05
922 region_rec_diffs(4,53)        0.71080141     -3     3    -1.8314327e-05
923 region_rec_diffs(4,54)        1.4737266     -3     3    -0.00030006281
924 region_rec_diffs(4,55)        0.57772868     -3     3    -1.7780866e-05
925 region_rec_diffs(4,56)        1.2842766     -3     3    -1.8760618e-05
926 region_rec_diffs(4,57)        -0.10228317     -3     3    -4.8162057e-05
927 region_rec_diffs(4,58)        -0.65871424     -3     3    -0.00016418388
928 region_rec_diffs(4,59)        -0.016157658     -3     3    -3.8234352e-05
929 region_rec_diffs(4,60)        1.3803528     -3     3    4.433246e-07
930 region_rec_diffs(4,61)        -0.18996403     -3     3    -6.0250744e-05
931 region_rec_diffs(4,62)        0.24772384     -3     3    2.9304607e-05
932 region_rec_diffs(4,63)        0.10717015     -3     3    -3.857941e-06
933 region_rec_diffs(4,64)        1.6151793     -3     3    0.00032383166
934 region_rec_diffs(4,65)        -0.48520412     -3     3    -3.2248207e-05
935 region_rec_diffs(4,66)        0.051245194     -3     3    1.5897573e-05
936 region_rec_diffs(4,67)        -0.25869255     -3     3    -4.3556114e-05
937 region_rec_diffs(4,68)        -0.52590095     -3     3    -0.00018326794
938 region_rec_diffs(4,69)        -0.61929777     -3     3    0.00010249924
939 region_rec_diffs(4,70)        1.1652183     -3     3    -0.00020871217
940 region_rec_diffs(4,71)        0.66451902     -3     3    -7.9979089e-05
941 region_rec_diffs(4,72)        0.57870571     -3     3    0.00029363028
942 region_rec_diffs(4,73)        -0.022785655     -3     3    0.00059796043
943 region_rec_diffs(4,74)        0.44216974     -3     3    0.00035240147
944 region_rec_diffs(4,75)        1.8890865     -3     3    -0.00051584289
945 region_rec_diffs(4,76)        0.15802388     -3     3    -0.00046935292
946 region_rec_diffs(4,77)        -0.66590865     -3     3    9.1600107e-05
947 region_rec_diffs(4,78)        -0.48298396     -3     3    4.7874457e-05
948 region_rec_diffs(4,79)        -0.22836654     -3     3    -3.5372957e-05
949 region_rec_diffs(4,80)        -0.65993133     -3     3    -0.00014371854
950 region_rec_diffs(4,81)        -0.01379033     -3     3    -0.00037140769
951 region_rec_diffs(4,82)        -9.8821435e-05     -3     3    -1.8482646e-05
952 region_rec_diffs(4,83)        0.5746414     -3     3    8.9234585e-05
953 region_rec_diffs(4,84)        0.20713407     -3     3    4.3390283e-05
954 region_rec_diffs(4,85)        0.21359358     -3     3    -0.00013824324
955 region_rec_diffs(4,86)        0.1379976     -3     3    1.9980869e-05
956 region_rec_diffs(4,87)        0.30595953     -3     3    4.4243873e-05
957 region_rec_diffs(4,88)        1.6564085     -3     3    -0.00012688748
958 region_rec_diffs(4,89)        -0.19034493     -3     3    -3.688695e-05
959 region_rec_diffs(4,90)        0.24897939     -3     3    -1.8238452e-05
960 region_rec_diffs(4,91)        -0.18442223     -3     3    4.0029912e-05
961 region_rec_diffs(4,92)        -0.46740395     -3     3    2.2437e-05
962 region_rec_diffs(4,93)        0.082038186     -3     3    -1.3284453e-05
963 region_rec_diffs(4,94)        -0.83451877     -3     3    4.153307e-05
964 region_rec_diffs(4,95)        1.0084971     -3     3    8.9748255e-05
965 region_rec_diffs(4,96)        0.46498226     -3     3    -0.00027143914
966 region_rec_diffs(4,97)        0.15269793     -3     3    -1.3804183e-05
967 region_rec_diffs(4,98)        -0.049385794     -3     3    8.5915527e-05
968 region_rec_diffs(4,99)        0.96968278     -3     3    -5.6194399e-05
969 region_rec_diffs(4,100)        0.097351021     -3     3    -0.00024931414
970 region_rec_diffs(4,101)        -0.088987202     -3     3    1.1951215e-05
971 region_rec_diffs(4,102)        0.098802448     -3     3    -3.9670965e-05
972 region_rec_diffs(4,103)        1.4867507     -3     3    -0.00012191684
973 region_rec_diffs(4,104)        0.59875789     -3     3    -5.1698026e-05
974 region_rec_diffs(4,105)        0.13772448     -3     3    -4.8532287e-06
975 region_rec_diffs(4,106)        0.05205374     -3     3    1.2022784e-06
976 region_rec_diffs(4,107)        0.0074894678     -3     3    6.9165532e-05
977 region_rec_diffs(4,108)        -0.36526481     -3     3    -1.5169391e-05
978 region_rec_diffs(4,109)        0.46172345     -3     3    0.00010357002
979 region_rec_diffs(4,110)        0.093242507     -3     3    2.6013016e-05
980 region_rec_diffs(4,111)        -0.51063069     -3     3    3.7901022e-05
981 region_rec_diffs(4,112)        -0.6223267     -3     3    -8.1086502e-05
982 region_rec_diffs(4,113)        0.74365796     -3     3    -0.0001756775
983 region_rec_diffs(4,114)        0.060984848     -3     3    -0.00010628732
984 region_rec_diffs(4,115)        0.41325866     -3     3    5.9635711e-05
985 region_rec_diffs(4,116)        -0.039117416     -3     3    -6.9197814e-05
986 region_rec_diffs(4,117)        0.056418101     -3     3    0.00010736612
987 region_rec_diffs(4,118)        0.78200383     -3     3    -7.8647351e-05
988 region_rec_diffs(4,119)        1.0041447     -3     3    -0.00019266518
989 region_rec_diffs(4,120)        -0.2335608     -3     3    -0.00012955677
990 region_rec_diffs(4,121)        0.10337795     -3     3    -0.00024957581
991 region_rec_diffs(4,122)        0.46530501     -3     3    -9.4977551e-05
992 region_rec_diffs(4,123)        0.3753397     -3     3    5.3130096e-05
993 region_rec_diffs(4,124)        0.16087563     -3     3    7.9728666e-06
994 region_rec_diffs(4,125)        1.2694244     -3     3    8.4065372e-05
995 region_rec_diffs(4,126)        0.57935998     -3     3    -0.00021399983
996 region_rec_diffs(4,127)        -0.4888629     -3     3    -4.6725625e-05
997 region_rec_diffs(4,128)        -0.80913769     -3     3    -0.00010093707
998 region_rec_diffs(4,129)        0.9534495     -3     3    -0.00017876303
999 region_rec_diffs(4,130)        0.43720914     -3     3    0.00029843608
1000 region_rec_diffs(4,131)        0.15374704     -3     3    5.6626881e-05
1001 region_rec_diffs(4,132)        -0.59430387     -3     3    0.00014920823
1002 region_rec_diffs(4,133)        -0.57277528     -3     3    0.00029083347
1003 region_rec_diffs(4,134)        0.061154727     -3     3    3.2107867e-05
1004 region_rec_diffs(4,135)        -0.28234878     -3     3    -9.8690209e-05
1005 region_rec_diffs(4,136)        -0.69780255     -3     3    -9.8025326e-05
1006 region_rec_diffs(4,137)        1.1982947     -3     3    0.00023820097
1007 region_rec_diffs(4,138)        1.773152     -3     3    0.00024125777
1008 region_rec_diffs(4,139)        -0.29680411     -3     3    -3.8373348e-05
1009 region_rec_diffs(4,140)        -1.867227     -3     3    5.0773521e-05
1010 region_rec_diffs(4,141)        -1.185198     -3     3    3.4340588e-05
1011 region_rec_diffs(4,142)        -0.07747886     -3     3    4.0717492e-06
1012 region_rec_diffs(4,143)        -0.42760318     -3     3    -1.0710606e-05
1013 region_rec_diffs(4,144)        -0.70519384     -3     3    9.5981592e-05
1014 region_rec_diffs(4,145)        -0.17808467     -3     3    -0.00011660883
1015 region_rec_diffs(4,146)        -0.045832982     -3     3    -4.1555692e-05
1016 region_rec_diffs(4,147)        1.6480733     -3     3    0.0004399299
1017 region_rec_diffs(4,148)        0.45454062     -3     3    5.2286184e-05
1018 region_rec_diffs(4,149)        0.015571645     -3     3    2.8733351e-05
1019 region_rec_diffs(4,150)        -0.042551753     -3     3    7.4213547e-05
1020 region_rec_diffs(4,151)        -0.57227785     -3     3    5.6074929e-05
1021 region_rec_diffs(4,152)        -0.76080346     -3     3    2.7861828e-05
1022 region_rec_diffs(4,153)        -0.89565748     -3     3    -4.9155514e-05
1023 region_rec_diffs(4,154)        -0.32990994     -3     3    0.00015516854
1024 region_rec_diffs(4,155)        0.3133163     -3     3    0.00028563698
1025 region_rec_diffs(4,156)        0.0380679     -3     3    0.00023423129
1026 region_rec_diffs(4,157)        0.10434066     -3     3    7.6706701e-05
1027 region_rec_diffs(4,158)        -0.056490558     -3     3    -0.00015424099
1028 region_rec_diffs(4,159)        -0.50754927     -3     3    -2.8218856e-05
1029 region_rec_diffs(4,160)        -0.83878478     -3     3    3.0607846e-05
1030 region_rec_diffs(4,161)        -0.1798862     -3     3    3.3506057e-05
1031 region_rec_diffs(4,162)        0.28619215     -3     3    0.00011023989
1032 region_rec_diffs(4,163)        0.88014602     -3     3    -0.00020242066
1033 region_rec_diffs(4,164)        -0.9553615     -3     3    0.000107294
1034 region_rec_diffs(4,165)        -0.62087655     -3     3    -1.6341884e-05
1035 region_rec_diffs(4,166)        -0.42284678     -3     3    -5.2907378e-07
1036 region_rec_diffs(4,167)        -0.30498918     -3     3    6.1180198e-05
1037 region_rec_diffs(4,168)        1.324029     -3     3    -0.00037926949
1038 region_rec_diffs(4,169)        0.17540617     -3     3    -0.00014977423
1039 region_rec_diffs(4,170)        -0.16598965     -3     3    -6.8821513e-05
1040 region_rec_diffs(4,171)        0.16907398     -3     3    -2.9271688e-05
1041 region_rec_diffs(4,172)        1.2781737     -3     3    8.1854284e-05
1042 region_rec_diffs(4,173)        0.83104382     -3     3    8.9977353e-05
1043 region_rec_diffs(4,174)        -0.032566295     -3     3    8.6830012e-06
1044 region_rec_diffs(4,175)        -0.88191458     -3     3    2.7648608e-05
1045 region_rec_diffs(4,176)        -2.1062349     -3     3    -2.4728741e-06
1046 region_rec_diffs(4,177)        -2.4672471     -3     3    -4.1580787e-05
1047 region_rec_diffs(4,178)        -1.8096241     -3     3    2.4698289e-05
1048 region_rec_diffs(4,179)        0.73669648     -3     3    0.00016144671
1049 region_rec_diffs(4,180)        0.56466139     -3     3    0.00033877501
1050 region_rec_diffs(4,181)        -0.74464829     -3     3    2.6087344e-05
1051 region_rec_diffs(4,182)        -0.49943074     -3     3    -1.5938891e-05
1052 region_rec_diffs(4,183)        -0.90348788     -3     3    -4.9149269e-05
1053 region_rec_diffs(4,184)        -1.5099257     -3     3    -7.3354699e-05
1054 region_rec_diffs(4,185)        -1.9561657     -3     3    -0.00011042666
1055 region_rec_diffs(4,186)        -0.50352214     -3     3    -9.1234672e-05
1056 region_rec_diffs(4,187)        1.5478181     -3     3    0.00011266072
1057 region_rec_diffs(4,188)        -2.3107548     -3     3    1.9592044e-05
1058 region_rec_diffs(4,189)        -2.0922563     -3     3    1.005863e-05
1059 region_rec_diffs(4,190)        -1.94953     -3     3    -2.7586287e-05
1060 region_rec_diffs(4,191)        -1.5735684     -3     3    7.1738144e-05
1061 region_rec_diffs(4,192)        -0.017313834     -3     3    3.6983847e-05
1062 region_rec_diffs(4,193)        -0.92231106     -3     3    7.9879844e-05
1063 region_rec_diffs(4,194)        -1.0163697     -3     3    4.6318571e-05
1064 region_rec_diffs(4,195)        1.1880798     -3     3    1.2093807e-05
1065 region_rec_diffs(4,196)        -0.67631835     -3     3    2.275074e-05
1066 region_rec_diffs(4,197)        -1.0471363     -3     3    8.9369127e-05
1067 region_rec_diffs(4,198)        -1.2689345     -3     3    2.5869933e-05
1068 region_rec_diffs(4,199)        1.368998     -3     3    0.00048836833
1069 region_rec_diffs(4,200)        -0.42965962     -3     3    0.00032084596
1070 region_rec_diffs(4,201)        -1.4355176     -3     3    6.4520213e-07
1071 region_rec_diffs(4,202)        -1.28771     -3     3    1.2456103e-05
1072 region_rec_diffs(4,203)        0.55787728     -3     3    3.9660077e-05
1073 region_rec_diffs(4,204)        1.1498673     -3     3    -0.0002599079
1074 region_rec_diffs(4,205)        -0.94035457     -3     3    -5.5404351e-05
1075 region_rec_diffs(4,206)        -2.0590057     -3     3    7.3076234e-06
1076 region_rec_diffs(4,207)        -2.1198114     -3     3    1.7419063e-05
1077 region_rec_diffs(4,208)        -2.996238     -3     3    -3.6212077e-05
1078 region_rec_diffs(4,209)        -2.3797531     -3     3    -0.00015489062
1079 region_rec_diffs(4,210)        -2.7032245     -3     3    6.6837557e-05
1080 region_rec_diffs(4,211)        0.91233915     -3     3    -0.00032013237
1081 region_rec_diffs(4,212)        1.5604048     -3     3    0.00031488942
1082 region_rec_diffs(4,213)        0.17186021     -3     3    -5.1836779e-05
1083 region_rec_diffs(4,214)        -0.82378511     -3     3    -7.4141149e-05
1084 region_rec_diffs(4,215)        0.39363977     -3     3    -0.00038407007
1085 region_rec_diffs(4,216)        -0.39441683     -3     3    -0.00021440792
1086 region_rec_diffs(4,217)        -0.086625177     -3     3    -4.2752904e-05
1087 region_rec_diffs(4,218)        0.94859881     -3     3    8.9195761e-06
1088 region_rec_diffs(4,219)        0.23476487     -3     3    0.0001818905
1089 region_rec_diffs(4,220)        -1.3704294     -3     3    0.00013729842
1090 region_rec_diffs(4,221)        -1.1491054     -3     3    0.00033061217
1091 region_rec_diffs(4,222)        -1.6185304     -3     3    7.23348e-05
1092 region_rec_diffs(4,223)        0.88815514     -3     3    5.0597886e-05
1093 region_rec_diffs(4,224)        -0.31677093     -3     3    -0.00036439636
1094 region_rec_diffs(4,225)        -0.51074838     -3     3    -0.0002936773
1095 region_rec_diffs(4,226)        -0.79433238     -3     3    -0.00025267267
1096 region_rec_diffs(4,227)        0.10521424     -3     3    -0.00013766626
1097 region_rec_diffs(4,228)        -0.79586211     -3     3    -3.5440328e-05
1098 region_rec_diffs(4,229)        -0.35341655     -3     3    -0.00040558191
1099 region_rec_diffs(4,230)        0.4844481     -3     3    -9.5959772e-05
1100 region_rec_diffs(4,231)        0.13650123     -3     3    -0.00024837555
1101 region_rec_diffs(4,232)        0.76971502     -3     3    -0.0003589456
1102 region_rec_diffs(4,233)        -0.097979101     -3     3    -0.00020251865
1103 region_rec_diffs(4,234)        -0.49740628     -3     3    0.00014696912
1104 region_rec_diffs(4,235)        -0.6069675     -3     3    0.00028583604
1105 region_rec_diffs(4,236)        -1.1615842     -3     3    6.0751126e-05
1106 region_rec_diffs(4,237)        0.86829733     -3     3    0.00030800381
1107 region_rec_diffs(4,238)        0.32999142     -3     3    -0.00017398615
1108 region_rec_diffs(4,239)        0.049801963     -3     3    0.00013639917
1109 region_rec_diffs(4,240)        -0.10797429     -3     3    0.00030335232
1110 region_rec_diffs(4,241)        -1.1481356     -3     3    5.1077952e-05
1111 region_rec_diffs(4,242)        -0.51742143     -3     3    -7.5144549e-05
1112 region_rec_diffs(4,243)        0.077155246     -3     3    -9.1713407e-05
1113 region_rec_diffs(4,244)        0.92027528     -3     3    0.00041924514
1114 region_rec_diffs(4,245)        0.35594607     -3     3    -5.6538381e-05
1115 region_rec_diffs(4,246)        -0.44939965     -3     3    -0.00018612712
1116 region_rec_diffs(4,247)        -1.0321348     -3     3    -1.1049537e-05
1117 region_rec_diffs(4,248)        0.41128546     -3     3    -0.00016392679
1118 region_rec_diffs(4,249)        0.40456559     -3     3    -0.00043213347
1119 region_rec_diffs(4,250)        -0.76926228     -3     3    -4.5556382e-05
1120 region_rec_diffs(4,251)        -0.84005375     -3     3    -0.00012454931
1121 region_rec_diffs(4,252)        -2.1133953     -3     3    -3.6105916e-05
1122 region_rec_diffs(4,253)        -1.1529662     -3     3    -0.00014349117
1123 region_rec_diffs(4,254)        -0.37815404     -3     3    -0.00014048896
1124 region_rec_diffs(4,255)        0.42940009     -3     3    -1.3540393e-05
1125 region_rec_diffs(4,256)        -1.3751976     -3     3    1.0671154e-05
1126 region_rec_diffs(4,257)        -1.0006953     -3     3    -8.2377585e-05
1127 region_rec_diffs(4,258)        -0.57394638     -3     3    -7.1625929e-05
1128 region_rec_diffs(4,259)        -0.50023879     -3     3    7.4161042e-05
1129 region_rec_diffs(4,260)        -0.37995704     -3     3    -7.4688287e-05
1130 region_rec_diffs(4,261)        -1.4627227     -3     3    -2.0752179e-05
1131 region_rec_diffs(4,262)        -2.2786215     -3     3    -2.2421153e-05
1132 region_rec_diffs(4,263)        -1.9905365     -3     3    -5.1639063e-05
1133 region_rec_diffs(4,264)        0.8907023     -3     3    4.9990586e-05
1134 region_rec_diffs(4,265)        -0.47280906     -3     3    0.00018169868
1135 region_rec_diffs(4,266)        -1.4435072     -3     3    6.7002997e-05
1136 region_rec_diffs(4,267)        -1.2491604     -3     3    9.2316709e-05
1137 region_rec_diffs(4,268)        -1.0952214     -3     3    4.8979573e-05
1138 region_rec_diffs(4,269)        -1.4227712     -3     3    -2.3768413e-05
1139 region_rec_diffs(4,270)        -0.37115278     -3     3    -0.00010483331
1140 region_rec_diffs(4,271)        1.4333822     -3     3    0.00029783187
1141 region_rec_diffs(4,272)        -0.94686268     -3     3    6.4388755e-05
1142 region_rec_diffs(4,273)        -1.1913826     -3     3    2.1010496e-05
1143 region_rec_diffs(4,274)        -1.782319     -3     3    -0.00020856165
1144 region_rec_diffs(4,275)        -0.70777274     -3     3    4.8029736e-05
1145 region_rec_diffs(4,276)        -0.23297322     -3     3    1.0032685e-05
1146 region_rec_diffs(4,277)        -0.13524988     -3     3    -5.1686561e-05
1147 region_rec_diffs(4,278)        -0.31078651     -3     3    -2.5726576e-06
1148 region_rec_diffs(4,279)        -0.0091184465     -3     3    -4.3692759e-05
1149 bs_selcoff_gp:1(1,1,1,1)        -8.6599229     -20     7    -5.3861204e-05
1150 bs_selcoff_gp:1(1,1,1,2)        -4.2090868     -20     7    9.1198315e-06
1151 bs_selcoff_gp:1(1,1,1,3)        0.29329524     -20     7    -0.00026323013
1152 bs_selcoff_gp:1(1,1,1,4)        0.8584856     -20     7    2.9902227e-05
1153 bs_selcoff_gp:1(1,1,1,5)        0.25036314     -20     7    -0.00010737513
1154 bs_selcoff_gp:2(2,1,1,1)        -5.8501854     -20     7    8.4095301e-05
1155 bs_selcoff_gp:2(2,1,1,2)        -2.2832142     -20     7    -0.00048758624
1156 bs_selcoff_gp:2(2,1,1,3)        0.27006901     -20     7    -2.2645155e-05
1157 bs_selcoff_gp:2(2,1,1,4)        0.69852422     -20     7    -0.00033790206
1158 bs_selcoff_gp:2(2,1,1,5)        0.45371725     -20     7    -0.00053199013
1159 bs_selcoff_gp:3(3,1,1,1)        -5.0309719     -20     7    -1.1560053e-05
1160 bs_selcoff_gp:3(3,1,1,2)        -5.019288     -20     7    6.2396688e-05
1161 bs_selcoff_gp:3(3,1,1,3)        0.025543652     -20     7    -0.00012721698
1162 bs_selcoff_gp:3(3,1,1,4)        0.88351291     -20     7    0.00012621449
1163 bs_selcoff_gp:3(3,1,1,5)        0.43283864     -20     7    0.00013844188
1164 bs_selcoff_gp:4(4,1,1,1)        -8.6659826     -20     7    6.1772366e-05
1165 bs_selcoff_gp:4(4,1,1,2)        -2.6207351     -20     7    -0.00031962272
1166 bs_selcoff_gp:4(4,1,1,3)        0.047810484     -20     7    1.3286914e-05
1167 bs_selcoff_gp:4(4,1,1,4)        1.1031456     -20     7    -6.6500779e-05
1168 bs_selcoff_gp:4(4,1,1,5)        -0.14572328     -20     7    -0.00029348406
1169 bs_selcoff_gp:5(5,1,1,1)        -11.287522     -20     7    8.6029147e-05
1170 bs_selcoff_gp:5(5,1,1,2)        -3.7066153     -20     7    6.8594196e-05
1171 bs_selcoff_gp:5(5,1,1,3)        -0.014455286     -20     7    0.00044326326
1172 bs_selcoff_gp:5(5,1,1,4)        1.0331775     -20     7    -0.0001002323
1173 bs_selcoff_gp:5(5,1,1,5)        0.16530831     -20     7    -0.00077768899
1174 bs_selcoff_gp:6(6,1,1,1)        -6.021714     -20     7    -1.1840209e-05
1175 bs_selcoff_gp:6(6,1,1,2)        -2.2757905     -20     7    5.0575917e-05
1176 bs_selcoff_gp:6(6,1,1,3)        0.25761857     -20     7    -0.0001582575
1177 bs_selcoff_gp:6(6,1,1,4)        0.81437128     -20     7    -0.00031354578
1178 bs_selcoff_gp:6(6,1,1,5)        0.29505084     -20     7    -1.8739733e-05
1179 bs_selcoff_gp:7(7,1,1,1)        -7.2586674     -20     7    -3.6736279e-06
1180 bs_selcoff_gp:7(7,1,1,2)        -3.0931145     -20     7    -8.9340666e-05
1181 bs_selcoff_gp:7(7,1,1,3)        0.082457821     -20     7    -0.00014109993
1182 bs_selcoff_gp:7(7,1,1,4)        0.89849408     -20     7    0.00010904092
1183 bs_selcoff_gp:7(7,1,1,5)        0.34504494     -20     7    -0.00028966251
1184 bs_selcoff_gp:8(8,1,1,1)        -15.45133     -20     7    6.1261742e-05
1185 bs_selcoff_gp:8(8,1,1,2)        -5.4669188     -20     7    -0.00033472707
1186 bs_selcoff_gp:8(8,1,1,3)        -1.402365     -20     7    0.00023998203
1187 bs_selcoff_gp:8(8,1,1,4)        1.3160806     -20     7    3.6703244e-05
1188 bs_selcoff_gp:8(8,1,1,5)        0.020736559     -20     7    -0.00026591875
1189 bs_selcoff_gp:9(9,1,1,1)        -13.82426     -20     7    -0.00015637863
1190 bs_selcoff_gp:9(9,1,1,2)        -8.3304996     -20     7    0.00037806041
1191 bs_selcoff_gp:9(9,1,1,3)        -2.584327     -20     7    0.00047679129
1192 bs_selcoff_gp:9(9,1,1,4)        0.73882038     -20     7    -2.9007454e-05
1193 bs_selcoff_gp:9(9,1,1,5)        1.0406064     -20     7    6.2801644e-05
1194 bs_selcoff_gp:10(10,1,1,1)        -8.4867796     -20     7    0.00010419205
1195 bs_selcoff_gp:10(10,1,1,2)        -1.6208592     -20     7    -0.00036686674
1196 bs_selcoff_gp:10(10,1,1,3)        0.15673201     -20     7    -0.00061697264
1197 bs_selcoff_gp:10(10,1,1,4)        0.86367189     -20     7    -0.00011128987
1198 bs_selcoff_gp:10(10,1,1,5)        0.23146697     -20     7    0.00038133074
1199 bs_selcoff_gp:11(11,1,1,1)        -5.9648342     -20     7    1.4273338e-05
1200 bs_selcoff_gp:11(11,1,1,2)        -5.5701279     -20     7    -0.00010334354
1201 bs_selcoff_gp:11(11,1,1,3)        -0.27837276     -20     7    3.546277e-05
1202 bs_selcoff_gp:11(11,1,1,4)        1.3182488     -20     7    -2.0647251e-05
1203 bs_selcoff_gp:11(11,1,1,5)        -0.69374445     -20     7    -0.0002000834
1204 bs_selcoff_gp:12(12,1,1,1)        -6.6451215     -20     7    -5.0158008e-05
1205 bs_selcoff_gp:12(12,1,1,2)        -5.2379092     -20     7    0.00018630351
1206 bs_selcoff_gp:12(12,1,1,3)        -0.32617879     -20     7    -0.00024291409
1207 bs_selcoff_gp:12(12,1,1,4)        1.0892053     -20     7    0.00018957161
1208 bs_selcoff_gp:12(12,1,1,5)        0.26221572     -20     7    1.0755811e-05
1209 bs_selcoff_gp:13(13,1,1,1)        -2.4197289     -20     7    0.00022472977
1210 bs_selcoff_gp:13(13,1,1,2)        1.5385379     -20     7    5.0755457e-05
1211 bs_selcoff_gp:13(13,1,1,3)        -1.440502     -20     7    -0.0002763191
1212 bs_selcoff_gp:13(13,1,1,4)        -4.0640325     -20     7    -0.00012097137
1213 bs_selcoff_gp:13(13,1,1,5)        -19.992374     -20     7    0.00040843158   *************
1214 bs_selcoff_gp:14(14,1,1,1)        -1.9833279     -20     7    0.00038200167
1215 bs_selcoff_gp:14(14,1,1,2)        1.4099635     -20     7    3.7204656e-05
1216 bs_selcoff_gp:14(14,1,1,3)        -0.57899169     -20     7    0.00024965699
1217 bs_selcoff_gp:14(14,1,1,4)        -1.5893533     -20     7    -0.00013625102
1218 bs_selcoff_gp:14(14,1,1,5)        -6.1401378     -20     7    0.00019707439
1219 bs_selcoff_gp:15(15,1,1,1)        -2.300271     -20     7    6.0266646e-05
1220 bs_selcoff_gp:15(15,1,1,2)        1.4894837     -20     7    -0.00016314546
1221 bs_selcoff_gp:15(15,1,1,3)        -0.8320462     -20     7    -2.2740029e-05
1222 bs_selcoff_gp:15(15,1,1,4)        -3.4911303     -20     7    0.00015992011
1223 bs_selcoff_gp:15(15,1,1,5)        -19.999721     -20     7    3.6054488e-05   *************
1224 bs_selcoff_gp:16(16,1,1,1)        -2.9515751     -20     7    0.00036287389
1225 bs_selcoff_gp:16(16,1,1,2)        1.2541991     -20     7    7.1681505e-05
1226 bs_selcoff_gp:16(16,1,1,3)        0.09240374     -20     7    -0.00019534575
1227 bs_selcoff_gp:16(16,1,1,4)        -1.0898199     -20     7    1.8517203e-05
1228 bs_selcoff_gp:16(16,1,1,5)        -4.6417586     -20     7    -4.5382709e-05
1229 bs_selcoff_gp:17(17,1,1,1)        -0.86335377     -20     7    -0.00021177682
1230 bs_selcoff_gp:17(17,1,1,2)        1.0465011     -20     7    8.7261317e-05
1231 bs_selcoff_gp:17(17,1,1,3)        0.43859122     -20     7    0.00015543014
1232 bs_selcoff_gp:17(17,1,1,4)        -1.7331343     -20     7    0.00013884823
1233 bs_selcoff_gp:17(17,1,1,5)        -5.6949932     -20     7    4.3651918e-05
1234 bs_selcoff_gp:18(18,1,1,1)        -3.0078133     -20     7    0.00030761786
1235 bs_selcoff_gp:18(18,1,1,2)        1.3857957     -20     7    1.4760796e-05
1236 bs_selcoff_gp:18(18,1,1,3)        -0.59502626     -20     7    -0.0001265949
1237 bs_selcoff_gp:18(18,1,1,4)        -0.95900494     -20     7    0.00046034029
1238 bs_selcoff_gp:18(18,1,1,5)        -4.025029     -20     7    6.6360466e-05
1239 bs_selcoff_gp:19(19,1,1,1)        0.10715166     -20     7    -0.00053349673
1240 bs_selcoff_gp:19(19,1,1,2)        0.98592584     -20     7    -1.0833359e-05
1241 bs_selcoff_gp:19(19,1,1,3)        -0.22010651     -20     7    -6.0967947e-05
1242 bs_selcoff_gp:19(19,1,1,4)        -0.91065335     -20     7    -0.00041047945
1243 bs_selcoff_gp:19(19,1,1,5)        -6.3316936     -20     7    3.3348359e-05
1244 bs_selcoff_gp:20(20,1,1,1)        -2.5344769     -20     7    -9.2062539e-05
1245 bs_selcoff_gp:20(20,1,1,2)        -0.7437303     -20     7    0.00038482543
1246 bs_selcoff_gp:20(20,1,1,3)        -0.51483297     -20     7    -3.9107049e-05
1247 bs_selcoff_gp:20(20,1,1,4)        -0.12374521     -20     7    -0.00017036944
1248 bs_selcoff_gp:20(20,1,1,5)        1.0865997     -20     7    9.1772341e-05
1249 bs_selcoff_gp:21(21,1,1,1)        -1.0782072     -20     7    0.00023570007
1250 bs_selcoff_gp:21(21,1,1,2)        1.3564144     -20     7    -3.5317107e-05
1251 bs_selcoff_gp:21(21,1,1,3)        -0.30754472     -20     7    2.3609813e-05
1252 bs_selcoff_gp:21(21,1,1,4)        -3.163953     -20     7    -0.00010220278
1253 bs_selcoff_gp:21(21,1,1,5)        -9.8282533     -20     7    -4.679719e-06
1254 bs_selcoff_gp:22(22,1,1,1)        -4.4884156     -20     7    -6.92619e-05
1255 bs_selcoff_gp:22(22,1,1,2)        1.0956413     -20     7    -7.8187336e-05
1256 bs_selcoff_gp:22(22,1,1,3)        0.52632972     -20     7    0.00013215507
1257 bs_selcoff_gp:22(22,1,1,4)        -1.191461     -20     7    0.00022917024
1258 bs_selcoff_gp:22(22,1,1,5)        -6.7247215     -20     7    -2.7291701e-05
1259 bs_selcoff_gp:23(23,1,1,1)        -4.5429174     -20     7    0.00013388828
1260 bs_selcoff_gp:23(23,1,1,2)        -0.30703671     -20     7    -0.00014706821
1261 bs_selcoff_gp:23(23,1,1,3)        1.4471067     -20     7    0.00012063193
1262 bs_selcoff_gp:23(23,1,1,4)        -5.8107933     -20     7    0.0001457437
1263 bs_selcoff_gp:23(23,1,1,5)        -11.918942     -20     7    0.00026513478
1264 bs_selcoff_gp:24(24,1,1,1)        -9.3004646     -20     7    -2.0649654e-05
1265 bs_selcoff_gp:24(24,1,1,2)        -0.83154548     -20     7    -0.00014896156
1266 bs_selcoff_gp:24(24,1,1,3)        1.4345078     -20     7    -8.7968197e-05
1267 bs_selcoff_gp:24(24,1,1,4)        -1.002574     -20     7    9.6989018e-05
1268 bs_selcoff_gp:24(24,1,1,5)        -11.062863     -20     7    0.00013834635
1269 bs_selcoff_gp:25(25,1,1,1)        -14.765584     -20     7    -1.5574534e-05
1270 bs_selcoff_gp:25(25,1,1,2)        1.2801748     -20     7    9.4665891e-05
1271 bs_selcoff_gp:25(25,1,1,3)        0.3296782     -20     7    0.00035041534
1272 bs_selcoff_gp:25(25,1,1,4)        -4.3997744     -20     7    -3.3677107e-05
1273 bs_selcoff_gp:25(25,1,1,5)        -12.237847     -20     7    0.0001474857
1274 bs_selcoff_gp:26(26,1,1,1)        -1.3386294     -20     7    -1.2919625e-05
1275 bs_selcoff_gp:26(26,1,1,2)        1.3409561     -20     7    2.9358403e-05
1276 bs_selcoff_gp:26(26,1,1,3)        -0.42232246     -20     7    7.4398283e-05
1277 bs_selcoff_gp:26(26,1,1,4)        -1.3527951     -20     7    -0.00033561006
1278 bs_selcoff_gp:26(26,1,1,5)        -6.8787129     -20     7    3.8748776e-06
1279 bs_selcoff_gp:27(27,1,1,1)        -2.7397851     -20     7    9.9636735e-05
1280 bs_selcoff_gp:27(27,1,1,2)        1.2704181     -20     7    0.00017656274
1281 bs_selcoff_gp:27(27,1,1,3)        0.27439491     -20     7    -0.00029075587
1282 bs_selcoff_gp:27(27,1,1,4)        -2.8722491     -20     7    0.00015247398
1283 bs_selcoff_gp:27(27,1,1,5)        -7.156065     -20     7    -4.1658353e-05
1284 bs_selcoff_gp:28(28,1,1,1)        -4.8223817     -20     7    0.00012634922
1285 bs_selcoff_gp:28(28,1,1,2)        1.5574143     -20     7    -0.0001154049
1286 bs_selcoff_gp:28(28,1,1,3)        -3.2878919     -20     7    -7.4701754e-05
1287 bs_selcoff_gp:28(28,1,1,4)        -1.5661276     -20     7    -1.8523393e-05
1288 bs_selcoff_gp:28(28,1,1,5)        -19.99654     -20     7    0.00014941635   *************
1289 bs_selcoff_gp:29(29,1,1,1)        -19.694614     -20     7    0.00036726486
1290 bs_selcoff_gp:29(29,1,1,2)        -6.8715275     -20     7    4.6264702e-05
1291 bs_selcoff_gp:29(29,1,1,3)        -0.21540733     -20     7    -0.000224662
1292 bs_selcoff_gp:29(29,1,1,4)        1.035861     -20     7    -0.00021595738
1293 bs_selcoff_gp:29(29,1,1,5)        0.31863932     -20     7    -3.5019043e-05
1294 recr(2)        1.0134784     -20     20    -0.00076208156
1295 recr(3)        1.0715155     -20     20    0.0004569786
1296 recr(4)        1.0089128     -20     20    -0.00056313783
1297 recr(5)        0.99067208     -20     20    -0.00014151517
1298 recr(6)        -1.4975345     -20     20    4.8777938e-05
1299 recr(7)        -1.704157     -20     20    3.1960217e-05
1300 recr(8)        -1.1012194     -20     20    -0.00014297888
1301 recr(9)        2.6700955     -20     20    -0.00047583336
1302 recr(10)        -0.67850321     -20     20    7.9374751e-05
1303 recr(11)        -1.8339516     -20     20    -4.5818336e-05
1304 recr(12)        -1.2986045     -20     20    -9.9945686e-05
1305 recr(13)        2.6761269     -20     20    -9.3926303e-05
1306 recr(14)        0.98106346     -20     20    4.7759346e-05
1307 recr(15)        -1.777243     -20     20    -5.7932677e-05
1308 recr(16)        -1.6187623     -20     20    5.8985992e-05
1309 recr(17)        0.89070006     -20     20    0.00015833315
1310 recr(18)        1.8379643     -20     20    0.00020091643
1311 recr(19)        -1.5692233     -20     20    6.3529424e-05
1312 recr(20)        -0.75982983     -20     20    -8.6275831e-05
1313 recr(21)        0.86489202     -20     20    -6.3825005e-05
1314 recr(22)        1.2849007     -20     20    -5.5015548e-05
1315 recr(23)        -1.5582062     -20     20    4.1416549e-05
1316 recr(24)        0.38250479     -20     20    0.00010210006
1317 recr(25)        0.29824893     -20     20    -0.00013403258
1318 recr(26)        1.5031102     -20     20    -2.7732016e-06
1319 recr(27)        -1.5307157     -20     20    -4.4014449e-05
1320 recr(28)        2.1583076     -20     20    -5.1720615e-05
1321 recr(29)        0.83082162     -20     20    9.7892517e-05
1322 recr(30)        -0.56785533     -20     20    -2.7700153e-05
1323 recr(31)        -2.4315595     -20     20    -7.5820695e-06
1324 recr(32)        -1.5774524     -20     20    -2.1396275e-05
1325 recr(33)        -0.05797101     -20     20    -4.9847805e-05
1326 recr(34)        1.7405891     -20     20    0.00013104803
1327 recr(35)        -2.539253     -20     20    4.4543597e-05
1328 recr(36)        -2.348066     -20     20    3.708563e-05
1329 recr(37)        1.8955309     -20     20    -0.00013870393
1330 recr(38)        -0.87504608     -20     20    -4.8382626e-05
1331 recr(39)        -2.9669832     -20     20    4.9675587e-06
1332 recr(40)        -2.2242471     -20     20    -1.7939363e-05
1333 recr(41)        1.1615257     -20     20    -0.00012149351
1334 recr(42)        1.184951     -20     20    -7.8781243e-05
1335 recr(43)        -2.2380873     -20     20    -1.3777204e-05
1336 recr(44)        -0.3112365     -20     20    6.7499215e-05
1337 recr(45)        1.4325082     -20     20    0.00010891655
1338 recr(46)        -1.6433405     -20     20    -3.5612981e-05
1339 recr(47)        -1.8244002     -20     20    8.6276896e-06
1340 recr(48)        0.26413797     -20     20    -8.5759853e-05
1341 recr(49)        1.6418706     -20     20    -0.00026680957
1342 recr(50)        -2.5972552     -20     20    -4.9856981e-05
1343 recr(51)        0.041371467     -20     20    -8.8685445e-05
1344 recr(52)        -1.4332195     -20     20    -5.134134e-05
1345 recr(53)        1.1612887     -20     20    -0.00036529871
1346 recr(54)        0.14307998     -20     20    -0.00010833211
1347 recr(55)        -0.90317869     -20     20    -7.3058662e-05
1348 recr(56)        0.089928059     -20     20    -8.3328528e-05
1349 recr(57)        -0.12681048     -20     20    5.9893375e-05
1350 recr(58)        1.3465593     -20     20    0.000250306
1351 recr(59)        -0.92387496     -20     20    3.8136575e-05
1352 recr(60)        1.2109203     -20     20    -0.00023925626
1353 recr(61)        1.2796322     -20     20    3.269712e-05
1354 recr(62)        -2.159853     -20     20    -1.3569999e-05
1355 recr(63)        -1.2983274     -20     20    3.8133065e-05
1356 recr(64)        0.3008034     -20     20    3.2229245e-05
1357 recr(65)        0.74415692     -20     20    4.2818237e-05
1358 recr(66)        -2.2277434     -20     20    -1.397709e-05
1359 recr(67)        -0.99427377     -20     20    -2.0826483e-05
1360 recr(68)        0.14419394     -20     20    -3.717809e-05
1361 recr(69)        1.183705     -20     20    9.8924671e-05
1362 recr(70)        0.24060341     -20     20    2.0999557e-05
1363 recr(71)        -0.40694217     -20     20    -5.4841597e-05
1364 recr(72)        0.5494999     -20     20    2.4047427e-05
1365 recr(73)        1.5131939     -20     20    0.00034330024
1366 recr(74)        -1.0672263     -20     20    0.0002404148
1367 recr(75)        0.064024869     -20     20    -0.00011046539
1368 recr(76)        -1.5496368     -20     20    -0.0003469862
1369 recr(77)        -0.037225352     -20     20    6.4655157e-05
1370 recr(78)        -1.0945455     -20     20    5.1782267e-05
1371 recr(79)        -1.6020191     -20     20    -8.9899312e-05
1372 recr(80)        1.1942719     -20     20    -0.00037828638
1373 recr(81)        0.60659146     -20     20    -0.00010595977
1374 recr(82)        -0.85052101     -20     20    -1.4278571e-05
1375 recr(83)        0.653691     -20     20    -0.00025356577
1376 recr(84)        0.38162589     -20     20    0.00021526927
1377 recr(85)        1.0255888     -20     20    0.00017277621
1378 recr(86)        -2.587131     -20     20    2.3418564e-05
1379 recr(87)        0.51845624     -20     20    -3.473845e-06
1380 recr(88)        1.1372668     -20     20    -0.00015482465
1381 recr(89)        0.019132569     -20     20    2.5686167e-05
1382 recr(90)        -2.4883496     -20     20    8.6483848e-05
1383 recr(91)        -0.2478972     -20     20    -0.00035058315
1384 recr(92)        0.30746643     -20     20    -1.4565689e-05
1385 recr(93)        -2.0325998     -20     20    5.8432159e-05
1386 recr(94)        2.0372427     -20     20    -6.1265314e-05
1387 recr(95)        0.90084376     -20     20    -0.0002934061
1388 recr(96)        -1.5338235     -20     20    -3.7350047e-06
1389 recr(97)        -1.3888486     -20     20    -7.2215112e-05
1390 recr(98)        -1.277454     -20     20    -4.4392763e-05
1391 recr(99)        0.035367676     -20     20    -0.00022607543
1392 recr(100)        1.1984847     -20     20    0.00020674409
1393 recr(101)        0.58005996     -20     20    -0.00036031856
1394 recr(102)        -3.1727874     -20     20    -1.2847898e-05
1395 recr(103)        0.22009564     -20     20    5.9405984e-05
1396 recr(104)        1.6797506     -20     20    0.00029646739
1397 recr(105)        -2.1436645     -20     20    6.8347551e-06
1398 recr(106)        -3.9879738     -20     20    -2.7843355e-06
1399 recr(107)        -2.2669793     -20     20    1.4252388e-05
1400 recr(108)        0.56210888     -20     20    0.00028225693
1401 recr(109)        0.21135902     -20     20    3.8511338e-05
1402 recr(110)        -2.706638     -20     20    9.8906449e-06
1403 recr(111)        -0.58142481     -20     20    -0.00019795806
1404 recr(112)        0.59194045     -20     20    9.619597e-05
1405 recr(113)        1.1203574     -20     20    -2.9840025e-05
1406 recr(114)        -0.70242979     -20     20    -1.5235282e-05
1407 recr(115)        -0.82950088     -20     20    -4.8640615e-05
1408 recr(116)        0.58174395     -20     20    -3.9656662e-05
1409 recr(117)        0.69964671     -20     20    0.00014088897
1410 recr(118)        -1.7870752     -20     20    2.6082971e-06
1411 recr(119)        0.24020196     -20     20    4.4988051e-05
1412 recr(120)        1.0241473     -20     20    -4.3842405e-05
1413 recr(121)        1.0062299     -20     20    0.00023563941
1414 recr(122)        0.41373664     -20     20    4.0608323e-05
1415 recr(123)        -1.2112456     -20     20    -0.00014645191
1416 recr(124)        0.90316338     -20     20    5.956174e-05
1417 recr(125)        -0.42174065     -20     20    -8.3171744e-05
1418 recr(126)        0.16266754     -20     20    0.00017509621
1419 recr(127)        -0.24955691     -20     20    -0.00023125531
1420 recr(128)        0.64332786     -20     20    -9.7259136e-05
1421 recr(129)        0.20059597     -20     20    -0.00017420743
1422 recr(130)        -1.0317869     -20     20    -9.1008462e-05
1423 recr(131)        -0.83471925     -20     20    -0.00017644868
1424 recr(132)        0.89210192     -20     20    2.637712e-05
1425 recr(133)        1.2690774     -20     20    -9.4150364e-05
1426 recr(134)        -0.31554842     -20     20    0.00011868333
1427 recr(135)        0.31012928     -20     20    0.00023778956
1428 recr(136)        0.97688673     -20     20    0.00025070214
1429 recr(137)        -0.85133994     -20     20    -0.00012794399
1430 recr(138)        -0.52001164     -20     20    0.00013921276
1431 recr(139)        -1.5702649     -20     20    0.00014823864
1432 recr(140)        1.0735752     -20     20    0.00029796871
1433 recr(141)        0.43634695     -20     20    -0.00019478804
1434 recr(142)        -1.8090957     -20     20    -7.4195704e-05
1435 recr(143)        -0.27233694     -20     20    -0.00025103329
1436 recr(144)        1.1490445     -20     20    -0.00029343058
1437 recr(145)        1.5100764     -20     20    9.081792e-05
1438 recr(146)        -1.0043346     -20     20    -3.3212082e-05
1439 recr(147)        0.31640272     -20     20    0.00030878306
1440 recr(148)        1.2086438     -20     20    4.8005943e-05
1441 recr(149)        -1.1823993     -20     20    -2.5903781e-05
1442 recr(150)        -1.5579135     -20     20    -5.3597324e-05
1443 recr(151)        0.76293258     -20     20    0.00016680567
1444 recr(152)        0.43368077     -20     20    0.00039010431
1445 recr(153)        0.77330668     -20     20    0.00059297307
1446 recr(154)        -0.2203942     -20     20    -0.00056433783
1447 recr(155)        0.21038856     -20     20    4.5725784e-05
1448 recr(156)        1.1058823     -20     20    0.00011458765
1449 recr(157)        -2.3369598     -20     20    -0.00015990536
1450 recr(158)        -1.3671697     -20     20    0.00020163004
1451 recr(159)        -0.22135209     -20     20    0.00013119424
1452 recr(160)        1.1494544     -20     20    -0.00022287122
1453 recr(161)        0.73431431     -20     20    8.5718876e-05
1454 recr(162)        -0.62895995     -20     20    3.6860367e-05
1455 recr(163)        0.87406221     -20     20    0.00038385599
1456 recr(164)        0.97733655     -20     20    -3.1295691e-05
1457 recr(165)        -0.46438955     -20     20    -0.00028034073
1458 recr(166)        -0.90206755     -20     20    -0.00015968978
1459 recr(167)        0.25981195     -20     20    0.00021776079
1460 recr(168)        0.50043821     -20     20    -0.00023181817
1461 recr(169)        0.32164189     -20     20    -4.4157637e-05
1462 recr(170)        -0.071091388     -20     20    -1.4646065e-05
1463 recr(171)        0.53278619     -20     20    0.00038668946
1464 recr(172)        1.308625     -20     20    0.00025889368
1465 recr(173)        1.1383198     -20     20    -0.00018541276
1466 recr(174)        -2.167152     -20     20    -7.954157e-05
1467 recr(175)        -1.2327771     -20     20    -3.9461686e-06
1468 recr(176)        0.36889515     -20     20    -0.00034961529
1469 recr(177)        0.98372471     -20     20    -0.00014663799
1470 recr(178)        0.87266376     -20     20    -8.4853715e-05
1471 recr(179)        0.094318677     -20     20    -3.320592e-05
1472 recr(180)        0.73557509     -20     20    -0.00011283113
1473 recr(181)        0.17216154     -20     20    0.00021766936
1474 recr(182)        -0.80665347     -20     20    -5.0076136e-05
1475 recr(183)        -0.39187551     -20     20    0.00013790398
1476 recr(184)        0.28042773     -20     20    0.00012535462
1477 recr(185)        0.87402002     -20     20    0.00066908546
1478 recr(186)        0.6176638     -20     20    0.00031734566
1479 recr(187)        0.61504724     -20     20    -0.00042611163
1480 recr(188)        0.19035887     -20     20    6.3554467e-05
1481 recr(189)        -0.60278833     -20     20    -0.00010137799
1482 recr(190)        -0.38807469     -20     20    -1.0221998e-05
1483 recr(191)        0.4380722     -20     20    0.00010808567
1484 recr(192)        0.80816416     -20     20    -1.2690787e-05
1485 recr(193)        1.1003056     -20     20    3.315037e-07
1486 recr(194)        0.32083545     -20     20    -1.3698647e-05
1487 recr(195)        0.86969781     -20     20    9.0247106e-05
1488 recr(196)        0.99634727     -20     20    6.2369134e-05
1489 recr(197)        -0.30946577     -20     20    0.00010585517
1490 recr(198)        -0.12447038     -20     20    0.00035862433
1491 recr(199)        0.47660567     -20     20    0.00027815502
1492 recr(200)        0.81228578     -20     20    -0.00060679635
1493 recr(201)        0.45172858     -20     20    -0.00023003848
1494 recr(202)        0.14636771     -20     20    1.8217305e-05
1495 recr(203)        1.1584929     -20     20    0.00018991759
1496 recr(204)        0.37240664     -20     20    6.3408641e-05
1497 recr(205)        -1.4115295     -20     20    6.876907e-05
1498 recr(206)        -0.37207494     -20     20    -8.1680009e-06
1499 recr(207)        -0.45342449     -20     20    -0.00038444761
1500 recr(208)        0.95697278     -20     20    -6.5785714e-05
1501 recr(209)        0.40252413     -20     20    -0.00018175859
1502 recr(210)        1.262958     -20     20    -0.00010619668
1503 recr(211)        0.56379241     -20     20    0.00020547132
1504 recr(212)        0.67098197     -20     20    0.00043008908
1505 recr(213)        -0.88674141     -20     20    0.00034554164
1506 recr(214)        -0.10809428     -20     20    -0.00024785504
1507 recr(215)        -0.24101832     -20     20    -0.00015647807
1508 recr(216)        0.90701425     -20     20    0.0001177426
1509 recr(217)        0.54859526     -20     20    -0.00034567888
1510 recr(218)        0.14915782     -20     20    -0.00017654194
1511 recr(219)        -0.25835447     -20     20    -0.00010337958
1512 recr(220)        0.14803717     -20     20    -0.00017830145
1513 recr(221)        0.41131464     -20     20    0.0003174515
1514 recr(222)        0.29983034     -20     20    -7.3917228e-05
1515 recr(223)        0.79971942     -20     20    0.00027678064
1516 recr(224)        0.37455334     -20     20    -0.00037909737
1517 recr(225)        -0.39285349     -20     20    0.00043666367
1518 recr(226)        -0.045503193     -20     20    0.00033205541
1519 recr(227)        0.15190934     -20     20    3.9280674e-05
1520 recr(228)        0.71439789     -20     20    0.00020456325
1521 recr(229)        0.93402377     -20     20    -0.00042969734
1522 recr(230)        0.46390422     -20     20    -0.00017712736
1523 recr(231)        0.26971723     -20     20    -7.281806e-05
1524 recr(232)        0.34586164     -20     20    -9.045445e-05
1525 recr(233)        -0.16902545     -20     20    0.00067393819
1526 recr(234)        -0.12191669     -20     20    0.0003226188
1527 recr(235)        0.13796763     -20     20    -0.0001201362
1528 recr(236)        0.44679439     -20     20    -0.00011756021
1529 recr(237)        -0.11565273     -20     20    0.00032006182
1530 recr(238)        -0.038884983     -20     20    -0.00063770632
1531 recr(239)        0.42107642     -20     20    -0.00049899122
1532 recr(240)        0.59751497     -20     20    -1.3623382e-05
1533 recr(241)        0.8681364     -20     20    0.00022804884
1534 recr(242)        0.79193929     -20     20    -4.1065298e-05
1535 recr(243)        0.60961881     -20     20    0.00025167973
1536 recr(244)        0.85975411     -20     20    -1.5102426e-05
1537 recr(245)        0.25273886     -20     20    -0.00063383354
1538 recr(246)        0.39364942     -20     20    0.00030926283
1539 recr(247)        0.64978123     -20     20    -0.0001516487
1540 recr(248)        0.82699105     -20     20    0.00019530233
1541 recr(249)        -0.11609724     -20     20    4.4084741e-05
1542 recr(250)        -0.23964791     -20     20    -0.00024386599
1543 recr(251)        -0.13277246     -20     20    -0.00018317879
1544 recr(252)        0.1768267     -20     20    0.00038811879
1545 recr(253)        0.59716038     -20     20    0.0001296861
1546 recr(254)        0.034333143     -20     20    0.00014144289
1547 recr(255)        0.24275029     -20     20    -0.00027680839
1548 recr(256)        0.62366566     -20     20    -5.0429028e-05
1549 recr(257)        0.45617121     -20     20    0.00020880414
1550 recr(258)        -0.018769299     -20     20    0.00015120534
1551 recr(259)        0.46793504     -20     20    -0.00032928564
1552 recr(260)        0.94923146     -20     20    0.00015273749
1553 recr(261)        -0.29716851     -20     20    -0.00015369871
1554 recr(262)        0.37624013     -20     20    0.00032318773
1555 recr(263)        0.46752886     -20     20    5.1435576e-05
1556 recr(264)        0.78046972     -20     20    0.00013457262
1557 recr(265)        0.16908029     -20     20    -7.7241021e-05
1558 recr(266)        -0.23057246     -20     20    0.00020093744
1559 recr(267)        -0.023383032     -20     20    6.0846277e-05
1560 recr(268)        0.377895     -20     20    0.00022885785
1561 recr(269)        0.42504905     -20     20    0.00024704853
1562 recr(270)        -0.74701923     -20     20    0.00018029809
1563 recr(271)        -0.034038482     -20     20    4.8960421e-05
1564 recr(272)        -0.28580312     -20     20    4.8970854e-05
1565 recr(273)        -0.022856405     -20     20    0.00021215999
1566 recr(274)        1.3755064     -20     20    0.00036739394
1567 totpop        17.089677     8     25    -6.0760397e-05
1568 tag_fish_rep(1)        0.12471087     0.001     0.99    -0.00012507445
1569 tag_fish_rep(3)        0.47501328     0.001     0.99    -1.9424952e-05
1570 tag_fish_rep(4)        0.59109243     0.001     0.99    -4.5041295e-05
1571 tag_fish_rep(5)        0.66347743     0.001     0.99    -4.7204913e-06
1572 tag_fish_rep(6)        0.47868153     0.001     0.99    7.6103093e-05
1573 tag_fish_rep(11)        0.62864322     0.001     0.99    -0.00014910659
1574 tag_fish_rep(12)        0.597675     0.001     0.99    -2.692775e-05
1575 tag_fish_rep(13)        0.76003418     0.001     0.99    -3.1118464e-05
1576 tag_fish_rep(17)        0.71395254     0.001     0.99    -0.0001590157
1577 tag_fish_rep(18)        0.83415153     0.001     0.99    2.2622909e-05
1578 tag_fish_rep(19)        0.99     0.001     0.99    6.4453321e-09   *************
1579 tag_fish_rep(24)        0.86098429     0.001     0.99    -6.7444375e-05
1580 tag_fish_rep(25)        0.48719851     0.001     0.99    -0.00025978846
1581 tag_fish_rep(28)        0.70036465     0.001     0.99    0.00019154648
1582 tag_fish_rep(32)        0.12177879     0.001     0.99    -2.0960631e-05
1583 tag_fish_rep(34)        0.98999998     0.001     0.99    2.7548076e-07   *************
1584 tag_fish_rep(35)        0.99     0.001     0.99    9.4851534e-09   *************
1585 region_pars(1)        0.29233106     1e-06     1.5    0.00028614328
1586 region_pars(1)        0.2843044     1e-06     1.5    0.00013348945
1587 region_pars(1)        0.29654058     1e-06     1.5    -0.00042707311
1588 region_pars(1)        0.12683009     1e-06     1.5    2.8234825e-05
1589 sv(21)        0.037390809     1e-06     1000    0.00029471524
1590 vb_coff(1)        23.083063     10     60    9.1373565e-05
1591 vb_coff(2)        149.19097     130     200    0.00039153548
1592 vb_coff(3)        0.11101659     0.01     0.3    0.00070548334
1593 var_coff(1)        6.0269021     1     10    7.435859e-05
1594 var_coff(2)        0.48913967     0.1     3    0.00028839196
