 Index  Var_name   Estimate L_bound  U_bound gradient
1 diff_coffs(1,1)        1.0342831e-09     0     4    1.0031216e-09   *************
2 diff_coffs(1,2)        1.3539718e-09     0     4    3.468161e-08   *************
3 diff_coffs(1,3)        8.0677598e-10     0     4    -1.9118594e-06   *************
4 diff_coffs(1,4)        0.0089601267     0     4    -1.0445439e-06
5 diff_coffs(1,5)        3.1893728e-09     0     4    3.6008704e-07   *************
6 diff_coffs(1,6)        0.038294316     0     4    -5.0858939e-07
7 diff_coffs(1,7)        0.62638073     0     4    5.1166104e-07
8 diff_coffs(1,8)        1.5241184e-09     0     4    -2.6697358e-08   *************
9 diff_coffs(1,9)        0.0036716566     0     4    2.4291235e-06
10 diff_coffs(1,10)        0.001536349     0     4    9.5779831e-09
11 diff_coffs(1,11)        0.022913657     0     4    -2.6143628e-07
12 diff_coffs(1,12)        0.00019096256     0     4    -1.261968e-06   *************
13 diff_coffs(1,13)        0.028867368     0     4    1.068059e-06
14 diff_coffs(1,14)        0.032405172     0     4    1.4446821e-06
15 diff_coffs(1,15)        2.4064528e-11     0     4    1.6424509e-06   *************
16 diff_coffs(1,16)        0.087291175     0     4    -2.5478648e-06
17 diff_coffs(2,1)        0.0056213383     0     4    1.0219781e-06
18 diff_coffs(2,2)        0.017331029     0     4    1.0085335e-06
19 diff_coffs(2,3)        6.8816597e-10     0     4    -4.6492683e-07   *************
20 diff_coffs(2,4)        4.7817506e-10     0     4    5.6729429e-10   *************
21 diff_coffs(2,5)        0.073171701     0     4    -2.4737829e-07
22 diff_coffs(2,6)        9.0481855e-09     0     4    9.8299515e-08   *************
23 diff_coffs(2,7)        0.34067183     0     4    3.0922649e-07
24 diff_coffs(2,8)        2.4907263e-09     0     4    -7.6919124e-09   *************
25 diff_coffs(2,9)        1.1877126e-09     0     4    -4.5159e-08   *************
26 diff_coffs(2,10)        0.0013547481     0     4    5.8270193e-07
27 diff_coffs(2,11)        0.012187251     0     4    2.9808225e-07
28 diff_coffs(2,12)        1.7479203e-09     0     4    3.0541717e-07   *************
29 diff_coffs(2,13)        5.465713e-09     0     4    1.1035789e-07   *************
30 diff_coffs(2,14)        8.1108329e-09     0     4    -2.3430565e-06   *************
31 diff_coffs(2,15)        2.0066837e-11     0     4    -1.5202518e-07   *************
32 diff_coffs(2,16)        3.6274439e-09     0     4    -3.0436102e-08   *************
33 diff_coffs(3,1)        0.02439136     0     4    9.4469275e-07
34 diff_coffs(3,2)        1.1670633e-09     0     4    3.8714158e-08   *************
35 diff_coffs(3,3)        5.8157745e-10     0     4    1.0463686e-07   *************
36 diff_coffs(3,4)        4.2450021e-10     0     4    1.3358084e-09   *************
37 diff_coffs(3,5)        1.4644732e-07     0     4    1.894989e-06   *************
38 diff_coffs(3,6)        0.099284722     0     4    3.2856226e-07
39 diff_coffs(3,7)        0.11894945     0     4    6.7497597e-07
40 diff_coffs(3,8)        3.4314684e-09     0     4    -1.3264608e-09   *************
41 diff_coffs(3,9)        2.052353e-09     0     4    2.2877146e-07   *************
42 diff_coffs(3,10)        1.3438894e-09     0     4    8.3634657e-07   *************
43 diff_coffs(3,11)        0.0090551496     0     4    -4.689184e-07
44 diff_coffs(3,12)        1.4831554e-09     0     4    -3.6300516e-08   *************
45 diff_coffs(3,13)        0.0047177571     0     4    1.2201757e-06
46 diff_coffs(3,14)        2.645582e-09     0     4    1.6564185e-08   *************
47 diff_coffs(3,15)        1.7339907e-11     0     4    9.6396466e-06   *************
48 diff_coffs(3,16)        3.1379312e-08     0     4    -7.1818179e-08   *************
49 diff_coffs(4,1)        4.3815354e-09     0     4    3.4272769e-08   *************
50 diff_coffs(4,2)        7.3789841e-10     0     4    -1.1217337e-08   *************
51 diff_coffs(4,3)        8.071539e-10     0     4    4.1358667e-07   *************
52 diff_coffs(4,4)        5.9964411e-10     0     4    -2.8235646e-09   *************
53 diff_coffs(4,5)        0.11375798     0     4    3.3710955e-06
54 diff_coffs(4,6)        1.6437231e-08     0     4    -2.2187275e-08   *************
55 diff_coffs(4,7)        0.12687932     0     4    -3.9187139e-07
56 diff_coffs(4,8)        2.3948998e-09     0     4    6.1073346e-09   *************
57 diff_coffs(4,9)        0.0032259045     0     4    1.9912755e-07
58 diff_coffs(4,10)        0.03145484     0     4    -2.6587594e-06
59 diff_coffs(4,11)        0.003989833     0     4    7.9676187e-07
60 diff_coffs(4,12)        0.0053638736     0     4    2.7227751e-06
61 diff_coffs(4,13)        0.00089522668     0     4    4.0064914e-07   *************
62 diff_coffs(4,14)        8.1628344e-09     0     4    7.0970074e-08   *************
63 diff_coffs(4,15)        1.6987967e-11     0     4    1.4763471e-06   *************
64 diff_coffs(4,16)        0.058526294     0     4    -4.8067776e-07
65 region_rec_diffs(1,1)        -1.7026542e-08     -3     3    -2.4819865e-08
66 region_rec_diffs(1,2)        0.9142685     -3     3    -3.2948097e-07
67 region_rec_diffs(1,3)        0.93700266     -3     3    8.5196801e-08
68 region_rec_diffs(1,4)        0.92886691     -3     3    2.8855175e-07
69 region_rec_diffs(1,5)        0.93074142     -3     3    -6.0782335e-08
70 region_rec_diffs(1,6)        0.20430197     -3     3    -6.4246839e-08
71 region_rec_diffs(1,7)        0.23350922     -3     3    -2.0808213e-08
72 region_rec_diffs(1,8)        1.2245493     -3     3    3.8231032e-08
73 region_rec_diffs(1,9)        0.70491042     -3     3    -4.2731222e-07
74 region_rec_diffs(1,10)        0.14344844     -3     3    -1.4401689e-07
75 region_rec_diffs(1,11)        0.15967232     -3     3    2.1690072e-07
76 region_rec_diffs(1,12)        0.69611304     -3     3    -9.4370635e-08
77 region_rec_diffs(1,13)        0.88370911     -3     3    -3.8300899e-08
78 region_rec_diffs(1,14)        -0.2442615     -3     3    2.1874548e-07
79 region_rec_diffs(1,15)        -0.53373986     -3     3    -7.3980472e-07
80 region_rec_diffs(1,16)        -0.23274124     -3     3    -2.5370261e-08
81 region_rec_diffs(1,17)        -0.4831488     -3     3    1.582767e-07
82 region_rec_diffs(1,18)        0.29462323     -3     3    -4.8023265e-08
83 region_rec_diffs(1,19)        1.0264684     -3     3    -2.4003118e-08
84 region_rec_diffs(1,20)        0.26009181     -3     3    -6.6517773e-07
85 region_rec_diffs(1,21)        0.035211027     -3     3    1.4028978e-07
86 region_rec_diffs(1,22)        0.75812494     -3     3    -1.5329963e-08
87 region_rec_diffs(1,23)        0.66407395     -3     3    -3.4228889e-07
88 region_rec_diffs(1,24)        1.0553324     -3     3    2.7621062e-07
89 region_rec_diffs(1,25)        0.67317931     -3     3    -6.0369441e-07
90 region_rec_diffs(1,26)        1.1631422     -3     3    -1.0115799e-08
91 region_rec_diffs(1,27)        0.21919912     -3     3    -3.0068224e-07
92 region_rec_diffs(1,28)        1.1329961     -3     3    -7.7522296e-08
93 region_rec_diffs(1,29)        -0.6758882     -3     3    1.2479506e-07
94 region_rec_diffs(1,30)        -0.39473777     -3     3    4.0783578e-07
95 region_rec_diffs(1,31)        -0.25964627     -3     3    6.9082843e-07
96 region_rec_diffs(1,32)        -0.24907026     -3     3    5.9706759e-07
97 region_rec_diffs(1,33)        -0.37699532     -3     3    6.054757e-07
98 region_rec_diffs(1,34)        0.44147932     -3     3    5.9751348e-07
99 region_rec_diffs(1,35)        1.094803     -3     3    1.7247144e-07
100 region_rec_diffs(1,36)        0.20948654     -3     3    -1.61749e-07
101 region_rec_diffs(1,37)        0.83557729     -3     3    1.7240333e-07
102 region_rec_diffs(1,38)        -0.33491842     -3     3    -1.0781634e-06
103 region_rec_diffs(1,39)        0.090572587     -3     3    3.821506e-07
104 region_rec_diffs(1,40)        0.022787688     -3     3    -1.1281271e-07
105 region_rec_diffs(1,41)        0.19943593     -3     3    6.4274423e-07
106 region_rec_diffs(1,42)        0.93276148     -3     3    1.2063042e-07
107 region_rec_diffs(1,43)        0.071897729     -3     3    -1.1460254e-07
108 region_rec_diffs(1,44)        0.11430638     -3     3    -1.3756194e-07
109 region_rec_diffs(1,45)        0.74844411     -3     3    3.5920064e-08
110 region_rec_diffs(1,46)        0.42084103     -3     3    -9.0028277e-09
111 region_rec_diffs(1,47)        0.11415067     -3     3    -2.2856186e-08
112 region_rec_diffs(1,48)        -0.0013240083     -3     3    -2.5122476e-07
113 region_rec_diffs(1,49)        0.56047878     -3     3    -7.6231552e-09
114 region_rec_diffs(1,50)        0.011348771     -3     3    -6.1530221e-07
115 region_rec_diffs(1,51)        0.53719673     -3     3    -4.3356544e-07
116 region_rec_diffs(1,52)        1.0875396     -3     3    3.4036997e-08
117 region_rec_diffs(1,53)        0.44564221     -3     3    5.1042365e-07
118 region_rec_diffs(1,54)        -1.0543829     -3     3    -3.2608141e-07
119 region_rec_diffs(1,55)        0.18068071     -3     3    5.7819468e-07
120 region_rec_diffs(1,56)        -0.58997417     -3     3    -1.0888705e-06
121 region_rec_diffs(1,57)        0.25680432     -3     3    5.6186088e-07
122 region_rec_diffs(1,58)        0.83983594     -3     3    -1.1065564e-07
123 region_rec_diffs(1,59)        -0.51745074     -3     3    1.2759301e-07
124 region_rec_diffs(1,60)        0.73461369     -3     3    -3.0802683e-07
125 region_rec_diffs(1,61)        0.81864186     -3     3    3.4200672e-07
126 region_rec_diffs(1,62)        0.34435391     -3     3    -9.8744809e-08
127 region_rec_diffs(1,63)        0.48888699     -3     3    7.129014e-07
128 region_rec_diffs(1,64)        0.52642126     -3     3    3.2382695e-07
129 region_rec_diffs(1,65)        0.47191521     -3     3    1.5125605e-07
130 region_rec_diffs(1,66)        0.72669315     -3     3    5.8344411e-07
131 region_rec_diffs(1,67)        -0.085440144     -3     3    4.1484898e-07
132 region_rec_diffs(1,68)        0.90587562     -3     3    -1.0949511e-07
133 region_rec_diffs(1,69)        0.84948669     -3     3    8.7680002e-09
134 region_rec_diffs(1,70)        0.046079992     -3     3    -3.9491581e-07
135 region_rec_diffs(1,71)        0.02617629     -3     3    3.1028049e-08
136 region_rec_diffs(1,72)        0.37510248     -3     3    8.2979047e-08
137 region_rec_diffs(1,73)        0.27013999     -3     3    1.488141e-07
138 region_rec_diffs(1,74)        -0.34804197     -3     3    -1.7481754e-06
139 region_rec_diffs(1,75)        -0.63213905     -3     3    5.5576556e-08
140 region_rec_diffs(1,76)        -1.0797264     -3     3    1.3348618e-06
141 region_rec_diffs(1,77)        -1.8252707     -3     3    -7.682489e-08
142 region_rec_diffs(1,78)        0.67715311     -3     3    -1.0842854e-06
143 region_rec_diffs(1,79)        -0.41200216     -3     3    1.8315992e-07
144 region_rec_diffs(1,80)        0.89518887     -3     3    -8.6001987e-07
145 region_rec_diffs(1,81)        0.74270753     -3     3    9.5808976e-07
146 region_rec_diffs(1,82)        0.55537311     -3     3    -1.0550773e-07
147 region_rec_diffs(1,83)        -1.0897314     -3     3    -9.5734811e-07
148 region_rec_diffs(1,84)        -1.1335831     -3     3    -2.2277855e-06
149 region_rec_diffs(1,85)        0.47365942     -3     3    -2.0781528e-08
150 region_rec_diffs(1,86)        -0.079889102     -3     3    4.2173516e-07
151 region_rec_diffs(1,87)        0.55793797     -3     3    2.5639807e-07
152 region_rec_diffs(1,88)        -0.21711315     -3     3    7.9029574e-07
153 region_rec_diffs(1,89)        0.31663671     -3     3    -9.140579e-07
154 region_rec_diffs(1,90)        -0.21618968     -3     3    4.4053151e-07
155 region_rec_diffs(1,91)        -0.51007187     -3     3    6.1056693e-07
156 region_rec_diffs(1,92)        0.12063519     -3     3    6.18591e-08
157 region_rec_diffs(1,93)        -0.28228788     -3     3    5.3625885e-07
158 region_rec_diffs(1,94)        0.98364306     -3     3    4.702577e-08
159 region_rec_diffs(1,95)        -0.79608368     -3     3    2.6048373e-06
160 region_rec_diffs(1,96)        -0.48191543     -3     3    -1.2525626e-07
161 region_rec_diffs(1,97)        -0.085906146     -3     3    9.3768713e-07
162 region_rec_diffs(1,98)        0.94416917     -3     3    1.6735556e-07
163 region_rec_diffs(1,99)        -0.6843859     -3     3    1.0097897e-06
164 region_rec_diffs(1,100)        -0.14683585     -3     3    6.8783919e-07
165 region_rec_diffs(1,101)        0.72055781     -3     3    1.7892933e-07
166 region_rec_diffs(1,102)        0.096200145     -3     3    2.6242865e-07
167 region_rec_diffs(1,103)        0.46373759     -3     3    8.0851839e-07
168 region_rec_diffs(1,104)        0.070240496     -3     3    -9.2372252e-07
169 region_rec_diffs(1,105)        0.86775794     -3     3    -1.2509278e-07
170 region_rec_diffs(1,106)        -0.0066162112     -3     3    1.4942006e-07
171 region_rec_diffs(1,107)        0.80169615     -3     3    -2.460343e-07
172 region_rec_diffs(1,108)        0.62295642     -3     3    -2.9602096e-07
173 region_rec_diffs(1,109)        0.80791981     -3     3    5.7066641e-07
174 region_rec_diffs(1,110)        0.11849614     -3     3    -1.8758203e-07
175 region_rec_diffs(1,111)        -0.70195607     -3     3    -1.4200987e-07
176 region_rec_diffs(1,112)        0.46860382     -3     3    3.8764589e-07
177 region_rec_diffs(1,113)        0.7078563     -3     3    2.3903136e-08
178 region_rec_diffs(1,114)        -0.97918466     -3     3    6.6252262e-07
179 region_rec_diffs(1,115)        -0.54048193     -3     3    -4.1884435e-08
180 region_rec_diffs(1,116)        0.14627207     -3     3    -4.2389288e-07
181 region_rec_diffs(1,117)        0.62303439     -3     3    2.5343285e-07
182 region_rec_diffs(1,118)        -0.32380333     -3     3    4.6065796e-07
183 region_rec_diffs(1,119)        0.50457291     -3     3    7.2992994e-07
184 region_rec_diffs(1,120)        -0.70858875     -3     3    6.9822393e-07
185 region_rec_diffs(1,121)        0.51609955     -3     3    -4.2038958e-07
186 region_rec_diffs(1,122)        0.77279508     -3     3    2.9703465e-07
187 region_rec_diffs(1,123)        -1.4382654     -3     3    -2.5045108e-07
188 region_rec_diffs(1,124)        -0.051331713     -3     3    -1.7934433e-06
189 region_rec_diffs(1,125)        -1.1408643     -3     3    1.1586759e-06
190 region_rec_diffs(1,126)        0.55147166     -3     3    1.1768978e-06
191 region_rec_diffs(1,127)        -0.72152258     -3     3    1.0943294e-07
192 region_rec_diffs(1,128)        0.54625892     -3     3    -6.3316686e-07
193 region_rec_diffs(1,129)        -1.4846879     -3     3    -5.2204558e-08
194 region_rec_diffs(1,130)        -0.16250316     -3     3    6.8000668e-07
195 region_rec_diffs(1,131)        -1.3907765     -3     3    9.3615824e-07
196 region_rec_diffs(1,132)        -0.93176913     -3     3    -5.3390491e-07
197 region_rec_diffs(1,133)        0.93490764     -3     3    1.811172e-07
198 region_rec_diffs(1,134)        0.61331595     -3     3    2.6850068e-07
199 region_rec_diffs(1,135)        -0.51633268     -3     3    -3.8400241e-07
200 region_rec_diffs(1,136)        0.062030603     -3     3    4.4419958e-07
201 region_rec_diffs(1,137)        0.88594392     -3     3    -2.2588039e-08
202 region_rec_diffs(1,138)        -1.7925387     -3     3    -5.0945037e-07
203 region_rec_diffs(1,139)        -1.7595713     -3     3    -7.1255364e-07
204 region_rec_diffs(1,140)        -0.57718885     -3     3    2.3657954e-07
205 region_rec_diffs(1,141)        -0.037389203     -3     3    1.3799389e-08
206 region_rec_diffs(1,142)        0.7110437     -3     3    -1.9206855e-07
207 region_rec_diffs(1,143)        -0.4581214     -3     3    4.0423329e-07
208 region_rec_diffs(1,144)        0.29326697     -3     3    -9.6175391e-07
209 region_rec_diffs(1,145)        0.34862269     -3     3    -7.2426235e-08
210 region_rec_diffs(1,146)        -1.312672     -3     3    1.2660896e-06
211 region_rec_diffs(1,147)        -1.8958033     -3     3    -4.9274562e-08
212 region_rec_diffs(1,148)        0.39169813     -3     3    4.0632867e-07
213 region_rec_diffs(1,149)        -1.1000217     -3     3    2.9443131e-08
214 region_rec_diffs(1,150)        0.64554432     -3     3    4.4419136e-07
215 region_rec_diffs(1,151)        -1.5226665     -3     3    -7.5780289e-07
216 region_rec_diffs(1,152)        -0.51759453     -3     3    1.8844822e-06
217 region_rec_diffs(1,153)        0.91253955     -3     3    -3.6792574e-07
218 region_rec_diffs(1,154)        -1.1739758     -3     3    -2.7336944e-07
219 region_rec_diffs(1,155)        -1.5909728     -3     3    5.3833741e-07
220 region_rec_diffs(1,156)        0.35962099     -3     3    -3.293251e-07
221 region_rec_diffs(1,157)        0.66766377     -3     3    3.5126659e-07
222 region_rec_diffs(1,158)        -1.2496101     -3     3    -4.5414083e-07
223 region_rec_diffs(1,159)        -1.9692176     -3     3    -2.8337183e-07
224 region_rec_diffs(1,160)        -1.2368532     -3     3    -1.8881092e-06
225 region_rec_diffs(1,161)        0.0024275983     -3     3    1.5490604e-07
226 region_rec_diffs(1,162)        -0.47668889     -3     3    5.5124343e-07
227 region_rec_diffs(1,163)        -2.0977064     -3     3    1.8890062e-08
228 region_rec_diffs(1,164)        0.96119353     -3     3    2.3302475e-07
229 region_rec_diffs(1,165)        -0.14488407     -3     3    -2.3870892e-06
230 region_rec_diffs(1,166)        -1.5987824     -3     3    -2.5479427e-07
231 region_rec_diffs(1,167)        -2.999999     -3     3    7.3201639e-09   *************
232 region_rec_diffs(1,168)        -0.92423358     -3     3    -1.3886421e-06
233 region_rec_diffs(1,169)        0.43921872     -3     3    -3.241171e-07
234 region_rec_diffs(1,170)        -1.1985282     -3     3    -9.4098815e-07
235 region_rec_diffs(1,171)        -2.3057015     -3     3    -1.1813437e-06
236 region_rec_diffs(1,172)        0.20874755     -3     3    -3.7877512e-07
237 region_rec_diffs(1,173)        0.4992871     -3     3    1.7563089e-07
238 region_rec_diffs(1,174)        -0.88396741     -3     3    3.6789704e-07
239 region_rec_diffs(1,175)        -1.2807028     -3     3    -1.4809603e-06
240 region_rec_diffs(1,176)        -1.6823698     -3     3    7.1803889e-07
241 region_rec_diffs(1,177)        -2.0342224     -3     3    -1.9791135e-06
242 region_rec_diffs(1,178)        0.48658162     -3     3    -2.4229954e-07
243 region_rec_diffs(1,179)        -2.5286545     -3     3    -7.3487365e-07
244 region_rec_diffs(1,180)        0.18024086     -3     3    -9.0154446e-08
245 region_rec_diffs(1,181)        0.6023643     -3     3    7.3369275e-08
246 region_rec_diffs(1,182)        -1.387837     -3     3    9.0148926e-07
247 region_rec_diffs(1,183)        -2.3982684     -3     3    -1.8483477e-08
248 region_rec_diffs(1,184)        -1.8487883     -3     3    9.7071955e-07
249 region_rec_diffs(1,185)        -0.38473539     -3     3    8.0763618e-07
250 region_rec_diffs(1,186)        0.079883129     -3     3    -2.8041363e-07
251 region_rec_diffs(1,187)        -2.0687126     -3     3    2.0392947e-07
252 region_rec_diffs(1,188)        -0.096292364     -3     3    -1.1084479e-06
253 region_rec_diffs(1,189)        0.99121785     -3     3    -4.1782745e-07
254 region_rec_diffs(1,190)        -1.5581721     -3     3    -9.334189e-07
255 region_rec_diffs(1,191)        -1.9775257     -3     3    -3.8939942e-07
256 region_rec_diffs(1,192)        0.058855094     -3     3    -4.0746713e-07
257 region_rec_diffs(1,193)        0.82054413     -3     3    -2.4714219e-07
258 region_rec_diffs(1,194)        0.27769834     -3     3    6.2126616e-07
259 region_rec_diffs(1,195)        -1.7067626     -3     3    4.6536581e-07
260 region_rec_diffs(1,196)        0.067973223     -3     3    2.4648921e-07
261 region_rec_diffs(1,197)        0.57605092     -3     3    -1.1498398e-07
262 region_rec_diffs(1,198)        -2.1914155     -3     3    -3.7590448e-07
263 region_rec_diffs(1,199)        -2.5478543     -3     3    -1.6627063e-07
264 region_rec_diffs(1,200)        -2.3929015     -3     3    -6.4791811e-07
265 region_rec_diffs(1,201)        -0.52247205     -3     3    -6.1205138e-07
266 region_rec_diffs(1,202)        0.85279614     -3     3    9.2022417e-08
267 region_rec_diffs(1,203)        0.53450354     -3     3    7.3380739e-07
268 region_rec_diffs(1,204)        -0.21946392     -3     3    -1.1250451e-06
269 region_rec_diffs(1,205)        -1.4560004     -3     3    9.6363722e-09
270 region_rec_diffs(1,206)        -2.4254306     -3     3    -3.1656673e-07
271 region_rec_diffs(1,207)        -1.9772869     -3     3    -4.6409292e-07
272 region_rec_diffs(1,208)        -1.2284364     -3     3    2.0504032e-07
273 region_rec_diffs(1,209)        -1.7123933     -3     3    7.0504251e-07
274 region_rec_diffs(1,210)        0.66933338     -3     3    1.7143647e-08
275 region_rec_diffs(1,211)        0.5036493     -3     3    1.1094512e-07
276 region_rec_diffs(1,212)        -2.2485111     -3     3    2.9488871e-07
277 region_rec_diffs(1,213)        -2.2792098     -3     3    3.0132924e-07
278 region_rec_diffs(1,214)        -2.1908666     -3     3    3.5608008e-07
279 region_rec_diffs(1,215)        -1.7504274     -3     3    -6.2714347e-08
280 region_rec_diffs(1,216)        -0.91095984     -3     3    -4.5188591e-07
281 region_rec_diffs(1,217)        0.71134391     -3     3    2.6741329e-07
282 region_rec_diffs(1,218)        -2.2584108     -3     3    -1.7493263e-07
283 region_rec_diffs(1,219)        -2.0074724     -3     3    5.4307078e-07
284 region_rec_diffs(1,220)        -0.52070257     -3     3    -5.0813583e-07
285 region_rec_diffs(1,221)        0.6738383     -3     3    -3.6893708e-08
286 region_rec_diffs(1,222)        -0.9148722     -3     3    -5.0058711e-07
287 region_rec_diffs(1,223)        -0.3147752     -3     3    -2.3390811e-06
288 region_rec_diffs(1,224)        0.3059382     -3     3    5.7126726e-07
289 region_rec_diffs(1,225)        -0.66004829     -3     3    2.0655713e-07
290 region_rec_diffs(1,226)        -2.5975519     -3     3    -6.428516e-08
291 region_rec_diffs(1,227)        -2.4450128     -3     3    -2.0814797e-07
292 region_rec_diffs(1,228)        -2.2327554     -3     3    6.0608738e-07
293 region_rec_diffs(1,229)        0.58154095     -3     3    -1.1128009e-07
294 region_rec_diffs(1,230)        -0.058900888     -3     3    -6.1227759e-07
295 region_rec_diffs(1,231)        -0.19290521     -3     3    8.8260385e-07
296 region_rec_diffs(1,232)        0.486376     -3     3    9.9494515e-08
297 region_rec_diffs(1,233)        -0.37334282     -3     3    -4.6977802e-07
298 region_rec_diffs(1,234)        -2.0732165     -3     3    -2.0234398e-07
299 region_rec_diffs(1,235)        -1.0109728     -3     3    -2.3453423e-07
300 region_rec_diffs(1,236)        -0.22399663     -3     3    2.0732154e-07
301 region_rec_diffs(1,237)        0.62959036     -3     3    -2.1965964e-07
302 region_rec_diffs(1,238)        -0.23310626     -3     3    5.334356e-07
303 region_rec_diffs(1,239)        -2.5400087     -3     3    -1.1417712e-07
304 region_rec_diffs(1,240)        -1.85868     -3     3    2.8244831e-07
305 region_rec_diffs(1,241)        0.75760852     -3     3    -3.5066126e-09
306 region_rec_diffs(1,242)        0.19710127     -3     3    -4.6476354e-07
307 region_rec_diffs(1,243)        -0.26919755     -3     3    1.0622773e-06
308 region_rec_diffs(1,244)        0.56570423     -3     3    1.7202201e-07
309 region_rec_diffs(1,245)        -0.72456435     -3     3    -1.0253515e-06
310 region_rec_diffs(1,246)        -1.6869178     -3     3    1.4652311e-07
311 region_rec_diffs(1,247)        -1.8307235     -3     3    -8.2385358e-07
312 region_rec_diffs(1,248)        0.46826497     -3     3    4.643397e-08
313 region_rec_diffs(1,249)        -0.2781529     -3     3    -5.4863351e-07
314 region_rec_diffs(1,250)        -2.5039332     -3     3    4.47233e-08
315 region_rec_diffs(1,251)        -2.5729333     -3     3    -1.7105975e-08
316 region_rec_diffs(1,252)        -1.966734     -3     3    -1.9590016e-07
317 region_rec_diffs(1,253)        0.78868297     -3     3    -1.9277125e-09
318 region_rec_diffs(1,254)        -1.798522     -3     3    3.5992817e-07
319 region_rec_diffs(1,255)        -2.1768236     -3     3    1.8862798e-07
320 region_rec_diffs(1,256)        -1.1317523     -3     3    1.6918253e-06
321 region_rec_diffs(1,257)        0.75355061     -3     3    -5.2564235e-08
322 region_rec_diffs(1,258)        -1.7640915     -3     3    -4.6779094e-07
323 region_rec_diffs(1,259)        -1.9385658     -3     3    4.5110548e-08
324 region_rec_diffs(1,260)        0.64723656     -3     3    1.5769423e-07
325 region_rec_diffs(1,261)        0.78732103     -3     3    -4.0356752e-08
326 region_rec_diffs(1,262)        -1.8635784     -3     3    1.0705053e-07
327 region_rec_diffs(1,263)        -1.6845237     -3     3    4.7862868e-07
328 region_rec_diffs(1,264)        -0.67017756     -3     3    2.3536265e-06
329 region_rec_diffs(1,265)        0.81549936     -3     3    2.8346799e-07
330 region_rec_diffs(1,266)        -1.5772296     -3     3    -6.0550329e-07
331 region_rec_diffs(1,267)        -2.0887495     -3     3    -1.235248e-07
332 region_rec_diffs(1,268)        -1.6098215     -3     3    6.4493015e-07
333 region_rec_diffs(1,269)        0.73210323     -3     3    7.2331597e-07
334 region_rec_diffs(1,270)        -1.4350544     -3     3    4.383251e-07
335 region_rec_diffs(1,271)        -1.8284624     -3     3    -1.1082454e-06
336 region_rec_diffs(1,272)        -0.89883074     -3     3    -1.1564771e-06
337 region_rec_diffs(1,273)        0.42305361     -3     3    3.2860632e-07
338 region_rec_diffs(1,274)        -1.5794487     -3     3    -3.1194315e-07
339 region_rec_diffs(1,275)        0.14727894     -3     3    9.9221919e-07
340 region_rec_diffs(1,276)        0.91255832     -3     3    -4.1553609e-08
341 region_rec_diffs(1,277)        -0.7022334     -3     3    4.8896011e-07
342 region_rec_diffs(1,278)        -0.64268395     -3     3    1.0017716e-07
343 region_rec_diffs(1,279)        -0.31674157     -3     3    8.0199572e-07
344 region_rec_diffs(2,1)        1.2592511e-08     -3     3    -3.2209666e-08
345 region_rec_diffs(2,2)        -1.0667546     -3     3    2.1653195e-06
346 region_rec_diffs(2,3)        -1.1899821     -3     3    2.6373176e-07
347 region_rec_diffs(2,4)        -0.99690567     -3     3    -1.8498735e-06
348 region_rec_diffs(2,5)        -1.0260238     -3     3    -6.6031861e-07
349 region_rec_diffs(2,6)        0.030051757     -3     3    -2.0234785e-07
350 region_rec_diffs(2,7)        -0.0041305528     -3     3    2.7827206e-08
351 region_rec_diffs(2,8)        -2.1983389     -3     3    1.3843423e-07
352 region_rec_diffs(2,9)        -0.61784397     -3     3    8.7205892e-07
353 region_rec_diffs(2,10)        -0.13180067     -3     3    3.0371424e-07
354 region_rec_diffs(2,11)        -0.18962012     -3     3    1.3264969e-07
355 region_rec_diffs(2,12)        -0.88630373     -3     3    2.2204238e-07
356 region_rec_diffs(2,13)        -1.9166726     -3     3    -1.3286544e-07
357 region_rec_diffs(2,14)        0.12587228     -3     3    -1.1228605e-07
358 region_rec_diffs(2,15)        0.35657202     -3     3    2.3550346e-07
359 region_rec_diffs(2,16)        0.20292679     -3     3    -6.5609837e-08
360 region_rec_diffs(2,17)        0.46934651     -3     3    4.2583737e-07
361 region_rec_diffs(2,18)        -0.020605707     -3     3    -2.0904464e-07
362 region_rec_diffs(2,19)        -0.93164711     -3     3    -1.328108e-07
363 region_rec_diffs(2,20)        -0.0023221584     -3     3    2.2635742e-08
364 region_rec_diffs(2,21)        0.15393884     -3     3    1.9748562e-07
365 region_rec_diffs(2,22)        -0.93924592     -3     3    -5.9406008e-07
366 region_rec_diffs(2,23)        -0.57421543     -3     3    -2.1299227e-07
367 region_rec_diffs(2,24)        -1.6093594     -3     3    1.0413506e-06
368 region_rec_diffs(2,25)        -0.70796329     -3     3    5.5457255e-07
369 region_rec_diffs(2,26)        -2.1845643     -3     3    6.3391621e-07
370 region_rec_diffs(2,27)        -0.17311917     -3     3    -7.1045828e-08
371 region_rec_diffs(2,28)        -1.7186496     -3     3    1.4263981e-06
372 region_rec_diffs(2,29)        -0.62459989     -3     3    9.5865976e-07
373 region_rec_diffs(2,30)        0.27705888     -3     3    1.041984e-07
374 region_rec_diffs(2,31)        0.13823988     -3     3    -2.3467846e-07
375 region_rec_diffs(2,32)        0.055640553     -3     3    -2.3487259e-07
376 region_rec_diffs(2,33)        -0.44001512     -3     3    6.4183406e-07
377 region_rec_diffs(2,34)        -1.4987802     -3     3    8.7264765e-07
378 region_rec_diffs(2,35)        -1.7981762     -3     3    -5.6393889e-07
379 region_rec_diffs(2,36)        -0.18087485     -3     3    -1.8859729e-07
380 region_rec_diffs(2,37)        -1.9227249     -3     3    8.1221644e-07
381 region_rec_diffs(2,38)        -0.62370587     -3     3    -2.5967338e-07
382 region_rec_diffs(2,39)        -0.26591509     -3     3    -5.1884662e-07
383 region_rec_diffs(2,40)        -0.049530322     -3     3    9.4157739e-08
384 region_rec_diffs(2,41)        -0.23833246     -3     3    1.101393e-07
385 region_rec_diffs(2,42)        -1.1558072     -3     3    -6.6792354e-07
386 region_rec_diffs(2,43)        -0.059588358     -3     3    -1.1882091e-07
387 region_rec_diffs(2,44)        -0.1109643     -3     3    5.8505621e-08
388 region_rec_diffs(2,45)        -2.2862359     -3     3    -1.0463947e-06
389 region_rec_diffs(2,46)        -0.57159429     -3     3    -1.0305114e-06
390 region_rec_diffs(2,47)        -0.19676373     -3     3    7.7757958e-08
391 region_rec_diffs(2,48)        -0.4028011     -3     3    3.1452949e-07
392 region_rec_diffs(2,49)        -0.82918439     -3     3    8.3960535e-07
393 region_rec_diffs(2,50)        0.10883285     -3     3    1.9244116e-08
394 region_rec_diffs(2,51)        -0.29514808     -3     3    6.1269058e-07
395 region_rec_diffs(2,52)        -1.2320142     -3     3    -6.3698204e-07
396 region_rec_diffs(2,53)        -1.2106206     -3     3    -2.5327376e-06
397 region_rec_diffs(2,54)        0.10099912     -3     3    -3.7764225e-06
398 region_rec_diffs(2,55)        -0.19677145     -3     3    3.9896066e-07
399 region_rec_diffs(2,56)        -1.5152098     -3     3    -1.1946137e-06
400 region_rec_diffs(2,57)        -0.59503     -3     3    -6.6766662e-07
401 region_rec_diffs(2,58)        -1.1151864     -3     3    -3.0063381e-06
402 region_rec_diffs(2,59)        0.17932452     -3     3    -8.4473824e-08
403 region_rec_diffs(2,60)        -1.2928409     -3     3    2.4118523e-07
404 region_rec_diffs(2,61)        -1.7454815     -3     3    2.4996185e-07
405 region_rec_diffs(2,62)        -0.030868484     -3     3    -1.0681376e-07
406 region_rec_diffs(2,63)        -0.25602208     -3     3    -4.4858127e-07
407 region_rec_diffs(2,64)        -0.364114     -3     3    -3.158557e-07
408 region_rec_diffs(2,65)        -1.4685903     -3     3    -8.9184592e-07
409 region_rec_diffs(2,66)        -0.75545384     -3     3    -7.5901538e-07
410 region_rec_diffs(2,67)        -0.013489101     -3     3    -1.4339096e-07
411 region_rec_diffs(2,68)        -1.062694     -3     3    -3.4371652e-08
412 region_rec_diffs(2,69)        -1.777921     -3     3    -1.376758e-06
413 region_rec_diffs(2,70)        -0.90737306     -3     3    -6.9884416e-07
414 region_rec_diffs(2,71)        -0.024176141     -3     3    -7.4760966e-08
415 region_rec_diffs(2,72)        -0.73874078     -3     3    2.3214422e-07
416 region_rec_diffs(2,73)        -0.027612426     -3     3    1.8148741e-07
417 region_rec_diffs(2,74)        -0.91491265     -3     3    1.1968506e-06
418 region_rec_diffs(2,75)        0.27232263     -3     3    -1.2581562e-09
419 region_rec_diffs(2,76)        0.43979846     -3     3    -1.733029e-07
420 region_rec_diffs(2,77)        0.54570548     -3     3    3.0203554e-07
421 region_rec_diffs(2,78)        -0.18615151     -3     3    1.7240208e-06
422 region_rec_diffs(2,79)        0.28348416     -3     3    -5.6662928e-08
423 region_rec_diffs(2,80)        -1.1227873     -3     3    1.4569368e-06
424 region_rec_diffs(2,81)        -0.31701434     -3     3    -1.3217039e-06
425 region_rec_diffs(2,82)        0.056524009     -3     3    4.958321e-08
426 region_rec_diffs(2,83)        -0.61327124     -3     3    6.0433371e-07
427 region_rec_diffs(2,84)        -0.60839019     -3     3    1.4019874e-07
428 region_rec_diffs(2,85)        -0.21874164     -3     3    -5.0228895e-09
429 region_rec_diffs(2,86)        0.015443277     -3     3    2.5997217e-08
430 region_rec_diffs(2,87)        -0.61242895     -3     3    -6.2255742e-07
431 region_rec_diffs(2,88)        -2.0397723     -3     3    -1.8880402e-07
432 region_rec_diffs(2,89)        0.31767475     -3     3    7.5857859e-07
433 region_rec_diffs(2,90)        0.3878596     -3     3    -1.7173721e-07
434 region_rec_diffs(2,91)        0.25667     -3     3    2.8101396e-07
435 region_rec_diffs(2,92)        0.31714835     -3     3    8.6370683e-08
436 region_rec_diffs(2,93)        0.35808448     -3     3    -1.1590987e-07
437 region_rec_diffs(2,94)        -1.2142857     -3     3    4.5311652e-07
438 region_rec_diffs(2,95)        -0.79736521     -3     3    -5.8189985e-07
439 region_rec_diffs(2,96)        0.24226711     -3     3    5.2429904e-07
440 region_rec_diffs(2,97)        -0.50178032     -3     3    -4.7676467e-07
441 region_rec_diffs(2,98)        -1.0145573     -3     3    -3.8160321e-07
442 region_rec_diffs(2,99)        -1.1494276     -3     3    -3.8911175e-07
443 region_rec_diffs(2,100)        0.53204173     -3     3    -1.201603e-07
444 region_rec_diffs(2,101)        -0.83666142     -3     3    3.0521834e-07
445 region_rec_diffs(2,102)        -0.028909824     -3     3    -1.384575e-07
446 region_rec_diffs(2,103)        -0.22827636     -3     3    -8.8489594e-07
447 region_rec_diffs(2,104)        -0.9439699     -3     3    -3.9524607e-07
448 region_rec_diffs(2,105)        -0.49775034     -3     3    -1.7238769e-08
449 region_rec_diffs(2,106)        0.10714475     -3     3    -4.2226965e-07
450 region_rec_diffs(2,107)        -0.45011577     -3     3    4.4775818e-07
451 region_rec_diffs(2,108)        -0.16867646     -3     3    9.2767362e-08
452 region_rec_diffs(2,109)        -0.70278883     -3     3    -1.7475676e-06
453 region_rec_diffs(2,110)        -0.043148219     -3     3    -1.2076262e-07
454 region_rec_diffs(2,111)        0.69074943     -3     3    -5.7751385e-08
455 region_rec_diffs(2,112)        -0.74134743     -3     3    -3.8874328e-08
456 region_rec_diffs(2,113)        -2.9999997     -3     3    3.4754357e-09   *************
457 region_rec_diffs(2,114)        0.29021519     -3     3    4.459708e-07
458 region_rec_diffs(2,115)        0.18930538     -3     3    6.7187319e-07
459 region_rec_diffs(2,116)        -0.3530816     -3     3    -6.4492657e-07
460 region_rec_diffs(2,117)        -1.450694     -3     3    -1.1810466e-06
461 region_rec_diffs(2,118)        -0.057052895     -3     3    -9.0260793e-07
462 region_rec_diffs(2,119)        -0.36796434     -3     3    -1.4789116e-07
463 region_rec_diffs(2,120)        -0.1761898     -3     3    4.7735075e-07
464 region_rec_diffs(2,121)        -1.7490102     -3     3    -9.9831271e-07
465 region_rec_diffs(2,122)        -0.8340053     -3     3    -1.3090537e-06
466 region_rec_diffs(2,123)        0.51853723     -3     3    -2.1491014e-07
467 region_rec_diffs(2,124)        -2.0009587     -3     3    -1.2009526e-06
468 region_rec_diffs(2,125)        -2.0323306     -3     3    4.9078329e-07
469 region_rec_diffs(2,126)        -0.45327469     -3     3    -2.0090958e-06
470 region_rec_diffs(2,127)        0.63927951     -3     3    -2.3933964e-08
471 region_rec_diffs(2,128)        -0.21696211     -3     3    1.003846e-06
472 region_rec_diffs(2,129)        0.72739442     -3     3    6.3769985e-08
473 region_rec_diffs(2,130)        0.20955458     -3     3    1.2216819e-07
474 region_rec_diffs(2,131)        0.70761903     -3     3    -1.1418015e-07
475 region_rec_diffs(2,132)        -1.7524594     -3     3    1.9195542e-06
476 region_rec_diffs(2,133)        -2.9999998     -3     3    1.274396e-08   *************
477 region_rec_diffs(2,134)        -0.85674629     -3     3    -3.115997e-06
478 region_rec_diffs(2,135)        0.11869341     -3     3    -3.4869308e-07
479 region_rec_diffs(2,136)        0.3481347     -3     3    -6.892115e-07
480 region_rec_diffs(2,137)        -0.60910857     -3     3    3.5325554e-07
481 region_rec_diffs(2,138)        -0.24139931     -3     3    -4.8150634e-07
482 region_rec_diffs(2,139)        0.70646726     -3     3    2.5526515e-07
483 region_rec_diffs(2,140)        -0.2610242     -3     3    -2.1376234e-06
484 region_rec_diffs(2,141)        -0.021700474     -3     3    2.9678262e-07
485 region_rec_diffs(2,142)        -0.47171148     -3     3    4.3317543e-07
486 region_rec_diffs(2,143)        0.21847163     -3     3    -4.9411753e-07
487 region_rec_diffs(2,144)        -1.950915     -3     3    8.6352127e-08
488 region_rec_diffs(2,145)        -0.089701862     -3     3    -2.4915202e-07
489 region_rec_diffs(2,146)        -1.1762585     -3     3    -8.2882228e-08
490 region_rec_diffs(2,147)        -1.2673089     -3     3    -2.1058118e-07
491 region_rec_diffs(2,148)        -0.93359501     -3     3    6.8126201e-07
492 region_rec_diffs(2,149)        0.75262876     -3     3    1.6187705e-08
493 region_rec_diffs(2,150)        -0.8932632     -3     3    -9.7819557e-07
494 region_rec_diffs(2,151)        -1.1251125     -3     3    -1.3756707e-06
495 region_rec_diffs(2,152)        0.78551235     -3     3    -3.9750225e-07
496 region_rec_diffs(2,153)        -1.3160316     -3     3    2.0032367e-06
497 region_rec_diffs(2,154)        -0.59943087     -3     3    1.3179241e-06
498 region_rec_diffs(2,155)        -1.209054     -3     3    -1.406044e-07
499 region_rec_diffs(2,156)        0.40863953     -3     3    1.3056561e-07
500 region_rec_diffs(2,157)        -2.5867949     -3     3    -1.7311636e-08
501 region_rec_diffs(2,158)        0.044335268     -3     3    -6.9973358e-07
502 region_rec_diffs(2,159)        -1.5570957     -3     3    1.2955131e-07
503 region_rec_diffs(2,160)        0.14848607     -3     3    -2.5663198e-07
504 region_rec_diffs(2,161)        -1.2401593     -3     3    1.4778688e-06
505 region_rec_diffs(2,162)        -1.5250035     -3     3    3.2823998e-08
506 region_rec_diffs(2,163)        -0.087083717     -3     3    4.5041185e-08
507 region_rec_diffs(2,164)        -0.89465724     -3     3    1.9042991e-07
508 region_rec_diffs(2,165)        -1.0010108     -3     3    1.5856241e-06
509 region_rec_diffs(2,166)        0.58631842     -3     3    -4.329417e-07
510 region_rec_diffs(2,167)        -0.11840235     -3     3    2.7290993e-07
511 region_rec_diffs(2,168)        -0.39754656     -3     3    3.8244292e-08
512 region_rec_diffs(2,169)        -0.90466927     -3     3    -6.0938067e-07
513 region_rec_diffs(2,170)        0.38538554     -3     3    -5.2036921e-07
514 region_rec_diffs(2,171)        -1.5976444     -3     3    -7.34453e-08
515 region_rec_diffs(2,172)        -1.7313573     -3     3    -8.6690583e-07
516 region_rec_diffs(2,173)        -1.3678837     -3     3    1.230281e-06
517 region_rec_diffs(2,174)        0.018527875     -3     3    3.7429057e-07
518 region_rec_diffs(2,175)        -0.12052985     -3     3    3.7467601e-07
519 region_rec_diffs(2,176)        -0.23672609     -3     3    -4.6081325e-07
520 region_rec_diffs(2,177)        0.56862994     -3     3    -3.6150637e-07
521 region_rec_diffs(2,178)        -0.56523665     -3     3    7.9927081e-07
522 region_rec_diffs(2,179)        -0.64677594     -3     3    -5.7154054e-07
523 region_rec_diffs(2,180)        0.034294384     -3     3    4.490246e-07
524 region_rec_diffs(2,181)        -0.59444677     -3     3    2.2469708e-07
525 region_rec_diffs(2,182)        0.71862007     -3     3    3.4042872e-07
526 region_rec_diffs(2,183)        0.48110068     -3     3    -9.0109148e-07
527 region_rec_diffs(2,184)        -0.12744399     -3     3    2.6740812e-07
528 region_rec_diffs(2,185)        -0.85735875     -3     3    1.4600605e-06
529 region_rec_diffs(2,186)        -0.65386597     -3     3    -1.4726614e-07
530 region_rec_diffs(2,187)        -0.061746759     -3     3    9.6488102e-09
531 region_rec_diffs(2,188)        0.37890643     -3     3    4.4072447e-07
532 region_rec_diffs(2,189)        -0.80303705     -3     3    4.5121328e-07
533 region_rec_diffs(2,190)        0.55755844     -3     3    -2.8995893e-07
534 region_rec_diffs(2,191)        -0.097833353     -3     3    -1.2782499e-06
535 region_rec_diffs(2,192)        -0.38927099     -3     3    3.5894859e-06
536 region_rec_diffs(2,193)        -2.3098616     -3     3    1.961689e-08
537 region_rec_diffs(2,194)        -0.67065686     -3     3    -2.9445799e-07
538 region_rec_diffs(2,195)        -0.57052231     -3     3    -2.705118e-07
539 region_rec_diffs(2,196)        -1.2223811     -3     3    -2.3177214e-06
540 region_rec_diffs(2,197)        -1.3375742     -3     3    -3.4800563e-07
541 region_rec_diffs(2,198)        0.30832898     -3     3    6.3371189e-07
542 region_rec_diffs(2,199)        -0.32894024     -3     3    -9.9874387e-08
543 region_rec_diffs(2,200)        -0.0010929443     -3     3    -2.667251e-07
544 region_rec_diffs(2,201)        0.4505501     -3     3    -6.436582e-07
545 region_rec_diffs(2,202)        -1.525677     -3     3    -1.1346514e-06
546 region_rec_diffs(2,203)        -1.4894735     -3     3    -1.1150846e-06
547 region_rec_diffs(2,204)        -0.58959107     -3     3    1.134928e-06
548 region_rec_diffs(2,205)        -0.88821125     -3     3    4.9494518e-07
549 region_rec_diffs(2,206)        0.43576341     -3     3    -1.0151522e-06
550 region_rec_diffs(2,207)        -0.27454606     -3     3    -1.180698e-06
551 region_rec_diffs(2,208)        0.6678153     -3     3    -3.933786e-07
552 region_rec_diffs(2,209)        -0.015031642     -3     3    3.6231892e-07
553 region_rec_diffs(2,210)        -0.92962703     -3     3    2.7113476e-06
554 region_rec_diffs(2,211)        -1.7645988     -3     3    1.0141877e-06
555 region_rec_diffs(2,212)        -0.32234064     -3     3    9.9600718e-08
556 region_rec_diffs(2,213)        -0.71514852     -3     3    7.8251541e-08
557 region_rec_diffs(2,214)        0.47158258     -3     3    5.2488608e-07
558 region_rec_diffs(2,215)        -0.24511722     -3     3    3.4453518e-06
559 region_rec_diffs(2,216)        0.35761357     -3     3    -4.7094972e-07
560 region_rec_diffs(2,217)        -0.60332293     -3     3    -3.9774655e-07
561 region_rec_diffs(2,218)        0.26604963     -3     3    3.1682177e-07
562 region_rec_diffs(2,219)        0.030327455     -3     3    1.7498854e-07
563 region_rec_diffs(2,220)        -0.029693757     -3     3    -5.6616173e-08
564 region_rec_diffs(2,221)        -0.84259329     -3     3    -4.6232589e-07
565 region_rec_diffs(2,222)        -0.73698655     -3     3    3.3234407e-07
566 region_rec_diffs(2,223)        -0.20008161     -3     3    1.2468001e-06
567 region_rec_diffs(2,224)        -0.69449487     -3     3    -9.2792912e-07
568 region_rec_diffs(2,225)        -0.042900015     -3     3    -5.2413146e-07
569 region_rec_diffs(2,226)        0.4773487     -3     3    -7.6515151e-07
570 region_rec_diffs(2,227)        0.12272766     -3     3    1.8137382e-06
571 region_rec_diffs(2,228)        0.49648687     -3     3    -5.5158392e-09
572 region_rec_diffs(2,229)        -1.2311077     -3     3    -8.7758922e-07
573 region_rec_diffs(2,230)        -1.0137454     -3     3    1.8865291e-07
574 region_rec_diffs(2,231)        -1.106931     -3     3    -3.54162e-07
575 region_rec_diffs(2,232)        -1.6530121     -3     3    -8.3608979e-07
576 region_rec_diffs(2,233)        -0.25998568     -3     3    2.6507219e-07
577 region_rec_diffs(2,234)        -0.36920377     -3     3    -1.2712382e-07
578 region_rec_diffs(2,235)        -0.56985236     -3     3    1.6271105e-07
579 region_rec_diffs(2,236)        -0.19699943     -3     3    2.3353995e-08
580 region_rec_diffs(2,237)        -0.6723887     -3     3    4.764262e-07
581 region_rec_diffs(2,238)        -0.23985069     -3     3    -2.0803541e-07
582 region_rec_diffs(2,239)        -0.010012882     -3     3    1.7148006e-07
583 region_rec_diffs(2,240)        -0.82348054     -3     3    -5.4306026e-08
584 region_rec_diffs(2,241)        -1.3850735     -3     3    -5.7417012e-07
585 region_rec_diffs(2,242)        -0.39987443     -3     3    1.9089359e-07
586 region_rec_diffs(2,243)        -0.26131576     -3     3    -1.7350109e-07
587 region_rec_diffs(2,244)        -0.30205136     -3     3    -3.2050306e-08
588 region_rec_diffs(2,245)        -0.29163718     -3     3    -2.3852969e-07
589 region_rec_diffs(2,246)        -0.33758678     -3     3    -1.1887582e-07
590 region_rec_diffs(2,247)        -0.4610022     -3     3    6.3931641e-10
591 region_rec_diffs(2,248)        -0.9947202     -3     3    -1.1946035e-07
592 region_rec_diffs(2,249)        -0.16029257     -3     3    2.4901801e-07
593 region_rec_diffs(2,250)        0.25680613     -3     3    3.805835e-08
594 region_rec_diffs(2,251)        -0.0043755943     -3     3    1.1085441e-07
595 region_rec_diffs(2,252)        -0.10211169     -3     3    -2.6976501e-08
596 region_rec_diffs(2,253)        -0.79126985     -3     3    -1.2615943e-07
597 region_rec_diffs(2,254)        0.073749276     -3     3    -8.9332016e-08
598 region_rec_diffs(2,255)        0.13665099     -3     3    -1.659555e-08
599 region_rec_diffs(2,256)        -0.13477119     -3     3    2.105529e-09
600 region_rec_diffs(2,257)        -0.7647058     -3     3    1.2215141e-07
601 region_rec_diffs(2,258)        0.054473151     -3     3    -7.6098885e-08
602 region_rec_diffs(2,259)        0.67415493     -3     3    3.3965339e-08
603 region_rec_diffs(2,260)        -0.40464066     -3     3    -2.0643668e-07
604 region_rec_diffs(2,261)        -1.1197214     -3     3    3.327535e-08
605 region_rec_diffs(2,262)        0.3572279     -3     3    -1.8247972e-07
606 region_rec_diffs(2,263)        -0.033526894     -3     3    -2.0295994e-07
607 region_rec_diffs(2,264)        -1.3106242     -3     3    -1.8786229e-06
608 region_rec_diffs(2,265)        -1.0050966     -3     3    5.66748e-07
609 region_rec_diffs(2,266)        0.24116494     -3     3    -4.8903612e-07
610 region_rec_diffs(2,267)        0.21000295     -3     3    -9.8695377e-07
611 region_rec_diffs(2,268)        -0.34594889     -3     3    -1.1297091e-06
612 region_rec_diffs(2,269)        -1.3584587     -3     3    -1.4520219e-06
613 region_rec_diffs(2,270)        -0.08973604     -3     3    -1.62132e-06
614 region_rec_diffs(2,271)        -0.45445895     -3     3    -2.0392968e-06
615 region_rec_diffs(2,272)        0.39001248     -3     3    -2.1729867e-06
616 region_rec_diffs(2,273)        0.35368946     -3     3    -4.1573304e-07
617 region_rec_diffs(2,274)        -1.2419467     -3     3    -9.9421395e-08
618 region_rec_diffs(2,275)        0.41129419     -3     3    -8.8787935e-08
619 region_rec_diffs(2,276)        -0.40371441     -3     3    -1.2136104e-07
620 region_rec_diffs(2,277)        -1.402037     -3     3    -6.9865383e-07
621 region_rec_diffs(2,278)        -0.51835459     -3     3    -2.7686563e-07
622 region_rec_diffs(2,279)        0.39045856     -3     3    -5.7204598e-07
623 region_rec_diffs(3,1)        -2.7718392e-08     -3     3    -1.054695e-08
624 region_rec_diffs(3,2)        -1.721733     -3     3    -1.8651673e-06
625 region_rec_diffs(3,3)        -1.8413563     -3     3    1.969001e-06
626 region_rec_diffs(3,4)        -1.7618009     -3     3    -7.6389178e-07
627 region_rec_diffs(3,5)        -1.7359971     -3     3    7.3864918e-07
628 region_rec_diffs(3,6)        -0.27908735     -3     3    6.4497327e-08
629 region_rec_diffs(3,7)        -0.29418439     -3     3    -5.5110029e-08
630 region_rec_diffs(3,8)        -2.3746325     -3     3    -1.5905266e-07
631 region_rec_diffs(3,9)        -0.54357757     -3     3    -4.9850128e-07
632 region_rec_diffs(3,10)        -0.028348863     -3     3    -3.9510968e-08
633 region_rec_diffs(3,11)        0.038575822     -3     3    -1.2332627e-07
634 region_rec_diffs(3,12)        -0.059924651     -3     3    -3.2135306e-07
635 region_rec_diffs(3,13)        -0.95632172     -3     3    2.923982e-07
636 region_rec_diffs(3,14)        0.11521466     -3     3    -1.2914443e-07
637 region_rec_diffs(3,15)        0.14785135     -3     3    -3.303075e-08
638 region_rec_diffs(3,16)        -0.012241454     -3     3    -5.2647375e-07
639 region_rec_diffs(3,17)        -0.24530405     -3     3    -1.0957136e-07
640 region_rec_diffs(3,18)        -0.93901351     -3     3    -1.2262073e-06
641 region_rec_diffs(3,19)        -0.87820057     -3     3    -3.8669487e-07
642 region_rec_diffs(3,20)        -0.1961859     -3     3    3.9375553e-07
643 region_rec_diffs(3,21)        -0.19466434     -3     3    -2.862112e-07
644 region_rec_diffs(3,22)        -1.2530028     -3     3    -2.9572164e-07
645 region_rec_diffs(3,23)        -0.3516     -3     3    -6.6516847e-07
646 region_rec_diffs(3,24)        -0.96980045     -3     3    -7.5075906e-08
647 region_rec_diffs(3,25)        -0.32351393     -3     3    1.0275154e-06
648 region_rec_diffs(3,26)        -1.6154517     -3     3    1.6764411e-07
649 region_rec_diffs(3,27)        -0.15073656     -3     3    3.2131685e-07
650 region_rec_diffs(3,28)        -1.7021893     -3     3    -4.9200567e-07
651 region_rec_diffs(3,29)        -1.2424214     -3     3    -9.3833796e-09
652 region_rec_diffs(3,30)        -0.39340031     -3     3    2.5515894e-07
653 region_rec_diffs(3,31)        -0.17345589     -3     3    2.1807428e-07
654 region_rec_diffs(3,32)        -0.15478155     -3     3    4.3353772e-07
655 region_rec_diffs(3,33)        -0.38484766     -3     3    -8.8635174e-07
656 region_rec_diffs(3,34)        -1.237737     -3     3    5.2207182e-07
657 region_rec_diffs(3,35)        -1.3266768     -3     3    -5.8154419e-07
658 region_rec_diffs(3,36)        -0.10799401     -3     3    -3.0129506e-07
659 region_rec_diffs(3,37)        -1.5340679     -3     3    7.5694113e-07
660 region_rec_diffs(3,38)        -0.60316492     -3     3    -7.2731821e-07
661 region_rec_diffs(3,39)        -0.085245866     -3     3    -8.9018697e-08
662 region_rec_diffs(3,40)        -0.061774741     -3     3    1.1802281e-07
663 region_rec_diffs(3,41)        -0.73588661     -3     3    1.8373424e-07
664 region_rec_diffs(3,42)        -1.7251451     -3     3    -1.0250663e-07
665 region_rec_diffs(3,43)        -0.12002393     -3     3    1.0844373e-07
666 region_rec_diffs(3,44)        -0.15476175     -3     3    -3.9360543e-08
667 region_rec_diffs(3,45)        -1.8783965     -3     3    -7.9859237e-07
668 region_rec_diffs(3,46)        -0.38907172     -3     3    -3.5758149e-07
669 region_rec_diffs(3,47)        -0.087858165     -3     3    -4.8533874e-07
670 region_rec_diffs(3,48)        -0.16824864     -3     3    5.1095673e-07
671 region_rec_diffs(3,49)        -1.6671628     -3     3    6.3106965e-08
672 region_rec_diffs(3,50)        -0.16458939     -3     3    9.9407545e-07
673 region_rec_diffs(3,51)        -0.31218527     -3     3    -2.4067382e-07
674 region_rec_diffs(3,52)        -1.3531012     -3     3    -8.0297341e-07
675 region_rec_diffs(3,53)        -1.6539882     -3     3    -9.1459927e-07
676 region_rec_diffs(3,54)        -0.29597244     -3     3    -7.8841916e-07
677 region_rec_diffs(3,55)        -0.14580801     -3     3    5.4693595e-08
678 region_rec_diffs(3,56)        -1.0080518     -3     3    6.6948558e-07
679 region_rec_diffs(3,57)        -0.38112354     -3     3    -6.3746952e-07
680 region_rec_diffs(3,58)        -1.4317175     -3     3    1.7911563e-08
681 region_rec_diffs(3,59)        -0.05158026     -3     3    4.9265949e-08
682 region_rec_diffs(3,60)        -1.1345962     -3     3    -1.459482e-07
683 region_rec_diffs(3,61)        -1.9940863     -3     3    2.4593341e-07
684 region_rec_diffs(3,62)        -0.52663867     -3     3    1.0107579e-07
685 region_rec_diffs(3,63)        -0.31668012     -3     3    -2.7382293e-07
686 region_rec_diffs(3,64)        -0.55117668     -3     3    -2.656141e-07
687 region_rec_diffs(3,65)        -1.47905     -3     3    4.4253183e-08
688 region_rec_diffs(3,66)        -0.72083855     -3     3    1.6492656e-08
689 region_rec_diffs(3,67)        -0.12536273     -3     3    2.1485618e-07
690 region_rec_diffs(3,68)        -0.91370261     -3     3    2.3896645e-08
691 region_rec_diffs(3,69)        -1.7475221     -3     3    -2.6784154e-07
692 region_rec_diffs(3,70)        -1.3384283     -3     3    3.4116164e-07
693 region_rec_diffs(3,71)        -0.091458219     -3     3    3.2339178e-08
694 region_rec_diffs(3,72)        -0.59084464     -3     3    7.3753345e-07
695 region_rec_diffs(3,73)        -0.66096477     -3     3    3.2889945e-07
696 region_rec_diffs(3,74)        -1.0962421     -3     3    1.2809862e-07
697 region_rec_diffs(3,75)        0.0028926958     -3     3    1.5876367e-07
698 region_rec_diffs(3,76)        -0.16760984     -3     3    5.2657977e-07
699 region_rec_diffs(3,77)        -0.45818691     -3     3    2.4057671e-07
700 region_rec_diffs(3,78)        -0.75280386     -3     3    1.8832066e-07
701 region_rec_diffs(3,79)        -0.05261205     -3     3    8.013828e-08
702 region_rec_diffs(3,80)        -0.9620936     -3     3    9.7132805e-07
703 region_rec_diffs(3,81)        -1.068035     -3     3    -9.2424626e-07
704 region_rec_diffs(3,82)        -1.35808     -3     3    1.0206299e-06
705 region_rec_diffs(3,83)        1.640559     -3     3    -2.0362535e-07
706 region_rec_diffs(3,84)        0.915978     -3     3    -1.5854775e-06
707 region_rec_diffs(3,85)        -0.28448209     -3     3    2.5122568e-07
708 region_rec_diffs(3,86)        -0.051176225     -3     3    3.5001009e-07
709 region_rec_diffs(3,87)        -0.30902332     -3     3    3.6814352e-07
710 region_rec_diffs(3,88)        -1.3380075     -3     3    -1.4423343e-07
711 region_rec_diffs(3,89)        -0.8387296     -3     3    -3.6791639e-07
712 region_rec_diffs(3,90)        -0.6220277     -3     3    4.5945332e-08
713 region_rec_diffs(3,91)        -0.40611208     -3     3    -2.1743076e-07
714 region_rec_diffs(3,92)        -0.4091702     -3     3    -6.6637357e-07
715 region_rec_diffs(3,93)        -0.1173377     -3     3    5.9629246e-07
716 region_rec_diffs(3,94)        -0.43055246     -3     3    4.4721763e-07
717 region_rec_diffs(3,95)        1.3656063     -3     3    1.6273133e-07
718 region_rec_diffs(3,96)        -0.21078338     -3     3    1.2687125e-07
719 region_rec_diffs(3,97)        -0.19522757     -3     3    3.340211e-08
720 region_rec_diffs(3,98)        -0.26651958     -3     3    -1.6891577e-06
721 region_rec_diffs(3,99)        0.74681882     -3     3    9.6467778e-07
722 region_rec_diffs(3,100)        -0.53132411     -3     3    -3.3046072e-07
723 region_rec_diffs(3,101)        0.065023333     -3     3    -1.6164677e-07
724 region_rec_diffs(3,102)        -0.023203623     -3     3    -1.0000334e-07
725 region_rec_diffs(3,103)        -0.16489393     -3     3    -4.7903031e-07
726 region_rec_diffs(3,104)        0.56953981     -3     3    2.6912248e-07
727 region_rec_diffs(3,105)        -0.54947908     -3     3    4.4135292e-07
728 region_rec_diffs(3,106)        -0.06244971     -3     3    1.7159333e-07
729 region_rec_diffs(3,107)        -0.54783839     -3     3    -4.3565792e-08
730 region_rec_diffs(3,108)        -0.46977716     -3     3    2.7848584e-07
731 region_rec_diffs(3,109)        0.26736099     -3     3    -1.8155017e-07
732 region_rec_diffs(3,110)        0.11816388     -3     3    3.718309e-07
733 region_rec_diffs(3,111)        -0.38165315     -3     3    2.6681918e-07
734 region_rec_diffs(3,112)        0.094658063     -3     3    6.0213802e-08
735 region_rec_diffs(3,113)        0.15691022     -3     3    3.1576972e-06
736 region_rec_diffs(3,114)        -0.39081713     -3     3    7.8367249e-07
737 region_rec_diffs(3,115)        -0.078911905     -3     3    1.5934901e-07
738 region_rec_diffs(3,116)        -0.15506687     -3     3    3.6514936e-07
739 region_rec_diffs(3,117)        0.44306265     -3     3    -3.7532347e-07
740 region_rec_diffs(3,118)        0.28969133     -3     3    1.9428218e-07
741 region_rec_diffs(3,119)        0.0105253     -3     3    -2.2925015e-07
742 region_rec_diffs(3,120)        1.1227954     -3     3    -1.1158108e-06
743 region_rec_diffs(3,121)        0.94264679     -3     3    2.2846882e-07
744 region_rec_diffs(3,122)        -0.27675271     -3     3    5.2605946e-07
745 region_rec_diffs(3,123)        -0.036171709     -3     3    3.5293151e-07
746 region_rec_diffs(3,124)        0.63099954     -3     3    1.1741203e-06
747 region_rec_diffs(3,125)        1.6038234     -3     3    8.6266364e-08
748 region_rec_diffs(3,126)        0.046206142     -3     3    -3.8341355e-07
749 region_rec_diffs(3,127)        -0.062548795     -3     3    3.1651865e-07
750 region_rec_diffs(3,128)        0.51150273     -3     3    7.2011958e-07
751 region_rec_diffs(3,129)        -0.21928754     -3     3    -4.4968673e-07
752 region_rec_diffs(3,130)        -0.2261476     -3     3    9.2472419e-07
753 region_rec_diffs(3,131)        -0.13951926     -3     3    -5.6113011e-08
754 region_rec_diffs(3,132)        1.9011937     -3     3    -6.6481996e-08
755 region_rec_diffs(3,133)        0.77149866     -3     3    1.0169451e-07
756 region_rec_diffs(3,134)        0.5593542     -3     3    1.3086691e-06
757 region_rec_diffs(3,135)        1.1065591     -3     3    8.3387901e-07
758 region_rec_diffs(3,136)        -0.22536408     -3     3    1.3137258e-06
759 region_rec_diffs(3,137)        -0.67013173     -3     3    -2.9355043e-07
760 region_rec_diffs(3,138)        -0.45636613     -3     3    9.5707765e-08
761 region_rec_diffs(3,139)        -0.23394946     -3     3    -9.5784661e-07
762 region_rec_diffs(3,140)        0.37779795     -3     3    1.486843e-06
763 region_rec_diffs(3,141)        0.83143724     -3     3    -1.5131723e-06
764 region_rec_diffs(3,142)        -0.28594883     -3     3    -2.1483877e-07
765 region_rec_diffs(3,143)        -0.04242776     -3     3    9.8276729e-07
766 region_rec_diffs(3,144)        -0.31496889     -3     3    -7.1776003e-07
767 region_rec_diffs(3,145)        0.44253274     -3     3    -1.065049e-06
768 region_rec_diffs(3,146)        1.82486     -3     3    -3.063121e-07
769 region_rec_diffs(3,147)        1.9330506     -3     3    -2.602187e-08
770 region_rec_diffs(3,148)        0.30103977     -3     3    1.5172415e-06
771 region_rec_diffs(3,149)        -0.30583797     -3     3    1.9024413e-07
772 region_rec_diffs(3,150)        -0.88241059     -3     3    -8.8944908e-07
773 region_rec_diffs(3,151)        1.8697231     -3     3    7.6140537e-07
774 region_rec_diffs(3,152)        -0.76358798     -3     3    5.8447237e-08
775 region_rec_diffs(3,153)        0.62210069     -3     3    9.7549712e-08
776 region_rec_diffs(3,154)        1.77239     -3     3    -2.0495181e-07
777 region_rec_diffs(3,155)        1.9535103     -3     3    1.0294087e-08
778 region_rec_diffs(3,156)        -1.4815783     -3     3    -2.7962847e-07
779 region_rec_diffs(3,157)        -1.5007172     -3     3    -4.5116538e-07
780 region_rec_diffs(3,158)        -0.65415259     -3     3    -2.2181026e-07
781 region_rec_diffs(3,159)        1.0754284     -3     3    -2.0266391e-06
782 region_rec_diffs(3,160)        1.2648735     -3     3    8.5415016e-07
783 region_rec_diffs(3,161)        1.4366881     -3     3    5.3878068e-07
784 region_rec_diffs(3,162)        1.5689131     -3     3    1.6750757e-07
785 region_rec_diffs(3,163)        1.456907     -3     3    4.4091795e-07
786 region_rec_diffs(3,164)        -0.18094476     -3     3    -1.0731012e-06
787 region_rec_diffs(3,165)        0.69967833     -3     3    9.1839556e-07
788 region_rec_diffs(3,166)        -0.085986241     -3     3    7.5143891e-07
789 region_rec_diffs(3,167)        0.64807318     -3     3    1.5125032e-07
790 region_rec_diffs(3,168)        1.2157434     -3     3    -1.9755106e-06
791 region_rec_diffs(3,169)        0.89386197     -3     3    -4.8150926e-07
792 region_rec_diffs(3,170)        0.9577385     -3     3    1.1104587e-06
793 region_rec_diffs(3,171)        1.8727898     -3     3    2.5547938e-08
794 region_rec_diffs(3,172)        1.65191     -3     3    9.3638605e-08
795 region_rec_diffs(3,173)        0.11025846     -3     3    8.6571003e-07
796 region_rec_diffs(3,174)        0.10935337     -3     3    -8.1047052e-07
797 region_rec_diffs(3,175)        -0.37147174     -3     3    3.6534436e-07
798 region_rec_diffs(3,176)        -0.76576684     -3     3    -2.300869e-07
799 region_rec_diffs(3,177)        0.26693113     -3     3    -1.1904625e-06
800 region_rec_diffs(3,178)        0.28501659     -3     3    -6.0567559e-07
801 region_rec_diffs(3,179)        -1.7245672     -3     3    -5.8603593e-07
802 region_rec_diffs(3,180)        -0.44361092     -3     3    3.0463566e-07
803 region_rec_diffs(3,181)        -0.90049204     -3     3    -4.3516374e-07
804 region_rec_diffs(3,182)        -0.6972702     -3     3    -3.4801368e-07
805 region_rec_diffs(3,183)        -0.65994678     -3     3    -4.4985122e-08
806 region_rec_diffs(3,184)        1.5646889     -3     3    -4.0598363e-08
807 region_rec_diffs(3,185)        -0.24652216     -3     3    4.3670385e-07
808 region_rec_diffs(3,186)        1.5731095     -3     3    1.4617798e-07
809 region_rec_diffs(3,187)        -1.0130386     -3     3    -4.9837871e-07
810 region_rec_diffs(3,188)        -1.0123136     -3     3    -3.0426156e-07
811 region_rec_diffs(3,189)        -0.47710537     -3     3    1.2185569e-06
812 region_rec_diffs(3,190)        0.50569036     -3     3    5.8655286e-08
813 region_rec_diffs(3,191)        1.7900184     -3     3    6.6144727e-07
814 region_rec_diffs(3,192)        0.044301905     -3     3    -4.792124e-07
815 region_rec_diffs(3,193)        0.89061049     -3     3    5.128782e-07
816 region_rec_diffs(3,194)        1.424288     -3     3    -6.10235e-07
817 region_rec_diffs(3,195)        1.8593365     -3     3    2.1994926e-09
818 region_rec_diffs(3,196)        -1.4559877     -3     3    -6.4010455e-07
819 region_rec_diffs(3,197)        0.20368276     -3     3    -9.3535215e-07
820 region_rec_diffs(3,198)        1.231788     -3     3    -7.7695596e-07
821 region_rec_diffs(3,199)        0.24116898     -3     3    2.9812474e-07
822 region_rec_diffs(3,200)        0.80210663     -3     3    1.0130319e-06
823 region_rec_diffs(3,201)        0.70611046     -3     3    1.6589384e-06
824 region_rec_diffs(3,202)        0.40703152     -3     3    4.9440259e-08
825 region_rec_diffs(3,203)        0.43167336     -3     3    1.9926271e-06
826 region_rec_diffs(3,204)        0.16565708     -3     3    -3.8500008e-07
827 region_rec_diffs(3,205)        1.5130955     -3     3    -6.0213607e-08
828 region_rec_diffs(3,206)        0.37659897     -3     3    1.3085519e-07
829 region_rec_diffs(3,207)        1.6549003     -3     3    -1.1793241e-07
830 region_rec_diffs(3,208)        0.34907602     -3     3    1.31777e-06
831 region_rec_diffs(3,209)        0.89906206     -3     3    8.5220928e-07
832 region_rec_diffs(3,210)        -0.69851172     -3     3    1.22306e-06
833 region_rec_diffs(3,211)        -0.62670107     -3     3    -1.4028531e-06
834 region_rec_diffs(3,212)        -0.70374385     -3     3    9.9155736e-07
835 region_rec_diffs(3,213)        0.2595476     -3     3    2.8056495e-07
836 region_rec_diffs(3,214)        0.16724543     -3     3    -3.8673958e-06
837 region_rec_diffs(3,215)        0.66696056     -3     3    -1.844568e-06
838 region_rec_diffs(3,216)        0.11642765     -3     3    1.8248639e-06
839 region_rec_diffs(3,217)        -1.2568264     -3     3    -2.8738318e-07
840 region_rec_diffs(3,218)        -0.71551387     -3     3    7.2155443e-07
841 region_rec_diffs(3,219)        -0.60730574     -3     3    -2.2314507e-06
842 region_rec_diffs(3,220)        -0.83745642     -3     3    -4.1297387e-07
843 region_rec_diffs(3,221)        -2.6301103     -3     3    -2.0332652e-07
844 region_rec_diffs(3,222)        0.02412331     -3     3    -1.6758566e-06
845 region_rec_diffs(3,223)        0.72513128     -3     3    -2.9868456e-06
846 region_rec_diffs(3,224)        0.4817245     -3     3    -1.3616877e-07
847 region_rec_diffs(3,225)        1.3395684     -3     3    -1.371846e-07
848 region_rec_diffs(3,226)        0.39593006     -3     3    3.9705033e-07
849 region_rec_diffs(3,227)        1.0495492     -3     3    -1.6191616e-06
850 region_rec_diffs(3,228)        0.76093945     -3     3    1.5545711e-06
851 region_rec_diffs(3,229)        -1.6703889     -3     3    1.8706038e-06
852 region_rec_diffs(3,230)        0.11877919     -3     3    6.7536798e-07
853 region_rec_diffs(3,231)        -0.52761545     -3     3    -1.7766484e-06
854 region_rec_diffs(3,232)        -0.39924882     -3     3    1.6007766e-06
855 region_rec_diffs(3,233)        0.16352647     -3     3    2.6314792e-06
856 region_rec_diffs(3,234)        0.31451842     -3     3    2.4163069e-07
857 region_rec_diffs(3,235)        0.012023225     -3     3    1.3119349e-07
858 region_rec_diffs(3,236)        0.46009676     -3     3    2.4369002e-07
859 region_rec_diffs(3,237)        0.56245039     -3     3    6.9517288e-07
860 region_rec_diffs(3,238)        0.40718773     -3     3    -1.1551436e-07
861 region_rec_diffs(3,239)        0.80414055     -3     3    -3.0092626e-08
862 region_rec_diffs(3,240)        0.30930597     -3     3    1.4872334e-08
863 region_rec_diffs(3,241)        0.1354079     -3     3    -7.6653048e-08
864 region_rec_diffs(3,242)        -0.066009118     -3     3    2.2338961e-07
865 region_rec_diffs(3,243)        -0.26318484     -3     3    2.6995023e-07
866 region_rec_diffs(3,244)        -1.5309725     -3     3    -5.4448467e-07
867 region_rec_diffs(3,245)        0.45445348     -3     3    -4.9017307e-07
868 region_rec_diffs(3,246)        1.1351651     -3     3    1.9319342e-07
869 region_rec_diffs(3,247)        -0.16074329     -3     3    -3.7972696e-06
870 region_rec_diffs(3,248)        -0.40237676     -3     3    1.2038031e-06
871 region_rec_diffs(3,249)        0.99139143     -3     3    8.8047358e-07
872 region_rec_diffs(3,250)        0.10112011     -3     3    -1.789759e-06
873 region_rec_diffs(3,251)        -0.29892166     -3     3    4.1464854e-07
874 region_rec_diffs(3,252)        -1.1460287     -3     3    1.7734072e-06
875 region_rec_diffs(3,253)        -0.25491337     -3     3    9.8883915e-07
876 region_rec_diffs(3,254)        0.47084422     -3     3    4.1145962e-07
877 region_rec_diffs(3,255)        -0.11692454     -3     3    1.379961e-06
878 region_rec_diffs(3,256)        -1.5377118     -3     3    -1.3995979e-06
879 region_rec_diffs(3,257)        -2.4286986     -3     3    -3.4213547e-08
880 region_rec_diffs(3,258)        -0.96292022     -3     3    -2.9544805e-07
881 region_rec_diffs(3,259)        -0.23168349     -3     3    1.2370194e-06
882 region_rec_diffs(3,260)        -1.1392759     -3     3    -2.8557206e-06
883 region_rec_diffs(3,261)        0.058379255     -3     3    2.2266941e-06
884 region_rec_diffs(3,262)        -0.3419222     -3     3    1.6468077e-06
885 region_rec_diffs(3,263)        -0.18850276     -3     3    1.7418319e-06
886 region_rec_diffs(3,264)        0.49027141     -3     3    9.66961e-07
887 region_rec_diffs(3,265)        -1.2917057     -3     3    4.1020553e-07
888 region_rec_diffs(3,266)        0.21991564     -3     3    2.6234243e-06
889 region_rec_diffs(3,267)        0.2735705     -3     3    1.7232553e-06
890 region_rec_diffs(3,268)        -1.0652285     -3     3    -1.0122113e-06
891 region_rec_diffs(3,269)        -0.44765437     -3     3    -1.5347533e-06
892 region_rec_diffs(3,270)        -0.66253267     -3     3    -5.4670642e-07
893 region_rec_diffs(3,271)        -0.45853882     -3     3    -3.6980219e-07
894 region_rec_diffs(3,272)        0.6247128     -3     3    7.0887418e-07
895 region_rec_diffs(3,273)        -0.80488961     -3     3    1.3167263e-07
896 region_rec_diffs(3,274)        -0.66755845     -3     3    -8.5626314e-07
897 region_rec_diffs(3,275)        0.03989179     -3     3    -1.3769257e-06
898 region_rec_diffs(3,276)        -1.0675473     -3     3    7.3237612e-07
899 region_rec_diffs(3,277)        0.11096529     -3     3    9.9133754e-08
900 region_rec_diffs(3,278)        0.59115004     -3     3    7.0480435e-07
901 region_rec_diffs(3,279)        -0.13583594     -3     3    5.4690774e-07
902 region_rec_diffs(4,1)        -2.3171918e-08     -3     3    -2.1982818e-08
903 region_rec_diffs(4,2)        -0.80885562     -3     3    7.7567702e-08
904 region_rec_diffs(4,3)        -0.79779705     -3     3    6.56335e-07
905 region_rec_diffs(4,4)        -1.0105208     -3     3    8.790315e-08
906 region_rec_diffs(4,5)        -1.0385719     -3     3    -1.151402e-06
907 region_rec_diffs(4,6)        -0.21622497     -3     3    -7.059446e-08
908 region_rec_diffs(4,7)        -0.20560239     -3     3    -1.7511617e-07
909 region_rec_diffs(4,8)        -2.2813612     -3     3    -3.0298518e-07
910 region_rec_diffs(4,9)        -0.4977434     -3     3    4.7752744e-07
911 region_rec_diffs(4,10)        -0.0076184713     -3     3    1.165729e-07
912 region_rec_diffs(4,11)        0.014397316     -3     3    2.3881343e-07
913 region_rec_diffs(4,12)        -0.33740064     -3     3    -6.8590732e-07
914 region_rec_diffs(4,13)        -1.2373152     -3     3    1.4914104e-06
915 region_rec_diffs(4,14)        -0.10399325     -3     3    1.2096814e-07
916 region_rec_diffs(4,15)        -0.35942462     -3     3    -7.5666976e-10
917 region_rec_diffs(4,16)        -0.13626181     -3     3    3.4762177e-07
918 region_rec_diffs(4,17)        -0.54628064     -3     3    -8.0606192e-07
919 region_rec_diffs(4,18)        -1.6379066     -3     3    2.405354e-07
920 region_rec_diffs(4,19)        -1.3599472     -3     3    1.5783874e-06
921 region_rec_diffs(4,20)        -0.28091645     -3     3    1.5974397e-06
922 region_rec_diffs(4,21)        -0.2187864     -3     3    -2.6186288e-07
923 region_rec_diffs(4,22)        -1.2000457     -3     3    8.1039489e-08
924 region_rec_diffs(4,23)        -0.38297737     -3     3    -5.6357422e-07
925 region_rec_diffs(4,24)        -1.1140627     -3     3    -5.0575291e-07
926 region_rec_diffs(4,25)        -0.29442689     -3     3    6.7211747e-07
927 region_rec_diffs(4,26)        -1.4579099     -3     3    1.1282623e-06
928 region_rec_diffs(4,27)        0.0010862805     -3     3    1.5520235e-07
929 region_rec_diffs(4,28)        -1.2881795     -3     3    7.4023091e-07
930 region_rec_diffs(4,29)        -0.77209973     -3     3    4.8942749e-08
931 region_rec_diffs(4,30)        -0.034886247     -3     3    -8.7993094e-07
932 region_rec_diffs(4,31)        0.066637646     -3     3    -3.2280823e-07
933 region_rec_diffs(4,32)        0.16687093     -3     3    -3.4383145e-07
934 region_rec_diffs(4,33)        0.6620416     -3     3    -6.4432098e-07
935 region_rec_diffs(4,34)        0.043410276     -3     3    -2.5423381e-06
936 region_rec_diffs(4,35)        -1.0691598     -3     3    -8.9133354e-07
937 region_rec_diffs(4,36)        0.0057028395     -3     3    6.5514053e-07
938 region_rec_diffs(4,37)        -0.64055311     -3     3    9.6596402e-07
939 region_rec_diffs(4,38)        0.72825044     -3     3    -1.8346398e-07
940 region_rec_diffs(4,39)        0.19418147     -3     3    1.2707951e-07
941 region_rec_diffs(4,40)        0.053150925     -3     3    1.1463787e-07
942 region_rec_diffs(4,41)        0.20947206     -3     3    -5.8457074e-07
943 region_rec_diffs(4,42)        -0.30126446     -3     3    -2.576534e-07
944 region_rec_diffs(4,43)        0.046986509     -3     3    3.9709447e-08
945 region_rec_diffs(4,44)        0.073665311     -3     3    1.5342629e-07
946 region_rec_diffs(4,45)        -0.20584805     -3     3    4.3031886e-07
947 region_rec_diffs(4,46)        0.14456346     -3     3    7.9082112e-07
948 region_rec_diffs(4,47)        0.13634034     -3     3    8.580848e-08
949 region_rec_diffs(4,48)        0.43105826     -3     3    -3.1994235e-07
950 region_rec_diffs(4,49)        -0.089530852     -3     3    4.0154159e-07
951 region_rec_diffs(4,50)        -0.13688577     -3     3    2.8294796e-07
952 region_rec_diffs(4,51)        -0.33835003     -3     3    6.8581755e-08
953 region_rec_diffs(4,52)        -1.220654     -3     3    -2.9601633e-07
954 region_rec_diffs(4,53)        -0.53548981     -3     3    -2.1667031e-06
955 region_rec_diffs(4,54)        0.48258993     -3     3    -4.4342972e-07
956 region_rec_diffs(4,55)        0.063803168     -3     3    -1.3113608e-06
957 region_rec_diffs(4,56)        -0.73472238     -3     3    -6.6663976e-07
958 region_rec_diffs(4,57)        0.34524955     -3     3    -5.0568178e-07
959 region_rec_diffs(4,58)        -0.14203207     -3     3    9.4566197e-07
960 region_rec_diffs(4,59)        0.14543519     -3     3    9.7254964e-08
961 region_rec_diffs(4,60)        -0.0074252648     -3     3    3.9285213e-07
962 region_rec_diffs(4,61)        -1.1262019     -3     3    9.8473155e-08
963 region_rec_diffs(4,62)        -0.35932122     -3     3    -2.1996383e-07
964 region_rec_diffs(4,63)        -0.30134066     -3     3    -1.4597423e-07
965 region_rec_diffs(4,64)        -0.29842869     -3     3    1.3014327e-07
966 region_rec_diffs(4,65)        0.44780136     -3     3    1.1099079e-06
967 region_rec_diffs(4,66)        -0.13275964     -3     3    -6.8931862e-07
968 region_rec_diffs(4,67)        0.14001278     -3     3    -3.1673384e-07
969 region_rec_diffs(4,68)        -0.39537976     -3     3    4.9344334e-07
970 region_rec_diffs(4,69)        0.22528544     -3     3    5.256013e-07
971 region_rec_diffs(4,70)        0.33927836     -3     3    1.3892519e-06
972 region_rec_diffs(4,71)        0.024630672     -3     3    9.5144096e-08
973 region_rec_diffs(4,72)        -0.089943827     -3     3    3.5779686e-07
974 region_rec_diffs(4,73)        -0.14644182     -3     3    -7.6476522e-07
975 region_rec_diffs(4,74)        -1.4604605     -3     3    -4.2428308e-07
976 region_rec_diffs(4,75)        0.026203043     -3     3    9.651277e-08
977 region_rec_diffs(4,76)        -0.17940975     -3     3    4.63283e-07
978 region_rec_diffs(4,77)        -0.41994888     -3     3    -3.0740088e-08
979 region_rec_diffs(4,78)        -0.74697283     -3     3    1.0112807e-07
980 region_rec_diffs(4,79)        -0.11176922     -3     3    1.7465456e-07
981 region_rec_diffs(4,80)        -0.23555496     -3     3    1.988612e-06
982 region_rec_diffs(4,81)        -1.8172503     -3     3    3.2308861e-08
983 region_rec_diffs(4,82)        -0.77132209     -3     3    3.0168051e-08
984 region_rec_diffs(4,83)        -0.88375736     -3     3    9.8280649e-07
985 region_rec_diffs(4,84)        -0.53366261     -3     3    7.7982049e-07
986 region_rec_diffs(4,85)        -0.40232483     -3     3    1.039107e-06
987 region_rec_diffs(4,86)        0.062542946     -3     3    -4.7510318e-07
988 region_rec_diffs(4,87)        -0.051702611     -3     3    1.6828472e-07
989 region_rec_diffs(4,88)        -0.22775609     -3     3    3.5629268e-07
990 region_rec_diffs(4,89)        -1.3993304     -3     3    4.3941025e-07
991 region_rec_diffs(4,90)        -0.34224375     -3     3    2.081947e-08
992 region_rec_diffs(4,91)        0.16228088     -3     3    -1.2589872e-06
993 region_rec_diffs(4,92)        -0.69419966     -3     3    5.0890156e-08
994 region_rec_diffs(4,93)        -0.38623389     -3     3    -2.8850423e-07
995 region_rec_diffs(4,94)        -0.85872728     -3     3    -1.2692892e-06
996 region_rec_diffs(4,95)        -0.79755283     -3     3    -1.2739021e-06
997 region_rec_diffs(4,96)        0.053229831     -3     3    -1.1707475e-06
998 region_rec_diffs(4,97)        0.52290393     -3     3    -5.1833108e-07
999 region_rec_diffs(4,98)        -1.3398116     -3     3    1.4770475e-06
1000 region_rec_diffs(4,99)        -0.46548203     -3     3    -4.7470461e-08
1001 region_rec_diffs(4,100)        -1.464781     -3     3    -3.4261951e-07
1002 region_rec_diffs(4,101)        -0.94320056     -3     3    7.162419e-07
1003 region_rec_diffs(4,102)        -0.080397002     -3     3    -1.1183927e-07
1004 region_rec_diffs(4,103)        -0.35916175     -3     3    -4.3580968e-09
1005 region_rec_diffs(4,104)        -1.0524857     -3     3    4.1119154e-07
1006 region_rec_diffs(4,105)        -1.1312261     -3     3    7.1826102e-07
1007 region_rec_diffs(4,106)        -0.15287076     -3     3    3.4770037e-07
1008 region_rec_diffs(4,107)        -0.84367206     -3     3    5.681543e-07
1009 region_rec_diffs(4,108)        -0.69757985     -3     3    6.6473859e-07
1010 region_rec_diffs(4,109)        -1.2072878     -3     3    1.6199507e-07
1011 region_rec_diffs(4,110)        -0.15394194     -3     3    2.6030674e-07
1012 region_rec_diffs(4,111)        -0.93777432     -3     3    4.3257557e-07
1013 region_rec_diffs(4,112)        0.052901671     -3     3    -4.8802973e-08
1014 region_rec_diffs(4,113)        0.054734775     -3     3    -1.2476389e-06
1015 region_rec_diffs(4,114)        -0.53156313     -3     3    2.6882736e-07
1016 region_rec_diffs(4,115)        0.10707095     -3     3    -3.1510199e-07
1017 region_rec_diffs(4,116)        0.24877481     -3     3    5.7832444e-07
1018 region_rec_diffs(4,117)        -0.41262141     -3     3    1.80726e-07
1019 region_rec_diffs(4,118)        -0.080436138     -3     3    4.661049e-08
1020 region_rec_diffs(4,119)        -0.4847204     -3     3    8.2738473e-07
1021 region_rec_diffs(4,120)        -1.0542698     -3     3    3.158051e-07
1022 region_rec_diffs(4,121)        -0.3731587     -3     3    7.9405136e-07
1023 region_rec_diffs(4,122)        -0.73962205     -3     3    5.2902728e-07
1024 region_rec_diffs(4,123)        -0.15727261     -3     3    -8.6230577e-09
1025 region_rec_diffs(4,124)        0.47165147     -3     3    2.6082267e-07
1026 region_rec_diffs(4,125)        -0.49436431     -3     3    9.6761595e-07
1027 region_rec_diffs(4,126)        -1.2410477     -3     3    5.0101763e-07
1028 region_rec_diffs(4,127)        -0.98382463     -3     3    8.0874918e-08
1029 region_rec_diffs(4,128)        -1.7471165     -3     3    -1.3242329e-07
1030 region_rec_diffs(4,129)        -1.0124409     -3     3    -1.6392954e-07
1031 region_rec_diffs(4,130)        -1.3783976     -3     3    3.0578487e-07
1032 region_rec_diffs(4,131)        -0.86627626     -3     3    3.8712471e-07
1033 region_rec_diffs(4,132)        -0.9512009     -3     3    -7.0568245e-08
1034 region_rec_diffs(4,133)        -1.0069862     -3     3    -1.3633475e-06
1035 region_rec_diffs(4,134)        -0.67077426     -3     3    -4.5174851e-07
1036 region_rec_diffs(4,135)        -1.1172688     -3     3    1.2801578e-06
1037 region_rec_diffs(4,136)        -0.59543979     -3     3    7.8746551e-07
1038 region_rec_diffs(4,137)        -0.95750588     -3     3    2.2889257e-07
1039 region_rec_diffs(4,138)        -0.70220813     -3     3    5.0353846e-07
1040 region_rec_diffs(4,139)        -0.5022856     -3     3    -5.4346717e-07
1041 region_rec_diffs(4,140)        0.53019187     -3     3    9.3533257e-07
1042 region_rec_diffs(4,141)        -0.27236597     -3     3    1.4627608e-06
1043 region_rec_diffs(4,142)        -0.45194411     -3     3    -4.605934e-08
1044 region_rec_diffs(4,143)        0.13510126     -3     3    1.4978651e-07
1045 region_rec_diffs(4,144)        0.79972315     -3     3    8.2991516e-07
1046 region_rec_diffs(4,145)        -1.2981397     -3     3    -9.6507667e-07
1047 region_rec_diffs(4,146)        -1.1580297     -3     3    -6.6961237e-07
1048 region_rec_diffs(4,147)        -1.4322954     -3     3    4.528804e-07
1049 region_rec_diffs(4,148)        -2.1616471     -3     3    2.7973965e-07
1050 region_rec_diffs(4,149)        -1.0990333     -3     3    9.7486005e-08
1051 region_rec_diffs(4,150)        0.23421156     -3     3    -1.5487325e-07
1052 region_rec_diffs(4,151)        -0.75839293     -3     3    -5.6077927e-07
1053 region_rec_diffs(4,152)        -1.9578304     -3     3    -9.6158368e-08
1054 region_rec_diffs(4,153)        -1.3763977     -3     3    9.7274319e-07
1055 region_rec_diffs(4,154)        -1.329125     -3     3    -4.2173751e-07
1056 region_rec_diffs(4,155)        -1.6693968     -3     3    -8.7030472e-07
1057 region_rec_diffs(4,156)        -1.4178659     -3     3    1.3099034e-06
1058 region_rec_diffs(4,157)        0.60072688     -3     3    -3.2556331e-07
1059 region_rec_diffs(4,158)        0.712113     -3     3    4.789118e-07
1060 region_rec_diffs(4,159)        0.85261942     -3     3    1.1583689e-06
1061 region_rec_diffs(4,160)        -0.6120658     -3     3    7.9701133e-07
1062 region_rec_diffs(4,161)        -0.72070777     -3     3    -1.1470451e-06
1063 region_rec_diffs(4,162)        -0.30750481     -3     3    -4.800784e-07
1064 region_rec_diffs(4,163)        -1.4500305     -3     3    6.5981039e-08
1065 region_rec_diffs(4,164)        -1.6557617     -3     3    -6.728064e-07
1066 region_rec_diffs(4,165)        0.52347415     -3     3    3.157445e-07
1067 region_rec_diffs(4,166)        -0.18480938     -3     3    7.9450891e-07
1068 region_rec_diffs(4,167)        0.60698778     -3     3    -2.960071e-07
1069 region_rec_diffs(4,168)        -1.8382184     -3     3    3.2288553e-07
1070 region_rec_diffs(4,169)        -1.802393     -3     3    -2.8837867e-07
1071 region_rec_diffs(4,170)        -1.0371488     -3     3    1.5914633e-06
1072 region_rec_diffs(4,171)        -0.98642291     -3     3    2.6500196e-07
1073 region_rec_diffs(4,172)        -2.4586843     -3     3    1.1330965e-06
1074 region_rec_diffs(4,173)        -2.4804224     -3     3    3.4395558e-07
1075 region_rec_diffs(4,174)        0.42216269     -3     3    6.8351037e-07
1076 region_rec_diffs(4,175)        0.799812     -3     3    -1.1927845e-07
1077 region_rec_diffs(4,176)        1.0301364     -3     3    3.9433921e-07
1078 region_rec_diffs(4,177)        0.085147787     -3     3    1.7528489e-06
1079 region_rec_diffs(4,178)        0.15232147     -3     3    2.2061245e-07
1080 region_rec_diffs(4,179)        1.2212991     -3     3    2.2288019e-07
1081 region_rec_diffs(4,180)        -0.55533187     -3     3    -8.5445197e-07
1082 region_rec_diffs(4,181)        -0.78655244     -3     3    -9.8692633e-07
1083 region_rec_diffs(4,182)        -0.25670134     -3     3    -1.5650048e-06
1084 region_rec_diffs(4,183)        0.50253178     -3     3    1.3032012e-06
1085 region_rec_diffs(4,184)        -0.37548537     -3     3    -6.6764447e-07
1086 region_rec_diffs(4,185)        0.98432986     -3     3    -5.3918759e-07
1087 region_rec_diffs(4,186)        -1.7173786     -3     3    9.7544972e-07
1088 region_rec_diffs(4,187)        -0.11886115     -3     3    -1.1837365e-07
1089 region_rec_diffs(4,188)        -1.2412664     -3     3    7.8136355e-07
1090 region_rec_diffs(4,189)        -0.91519738     -3     3    2.2515878e-06
1091 region_rec_diffs(4,190)        -0.21268102     -3     3    7.7701702e-07
1092 region_rec_diffs(4,191)        -2.1679667     -3     3    5.8362634e-07
1093 region_rec_diffs(4,192)        0.44555077     -3     3    -1.4659953e-06
1094 region_rec_diffs(4,193)        -1.4855834     -3     3    1.1558478e-06
1095 region_rec_diffs(4,194)        -1.9444739     -3     3    4.8651193e-07
1096 region_rec_diffs(4,195)        -1.7227686     -3     3    7.3638076e-07
1097 region_rec_diffs(4,196)        0.33759933     -3     3    6.9736738e-07
1098 region_rec_diffs(4,197)        0.21819969     -3     3    7.6769268e-07
1099 region_rec_diffs(4,198)        -0.60046667     -3     3    -1.2278856e-07
1100 region_rec_diffs(4,199)        0.36927275     -3     3    2.7253295e-08
1101 region_rec_diffs(4,200)        -0.056670497     -3     3    -9.1389261e-07
1102 region_rec_diffs(4,201)        -0.94719727     -3     3    1.4454848e-06
1103 region_rec_diffs(4,202)        -0.34433356     -3     3    3.4736233e-07
1104 region_rec_diffs(4,203)        0.2470589     -3     3    -1.6253997e-06
1105 region_rec_diffs(4,204)        -0.30586559     -3     3    8.6235379e-07
1106 region_rec_diffs(4,205)        0.23607985     -3     3    1.6000883e-07
1107 region_rec_diffs(4,206)        0.30094163     -3     3    1.5153224e-06
1108 region_rec_diffs(4,207)        -0.38215645     -3     3    1.8897601e-06
1109 region_rec_diffs(4,208)        -0.51142108     -3     3    4.6258484e-07
1110 region_rec_diffs(4,209)        0.5022534     -3     3    -9.2877635e-07
1111 region_rec_diffs(4,210)        0.37670953     -3     3    -7.3864317e-07
1112 region_rec_diffs(4,211)        0.68460422     -3     3    1.2563235e-07
1113 region_rec_diffs(4,212)        -0.024184271     -3     3    -2.618692e-07
1114 region_rec_diffs(4,213)        -0.94882267     -3     3    -1.1711181e-07
1115 region_rec_diffs(4,214)        0.083698813     -3     3    7.9445212e-07
1116 region_rec_diffs(4,215)        0.66686449     -3     3    -1.1605721e-06
1117 region_rec_diffs(4,216)        0.24069569     -3     3    8.6457853e-07
1118 region_rec_diffs(4,217)        0.10428797     -3     3    2.5176171e-07
1119 region_rec_diffs(4,218)        0.15953211     -3     3    4.0612883e-07
1120 region_rec_diffs(4,219)        0.7720463     -3     3    1.9248574e-07
1121 region_rec_diffs(4,220)        0.74713757     -3     3    2.9299127e-07
1122 region_rec_diffs(4,221)        0.43327707     -3     3    2.3826436e-07
1123 region_rec_diffs(4,222)        0.99896137     -3     3    3.2125547e-07
1124 region_rec_diffs(4,223)        0.18560522     -3     3    2.4991395e-06
1125 region_rec_diffs(4,224)        -0.79008409     -3     3    5.5250169e-07
1126 region_rec_diffs(4,225)        -1.3953471     -3     3    -4.944566e-07
1127 region_rec_diffs(4,226)        0.13816053     -3     3    1.5179126e-06
1128 region_rec_diffs(4,227)        0.13405299     -3     3    -1.2859943e-06
1129 region_rec_diffs(4,228)        -0.21696032     -3     3    -2.4495719e-06
1130 region_rec_diffs(4,229)        0.51316274     -3     3    5.2709707e-07
1131 region_rec_diffs(4,230)        0.62148288     -3     3    4.1675284e-07
1132 region_rec_diffs(4,231)        0.94421347     -3     3    -6.2881498e-08
1133 region_rec_diffs(4,232)        -0.38615315     -3     3    2.4695023e-07
1134 region_rec_diffs(4,233)        0.43968293     -3     3    -9.9876617e-07
1135 region_rec_diffs(4,234)        0.88317564     -3     3    -8.495559e-09
1136 region_rec_diffs(4,235)        0.95059892     -3     3    -1.1163407e-08
1137 region_rec_diffs(4,236)        0.40726354     -3     3    -4.4964659e-07
1138 region_rec_diffs(4,237)        -1.567135     -3     3    2.4453193e-07
1139 region_rec_diffs(4,238)        0.155632     -3     3    -4.0121018e-07
1140 region_rec_diffs(4,239)        0.29849587     -3     3    -3.528196e-08
1141 region_rec_diffs(4,240)        0.9629562     -3     3    2.4436375e-07
1142 region_rec_diffs(4,241)        -0.030399358     -3     3    4.9393891e-08
1143 region_rec_diffs(4,242)        0.35263664     -3     3    2.66224e-07
1144 region_rec_diffs(4,243)        0.51120878     -3     3    -2.7267479e-07
1145 region_rec_diffs(4,244)        -0.30918015     -3     3    3.1204067e-07
1146 region_rec_diffs(4,245)        0.0072609242     -3     3    4.5109103e-07
1147 region_rec_diffs(4,246)        0.3002366     -3     3    2.1432941e-07
1148 region_rec_diffs(4,247)        1.0432029     -3     3    6.8089764e-07
1149 region_rec_diffs(4,248)        0.35604566     -3     3    -1.0756487e-07
1150 region_rec_diffs(4,249)        -0.94404502     -3     3    -1.0697263e-06
1151 region_rec_diffs(4,250)        0.48995035     -3     3    6.2910178e-07
1152 region_rec_diffs(4,251)        0.86954937     -3     3    4.0029886e-08
1153 region_rec_diffs(4,252)        1.0321016     -3     3    -5.2112431e-08
1154 region_rec_diffs(4,253)        -0.13313872     -3     3    -2.493919e-07
1155 region_rec_diffs(4,254)        0.60662292     -3     3    -1.8805819e-08
1156 region_rec_diffs(4,255)        0.56313154     -3     3    -1.5666091e-07
1157 region_rec_diffs(4,256)        0.89938383     -3     3    5.8418127e-08
1158 region_rec_diffs(4,257)        0.22502788     -3     3    1.912306e-07
1159 region_rec_diffs(4,258)        0.86632832     -3     3    7.1836579e-08
1160 region_rec_diffs(4,259)        -0.14703024     -3     3    -9.2368262e-07
1161 region_rec_diffs(4,260)        -0.20777297     -3     3    6.8287675e-07
1162 region_rec_diffs(4,261)        -0.12312328     -3     3    -1.2148697e-06
1163 region_rec_diffs(4,262)        0.59495549     -3     3    -1.4321894e-07
1164 region_rec_diffs(4,263)        0.87286945     -3     3    -9.8710095e-08
1165 region_rec_diffs(4,264)        0.60018093     -3     3    -1.5822587e-06
1166 region_rec_diffs(4,265)        -0.65097197     -3     3    2.2955712e-06
1167 region_rec_diffs(4,266)        0.52566783     -3     3    -3.6843514e-07
1168 region_rec_diffs(4,267)        0.60400583     -3     3    2.7964697e-07
1169 region_rec_diffs(4,268)        1.0853176     -3     3    8.7650203e-07
1170 region_rec_diffs(4,269)        0.32812224     -3     3    8.2098788e-07
1171 region_rec_diffs(4,270)        0.90734892     -3     3    1.2505111e-06
1172 region_rec_diffs(4,271)        0.3586784     -3     3    1.1107345e-06
1173 region_rec_diffs(4,272)        -0.4846502     -3     3    2.1109116e-06
1174 region_rec_diffs(4,273)        -1.1421976     -3     3    3.9156475e-07
1175 region_rec_diffs(4,274)        1.270056     -3     3    2.2944237e-07
1176 region_rec_diffs(4,275)        -1.3076098     -3     3    -1.3906887e-07
1177 region_rec_diffs(4,276)        -1.5326021     -3     3    1.8963089e-07
1178 region_rec_diffs(4,277)        1.0186871     -3     3    4.8045593e-08
1179 region_rec_diffs(4,278)        0.62425849     -3     3    -1.3219476e-07
1180 region_rec_diffs(4,279)        -0.34289534     -3     3    7.6507766e-07
1181 region_rec_diffs(5,1)        -2.4815638e-08     -3     3    -8.7489505e-09
1182 region_rec_diffs(5,2)        0.43933144     -3     3    -2.6723456e-07
1183 region_rec_diffs(5,3)        0.43849754     -3     3    -1.4514835e-06
1184 region_rec_diffs(5,4)        0.44678373     -3     3    1.3687652e-07
1185 region_rec_diffs(5,5)        0.4769189     -3     3    1.5883738e-06
1186 region_rec_diffs(5,6)        0.021105458     -3     3    3.8405922e-09
1187 region_rec_diffs(5,7)        0.038467288     -3     3    1.5887809e-07
1188 region_rec_diffs(5,8)        -0.14004717     -3     3    -1.2472179e-07
1189 region_rec_diffs(5,9)        0.26411623     -3     3    1.4348006e-07
1190 region_rec_diffs(5,10)        0.0721513     -3     3    -3.062546e-07
1191 region_rec_diffs(5,11)        0.066569083     -3     3    -2.5459831e-08
1192 region_rec_diffs(5,12)        0.11838014     -3     3    -2.9999135e-07
1193 region_rec_diffs(5,13)        0.96208752     -3     3    -1.3466227e-07
1194 region_rec_diffs(5,14)        0.19927187     -3     3    1.5226508e-07
1195 region_rec_diffs(5,15)        0.14137141     -3     3    2.1454061e-07
1196 region_rec_diffs(5,16)        0.084393602     -3     3    3.1026881e-07
1197 region_rec_diffs(5,17)        0.1654723     -3     3    -8.9109329e-08
1198 region_rec_diffs(5,18)        1.0199982     -3     3    5.2070011e-07
1199 region_rec_diffs(5,19)        -0.2983169     -3     3    -6.0076391e-07
1200 region_rec_diffs(5,20)        -0.0082472015     -3     3    -5.5196302e-08
1201 region_rec_diffs(5,21)        -0.017629751     -3     3    6.5173946e-08
1202 region_rec_diffs(5,22)        0.94077661     -3     3    6.7292169e-07
1203 region_rec_diffs(5,23)        0.099727051     -3     3    7.1841444e-07
1204 region_rec_diffs(5,24)        0.097440695     -3     3    -1.2574604e-06
1205 region_rec_diffs(5,25)        0.12679507     -3     3    -5.7188373e-07
1206 region_rec_diffs(5,26)        -0.044299868     -3     3    -5.1963526e-07
1207 region_rec_diffs(5,27)        0.058625523     -3     3    1.4216727e-07
1208 region_rec_diffs(5,28)        -0.11072732     -3     3    -1.7478794e-07
1209 region_rec_diffs(5,29)        1.792136     -3     3    -4.1976936e-07
1210 region_rec_diffs(5,30)        0.19539132     -3     3    3.497274e-07
1211 region_rec_diffs(5,31)        0.11005248     -3     3    -1.0972348e-07
1212 region_rec_diffs(5,32)        0.12246844     -3     3    1.0593271e-07
1213 region_rec_diffs(5,33)        0.22235464     -3     3    7.1180439e-07
1214 region_rec_diffs(5,34)        1.1255433     -3     3    6.5243133e-07
1215 region_rec_diffs(5,35)        -0.00016002874     -3     3    9.2769147e-08
1216 region_rec_diffs(5,36)        0.060350552     -3     3    3.0194447e-08
1217 region_rec_diffs(5,37)        0.93901737     -3     3    -7.3744925e-07
1218 region_rec_diffs(5,38)        0.33526542     -3     3    2.2947468e-06
1219 region_rec_diffs(5,39)        0.14982079     -3     3    -1.9475359e-07
1220 region_rec_diffs(5,40)        0.0481168     -3     3    8.5202742e-08
1221 region_rec_diffs(5,41)        0.18458453     -3     3    -6.0491377e-07
1222 region_rec_diffs(5,42)        -0.20616864     -3     3    1.0764418e-07
1223 region_rec_diffs(5,43)        0.017560545     -3     3    6.1849802e-08
1224 region_rec_diffs(5,44)        0.025864438     -3     3    8.341736e-08
1225 region_rec_diffs(5,45)        0.95385358     -3     3    -2.6344547e-07
1226 region_rec_diffs(5,46)        0.12426937     -3     3    -5.9577554e-09
1227 region_rec_diffs(5,47)        0.054404638     -3     3    5.1551139e-08
1228 region_rec_diffs(5,48)        0.07043246     -3     3    3.5424824e-07
1229 region_rec_diffs(5,49)        0.74624431     -3     3    -8.8618801e-07
1230 region_rec_diffs(5,50)        0.041193862     -3     3    1.6949526e-07
1231 region_rec_diffs(5,51)        -0.027420692     -3     3    1.6771333e-07
1232 region_rec_diffs(5,52)        -0.32981043     -3     3    4.9901032e-07
1233 region_rec_diffs(5,53)        1.3814285     -3     3    1.0155082e-06
1234 region_rec_diffs(5,54)        0.19386412     -3     3    5.5071658e-08
1235 region_rec_diffs(5,55)        0.095559818     -3     3    -5.7847769e-07
1236 region_rec_diffs(5,56)        1.9978713     -3     3    6.9519737e-07
1237 region_rec_diffs(5,57)        0.17047655     -3     3    1.3001351e-06
1238 region_rec_diffs(5,58)        0.0084857046     -3     3    1.943921e-06
1239 region_rec_diffs(5,59)        0.082786869     -3     3    -1.7913911e-08
1240 region_rec_diffs(5,60)        0.37751575     -3     3    2.0896463e-07
1241 region_rec_diffs(5,61)        1.1675548     -3     3    -5.7758069e-07
1242 region_rec_diffs(5,62)        0.17819226     -3     3    -1.5391405e-06
1243 region_rec_diffs(5,63)        0.027998534     -3     3    -1.0382699e-07
1244 region_rec_diffs(5,64)        0.28282425     -3     3    -4.2702208e-07
1245 region_rec_diffs(5,65)        0.5050051     -3     3    -2.6413978e-06
1246 region_rec_diffs(5,66)        -0.14170081     -3     3    -8.3392795e-07
1247 region_rec_diffs(5,67)        0.045418649     -3     3    -8.1014433e-08
1248 region_rec_diffs(5,68)        -0.23272362     -3     3    -2.9445478e-07
1249 region_rec_diffs(5,69)        -0.42478126     -3     3    -1.5031793e-06
1250 region_rec_diffs(5,70)        1.0958932     -3     3    -8.2386797e-07
1251 region_rec_diffs(5,71)        0.054257181     -3     3    8.1814527e-08
1252 region_rec_diffs(5,72)        0.885492     -3     3    -9.0629951e-07
1253 region_rec_diffs(5,73)        0.0025553677     -3     3    1.9125755e-07
1254 region_rec_diffs(5,74)        1.9325438     -3     3    7.8260768e-07
1255 region_rec_diffs(5,75)        0.095029571     -3     3    -2.4425944e-07
1256 region_rec_diffs(5,76)        0.35593914     -3     3    1.7774249e-07
1257 region_rec_diffs(5,77)        0.69611741     -3     3    -9.9940925e-07
1258 region_rec_diffs(5,78)        -0.18466459     -3     3    2.761951e-07
1259 region_rec_diffs(5,79)        0.065888825     -3     3    -2.3144479e-07
1260 region_rec_diffs(5,80)        -0.41282197     -3     3    5.1289744e-07
1261 region_rec_diffs(5,81)        0.52766476     -3     3    -9.3833224e-07
1262 region_rec_diffs(5,82)        -0.090309677     -3     3    6.4015003e-08
1263 region_rec_diffs(5,83)        0.13465869     -3     3    7.3739067e-07
1264 region_rec_diffs(5,84)        1.3676782     -3     3    1.6690025e-06
1265 region_rec_diffs(5,85)        0.080859351     -3     3    -6.6710891e-07
1266 region_rec_diffs(5,86)        0.056758124     -3     3    -6.4099409e-07
1267 region_rec_diffs(5,87)        0.029193172     -3     3    -1.0951269e-06
1268 region_rec_diffs(5,88)        1.8404008     -3     3    -4.9072853e-07
1269 region_rec_diffs(5,89)        0.11413738     -3     3    -3.2711137e-07
1270 region_rec_diffs(5,90)        0.069504406     -3     3    -2.026724e-07
1271 region_rec_diffs(5,91)        0.0017870502     -3     3    8.8596547e-07
1272 region_rec_diffs(5,92)        -0.10472812     -3     3    -1.5100448e-07
1273 region_rec_diffs(5,93)        0.033067805     -3     3    -5.7854332e-08
1274 region_rec_diffs(5,94)        -0.42169186     -3     3    -6.4433712e-07
1275 region_rec_diffs(5,95)        0.93968617     -3     3    -1.3110512e-07
1276 region_rec_diffs(5,96)        0.14793965     -3     3    2.0715106e-07
1277 region_rec_diffs(5,97)        0.17888941     -3     3    6.6665649e-07
1278 region_rec_diffs(5,98)        0.05742387     -3     3    -1.5098651e-07
1279 region_rec_diffs(5,99)        1.5340635     -3     3    6.1030464e-08
1280 region_rec_diffs(5,100)        0.18409602     -3     3    -1.1343014e-06
1281 region_rec_diffs(5,101)        0.39779304     -3     3    -1.353013e-06
1282 region_rec_diffs(5,102)        0.039876629     -3     3    -4.9280144e-08
1283 region_rec_diffs(5,103)        0.023287472     -3     3    -8.0929729e-07
1284 region_rec_diffs(5,104)        1.3277221     -3     3    7.4634148e-07
1285 region_rec_diffs(5,105)        -0.29395506     -3     3    -1.5372724e-07
1286 region_rec_diffs(5,106)        0.025734746     -3     3    -4.6386797e-08
1287 region_rec_diffs(5,107)        -0.22809114     -3     3    1.2023205e-07
1288 region_rec_diffs(5,108)        -0.18474284     -3     3    1.5633998e-07
1289 region_rec_diffs(5,109)        -0.42329826     -3     3    -7.3177692e-07
1290 region_rec_diffs(5,110)        0.0079136454     -3     3    -4.092776e-07
1291 region_rec_diffs(5,111)        -0.44814618     -3     3    -2.5265539e-07
1292 region_rec_diffs(5,112)        -0.0011950295     -3     3    -3.7036472e-07
1293 region_rec_diffs(5,113)        0.28342577     -3     3    -8.4221927e-07
1294 region_rec_diffs(5,114)        1.092184     -3     3    -1.2789267e-06
1295 region_rec_diffs(5,115)        0.20062273     -3     3    4.292881e-08
1296 region_rec_diffs(5,116)        0.11710334     -3     3    6.4936233e-07
1297 region_rec_diffs(5,117)        0.4501332     -3     3    4.0383118e-07
1298 region_rec_diffs(5,118)        0.58600639     -3     3    2.0714159e-07
1299 region_rec_diffs(5,119)        0.21262096     -3     3    1.9436647e-07
1300 region_rec_diffs(5,120)        0.79642256     -3     3    1.0426145e-06
1301 region_rec_diffs(5,121)        0.0050137181     -3     3    5.4127817e-07
1302 region_rec_diffs(5,122)        0.33623806     -3     3    -5.1370093e-07
1303 region_rec_diffs(5,123)        0.053472321     -3     3    1.210137e-06
1304 region_rec_diffs(5,124)        0.60135056     -3     3    6.6170159e-09
1305 region_rec_diffs(5,125)        0.90508745     -3     3    -3.8827803e-07
1306 region_rec_diffs(5,126)        0.69765395     -3     3    -8.719324e-07
1307 region_rec_diffs(5,127)        -0.25175171     -3     3    -4.7769353e-08
1308 region_rec_diffs(5,128)        -0.54108513     -3     3    -1.0992749e-06
1309 region_rec_diffs(5,129)        0.063886974     -3     3    3.3000009e-08
1310 region_rec_diffs(5,130)        0.99873858     -3     3    -1.1886737e-06
1311 region_rec_diffs(5,131)        -0.073592549     -3     3    3.9598372e-07
1312 region_rec_diffs(5,132)        -0.47830588     -3     3    1.7484685e-07
1313 region_rec_diffs(5,133)        -0.79790238     -3     3    -1.2425513e-06
1314 region_rec_diffs(5,134)        0.079946568     -3     3    -1.5798315e-07
1315 region_rec_diffs(5,135)        -0.027402086     -3     3    -1.1515076e-06
1316 region_rec_diffs(5,136)        -0.4553884     -3     3    -4.6785616e-07
1317 region_rec_diffs(5,137)        -0.24184366     -3     3    -3.37385e-07
1318 region_rec_diffs(5,138)        1.7876696     -3     3    3.167372e-07
1319 region_rec_diffs(5,139)        -0.24422448     -3     3    -1.8769619e-07
1320 region_rec_diffs(5,140)        -0.22105703     -3     3    -2.3172529e-07
1321 region_rec_diffs(5,141)        -1.4741321     -3     3    8.7847472e-07
1322 region_rec_diffs(5,142)        -0.4058549     -3     3    2.5415505e-07
1323 region_rec_diffs(5,143)        -0.19676531     -3     3    4.0641545e-07
1324 region_rec_diffs(5,144)        -0.72175081     -3     3    4.6649989e-07
1325 region_rec_diffs(5,145)        0.25466655     -3     3    2.9622941e-06
1326 region_rec_diffs(5,146)        0.20514271     -3     3    1.1863565e-06
1327 region_rec_diffs(5,147)        0.021299212     -3     3    -2.4475914e-07
1328 region_rec_diffs(5,148)        1.3088885     -3     3    -1.3823256e-06
1329 region_rec_diffs(5,149)        -0.3319318     -3     3    -2.2572628e-07
1330 region_rec_diffs(5,150)        -0.40389267     -3     3    -2.6301409e-07
1331 region_rec_diffs(5,151)        -0.51964088     -3     3    -6.3834688e-07
1332 region_rec_diffs(5,152)        -0.64220039     -3     3    -2.4245751e-07
1333 region_rec_diffs(5,153)        -0.97682928     -3     3    -4.2175877e-07
1334 region_rec_diffs(5,154)        -0.32502631     -3     3    -2.5274962e-07
1335 region_rec_diffs(5,155)        -0.24893491     -3     3    -5.5807372e-08
1336 region_rec_diffs(5,156)        -0.29046903     -3     3    -4.8716222e-07
1337 region_rec_diffs(5,157)        -0.43182868     -3     3    -5.2289408e-07
1338 region_rec_diffs(5,158)        -0.17460819     -3     3    -4.0878082e-08
1339 region_rec_diffs(5,159)        -0.29772115     -3     3    -2.142306e-07
1340 region_rec_diffs(5,160)        -0.57902694     -3     3    -1.3579714e-06
1341 region_rec_diffs(5,161)        0.096391192     -3     3    -2.1736092e-06
1342 region_rec_diffs(5,162)        0.14983399     -3     3    -8.1775605e-07
1343 region_rec_diffs(5,163)        0.62819546     -3     3    -1.6530592e-06
1344 region_rec_diffs(5,164)        -0.11886238     -3     3    -9.0178366e-07
1345 region_rec_diffs(5,165)        -0.1802849     -3     3    5.542636e-07
1346 region_rec_diffs(5,166)        -0.16354207     -3     3    4.2635757e-07
1347 region_rec_diffs(5,167)        0.0024012107     -3     3    7.2667185e-07
1348 region_rec_diffs(5,168)        1.1975948     -3     3    3.0569757e-06
1349 region_rec_diffs(5,169)        0.73378261     -3     3    2.0467467e-06
1350 region_rec_diffs(5,170)        -0.037560208     -3     3    5.0326666e-08
1351 region_rec_diffs(5,171)        0.12234917     -3     3    1.3134843e-06
1352 region_rec_diffs(5,172)        -0.38118983     -3     3    6.2319967e-07
1353 region_rec_diffs(5,173)        1.4351233     -3     3    -9.6108562e-07
1354 region_rec_diffs(5,174)        0.15176905     -3     3    -1.8512826e-06
1355 region_rec_diffs(5,175)        -0.22315953     -3     3    -3.0216867e-07
1356 region_rec_diffs(5,176)        -1.3073198     -3     3    -8.6499134e-07
1357 region_rec_diffs(5,177)        -2.3197933     -3     3    6.5559171e-08
1358 region_rec_diffs(5,178)        -2.6030279     -3     3    -1.3738636e-07
1359 region_rec_diffs(5,179)        -1.4111162     -3     3    -1.1795395e-06
1360 region_rec_diffs(5,180)        0.60683083     -3     3    -4.040232e-08
1361 region_rec_diffs(5,181)        0.90162841     -3     3    1.2647184e-07
1362 region_rec_diffs(5,182)        -0.86672549     -3     3    -4.1486971e-07
1363 region_rec_diffs(5,183)        -1.3213577     -3     3    -4.6566379e-07
1364 region_rec_diffs(5,184)        -1.6830114     -3     3    -2.1876417e-07
1365 region_rec_diffs(5,185)        -1.8810428     -3     3    -2.5724461e-08
1366 region_rec_diffs(5,186)        -2.0730396     -3     3    1.0908442e-07
1367 region_rec_diffs(5,187)        1.5494461     -3     3    1.003268e-07
1368 region_rec_diffs(5,188)        0.76799589     -3     3    1.4817401e-07
1369 region_rec_diffs(5,189)        -1.3817095     -3     3    -1.0409212e-07
1370 region_rec_diffs(5,190)        -1.5531869     -3     3    -1.8880213e-08
1371 region_rec_diffs(5,191)        -1.7561725     -3     3    3.4323409e-07
1372 region_rec_diffs(5,192)        -0.53283592     -3     3    -1.1984852e-06
1373 region_rec_diffs(5,193)        0.025468516     -3     3    -1.1788125e-09
1374 region_rec_diffs(5,194)        -1.1070565     -3     3    7.3381274e-07
1375 region_rec_diffs(5,195)        -0.61341164     -3     3    1.0819165e-06
1376 region_rec_diffs(5,196)        1.2321247     -3     3    3.8062837e-08
1377 region_rec_diffs(5,197)        -0.3605716     -3     3    -1.6389976e-07
1378 region_rec_diffs(5,198)        -0.73121827     -3     3    1.8232143e-07
1379 region_rec_diffs(5,199)        1.1875855     -3     3    3.7967566e-08
1380 region_rec_diffs(5,200)        0.79948939     -3     3    4.2786123e-07
1381 region_rec_diffs(5,201)        -0.97675361     -3     3    1.9208419e-07
1382 region_rec_diffs(5,202)        -1.4314977     -3     3    -7.3422733e-07
1383 region_rec_diffs(5,203)        -0.75317578     -3     3    -1.2667306e-06
1384 region_rec_diffs(5,204)        1.2984648     -3     3    -1.5330106e-07
1385 region_rec_diffs(5,205)        -0.63064919     -3     3    -3.1114727e-08
1386 region_rec_diffs(5,206)        -1.6702669     -3     3    1.6651438e-07
1387 region_rec_diffs(5,207)        -1.7615975     -3     3    -5.1563544e-07
1388 region_rec_diffs(5,208)        -2.9961307     -3     3    6.0552019e-08
1389 region_rec_diffs(5,209)        -2.6414331     -3     3    1.0661084e-07
1390 region_rec_diffs(5,210)        -2.9990928     -3     3    -8.4290043e-06   *************
1391 region_rec_diffs(5,211)        -1.9115101     -3     3    -4.6451571e-07
1392 region_rec_diffs(5,212)        1.6579163     -3     3    1.1852705e-07
1393 region_rec_diffs(5,213)        1.9159411     -3     3    -6.6489119e-08
1394 region_rec_diffs(5,214)        -0.11951258     -3     3    7.9433332e-08
1395 region_rec_diffs(5,215)        -0.38707121     -3     3    4.8445331e-07
1396 region_rec_diffs(5,216)        -1.6356645     -3     3    -7.7753122e-07
1397 region_rec_diffs(5,217)        -1.2782824     -3     3    -1.2043114e-06
1398 region_rec_diffs(5,218)        0.97210158     -3     3    -2.7328727e-07
1399 region_rec_diffs(5,219)        -0.00024527722     -3     3    1.6803385e-06
1400 region_rec_diffs(5,220)        -1.7252382     -3     3    -1.233963e-07
1401 region_rec_diffs(5,221)        -1.7148433     -3     3    7.5459144e-07
1402 region_rec_diffs(5,222)        -2.3438565     -3     3    1.2460586e-07
1403 region_rec_diffs(5,223)        -0.47363967     -3     3    5.9075751e-07
1404 region_rec_diffs(5,224)        0.93473348     -3     3    -4.2619648e-07
1405 region_rec_diffs(5,225)        0.11265148     -3     3    1.6596914e-06
1406 region_rec_diffs(5,226)        -0.80126422     -3     3    -1.8427849e-06
1407 region_rec_diffs(5,227)        -0.55843022     -3     3    1.3765048e-06
1408 region_rec_diffs(5,228)        -1.3716538     -3     3    -1.3463358e-07
1409 region_rec_diffs(5,229)        -0.36000164     -3     3    -3.2881355e-08
1410 region_rec_diffs(5,230)        0.094415988     -3     3    -4.2231703e-07
1411 region_rec_diffs(5,231)        -0.58654157     -3     3    5.9671572e-07
1412 region_rec_diffs(5,232)        1.2544463     -3     3    -3.8749771e-07
1413 region_rec_diffs(5,233)        0.15545271     -3     3    8.708443e-07
1414 region_rec_diffs(5,234)        -0.40713158     -3     3    1.3300526e-06
1415 region_rec_diffs(5,235)        -0.87924546     -3     3    4.5558049e-07
1416 region_rec_diffs(5,236)        -1.2937452     -3     3    -1.1393878e-08
1417 region_rec_diffs(5,237)        0.35689057     -3     3    -8.4880909e-07
1418 region_rec_diffs(5,238)        0.25391069     -3     3    6.0369086e-07
1419 region_rec_diffs(5,239)        0.30135895     -3     3    1.5705969e-07
1420 region_rec_diffs(5,240)        0.037291222     -3     3    -9.7366621e-07
1421 region_rec_diffs(5,241)        -0.68289439     -3     3    1.104594e-06
1422 region_rec_diffs(5,242)        -0.44084044     -3     3    -7.9648572e-08
1423 region_rec_diffs(5,243)        0.11575902     -3     3    -5.9430185e-07
1424 region_rec_diffs(5,244)        0.24132257     -3     3    -9.2713125e-07
1425 region_rec_diffs(5,245)        1.0156437     -3     3    8.0083059e-07
1426 region_rec_diffs(5,246)        0.040781047     -3     3    -1.1861421e-06
1427 region_rec_diffs(5,247)        -0.98914273     -3     3    -6.3383777e-07
1428 region_rec_diffs(5,248)        -0.1102645     -3     3    1.9042474e-07
1429 region_rec_diffs(5,249)        0.58588712     -3     3    -6.4961421e-07
1430 region_rec_diffs(5,250)        -0.15992689     -3     3    -1.1642291e-07
1431 region_rec_diffs(5,251)        -0.65240858     -3     3    -7.2523395e-07
1432 region_rec_diffs(5,252)        -1.9801485     -3     3    1.811623e-07
1433 region_rec_diffs(5,253)        -1.4518148     -3     3    1.2497938e-06
1434 region_rec_diffs(5,254)        -1.2469503     -3     3    5.1461626e-07
1435 region_rec_diffs(5,255)        0.20758009     -3     3    -2.1468649e-08
1436 region_rec_diffs(5,256)        -0.34710922     -3     3    -1.4984482e-06
1437 region_rec_diffs(5,257)        -1.2449833     -3     3    -5.1227905e-07
1438 region_rec_diffs(5,258)        -0.87965425     -3     3    8.4739001e-07
1439 region_rec_diffs(5,259)        -1.0139738     -3     3    2.3441905e-07
1440 region_rec_diffs(5,260)        -0.049439012     -3     3    -1.2411526e-06
1441 region_rec_diffs(5,261)        -1.0586329     -3     3    -7.0842975e-07
1442 region_rec_diffs(5,262)        -1.9834084     -3     3    1.7688051e-07
1443 region_rec_diffs(5,263)        -1.931415     -3     3    4.9732776e-07
1444 region_rec_diffs(5,264)        0.83547499     -3     3    2.5444984e-06
1445 region_rec_diffs(5,265)        0.62434098     -3     3    -2.686267e-06
1446 region_rec_diffs(5,266)        -1.5129723     -3     3    -6.9694754e-07
1447 region_rec_diffs(5,267)        -1.6612333     -3     3    8.1948293e-09
1448 region_rec_diffs(5,268)        -1.3389177     -3     3    7.1933683e-07
1449 region_rec_diffs(5,269)        -1.6861488     -3     3    7.9355303e-07
1450 region_rec_diffs(5,270)        -1.0016288     -3     3    5.2695823e-07
1451 region_rec_diffs(5,271)        1.4083314     -3     3    1.0793055e-06
1452 region_rec_diffs(5,272)        -0.16653213     -3     3    -4.9540802e-07
1453 region_rec_diffs(5,273)        -1.1757253     -3     3    -5.8199711e-07
1454 region_rec_diffs(5,274)        -2.2001389     -3     3    -7.3994099e-07
1455 region_rec_diffs(5,275)        -0.80749587     -3     3    -7.6449042e-07
1456 region_rec_diffs(5,276)        -0.26289379     -3     3    2.9303058e-08
1457 region_rec_diffs(5,277)        -0.39304935     -3     3    6.873662e-08
1458 region_rec_diffs(5,278)        -0.32445949     -3     3    -1.0117728e-08
1459 region_rec_diffs(5,279)        -0.13418769     -3     3    2.7486682e-07
1460 region_rec_diffs(6,1)        -7.7612805e-10     -3     3    -1.9596249e-10
1461 region_rec_diffs(6,2)        0.9277206     -3     3    -3.4033793e-07
1462 region_rec_diffs(6,3)        0.93838999     -3     3    -1.6856218e-06
1463 region_rec_diffs(6,4)        1.0095999     -3     3    -3.2228236e-07
1464 region_rec_diffs(6,5)        0.9948129     -3     3    1.1440967e-06
1465 region_rec_diffs(6,6)        0.010046104     -3     3    1.9783627e-08
1466 region_rec_diffs(6,7)        0.0075643314     -3     3    2.4817032e-08
1467 region_rec_diffs(6,8)        0.13696682     -3     3    1.209505e-06
1468 region_rec_diffs(6,9)        -0.0087839935     -3     3    5.0902594e-08
1469 region_rec_diffs(6,10)        -0.0023811245     -3     3    -4.9096167e-09
1470 region_rec_diffs(6,11)        -0.00090599416     -3     3    -1.525708e-07
1471 region_rec_diffs(6,12)        0.015066166     -3     3    1.2001257e-06
1472 region_rec_diffs(6,13)        1.4893404     -3     3    -7.032036e-07
1473 region_rec_diffs(6,14)        0.050130122     -3     3    -1.9868257e-07
1474 region_rec_diffs(6,15)        0.04152889     -3     3    2.2434942e-07
1475 region_rec_diffs(6,16)        0.013848956     -3     3    2.79847e-08
1476 region_rec_diffs(6,17)        0.047849237     -3     3    1.7196978e-08
1477 region_rec_diffs(6,18)        1.721461     -3     3    -5.9930702e-09
1478 region_rec_diffs(6,19)        0.16311759     -3     3    1.5946017e-07
1479 region_rec_diffs(6,20)        0.016411536     -3     3    -3.7270921e-08
1480 region_rec_diffs(6,21)        0.017072482     -3     3    -1.6014866e-08
1481 region_rec_diffs(6,22)        1.811071     -3     3    3.767217e-07
1482 region_rec_diffs(6,23)        0.03716378     -3     3    -5.1227027e-08
1483 region_rec_diffs(6,24)        0.19778042     -3     3    6.2300008e-07
1484 region_rec_diffs(6,25)        0.040099401     -3     3    5.2413625e-09
1485 region_rec_diffs(6,26)        0.45974827     -3     3    -1.3763697e-07
1486 region_rec_diffs(6,27)        0.004702414     -3     3    1.263747e-07
1487 region_rec_diffs(6,28)        0.17015482     -3     3    -3.013621e-07
1488 region_rec_diffs(6,29)        2.9520238     -3     3    3.1325339e-07
1489 region_rec_diffs(6,30)        0.035285962     -3     3    -6.4250196e-08
1490 region_rec_diffs(6,31)        0.018888243     -3     3    -1.5887888e-08
1491 region_rec_diffs(6,32)        0.020466649     -3     3    3.8088351e-10
1492 region_rec_diffs(6,33)        0.062168498     -3     3    -1.7552458e-07
1493 region_rec_diffs(6,34)        0.41991002     -3     3    -8.6842493e-07
1494 region_rec_diffs(6,35)        0.28762492     -3     3    -1.9680702e-07
1495 region_rec_diffs(6,36)        0.0081713672     -3     3    -1.4660706e-08
1496 region_rec_diffs(6,37)        1.40806     -3     3    -5.2762991e-07
1497 region_rec_diffs(6,38)        0.055181275     -3     3    -7.7573428e-08
1498 region_rec_diffs(6,39)        0.0083221093     -3     3    1.2893455e-07
1499 region_rec_diffs(6,40)        0.0032822022     -3     3    5.476222e-08
1500 region_rec_diffs(6,41)        0.03533836     -3     3    3.6542025e-07
1501 region_rec_diffs(6,42)        0.25488084     -3     3    3.702589e-07
1502 region_rec_diffs(6,43)        0.0053219856     -3     3    3.5059167e-08
1503 region_rec_diffs(6,44)        0.0076724092     -3     3    -7.503658e-09
1504 region_rec_diffs(6,45)        1.7042794     -3     3    -2.2650008e-06
1505 region_rec_diffs(6,46)        0.0069603402     -3     3    -1.0686282e-07
1506 region_rec_diffs(6,47)        0.0013050205     -3     3    -2.4003314e-08
1507 region_rec_diffs(6,48)        0.0038470098     -3     3    4.524674e-08
1508 region_rec_diffs(6,49)        1.2306057     -3     3    8.7868627e-07
1509 region_rec_diffs(6,50)        0.0085131636     -3     3    -3.4153132e-08
1510 region_rec_diffs(6,51)        0.011334913     -3     3    4.2672159e-08
1511 region_rec_diffs(6,52)        0.18063249     -3     3    7.2440468e-07
1512 region_rec_diffs(6,53)        1.6583827     -3     3    1.6761774e-06
1513 region_rec_diffs(6,54)        0.0065061667     -3     3    -9.2325178e-07
1514 region_rec_diffs(6,55)        -0.0027823299     -3     3    -8.9560799e-09
1515 region_rec_diffs(6,56)        -0.06225817     -3     3    2.8368827e-07
1516 region_rec_diffs(6,57)        0.00041641262     -3     3    -3.7095487e-07
1517 region_rec_diffs(6,58)        0.30078368     -3     3    -6.8627901e-08
1518 region_rec_diffs(6,59)        0.0095861096     -3     3    -1.9668058e-08
1519 region_rec_diffs(6,60)        0.22697442     -3     3    -1.1439444e-06
1520 region_rec_diffs(6,61)        1.0483199     -3     3    4.8377863e-07
1521 region_rec_diffs(6,62)        0.014128728     -3     3    5.7984953e-08
1522 region_rec_diffs(6,63)        0.0069824202     -3     3    4.5046752e-08
1523 region_rec_diffs(6,64)        0.037166432     -3     3    4.765857e-08
1524 region_rec_diffs(6,65)        0.60553222     -3     3    -1.7325601e-07
1525 region_rec_diffs(6,66)        0.044601536     -3     3    1.3676199e-07
1526 region_rec_diffs(6,67)        0.005742516     -3     3    -1.4190988e-08
1527 region_rec_diffs(6,68)        0.035924901     -3     3    -4.7396843e-08
1528 region_rec_diffs(6,69)        0.26369701     -3     3    2.6602295e-07
1529 region_rec_diffs(6,70)        0.098216387     -3     3    -1.9646263e-07
1530 region_rec_diffs(6,71)        0.0024585591     -3     3    1.4834893e-08
1531 region_rec_diffs(6,72)        0.036868199     -3     3    -2.2531297e-07
1532 region_rec_diffs(6,73)        1.8601327     -3     3    2.9086504e-07
1533 region_rec_diffs(6,74)        0.23866486     -3     3    1.9236323e-07
1534 region_rec_diffs(6,75)        0.0051772315     -3     3    -1.2783172e-08
1535 region_rec_diffs(6,76)        0.027706823     -3     3    5.2805833e-08
1536 region_rec_diffs(6,77)        0.13859083     -3     3    1.809951e-07
1537 region_rec_diffs(6,78)        0.19548381     -3     3    1.3111249e-07
1538 region_rec_diffs(6,79)        0.008201103     -3     3    5.3856863e-08
1539 region_rec_diffs(6,80)        0.28729991     -3     3    1.2924885e-06
1540 region_rec_diffs(6,81)        1.5662787     -3     3    8.2132316e-07
1541 region_rec_diffs(6,82)        0.13989921     -3     3    1.8414872e-06
1542 region_rec_diffs(6,83)        0.13525487     -3     3    -2.9693762e-07
1543 region_rec_diffs(6,84)        0.36501186     -3     3    -8.2905692e-07
1544 region_rec_diffs(6,85)        1.0983757     -3     3    -8.4831568e-07
1545 region_rec_diffs(6,86)        0.0037249849     -3     3    -1.4762527e-07
1546 region_rec_diffs(6,87)        -0.0013841616     -3     3    -1.0907765e-07
1547 region_rec_diffs(6,88)        0.096229261     -3     3    2.610692e-07
1548 region_rec_diffs(6,89)        0.24201365     -3     3    -7.8317626e-07
1549 region_rec_diffs(6,90)        0.020038435     -3     3    1.5375155e-07
1550 region_rec_diffs(6,91)        0.082415569     -3     3    7.3845942e-07
1551 region_rec_diffs(6,92)        0.14228149     -3     3    -3.3186763e-08
1552 region_rec_diffs(6,93)        0.03053455     -3     3    3.8623303e-08
1553 region_rec_diffs(6,94)        1.3914675     -3     3    8.4305777e-07
1554 region_rec_diffs(6,95)        -0.079029321     -3     3    -3.8449584e-07
1555 region_rec_diffs(6,96)        -0.003325646     -3     3    -1.7048224e-08
1556 region_rec_diffs(6,97)        -0.0043087212     -3     3    -3.7488294e-08
1557 region_rec_diffs(6,98)        0.004649847     -3     3    -1.6859964e-07
1558 region_rec_diffs(6,99)        0.068433987     -3     3    1.1946246e-08
1559 region_rec_diffs(6,100)        0.1710615     -3     3    -5.8863911e-07
1560 region_rec_diffs(6,101)        1.4882792     -3     3    1.8648179e-07
1561 region_rec_diffs(6,102)        0.0055558166     -3     3    1.281721e-08
1562 region_rec_diffs(6,103)        0.01721136     -3     3    -7.1031785e-08
1563 region_rec_diffs(6,104)        1.2920589     -3     3    -1.5639426e-06
1564 region_rec_diffs(6,105)        0.081035508     -3     3    -1.9977449e-07
1565 region_rec_diffs(6,106)        0.0040494612     -3     3    -8.5912424e-08
1566 region_rec_diffs(6,107)        0.017806842     -3     3    -5.5363462e-08
1567 region_rec_diffs(6,108)        0.040433384     -3     3    2.5754119e-08
1568 region_rec_diffs(6,109)        1.5251856     -3     3    -1.383352e-06
1569 region_rec_diffs(6,110)        0.020543132     -3     3    -9.7443875e-08
1570 region_rec_diffs(6,111)        0.07129156     -3     3    4.0090203e-07
1571 region_rec_diffs(6,112)        0.011549421     -3     3    -2.9178891e-09
1572 region_rec_diffs(6,113)        0.11165164     -3     3    -3.3044744e-07
1573 region_rec_diffs(6,114)        -0.010688831     -3     3    1.4635e-07
1574 region_rec_diffs(6,115)        -0.0014678543     -3     3    3.7295411e-08
1575 region_rec_diffs(6,116)        0.016257534     -3     3    -3.2304061e-08
1576 region_rec_diffs(6,117)        0.674492     -3     3    -8.8542109e-07
1577 region_rec_diffs(6,118)        0.049521127     -3     3    -2.5750094e-07
1578 region_rec_diffs(6,119)        0.053325647     -3     3    -9.0107617e-07
1579 region_rec_diffs(6,120)        0.63412147     -3     3    -5.6976705e-07
1580 region_rec_diffs(6,121)        1.4223965     -3     3    -7.7985086e-07
1581 region_rec_diffs(6,122)        0.23223716     -3     3    -8.5328987e-08
1582 region_rec_diffs(6,123)        0.021143524     -3     3    1.8162304e-07
1583 region_rec_diffs(6,124)        0.13880381     -3     3    4.0592556e-07
1584 region_rec_diffs(6,125)        0.26757498     -3     3    -2.702446e-07
1585 region_rec_diffs(6,126)        0.22942732     -3     3    1.6441942e-07
1586 region_rec_diffs(6,127)        0.061654875     -3     3    -4.4843175e-08
1587 region_rec_diffs(6,128)        2.7995711     -3     3    1.3618696e-06
1588 region_rec_diffs(6,129)        -0.0003632671     -3     3    -2.8769342e-07
1589 region_rec_diffs(6,130)        -0.084498183     -3     3    4.1256336e-08
1590 region_rec_diffs(6,131)        -0.073386373     -3     3    2.8126822e-07
1591 region_rec_diffs(6,132)        -0.32055352     -3     3    -9.204894e-09
1592 region_rec_diffs(6,133)        -0.51006986     -3     3    5.3898367e-08
1593 region_rec_diffs(6,134)        -0.097511844     -3     3    -9.4123295e-09
1594 region_rec_diffs(6,135)        -0.10952998     -3     3    3.9191539e-07
1595 region_rec_diffs(6,136)        -0.00065373343     -3     3    3.3828559e-07
1596 region_rec_diffs(6,137)        0.064837893     -3     3    -1.9361695e-07
1597 region_rec_diffs(6,138)        0.020993536     -3     3    -1.1751147e-07
1598 region_rec_diffs(6,139)        0.010854974     -3     3    -4.763393e-08
1599 region_rec_diffs(6,140)        0.012479111     -3     3    -9.0382247e-08
1600 region_rec_diffs(6,141)        0.34665961     -3     3    -9.9847528e-07
1601 region_rec_diffs(6,142)        0.029238426     -3     3    -1.2159638e-07
1602 region_rec_diffs(6,143)        0.0099414196     -3     3    -8.9407602e-08
1603 region_rec_diffs(6,144)        0.039150673     -3     3    -1.87242e-07
1604 region_rec_diffs(6,145)        0.44198492     -3     3    -1.0108524e-06
1605 region_rec_diffs(6,146)        0.077407727     -3     3    -9.7892411e-08
1606 region_rec_diffs(6,147)        0.099510435     -3     3    -1.2763903e-07
1607 region_rec_diffs(6,148)        1.177998     -3     3    7.3102505e-07
1608 region_rec_diffs(6,149)        -0.027162515     -3     3    1.4131664e-07
1609 region_rec_diffs(6,150)        -0.10326904     -3     3    2.253762e-07
1610 region_rec_diffs(6,151)        -0.37822365     -3     3    5.9183938e-07
1611 region_rec_diffs(6,152)        -0.38707146     -3     3    2.9295826e-07
1612 region_rec_diffs(6,153)        -0.83142934     -3     3    3.4583612e-07
1613 region_rec_diffs(6,154)        -0.41330214     -3     3    9.7030233e-08
1614 region_rec_diffs(6,155)        -0.56599302     -3     3    -6.7449647e-09
1615 region_rec_diffs(6,156)        -0.71614854     -3     3    1.3983949e-07
1616 region_rec_diffs(6,157)        -0.62177827     -3     3    -1.4034669e-07
1617 region_rec_diffs(6,158)        -0.14605643     -3     3    -4.5405561e-08
1618 region_rec_diffs(6,159)        -0.15942285     -3     3    1.5074233e-07
1619 region_rec_diffs(6,160)        -0.078356721     -3     3    7.3124471e-07
1620 region_rec_diffs(6,161)        0.75987796     -3     3    -2.5752629e-07
1621 region_rec_diffs(6,162)        -0.0516664     -3     3    -1.2283621e-06
1622 region_rec_diffs(6,163)        -0.74284226     -3     3    4.0836541e-07
1623 region_rec_diffs(6,164)        -1.2430822     -3     3    -1.8746215e-07
1624 region_rec_diffs(6,165)        -0.92115228     -3     3    -5.1875278e-07
1625 region_rec_diffs(6,166)        -0.66367548     -3     3    3.2077983e-08
1626 region_rec_diffs(6,167)        -1.3005906     -3     3    -8.9548985e-08
1627 region_rec_diffs(6,168)        -1.1459716     -3     3    -2.1900966e-07
1628 region_rec_diffs(6,169)        -0.87304881     -3     3    -1.0752934e-07
1629 region_rec_diffs(6,170)        -0.15081295     -3     3    -3.748164e-07
1630 region_rec_diffs(6,171)        2.9999998     -3     3    1.8623052e-06   *************
1631 region_rec_diffs(6,172)        0.91689521     -3     3    5.2536178e-07
1632 region_rec_diffs(6,173)        -0.90812074     -3     3    1.3191782e-06
1633 region_rec_diffs(6,174)        -0.53848065     -3     3    3.0807118e-07
1634 region_rec_diffs(6,175)        -0.75398644     -3     3    -2.4777072e-07
1635 region_rec_diffs(6,176)        -1.6485709     -3     3    -2.6619649e-07
1636 region_rec_diffs(6,177)        -2.2630776     -3     3    -8.203208e-08
1637 region_rec_diffs(6,178)        -2.0512533     -3     3    -2.1250046e-07
1638 region_rec_diffs(6,179)        2.0170796     -3     3    -2.8007912e-07
1639 region_rec_diffs(6,180)        -0.52421752     -3     3    1.1202189e-06
1640 region_rec_diffs(6,181)        -1.6961922     -3     3    1.0671403e-06
1641 region_rec_diffs(6,182)        -1.0241887     -3     3    6.5941652e-07
1642 region_rec_diffs(6,183)        -1.018964     -3     3    7.8124483e-08
1643 region_rec_diffs(6,184)        -1.2605017     -3     3    -3.6040513e-07
1644 region_rec_diffs(6,185)        -1.4901746     -3     3    -1.0469443e-07
1645 region_rec_diffs(6,186)        -1.3229     -3     3    8.996344e-07
1646 region_rec_diffs(6,187)        1.7395306     -3     3    -3.2574632e-07
1647 region_rec_diffs(6,188)        -1.7574534     -3     3    -1.2184176e-07
1648 region_rec_diffs(6,189)        -1.9891618     -3     3    1.2228976e-07
1649 region_rec_diffs(6,190)        -1.7445901     -3     3    8.3888704e-08
1650 region_rec_diffs(6,191)        -1.7730027     -3     3    -1.917408e-07
1651 region_rec_diffs(6,192)        -0.90159854     -3     3    -5.4981216e-07
1652 region_rec_diffs(6,193)        -0.8906639     -3     3    -1.3843083e-06
1653 region_rec_diffs(6,194)        0.0068418033     -3     3    -8.9363698e-07
1654 region_rec_diffs(6,195)        1.1910837     -3     3    2.5107114e-09
1655 region_rec_diffs(6,196)        -1.988763     -3     3    5.6537655e-08
1656 region_rec_diffs(6,197)        -1.9386692     -3     3    5.3207231e-07
1657 region_rec_diffs(6,198)        -1.5670448     -3     3    -1.9597503e-07
1658 region_rec_diffs(6,199)        -0.13422442     -3     3    -7.398204e-07
1659 region_rec_diffs(6,200)        1.3169355     -3     3    4.9229141e-07
1660 region_rec_diffs(6,201)        -0.68639914     -3     3    7.8392926e-08
1661 region_rec_diffs(6,202)        -0.16718298     -3     3    -1.1573286e-07
1662 region_rec_diffs(6,203)        1.2182459     -3     3    -2.1637375e-07
1663 region_rec_diffs(6,204)        1.0073802     -3     3    -4.5431587e-07
1664 region_rec_diffs(6,205)        -0.75227739     -3     3    -1.8883916e-07
1665 region_rec_diffs(6,206)        -1.6842425     -3     3    3.0972122e-07
1666 region_rec_diffs(6,207)        -1.5067909     -3     3    -2.1316285e-07
1667 region_rec_diffs(6,208)        -2.340327     -3     3    -3.1072568e-07
1668 region_rec_diffs(6,209)        -1.5322238     -3     3    3.7342511e-07
1669 region_rec_diffs(6,210)        -1.3959346     -3     3    7.5850041e-08
1670 region_rec_diffs(6,211)        2.1271082     -3     3    -3.5052024e-07
1671 region_rec_diffs(6,212)        1.3449994     -3     3    3.8273101e-07
1672 region_rec_diffs(6,213)        -1.0010756     -3     3    -3.3333103e-07
1673 region_rec_diffs(6,214)        -1.107299     -3     3    6.8528047e-07
1674 region_rec_diffs(6,215)        -0.63030709     -3     3    5.0269897e-07
1675 region_rec_diffs(6,216)        1.3690857     -3     3    1.3669245e-06
1676 region_rec_diffs(6,217)        0.99208723     -3     3    -8.7054139e-07
1677 region_rec_diffs(6,218)        -0.48351412     -3     3    2.1955833e-07
1678 region_rec_diffs(6,219)        -0.50908552     -3     3    6.6318764e-07
1679 region_rec_diffs(6,220)        -0.68355639     -3     3    4.8378332e-07
1680 region_rec_diffs(6,221)        -0.81231122     -3     3    4.6712732e-08
1681 region_rec_diffs(6,222)        2.3602547     -3     3    -4.1855561e-07
1682 region_rec_diffs(6,223)        0.87330663     -3     3    1.7382441e-08
1683 region_rec_diffs(6,224)        -1.6187271     -3     3    9.2429114e-08
1684 region_rec_diffs(6,225)        -1.4506321     -3     3    2.1066832e-07
1685 region_rec_diffs(6,226)        -1.1942486     -3     3    -1.557109e-07
1686 region_rec_diffs(6,227)        -0.42596974     -3     3    -2.0008913e-07
1687 region_rec_diffs(6,228)        0.8793674     -3     3    -3.4966325e-07
1688 region_rec_diffs(6,229)        -0.070027011     -3     3    -2.8618284e-07
1689 region_rec_diffs(6,230)        1.8069382     -3     3    3.1395121e-08
1690 region_rec_diffs(6,231)        -0.30832685     -3     3    2.5868078e-07
1691 region_rec_diffs(6,232)        -1.0206199     -3     3    8.2054988e-08
1692 region_rec_diffs(6,233)        -0.93496129     -3     3    -7.1868724e-08
1693 region_rec_diffs(6,234)        -0.52532312     -3     3    -7.7466075e-07
1694 region_rec_diffs(6,235)        0.5369203     -3     3    -1.3248217e-06
1695 region_rec_diffs(6,236)        0.13937882     -3     3    -1.6922781e-06
1696 region_rec_diffs(6,237)        0.24517447     -3     3    -1.1404286e-06
1697 region_rec_diffs(6,238)        1.3755263     -3     3    -1.2733665e-06
1698 region_rec_diffs(6,239)        -0.47021685     -3     3    -7.5733818e-07
1699 region_rec_diffs(6,240)        -0.94966376     -3     3    -3.3660927e-07
1700 region_rec_diffs(6,241)        -0.98789357     -3     3    -8.062347e-07
1701 region_rec_diffs(6,242)        -0.85424927     -3     3    -1.0694127e-06
1702 region_rec_diffs(6,243)        0.26161941     -3     3    -4.1197005e-07
1703 region_rec_diffs(6,244)        1.9481884     -3     3    -3.8106151e-07
1704 region_rec_diffs(6,245)        -1.0701938     -3     3    2.7819335e-07
1705 region_rec_diffs(6,246)        -1.4398309     -3     3    4.7148285e-07
1706 region_rec_diffs(6,247)        -1.2169341     -3     3    2.7074527e-07
1707 region_rec_diffs(6,248)        1.3851336     -3     3    -6.645472e-07
1708 region_rec_diffs(6,249)        -0.6998798     -3     3    2.3263642e-07
1709 region_rec_diffs(6,250)        -1.1462453     -3     3    5.6138449e-07
1710 region_rec_diffs(6,251)        -1.1695824     -3     3    4.4611281e-07
1711 region_rec_diffs(6,252)        -0.99609435     -3     3    5.9986711e-07
1712 region_rec_diffs(6,253)        -0.89640476     -3     3    2.1697121e-07
1713 region_rec_diffs(6,254)        0.049777008     -3     3    2.4906369e-07
1714 region_rec_diffs(6,255)        -0.078860632     -3     3    -3.113232e-07
1715 region_rec_diffs(6,256)        -0.66939474     -3     3    -1.5360156e-07
1716 region_rec_diffs(6,257)        -0.68755657     -3     3    3.3775156e-08
1717 region_rec_diffs(6,258)        0.64274815     -3     3    -1.3475404e-07
1718 region_rec_diffs(6,259)        1.4829834     -3     3    -1.134525e-06
1719 region_rec_diffs(6,260)        -0.33930221     -3     3    -3.2360394e-07
1720 region_rec_diffs(6,261)        -0.61086975     -3     3    -3.5129241e-07
1721 region_rec_diffs(6,262)        -0.39651551     -3     3    -5.6218006e-07
1722 region_rec_diffs(6,263)        0.45629482     -3     3    -9.2577381e-07
1723 region_rec_diffs(6,264)        0.3980718     -3     3    -4.5933429e-07
1724 region_rec_diffs(6,265)        0.18045011     -3     3    -1.9279655e-07
1725 region_rec_diffs(6,266)        0.043111418     -3     3    3.8046618e-07
1726 region_rec_diffs(6,267)        -0.30269356     -3     3    -4.8824931e-08
1727 region_rec_diffs(6,268)        -0.5721134     -3     3    7.287181e-08
1728 region_rec_diffs(6,269)        -0.70842561     -3     3    3.9781429e-07
1729 region_rec_diffs(6,270)        -0.020360009     -3     3    -8.2223444e-08
1730 region_rec_diffs(6,271)        1.3708409     -3     3    1.374589e-07
1731 region_rec_diffs(6,272)        -0.019984553     -3     3    1.1909615e-08
1732 region_rec_diffs(6,273)        -0.31064539     -3     3    1.1597864e-07
1733 region_rec_diffs(6,274)        -0.66588973     -3     3    1.4804955e-07
1734 region_rec_diffs(6,275)        -0.12857952     -3     3    1.380431e-07
1735 region_rec_diffs(6,276)        -0.032952718     -3     3    5.6902391e-08
1736 region_rec_diffs(6,277)        -0.019484334     -3     3    -8.7502797e-09
1737 region_rec_diffs(6,278)        -0.012402904     -3     3    1.299138e-08
1738 region_rec_diffs(6,279)        -0.0033679414     -3     3    2.6088726e-08
1739 bs_selcoff_gp:1(1,1,1,1)        -14.212185     -20     7    5.2257259e-06
1740 bs_selcoff_gp:1(1,1,1,2)        -5.4098122     -20     7    2.0044942e-08
1741 bs_selcoff_gp:1(1,1,1,3)        0.15524297     -20     7    -8.9069209e-08
1742 bs_selcoff_gp:1(1,1,1,4)        0.84946238     -20     7    -2.0682871e-07
1743 bs_selcoff_gp:1(1,1,1,5)        0.39823673     -20     7    2.4312778e-07
1744 bs_selcoff_gp:2(2,1,1,1)        -5.566912     -20     7    2.6560886e-07
1745 bs_selcoff_gp:2(2,1,1,2)        -2.4872     -20     7    2.3309736e-06
1746 bs_selcoff_gp:2(2,1,1,3)        0.27569418     -20     7    -5.0432308e-07
1747 bs_selcoff_gp:2(2,1,1,4)        0.50943775     -20     7    6.8832977e-07
1748 bs_selcoff_gp:2(2,1,1,5)        0.65815998     -20     7    -3.077704e-07
1749 bs_selcoff_gp:3(3,1,1,1)        -4.7101825     -20     7    -2.2148827e-07
1750 bs_selcoff_gp:3(3,1,1,2)        -5.6636772     -20     7    6.0744661e-07
1751 bs_selcoff_gp:3(3,1,1,3)        -0.14474447     -20     7    -1.3758806e-07
1752 bs_selcoff_gp:3(3,1,1,4)        0.82241415     -20     7    8.2017812e-09
1753 bs_selcoff_gp:3(3,1,1,5)        0.61318148     -20     7    4.0167902e-08
1754 bs_selcoff_gp:4(4,1,1,1)        -18.232875     -20     7    4.4568797e-06
1755 bs_selcoff_gp:4(4,1,1,2)        -4.4968099     -20     7    -1.2302535e-06
1756 bs_selcoff_gp:4(4,1,1,3)        -0.18021766     -20     7    1.1856174e-07
1757 bs_selcoff_gp:4(4,1,1,4)        1.0866921     -20     7    -6.2683495e-07
1758 bs_selcoff_gp:4(4,1,1,5)        0.17337866     -20     7    6.935782e-07
1759 bs_selcoff_gp:5(5,1,1,1)        -11.204635     -20     7    1.6372022e-06
1760 bs_selcoff_gp:5(5,1,1,2)        -3.976807     -20     7    -9.1104977e-07
1761 bs_selcoff_gp:5(5,1,1,3)        -0.19638433     -20     7    1.3069229e-07
1762 bs_selcoff_gp:5(5,1,1,4)        0.9306458     -20     7    -2.3494317e-07
1763 bs_selcoff_gp:5(5,1,1,5)        0.48452164     -20     7    3.5233159e-07
1764 bs_selcoff_gp:6(6,1,1,1)        -6.2975157     -20     7    7.8186985e-08
1765 bs_selcoff_gp:6(6,1,1,2)        -2.3047467     -20     7    7.1182341e-07
1766 bs_selcoff_gp:6(6,1,1,3)        0.18955913     -20     7    2.1035382e-07
1767 bs_selcoff_gp:6(6,1,1,4)        0.79691458     -20     7    1.7711397e-06
1768 bs_selcoff_gp:6(6,1,1,5)        0.38592454     -20     7    -2.8742574e-06
1769 bs_selcoff_gp:7(7,1,1,1)        -5.0120972     -20     7    1.4292986e-07
1770 bs_selcoff_gp:7(7,1,1,2)        -2.9288062     -20     7    9.6392318e-07
1771 bs_selcoff_gp:7(7,1,1,3)        -0.20489113     -20     7    1.134123e-06
1772 bs_selcoff_gp:7(7,1,1,4)        0.97203651     -20     7    -1.7711094e-08
1773 bs_selcoff_gp:7(7,1,1,5)        0.39327391     -20     7    -5.2030918e-07
1774 bs_selcoff_gp:8(8,1,1,1)        -19.116767     -20     7    6.4471532e-07
1775 bs_selcoff_gp:8(8,1,1,2)        -6.0527346     -20     7    -1.9685556e-06
1776 bs_selcoff_gp:8(8,1,1,3)        -2.0006854     -20     7    2.49671e-07
1777 bs_selcoff_gp:8(8,1,1,4)        1.2068231     -20     7    -6.958105e-07
1778 bs_selcoff_gp:8(8,1,1,5)        0.41841965     -20     7    7.0036069e-07
1779 bs_selcoff_gp:9(9,1,1,1)        -18.72346     -20     7    -5.6520707e-07
1780 bs_selcoff_gp:9(9,1,1,2)        -7.6916775     -20     7    -5.7243278e-07
1781 bs_selcoff_gp:9(9,1,1,3)        -3.3598289     -20     7    2.1042761e-07
1782 bs_selcoff_gp:9(9,1,1,4)        0.31409418     -20     7    -8.7360001e-08
1783 bs_selcoff_gp:9(9,1,1,5)        1.2797619     -20     7    1.2466443e-07
1784 bs_selcoff_gp:10(10,1,1,1)        -9.1011731     -20     7    -2.5488396e-07
1785 bs_selcoff_gp:10(10,1,1,2)        -1.5356025     -20     7    1.3115457e-06
1786 bs_selcoff_gp:10(10,1,1,3)        0.057638027     -20     7    -5.1785197e-07
1787 bs_selcoff_gp:10(10,1,1,4)        0.76470104     -20     7    2.6511934e-07
1788 bs_selcoff_gp:10(10,1,1,5)        0.45544768     -20     7    -1.2897745e-07
1789 bs_selcoff_gp:11(11,1,1,1)        -6.876873     -20     7    -2.612054e-06
1790 bs_selcoff_gp:11(11,1,1,2)        -7.7452884     -20     7    -5.3675278e-07
1791 bs_selcoff_gp:11(11,1,1,3)        -1.1378651     -20     7    -3.7696489e-07
1792 bs_selcoff_gp:11(11,1,1,4)        1.3126666     -20     7    3.0266815e-07
1793 bs_selcoff_gp:11(11,1,1,5)        -0.038779067     -20     7    -1.0172247e-06
1794 bs_selcoff_gp:12(12,1,1,1)        -7.7298834     -20     7    1.2735516e-07
1795 bs_selcoff_gp:12(12,1,1,2)        -5.4794412     -20     7    -7.6811554e-07
1796 bs_selcoff_gp:12(12,1,1,3)        -0.44223399     -20     7    7.006032e-07
1797 bs_selcoff_gp:12(12,1,1,4)        1.0090684     -20     7    1.7098062e-07
1798 bs_selcoff_gp:12(12,1,1,5)        0.47607592     -20     7    -8.0267069e-07
1799 bs_selcoff_gp:13(13,1,1,1)        -2.3832706     -20     7    -3.9936449e-07
1800 bs_selcoff_gp:13(13,1,1,2)        1.534635     -20     7    -1.6631354e-07
1801 bs_selcoff_gp:13(13,1,1,3)        -1.3647963     -20     7    5.7251761e-07
1802 bs_selcoff_gp:13(13,1,1,4)        -4.3203741     -20     7    4.5452911e-06
1803 bs_selcoff_gp:13(13,1,1,5)        -20     -20     7    -1.6808443e-08   *************
1804 bs_selcoff_gp:14(14,1,1,1)        -2.0799852     -20     7    1.070058e-07
1805 bs_selcoff_gp:14(14,1,1,2)        1.4092959     -20     7    -1.8930237e-07
1806 bs_selcoff_gp:14(14,1,1,3)        -0.57053309     -20     7    3.3843068e-07
1807 bs_selcoff_gp:14(14,1,1,4)        -1.5480304     -20     7    -4.1710143e-08
1808 bs_selcoff_gp:14(14,1,1,5)        -5.4955866     -20     7    -2.2581426e-06
1809 bs_selcoff_gp:15(15,1,1,1)        -3.0353371     -20     7    6.216911e-07
1810 bs_selcoff_gp:15(15,1,1,2)        1.4265495     -20     7    4.0743359e-07
1811 bs_selcoff_gp:15(15,1,1,3)        -0.34546822     -20     7    1.1547607e-06
1812 bs_selcoff_gp:15(15,1,1,4)        -2.5149135     -20     7    -4.3158484e-06
1813 bs_selcoff_gp:15(15,1,1,5)        -20     -20     7    5.3283859e-07   *************
1814 bs_selcoff_gp:16(16,1,1,1)        -3.2753778     -20     7    6.0522126e-07
1815 bs_selcoff_gp:16(16,1,1,2)        1.220956     -20     7    4.809991e-08
1816 bs_selcoff_gp:16(16,1,1,3)        0.20444095     -20     7    -3.294732e-07
1817 bs_selcoff_gp:16(16,1,1,4)        -1.0933127     -20     7    6.1785354e-07
1818 bs_selcoff_gp:16(16,1,1,5)        -4.6226842     -20     7    -4.909744e-07
1819 bs_selcoff_gp:17(17,1,1,1)        -0.73951546     -20     7    2.1942084e-07
1820 bs_selcoff_gp:17(17,1,1,2)        1.0482214     -20     7    1.8088199e-07
1821 bs_selcoff_gp:17(17,1,1,3)        0.50458261     -20     7    8.9964728e-08
1822 bs_selcoff_gp:17(17,1,1,4)        -4.2685287     -20     7    -2.8862219e-06
1823 bs_selcoff_gp:17(17,1,1,5)        -19.999999     -20     7    4.1041401e-07   *************
1824 bs_selcoff_gp:18(18,1,1,1)        -4.2351638     -20     7    8.5896798e-07
1825 bs_selcoff_gp:18(18,1,1,2)        1.1405386     -20     7    -1.2825856e-06
1826 bs_selcoff_gp:18(18,1,1,3)        -0.35865993     -20     7    2.2679344e-07
1827 bs_selcoff_gp:18(18,1,1,4)        0.13029103     -20     7    3.6141072e-06
1828 bs_selcoff_gp:18(18,1,1,5)        -3.9477628     -20     7    -3.1966369e-06
1829 bs_selcoff_gp:19(19,1,1,1)        0.030017359     -20     7    2.6950895e-07
1830 bs_selcoff_gp:19(19,1,1,2)        0.96528187     -20     7    -3.4940727e-07
1831 bs_selcoff_gp:19(19,1,1,3)        -0.2463278     -20     7    -4.7389613e-07
1832 bs_selcoff_gp:19(19,1,1,4)        -0.57871293     -20     7    1.1201059e-06
1833 bs_selcoff_gp:19(19,1,1,5)        -6.368597     -20     7    -4.5065431e-07
1834 bs_selcoff_gp:20(20,1,1,1)        -1.4262122     -20     7    2.3314586e-07
1835 bs_selcoff_gp:20(20,1,1,2)        1.3801863     -20     7    -1.0122987e-07
1836 bs_selcoff_gp:20(20,1,1,3)        -0.67241288     -20     7    5.3017394e-07
1837 bs_selcoff_gp:20(20,1,1,4)        -1.2987256     -20     7    3.7380662e-07
1838 bs_selcoff_gp:20(20,1,1,5)        -7.1485405     -20     7    -2.6849603e-07
1839 bs_selcoff_gp:21(21,1,1,1)        -2.5779972     -20     7    -1.3711725e-06
1840 bs_selcoff_gp:21(21,1,1,2)        -1.0458836     -20     7    -2.0348646e-07
1841 bs_selcoff_gp:21(21,1,1,3)        -1.0870159     -20     7    -1.0769349e-06
1842 bs_selcoff_gp:21(21,1,1,4)        -1.4885436     -20     7    -5.8081703e-07
1843 bs_selcoff_gp:21(21,1,1,5)        1.3887339     -20     7    1.8895286e-07
1844 bs_selcoff_gp:22(22,1,1,1)        -3.2246318     -20     7    -1.3176007e-06
1845 bs_selcoff_gp:22(22,1,1,2)        1.5749548     -20     7    1.9592257e-08
1846 bs_selcoff_gp:22(22,1,1,3)        -11.833042     -20     7    -1.5841848e-07
1847 bs_selcoff_gp:22(22,1,1,4)        -2.0425657     -20     7    -2.8170213e-07
1848 bs_selcoff_gp:22(22,1,1,5)        -12.655646     -20     7    2.680212e-07
1849 bs_selcoff_gp:23(23,1,1,1)        -8.484801     -20     7    -6.8613736e-07
1850 bs_selcoff_gp:23(23,1,1,2)        1.5156682     -20     7    1.6374896e-07
1851 bs_selcoff_gp:23(23,1,1,3)        -0.86982534     -20     7    -6.921484e-07
1852 bs_selcoff_gp:23(23,1,1,4)        -3.5502688     -20     7    9.4173136e-07
1853 bs_selcoff_gp:23(23,1,1,5)        -19.999999     -20     7    7.0533808e-07   *************
1854 bs_selcoff_gp:24(24,1,1,1)        -5.3036009     -20     7    5.1064472e-07
1855 bs_selcoff_gp:24(24,1,1,2)        0.37300267     -20     7    1.2408253e-06
1856 bs_selcoff_gp:24(24,1,1,3)        1.2646231     -20     7    -9.527828e-08
1857 bs_selcoff_gp:24(24,1,1,4)        -6.7263707     -20     7    1.1483812e-06
1858 bs_selcoff_gp:24(24,1,1,5)        -19.999246     -20     7    1.6173146e-06   *************
1859 bs_selcoff_gp:25(25,1,1,1)        -10.7619     -20     7    2.8459555e-06
1860 bs_selcoff_gp:25(25,1,1,2)        -1.662535     -20     7    7.4792711e-07
1861 bs_selcoff_gp:25(25,1,1,3)        1.4771875     -20     7    7.5700272e-07
1862 bs_selcoff_gp:25(25,1,1,4)        -0.84466848     -20     7    -1.1756091e-06
1863 bs_selcoff_gp:25(25,1,1,5)        -11.181575     -20     7    -1.0074415e-06
1864 bs_selcoff_gp:26(26,1,1,1)        -1.7743743     -20     7    8.8333407e-07
1865 bs_selcoff_gp:26(26,1,1,2)        1.0843069     -20     7    4.3428959e-08
1866 bs_selcoff_gp:26(26,1,1,3)        0.61927681     -20     7    -1.7640695e-07
1867 bs_selcoff_gp:26(26,1,1,4)        -4.1709336     -20     7    1.0875132e-07
1868 bs_selcoff_gp:26(26,1,1,5)        -15.792859     -20     7    5.597294e-06
1869 bs_selcoff_gp:27(27,1,1,1)        -2.6983632     -20     7    -9.1192146e-07
1870 bs_selcoff_gp:27(27,1,1,2)        1.3648192     -20     7    -2.6037546e-07
1871 bs_selcoff_gp:27(27,1,1,3)        -0.071090127     -20     7    8.6676937e-07
1872 bs_selcoff_gp:27(27,1,1,4)        -2.4576256     -20     7    1.0115455e-06
1873 bs_selcoff_gp:27(27,1,1,5)        -7.3337131     -20     7    -2.0964217e-07
1874 bs_selcoff_gp:28(28,1,1,1)        -5.3631928     -20     7    -4.8055595e-07
1875 bs_selcoff_gp:28(28,1,1,2)        1.5518918     -20     7    3.041291e-07
1876 bs_selcoff_gp:28(28,1,1,3)        -3.5587153     -20     7    -1.6491371e-06
1877 bs_selcoff_gp:28(28,1,1,4)        -1.3980371     -20     7    -3.5521496e-06
1878 bs_selcoff_gp:28(28,1,1,5)        -20     -20     7    -3.5792146e-07   *************
1879 bs_selcoff_gp:29(29,1,1,1)        -19.999998     -20     7    2.063771e-06   *************
1880 bs_selcoff_gp:29(29,1,1,2)        -8.0846432     -20     7    -5.9535702e-07
1881 bs_selcoff_gp:29(29,1,1,3)        -0.62359205     -20     7    1.4961268e-06
1882 bs_selcoff_gp:29(29,1,1,4)        0.98096016     -20     7    4.9477755e-07
1883 bs_selcoff_gp:29(29,1,1,5)        0.58597766     -20     7    -1.462569e-06
1884 recr(2)        0.86475382     -20     20    -3.328523e-08
1885 recr(3)        0.94031142     -20     20    6.7326367e-07
1886 recr(4)        0.86722884     -20     20    3.2484325e-07
1887 recr(5)        0.83720693     -20     20    -4.9205442e-07
1888 recr(6)        -2.1026173     -20     20    7.1315325e-07
1889 recr(7)        -1.8137795     -20     20    4.5321539e-07
1890 recr(8)        2.5837897     -20     20    -1.6424727e-07
1891 recr(9)        0.068786263     -20     20    1.7586131e-07
1892 recr(10)        -1.632322     -20     20    -3.3329648e-07
1893 recr(11)        -1.4806277     -20     20    7.1296356e-07
1894 recr(12)        0.45050692     -20     20    1.2737518e-06
1895 recr(13)        2.6659079     -20     20    -1.5885825e-07
1896 recr(14)        0.23789608     -20     20    -1.1775492e-06
1897 recr(15)        -0.17349316     -20     20    1.0612206e-07
1898 recr(16)        -1.4564747     -20     20    -1.1859415e-06
1899 recr(17)        -0.23636153     -20     20    6.7841051e-07
1900 recr(18)        1.6099024     -20     20    -7.6111799e-07
1901 recr(19)        0.80749192     -20     20    1.7061102e-06
1902 recr(20)        -1.3746778     -20     20    -8.2003714e-07
1903 recr(21)        -1.2380808     -20     20    -1.4858711e-07
1904 recr(22)        1.4241708     -20     20    -2.0873438e-07
1905 recr(23)        -1.0680635     -20     20    -3.3758489e-07
1906 recr(24)        0.28458939     -20     20    1.6593632e-07
1907 recr(25)        -1.1262018     -20     20    1.3225913e-06
1908 recr(26)        1.5229443     -20     20    1.268699e-06
1909 recr(27)        -1.8910605     -20     20    -8.7573484e-07
1910 recr(28)        1.8615741     -20     20    -7.4856769e-07
1911 recr(29)        1.3116772     -20     20    -2.1093104e-07
1912 recr(30)        -0.73373782     -20     20    -8.7123934e-07
1913 recr(31)        -1.6802003     -20     20    -6.7762538e-07
1914 recr(32)        -1.6758689     -20     20    -3.3145232e-07
1915 recr(33)        -0.57228439     -20     20    3.1330807e-07
1916 recr(34)        0.9838341     -20     20    1.1050118e-06
1917 recr(35)        0.82777125     -20     20    -5.1040505e-08
1918 recr(36)        -2.4576795     -20     20    1.0941022e-08
1919 recr(37)        1.6523385     -20     20    -6.7513572e-07
1920 recr(38)        -0.14158271     -20     20    1.7299505e-06
1921 recr(39)        -2.1294664     -20     20    -7.1489249e-07
1922 recr(40)        -2.768196     -20     20    1.3930688e-07
1923 recr(41)        0.013223335     -20     20    7.2655488e-07
1924 recr(42)        1.4136383     -20     20    -2.193917e-07
1925 recr(43)        -2.8228999     -20     20    -5.4930638e-07
1926 recr(44)        -2.5767135     -20     20    -1.0535409e-06
1927 recr(45)        1.4765842     -20     20    -1.3604448e-09
1928 recr(46)        -1.742702     -20     20    1.4394887e-06
1929 recr(47)        -3.0779154     -20     20    1.6386226e-07
1930 recr(48)        -1.9064045     -20     20    -1.4232224e-06
1931 recr(49)        1.7661423     -20     20    2.7572248e-07
1932 recr(50)        -2.6480035     -20     20    -1.1650476e-06
1933 recr(51)        -2.4897005     -20     20    1.9749488e-07
1934 recr(52)        0.072048584     -20     20    3.7889613e-06
1935 recr(53)        1.1246628     -20     20    -2.065002e-06
1936 recr(54)        -1.6210044     -20     20    -1.3502941e-06
1937 recr(55)        -2.3156957     -20     20    -3.2638905e-08
1938 recr(56)        0.36670953     -20     20    1.6553875e-06
1939 recr(57)        -0.62219204     -20     20    1.6554774e-06
1940 recr(58)        1.3683059     -20     20    2.309673e-07
1941 recr(59)        -2.4940038     -20     20    -7.3728034e-07
1942 recr(60)        0.65283543     -20     20    -2.2417485e-08
1943 recr(61)        1.7290507     -20     20    -4.0433743e-07
1944 recr(62)        -1.6424332     -20     20    2.0474209e-07
1945 recr(63)        -2.6657413     -20     20    7.764179e-07
1946 recr(64)        -1.5291483     -20     20    6.5915605e-07
1947 recr(65)        0.66877471     -20     20    -3.0625077e-07
1948 recr(66)        -1.1439293     -20     20    9.8034899e-07
1949 recr(67)        -3.0758327     -20     20    6.9133267e-07
1950 recr(68)        -0.61804157     -20     20    -1.5830012e-06
1951 recr(69)        1.207067     -20     20    1.3552226e-07
1952 recr(70)        0.46640277     -20     20    -1.1390687e-07
1953 recr(71)        -2.9933021     -20     20    4.6942399e-07
1954 recr(72)        -0.026912479     -20     20    -2.6718134e-07
1955 recr(73)        1.5499992     -20     20    -1.8827973e-08
1956 recr(74)        0.38484057     -20     20    6.7374669e-07
1957 recr(75)        -4.0084722     -20     20    -1.2634849e-06
1958 recr(76)        -2.2985965     -20     20    -4.7852937e-08
1959 recr(77)        -0.70086241     -20     20    5.3911922e-07
1960 recr(78)        -0.23508768     -20     20    1.8675636e-06
1961 recr(79)        -3.1662276     -20     20    -5.6614146e-07
1962 recr(80)        0.66705145     -20     20    2.0818421e-07
1963 recr(81)        1.004313     -20     20    -3.0127241e-07
1964 recr(82)        -0.30094019     -20     20    -9.2824254e-07
1965 recr(83)        -0.51755334     -20     20    -6.1110273e-07
1966 recr(84)        0.33392241     -20     20    1.1093813e-07
1967 recr(85)        1.2085624     -20     20    4.8373596e-07
1968 recr(86)        -2.4057533     -20     20    -3.1234523e-06
1969 recr(87)        -1.404328     -20     20    -4.5586877e-07
1970 recr(88)        1.2322195     -20     20    3.6105499e-07
1971 recr(89)        0.64924402     -20     20    -1.0627301e-06
1972 recr(90)        -2.4568711     -20     20    -1.4001472e-06
1973 recr(91)        -1.2299347     -20     20    -1.2876825e-06
1974 recr(92)        -0.6344554     -20     20    1.2575744e-07
1975 recr(93)        -1.6811308     -20     20    4.4098627e-07
1976 recr(94)        2.1262146     -20     20    -2.1581544e-07
1977 recr(95)        0.87667214     -20     20    1.4544395e-06
1978 recr(96)        -2.2110878     -20     20    4.0406629e-07
1979 recr(97)        -1.6056923     -20     20    5.1485256e-08
1980 recr(98)        -1.3888652     -20     20    -1.3825978e-07
1981 recr(99)        -0.13907755     -20     20    2.3168473e-07
1982 recr(100)        0.43838566     -20     20    -2.8101519e-07
1983 recr(101)        1.2967041     -20     20    -8.0495564e-08
1984 recr(102)        -2.9139267     -20     20    -8.6091943e-08
1985 recr(103)        -1.5796624     -20     20    1.2268332e-06
1986 recr(104)        1.5968172     -20     20    -9.2649741e-07
1987 recr(105)        0.15126654     -20     20    3.6250796e-06
1988 recr(106)        -3.340661     -20     20    -1.4385872e-06
1989 recr(107)        -1.6862063     -20     20    -1.5659843e-07
1990 recr(108)        -1.1848147     -20     20    -3.44142e-07
1991 recr(109)        0.84378368     -20     20    -5.4342168e-07
1992 recr(110)        -2.0399286     -20     20    -7.7028514e-07
1993 recr(111)        -0.44318654     -20     20    1.8078888e-06
1994 recr(112)        -1.8979106     -20     20    4.5662307e-07
1995 recr(113)        1.4627969     -20     20    -1.8749289e-07
1996 recr(114)        -0.016532886     -20     20    4.9417745e-07
1997 recr(115)        -1.4186996     -20     20    -3.98361e-07
1998 recr(116)        -0.3769099     -20     20    -9.1793821e-08
1999 recr(117)        1.3016439     -20     20    -5.6999604e-08
2000 recr(118)        -1.3290577     -20     20    -4.9879623e-07
2001 recr(119)        -1.2540458     -20     20    9.7906717e-07
2002 recr(120)        0.84725816     -20     20    9.8808651e-07
2003 recr(121)        1.2588412     -20     20    -4.4401112e-07
2004 recr(122)        0.81664378     -20     20    6.843545e-07
2005 recr(123)        -1.5962197     -20     20    -1.289588e-08
2006 recr(124)        0.038288008     -20     20    -5.4866034e-07
2007 recr(125)        0.62743634     -20     20    4.9953361e-08
2008 recr(126)        0.51711716     -20     20    -3.9810632e-07
2009 recr(127)        -0.4842006     -20     20    -6.3586889e-07
2010 recr(128)        0.93931939     -20     20    1.5195453e-07
2011 recr(129)        -0.6638349     -20     20    -3.5347301e-07
2012 recr(130)        -0.10336966     -20     20    9.2514459e-07
2013 recr(131)        -0.9105666     -20     20    -1.3127227e-06
2014 recr(132)        0.60906622     -20     20    -1.4306526e-07
2015 recr(133)        1.3239647     -20     20    -1.2724279e-07
2016 recr(134)        -0.35594023     -20     20    -1.7731167e-06
2017 recr(135)        0.71307043     -20     20    1.4349196e-06
2018 recr(136)        0.21356676     -20     20    -1.2670206e-07
2019 recr(137)        0.74636047     -20     20    -3.7141488e-08
2020 recr(138)        -0.27934501     -20     20    -1.3403441e-06
2021 recr(139)        -0.69500897     -20     20    8.798722e-07
2022 recr(140)        -1.4392086     -20     20    -9.7324496e-07
2023 recr(141)        1.3889802     -20     20    4.0128139e-07
2024 recr(142)        -0.75845039     -20     20    1.4584831e-07
2025 recr(143)        -1.345939     -20     20    -1.9806561e-07
2026 recr(144)        0.86491513     -20     20    6.252816e-07
2027 recr(145)        1.8319189     -20     20    6.6047883e-07
2028 recr(146)        -0.44541393     -20     20    -6.0861725e-07
2029 recr(147)        -0.52193463     -20     20    1.0976462e-06
2030 recr(148)        1.253624     -20     20    -8.8700778e-07
2031 recr(149)        -0.137072     -20     20    6.713328e-07
2032 recr(150)        -0.56672391     -20     20    1.1312745e-07
2033 recr(151)        0.47148984     -20     20    2.5426243e-07
2034 recr(152)        0.18865583     -20     20    -1.0514495e-06
2035 recr(153)        1.1615021     -20     20    6.2051254e-07
2036 recr(154)        -0.16097338     -20     20    -1.5821393e-06
2037 recr(155)        0.23636109     -20     20    7.542135e-07
2038 recr(156)        0.64291829     -20     20    8.6330548e-09
2039 recr(157)        0.50908888     -20     20    6.9270512e-09
2040 recr(158)        -1.1637767     -20     20    7.0483817e-07
2041 recr(159)        -0.43494207     -20     20    -5.9836644e-07
2042 recr(160)        0.96450815     -20     20    1.0177885e-08
2043 recr(161)        1.196944     -20     20    7.6342628e-08
2044 recr(162)        -0.72647266     -20     20    7.0037771e-07
2045 recr(163)        0.75105968     -20     20    -5.0518058e-08
2046 recr(164)        1.076998     -20     20    2.7246199e-07
2047 recr(165)        0.013596678     -20     20    -9.9315115e-07
2048 recr(166)        -0.91357086     -20     20    8.4924205e-07
2049 recr(167)        0.33578597     -20     20    1.6736894e-07
2050 recr(168)        0.36387784     -20     20    5.4617004e-07
2051 recr(169)        0.64934032     -20     20    9.0186328e-07
2052 recr(170)        0.024125461     -20     20    1.1670937e-06
2053 recr(171)        0.70448878     -20     20    5.3490935e-07
2054 recr(172)        0.87940728     -20     20    8.0210682e-07
2055 recr(173)        1.6326557     -20     20    9.9774305e-07
2056 recr(174)        -1.0384185     -20     20    1.2721818e-06
2057 recr(175)        -1.3743243     -20     20    -6.1280047e-07
2058 recr(176)        -0.085689742     -20     20    1.5314786e-08
2059 recr(177)        0.91921627     -20     20    -8.7356137e-08
2060 recr(178)        1.33511     -20     20    6.1391864e-07
2061 recr(179)        0.21172875     -20     20    -2.2013823e-08
2062 recr(180)        0.48204232     -20     20    -1.960766e-09
2063 recr(181)        0.78405401     -20     20    -2.6603683e-07
2064 recr(182)        -0.56567524     -20     20    1.043313e-06
2065 recr(183)        -0.29285816     -20     20    -2.4278929e-06
2066 recr(184)        0.27997472     -20     20    7.9681023e-07
2067 recr(185)        0.63881312     -20     20    7.3970751e-07
2068 recr(186)        1.2585475     -20     20    4.8491304e-08
2069 recr(187)        0.62283605     -20     20    -4.4161187e-08
2070 recr(188)        0.23903006     -20     20    -9.3279059e-07
2071 recr(189)        -0.20223776     -20     20    2.0421738e-06
2072 recr(190)        -0.38462817     -20     20    -1.6699785e-06
2073 recr(191)        0.62042026     -20     20    -4.0752734e-07
2074 recr(192)        0.60327821     -20     20    1.2178191e-06
2075 recr(193)        1.0845107     -20     20    -4.8990199e-07
2076 recr(194)        1.0196448     -20     20    7.0131801e-07
2077 recr(195)        0.85672735     -20     20    2.421622e-07
2078 recr(196)        1.1535882     -20     20    -1.8995941e-07
2079 recr(197)        0.42109591     -20     20    -4.760716e-07
2080 recr(198)        0.23185228     -20     20    6.5991615e-07
2081 recr(199)        0.45379846     -20     20    -1.8468131e-07
2082 recr(200)        0.83203435     -20     20    -4.9715112e-07
2083 recr(201)        0.29903655     -20     20    1.5492247e-06
2084 recr(202)        0.86205277     -20     20    -5.0244847e-07
2085 recr(203)        1.0061195     -20     20    7.7960065e-08
2086 recr(204)        0.98807714     -20     20    8.8446077e-08
2087 recr(205)        -0.88014614     -20     20    -3.449353e-07
2088 recr(206)        -0.096868088     -20     20    1.1800141e-07
2089 recr(207)        -0.54344759     -20     20    -3.9976414e-06
2090 recr(208)        1.0781931     -20     20    -2.6138943e-07
2091 recr(209)        0.68353225     -20     20    -2.4358939e-07
2092 recr(210)        1.4480781     -20     20    -7.5564531e-08
2093 recr(211)        0.8982625     -20     20    -4.4468152e-07
2094 recr(212)        0.79969073     -20     20    -8.3555492e-07
2095 recr(213)        0.063056538     -20     20    -4.8414459e-07
2096 recr(214)        -0.01618218     -20     20    5.9088421e-07
2097 recr(215)        -0.075239574     -20     20    1.038908e-06
2098 recr(216)        0.79841682     -20     20    -1.4751952e-06
2099 recr(217)        1.0400046     -20     20    -6.7236899e-08
2100 recr(218)        0.66057465     -20     20    -7.6783875e-07
2101 recr(219)        0.14453069     -20     20    9.5305939e-09
2102 recr(220)        0.26926704     -20     20    2.3314617e-07
2103 recr(221)        0.53223855     -20     20    5.8502018e-07
2104 recr(222)        0.50656955     -20     20    4.3410311e-07
2105 recr(223)        0.56695154     -20     20    -3.2703525e-07
2106 recr(224)        0.9856039     -20     20    1.9161557e-08
2107 recr(225)        0.14537647     -20     20    4.8440827e-07
2108 recr(226)        0.24031856     -20     20    -1.0224335e-06
2109 recr(227)        0.23732387     -20     20    1.4318215e-06
2110 recr(228)        0.825881     -20     20    2.452482e-07
2111 recr(229)        1.0654496     -20     20    4.0290532e-07
2112 recr(230)        0.85605169     -20     20    3.5547052e-09
2113 recr(231)        0.42225877     -20     20    8.5594863e-07
2114 recr(232)        0.58753192     -20     20    -7.9872016e-08
2115 recr(233)        0.16207928     -20     20    -4.0415299e-07
2116 recr(234)        0.17850663     -20     20    3.6751704e-07
2117 recr(235)        0.52276438     -20     20    2.0243334e-07
2118 recr(236)        0.54050858     -20     20    3.6115866e-07
2119 recr(237)        0.24141081     -20     20    -3.0311265e-07
2120 recr(238)        0.15752448     -20     20    4.6596842e-07
2121 recr(239)        0.54754052     -20     20    2.6113466e-07
2122 recr(240)        0.88347284     -20     20    2.9792635e-07
2123 recr(241)        0.90950946     -20     20    2.5890928e-07
2124 recr(242)        1.1293033     -20     20    -3.2613241e-08
2125 recr(243)        0.68109053     -20     20    4.0474892e-07
2126 recr(244)        0.88864458     -20     20    -5.2422727e-08
2127 recr(245)        0.59776456     -20     20    1.6848504e-07
2128 recr(246)        0.66043037     -20     20    -8.5904524e-09
2129 recr(247)        0.91441751     -20     20    1.9534379e-07
2130 recr(248)        0.90033335     -20     20    4.083102e-07
2131 recr(249)        0.36558995     -20     20    -4.7783736e-07
2132 recr(250)        0.11236639     -20     20    2.4938941e-08
2133 recr(251)        0.15115184     -20     20    1.0548057e-07
2134 recr(252)        0.15687157     -20     20    1.1213902e-07
2135 recr(253)        0.85989543     -20     20    1.4160747e-08
2136 recr(254)        0.25865352     -20     20    6.8247831e-08
2137 recr(255)        0.46653914     -20     20    -1.5069736e-07
2138 recr(256)        0.58067058     -20     20    1.9074811e-07
2139 recr(257)        0.95617365     -20     20    8.5085102e-08
2140 recr(258)        0.29959019     -20     20    2.6047622e-07
2141 recr(259)        0.6318763     -20     20    -1.3187969e-07
2142 recr(260)        0.7326583     -20     20    2.0568168e-07
2143 recr(261)        0.43994322     -20     20    -5.4872841e-07
2144 recr(262)        0.52487147     -20     20    -5.5342049e-08
2145 recr(263)        0.74050775     -20     20    6.6339174e-09
2146 recr(264)        0.51494818     -20     20    1.2203438e-06
2147 recr(265)        0.76279065     -20     20    -1.1658838e-06
2148 recr(266)        0.090896742     -20     20    -6.0969919e-07
2149 recr(267)        0.29328937     -20     20    -8.9814517e-07
2150 recr(268)        0.35159144     -20     20    -1.0218269e-06
2151 recr(269)        0.83863103     -20     20    -9.6705817e-07
2152 recr(270)        -0.2858981     -20     20    -1.6222483e-06
2153 recr(271)        0.12310469     -20     20    -2.0405705e-06
2154 recr(272)        -0.062053777     -20     20    -2.9365892e-06
2155 recr(273)        0.18862927     -20     20    -3.8962998e-07
2156 recr(274)        1.77304     -20     20    -5.3330717e-08
2157 totpop        16.528658     8     25    -1.2113387e-07
2158 tag_fish_rep(1)        0.12883312     0.001     0.99    -1.009522e-06
2159 tag_fish_rep(3)        0.99     0.001     0.99    -5.6279893e-10   *************
2160 tag_fish_rep(4)        0.53277043     0.001     0.99    -7.8280527e-07
2161 tag_fish_rep(5)        0.65255393     0.001     0.99    6.812898e-07
2162 tag_fish_rep(6)        0.44964764     0.001     0.99    1.9679614e-06
2163 tag_fish_rep(11)        0.62897925     0.001     0.99    3.9884453e-07
2164 tag_fish_rep(12)        0.60505056     0.001     0.99    -3.1342342e-07
2165 tag_fish_rep(13)        0.20302107     0.001     0.99    -3.051891e-08
2166 tag_fish_rep(17)        0.61740914     0.001     0.99    -1.9888784e-07
2167 tag_fish_rep(18)        0.77699079     0.001     0.99    3.6126501e-07
2168 tag_fish_rep(19)        0.98999999     0.001     0.99    -5.9996696e-10   *************
2169 tag_fish_rep(24)        0.83550137     0.001     0.99    -4.7951127e-08
2170 tag_fish_rep(25)        0.27845189     0.001     0.99    -1.1162371e-07
2171 region_pars(1)        0.2522919     1e-06     1.5    2.0664237e-07
2172 region_pars(1)        0.33075346     1e-06     1.5    4.067576e-07
2173 region_pars(1)        0.10523378     1e-06     1.5    1.056801e-06
2174 region_pars(1)        0.22267331     1e-06     1.5    1.0902097e-06
2175 region_pars(1)        0.087118232     1e-06     1.5    -3.3349366e-06
2176 region_pars(1)        0.0019300666     1e-06     1.5    1.0572033e-07
2177 sv(21)        0.048296207     1e-06     1000    -1.4907749e-08
2178 age_pars(5)        -2.5329102     -20     2    -6.6012e-06
2179 vb_coff(1)        23.687162     10     60    1.5066921e-06
2180 vb_coff(2)        146.07094     130     200    1.2619377e-06
2181 vb_coff(3)        0.12076454     0.01     0.3    2.0246862e-06
2182 var_coff(1)        6.9470825     1     10    -1.9047178e-07
2183 var_coff(2)        0.58069752     0.1     3    1.1400533e-07
