 Index  Var_name   Estimate L_bound  U_bound gradient
1 diff_coffs(1,1)        0.03677158     0     4    -9.4465693e-08
2 diff_coffs(1,2)        4.3940895e-10     0     4    -5.982301e-10   *************
3 diff_coffs(1,3)        1.3078114e-09     0     4    -4.411811e-08   *************
4 diff_coffs(1,4)        7.898755e-10     0     4    7.0814622e-08   *************
5 diff_coffs(1,5)        0.0042542817     0     4    -1.4431529e-06
6 diff_coffs(1,6)        0.0032547944     0     4    2.1067682e-06
7 diff_coffs(1,7)        0.041845212     0     4    2.8334561e-08
8 diff_coffs(1,8)        0.0014012701     0     4    2.0954679e-06
9 diff_coffs(1,9)        0.016473417     0     4    3.8496864e-06
10 diff_coffs(1,10)        0.11277508     0     4    -2.7760626e-06
11 diff_coffs(1,11)        2.4324796e-09     0     4    -5.785268e-09   *************
12 diff_coffs(1,12)        0.08811248     0     4    8.5870175e-07
13 diff_coffs(1,13)        6.8853812e-10     0     4    3.1046841e-09   *************
14 diff_coffs(1,14)        1.32988e-08     0     4    -6.9299742e-08   *************
15 diff_coffs(1,15)        3.8961576e-09     0     4    1.9813265e-08   *************
16 diff_coffs(1,16)        0.048635461     0     4    3.0958782e-06
17 diff_coffs(1,17)        8.1561868e-11     0     4    -2.1873738e-06   *************
18 diff_coffs(1,18)        0.055740058     0     4    -5.1427662e-07
19 diff_coffs(1,19)        0.001605266     0     4    -5.1931369e-06
20 diff_coffs(1,20)        5.2913518e-10     0     4    1.6440061e-10   *************
21 diff_coffs(1,21)        2.725127e-09     0     4    2.0304397e-06   *************
22 diff_coffs(1,22)        0.0051514608     0     4    3.0702126e-06
23 diff_coffs(1,23)        0.65612944     0     4    5.6089062e-08
24 diff_coffs(1,24)        1.0731276e-09     0     4    5.3422451e-08   *************
25 diff_coffs(1,25)        0.0038250332     0     4    1.7792895e-07
26 diff_coffs(1,26)        0.086912842     0     4    -4.6123582e-06
27 diff_coffs(2,1)        0.18576833     0     4    -3.30177e-07
28 diff_coffs(2,2)        1.2793993e-09     0     4    -8.8347031e-09   *************
29 diff_coffs(2,3)        0.15063684     0     4    -4.8180239e-07
30 diff_coffs(2,4)        8.5611984e-10     0     4    1.7963005e-10   *************
31 diff_coffs(2,5)        0.0023236003     0     4    3.5898759e-07
32 diff_coffs(2,6)        7.7300322e-10     0     4    -7.2238037e-09   *************
33 diff_coffs(2,7)        0.27450598     0     4    -9.0510023e-08
34 diff_coffs(2,8)        1.9079915e-10     0     4    -5.9948532e-09   *************
35 diff_coffs(2,9)        0.00775214     0     4    -6.1312815e-07
36 diff_coffs(2,10)        0.01985703     0     4    -2.6793587e-07
37 diff_coffs(2,11)        1.9735789e-09     0     4    -2.6382651e-08   *************
38 diff_coffs(2,12)        7.9903417e-10     0     4    -1.466006e-08   *************
39 diff_coffs(2,13)        2.1676339e-09     0     4    6.882718e-08   *************
40 diff_coffs(2,14)        1.70749e-08     0     4    6.7640047e-08   *************
41 diff_coffs(2,15)        2.931877e-09     0     4    4.0525581e-09   *************
42 diff_coffs(2,16)        4.4988064e-09     0     4    2.6970488e-09   *************
43 diff_coffs(2,17)        6.4334982e-11     0     4    2.363727e-08   *************
44 diff_coffs(2,18)        1.7793763e-08     0     4    -2.7563819e-08   *************
45 diff_coffs(2,19)        0.043261719     0     4    -6.6945059e-06
46 diff_coffs(2,20)        4.6612003e-10     0     4    -2.0055913e-08   *************
47 diff_coffs(2,21)        0.15807074     0     4    -1.0922191e-06
48 diff_coffs(2,22)        2.5807001e-10     0     4    -3.2571731e-08   *************
49 diff_coffs(2,23)        0.22791474     0     4    2.6484019e-06
50 diff_coffs(2,24)        7.219243e-10     0     4    -2.7540686e-08   *************
51 diff_coffs(2,25)        2.5886603e-08     0     4    1.3912241e-06   *************
52 diff_coffs(2,26)        3.3180694e-09     0     4    1.044012e-08   *************
53 diff_coffs(3,1)        0.012998685     0     4    -2.2162713e-07
54 diff_coffs(3,2)        5.8330918e-10     0     4    -2.2206143e-09   *************
55 diff_coffs(3,3)        4.0087793e-09     0     4    -5.6171759e-08   *************
56 diff_coffs(3,4)        0.060049706     0     4    5.523966e-07
57 diff_coffs(3,5)        1.0801895e-09     0     4    -7.7396905e-08   *************
58 diff_coffs(3,6)        9.6977182e-10     0     4    -8.7814508e-09   *************
59 diff_coffs(3,7)        1.0209167e-08     0     4    1.8357887e-07   *************
60 diff_coffs(3,8)        1.7458035e-10     0     4    -7.6198328e-10   *************
61 diff_coffs(3,9)        0.1056055     0     4    2.3795291e-06
62 diff_coffs(3,10)        0.019754513     0     4    -1.5338002e-06
63 diff_coffs(3,11)        1.2829406e-09     0     4    -2.2776417e-08   *************
64 diff_coffs(3,12)        0.006059262     0     4    -1.2145851e-06
65 diff_coffs(3,13)        2.5445872e-09     0     4    4.3258086e-09   *************
66 diff_coffs(3,14)        2.6241205e-09     0     4    -9.6630065e-08   *************
67 diff_coffs(3,15)        1.8958333e-08     0     4    -1.090384e-08   *************
68 diff_coffs(3,16)        0.017240231     0     4    4.5398918e-08
69 diff_coffs(3,17)        5.4993343e-11     0     4    2.4900677e-06   *************
70 diff_coffs(3,18)        7.1676591e-09     0     4    6.1442299e-07   *************
71 diff_coffs(3,19)        1.3561798e-09     0     4    -1.5694803e-06   *************
72 diff_coffs(3,20)        4.4613246e-10     0     4    -1.5379264e-09   *************
73 diff_coffs(3,21)        0.030398677     0     4    -2.2409996e-06
74 diff_coffs(3,22)        3.2493164e-10     0     4    6.6116493e-08   *************
75 diff_coffs(3,23)        0.15219748     0     4    -1.8359494e-06
76 diff_coffs(3,24)        8.3883278e-10     0     4    3.5942155e-06   *************
77 diff_coffs(3,25)        0.02311866     0     4    2.479311e-06
78 diff_coffs(3,26)        1.5702436e-08     0     4    3.603921e-08   *************
79 diff_coffs(4,1)        2.7060965e-09     0     4    6.1073792e-07   *************
80 diff_coffs(4,2)        4.1169934e-10     0     4    4.3113806e-09   *************
81 diff_coffs(4,3)        1.1449948e-09     0     4    2.0503632e-08   *************
82 diff_coffs(4,4)        0.016817293     0     4    6.56639e-07
83 diff_coffs(4,5)        7.3112671e-10     0     4    -6.236404e-08   *************
84 diff_coffs(4,6)        1.4978379e-09     0     4    5.7311428e-10   *************
85 diff_coffs(4,7)        0.11395542     0     4    -2.6897803e-07
86 diff_coffs(4,8)        2.5852276e-10     0     4    7.9264286e-09   *************
87 diff_coffs(4,9)        0.016014363     0     4    1.1767413e-06
88 diff_coffs(4,10)        0.013771048     0     4    -1.4658205e-06
89 diff_coffs(4,11)        0.013884543     0     4    2.0959903e-06
90 diff_coffs(4,12)        0.015689008     0     4    -6.8692333e-07
91 diff_coffs(4,13)        2.605119e-09     0     4    4.0434407e-09   *************
92 diff_coffs(4,14)        0.016553651     0     4    9.9573673e-07
93 diff_coffs(4,15)        0.032890418     0     4    1.5374144e-06
94 diff_coffs(4,16)        0.0037341911     0     4    -1.4720049e-06
95 diff_coffs(4,17)        5.3683724e-11     0     4    -2.132997e-08   *************
96 diff_coffs(4,18)        0.043158614     0     4    1.4924641e-06
97 diff_coffs(4,19)        1.4143424e-09     0     4    7.6305171e-07   *************
98 diff_coffs(4,20)        6.5965122e-10     0     4    1.5431797e-08   *************
99 diff_coffs(4,21)        0.070323958     0     4    1.3272073e-07
100 diff_coffs(4,22)        4.2884274e-10     0     4    -2.2906315e-06   *************
101 diff_coffs(4,23)        8.1811049e-09     0     4    -9.1035373e-07   *************
102 diff_coffs(4,24)        8.4346774e-10     0     4    -3.8053417e-08   *************
103 diff_coffs(4,25)        0.1146397     0     4    -6.8247545e-07
104 diff_coffs(4,26)        0.021853124     0     4    -4.3269341e-07
105 region_rec_diffs(1,1)        -5.2526943e-09     -3     3    5.687614e-08
106 region_rec_diffs(1,2)        0.25836736     -3     3    3.3940349e-07
107 region_rec_diffs(1,3)        0.035558823     -3     3    -2.7145655e-07
108 region_rec_diffs(1,4)        0.21674564     -3     3    -1.5079459e-06
109 region_rec_diffs(1,5)        0.28857485     -3     3    -3.9162299e-07
110 region_rec_diffs(1,6)        0.23808512     -3     3    -8.8237802e-07
111 region_rec_diffs(1,7)        0.43738049     -3     3    -1.3008004e-06
112 region_rec_diffs(1,8)        0.12412743     -3     3    -1.4674321e-06
113 region_rec_diffs(1,9)        0.18808463     -3     3    -3.6652638e-07
114 region_rec_diffs(1,10)        0.19816334     -3     3    1.2036241e-06
115 region_rec_diffs(1,11)        -0.48851356     -3     3    3.0263844e-06
116 region_rec_diffs(1,12)        0.17112927     -3     3    -1.9677978e-07
117 region_rec_diffs(1,13)        0.85653412     -3     3    8.7370439e-07
118 region_rec_diffs(1,14)        0.80857566     -3     3    2.3137737e-07
119 region_rec_diffs(1,15)        -0.11995518     -3     3    -7.6274202e-07
120 region_rec_diffs(1,16)        -0.13183957     -3     3    -1.3901361e-06
121 region_rec_diffs(1,17)        -0.49144983     -3     3    -3.7244616e-07
122 region_rec_diffs(1,18)        0.96634733     -3     3    4.7032515e-07
123 region_rec_diffs(1,19)        0.14654897     -3     3    -4.2395656e-07
124 region_rec_diffs(1,20)        0.19265668     -3     3    -1.4411424e-06
125 region_rec_diffs(1,21)        -0.49150866     -3     3    -7.7150609e-07
126 region_rec_diffs(1,22)        0.66429406     -3     3    -1.5522706e-06
127 region_rec_diffs(1,23)        0.29379252     -3     3    5.1498997e-07
128 region_rec_diffs(1,24)        -0.26079367     -3     3    2.3054126e-07
129 region_rec_diffs(1,25)        0.77422508     -3     3    -2.9615976e-07
130 region_rec_diffs(1,26)        0.15612405     -3     3    1.4967295e-06
131 region_rec_diffs(1,27)        0.20279806     -3     3    -3.9549176e-07
132 region_rec_diffs(1,28)        0.78197321     -3     3    -2.3196921e-07
133 region_rec_diffs(1,29)        -0.71917059     -3     3    2.4088495e-07
134 region_rec_diffs(1,30)        -0.39227653     -3     3    2.4579208e-08
135 region_rec_diffs(1,31)        -0.1140024     -3     3    -5.5034368e-08
136 region_rec_diffs(1,32)        -0.25102104     -3     3    1.8524837e-07
137 region_rec_diffs(1,33)        -0.85113265     -3     3    -3.0774246e-08
138 region_rec_diffs(1,34)        0.37868118     -3     3    -6.2757774e-08
139 region_rec_diffs(1,35)        0.22929821     -3     3    2.4310697e-07
140 region_rec_diffs(1,36)        -0.5025449     -3     3    1.1038686e-06
141 region_rec_diffs(1,37)        0.98340146     -3     3    1.7860192e-07
142 region_rec_diffs(1,38)        0.18406526     -3     3    5.1539506e-07
143 region_rec_diffs(1,39)        0.053879698     -3     3    3.4461138e-08
144 region_rec_diffs(1,40)        -0.11568363     -3     3    8.7800021e-08
145 region_rec_diffs(1,41)        -0.1182674     -3     3    -5.3835674e-08
146 region_rec_diffs(1,42)        1.0896194     -3     3    3.8005487e-07
147 region_rec_diffs(1,43)        0.0087641748     -3     3    1.4888895e-07
148 region_rec_diffs(1,44)        -1.0786538     -3     3    1.0098184e-06
149 region_rec_diffs(1,45)        0.066965194     -3     3    2.6203399e-06
150 region_rec_diffs(1,46)        0.65696085     -3     3    -4.7182606e-07
151 region_rec_diffs(1,47)        0.53022966     -3     3    -3.2669787e-07
152 region_rec_diffs(1,48)        -0.7094858     -3     3    -2.9319638e-07
153 region_rec_diffs(1,49)        0.40158702     -3     3    9.1895227e-07
154 region_rec_diffs(1,50)        -0.07890274     -3     3    1.8027939e-07
155 region_rec_diffs(1,51)        1.1774198     -3     3    3.6874936e-08
156 region_rec_diffs(1,52)        0.40416104     -3     3    -6.4448554e-07
157 region_rec_diffs(1,53)        -0.40355817     -3     3    -1.7622471e-06
158 region_rec_diffs(1,54)        0.024915273     -3     3    -3.5918592e-07
159 region_rec_diffs(1,55)        0.54839324     -3     3    -1.4522366e-06
160 region_rec_diffs(1,56)        0.16982464     -3     3    -8.6775224e-07
161 region_rec_diffs(1,57)        -1.37952     -3     3    9.4419527e-07
162 region_rec_diffs(1,58)        0.75508923     -3     3    7.5033896e-07
163 region_rec_diffs(1,59)        0.57820808     -3     3    4.1856025e-07
164 region_rec_diffs(1,60)        -0.77096784     -3     3    -2.0820913e-06
165 region_rec_diffs(1,61)        0.61746555     -3     3    -9.9816219e-07
166 region_rec_diffs(1,62)        0.13593298     -3     3    1.4399261e-07
167 region_rec_diffs(1,63)        0.84456869     -3     3    6.3762975e-07
168 region_rec_diffs(1,64)        0.56969451     -3     3    -4.6363155e-07
169 region_rec_diffs(1,65)        -0.90185367     -3     3    -4.654878e-07
170 region_rec_diffs(1,66)        -0.2154187     -3     3    3.4768075e-07
171 region_rec_diffs(1,67)        0.71269679     -3     3    5.7662926e-07
172 region_rec_diffs(1,68)        0.73619359     -3     3    -1.114854e-06
173 region_rec_diffs(1,69)        0.14297674     -3     3    -2.3064177e-06
174 region_rec_diffs(1,70)        -0.10474856     -3     3    -1.0812992e-07
175 region_rec_diffs(1,71)        0.69044318     -3     3    4.0232316e-07
176 region_rec_diffs(1,72)        -0.087352199     -3     3    -6.6277252e-07
177 region_rec_diffs(1,73)        0.47129861     -3     3    -6.0234362e-07
178 region_rec_diffs(1,74)        0.30951721     -3     3    1.4277005e-06
179 region_rec_diffs(1,75)        -0.30158853     -3     3    3.4053553e-07
180 region_rec_diffs(1,76)        -0.56550676     -3     3    -1.2742359e-08
181 region_rec_diffs(1,77)        -1.2826065     -3     3    -3.0467905e-07
182 region_rec_diffs(1,78)        0.68060446     -3     3    -8.8372239e-07
183 region_rec_diffs(1,79)        0.50539732     -3     3    -1.1157406e-07
184 region_rec_diffs(1,80)        0.71398606     -3     3    -2.6397818e-07
185 region_rec_diffs(1,81)        0.71815591     -3     3    -4.0185561e-07
186 region_rec_diffs(1,82)        0.91872726     -3     3    8.1074676e-08
187 region_rec_diffs(1,83)        0.56508877     -3     3    7.4459769e-07
188 region_rec_diffs(1,84)        -0.44404191     -3     3    6.1496606e-07
189 region_rec_diffs(1,85)        0.50419788     -3     3    -8.9748257e-07
190 region_rec_diffs(1,86)        -0.23938216     -3     3    2.7693701e-08
191 region_rec_diffs(1,87)        0.30825746     -3     3    1.4811939e-06
192 region_rec_diffs(1,88)        -1.8723838     -3     3    1.2086654e-06
193 region_rec_diffs(1,89)        0.37349359     -3     3    2.5222213e-06
194 region_rec_diffs(1,90)        -0.27178673     -3     3    -2.0454688e-07
195 region_rec_diffs(1,91)        0.44395639     -3     3    -4.6751954e-07
196 region_rec_diffs(1,92)        0.34198585     -3     3    2.3454221e-06
197 region_rec_diffs(1,93)        -1.9615501     -3     3    -5.4768812e-07
198 region_rec_diffs(1,94)        1.0384369     -3     3    3.9896446e-07
199 region_rec_diffs(1,95)        0.16431777     -3     3    4.4761011e-08
200 region_rec_diffs(1,96)        -0.51196748     -3     3    -4.9772165e-07
201 region_rec_diffs(1,97)        0.066238213     -3     3    -1.2612128e-06
202 region_rec_diffs(1,98)        0.6865027     -3     3    -7.7417489e-07
203 region_rec_diffs(1,99)        0.25460558     -3     3    1.5755598e-06
204 region_rec_diffs(1,100)        -0.23808841     -3     3    4.4944643e-07
205 region_rec_diffs(1,101)        0.67125045     -3     3    -1.4564419e-06
206 region_rec_diffs(1,102)        -0.037661729     -3     3    -2.0380662e-07
207 region_rec_diffs(1,103)        0.62756355     -3     3    -6.5615207e-07
208 region_rec_diffs(1,104)        0.23677209     -3     3    1.1830486e-07
209 region_rec_diffs(1,105)        0.040993266     -3     3    3.0841539e-07
210 region_rec_diffs(1,106)        0.014258357     -3     3    1.8710088e-07
211 region_rec_diffs(1,107)        0.46425249     -3     3    -2.1397811e-07
212 region_rec_diffs(1,108)        0.85838789     -3     3    -1.1879316e-06
213 region_rec_diffs(1,109)        0.40119098     -3     3    -2.045108e-06
214 region_rec_diffs(1,110)        -0.061503749     -3     3    -1.038138e-07
215 region_rec_diffs(1,111)        -1.0583259     -3     3    -2.5061494e-07
216 region_rec_diffs(1,112)        0.93195188     -3     3    -4.1284317e-07
217 region_rec_diffs(1,113)        -0.19385125     -3     3    5.1837889e-07
218 region_rec_diffs(1,114)        -0.90482874     -3     3    2.5527341e-07
219 region_rec_diffs(1,115)        -0.35854661     -3     3    7.1344379e-07
220 region_rec_diffs(1,116)        -0.066483092     -3     3    1.1528908e-06
221 region_rec_diffs(1,117)        0.40747521     -3     3    -1.9279997e-06
222 region_rec_diffs(1,118)        -0.55473748     -3     3    1.1851518e-07
223 region_rec_diffs(1,119)        0.44181946     -3     3    -4.3189963e-08
224 region_rec_diffs(1,120)        -0.72298221     -3     3    -1.894492e-06
225 region_rec_diffs(1,121)        0.27693798     -3     3    -1.3980148e-06
226 region_rec_diffs(1,122)        0.69861055     -3     3    8.9235085e-07
227 region_rec_diffs(1,123)        -0.75593649     -3     3    3.0413808e-07
228 region_rec_diffs(1,124)        -0.12064193     -3     3    3.8996418e-07
229 region_rec_diffs(1,125)        -0.45346257     -3     3    -2.3256238e-06
230 region_rec_diffs(1,126)        -1.6772257     -3     3    -1.7075013e-06
231 region_rec_diffs(1,127)        -0.51736471     -3     3    2.3551071e-06
232 region_rec_diffs(1,128)        0.18139403     -3     3    6.3628822e-07
233 region_rec_diffs(1,129)        0.64351984     -3     3    7.5210067e-08
234 region_rec_diffs(1,130)        -0.93954161     -3     3    -1.1227222e-06
235 region_rec_diffs(1,131)        -0.68123945     -3     3    6.5596746e-09
236 region_rec_diffs(1,132)        -0.6987798     -3     3    -4.090781e-06
237 region_rec_diffs(1,133)        1.0353432     -3     3    5.5149469e-07
238 region_rec_diffs(1,134)        -0.051520357     -3     3    4.4436549e-07
239 region_rec_diffs(1,135)        -0.22503651     -3     3    1.9369892e-06
240 region_rec_diffs(1,136)        0.63627724     -3     3    4.3362963e-07
241 region_rec_diffs(1,137)        -1.2317889     -3     3    2.4790813e-07
242 region_rec_diffs(1,138)        -1.4524317     -3     3    -3.1784782e-07
243 region_rec_diffs(1,139)        -0.88444304     -3     3    -1.1089011e-07
244 region_rec_diffs(1,140)        -1.0966736     -3     3    7.1371337e-07
245 region_rec_diffs(1,141)        1.0588935     -3     3    -6.1799276e-07
246 region_rec_diffs(1,142)        0.43288838     -3     3    7.6608839e-08
247 region_rec_diffs(1,143)        -0.61976092     -3     3    3.384981e-07
248 region_rec_diffs(1,144)        -0.3426581     -3     3    2.3907625e-07
249 region_rec_diffs(1,145)        0.55744208     -3     3    3.4954199e-07
250 region_rec_diffs(1,146)        -0.92915659     -3     3    9.1844474e-08
251 region_rec_diffs(1,147)        -1.2199807     -3     3    -1.6580327e-07
252 region_rec_diffs(1,148)        0.45803551     -3     3    4.3021438e-08
253 region_rec_diffs(1,149)        0.46780819     -3     3    -8.7462516e-07
254 region_rec_diffs(1,150)        0.21301471     -3     3    6.2396734e-08
255 region_rec_diffs(1,151)        -0.72657345     -3     3    -9.3568641e-07
256 region_rec_diffs(1,152)        0.47365367     -3     3    -4.2354273e-07
257 region_rec_diffs(1,153)        0.27868696     -3     3    1.7117916e-06
258 region_rec_diffs(1,154)        -1.2836507     -3     3    1.4424033e-06
259 region_rec_diffs(1,155)        -1.1770832     -3     3    1.3480487e-06
260 region_rec_diffs(1,156)        0.53694827     -3     3    5.3268656e-07
261 region_rec_diffs(1,157)        -1.5257977     -3     3    3.5350466e-06
262 region_rec_diffs(1,158)        -1.2915537     -3     3    -4.8147728e-07
263 region_rec_diffs(1,159)        -1.813385     -3     3    1.4529698e-07
264 region_rec_diffs(1,160)        -0.6574145     -3     3    2.226002e-06
265 region_rec_diffs(1,161)        0.58253064     -3     3    3.173772e-07
266 region_rec_diffs(1,162)        0.043886641     -3     3    -1.2239795e-06
267 region_rec_diffs(1,163)        -0.70159375     -3     3    5.6574652e-07
268 region_rec_diffs(1,164)        0.82681177     -3     3    5.2053104e-07
269 region_rec_diffs(1,165)        -1.1067886     -3     3    -2.6958065e-07
270 region_rec_diffs(1,166)        -1.2536908     -3     3    -5.2748965e-07
271 region_rec_diffs(1,167)        -2.3655021     -3     3    -5.954831e-07
272 region_rec_diffs(1,168)        -0.14468048     -3     3    1.1804947e-06
273 region_rec_diffs(1,169)        -0.68975869     -3     3    -2.9195193e-06
274 region_rec_diffs(1,170)        -1.8351875     -3     3    -8.3715153e-07
275 region_rec_diffs(1,171)        -1.4005653     -3     3    -6.8721069e-07
276 region_rec_diffs(1,172)        0.38407062     -3     3    -1.1075654e-07
277 region_rec_diffs(1,173)        -0.12541809     -3     3    1.051914e-06
278 region_rec_diffs(1,174)        -0.27010752     -3     3    -3.8231772e-07
279 region_rec_diffs(1,175)        -1.7440163     -3     3    -8.8366498e-08
280 region_rec_diffs(1,176)        -1.0466862     -3     3    3.9890377e-06
281 region_rec_diffs(1,177)        -1.5113718     -3     3    3.0698255e-06
282 region_rec_diffs(1,178)        0.54958118     -3     3    2.5490386e-07
283 region_rec_diffs(1,179)        -2.4545324     -3     3    1.0819392e-06
284 region_rec_diffs(1,180)        0.47476965     -3     3    -4.6032338e-08
285 region_rec_diffs(1,181)        -0.084001288     -3     3    1.203734e-06
286 region_rec_diffs(1,182)        -1.7674927     -3     3    5.7472567e-07
287 region_rec_diffs(1,183)        -2.2703769     -3     3    6.1527523e-07
288 region_rec_diffs(1,184)        -1.8588195     -3     3    2.9945433e-07
289 region_rec_diffs(1,185)        -0.12487997     -3     3    -2.3414753e-06
290 region_rec_diffs(1,186)        0.088190594     -3     3    2.063442e-06
291 region_rec_diffs(1,187)        -1.5127386     -3     3    1.5551083e-06
292 region_rec_diffs(1,188)        0.36893199     -3     3    -2.0045412e-06
293 region_rec_diffs(1,189)        0.62947359     -3     3    -2.0072768e-06
294 region_rec_diffs(1,190)        -1.8960454     -3     3    5.5028046e-07
295 region_rec_diffs(1,191)        -2.83496     -3     3    -1.2596301e-07
296 region_rec_diffs(1,192)        -0.21406089     -3     3    1.5036003e-06
297 region_rec_diffs(1,193)        0.46363882     -3     3    -5.1356996e-07
298 region_rec_diffs(1,194)        -0.94043172     -3     3    -6.6174327e-07
299 region_rec_diffs(1,195)        -1.9698256     -3     3    8.054019e-09
300 region_rec_diffs(1,196)        -0.064014259     -3     3    9.7661156e-07
301 region_rec_diffs(1,197)        -0.092202251     -3     3    -1.5952026e-06
302 region_rec_diffs(1,198)        -2.1242967     -3     3    4.7549415e-07
303 region_rec_diffs(1,199)        -2.4302123     -3     3    -6.8589493e-07
304 region_rec_diffs(1,200)        -2.0116548     -3     3    -3.9763699e-07
305 region_rec_diffs(1,201)        0.81973213     -3     3    1.2960341e-07
306 region_rec_diffs(1,202)        -0.36387888     -3     3    -5.9859389e-07
307 region_rec_diffs(1,203)        0.48035406     -3     3    3.809349e-07
308 region_rec_diffs(1,204)        -0.80303259     -3     3    3.3119208e-06
309 region_rec_diffs(1,205)        -1.5729709     -3     3    3.2108466e-07
310 region_rec_diffs(1,206)        -2.1144988     -3     3    4.1020362e-07
311 region_rec_diffs(1,207)        -0.58608343     -3     3    3.0816993e-08
312 region_rec_diffs(1,208)        -1.5670706     -3     3    1.6153655e-06
313 region_rec_diffs(1,209)        -0.21544968     -3     3    -1.6769838e-06
314 region_rec_diffs(1,210)        0.75434116     -3     3    -6.1986383e-07
315 region_rec_diffs(1,211)        0.45622505     -3     3    1.3666103e-06
316 region_rec_diffs(1,212)        -2.2599771     -3     3    2.8700186e-07
317 region_rec_diffs(1,213)        -1.8359586     -3     3    8.2140112e-07
318 region_rec_diffs(1,214)        -2.2964056     -3     3    2.6726832e-07
319 region_rec_diffs(1,215)        -2.0396922     -3     3    9.9563453e-08
320 region_rec_diffs(1,216)        -1.5280941     -3     3    2.2797568e-07
321 region_rec_diffs(1,217)        0.80922853     -3     3    4.7600761e-07
322 region_rec_diffs(1,218)        -2.3284975     -3     3    4.3162372e-07
323 region_rec_diffs(1,219)        -1.6855062     -3     3    -6.0255325e-07
324 region_rec_diffs(1,220)        0.21244018     -3     3    4.231174e-09
325 region_rec_diffs(1,221)        0.37000802     -3     3    2.3975921e-06
326 region_rec_diffs(1,222)        -1.5865905     -3     3    -1.8347497e-07
327 region_rec_diffs(1,223)        -0.47636456     -3     3    -1.9030448e-06
328 region_rec_diffs(1,224)        0.60203268     -3     3    8.8124768e-07
329 region_rec_diffs(1,225)        -0.96614173     -3     3    1.5764794e-06
330 region_rec_diffs(1,226)        -2.2824828     -3     3    -3.3199817e-07
331 region_rec_diffs(1,227)        -1.9767384     -3     3    7.6911526e-07
332 region_rec_diffs(1,228)        -1.5063638     -3     3    9.5689025e-07
333 region_rec_diffs(1,229)        0.56137472     -3     3    1.147726e-06
334 region_rec_diffs(1,230)        -1.2213556     -3     3    6.8535207e-08
335 region_rec_diffs(1,231)        -0.19764947     -3     3    9.7683449e-07
336 region_rec_diffs(1,232)        0.69001589     -3     3    -2.2508824e-07
337 region_rec_diffs(1,233)        -1.5474284     -3     3    5.1021223e-07
338 region_rec_diffs(1,234)        -2.4442018     -3     3    3.1414544e-07
339 region_rec_diffs(1,235)        -2.4098355     -3     3    -7.6506922e-08
340 region_rec_diffs(1,236)        -0.64168704     -3     3    -4.0803425e-07
341 region_rec_diffs(1,237)        0.61611247     -3     3    -1.9995566e-07
342 region_rec_diffs(1,238)        -1.6630958     -3     3    4.1489294e-07
343 region_rec_diffs(1,239)        -2.3207277     -3     3    -9.6640046e-08
344 region_rec_diffs(1,240)        -0.85330466     -3     3    -4.2286107e-07
345 region_rec_diffs(1,241)        0.41313065     -3     3    8.6675449e-07
346 region_rec_diffs(1,242)        -0.30562436     -3     3    -9.7315888e-07
347 region_rec_diffs(1,243)        0.091221742     -3     3    -2.1276115e-06
348 region_rec_diffs(1,244)        0.46127346     -3     3    -1.2885742e-07
349 region_rec_diffs(1,245)        -0.82011197     -3     3    1.413337e-06
350 region_rec_diffs(1,246)        -1.9418991     -3     3    -4.2518758e-07
351 region_rec_diffs(1,247)        -1.9043059     -3     3    -7.3307308e-07
352 region_rec_diffs(1,248)        0.58549261     -3     3    -6.5980538e-08
353 region_rec_diffs(1,249)        -1.9591317     -3     3    -9.0692852e-08
354 region_rec_diffs(1,250)        -2.6172611     -3     3    -7.1188054e-08
355 region_rec_diffs(1,251)        -2.4163222     -3     3    -1.408837e-07
356 region_rec_diffs(1,252)        -0.59711401     -3     3    -2.2460157e-06
357 region_rec_diffs(1,253)        0.10630193     -3     3    7.1536038e-07
358 region_rec_diffs(1,254)        -2.297555     -3     3    -6.7702318e-07
359 region_rec_diffs(1,255)        -2.3764459     -3     3    -8.7886506e-08
360 region_rec_diffs(1,256)        0.38400961     -3     3    3.871093e-07
361 region_rec_diffs(1,257)        0.18206963     -3     3    -1.008476e-06
362 region_rec_diffs(1,258)        -1.8141239     -3     3    1.9383442e-07
363 region_rec_diffs(1,259)        -0.85028284     -3     3    -5.793057e-07
364 region_rec_diffs(1,260)        0.76014815     -3     3    -4.601866e-07
365 region_rec_diffs(1,261)        0.73255292     -3     3    7.5020722e-07
366 region_rec_diffs(1,262)        -1.7152914     -3     3    4.3135457e-07
367 region_rec_diffs(1,263)        -0.30857086     -3     3    -7.5874541e-07
368 region_rec_diffs(1,264)        -0.96031702     -3     3    3.3154062e-07
369 region_rec_diffs(1,265)        -0.7867921     -3     3    -1.8204612e-08
370 region_rec_diffs(1,266)        -1.6093048     -3     3    6.9435938e-07
371 region_rec_diffs(1,267)        -1.4021208     -3     3    5.2014762e-07
372 region_rec_diffs(1,268)        0.56991537     -3     3    7.1840008e-07
373 region_rec_diffs(1,269)        -0.40675608     -3     3    1.0348688e-06
374 region_rec_diffs(1,270)        -1.1586884     -3     3    5.0497566e-07
375 region_rec_diffs(1,271)        -0.99733111     -3     3    2.6380832e-07
376 region_rec_diffs(1,272)        0.060367131     -3     3    3.8590925e-06
377 region_rec_diffs(1,273)        0.10492538     -3     3    -4.4099545e-07
378 region_rec_diffs(1,274)        -1.2783524     -3     3    -5.408715e-07
379 region_rec_diffs(1,275)        -0.41551362     -3     3    2.0753774e-07
380 region_rec_diffs(1,276)        0.066727321     -3     3    -3.1549e-07
381 region_rec_diffs(1,277)        -0.63035946     -3     3    5.3091414e-07
382 region_rec_diffs(1,278)        -0.59755499     -3     3    -8.1748275e-07
383 region_rec_diffs(1,279)        -0.30859197     -3     3    -2.7761841e-07
384 region_rec_diffs(2,1)        -3.3439409e-08     -3     3    2.2496789e-08
385 region_rec_diffs(2,2)        1.4756429     -3     3    -9.1949154e-09
386 region_rec_diffs(2,3)        1.5992327     -3     3    5.7762154e-07
387 region_rec_diffs(2,4)        1.5199711     -3     3    6.8923277e-07
388 region_rec_diffs(2,5)        1.4746212     -3     3    -9.9159529e-08
389 region_rec_diffs(2,6)        0.091438953     -3     3    -1.1188939e-08
390 region_rec_diffs(2,7)        1.8898456     -3     3    7.9842827e-07
391 region_rec_diffs(2,8)        0.06480083     -3     3    -1.6904747e-07
392 region_rec_diffs(2,9)        0.12543899     -3     3    7.1195018e-07
393 region_rec_diffs(2,10)        0.12686626     -3     3    4.5896618e-07
394 region_rec_diffs(2,11)        1.8903906     -3     3    -1.0386898e-06
395 region_rec_diffs(2,12)        0.053390987     -3     3    -2.2291396e-06
396 region_rec_diffs(2,13)        -0.31168691     -3     3    -1.682242e-06
397 region_rec_diffs(2,14)        -1.2368326     -3     3    2.3537653e-07
398 region_rec_diffs(2,15)        -0.1023577     -3     3    -3.5311467e-07
399 region_rec_diffs(2,16)        0.0061882821     -3     3    2.4838686e-07
400 region_rec_diffs(2,17)        0.14389221     -3     3    1.2590971e-08
401 region_rec_diffs(2,18)        -0.46046844     -3     3    -7.5860234e-07
402 region_rec_diffs(2,19)        0.052139852     -3     3    -7.6057788e-08
403 region_rec_diffs(2,20)        0.24259217     -3     3    7.9253339e-07
404 region_rec_diffs(2,21)        1.607404     -3     3    -1.1471478e-06
405 region_rec_diffs(2,22)        0.97263653     -3     3    1.1318074e-06
406 region_rec_diffs(2,23)        0.10207329     -3     3    1.8504355e-08
407 region_rec_diffs(2,24)        1.9085264     -3     3    -2.8155799e-07
408 region_rec_diffs(2,25)        0.17342793     -3     3    -5.0674029e-07
409 region_rec_diffs(2,26)        1.7536297     -3     3    -5.1001104e-07
410 region_rec_diffs(2,27)        0.092664405     -3     3    -2.2120128e-07
411 region_rec_diffs(2,28)        0.85204748     -3     3    5.319488e-07
412 region_rec_diffs(2,29)        -0.60439474     -3     3    -2.26868e-07
413 region_rec_diffs(2,30)        -0.20877799     -3     3    2.4524869e-07
414 region_rec_diffs(2,31)        -0.018269869     -3     3    1.9023945e-07
415 region_rec_diffs(2,32)        0.11218389     -3     3    6.2258218e-07
416 region_rec_diffs(2,33)        0.41000857     -3     3    -1.0085566e-07
417 region_rec_diffs(2,34)        1.1913461     -3     3    -1.7646163e-07
418 region_rec_diffs(2,35)        0.08409962     -3     3    -1.0623131e-07
419 region_rec_diffs(2,36)        1.9732924     -3     3    -3.0290659e-07
420 region_rec_diffs(2,37)        -1.1069675     -3     3    1.216632e-07
421 region_rec_diffs(2,38)        -0.55590494     -3     3    -6.5800931e-07
422 region_rec_diffs(2,39)        -0.028175071     -3     3    -5.9807723e-08
423 region_rec_diffs(2,40)        0.063238521     -3     3    -2.0388999e-07
424 region_rec_diffs(2,41)        1.3418131     -3     3    2.8709412e-07
425 region_rec_diffs(2,42)        -0.1536484     -3     3    2.6211922e-07
426 region_rec_diffs(2,43)        0.060555176     -3     3    1.657145e-07
427 region_rec_diffs(2,44)        1.5782457     -3     3    -4.9855806e-07
428 region_rec_diffs(2,45)        1.5137252     -3     3    -3.1167961e-06
429 region_rec_diffs(2,46)        -0.018748637     -3     3    -2.0589579e-07
430 region_rec_diffs(2,47)        0.052209351     -3     3    6.26903e-08
431 region_rec_diffs(2,48)        0.67640373     -3     3    4.0450433e-07
432 region_rec_diffs(2,49)        0.92155485     -3     3    -7.6967218e-07
433 region_rec_diffs(2,50)        0.075956158     -3     3    -1.7972642e-07
434 region_rec_diffs(2,51)        -0.339798     -3     3    8.4284879e-08
435 region_rec_diffs(2,52)        0.096697625     -3     3    -1.5572135e-07
436 region_rec_diffs(2,53)        1.2016481     -3     3    9.0038787e-07
437 region_rec_diffs(2,54)        0.015882677     -3     3    -3.0083229e-08
438 region_rec_diffs(2,55)        -0.05080998     -3     3    -2.5535524e-07
439 region_rec_diffs(2,56)        -0.11588603     -3     3    8.5776138e-08
440 region_rec_diffs(2,57)        1.4909328     -3     3    -3.5304948e-07
441 region_rec_diffs(2,58)        1.0406685     -3     3    -1.3243758e-06
442 region_rec_diffs(2,59)        0.0095947569     -3     3    -1.3570876e-07
443 region_rec_diffs(2,60)        0.63945412     -3     3    3.13537e-07
444 region_rec_diffs(2,61)        0.85333468     -3     3    2.6631041e-06
445 region_rec_diffs(2,62)        0.09413284     -3     3    1.0151698e-07
446 region_rec_diffs(2,63)        -0.14165342     -3     3    -7.6809414e-08
447 region_rec_diffs(2,64)        0.03551068     -3     3    6.6025319e-07
448 region_rec_diffs(2,65)        1.7353848     -3     3    3.454986e-07
449 region_rec_diffs(2,66)        0.082418815     -3     3    -1.0046473e-07
450 region_rec_diffs(2,67)        -0.077223399     -3     3    -1.9452414e-07
451 region_rec_diffs(2,68)        -0.22745824     -3     3    2.5368611e-07
452 region_rec_diffs(2,69)        1.3221773     -3     3    1.9444251e-06
453 region_rec_diffs(2,70)        0.87552965     -3     3    1.1858383e-06
454 region_rec_diffs(2,71)        0.14996663     -3     3    -7.3121241e-07
455 region_rec_diffs(2,72)        -0.16223126     -3     3    1.1739339e-06
456 region_rec_diffs(2,73)        -1.6221087     -3     3    4.7714033e-07
457 region_rec_diffs(2,74)        -1.2424613     -3     3    -3.0186451e-07
458 region_rec_diffs(2,75)        -0.10556018     -3     3    8.7786978e-08
459 region_rec_diffs(2,76)        -0.2333494     -3     3    -6.4038063e-07
460 region_rec_diffs(2,77)        1.2280185     -3     3    -1.3749953e-06
461 region_rec_diffs(2,78)        0.32152865     -3     3    1.3629103e-06
462 region_rec_diffs(2,79)        0.087483435     -3     3    8.5140392e-08
463 region_rec_diffs(2,80)        0.92640782     -3     3    2.1998452e-06
464 region_rec_diffs(2,81)        -0.55325441     -3     3    3.6030892e-07
465 region_rec_diffs(2,82)        -0.80320089     -3     3    4.4836707e-07
466 region_rec_diffs(2,83)        -0.81927408     -3     3    4.4288669e-07
467 region_rec_diffs(2,84)        0.60757727     -3     3    -3.4992711e-07
468 region_rec_diffs(2,85)        0.19030329     -3     3    1.9274631e-07
469 region_rec_diffs(2,86)        0.0038474126     -3     3    -3.0918426e-08
470 region_rec_diffs(2,87)        -0.53159648     -3     3    -4.2774678e-07
471 region_rec_diffs(2,88)        0.78502319     -3     3    -2.7974992e-06
472 region_rec_diffs(2,89)        -0.4919458     -3     3    -8.3616188e-07
473 region_rec_diffs(2,90)        0.032805107     -3     3    -3.7955552e-08
474 region_rec_diffs(2,91)        -0.10092283     -3     3    3.1860429e-08
475 region_rec_diffs(2,92)        0.80618114     -3     3    -1.0770593e-07
476 region_rec_diffs(2,93)        1.9556834     -3     3    6.0679601e-07
477 region_rec_diffs(2,94)        0.33212495     -3     3    -7.9745745e-07
478 region_rec_diffs(2,95)        -0.51687447     -3     3    -6.7409036e-07
479 region_rec_diffs(2,96)        -0.11962395     -3     3    -1.6651853e-07
480 region_rec_diffs(2,97)        -0.50796497     -3     3    -4.3087846e-07
481 region_rec_diffs(2,98)        0.063689018     -3     3    -5.3273454e-08
482 region_rec_diffs(2,99)        0.042528419     -3     3    -1.1077323e-08
483 region_rec_diffs(2,100)        1.041323     -3     3    4.2288291e-07
484 region_rec_diffs(2,101)        0.61171473     -3     3    1.4122136e-07
485 region_rec_diffs(2,102)        0.05609988     -3     3    2.0004073e-07
486 region_rec_diffs(2,103)        0.10655411     -3     3    7.5905027e-07
487 region_rec_diffs(2,104)        0.46307384     -3     3    1.5073495e-06
488 region_rec_diffs(2,105)        -0.073344475     -3     3    8.3015217e-08
489 region_rec_diffs(2,106)        -0.01636937     -3     3    2.9706482e-08
490 region_rec_diffs(2,107)        -0.10413149     -3     3    -2.9164011e-08
491 region_rec_diffs(2,108)        -0.20756085     -3     3    1.8693339e-06
492 region_rec_diffs(2,109)        0.91999851     -3     3    1.9457644e-06
493 region_rec_diffs(2,110)        0.032981308     -3     3    -1.417402e-07
494 region_rec_diffs(2,111)        -0.39853477     -3     3    2.6846474e-07
495 region_rec_diffs(2,112)        -0.1529299     -3     3    5.5083254e-07
496 region_rec_diffs(2,113)        1.3025155     -3     3    6.4670168e-07
497 region_rec_diffs(2,114)        -0.098440597     -3     3    -1.9206499e-07
498 region_rec_diffs(2,115)        0.29146365     -3     3    -5.461604e-07
499 region_rec_diffs(2,116)        0.57513771     -3     3    2.1321578e-06
500 region_rec_diffs(2,117)        0.90601152     -3     3    2.0439553e-06
501 region_rec_diffs(2,118)        0.21089867     -3     3    -7.7825818e-07
502 region_rec_diffs(2,119)        0.6413218     -3     3    3.9994211e-07
503 region_rec_diffs(2,120)        0.16037399     -3     3    -1.7176471e-06
504 region_rec_diffs(2,121)        0.87316689     -3     3    9.763964e-07
505 region_rec_diffs(2,122)        -0.190076     -3     3    1.1640533e-06
506 region_rec_diffs(2,123)        -0.059597649     -3     3    4.6167311e-07
507 region_rec_diffs(2,124)        -0.27446884     -3     3    8.6120741e-07
508 region_rec_diffs(2,125)        0.63100573     -3     3    2.0600908e-07
509 region_rec_diffs(2,126)        1.5142914     -3     3    -1.2707572e-06
510 region_rec_diffs(2,127)        -0.268013     -3     3    -3.9191008e-07
511 region_rec_diffs(2,128)        0.57621514     -3     3    6.4400083e-07
512 region_rec_diffs(2,129)        0.28105745     -3     3    1.2883738e-06
513 region_rec_diffs(2,130)        -0.41113708     -3     3    9.0630501e-07
514 region_rec_diffs(2,131)        -0.23086807     -3     3    1.257136e-07
515 region_rec_diffs(2,132)        0.95704524     -3     3    -5.4409752e-07
516 region_rec_diffs(2,133)        -0.69713321     -3     3    1.0500143e-06
517 region_rec_diffs(2,134)        -0.20622296     -3     3    3.7726638e-07
518 region_rec_diffs(2,135)        -0.56201233     -3     3    4.6639114e-07
519 region_rec_diffs(2,136)        1.0904683     -3     3    -1.2719837e-06
520 region_rec_diffs(2,137)        -0.087378283     -3     3    -1.6314913e-07
521 region_rec_diffs(2,138)        -0.64863524     -3     3    -1.7505786e-07
522 region_rec_diffs(2,139)        -0.34862482     -3     3    -4.3862882e-08
523 region_rec_diffs(2,140)        -0.82756506     -3     3    5.5016012e-08
524 region_rec_diffs(2,141)        0.67803512     -3     3    2.1093261e-06
525 region_rec_diffs(2,142)        0.62630418     -3     3    -1.0463442e-06
526 region_rec_diffs(2,143)        0.44483775     -3     3    1.05509e-06
527 region_rec_diffs(2,144)        0.76320939     -3     3    -4.0729045e-07
528 region_rec_diffs(2,145)        -0.81964414     -3     3    7.2341893e-07
529 region_rec_diffs(2,146)        -0.60291878     -3     3    1.8579109e-07
530 region_rec_diffs(2,147)        -0.71881405     -3     3    2.9757521e-07
531 region_rec_diffs(2,148)        -0.430772     -3     3    -1.3460074e-06
532 region_rec_diffs(2,149)        0.83613502     -3     3    4.1311555e-07
533 region_rec_diffs(2,150)        -0.26150004     -3     3    -1.6106862e-07
534 region_rec_diffs(2,151)        -1.3112996     -3     3    1.9756405e-06
535 region_rec_diffs(2,152)        -0.64148407     -3     3    1.2160665e-06
536 region_rec_diffs(2,153)        1.2409079     -3     3    -1.1346669e-06
537 region_rec_diffs(2,154)        -0.81966174     -3     3    1.4645861e-07
538 region_rec_diffs(2,155)        -1.0623939     -3     3    7.0926784e-08
539 region_rec_diffs(2,156)        -0.017426661     -3     3    -2.4718732e-06
540 region_rec_diffs(2,157)        1.4344609     -3     3    -1.4161196e-06
541 region_rec_diffs(2,158)        -0.74588052     -3     3    2.2944166e-08
542 region_rec_diffs(2,159)        -1.0456832     -3     3    -1.6249857e-07
543 region_rec_diffs(2,160)        -1.3999893     -3     3    -1.4446958e-07
544 region_rec_diffs(2,161)        -0.92671031     -3     3    -2.0561507e-06
545 region_rec_diffs(2,162)        -0.94208346     -3     3    -7.3498936e-07
546 region_rec_diffs(2,163)        -1.6828029     -3     3    -2.0459395e-07
547 region_rec_diffs(2,164)        0.93482622     -3     3    -3.8444943e-07
548 region_rec_diffs(2,165)        -0.59168765     -3     3    -1.0881462e-07
549 region_rec_diffs(2,166)        -1.1843743     -3     3    -4.5258587e-07
550 region_rec_diffs(2,167)        -1.8808279     -3     3    3.5716238e-07
551 region_rec_diffs(2,168)        -1.2330537     -3     3    -4.2082353e-07
552 region_rec_diffs(2,169)        1.1847395     -3     3    -3.6060961e-07
553 region_rec_diffs(2,170)        -0.89361397     -3     3    -3.0270177e-07
554 region_rec_diffs(2,171)        -1.6440774     -3     3    5.7940542e-07
555 region_rec_diffs(2,172)        0.73203439     -3     3    6.1480478e-07
556 region_rec_diffs(2,173)        0.85339364     -3     3    -1.5901917e-06
557 region_rec_diffs(2,174)        -0.73364049     -3     3    7.6253336e-07
558 region_rec_diffs(2,175)        -1.5853864     -3     3    -4.8587815e-07
559 region_rec_diffs(2,176)        -2.0215453     -3     3    -5.0659638e-07
560 region_rec_diffs(2,177)        0.90920857     -3     3    -3.2110765e-07
561 region_rec_diffs(2,178)        -0.24253125     -3     3    -4.2616535e-06
562 region_rec_diffs(2,179)        -1.2575265     -3     3    -9.3863799e-07
563 region_rec_diffs(2,180)        -0.89575747     -3     3    8.5783659e-07
564 region_rec_diffs(2,181)        1.3405332     -3     3    -2.6108453e-07
565 region_rec_diffs(2,182)        -1.3350562     -3     3    1.5311196e-07
566 region_rec_diffs(2,183)        -1.8148532     -3     3    3.2553479e-07
567 region_rec_diffs(2,184)        -1.6510657     -3     3    -5.7868007e-07
568 region_rec_diffs(2,185)        -0.221406     -3     3    1.8411223e-06
569 region_rec_diffs(2,186)        -1.3115094     -3     3    1.3054491e-06
570 region_rec_diffs(2,187)        -1.5021444     -3     3    6.0329422e-07
571 region_rec_diffs(2,188)        0.37593386     -3     3    2.8660456e-06
572 region_rec_diffs(2,189)        0.91794325     -3     3    3.2412251e-06
573 region_rec_diffs(2,190)        -1.1070414     -3     3    1.2158177e-06
574 region_rec_diffs(2,191)        -1.3883914     -3     3    5.477858e-07
575 region_rec_diffs(2,192)        -0.18390116     -3     3    -7.8004381e-07
576 region_rec_diffs(2,193)        1.5598278     -3     3    5.8746117e-07
577 region_rec_diffs(2,194)        -1.3155855     -3     3    3.832957e-07
578 region_rec_diffs(2,195)        -1.4536234     -3     3    -1.0713372e-07
579 region_rec_diffs(2,196)        1.0425614     -3     3    -6.659273e-07
580 region_rec_diffs(2,197)        -0.038907982     -3     3    -6.1682764e-07
581 region_rec_diffs(2,198)        -1.5821497     -3     3    3.2364847e-07
582 region_rec_diffs(2,199)        -1.9194695     -3     3    -2.9896036e-07
583 region_rec_diffs(2,200)        -1.6672664     -3     3    -1.38179e-06
584 region_rec_diffs(2,201)        0.70443729     -3     3    -9.9018254e-07
585 region_rec_diffs(2,202)        1.0893313     -3     3    3.7225388e-07
586 region_rec_diffs(2,203)        0.58926312     -3     3    -7.370176e-07
587 region_rec_diffs(2,204)        -0.027961601     -3     3    -7.0214605e-07
588 region_rec_diffs(2,205)        -1.148777     -3     3    -2.9516325e-07
589 region_rec_diffs(2,206)        -1.7994043     -3     3    2.9523026e-07
590 region_rec_diffs(2,207)        -1.3347594     -3     3    1.1427938e-07
591 region_rec_diffs(2,208)        -1.4607861     -3     3    1.3630649e-06
592 region_rec_diffs(2,209)        0.56289759     -3     3    2.6124968e-06
593 region_rec_diffs(2,210)        -1.3251979     -3     3    1.6977696e-06
594 region_rec_diffs(2,211)        -1.886119     -3     3    2.0184107e-07
595 region_rec_diffs(2,212)        -1.9853345     -3     3    1.4087961e-06
596 region_rec_diffs(2,213)        -1.0924183     -3     3    7.9942665e-07
597 region_rec_diffs(2,214)        -0.58585695     -3     3    9.6794563e-07
598 region_rec_diffs(2,215)        -0.62240847     -3     3    8.1415905e-07
599 region_rec_diffs(2,216)        0.94065619     -3     3    -2.7697224e-07
600 region_rec_diffs(2,217)        -1.4595448     -3     3    4.2257216e-07
601 region_rec_diffs(2,218)        -2.383506     -3     3    -1.3325804e-07
602 region_rec_diffs(2,219)        -1.8609599     -3     3    1.9929876e-07
603 region_rec_diffs(2,220)        -0.70908755     -3     3    5.0383914e-07
604 region_rec_diffs(2,221)        0.60491989     -3     3    -2.7286503e-06
605 region_rec_diffs(2,222)        -0.98691145     -3     3    -1.7482002e-06
606 region_rec_diffs(2,223)        -0.14698016     -3     3    -1.4013459e-06
607 region_rec_diffs(2,224)        -1.4591772     -3     3    6.833245e-07
608 region_rec_diffs(2,225)        -1.2875683     -3     3    5.4835912e-07
609 region_rec_diffs(2,226)        -2.1476526     -3     3    1.3657026e-07
610 region_rec_diffs(2,227)        -1.7372128     -3     3    4.1236204e-07
611 region_rec_diffs(2,228)        -0.8025006     -3     3    -9.1815623e-07
612 region_rec_diffs(2,229)        0.71323422     -3     3    -1.8725675e-06
613 region_rec_diffs(2,230)        -1.026326     -3     3    2.7687683e-07
614 region_rec_diffs(2,231)        -0.27898878     -3     3    -3.1928718e-07
615 region_rec_diffs(2,232)        -0.26210923     -3     3    -8.411017e-07
616 region_rec_diffs(2,233)        -0.31855702     -3     3    1.0725079e-06
617 region_rec_diffs(2,234)        -1.2048731     -3     3    4.3283716e-07
618 region_rec_diffs(2,235)        0.20072261     -3     3    3.1082502e-07
619 region_rec_diffs(2,236)        0.75156911     -3     3    -1.3114256e-07
620 region_rec_diffs(2,237)        -0.96790792     -3     3    2.2249968e-07
621 region_rec_diffs(2,238)        0.20574689     -3     3    1.6929934e-06
622 region_rec_diffs(2,239)        -1.7895091     -3     3    2.4998685e-09
623 region_rec_diffs(2,240)        -1.1010681     -3     3    4.5154745e-07
624 region_rec_diffs(2,241)        1.0888741     -3     3    -1.7155644e-07
625 region_rec_diffs(2,242)        -0.41869858     -3     3    9.2402555e-07
626 region_rec_diffs(2,243)        -0.87269797     -3     3    1.1452162e-06
627 region_rec_diffs(2,244)        0.37659568     -3     3    3.3869464e-06
628 region_rec_diffs(2,245)        -0.39946341     -3     3    1.3162188e-06
629 region_rec_diffs(2,246)        -0.78582133     -3     3    -1.5627905e-07
630 region_rec_diffs(2,247)        -0.68346723     -3     3    -2.8968575e-06
631 region_rec_diffs(2,248)        0.037924244     -3     3    6.0222278e-07
632 region_rec_diffs(2,249)        -0.36447819     -3     3    -5.1236312e-07
633 region_rec_diffs(2,250)        -2.0826253     -3     3    1.4500264e-07
634 region_rec_diffs(2,251)        -1.8249834     -3     3    -3.3781375e-07
635 region_rec_diffs(2,252)        0.28074622     -3     3    -3.4520882e-06
636 region_rec_diffs(2,253)        1.1421763     -3     3    3.6270758e-07
637 region_rec_diffs(2,254)        -2.0333213     -3     3    2.980754e-07
638 region_rec_diffs(2,255)        -2.2200009     -3     3    2.5543622e-07
639 region_rec_diffs(2,256)        -0.98280441     -3     3    -6.710841e-07
640 region_rec_diffs(2,257)        0.67067869     -3     3    8.0676542e-07
641 region_rec_diffs(2,258)        -1.4687599     -3     3    2.8731244e-07
642 region_rec_diffs(2,259)        -1.5344703     -3     3    -3.3959055e-08
643 region_rec_diffs(2,260)        0.48730431     -3     3    1.2865397e-06
644 region_rec_diffs(2,261)        -0.51646106     -3     3    8.4209039e-07
645 region_rec_diffs(2,262)        -1.4550353     -3     3    1.320878e-06
646 region_rec_diffs(2,263)        -1.4091209     -3     3    9.3608321e-07
647 region_rec_diffs(2,264)        0.4914262     -3     3    2.1390062e-07
648 region_rec_diffs(2,265)        1.3600403     -3     3    3.5675681e-07
649 region_rec_diffs(2,266)        -1.474999     -3     3    6.7757831e-09
650 region_rec_diffs(2,267)        -1.7403269     -3     3    -2.1340721e-07
651 region_rec_diffs(2,268)        -1.2554878     -3     3    -2.8209173e-07
652 region_rec_diffs(2,269)        0.94640148     -3     3    -6.1378916e-08
653 region_rec_diffs(2,270)        -1.2559904     -3     3    2.7963325e-07
654 region_rec_diffs(2,271)        -1.5248206     -3     3    1.6105849e-07
655 region_rec_diffs(2,272)        -0.24038652     -3     3    1.0215512e-06
656 region_rec_diffs(2,273)        -0.2134321     -3     3    -4.0812977e-07
657 region_rec_diffs(2,274)        -1.28653     -3     3    5.1448141e-07
658 region_rec_diffs(2,275)        -0.4693224     -3     3    -3.1818261e-07
659 region_rec_diffs(2,276)        1.6316252     -3     3    6.2594096e-08
660 region_rec_diffs(2,277)        -0.15039909     -3     3    1.2057527e-06
661 region_rec_diffs(2,278)        -0.35581406     -3     3    2.78448e-07
662 region_rec_diffs(2,279)        -0.15380618     -3     3    -3.1559315e-07
663 region_rec_diffs(3,1)        -3.5406686e-08     -3     3    2.6788534e-08
664 region_rec_diffs(3,2)        -1.2600544     -3     3    -3.3618956e-07
665 region_rec_diffs(3,3)        -1.3247234     -3     3    -1.0081769e-07
666 region_rec_diffs(3,4)        -1.4348693     -3     3    4.4180622e-07
667 region_rec_diffs(3,5)        -1.4429742     -3     3    -6.3352819e-08
668 region_rec_diffs(3,6)        -0.19834934     -3     3    8.2814693e-07
669 region_rec_diffs(3,7)        -1.8705118     -3     3    -8.7960932e-07
670 region_rec_diffs(3,8)        -0.1020976     -3     3    -7.0351067e-07
671 region_rec_diffs(3,9)        -0.032283745     -3     3    -3.4575884e-07
672 region_rec_diffs(3,10)        0.053741026     -3     3    2.5824129e-07
673 region_rec_diffs(3,11)        -1.1510365     -3     3    6.5303919e-08
674 region_rec_diffs(3,12)        0.020348554     -3     3    9.2974247e-07
675 region_rec_diffs(3,13)        -0.10340732     -3     3    -2.2711053e-07
676 region_rec_diffs(3,14)        -0.66375024     -3     3    1.0577004e-06
677 region_rec_diffs(3,15)        -0.060673484     -3     3    1.9470677e-07
678 region_rec_diffs(3,16)        -0.031680192     -3     3    -4.3565338e-07
679 region_rec_diffs(3,17)        -0.38634529     -3     3    2.5965019e-07
680 region_rec_diffs(3,18)        -1.4728239     -3     3    -1.0909889e-06
681 region_rec_diffs(3,19)        -0.11996463     -3     3    2.8147887e-07
682 region_rec_diffs(3,20)        -0.25541165     -3     3    3.5641318e-07
683 region_rec_diffs(3,21)        -0.95442612     -3     3    5.7532845e-07
684 region_rec_diffs(3,22)        -1.4288621     -3     3    9.9537182e-07
685 region_rec_diffs(3,23)        -0.14872107     -3     3    -1.0568089e-07
686 region_rec_diffs(3,24)        -1.2384457     -3     3    -1.3860986e-07
687 region_rec_diffs(3,25)        -0.52273032     -3     3    5.6657136e-07
688 region_rec_diffs(3,26)        -1.958     -3     3    -1.833423e-07
689 region_rec_diffs(3,27)        -0.13353511     -3     3    1.6345749e-07
690 region_rec_diffs(3,28)        -1.7963717     -3     3    -1.7834768e-07
691 region_rec_diffs(3,29)        -1.20784     -3     3    -8.9888583e-07
692 region_rec_diffs(3,30)        -0.31420124     -3     3    -1.3592715e-07
693 region_rec_diffs(3,31)        -0.058135562     -3     3    1.0938994e-07
694 region_rec_diffs(3,32)        -0.14916502     -3     3    3.5744657e-07
695 region_rec_diffs(3,33)        -0.7269294     -3     3    -8.7664598e-07
696 region_rec_diffs(3,34)        -1.2240085     -3     3    -2.6149297e-07
697 region_rec_diffs(3,35)        -0.051869074     -3     3    9.1759013e-08
698 region_rec_diffs(3,36)        -0.80730398     -3     3    7.4591811e-07
699 region_rec_diffs(3,37)        -0.59088868     -3     3    1.7816419e-08
700 region_rec_diffs(3,38)        0.19751864     -3     3    3.5129733e-07
701 region_rec_diffs(3,39)        0.018467497     -3     3    -1.5853279e-07
702 region_rec_diffs(3,40)        -0.01572653     -3     3    5.1952808e-07
703 region_rec_diffs(3,41)        -1.0771593     -3     3    8.993956e-07
704 region_rec_diffs(3,42)        -0.83964731     -3     3    2.5321906e-07
705 region_rec_diffs(3,43)        -0.028653141     -3     3    7.2792112e-08
706 region_rec_diffs(3,44)        -0.82749796     -3     3    1.7516048e-07
707 region_rec_diffs(3,45)        -1.5026275     -3     3    1.4133619e-06
708 region_rec_diffs(3,46)        -0.19854378     -3     3    1.2068419e-07
709 region_rec_diffs(3,47)        -0.12889105     -3     3    2.6620595e-07
710 region_rec_diffs(3,48)        -0.59222757     -3     3    5.4256658e-07
711 region_rec_diffs(3,49)        -1.3155189     -3     3    1.383812e-06
712 region_rec_diffs(3,50)        -0.058525561     -3     3    1.4659392e-07
713 region_rec_diffs(3,51)        -1.0281559     -3     3    -1.228908e-07
714 region_rec_diffs(3,52)        -0.33925296     -3     3    5.411649e-08
715 region_rec_diffs(3,53)        -1.5319739     -3     3    -9.7222921e-08
716 region_rec_diffs(3,54)        -0.0075585945     -3     3    -2.7171125e-07
717 region_rec_diffs(3,55)        -0.080629627     -3     3    5.5256724e-07
718 region_rec_diffs(3,56)        -0.36539647     -3     3    -7.414108e-08
719 region_rec_diffs(3,57)        -0.53124346     -3     3    -2.2818864e-07
720 region_rec_diffs(3,58)        -0.84462447     -3     3    -7.0954586e-09
721 region_rec_diffs(3,59)        -0.24963688     -3     3    -4.6044218e-09
722 region_rec_diffs(3,60)        -1.0065591     -3     3    -9.1959221e-07
723 region_rec_diffs(3,61)        -1.5520767     -3     3    -1.2432041e-06
724 region_rec_diffs(3,62)        -0.1747029     -3     3    9.5155787e-08
725 region_rec_diffs(3,63)        -0.49321042     -3     3    -3.1969331e-07
726 region_rec_diffs(3,64)        -0.43366795     -3     3    -2.8341775e-07
727 region_rec_diffs(3,65)        -1.5775984     -3     3    2.8083038e-07
728 region_rec_diffs(3,66)        -0.036049823     -3     3    -5.0982185e-08
729 region_rec_diffs(3,67)        -0.33705186     -3     3    -2.0941221e-07
730 region_rec_diffs(3,68)        -0.70600043     -3     3    5.6572272e-07
731 region_rec_diffs(3,69)        -0.97400799     -3     3    3.51512e-07
732 region_rec_diffs(3,70)        -0.4025391     -3     3    -8.7619107e-08
733 region_rec_diffs(3,71)        -0.30872136     -3     3    -1.4139598e-07
734 region_rec_diffs(3,72)        -0.50218878     -3     3    -9.2706689e-07
735 region_rec_diffs(3,73)        -0.54144139     -3     3    2.5177018e-07
736 region_rec_diffs(3,74)        -1.0709244     -3     3    7.1861739e-08
737 region_rec_diffs(3,75)        -0.091174247     -3     3    -5.1695402e-08
738 region_rec_diffs(3,76)        -0.30949881     -3     3    -1.8318131e-07
739 region_rec_diffs(3,77)        -0.87693543     -3     3    -3.2824775e-07
740 region_rec_diffs(3,78)        -0.4965729     -3     3    -1.8322215e-07
741 region_rec_diffs(3,79)        -0.34974646     -3     3    -7.6863596e-07
742 region_rec_diffs(3,80)        -0.99173685     -3     3    9.4765934e-08
743 region_rec_diffs(3,81)        -1.3149263     -3     3    -7.6849304e-07
744 region_rec_diffs(3,82)        -0.63231404     -3     3    -6.8557806e-07
745 region_rec_diffs(3,83)        -0.95542383     -3     3    3.9178246e-07
746 region_rec_diffs(3,84)        -0.45249899     -3     3    6.6010838e-07
747 region_rec_diffs(3,85)        -0.66971112     -3     3    6.1094941e-09
748 region_rec_diffs(3,86)        -0.014450486     -3     3    -4.7118324e-08
749 region_rec_diffs(3,87)        -0.83576117     -3     3    -9.8425974e-07
750 region_rec_diffs(3,88)        -0.019752886     -3     3    -2.8890551e-06
751 region_rec_diffs(3,89)        -0.84245503     -3     3    -4.2919619e-07
752 region_rec_diffs(3,90)        -0.18525968     -3     3    3.9062731e-08
753 region_rec_diffs(3,91)        0.070445878     -3     3    -2.9020625e-07
754 region_rec_diffs(3,92)        -0.80579278     -3     3    -4.9996991e-07
755 region_rec_diffs(3,93)        -1.4529531     -3     3    1.9490283e-07
756 region_rec_diffs(3,94)        0.0055511966     -3     3    1.3533404e-06
757 region_rec_diffs(3,95)        -0.1544469     -3     3    -6.467983e-07
758 region_rec_diffs(3,96)        0.17687606     -3     3    -7.2711007e-08
759 region_rec_diffs(3,97)        -0.28368406     -3     3    2.3013911e-07
760 region_rec_diffs(3,98)        -0.74217872     -3     3    -1.2899477e-07
761 region_rec_diffs(3,99)        0.75132198     -3     3    -8.23811e-07
762 region_rec_diffs(3,100)        -1.4991597     -3     3    5.3428023e-09
763 region_rec_diffs(3,101)        0.28884744     -3     3    1.9543858e-06
764 region_rec_diffs(3,102)        -0.021752442     -3     3    3.432777e-08
765 region_rec_diffs(3,103)        -0.26533178     -3     3    2.3615131e-07
766 region_rec_diffs(3,104)        -0.38609793     -3     3    4.4774077e-07
767 region_rec_diffs(3,105)        -0.12516198     -3     3    -1.083493e-08
768 region_rec_diffs(3,106)        -0.063021627     -3     3    -6.8816405e-08
769 region_rec_diffs(3,107)        -0.28944018     -3     3    -2.9294121e-07
770 region_rec_diffs(3,108)        -0.91633479     -3     3    3.6280297e-07
771 region_rec_diffs(3,109)        -0.7538567     -3     3    6.6906189e-07
772 region_rec_diffs(3,110)        -0.10289375     -3     3    -7.0475982e-08
773 region_rec_diffs(3,111)        -0.75631962     -3     3    1.482636e-07
774 region_rec_diffs(3,112)        -0.51155999     -3     3    5.4182157e-07
775 region_rec_diffs(3,113)        -0.55802957     -3     3    -9.7153277e-08
776 region_rec_diffs(3,114)        -0.49865398     -3     3    -1.1625077e-07
777 region_rec_diffs(3,115)        -0.28527616     -3     3    -1.4387153e-07
778 region_rec_diffs(3,116)        -0.78348437     -3     3    -1.077642e-06
779 region_rec_diffs(3,117)        -0.94497495     -3     3    -3.6097824e-07
780 region_rec_diffs(3,118)        -0.069433501     -3     3    8.1105974e-08
781 region_rec_diffs(3,119)        -0.82821944     -3     3    -8.8912432e-08
782 region_rec_diffs(3,120)        -0.76896039     -3     3    6.1686446e-07
783 region_rec_diffs(3,121)        -0.71643521     -3     3    6.8674073e-07
784 region_rec_diffs(3,122)        -0.93799537     -3     3    -2.8636066e-07
785 region_rec_diffs(3,123)        -0.13164075     -3     3    -1.7347223e-07
786 region_rec_diffs(3,124)        0.030797084     -3     3    -1.7539026e-06
787 region_rec_diffs(3,125)        -0.050021976     -3     3    -5.4337005e-07
788 region_rec_diffs(3,126)        -1.2006081     -3     3    -1.3616792e-07
789 region_rec_diffs(3,127)        -0.54426116     -3     3    -5.3775603e-07
790 region_rec_diffs(3,128)        -1.1120327     -3     3    4.5595586e-09
791 region_rec_diffs(3,129)        -1.0896881     -3     3    -6.7974937e-09
792 region_rec_diffs(3,130)        -0.80394283     -3     3    -5.3380339e-07
793 region_rec_diffs(3,131)        -0.45341444     -3     3    3.1210392e-07
794 region_rec_diffs(3,132)        0.67259696     -3     3    1.894037e-07
795 region_rec_diffs(3,133)        -0.63635751     -3     3    -1.3510202e-06
796 region_rec_diffs(3,134)        -0.16338211     -3     3    6.5168865e-07
797 region_rec_diffs(3,135)        -0.34042568     -3     3    1.3658813e-06
798 region_rec_diffs(3,136)        -0.50029602     -3     3    1.1157598e-06
799 region_rec_diffs(3,137)        -0.17163727     -3     3    1.3983242e-07
800 region_rec_diffs(3,138)        -0.54578531     -3     3    -2.0163096e-07
801 region_rec_diffs(3,139)        -0.23895898     -3     3    2.6218689e-07
802 region_rec_diffs(3,140)        -1.156112     -3     3    2.735055e-07
803 region_rec_diffs(3,141)        -0.66331561     -3     3    9.032798e-07
804 region_rec_diffs(3,142)        -0.020101356     -3     3    4.2019025e-08
805 region_rec_diffs(3,143)        -0.01232208     -3     3    4.5605009e-07
806 region_rec_diffs(3,144)        1.1461618     -3     3    -5.010674e-07
807 region_rec_diffs(3,145)        -0.80230881     -3     3    -1.6727206e-06
808 region_rec_diffs(3,146)        -0.603068     -3     3    1.8685295e-08
809 region_rec_diffs(3,147)        -1.1053451     -3     3    -9.0976253e-08
810 region_rec_diffs(3,148)        -1.5076613     -3     3    7.4863293e-08
811 region_rec_diffs(3,149)        -0.74616138     -3     3    7.443455e-09
812 region_rec_diffs(3,150)        -0.03190574     -3     3    1.8824088e-07
813 region_rec_diffs(3,151)        0.93705827     -3     3    1.0466704e-06
814 region_rec_diffs(3,152)        -1.1273432     -3     3    8.7639874e-08
815 region_rec_diffs(3,153)        -0.27525084     -3     3    -2.6620813e-07
816 region_rec_diffs(3,154)        -0.20655224     -3     3    -9.7442836e-08
817 region_rec_diffs(3,155)        -0.55971435     -3     3    -2.6563159e-07
818 region_rec_diffs(3,156)        -0.19628779     -3     3    8.6711284e-07
819 region_rec_diffs(3,157)        1.0153004     -3     3    -2.0209035e-07
820 region_rec_diffs(3,158)        0.9349445     -3     3    -3.3560196e-07
821 region_rec_diffs(3,159)        0.77630549     -3     3    9.3838964e-07
822 region_rec_diffs(3,160)        -1.7041568     -3     3    5.8661445e-07
823 region_rec_diffs(3,161)        -0.21534703     -3     3    -7.4771934e-07
824 region_rec_diffs(3,162)        -0.32642358     -3     3    2.8768671e-07
825 region_rec_diffs(3,163)        -1.3842484     -3     3    -1.8891315e-07
826 region_rec_diffs(3,164)        -1.138877     -3     3    5.7580827e-07
827 region_rec_diffs(3,165)        1.7767548     -3     3    -5.1168595e-07
828 region_rec_diffs(3,166)        0.31382411     -3     3    1.5448134e-06
829 region_rec_diffs(3,167)        1.6769599     -3     3    -4.5899295e-07
830 region_rec_diffs(3,168)        -1.5652156     -3     3    -5.8678415e-07
831 region_rec_diffs(3,169)        -1.326831     -3     3    8.4648739e-07
832 region_rec_diffs(3,170)        -0.86219869     -3     3    -2.2068962e-07
833 region_rec_diffs(3,171)        -1.372316     -3     3    -4.3878427e-07
834 region_rec_diffs(3,172)        -1.7184079     -3     3    -3.0559188e-07
835 region_rec_diffs(3,173)        -2.1985146     -3     3    5.1087127e-07
836 region_rec_diffs(3,174)        0.010889734     -3     3    -1.129785e-07
837 region_rec_diffs(3,175)        1.5053927     -3     3    -2.4754879e-06
838 region_rec_diffs(3,176)        0.90779842     -3     3    -6.3648704e-07
839 region_rec_diffs(3,177)        -0.0041314452     -3     3    6.8713727e-09
840 region_rec_diffs(3,178)        1.283363     -3     3    1.5873577e-06
841 region_rec_diffs(3,179)        1.7055855     -3     3    9.1956911e-07
842 region_rec_diffs(3,180)        -0.40231413     -3     3    6.0350156e-07
843 region_rec_diffs(3,181)        -1.2544332     -3     3    -2.3722791e-07
844 region_rec_diffs(3,182)        -0.55368034     -3     3    -7.2248059e-07
845 region_rec_diffs(3,183)        -0.71318079     -3     3    1.5279975e-07
846 region_rec_diffs(3,184)        -0.55805557     -3     3    -1.1589536e-06
847 region_rec_diffs(3,185)        1.4106492     -3     3    -7.7451074e-08
848 region_rec_diffs(3,186)        0.42489595     -3     3    -1.6618313e-06
849 region_rec_diffs(3,187)        -0.05481319     -3     3    1.7302803e-06
850 region_rec_diffs(3,188)        -1.1482041     -3     3    5.6761511e-07
851 region_rec_diffs(3,189)        0.40960456     -3     3    1.7375253e-06
852 region_rec_diffs(3,190)        -0.12016405     -3     3    3.5186047e-07
853 region_rec_diffs(3,191)        1.57433     -3     3    2.3824391e-08
854 region_rec_diffs(3,192)        1.501648     -3     3    -4.1888582e-07
855 region_rec_diffs(3,193)        0.53334825     -3     3    -2.4240052e-07
856 region_rec_diffs(3,194)        -1.4244239     -3     3    -5.7859756e-07
857 region_rec_diffs(3,195)        -1.0259833     -3     3    -1.4029122e-07
858 region_rec_diffs(3,196)        0.064119318     -3     3    9.0419265e-07
859 region_rec_diffs(3,197)        -0.82533619     -3     3    2.808379e-07
860 region_rec_diffs(3,198)        -1.1181637     -3     3    8.5043657e-07
861 region_rec_diffs(3,199)        1.3404579     -3     3    -6.4750226e-07
862 region_rec_diffs(3,200)        0.27033112     -3     3    2.3427503e-06
863 region_rec_diffs(3,201)        -0.68532041     -3     3    1.3430706e-07
864 region_rec_diffs(3,202)        0.90208239     -3     3    -1.3895303e-06
865 region_rec_diffs(3,203)        0.63470691     -3     3    -9.7310674e-07
866 region_rec_diffs(3,204)        -0.58258531     -3     3    1.4166353e-06
867 region_rec_diffs(3,205)        -0.67633477     -3     3    1.5541954e-07
868 region_rec_diffs(3,206)        -0.90344636     -3     3    1.2608046e-07
869 region_rec_diffs(3,207)        -0.67731218     -3     3    -3.935574e-07
870 region_rec_diffs(3,208)        -1.4207313     -3     3    9.3943665e-07
871 region_rec_diffs(3,209)        1.1455354     -3     3    2.1772156e-07
872 region_rec_diffs(3,210)        1.334211     -3     3    5.9319671e-07
873 region_rec_diffs(3,211)        0.0028785857     -3     3    -1.4355074e-06
874 region_rec_diffs(3,212)        0.071333825     -3     3    -1.3787422e-06
875 region_rec_diffs(3,213)        -0.32660765     -3     3    3.0317101e-07
876 region_rec_diffs(3,214)        0.54281943     -3     3    -2.5132139e-07
877 region_rec_diffs(3,215)        1.2899775     -3     3    -8.9771867e-07
878 region_rec_diffs(3,216)        0.60045737     -3     3    -5.5388747e-07
879 region_rec_diffs(3,217)        -0.5977108     -3     3    3.4241308e-08
880 region_rec_diffs(3,218)        0.3989913     -3     3    -1.2048127e-06
881 region_rec_diffs(3,219)        1.7044171     -3     3    1.8337505e-06
882 region_rec_diffs(3,220)        1.5385124     -3     3    -1.1192332e-07
883 region_rec_diffs(3,221)        0.50293099     -3     3    -3.0839486e-07
884 region_rec_diffs(3,222)        1.8697135     -3     3    4.5601178e-07
885 region_rec_diffs(3,223)        1.4317102     -3     3    3.2970853e-07
886 region_rec_diffs(3,224)        0.22962644     -3     3    1.1544839e-07
887 region_rec_diffs(3,225)        -0.67793738     -3     3    -1.3977884e-07
888 region_rec_diffs(3,226)        0.63964395     -3     3    5.3680638e-07
889 region_rec_diffs(3,227)        1.3015401     -3     3    1.3455494e-06
890 region_rec_diffs(3,228)        1.3870708     -3     3    -8.0440071e-07
891 region_rec_diffs(3,229)        -0.24129471     -3     3    -4.830341e-07
892 region_rec_diffs(3,230)        1.5263064     -3     3    2.7902886e-07
893 region_rec_diffs(3,231)        1.5952148     -3     3    3.0152144e-07
894 region_rec_diffs(3,232)        0.55562474     -3     3    -1.7744066e-06
895 region_rec_diffs(3,233)        1.6257395     -3     3    -3.2403937e-07
896 region_rec_diffs(3,234)        1.7680377     -3     3    -7.6578003e-08
897 region_rec_diffs(3,235)        1.6274486     -3     3    1.1646783e-06
898 region_rec_diffs(3,236)        0.83325243     -3     3    -1.0925857e-06
899 region_rec_diffs(3,237)        -0.06841175     -3     3    -2.2684786e-06
900 region_rec_diffs(3,238)        1.0596335     -3     3    -2.6032181e-07
901 region_rec_diffs(3,239)        1.4626202     -3     3    2.1492642e-07
902 region_rec_diffs(3,240)        1.5235481     -3     3    -1.6419708e-07
903 region_rec_diffs(3,241)        0.94007799     -3     3    -1.6715426e-06
904 region_rec_diffs(3,242)        1.407872     -3     3    5.4097156e-07
905 region_rec_diffs(3,243)        1.4416194     -3     3    6.2956663e-07
906 region_rec_diffs(3,244)        0.50651933     -3     3    -1.5964892e-07
907 region_rec_diffs(3,245)        1.2095736     -3     3    -5.1105758e-10
908 region_rec_diffs(3,246)        1.5588328     -3     3    5.7182754e-07
909 region_rec_diffs(3,247)        1.2962211     -3     3    6.7389419e-07
910 region_rec_diffs(3,248)        0.4853583     -3     3    3.9920236e-06
911 region_rec_diffs(3,249)        -1.1467408     -3     3    -6.1238384e-07
912 region_rec_diffs(3,250)        0.99690305     -3     3    2.1201465e-07
913 region_rec_diffs(3,251)        1.0472641     -3     3    5.8056263e-08
914 region_rec_diffs(3,252)        0.93782521     -3     3    1.7892667e-06
915 region_rec_diffs(3,253)        0.10863528     -3     3    -1.2853891e-06
916 region_rec_diffs(3,254)        -0.24265952     -3     3    3.2188474e-07
917 region_rec_diffs(3,255)        0.56246431     -3     3    1.0905222e-06
918 region_rec_diffs(3,256)        0.67348419     -3     3    1.9180311e-07
919 region_rec_diffs(3,257)        0.14977578     -3     3    -2.7183182e-06
920 region_rec_diffs(3,258)        0.37872033     -3     3    -1.4394126e-07
921 region_rec_diffs(3,259)        0.013974692     -3     3    -1.1222307e-06
922 region_rec_diffs(3,260)        0.16390497     -3     3    -3.7815692e-07
923 region_rec_diffs(3,261)        -0.42140455     -3     3    7.1525792e-07
924 region_rec_diffs(3,262)        0.12120846     -3     3    -1.030987e-06
925 region_rec_diffs(3,263)        1.1720496     -3     3    8.4872944e-07
926 region_rec_diffs(3,264)        0.44969444     -3     3    3.9457746e-06
927 region_rec_diffs(3,265)        -0.93513872     -3     3    -1.8645039e-07
928 region_rec_diffs(3,266)        -0.18953198     -3     3    1.4482062e-06
929 region_rec_diffs(3,267)        0.55805368     -3     3    -4.3354607e-07
930 region_rec_diffs(3,268)        0.98456319     -3     3    1.6178066e-06
931 region_rec_diffs(3,269)        0.82074661     -3     3    4.4393837e-07
932 region_rec_diffs(3,270)        0.65278595     -3     3    9.4816178e-09
933 region_rec_diffs(3,271)        0.49405016     -3     3    -1.2284146e-06
934 region_rec_diffs(3,272)        -0.47433257     -3     3    1.9981135e-06
935 region_rec_diffs(3,273)        0.11890237     -3     3    1.5109476e-06
936 region_rec_diffs(3,274)        -1.7518413     -3     3    -6.6937417e-07
937 region_rec_diffs(3,275)        0.94483658     -3     3    -1.9999023e-07
938 region_rec_diffs(3,276)        -0.96215502     -3     3    5.1413608e-08
939 region_rec_diffs(3,277)        1.7027069     -3     3    -5.9468841e-07
940 region_rec_diffs(3,278)        -0.32599857     -3     3    -2.644878e-07
941 region_rec_diffs(3,279)        -0.36123222     -3     3    -6.4640286e-08
942 region_rec_diffs(4,1)        -3.3576268e-08     -3     3    2.2193314e-08
943 region_rec_diffs(4,2)        -0.17237116     -3     3    6.7589631e-07
944 region_rec_diffs(4,3)        -0.15761984     -3     3    -2.2853405e-06
945 region_rec_diffs(4,4)        -0.37483627     -3     3    3.1123538e-06
946 region_rec_diffs(4,5)        -0.4024711     -3     3    -1.6791252e-06
947 region_rec_diffs(4,6)        -0.12796846     -3     3    2.7159795e-07
948 region_rec_diffs(4,7)        -1.6297226     -3     3    -1.1373595e-06
949 region_rec_diffs(4,8)        -0.061228302     -3     3    4.8428296e-07
950 region_rec_diffs(4,9)        0.026754799     -3     3    1.4963535e-10
951 region_rec_diffs(4,10)        0.11217782     -3     3    1.3648285e-07
952 region_rec_diffs(4,11)        -0.31697989     -3     3    -1.1539979e-06
953 region_rec_diffs(4,12)        0.0172577     -3     3    5.3148257e-07
954 region_rec_diffs(4,13)        -0.51479202     -3     3    2.4292213e-07
955 region_rec_diffs(4,14)        -1.4829006     -3     3    -1.253212e-07
956 region_rec_diffs(4,15)        -0.13474484     -3     3    -6.9620682e-07
957 region_rec_diffs(4,16)        -0.0071791794     -3     3    -1.8337753e-07
958 region_rec_diffs(4,17)        -0.20875826     -3     3    5.9148442e-07
959 region_rec_diffs(4,18)        -1.1281827     -3     3    1.4037223e-06
960 region_rec_diffs(4,19)        -0.009988106     -3     3    4.0356469e-07
961 region_rec_diffs(4,20)        0.064554616     -3     3    1.6309206e-07
962 region_rec_diffs(4,21)        0.065448742     -3     3    1.7093229e-06
963 region_rec_diffs(4,22)        -0.44003602     -3     3    2.4741879e-06
964 region_rec_diffs(4,23)        0.037454974     -3     3    -1.6384358e-08
965 region_rec_diffs(4,24)        -0.347768     -3     3    4.5073158e-07
966 region_rec_diffs(4,25)        0.032842826     -3     3    4.6424466e-07
967 region_rec_diffs(4,26)        0.18696085     -3     3    9.4405672e-08
968 region_rec_diffs(4,27)        0.073618288     -3     3    1.014459e-07
969 region_rec_diffs(4,28)        -0.10795763     -3     3    1.5009316e-07
970 region_rec_diffs(4,29)        -0.36366885     -3     3    2.077564e-07
971 region_rec_diffs(4,30)        -0.069068121     -3     3    1.6319658e-07
972 region_rec_diffs(4,31)        0.0098799892     -3     3    -6.5505192e-08
973 region_rec_diffs(4,32)        0.16043589     -3     3    -8.208864e-07
974 region_rec_diffs(4,33)        1.6357229     -3     3    -1.0836586e-06
975 region_rec_diffs(4,34)        -0.16905797     -3     3    1.6981659e-06
976 region_rec_diffs(4,35)        0.021864664     -3     3    -8.0252107e-08
977 region_rec_diffs(4,36)        -0.40580298     -3     3    2.8343723e-07
978 region_rec_diffs(4,37)        0.50148551     -3     3    1.9031575e-06
979 region_rec_diffs(4,38)        0.33894508     -3     3    -1.2286866e-06
980 region_rec_diffs(4,39)        0.070264053     -3     3    -5.5092208e-08
981 region_rec_diffs(4,40)        0.23648711     -3     3    6.6566218e-07
982 region_rec_diffs(4,41)        0.27551336     -3     3    -9.5826292e-07
983 region_rec_diffs(4,42)        0.10777185     -3     3    -1.4199043e-06
984 region_rec_diffs(4,43)        0.07211329     -3     3    2.685054e-07
985 region_rec_diffs(4,44)        1.2302167     -3     3    -2.7448581e-08
986 region_rec_diffs(4,45)        0.4918156     -3     3    2.3178281e-06
987 region_rec_diffs(4,46)        0.020826664     -3     3    -1.6330147e-07
988 region_rec_diffs(4,47)        0.064687589     -3     3    2.1237449e-07
989 region_rec_diffs(4,48)        1.7182484     -3     3    -5.4586486e-07
990 region_rec_diffs(4,49)        -0.025826303     -3     3    -1.1976638e-06
991 region_rec_diffs(4,50)        0.044570035     -3     3    -1.3595766e-07
992 region_rec_diffs(4,51)        -0.46383871     -3     3    -2.5244699e-07
993 region_rec_diffs(4,52)        0.081031335     -3     3    3.4848731e-07
994 region_rec_diffs(4,53)        -0.4319011     -3     3    -9.7444012e-07
995 region_rec_diffs(4,54)        -0.063532447     -3     3    -3.2563881e-07
996 region_rec_diffs(4,55)        -0.097805779     -3     3    9.3227568e-08
997 region_rec_diffs(4,56)        -0.04840397     -3     3    2.9276034e-08
998 region_rec_diffs(4,57)        1.2000878     -3     3    4.1424448e-07
999 region_rec_diffs(4,58)        -0.013746895     -3     3    -1.3471927e-06
1000 region_rec_diffs(4,59)        -0.055561659     -3     3    -7.4751672e-08
1001 region_rec_diffs(4,60)        0.82902941     -3     3    -1.0755208e-06
1002 region_rec_diffs(4,61)        -0.44166912     -3     3    5.4884103e-07
1003 region_rec_diffs(4,62)        0.030490245     -3     3    -2.4204859e-07
1004 region_rec_diffs(4,63)        -0.18689276     -3     3    -2.772952e-07
1005 region_rec_diffs(4,64)        0.024906094     -3     3    3.4338516e-07
1006 region_rec_diffs(4,65)        0.91304715     -3     3    2.5912464e-07
1007 region_rec_diffs(4,66)        0.11215043     -3     3    -6.0848159e-08
1008 region_rec_diffs(4,67)        0.031506449     -3     3    -3.7395979e-07
1009 region_rec_diffs(4,68)        0.67475339     -3     3    1.7137011e-06
1010 region_rec_diffs(4,69)        0.9262503     -3     3    1.6463593e-06
1011 region_rec_diffs(4,70)        -0.61053925     -3     3    -6.4183657e-09
1012 region_rec_diffs(4,71)        -0.21846273     -3     3    -1.1652891e-07
1013 region_rec_diffs(4,72)        0.71457186     -3     3    -2.1097578e-06
1014 region_rec_diffs(4,73)        -0.13367742     -3     3    -8.8897584e-07
1015 region_rec_diffs(4,74)        -0.90806989     -3     3    -4.0781722e-07
1016 region_rec_diffs(4,75)        -0.053459001     -3     3    -5.044653e-08
1017 region_rec_diffs(4,76)        -0.16887995     -3     3    -1.8356397e-07
1018 region_rec_diffs(4,77)        -0.031744797     -3     3    7.656694e-07
1019 region_rec_diffs(4,78)        0.16124935     -3     3    7.110065e-07
1020 region_rec_diffs(4,79)        0.055496036     -3     3    4.4473392e-07
1021 region_rec_diffs(4,80)        0.11433918     -3     3    -3.842885e-06
1022 region_rec_diffs(4,81)        -0.68511295     -3     3    -5.7533909e-07
1023 region_rec_diffs(4,82)        -0.62300984     -3     3    3.1577789e-07
1024 region_rec_diffs(4,83)        -0.56728788     -3     3    -5.774389e-08
1025 region_rec_diffs(4,84)        0.63127311     -3     3    -4.1127688e-07
1026 region_rec_diffs(4,85)        0.10192754     -3     3    -3.7254962e-07
1027 region_rec_diffs(4,86)        0.058898919     -3     3    -2.8071854e-07
1028 region_rec_diffs(4,87)        -0.1015536     -3     3    -2.7336866e-06
1029 region_rec_diffs(4,88)        -0.45988153     -3     3    -1.8096968e-06
1030 region_rec_diffs(4,89)        -0.96724972     -3     3    1.023332e-07
1031 region_rec_diffs(4,90)        -0.060824354     -3     3    1.0918988e-07
1032 region_rec_diffs(4,91)        -0.37669637     -3     3    -1.1653579e-07
1033 region_rec_diffs(4,92)        0.16037262     -3     3    -2.4764375e-06
1034 region_rec_diffs(4,93)        0.91139117     -3     3    -1.7405608e-06
1035 region_rec_diffs(4,94)        -0.45997185     -3     3    -1.3455926e-06
1036 region_rec_diffs(4,95)        0.051887242     -3     3    -6.6843391e-07
1037 region_rec_diffs(4,96)        0.27888714     -3     3    1.9980707e-07
1038 region_rec_diffs(4,97)        -0.19945038     -3     3    -2.2907232e-07
1039 region_rec_diffs(4,98)        -0.18915566     -3     3    2.8414438e-07
1040 region_rec_diffs(4,99)        -0.35514434     -3     3    2.1117885e-07
1041 region_rec_diffs(4,100)        -1.1543675     -3     3    -9.6889467e-07
1042 region_rec_diffs(4,101)        -0.86582433     -3     3    6.1500408e-07
1043 region_rec_diffs(4,102)        -0.0041821646     -3     3    2.2906517e-08
1044 region_rec_diffs(4,103)        -0.1478707     -3     3    2.7597969e-07
1045 region_rec_diffs(4,104)        -0.74833537     -3     3    3.0464785e-07
1046 region_rec_diffs(4,105)        -0.13099006     -3     3    -7.6165086e-08
1047 region_rec_diffs(4,106)        -0.038843227     -3     3    -2.3219083e-08
1048 region_rec_diffs(4,107)        -0.18832227     -3     3    -2.9591878e-08
1049 region_rec_diffs(4,108)        -0.77411238     -3     3    1.6110501e-07
1050 region_rec_diffs(4,109)        -0.50641867     -3     3    3.9109728e-07
1051 region_rec_diffs(4,110)        0.01580957     -3     3    -6.5176332e-09
1052 region_rec_diffs(4,111)        -0.35781998     -3     3    -1.9405286e-07
1053 region_rec_diffs(4,112)        0.90208174     -3     3    1.4023491e-06
1054 region_rec_diffs(4,113)        0.3901614     -3     3    -2.0390707e-07
1055 region_rec_diffs(4,114)        -0.294224     -3     3    -2.1552676e-07
1056 region_rec_diffs(4,115)        -0.033088303     -3     3    -3.2435687e-07
1057 region_rec_diffs(4,116)        1.4059979     -3     3    -2.0662857e-06
1058 region_rec_diffs(4,117)        0.51552967     -3     3    2.1548019e-07
1059 region_rec_diffs(4,118)        0.055272569     -3     3    7.6271233e-08
1060 region_rec_diffs(4,119)        -0.66400886     -3     3    6.3683686e-07
1061 region_rec_diffs(4,120)        -0.58127977     -3     3    2.8992769e-08
1062 region_rec_diffs(4,121)        1.0435971     -3     3    2.176087e-06
1063 region_rec_diffs(4,122)        -0.22786014     -3     3    -2.2650896e-07
1064 region_rec_diffs(4,123)        0.060536206     -3     3    7.6130339e-07
1065 region_rec_diffs(4,124)        1.1242806     -3     3    1.9156026e-06
1066 region_rec_diffs(4,125)        0.0019871255     -3     3    -1.3084711e-07
1067 region_rec_diffs(4,126)        -0.91246215     -3     3    -4.7596191e-07
1068 region_rec_diffs(4,127)        -0.49191267     -3     3    -7.174147e-07
1069 region_rec_diffs(4,128)        -1.2730924     -3     3    -4.3752799e-08
1070 region_rec_diffs(4,129)        -1.317547     -3     3    4.4090482e-07
1071 region_rec_diffs(4,130)        -0.95508865     -3     3    4.4115664e-07
1072 region_rec_diffs(4,131)        -0.57550628     -3     3    -1.5642688e-07
1073 region_rec_diffs(4,132)        0.12043885     -3     3    -4.5505446e-07
1074 region_rec_diffs(4,133)        -0.27644097     -3     3    -4.5331001e-07
1075 region_rec_diffs(4,134)        -0.16969079     -3     3    5.289952e-07
1076 region_rec_diffs(4,135)        -0.26596497     -3     3    1.9148506e-06
1077 region_rec_diffs(4,136)        -0.19940373     -3     3    8.415332e-07
1078 region_rec_diffs(4,137)        -0.22273386     -3     3    -1.6073025e-07
1079 region_rec_diffs(4,138)        -0.70967455     -3     3    -2.2757773e-07
1080 region_rec_diffs(4,139)        -0.40874884     -3     3    1.000003e-07
1081 region_rec_diffs(4,140)        -1.5032713     -3     3    -4.6854832e-07
1082 region_rec_diffs(4,141)        -0.9656236     -3     3    4.5886946e-07
1083 region_rec_diffs(4,142)        -0.16621566     -3     3    -1.2653589e-08
1084 region_rec_diffs(4,143)        -0.31169273     -3     3    -7.8382463e-07
1085 region_rec_diffs(4,144)        -1.0904531     -3     3    -7.5552971e-07
1086 region_rec_diffs(4,145)        -1.3248338     -3     3    -1.3183176e-06
1087 region_rec_diffs(4,146)        -0.45272302     -3     3    -2.9657301e-07
1088 region_rec_diffs(4,147)        -0.52162148     -3     3    -3.8218618e-07
1089 region_rec_diffs(4,148)        -1.7127597     -3     3    -3.0354983e-07
1090 region_rec_diffs(4,149)        0.15923366     -3     3    1.3082122e-06
1091 region_rec_diffs(4,150)        0.76670157     -3     3    -1.1927463e-07
1092 region_rec_diffs(4,151)        0.95412261     -3     3    -6.4336947e-07
1093 region_rec_diffs(4,152)        -1.2054313     -3     3    1.8150611e-07
1094 region_rec_diffs(4,153)        0.076871087     -3     3    -6.0495127e-07
1095 region_rec_diffs(4,154)        0.30779861     -3     3    -9.9800638e-07
1096 region_rec_diffs(4,155)        -0.91065049     -3     3    3.6041411e-07
1097 region_rec_diffs(4,156)        -0.63996604     -3     3    6.2586087e-07
1098 region_rec_diffs(4,157)        0.92202345     -3     3    1.7056858e-06
1099 region_rec_diffs(4,158)        -0.44996422     -3     3    -3.5820974e-07
1100 region_rec_diffs(4,159)        1.5752862     -3     3    -1.245716e-06
1101 region_rec_diffs(4,160)        -2.7316479     -3     3    -9.0575372e-07
1102 region_rec_diffs(4,161)        -1.8890261     -3     3    1.4178282e-07
1103 region_rec_diffs(4,162)        -0.38940996     -3     3    -3.1806796e-07
1104 region_rec_diffs(4,163)        -1.3773371     -3     3    6.0363762e-08
1105 region_rec_diffs(4,164)        -2.5898744     -3     3    -4.5222515e-08
1106 region_rec_diffs(4,165)        -1.1373099     -3     3    8.1725782e-07
1107 region_rec_diffs(4,166)        -0.56031409     -3     3    4.779518e-07
1108 region_rec_diffs(4,167)        -1.516824     -3     3    1.442167e-06
1109 region_rec_diffs(4,168)        -1.2648068     -3     3    -2.5358153e-06
1110 region_rec_diffs(4,169)        -1.0194763     -3     3    1.0319738e-06
1111 region_rec_diffs(4,170)        0.78670345     -3     3    1.4711406e-06
1112 region_rec_diffs(4,171)        1.1587712     -3     3    2.9628762e-07
1113 region_rec_diffs(4,172)        -1.7696429     -3     3    -6.8945607e-07
1114 region_rec_diffs(4,173)        0.92978999     -3     3    -4.2007938e-07
1115 region_rec_diffs(4,174)        -0.33102426     -3     3    -1.0388092e-06
1116 region_rec_diffs(4,175)        -0.94635664     -3     3    -1.1228559e-06
1117 region_rec_diffs(4,176)        -1.8905918     -3     3    -7.9822687e-08
1118 region_rec_diffs(4,177)        -0.10450266     -3     3    6.2831906e-06
1119 region_rec_diffs(4,178)        -0.93550972     -3     3    3.1599374e-07
1120 region_rec_diffs(4,179)        0.13026098     -3     3    7.3366027e-07
1121 region_rec_diffs(4,180)        -1.4238386     -3     3    -5.9681771e-07
1122 region_rec_diffs(4,181)        -1.210719     -3     3    -2.9920466e-06
1123 region_rec_diffs(4,182)        -0.68557879     -3     3    -1.5831815e-06
1124 region_rec_diffs(4,183)        1.3911872     -3     3    -1.7889704e-06
1125 region_rec_diffs(4,184)        1.3754376     -3     3    6.0284454e-07
1126 region_rec_diffs(4,185)        0.22224179     -3     3    1.8277855e-06
1127 region_rec_diffs(4,186)        -0.30500652     -3     3    -5.0668749e-07
1128 region_rec_diffs(4,187)        -0.37796727     -3     3    -5.6398829e-07
1129 region_rec_diffs(4,188)        -0.70568142     -3     3    -1.1711399e-07
1130 region_rec_diffs(4,189)        -1.4405319     -3     3    1.4096807e-06
1131 region_rec_diffs(4,190)        -0.68447317     -3     3    -1.0270589e-06
1132 region_rec_diffs(4,191)        -0.97542174     -3     3    -1.4012096e-06
1133 region_rec_diffs(4,192)        -1.8473496     -3     3    2.1021925e-06
1134 region_rec_diffs(4,193)        -1.7060546     -3     3    2.7047658e-07
1135 region_rec_diffs(4,194)        0.10358001     -3     3    1.07418e-08
1136 region_rec_diffs(4,195)        1.0742317     -3     3    1.2609022e-06
1137 region_rec_diffs(4,196)        0.46913431     -3     3    -3.3820532e-07
1138 region_rec_diffs(4,197)        1.2781039     -3     3    2.1153957e-06
1139 region_rec_diffs(4,198)        0.71495325     -3     3    8.6254872e-07
1140 region_rec_diffs(4,199)        0.14044815     -3     3    1.3609717e-06
1141 region_rec_diffs(4,200)        0.0063718539     -3     3    2.0893908e-06
1142 region_rec_diffs(4,201)        -0.28386235     -3     3    1.1393281e-06
1143 region_rec_diffs(4,202)        -0.24222196     -3     3    -2.0519456e-07
1144 region_rec_diffs(4,203)        0.50103964     -3     3    2.274891e-07
1145 region_rec_diffs(4,204)        0.68297445     -3     3    1.5401754e-06
1146 region_rec_diffs(4,205)        1.9136075     -3     3    6.4246755e-08
1147 region_rec_diffs(4,206)        0.42616564     -3     3    -5.0206864e-07
1148 region_rec_diffs(4,207)        0.32149868     -3     3    -7.9604486e-07
1149 region_rec_diffs(4,208)        -0.18070285     -3     3    -4.9386356e-07
1150 region_rec_diffs(4,209)        0.16134213     -3     3    2.9354711e-06
1151 region_rec_diffs(4,210)        -0.059835051     -3     3    1.1486864e-06
1152 region_rec_diffs(4,211)        1.4417604     -3     3    -2.7105757e-07
1153 region_rec_diffs(4,212)        -0.39334009     -3     3    1.0644475e-06
1154 region_rec_diffs(4,213)        0.018450893     -3     3    -2.2964367e-08
1155 region_rec_diffs(4,214)        0.038617786     -3     3    -8.3031643e-07
1156 region_rec_diffs(4,215)        0.60097785     -3     3    9.69505e-07
1157 region_rec_diffs(4,216)        -0.10227495     -3     3    6.308019e-07
1158 region_rec_diffs(4,217)        0.62558705     -3     3    -1.2600145e-08
1159 region_rec_diffs(4,218)        -0.23959569     -3     3    8.4410245e-07
1160 region_rec_diffs(4,219)        -0.90620281     -3     3    1.4619401e-06
1161 region_rec_diffs(4,220)        -1.823509     -3     3    -3.2206673e-07
1162 region_rec_diffs(4,221)        0.86043578     -3     3    3.522737e-07
1163 region_rec_diffs(4,222)        -0.34914611     -3     3    -3.3516603e-06
1164 region_rec_diffs(4,223)        -1.9992186     -3     3    5.0514728e-07
1165 region_rec_diffs(4,224)        -1.221306     -3     3    6.5617565e-07
1166 region_rec_diffs(4,225)        -0.84797317     -3     3    -1.1114822e-06
1167 region_rec_diffs(4,226)        -0.43510702     -3     3    5.2486348e-08
1168 region_rec_diffs(4,227)        -2.086591     -3     3    -5.3040862e-07
1169 region_rec_diffs(4,228)        -2.407226     -3     3    8.388506e-07
1170 region_rec_diffs(4,229)        1.0217927     -3     3    3.2199809e-07
1171 region_rec_diffs(4,230)        0.36510014     -3     3    7.2352543e-07
1172 region_rec_diffs(4,231)        0.53894125     -3     3    -6.7003845e-07
1173 region_rec_diffs(4,232)        -1.2341127     -3     3    -1.3303229e-06
1174 region_rec_diffs(4,233)        -1.1975771     -3     3    6.3841751e-07
1175 region_rec_diffs(4,234)        -0.84231084     -3     3    -2.6316264e-07
1176 region_rec_diffs(4,235)        0.28556049     -3     3    -6.7687555e-07
1177 region_rec_diffs(4,236)        -0.3341011     -3     3    1.0177912e-07
1178 region_rec_diffs(4,237)        -2.2771439     -3     3    5.0522493e-07
1179 region_rec_diffs(4,238)        -1.7168872     -3     3    -5.1914718e-07
1180 region_rec_diffs(4,239)        -0.4051626     -3     3    -3.2964849e-06
1181 region_rec_diffs(4,240)        0.66444936     -3     3    1.6334116e-06
1182 region_rec_diffs(4,241)        -0.84405494     -3     3    -2.1007927e-06
1183 region_rec_diffs(4,242)        -2.0895168     -3     3    -8.7467987e-07
1184 region_rec_diffs(4,243)        -2.4664479     -3     3    8.6741166e-08
1185 region_rec_diffs(4,244)        -1.4317847     -3     3    -1.0591986e-06
1186 region_rec_diffs(4,245)        -1.0791806     -3     3    4.496992e-07
1187 region_rec_diffs(4,246)        -1.9752494     -3     3    -1.1783287e-07
1188 region_rec_diffs(4,247)        1.4381575     -3     3    -3.2899452e-08
1189 region_rec_diffs(4,248)        0.58268738     -3     3    -4.4919697e-06
1190 region_rec_diffs(4,249)        0.43739982     -3     3    -1.05811e-06
1191 region_rec_diffs(4,250)        0.52294645     -3     3    -1.5808906e-06
1192 region_rec_diffs(4,251)        1.2337511     -3     3    -1.5369118e-07
1193 region_rec_diffs(4,252)        1.2124526     -3     3    -1.0673409e-07
1194 region_rec_diffs(4,253)        0.271615     -3     3    6.4309996e-07
1195 region_rec_diffs(4,254)        1.4021283     -3     3    4.3348668e-08
1196 region_rec_diffs(4,255)        0.71793092     -3     3    2.605419e-07
1197 region_rec_diffs(4,256)        0.97484899     -3     3    -4.9656888e-07
1198 region_rec_diffs(4,257)        1.0190986     -3     3    1.7680874e-06
1199 region_rec_diffs(4,258)        1.3761796     -3     3    2.1471258e-07
1200 region_rec_diffs(4,259)        0.46427217     -3     3    -6.6247229e-07
1201 region_rec_diffs(4,260)        -0.38594073     -3     3    2.1925464e-06
1202 region_rec_diffs(4,261)        0.92879901     -3     3    -7.3691164e-07
1203 region_rec_diffs(4,262)        1.1739428     -3     3    1.1778627e-08
1204 region_rec_diffs(4,263)        0.96612461     -3     3    -4.6586024e-08
1205 region_rec_diffs(4,264)        1.1442555     -3     3    -1.9597647e-06
1206 region_rec_diffs(4,265)        0.61205784     -3     3    1.3678594e-06
1207 region_rec_diffs(4,266)        1.1848349     -3     3    -7.042078e-07
1208 region_rec_diffs(4,267)        1.2766241     -3     3    1.0796115e-06
1209 region_rec_diffs(4,268)        0.78088618     -3     3    -1.2172984e-06
1210 region_rec_diffs(4,269)        0.83311032     -3     3    1.2524266e-06
1211 region_rec_diffs(4,270)        1.3361154     -3     3    1.311355e-06
1212 region_rec_diffs(4,271)        0.42106894     -3     3    1.6571547e-06
1213 region_rec_diffs(4,272)        -0.51772496     -3     3    2.4529828e-06
1214 region_rec_diffs(4,273)        -1.0654558     -3     3    4.8293969e-07
1215 region_rec_diffs(4,274)        2.095349     -3     3    -6.175437e-07
1216 region_rec_diffs(4,275)        -1.5415822     -3     3    4.7882186e-07
1217 region_rec_diffs(4,276)        -1.5603694     -3     3    1.3037383e-06
1218 region_rec_diffs(4,277)        -0.44209868     -3     3    6.6474284e-08
1219 region_rec_diffs(4,278)        1.4355521     -3     3    -7.9964518e-07
1220 region_rec_diffs(4,279)        -0.064597316     -3     3    -2.9600861e-07
1221 region_rec_diffs(5,1)        -1.1460178e-08     -3     3    4.9568546e-09
1222 region_rec_diffs(5,2)        0.5603612     -3     3    -2.8576236e-06
1223 region_rec_diffs(5,3)        0.66825232     -3     3    -1.6823171e-07
1224 region_rec_diffs(5,4)        0.70494864     -3     3    1.6664388e-06
1225 region_rec_diffs(5,5)        0.65497041     -3     3    9.2661181e-07
1226 region_rec_diffs(5,6)        0.015643486     -3     3    -1.6467587e-07
1227 region_rec_diffs(5,7)        0.17600065     -3     3    1.6443818e-07
1228 region_rec_diffs(5,8)        0.023953771     -3     3    -6.6026255e-07
1229 region_rec_diffs(5,9)        0.050306284     -3     3    -5.5146787e-08
1230 region_rec_diffs(5,10)        0.047189515     -3     3    2.2575358e-07
1231 region_rec_diffs(5,11)        0.6772444     -3     3    -1.6523587e-06
1232 region_rec_diffs(5,12)        0.013372312     -3     3    1.0111841e-07
1233 region_rec_diffs(5,13)        0.0067566757     -3     3    -2.7848272e-07
1234 region_rec_diffs(5,14)        1.4962906     -3     3    -4.6884954e-07
1235 region_rec_diffs(5,15)        0.034953751     -3     3    2.6236055e-07
1236 region_rec_diffs(5,16)        0.018785549     -3     3    4.9795407e-09
1237 region_rec_diffs(5,17)        0.10125755     -3     3    2.4171766e-07
1238 region_rec_diffs(5,18)        0.75474176     -3     3    1.3749459e-06
1239 region_rec_diffs(5,19)        0.014389421     -3     3    3.5352514e-08
1240 region_rec_diffs(5,20)        0.04837724     -3     3    -1.1057593e-07
1241 region_rec_diffs(5,21)        0.38804817     -3     3    1.1311164e-06
1242 region_rec_diffs(5,22)        1.0704961     -3     3    2.8953532e-06
1243 region_rec_diffs(5,23)        0.023734021     -3     3    6.9773422e-08
1244 region_rec_diffs(5,24)        0.11599569     -3     3    8.7266055e-07
1245 region_rec_diffs(5,25)        0.038750797     -3     3    2.8945453e-09
1246 region_rec_diffs(5,26)        0.07633935     -3     3    -4.959436e-07
1247 region_rec_diffs(5,27)        0.016015671     -3     3    -6.6289684e-11
1248 region_rec_diffs(5,28)        1.5237475     -3     3    2.1784573e-06
1249 region_rec_diffs(5,29)        0.24958573     -3     3    -3.0299154e-07
1250 region_rec_diffs(5,30)        0.03626159     -3     3    9.1387454e-08
1251 region_rec_diffs(5,31)        0.0067166316     -3     3    1.295192e-08
1252 region_rec_diffs(5,32)        0.021347671     -3     3    2.6817632e-08
1253 region_rec_diffs(5,33)        -0.028918776     -3     3    -1.2368018e-07
1254 region_rec_diffs(5,34)        1.3748056     -3     3    3.7630082e-07
1255 region_rec_diffs(5,35)        0.018698282     -3     3    -3.9437291e-08
1256 region_rec_diffs(5,36)        0.037857146     -3     3    -1.5520966e-07
1257 region_rec_diffs(5,37)        0.77126365     -3     3    -4.1717926e-07
1258 region_rec_diffs(5,38)        0.031955145     -3     3    -1.4763292e-07
1259 region_rec_diffs(5,39)        0.0069114867     -3     3    -3.7059153e-08
1260 region_rec_diffs(5,40)        -0.0061909091     -3     3    6.3324572e-08
1261 region_rec_diffs(5,41)        -0.53872455     -3     3    -4.8335171e-07
1262 region_rec_diffs(5,42)        -0.40265167     -3     3    -5.0633199e-07
1263 region_rec_diffs(5,43)        -0.0030474058     -3     3    2.7926149e-08
1264 region_rec_diffs(5,44)        -0.15586338     -3     3    -1.8675183e-08
1265 region_rec_diffs(5,45)        1.3358447     -3     3    6.9425552e-07
1266 region_rec_diffs(5,46)        0.060510456     -3     3    -8.488067e-08
1267 region_rec_diffs(5,47)        0.055173409     -3     3    1.0573722e-07
1268 region_rec_diffs(5,48)        0.22625977     -3     3    1.6451373e-07
1269 region_rec_diffs(5,49)        0.83325554     -3     3    1.6324087e-06
1270 region_rec_diffs(5,50)        0.038123954     -3     3    -9.5521334e-08
1271 region_rec_diffs(5,51)        0.13265745     -3     3    -6.7534787e-08
1272 region_rec_diffs(5,52)        0.038982752     -3     3    -1.77546e-08
1273 region_rec_diffs(5,53)        0.49140711     -3     3    7.1937996e-07
1274 region_rec_diffs(5,54)        0.16668844     -3     3    7.311607e-08
1275 region_rec_diffs(5,55)        0.15593448     -3     3    1.1297527e-06
1276 region_rec_diffs(5,56)        2.6119163     -3     3    -4.1843545e-07
1277 region_rec_diffs(5,57)        -0.19596731     -3     3    -2.0103837e-06
1278 region_rec_diffs(5,58)        -0.26644873     -3     3    -4.8701283e-07
1279 region_rec_diffs(5,59)        0.015069252     -3     3    -2.4400589e-07
1280 region_rec_diffs(5,60)        1.5956099     -3     3    2.4528191e-06
1281 region_rec_diffs(5,61)        0.70816163     -3     3    2.739607e-06
1282 region_rec_diffs(5,62)        0.051989382     -3     3    1.3663148e-07
1283 region_rec_diffs(5,63)        0.075954622     -3     3    1.4922861e-07
1284 region_rec_diffs(5,64)        0.21676267     -3     3    7.8465077e-07
1285 region_rec_diffs(5,65)        0.82093147     -3     3    2.4356595e-07
1286 region_rec_diffs(5,66)        -0.0070602375     -3     3    -2.2945186e-09
1287 region_rec_diffs(5,67)        -0.13342103     -3     3    -2.3675066e-07
1288 region_rec_diffs(5,68)        -0.48436021     -3     3    2.3277184e-07
1289 region_rec_diffs(5,69)        -0.86085132     -3     3    -2.185848e-06
1290 region_rec_diffs(5,70)        1.8324287     -3     3    -3.0911996e-06
1291 region_rec_diffs(5,71)        0.13402293     -3     3    -6.6141257e-07
1292 region_rec_diffs(5,72)        0.79830507     -3     3    -1.7939423e-08
1293 region_rec_diffs(5,73)        -0.37359693     -3     3    8.4843173e-07
1294 region_rec_diffs(5,74)        2.9976898     -3     3    -4.5200605e-06   *************
1295 region_rec_diffs(5,75)        0.061679062     -3     3    5.4285082e-08
1296 region_rec_diffs(5,76)        0.31363196     -3     3    7.3351697e-07
1297 region_rec_diffs(5,77)        0.051488587     -3     3    -1.6066788e-06
1298 region_rec_diffs(5,78)        -0.17101957     -3     3    -1.0920974e-07
1299 region_rec_diffs(5,79)        -0.047679867     -3     3    -1.7145314e-07
1300 region_rec_diffs(5,80)        -0.15086353     -3     3    -1.3941467e-06
1301 region_rec_diffs(5,81)        0.60981721     -3     3    6.7427729e-07
1302 region_rec_diffs(5,82)        0.11296291     -3     3    -9.9442651e-07
1303 region_rec_diffs(5,83)        1.8793653     -3     3    -2.5122602e-06
1304 region_rec_diffs(5,84)        0.30012832     -3     3    -8.4937492e-07
1305 region_rec_diffs(5,85)        -0.012337616     -3     3    -1.2213444e-06
1306 region_rec_diffs(5,86)        0.015480969     -3     3    -4.7866787e-08
1307 region_rec_diffs(5,87)        0.050036532     -3     3    -9.072957e-07
1308 region_rec_diffs(5,88)        1.090606     -3     3    -1.6102132e-06
1309 region_rec_diffs(5,89)        0.30330995     -3     3    -1.8605335e-06
1310 region_rec_diffs(5,90)        0.015634077     -3     3    -3.3231127e-08
1311 region_rec_diffs(5,91)        0.074359103     -3     3    -1.2959045e-07
1312 region_rec_diffs(5,92)        0.11502915     -3     3    -2.5272754e-07
1313 region_rec_diffs(5,93)        0.083190725     -3     3    -6.745726e-07
1314 region_rec_diffs(5,94)        1.1391117     -3     3    -1.7262561e-06
1315 region_rec_diffs(5,95)        0.27514826     -3     3    -1.4898389e-06
1316 region_rec_diffs(5,96)        0.081534402     -3     3    5.0498867e-07
1317 region_rec_diffs(5,97)        0.41059026     -3     3    -4.5857173e-07
1318 region_rec_diffs(5,98)        0.083457298     -3     3    -1.7550136e-08
1319 region_rec_diffs(5,99)        0.16408575     -3     3    6.5598746e-07
1320 region_rec_diffs(5,100)        1.561924     -3     3    3.0185956e-06
1321 region_rec_diffs(5,101)        0.16631281     -3     3    8.0162561e-07
1322 region_rec_diffs(5,102)        0.015492249     -3     3    3.9046269e-08
1323 region_rec_diffs(5,103)        0.053202785     -3     3    1.4660099e-07
1324 region_rec_diffs(5,104)        0.87348468     -3     3    1.6119961e-06
1325 region_rec_diffs(5,105)        -0.012782894     -3     3    -4.8749515e-08
1326 region_rec_diffs(5,106)        -0.0058861391     -3     3    1.2968846e-08
1327 region_rec_diffs(5,107)        -0.054922645     -3     3    8.4769845e-08
1328 region_rec_diffs(5,108)        -0.20023712     -3     3    5.8254282e-07
1329 region_rec_diffs(5,109)        0.44199396     -3     3    1.3510928e-06
1330 region_rec_diffs(5,110)        0.010756034     -3     3    6.3001107e-08
1331 region_rec_diffs(5,111)        -0.18212358     -3     3    -2.2682493e-07
1332 region_rec_diffs(5,112)        -0.2663644     -3     3    -1.2842746e-07
1333 region_rec_diffs(5,113)        0.99118423     -3     3    -2.2291187e-07
1334 region_rec_diffs(5,114)        0.13834572     -3     3    6.5300897e-07
1335 region_rec_diffs(5,115)        0.10323724     -3     3    2.4324324e-07
1336 region_rec_diffs(5,116)        0.089824437     -3     3    5.1948586e-07
1337 region_rec_diffs(5,117)        0.41849286     -3     3    8.1908024e-07
1338 region_rec_diffs(5,118)        0.10887682     -3     3    -1.0268151e-07
1339 region_rec_diffs(5,119)        2.2183164     -3     3    4.2196066e-08
1340 region_rec_diffs(5,120)        0.030679982     -3     3    -5.1924073e-07
1341 region_rec_diffs(5,121)        0.69026409     -3     3    -5.8027044e-07
1342 region_rec_diffs(5,122)        0.37114257     -3     3    -2.7967458e-08
1343 region_rec_diffs(5,123)        0.057716073     -3     3    2.1389562e-07
1344 region_rec_diffs(5,124)        0.552706     -3     3    2.4803389e-07
1345 region_rec_diffs(5,125)        0.20916465     -3     3    7.1705395e-07
1346 region_rec_diffs(5,126)        1.0677938     -3     3    1.5301355e-06
1347 region_rec_diffs(5,127)        -0.16001644     -3     3    1.0977857e-07
1348 region_rec_diffs(5,128)        -0.33642952     -3     3    -9.069521e-08
1349 region_rec_diffs(5,129)        1.8645792     -3     3    6.6568628e-08
1350 region_rec_diffs(5,130)        0.13200572     -3     3    4.1062642e-07
1351 region_rec_diffs(5,131)        -0.056694684     -3     3    -1.6642589e-07
1352 region_rec_diffs(5,132)        -0.087258579     -3     3    -1.312996e-06
1353 region_rec_diffs(5,133)        1.3583199     -3     3    -1.5719054e-06
1354 region_rec_diffs(5,134)        0.040220629     -3     3    1.9134962e-07
1355 region_rec_diffs(5,135)        -0.041489775     -3     3    1.2370402e-06
1356 region_rec_diffs(5,136)        0.65338899     -3     3    2.718641e-06
1357 region_rec_diffs(5,137)        0.19408473     -3     3    1.0168535e-07
1358 region_rec_diffs(5,138)        2.6361583     -3     3    -1.1075957e-06
1359 region_rec_diffs(5,139)        -0.19765837     -3     3    -3.9210038e-07
1360 region_rec_diffs(5,140)        -1.4634795     -3     3    -5.6863085e-07
1361 region_rec_diffs(5,141)        -0.91232843     -3     3    4.2450606e-07
1362 region_rec_diffs(5,142)        -0.1933001     -3     3    2.2851362e-07
1363 region_rec_diffs(5,143)        -0.27134571     -3     3    4.9070822e-08
1364 region_rec_diffs(5,144)        -0.85860308     -3     3    -1.3415028e-07
1365 region_rec_diffs(5,145)        -0.26925241     -3     3    -8.6081199e-07
1366 region_rec_diffs(5,146)        0.11198161     -3     3    -2.9980184e-07
1367 region_rec_diffs(5,147)        0.29346887     -3     3    -3.0903745e-07
1368 region_rec_diffs(5,148)        1.1637719     -3     3    -1.7117722e-06
1369 region_rec_diffs(5,149)        -0.28425815     -3     3    -2.0234913e-07
1370 region_rec_diffs(5,150)        -0.17601671     -3     3    7.5531817e-08
1371 region_rec_diffs(5,151)        -0.84615388     -3     3    2.5161713e-08
1372 region_rec_diffs(5,152)        -0.74503166     -3     3    4.7806727e-07
1373 region_rec_diffs(5,153)        -0.78268367     -3     3    6.4759754e-07
1374 region_rec_diffs(5,154)        -0.28341931     -3     3    9.5784577e-08
1375 region_rec_diffs(5,155)        -0.07670869     -3     3    4.7405717e-07
1376 region_rec_diffs(5,156)        0.45140107     -3     3    2.1790265e-07
1377 region_rec_diffs(5,157)        0.23263835     -3     3    6.1966341e-07
1378 region_rec_diffs(5,158)        0.045841835     -3     3    -1.3933508e-07
1379 region_rec_diffs(5,159)        0.05496229     -3     3    -1.8657737e-07
1380 region_rec_diffs(5,160)        -0.13572305     -3     3    -1.132737e-06
1381 region_rec_diffs(5,161)        0.40586651     -3     3    -1.407548e-06
1382 region_rec_diffs(5,162)        0.14755459     -3     3    -1.027606e-06
1383 region_rec_diffs(5,163)        1.0962106     -3     3    1.6931475e-07
1384 region_rec_diffs(5,164)        -0.12279535     -3     3    8.6809642e-07
1385 region_rec_diffs(5,165)        -0.16529695     -3     3    2.2372502e-07
1386 region_rec_diffs(5,166)        -0.14730133     -3     3    5.6965549e-07
1387 region_rec_diffs(5,167)        -0.17893931     -3     3    -7.4152634e-08
1388 region_rec_diffs(5,168)        2.1769146     -3     3    -7.0496524e-07
1389 region_rec_diffs(5,169)        0.79050626     -3     3    -2.7419276e-06
1390 region_rec_diffs(5,170)        0.28260667     -3     3    1.4004812e-06
1391 region_rec_diffs(5,171)        1.8753324     -3     3    -2.1130354e-06
1392 region_rec_diffs(5,172)        -0.14194094     -3     3    2.3200226e-07
1393 region_rec_diffs(5,173)        2.0310813     -3     3    5.3493065e-07
1394 region_rec_diffs(5,174)        0.13518848     -3     3    -1.7378656e-07
1395 region_rec_diffs(5,175)        1.7707664     -3     3    -1.2833987e-06
1396 region_rec_diffs(5,176)        -1.1256279     -3     3    -1.0380368e-06
1397 region_rec_diffs(5,177)        -1.9504944     -3     3    3.8676685e-07
1398 region_rec_diffs(5,178)        -1.8131359     -3     3    -5.3470043e-07
1399 region_rec_diffs(5,179)        -0.97498598     -3     3    -1.9851069e-08
1400 region_rec_diffs(5,180)        1.1671067     -3     3    7.2740484e-07
1401 region_rec_diffs(5,181)        1.1465912     -3     3    -1.494786e-06
1402 region_rec_diffs(5,182)        -0.60352524     -3     3    -3.1982257e-07
1403 region_rec_diffs(5,183)        -1.0297019     -3     3    -4.5060674e-07
1404 region_rec_diffs(5,184)        -1.4039307     -3     3    -5.6593772e-07
1405 region_rec_diffs(5,185)        -1.8350677     -3     3    6.2899414e-07
1406 region_rec_diffs(5,186)        -1.5576532     -3     3    3.5193073e-07
1407 region_rec_diffs(5,187)        1.9722869     -3     3    1.0494802e-06
1408 region_rec_diffs(5,188)        0.71442903     -3     3    4.8334596e-07
1409 region_rec_diffs(5,189)        -1.0581952     -3     3    1.0433092e-06
1410 region_rec_diffs(5,190)        -1.364083     -3     3    3.9438721e-07
1411 region_rec_diffs(5,191)        -1.1307758     -3     3    -5.4576357e-07
1412 region_rec_diffs(5,192)        0.67283917     -3     3    -1.7934452e-06
1413 region_rec_diffs(5,193)        -0.28516689     -3     3    -1.9472008e-06
1414 region_rec_diffs(5,194)        -0.49764205     -3     3    -9.3741566e-07
1415 region_rec_diffs(5,195)        0.8115739     -3     3    -1.7525607e-06
1416 region_rec_diffs(5,196)        1.4457001     -3     3    5.0325721e-07
1417 region_rec_diffs(5,197)        0.012338635     -3     3    7.9704796e-08
1418 region_rec_diffs(5,198)        -0.30756457     -3     3    2.9457699e-07
1419 region_rec_diffs(5,199)        1.5956625     -3     3    -4.8190843e-07
1420 region_rec_diffs(5,200)        0.33005516     -3     3    -9.1799247e-07
1421 region_rec_diffs(5,201)        -0.85886945     -3     3    -2.4504344e-07
1422 region_rec_diffs(5,202)        -0.87450417     -3     3    -5.4962097e-07
1423 region_rec_diffs(5,203)        0.061490898     -3     3    -1.2081935e-06
1424 region_rec_diffs(5,204)        1.5707876     -3     3    2.5032136e-06
1425 region_rec_diffs(5,205)        -0.47649948     -3     3    8.2082931e-08
1426 region_rec_diffs(5,206)        -1.3993584     -3     3    2.8038996e-07
1427 region_rec_diffs(5,207)        -1.6213681     -3     3    -1.7897651e-07
1428 region_rec_diffs(5,208)        -2.8238022     -3     3    1.2867556e-06
1429 region_rec_diffs(5,209)        -2.3657138     -3     3    -4.2239965e-07
1430 region_rec_diffs(5,210)        -2.5233541     -3     3    -2.3903296e-07
1431 region_rec_diffs(5,211)        -1.7072998     -3     3    -3.6265841e-07
1432 region_rec_diffs(5,212)        2.3648307     -3     3    -2.6951132e-06
1433 region_rec_diffs(5,213)        2.7645211     -3     3    1.162974e-06
1434 region_rec_diffs(5,214)        -1.0689744     -3     3    -6.983692e-08
1435 region_rec_diffs(5,215)        -1.1484813     -3     3    1.2793251e-07
1436 region_rec_diffs(5,216)        -1.3554512     -3     3    8.2268415e-07
1437 region_rec_diffs(5,217)        -0.3243513     -3     3    3.6039442e-07
1438 region_rec_diffs(5,218)        0.10701486     -3     3    -1.2223923e-06
1439 region_rec_diffs(5,219)        -0.64168677     -3     3    -7.2555376e-07
1440 region_rec_diffs(5,220)        -1.8046287     -3     3    2.4454482e-07
1441 region_rec_diffs(5,221)        -1.4377247     -3     3    2.029875e-07
1442 region_rec_diffs(5,222)        -1.9475237     -3     3    -2.6399685e-07
1443 region_rec_diffs(5,223)        -0.4931254     -3     3    1.297853e-06
1444 region_rec_diffs(5,224)        1.4824201     -3     3    -9.0043906e-07
1445 region_rec_diffs(5,225)        -1.3080708     -3     3    -3.5226128e-07
1446 region_rec_diffs(5,226)        -1.7279879     -3     3    5.9738559e-08
1447 region_rec_diffs(5,227)        -1.3093859     -3     3    9.4009015e-08
1448 region_rec_diffs(5,228)        -0.43069187     -3     3    -1.9806076e-06
1449 region_rec_diffs(5,229)        -0.86350014     -3     3    -1.0480341e-06
1450 region_rec_diffs(5,230)        -1.0796738     -3     3    -1.3321868e-07
1451 region_rec_diffs(5,231)        -0.39709021     -3     3    -3.3397082e-07
1452 region_rec_diffs(5,232)        1.6799521     -3     3    -2.0282664e-06
1453 region_rec_diffs(5,233)        -1.0787997     -3     3    6.2826393e-07
1454 region_rec_diffs(5,234)        -2.0767264     -3     3    -3.8816181e-07
1455 region_rec_diffs(5,235)        -2.3220865     -3     3    -3.5551246e-08
1456 region_rec_diffs(5,236)        -1.4611302     -3     3    1.0628852e-06
1457 region_rec_diffs(5,237)        0.43586176     -3     3    2.9053154e-06
1458 region_rec_diffs(5,238)        0.93864045     -3     3    2.5909526e-06
1459 region_rec_diffs(5,239)        -0.0058687863     -3     3    8.4788631e-07
1460 region_rec_diffs(5,240)        0.39728281     -3     3    -2.4940155e-06
1461 region_rec_diffs(5,241)        -1.0837233     -3     3    6.9687994e-07
1462 region_rec_diffs(5,242)        -1.4025283     -3     3    2.0515291e-07
1463 region_rec_diffs(5,243)        -1.5469042     -3     3    5.3032434e-07
1464 region_rec_diffs(5,244)        1.6515857     -3     3    2.3025299e-07
1465 region_rec_diffs(5,245)        1.4469312     -3     3    -3.1836802e-07
1466 region_rec_diffs(5,246)        -1.3138187     -3     3    -4.0163827e-07
1467 region_rec_diffs(5,247)        -1.1180015     -3     3    -7.3868792e-07
1468 region_rec_diffs(5,248)        -0.17231075     -3     3    -1.637054e-06
1469 region_rec_diffs(5,249)        1.1828808     -3     3    -1.259184e-06
1470 region_rec_diffs(5,250)        -1.429571     -3     3    1.7791879e-07
1471 region_rec_diffs(5,251)        -1.8782783     -3     3    2.7784946e-07
1472 region_rec_diffs(5,252)        -2.0118359     -3     3    2.6221983e-07
1473 region_rec_diffs(5,253)        -1.4753305     -3     3    4.2517853e-07
1474 region_rec_diffs(5,254)        -0.93604555     -3     3    1.000926e-06
1475 region_rec_diffs(5,255)        -0.43000029     -3     3    1.3974972e-06
1476 region_rec_diffs(5,256)        -1.2914738     -3     3    -4.9860341e-07
1477 region_rec_diffs(5,257)        -1.1990734     -3     3    -1.8151564e-06
1478 region_rec_diffs(5,258)        -0.85404694     -3     3    -1.7808457e-06
1479 region_rec_diffs(5,259)        -0.86852537     -3     3    -1.1724671e-06
1480 region_rec_diffs(5,260)        0.14904302     -3     3    1.1707253e-06
1481 region_rec_diffs(5,261)        -1.0825178     -3     3    2.2740331e-07
1482 region_rec_diffs(5,262)        -1.9212144     -3     3    1.5766271e-07
1483 region_rec_diffs(5,263)        -1.9187024     -3     3    -1.3170172e-07
1484 region_rec_diffs(5,264)        1.7281185     -3     3    7.0287025e-07
1485 region_rec_diffs(5,265)        0.20505616     -3     3    -7.2539849e-07
1486 region_rec_diffs(5,266)        -1.3554238     -3     3    -3.6066304e-07
1487 region_rec_diffs(5,267)        -1.285382     -3     3    1.2400827e-07
1488 region_rec_diffs(5,268)        -1.1588796     -3     3    6.3659553e-07
1489 region_rec_diffs(5,269)        -1.2296231     -3     3    1.046985e-06
1490 region_rec_diffs(5,270)        -0.57509134     -3     3    1.9071668e-07
1491 region_rec_diffs(5,271)        1.4398758     -3     3    -1.5804298e-06
1492 region_rec_diffs(5,272)        -0.6053843     -3     3    1.4279568e-07
1493 region_rec_diffs(5,273)        -0.99110261     -3     3    3.2162063e-07
1494 region_rec_diffs(5,274)        -1.6743173     -3     3    1.2854824e-07
1495 region_rec_diffs(5,275)        -0.64912463     -3     3    3.5218027e-07
1496 region_rec_diffs(5,276)        -0.12310965     -3     3    -1.1370482e-07
1497 region_rec_diffs(5,277)        -0.048631595     -3     3    1.6057808e-07
1498 region_rec_diffs(5,278)        -0.08462106     -3     3    1.0553902e-07
1499 region_rec_diffs(5,279)        -0.036912864     -3     3    -7.8675281e-08
1500 region_rec_diffs(6,1)        -3.8692749e-08     -3     3    3.0478463e-08
1501 region_rec_diffs(6,2)        0.13116525     -3     3    -4.5230601e-07
1502 region_rec_diffs(6,3)        0.11620918     -3     3    -5.813957e-07
1503 region_rec_diffs(6,4)        0.1302348     -3     3    6.9308003e-08
1504 region_rec_diffs(6,5)        0.14001338     -3     3    4.3516378e-07
1505 region_rec_diffs(6,6)        0.0037761629     -3     3    -8.2660725e-07
1506 region_rec_diffs(6,7)        -1.1355819     -3     3    1.698115e-07
1507 region_rec_diffs(6,8)        0.027757755     -3     3    4.4209789e-07
1508 region_rec_diffs(6,9)        0.13744218     -3     3    -1.1394335e-06
1509 region_rec_diffs(6,10)        0.17522607     -3     3    -6.6887963e-07
1510 region_rec_diffs(6,11)        0.43133736     -3     3    7.7736741e-07
1511 region_rec_diffs(6,12)        0.07757985     -3     3    1.1406303e-06
1512 region_rec_diffs(6,13)        -0.08361544     -3     3    -4.4643319e-07
1513 region_rec_diffs(6,14)        0.32538069     -3     3    -6.12051e-07
1514 region_rec_diffs(6,15)        0.15048208     -3     3    1.0073926e-06
1515 region_rec_diffs(6,16)        0.086571334     -3     3    2.3493166e-06
1516 region_rec_diffs(6,17)        0.40715751     -3     3    1.6875662e-06
1517 region_rec_diffs(6,18)        0.64244383     -3     3    -1.1944481e-06
1518 region_rec_diffs(6,19)        0.041821511     -3     3    9.2500525e-08
1519 region_rec_diffs(6,20)        0.065432785     -3     3    -8.8520238e-09
1520 region_rec_diffs(6,21)        -0.022430768     -3     3    -6.8466888e-08
1521 region_rec_diffs(6,22)        0.48141699     -3     3    1.1146404e-06
1522 region_rec_diffs(6,23)        0.11781036     -3     3    1.4441141e-07
1523 region_rec_diffs(6,24)        0.08743942     -3     3    9.4821017e-07
1524 region_rec_diffs(6,25)        0.21699788     -3     3    6.001624e-07
1525 region_rec_diffs(6,26)        0.19469364     -3     3    -1.0346749e-06
1526 region_rec_diffs(6,27)        0.096849506     -3     3    -1.342584e-07
1527 region_rec_diffs(6,28)        0.17210198     -3     3    -2.2569633e-07
1528 region_rec_diffs(6,29)        1.2935154     -3     3    -8.2341984e-07
1529 region_rec_diffs(6,30)        0.19730285     -3     3    -3.0116319e-07
1530 region_rec_diffs(6,31)        0.062744641     -3     3    -1.1417554e-07
1531 region_rec_diffs(6,32)        0.37159451     -3     3    1.1837304e-07
1532 region_rec_diffs(6,33)        0.48581624     -3     3    2.3104623e-06
1533 region_rec_diffs(6,34)        0.61649016     -3     3    2.0276673e-07
1534 region_rec_diffs(6,35)        0.075125164     -3     3    -1.8286309e-07
1535 region_rec_diffs(6,36)        -0.31124683     -3     3    -9.706833e-07
1536 region_rec_diffs(6,37)        0.18740432     -3     3    -1.3157768e-06
1537 region_rec_diffs(6,38)        0.35250307     -3     3    -9.5729463e-07
1538 region_rec_diffs(6,39)        0.095244539     -3     3    -2.0679538e-07
1539 region_rec_diffs(6,40)        0.31494461     -3     3    -3.7751965e-07
1540 region_rec_diffs(6,41)        0.77744206     -3     3    -4.8670602e-07
1541 region_rec_diffs(6,42)        -0.25268973     -3     3    -3.9066157e-07
1542 region_rec_diffs(6,43)        0.075299254     -3     3    2.2901878e-07
1543 region_rec_diffs(6,44)        -0.10392047     -3     3    4.251097e-07
1544 region_rec_diffs(6,45)        0.23326417     -3     3    1.8122643e-06
1545 region_rec_diffs(6,46)        0.078484618     -3     3    -3.6873657e-07
1546 region_rec_diffs(6,47)        0.10653939     -3     3    2.6369288e-07
1547 region_rec_diffs(6,48)        0.032255927     -3     3    5.1143319e-07
1548 region_rec_diffs(6,49)        0.42423989     -3     3    -9.6919437e-07
1549 region_rec_diffs(6,50)        0.13274668     -3     3    -4.9666996e-07
1550 region_rec_diffs(6,51)        -0.37451083     -3     3    -1.3141226e-07
1551 region_rec_diffs(6,52)        0.15152397     -3     3    1.4927702e-07
1552 region_rec_diffs(6,53)        1.2458229     -3     3    -6.0857471e-08
1553 region_rec_diffs(6,54)        0.2130121     -3     3    4.3241425e-07
1554 region_rec_diffs(6,55)        0.11023604     -3     3    3.0239515e-07
1555 region_rec_diffs(6,56)        0.24590465     -3     3    -5.5214136e-07
1556 region_rec_diffs(6,57)        -0.04921584     -3     3    8.6144576e-07
1557 region_rec_diffs(6,58)        -0.36052195     -3     3    1.239846e-06
1558 region_rec_diffs(6,59)        -0.0053524321     -3     3    -2.6163875e-07
1559 region_rec_diffs(6,60)        1.1452243     -3     3    4.1312204e-07
1560 region_rec_diffs(6,61)        0.8358995     -3     3    -5.2672427e-07
1561 region_rec_diffs(6,62)        0.21830163     -3     3    -3.7352102e-08
1562 region_rec_diffs(6,63)        -0.046517713     -3     3    -4.8906945e-07
1563 region_rec_diffs(6,64)        0.31094998     -3     3    7.8261073e-07
1564 region_rec_diffs(6,65)        0.19109537     -3     3    -1.7852103e-06
1565 region_rec_diffs(6,66)        0.15131179     -3     3    1.4601693e-07
1566 region_rec_diffs(6,67)        0.06305256     -3     3    -1.099024e-06
1567 region_rec_diffs(6,68)        0.45620637     -3     3    1.4215665e-06
1568 region_rec_diffs(6,69)        -0.096547197     -3     3    -3.3936966e-06
1569 region_rec_diffs(6,70)        -0.012081878     -3     3    -9.6765755e-07
1570 region_rec_diffs(6,71)        -0.015278911     -3     3    -6.8639561e-07
1571 region_rec_diffs(6,72)        0.9911091     -3     3    7.5276977e-07
1572 region_rec_diffs(6,73)        0.1392309     -3     3    7.9294003e-08
1573 region_rec_diffs(6,74)        0.31909174     -3     3    8.5616997e-07
1574 region_rec_diffs(6,75)        0.15427813     -3     3    -2.8244611e-07
1575 region_rec_diffs(6,76)        0.45353698     -3     3    -2.4591105e-07
1576 region_rec_diffs(6,77)        0.7902266     -3     3    1.1157697e-06
1577 region_rec_diffs(6,78)        -0.01555901     -3     3    8.10468e-07
1578 region_rec_diffs(6,79)        0.055574853     -3     3    5.1981615e-07
1579 region_rec_diffs(6,80)        0.099598278     -3     3    -1.1004813e-06
1580 region_rec_diffs(6,81)        -0.24837163     -3     3    1.2336804e-07
1581 region_rec_diffs(6,82)        -0.39145333     -3     3    -7.8523478e-07
1582 region_rec_diffs(6,83)        -0.26879243     -3     3    -8.1071989e-07
1583 region_rec_diffs(6,84)        0.12361665     -3     3    -4.4935934e-07
1584 region_rec_diffs(6,85)        0.042228128     -3     3    1.1601592e-08
1585 region_rec_diffs(6,86)        0.12825358     -3     3    -2.8725978e-08
1586 region_rec_diffs(6,87)        1.4285582     -3     3    -1.8340423e-06
1587 region_rec_diffs(6,88)        1.4140265     -3     3    1.7165209e-06
1588 region_rec_diffs(6,89)        -0.37637474     -3     3    1.6080118e-07
1589 region_rec_diffs(6,90)        0.14445128     -3     3    1.8866149e-07
1590 region_rec_diffs(6,91)        -0.19471568     -3     3    4.2753224e-07
1591 region_rec_diffs(6,92)        -0.25628034     -3     3    6.8551788e-07
1592 region_rec_diffs(6,93)        -0.57406502     -3     3    2.2428266e-07
1593 region_rec_diffs(6,94)        -0.91286219     -3     3    -1.988445e-08
1594 region_rec_diffs(6,95)        -0.025180909     -3     3    -8.044576e-07
1595 region_rec_diffs(6,96)        0.37431617     -3     3    1.0547594e-06
1596 region_rec_diffs(6,97)        1.434563     -3     3    4.4277308e-07
1597 region_rec_diffs(6,98)        0.21211431     -3     3    -1.3784114e-07
1598 region_rec_diffs(6,99)        0.17941535     -3     3    -3.8329073e-07
1599 region_rec_diffs(6,100)        -0.44644454     -3     3    4.6402792e-07
1600 region_rec_diffs(6,101)        -0.41351785     -3     3    7.4775813e-07
1601 region_rec_diffs(6,102)        0.054685019     -3     3    9.5288745e-08
1602 region_rec_diffs(6,103)        -0.028520275     -3     3    7.4751519e-08
1603 region_rec_diffs(6,104)        0.9513994     -3     3    -3.1819474e-07
1604 region_rec_diffs(6,105)        0.092997622     -3     3    5.3507771e-08
1605 region_rec_diffs(6,106)        0.029704396     -3     3    -1.1913989e-08
1606 region_rec_diffs(6,107)        -0.034338559     -3     3    -1.1549807e-07
1607 region_rec_diffs(6,108)        -0.37359413     -3     3    -1.5570273e-07
1608 region_rec_diffs(6,109)        -0.017886329     -3     3    1.0857848e-07
1609 region_rec_diffs(6,110)        0.072147174     -3     3    -9.9538418e-08
1610 region_rec_diffs(6,111)        -0.4206461     -3     3    -5.6168701e-07
1611 region_rec_diffs(6,112)        -0.41363488     -3     3    -7.2273924e-07
1612 region_rec_diffs(6,113)        0.41872394     -3     3    -9.8097326e-07
1613 region_rec_diffs(6,114)        0.027007174     -3     3    3.5431791e-08
1614 region_rec_diffs(6,115)        0.41336267     -3     3    9.2517091e-07
1615 region_rec_diffs(6,116)        0.24552088     -3     3    1.404105e-06
1616 region_rec_diffs(6,117)        0.14011025     -3     3    2.1353086e-06
1617 region_rec_diffs(6,118)        0.33847952     -3     3    -9.0063298e-07
1618 region_rec_diffs(6,119)        -0.38368651     -3     3    4.9584814e-07
1619 region_rec_diffs(6,120)        -0.70855003     -3     3    -4.9241333e-07
1620 region_rec_diffs(6,121)        -0.29576909     -3     3    -1.3582618e-06
1621 region_rec_diffs(6,122)        0.47651078     -3     3    -2.1875485e-06
1622 region_rec_diffs(6,123)        0.21027227     -3     3    1.4640809e-07
1623 region_rec_diffs(6,124)        0.40954892     -3     3    -1.2507698e-06
1624 region_rec_diffs(6,125)        0.74684118     -3     3    -6.5056714e-07
1625 region_rec_diffs(6,126)        0.095342738     -3     3    -4.2796125e-07
1626 region_rec_diffs(6,127)        -0.48206566     -3     3    -5.9268519e-07
1627 region_rec_diffs(6,128)        -0.8928197     -3     3    -4.7546482e-07
1628 region_rec_diffs(6,129)        -0.14583492     -3     3    -5.9380122e-07
1629 region_rec_diffs(6,130)        0.3509779     -3     3    7.416855e-07
1630 region_rec_diffs(6,131)        0.16278475     -3     3    3.0840723e-07
1631 region_rec_diffs(6,132)        -1.0466582     -3     3    1.6176418e-06
1632 region_rec_diffs(6,133)        -1.3281587     -3     3    1.0988727e-06
1633 region_rec_diffs(6,134)        -0.1935156     -3     3    6.750379e-07
1634 region_rec_diffs(6,135)        -0.9342811     -3     3    8.6894374e-07
1635 region_rec_diffs(6,136)        -1.4712291     -3     3    3.6646223e-07
1636 region_rec_diffs(6,137)        -0.11494773     -3     3    4.4402232e-07
1637 region_rec_diffs(6,138)        1.2070907     -3     3    2.4126463e-07
1638 region_rec_diffs(6,139)        0.0077482349     -3     3    -9.7750391e-08
1639 region_rec_diffs(6,140)        -0.9607407     -3     3    4.4021696e-07
1640 region_rec_diffs(6,141)        -0.66830952     -3     3    6.4311505e-07
1641 region_rec_diffs(6,142)        -0.014413268     -3     3    1.6750035e-07
1642 region_rec_diffs(6,143)        -0.22426318     -3     3    -2.8456424e-07
1643 region_rec_diffs(6,144)        -0.70957774     -3     3    2.8567578e-07
1644 region_rec_diffs(6,145)        0.42222685     -3     3    -3.7304747e-07
1645 region_rec_diffs(6,146)        0.065242756     -3     3    -4.6612973e-07
1646 region_rec_diffs(6,147)        0.29825642     -3     3    1.4233322e-06
1647 region_rec_diffs(6,148)        0.67009793     -3     3    1.8332855e-07
1648 region_rec_diffs(6,149)        0.14516548     -3     3    5.7047049e-07
1649 region_rec_diffs(6,150)        -0.039431427     -3     3    7.1868389e-07
1650 region_rec_diffs(6,151)        -0.47744002     -3     3    2.5379718e-07
1651 region_rec_diffs(6,152)        -0.87649922     -3     3    1.7465274e-08
1652 region_rec_diffs(6,153)        -0.98176414     -3     3    -6.2901191e-07
1653 region_rec_diffs(6,154)        -0.42483632     -3     3    3.5761797e-07
1654 region_rec_diffs(6,155)        -0.43187856     -3     3    -3.5722587e-07
1655 region_rec_diffs(6,156)        -0.47577334     -3     3    -1.0989728e-06
1656 region_rec_diffs(6,157)        -0.35183947     -3     3    -1.1559815e-07
1657 region_rec_diffs(6,158)        -0.25072444     -3     3    5.1095439e-07
1658 region_rec_diffs(6,159)        -0.20459561     -3     3    2.8142548e-07
1659 region_rec_diffs(6,160)        -1.5450838     -3     3    -1.3014503e-06
1660 region_rec_diffs(6,161)        0.3583505     -3     3    -1.0322989e-06
1661 region_rec_diffs(6,162)        1.3845164     -3     3    2.4203513e-07
1662 region_rec_diffs(6,163)        -0.32025551     -3     3    1.8601349e-07
1663 region_rec_diffs(6,164)        -1.4846241     -3     3    1.2434761e-06
1664 region_rec_diffs(6,165)        -0.61432456     -3     3    -4.8768611e-07
1665 region_rec_diffs(6,166)        -0.025126525     -3     3    3.7173568e-07
1666 region_rec_diffs(6,167)        0.56302006     -3     3    1.5134777e-06
1667 region_rec_diffs(6,168)        0.19579249     -3     3    -9.5564298e-07
1668 region_rec_diffs(6,169)        -0.36132276     -3     3    -3.5316181e-07
1669 region_rec_diffs(6,170)        -0.51989885     -3     3    -6.0131356e-07
1670 region_rec_diffs(6,171)        -0.71285772     -3     3    -1.7179357e-06
1671 region_rec_diffs(6,172)        -1.004075     -3     3    -3.4525362e-07
1672 region_rec_diffs(6,173)        0.61781129     -3     3    -1.2055747e-06
1673 region_rec_diffs(6,174)        0.099641244     -3     3    -8.3102848e-07
1674 region_rec_diffs(6,175)        -0.50474138     -3     3    -1.060782e-06
1675 region_rec_diffs(6,176)        -1.4069736     -3     3    -1.4462137e-06
1676 region_rec_diffs(6,177)        -1.6345644     -3     3    -1.6218954e-06
1677 region_rec_diffs(6,178)        -1.3891827     -3     3    -2.4714855e-06
1678 region_rec_diffs(6,179)        -0.02127735     -3     3    -1.1141193e-06
1679 region_rec_diffs(6,180)        0.66252495     -3     3    1.2019787e-06
1680 region_rec_diffs(6,181)        0.0020308938     -3     3    -9.6072094e-07
1681 region_rec_diffs(6,182)        -0.57854313     -3     3    -7.4700703e-07
1682 region_rec_diffs(6,183)        -0.59128576     -3     3    1.3752774e-07
1683 region_rec_diffs(6,184)        -0.74103223     -3     3    -7.005791e-07
1684 region_rec_diffs(6,185)        -0.84550311     -3     3    1.5695411e-06
1685 region_rec_diffs(6,186)        -0.57609229     -3     3    6.5791602e-07
1686 region_rec_diffs(6,187)        1.3149295     -3     3    -6.4649276e-07
1687 region_rec_diffs(6,188)        -1.0859989     -3     3    -5.8898432e-07
1688 region_rec_diffs(6,189)        -1.3620241     -3     3    6.0838618e-07
1689 region_rec_diffs(6,190)        -1.5524372     -3     3    -1.2025858e-07
1690 region_rec_diffs(6,191)        -0.55325974     -3     3    5.9819201e-07
1691 region_rec_diffs(6,192)        -0.44639157     -3     3    -1.624165e-07
1692 region_rec_diffs(6,193)        -0.93544535     -3     3    1.2643286e-07
1693 region_rec_diffs(6,194)        -1.2089477     -3     3    -7.069976e-08
1694 region_rec_diffs(6,195)        -0.42404863     -3     3    -5.2963834e-07
1695 region_rec_diffs(6,196)        0.54304227     -3     3    -5.8612981e-07
1696 region_rec_diffs(6,197)        -0.61967347     -3     3    -1.0961988e-06
1697 region_rec_diffs(6,198)        -0.78905528     -3     3    1.0139358e-07
1698 region_rec_diffs(6,199)        0.59553757     -3     3    1.8030129e-06
1699 region_rec_diffs(6,200)        0.015825697     -3     3    1.9911662e-06
1700 region_rec_diffs(6,201)        -1.0174857     -3     3    2.9506267e-07
1701 region_rec_diffs(6,202)        -1.0361101     -3     3    3.1254984e-07
1702 region_rec_diffs(6,203)        -0.81970563     -3     3    -4.7875529e-07
1703 region_rec_diffs(6,204)        0.96192195     -3     3    -2.0508387e-06
1704 region_rec_diffs(6,205)        -0.092276776     -3     3    -8.9108473e-08
1705 region_rec_diffs(6,206)        -0.80165362     -3     3    -4.6975173e-07
1706 region_rec_diffs(6,207)        -1.0296133     -3     3    -2.5683023e-07
1707 region_rec_diffs(6,208)        -2.2950681     -3     3    -1.2111712e-07
1708 region_rec_diffs(6,209)        -1.9742064     -3     3    -7.3694307e-07
1709 region_rec_diffs(6,210)        -2.1412268     -3     3    -6.0072616e-07
1710 region_rec_diffs(6,211)        0.20688425     -3     3    -2.5570436e-06
1711 region_rec_diffs(6,212)        0.92646832     -3     3    1.6923981e-06
1712 region_rec_diffs(6,213)        -0.80021736     -3     3    9.3783049e-07
1713 region_rec_diffs(6,214)        -0.69996589     -3     3    1.7845205e-06
1714 region_rec_diffs(6,215)        -0.37136285     -3     3    -9.9157319e-07
1715 region_rec_diffs(6,216)        -1.4757821     -3     3    3.9628002e-07
1716 region_rec_diffs(6,217)        -0.77177597     -3     3    2.9092572e-07
1717 region_rec_diffs(6,218)        1.035606     -3     3    -3.9496441e-07
1718 region_rec_diffs(6,219)        0.041838563     -3     3    2.7104396e-07
1719 region_rec_diffs(6,220)        -1.7277727     -3     3    -2.0258558e-07
1720 region_rec_diffs(6,221)        -1.4769374     -3     3    -1.5634086e-07
1721 region_rec_diffs(6,222)        -2.0415085     -3     3    2.4664415e-07
1722 region_rec_diffs(6,223)        0.097883927     -3     3    -3.1199623e-08
1723 region_rec_diffs(6,224)        0.14092279     -3     3    1.4070665e-06
1724 region_rec_diffs(6,225)        -0.23290895     -3     3    -5.1839046e-07
1725 region_rec_diffs(6,226)        -0.66481579     -3     3    -2.1260464e-07
1726 region_rec_diffs(6,227)        -0.52433998     -3     3    1.0872446e-06
1727 region_rec_diffs(6,228)        -1.2005967     -3     3    2.5835404e-06
1728 region_rec_diffs(6,229)        -0.31378027     -3     3    -3.8089206e-06
1729 region_rec_diffs(6,230)        0.29454797     -3     3    -5.5439304e-07
1730 region_rec_diffs(6,231)        -0.40729115     -3     3    -2.6643037e-06
1731 region_rec_diffs(6,232)        0.4593494     -3     3    4.2358989e-06
1732 region_rec_diffs(6,233)        0.068817682     -3     3    2.8364839e-06
1733 region_rec_diffs(6,234)        -0.25624419     -3     3    -4.8565503e-07
1734 region_rec_diffs(6,235)        -0.22518085     -3     3    -2.762403e-06
1735 region_rec_diffs(6,236)        -0.76507347     -3     3    3.5813316e-07
1736 region_rec_diffs(6,237)        0.26280613     -3     3    2.1674582e-06
1737 region_rec_diffs(6,238)        -0.2790644     -3     3    -1.8892448e-07
1738 region_rec_diffs(6,239)        -0.21439779     -3     3    5.6008037e-07
1739 region_rec_diffs(6,240)        -0.29590932     -3     3    -2.6365981e-06
1740 region_rec_diffs(6,241)        -0.84186804     -3     3    3.3016525e-06
1741 region_rec_diffs(6,242)        -0.2064008     -3     3    -3.3304097e-06
1742 region_rec_diffs(6,243)        -0.14557165     -3     3    1.8496679e-06
1743 region_rec_diffs(6,244)        -0.99709527     -3     3    -2.2162727e-06
1744 region_rec_diffs(6,245)        -0.24634235     -3     3    -2.3372337e-06
1745 region_rec_diffs(6,246)        -0.2338763     -3     3    -2.6506751e-06
1746 region_rec_diffs(6,247)        -0.99424857     -3     3    -8.2142477e-07
1747 region_rec_diffs(6,248)        -0.034641247     -3     3    1.1246211e-06
1748 region_rec_diffs(6,249)        0.38406751     -3     3    2.890937e-06
1749 region_rec_diffs(6,250)        -0.31148997     -3     3    1.7635261e-06
1750 region_rec_diffs(6,251)        -0.085062643     -3     3    -5.6654802e-07
1751 region_rec_diffs(6,252)        -1.6000477     -3     3    4.7886584e-07
1752 region_rec_diffs(6,253)        -1.0490212     -3     3    1.1627426e-06
1753 region_rec_diffs(6,254)        -0.81054008     -3     3    4.6618958e-07
1754 region_rec_diffs(6,255)        0.88294409     -3     3    -8.2118638e-07
1755 region_rec_diffs(6,256)        -1.1203867     -3     3    -7.5761391e-07
1756 region_rec_diffs(6,257)        -1.3719937     -3     3    -1.3625126e-06
1757 region_rec_diffs(6,258)        -1.1040359     -3     3    -1.0005773e-06
1758 region_rec_diffs(6,259)        -0.78400052     -3     3    -1.0556101e-07
1759 region_rec_diffs(6,260)        -0.60118903     -3     3    7.9554655e-07
1760 region_rec_diffs(6,261)        -1.3800718     -3     3    -3.3239018e-08
1761 region_rec_diffs(6,262)        -2.0125723     -3     3    9.5080219e-07
1762 region_rec_diffs(6,263)        -1.7516766     -3     3    9.4203719e-07
1763 region_rec_diffs(6,264)        -0.14760499     -3     3    -5.9768231e-07
1764 region_rec_diffs(6,265)        0.14204608     -3     3    -2.0154266e-06
1765 region_rec_diffs(6,266)        -1.2018479     -3     3    -2.9341602e-07
1766 region_rec_diffs(6,267)        -0.82300606     -3     3    -5.5034251e-07
1767 region_rec_diffs(6,268)        -0.85450598     -3     3    -2.6923212e-07
1768 region_rec_diffs(6,269)        -1.1199103     -3     3    1.1241147e-06
1769 region_rec_diffs(6,270)        -0.66461392     -3     3    1.0347703e-06
1770 region_rec_diffs(6,271)        1.1018199     -3     3    3.4611772e-06
1771 region_rec_diffs(6,272)        -0.50344125     -3     3    1.2560742e-06
1772 region_rec_diffs(6,273)        -0.93060096     -3     3    5.5259585e-07
1773 region_rec_diffs(6,274)        -1.4852933     -3     3    1.7091084e-06
1774 region_rec_diffs(6,275)        -0.89540865     -3     3    -6.7888965e-07
1775 region_rec_diffs(6,276)        -0.38355753     -3     3    -2.2835105e-07
1776 region_rec_diffs(6,277)        -0.067077652     -3     3    1.4931399e-06
1777 region_rec_diffs(6,278)        -0.38225334     -3     3    -1.5857169e-07
1778 region_rec_diffs(6,279)        -0.18364438     -3     3    -4.175274e-07
1779 region_rec_diffs(7,1)        1.3102551e-07     -3     3    9.9142852e-08
1780 region_rec_diffs(7,2)        -1.1105588     -3     3    -4.3099586e-08
1781 region_rec_diffs(7,3)        -1.0625476     -3     3    7.5697481e-07
1782 region_rec_diffs(7,4)        -1.0529939     -3     3    -4.0305806e-07
1783 region_rec_diffs(7,5)        -1.0507223     -3     3    2.0934729e-06
1784 region_rec_diffs(7,6)        -0.060206881     -3     3    6.4214768e-07
1785 region_rec_diffs(7,7)        -1.8303967     -3     3    -2.5941311e-06
1786 region_rec_diffs(7,8)        -0.026775495     -3     3    -8.2315558e-07
1787 region_rec_diffs(7,9)        -0.17855702     -3     3    4.3223189e-07
1788 region_rec_diffs(7,10)        -0.27497408     -3     3    -1.0829435e-06
1789 region_rec_diffs(7,11)        -2.5112834     -3     3    1.2706507e-06
1790 region_rec_diffs(7,12)        -0.16112726     -3     3    -4.6059156e-07
1791 region_rec_diffs(7,13)        -0.75066059     -3     3    -1.8172376e-06
1792 region_rec_diffs(7,14)        -0.6876989     -3     3    7.0048467e-08
1793 region_rec_diffs(7,15)        0.084195357     -3     3    9.5627168e-08
1794 region_rec_diffs(7,16)        0.057987922     -3     3    -1.4796739e-07
1795 region_rec_diffs(7,17)        0.19871051     -3     3    -7.554816e-07
1796 region_rec_diffs(7,18)        -1.2365233     -3     3    5.2144991e-07
1797 region_rec_diffs(7,19)        -0.066990186     -3     3    2.1743549e-07
1798 region_rec_diffs(7,20)        -0.12818121     -3     3    6.4321799e-07
1799 region_rec_diffs(7,21)        -0.61224465     -3     3    1.6313469e-06
1800 region_rec_diffs(7,22)        -1.7323259     -3     3    -2.4896236e-07
1801 region_rec_diffs(7,23)        -0.23591299     -3     3    -6.0314923e-07
1802 region_rec_diffs(7,24)        -1.9335561     -3     3    -9.7727479e-07
1803 region_rec_diffs(7,25)        -0.9894073     -3     3    4.0577361e-07
1804 region_rec_diffs(7,26)        -2.7149842     -3     3    1.0166884e-06
1805 region_rec_diffs(7,27)        -0.15681136     -3     3    1.9249031e-07
1806 region_rec_diffs(7,28)        -1.9223041     -3     3    3.544214e-07
1807 region_rec_diffs(7,29)        -0.18814774     -3     3    8.5373542e-07
1808 region_rec_diffs(7,30)        0.26682411     -3     3    -2.6435448e-09
1809 region_rec_diffs(7,31)        0.069301415     -3     3    -1.0407937e-07
1810 region_rec_diffs(7,32)        -0.008303887     -3     3    -2.0148984e-07
1811 region_rec_diffs(7,33)        -1.1667787     -3     3    -1.1201961e-06
1812 region_rec_diffs(7,34)        -2.0650956     -3     3    -4.7652442e-07
1813 region_rec_diffs(7,35)        -0.19129928     -3     3    -8.6982188e-08
1814 region_rec_diffs(7,36)        -1.602716     -3     3    4.3372524e-07
1815 region_rec_diffs(7,37)        -1.9013508     -3     3    1.0183844e-06
1816 region_rec_diffs(7,38)        -0.31778704     -3     3    5.7677868e-07
1817 region_rec_diffs(7,39)        -0.079729881     -3     3    3.632442e-07
1818 region_rec_diffs(7,40)        -0.10719764     -3     3    -1.1263459e-07
1819 region_rec_diffs(7,41)        -1.2339984     -3     3    8.9698921e-07
1820 region_rec_diffs(7,42)        -1.4556934     -3     3    -7.660769e-07
1821 region_rec_diffs(7,43)        -0.035630384     -3     3    -1.207691e-07
1822 region_rec_diffs(7,44)        -1.4111089     -3     3    7.5091615e-07
1823 region_rec_diffs(7,45)        -2.3378084     -3     3    2.0245354e-06
1824 region_rec_diffs(7,46)        -0.63943781     -3     3    1.4951197e-06
1825 region_rec_diffs(7,47)        -0.52372526     -3     3    6.6813763e-08
1826 region_rec_diffs(7,48)        -1.5058356     -3     3    -4.3163289e-07
1827 region_rec_diffs(7,49)        -0.79275813     -3     3    3.9244496e-07
1828 region_rec_diffs(7,50)        -0.0026202856     -3     3    5.3512628e-08
1829 region_rec_diffs(7,51)        -1.4794323     -3     3    5.2624662e-07
1830 region_rec_diffs(7,52)        -0.28799188     -3     3    6.5422821e-07
1831 region_rec_diffs(7,53)        -1.3283975     -3     3    7.3024375e-07
1832 region_rec_diffs(7,54)        -0.05882727     -3     3    3.1077395e-07
1833 region_rec_diffs(7,55)        -0.50366643     -3     3    1.8436298e-06
1834 region_rec_diffs(7,56)        -1.1062584     -3     3    1.6472393e-06
1835 region_rec_diffs(7,57)        -1.1178686     -3     3    -1.3124553e-06
1836 region_rec_diffs(7,58)        -1.207219     -3     3    -1.1483863e-06
1837 region_rec_diffs(7,59)        -0.42452514     -3     3    -5.1787728e-07
1838 region_rec_diffs(7,60)        -1.5208444     -3     3    -7.2603319e-07
1839 region_rec_diffs(7,61)        -1.7945956     -3     3    -2.0758177e-06
1840 region_rec_diffs(7,62)        -0.11858576     -3     3    2.9163476e-08
1841 region_rec_diffs(7,63)        -0.72309247     -3     3    -9.6021291e-07
1842 region_rec_diffs(7,64)        -0.5400684     -3     3    2.0553277e-07
1843 region_rec_diffs(7,65)        -1.9228817     -3     3    1.0607177e-06
1844 region_rec_diffs(7,66)        0.050190892     -3     3    -1.2208857e-07
1845 region_rec_diffs(7,67)        -0.62770137     -3     3    -1.4516874e-07
1846 region_rec_diffs(7,68)        -1.2694223     -3     3    2.694543e-07
1847 region_rec_diffs(7,69)        -1.2581426     -3     3    -1.0467006e-06
1848 region_rec_diffs(7,70)        -0.28060534     -3     3    6.5228317e-07
1849 region_rec_diffs(7,71)        -0.5965598     -3     3    1.5044743e-08
1850 region_rec_diffs(7,72)        -0.81247502     -3     3    8.7432449e-07
1851 region_rec_diffs(7,73)        0.0024737753     -3     3    6.0847471e-07
1852 region_rec_diffs(7,74)        -1.290232     -3     3    1.0266373e-06
1853 region_rec_diffs(7,75)        0.15737251     -3     3    -3.4433933e-08
1854 region_rec_diffs(7,76)        0.23139183     -3     3    6.6680993e-08
1855 region_rec_diffs(7,77)        -0.28119638     -3     3    3.1286508e-09
1856 region_rec_diffs(7,78)        -0.68894237     -3     3    3.2873235e-07
1857 region_rec_diffs(7,79)        -0.36887688     -3     3    8.5575801e-09
1858 region_rec_diffs(7,80)        -1.3344523     -3     3    1.6820235e-06
1859 region_rec_diffs(7,81)        -0.084091334     -3     3    4.7249212e-07
1860 region_rec_diffs(7,82)        -0.3455742     -3     3    3.9434994e-07
1861 region_rec_diffs(7,83)        -0.95579344     -3     3    -8.8439058e-07
1862 region_rec_diffs(7,84)        -0.20576731     -3     3    -4.4543337e-07
1863 region_rec_diffs(7,85)        -0.33925496     -3     3    1.2448458e-06
1864 region_rec_diffs(7,86)        0.073095233     -3     3    1.3894055e-08
1865 region_rec_diffs(7,87)        -1.7414968     -3     3    -8.908443e-08
1866 region_rec_diffs(7,88)        -1.1833084     -3     3    -1.5796712e-07
1867 region_rec_diffs(7,89)        0.22300048     -3     3    -1.4341838e-06
1868 region_rec_diffs(7,90)        0.18420384     -3     3    4.4320514e-08
1869 region_rec_diffs(7,91)        -0.14557882     -3     3    3.7105752e-07
1870 region_rec_diffs(7,92)        -0.34418955     -3     3    -2.0104736e-06
1871 region_rec_diffs(7,93)        -1.6381178     -3     3    1.482931e-07
1872 region_rec_diffs(7,94)        -2.3634215     -3     3    9.2022397e-07
1873 region_rec_diffs(7,95)        -1.1977845     -3     3    1.0268927e-06
1874 region_rec_diffs(7,96)        0.015885205     -3     3    -3.4688792e-07
1875 region_rec_diffs(7,97)        -1.5541823     -3     3    4.111814e-07
1876 region_rec_diffs(7,98)        -1.025036     -3     3    2.8648312e-07
1877 region_rec_diffs(7,99)        -1.0230066     -3     3    -1.1318464e-07
1878 region_rec_diffs(7,100)        0.055418456     -3     3    -6.9260579e-07
1879 region_rec_diffs(7,101)        -1.1341317     -3     3    2.1292936e-06
1880 region_rec_diffs(7,102)        -0.0037373935     -3     3    1.6876455e-07
1881 region_rec_diffs(7,103)        -0.523452     -3     3    5.7546645e-07
1882 region_rec_diffs(7,104)        -1.5077565     -3     3    1.8326318e-07
1883 region_rec_diffs(7,105)        0.03348292     -3     3    -4.4266334e-08
1884 region_rec_diffs(7,106)        0.01952767     -3     3    -7.6263556e-11
1885 region_rec_diffs(7,107)        -0.17626367     -3     3    4.8455578e-07
1886 region_rec_diffs(7,108)        -0.30232751     -3     3    2.0709297e-06
1887 region_rec_diffs(7,109)        -0.74077622     -3     3    1.0060223e-06
1888 region_rec_diffs(7,110)        0.028729528     -3     3    1.124667e-07
1889 region_rec_diffs(7,111)        0.62268695     -3     3    7.6563251e-08
1890 region_rec_diffs(7,112)        -2.4687372     -3     3    -2.1007441e-07
1891 region_rec_diffs(7,113)        -2.9999996     -3     3    2.8757318e-06   *************
1892 region_rec_diffs(7,114)        0.44916977     -3     3    7.3883727e-08
1893 region_rec_diffs(7,115)        0.023881486     -3     3    -4.2496316e-07
1894 region_rec_diffs(7,116)        -1.4694646     -3     3    -1.1665208e-06
1895 region_rec_diffs(7,117)        -1.3997333     -3     3    -8.5821699e-07
1896 region_rec_diffs(7,118)        0.034083105     -3     3    5.1333646e-07
1897 region_rec_diffs(7,119)        -0.98575256     -3     3    -8.0545937e-07
1898 region_rec_diffs(7,120)        -0.48419801     -3     3    -2.4072321e-06
1899 region_rec_diffs(7,121)        -1.408714     -3     3    -2.1922089e-06
1900 region_rec_diffs(7,122)        -0.70602757     -3     3    -5.6027112e-07
1901 region_rec_diffs(7,123)        0.23253175     -3     3    -2.4103389e-07
1902 region_rec_diffs(7,124)        -2.9999948     -3     3    -2.8576331e-07   *************
1903 region_rec_diffs(7,125)        -0.62949887     -3     3    9.7930115e-07
1904 region_rec_diffs(7,126)        -0.55444204     -3     3    3.6219665e-06
1905 region_rec_diffs(7,127)        0.47576116     -3     3    -3.5416424e-07
1906 region_rec_diffs(7,128)        -0.26613315     -3     3    8.585221e-07
1907 region_rec_diffs(7,129)        -0.56623577     -3     3    -6.9372468e-07
1908 region_rec_diffs(7,130)        0.46834958     -3     3    -9.6143948e-08
1909 region_rec_diffs(7,131)        0.38983962     -3     3    -1.6135493e-07
1910 region_rec_diffs(7,132)        -2.6724922     -3     3    -9.7128012e-07
1911 region_rec_diffs(7,133)        -2.9999993     -3     3    3.4350557e-09   *************
1912 region_rec_diffs(7,134)        0.13750425     -3     3    -8.3647155e-07
1913 region_rec_diffs(7,135)        -0.10155838     -3     3    -1.8398663e-06
1914 region_rec_diffs(7,136)        -0.81273678     -3     3    -5.2596983e-07
1915 region_rec_diffs(7,137)        0.45312958     -3     3    -1.2019522e-07
1916 region_rec_diffs(7,138)        -0.82651476     -3     3    -4.6266149e-08
1917 region_rec_diffs(7,139)        0.4541484     -3     3    3.3061199e-08
1918 region_rec_diffs(7,140)        0.67616533     -3     3    2.9054521e-08
1919 region_rec_diffs(7,141)        -1.9351525     -3     3    1.9694657e-07
1920 region_rec_diffs(7,142)        -0.67091956     -3     3    4.7568013e-07
1921 region_rec_diffs(7,143)        0.23205001     -3     3    -2.2810325e-07
1922 region_rec_diffs(7,144)        -0.62860931     -3     3    -3.748432e-07
1923 region_rec_diffs(7,145)        -0.4579968     -3     3    -4.399587e-07
1924 region_rec_diffs(7,146)        -1.4628844     -3     3    4.4472039e-07
1925 region_rec_diffs(7,147)        -1.4569504     -3     3    6.5438381e-07
1926 region_rec_diffs(7,148)        -0.47771449     -3     3    4.8854174e-07
1927 region_rec_diffs(7,149)        -0.78099272     -3     3    3.8323131e-07
1928 region_rec_diffs(7,150)        -0.36466606     -3     3    -3.6846541e-07
1929 region_rec_diffs(7,151)        -0.72106488     -3     3    -1.1002599e-06
1930 region_rec_diffs(7,152)        0.28861664     -3     3    2.5845749e-07
1931 region_rec_diffs(7,153)        -2.0974845     -3     3    -3.2238037e-08
1932 region_rec_diffs(7,154)        -1.0174149     -3     3    -1.9699797e-06
1933 region_rec_diffs(7,155)        -1.2086789     -3     3    -9.0596111e-07
1934 region_rec_diffs(7,156)        -0.022040922     -3     3    1.5905051e-07
1935 region_rec_diffs(7,157)        -2.4919963     -3     3    -8.9417698e-08
1936 region_rec_diffs(7,158)        0.29081643     -3     3    1.9782644e-07
1937 region_rec_diffs(7,159)        -1.145106     -3     3    4.1323422e-07
1938 region_rec_diffs(7,160)        -0.20337276     -3     3    -1.4840273e-08
1939 region_rec_diffs(7,161)        -1.8887054     -3     3    6.1107516e-07
1940 region_rec_diffs(7,162)        -1.2128806     -3     3    -6.6216514e-07
1941 region_rec_diffs(7,163)        -0.14346562     -3     3    -1.7099693e-06
1942 region_rec_diffs(7,164)        -1.4410985     -3     3    -2.8981264e-06
1943 region_rec_diffs(7,165)        -0.6876957     -3     3    2.0970865e-06
1944 region_rec_diffs(7,166)        0.50677762     -3     3    -2.4203461e-07
1945 region_rec_diffs(7,167)        -0.54226806     -3     3    -4.2973903e-07
1946 region_rec_diffs(7,168)        -0.95541389     -3     3    1.92875e-06
1947 region_rec_diffs(7,169)        -0.64683787     -3     3    7.1162338e-07
1948 region_rec_diffs(7,170)        0.43672572     -3     3    4.6559621e-07
1949 region_rec_diffs(7,171)        -1.6627214     -3     3    1.2328977e-06
1950 region_rec_diffs(7,172)        -2.3386943     -3     3    2.9469434e-07
1951 region_rec_diffs(7,173)        -2.4870489     -3     3    6.1959108e-07
1952 region_rec_diffs(7,174)        0.2311293     -3     3    1.0495279e-06
1953 region_rec_diffs(7,175)        -0.24945203     -3     3    5.7715713e-06
1954 region_rec_diffs(7,176)        0.56369678     -3     3    7.0151424e-07
1955 region_rec_diffs(7,177)        0.26950964     -3     3    -1.198151e-07
1956 region_rec_diffs(7,178)        -1.6731434     -3     3    -5.6690753e-07
1957 region_rec_diffs(7,179)        -0.57154166     -3     3    -2.3452074e-06
1958 region_rec_diffs(7,180)        -0.32756144     -3     3    -1.293252e-06
1959 region_rec_diffs(7,181)        -0.29410214     -3     3    1.8144079e-07
1960 region_rec_diffs(7,182)        0.75349578     -3     3    1.9538429e-07
1961 region_rec_diffs(7,183)        0.35528198     -3     3    8.9375002e-07
1962 region_rec_diffs(7,184)        -0.1275291     -3     3    -1.3591009e-06
1963 region_rec_diffs(7,185)        -1.9931356     -3     3    2.3633803e-06
1964 region_rec_diffs(7,186)        -0.50144949     -3     3    2.4375197e-07
1965 region_rec_diffs(7,187)        -0.43837951     -3     3    -1.414722e-07
1966 region_rec_diffs(7,188)        0.20236119     -3     3    6.9592392e-07
1967 region_rec_diffs(7,189)        -0.83912117     -3     3    -4.5470236e-07
1968 region_rec_diffs(7,190)        0.38128405     -3     3    -1.192366e-06
1969 region_rec_diffs(7,191)        -0.30666644     -3     3    -9.1111911e-07
1970 region_rec_diffs(7,192)        -0.95729173     -3     3    1.6092651e-07
1971 region_rec_diffs(7,193)        -2.952671     -3     3    -1.5356612e-07
1972 region_rec_diffs(7,194)        -0.58810186     -3     3    -9.7589183e-07
1973 region_rec_diffs(7,195)        -0.60757324     -3     3    2.6283112e-06
1974 region_rec_diffs(7,196)        -1.6168112     -3     3    2.1280453e-07
1975 region_rec_diffs(7,197)        -1.1954332     -3     3    -2.1786564e-06
1976 region_rec_diffs(7,198)        0.27711462     -3     3    -6.6757315e-07
1977 region_rec_diffs(7,199)        -0.83117282     -3     3    -1.2274966e-06
1978 region_rec_diffs(7,200)        0.37473448     -3     3    -4.0787111e-07
1979 region_rec_diffs(7,201)        -1.2195765     -3     3    1.8063885e-09
1980 region_rec_diffs(7,202)        -1.4940379     -3     3    -3.8054957e-07
1981 region_rec_diffs(7,203)        -1.9425386     -3     3    2.2122155e-07
1982 region_rec_diffs(7,204)        -0.97999217     -3     3    -5.5050636e-08
1983 region_rec_diffs(7,205)        -0.91209875     -3     3    -1.4389068e-06
1984 region_rec_diffs(7,206)        0.50713069     -3     3    3.0453514e-07
1985 region_rec_diffs(7,207)        -0.77990238     -3     3    -1.0627498e-06
1986 region_rec_diffs(7,208)        0.78160112     -3     3    -1.9954622e-07
1987 region_rec_diffs(7,209)        -1.361081     -3     3    6.1501783e-07
1988 region_rec_diffs(7,210)        -1.8458437     -3     3    6.7373596e-07
1989 region_rec_diffs(7,211)        -2.2410076     -3     3    -4.223886e-07
1990 region_rec_diffs(7,212)        -0.2251264     -3     3    -7.1686437e-07
1991 region_rec_diffs(7,213)        -0.37216443     -3     3    -2.3818915e-06
1992 region_rec_diffs(7,214)        0.42738484     -3     3    7.3591757e-08
1993 region_rec_diffs(7,215)        -0.53827709     -3     3    3.8871683e-07
1994 region_rec_diffs(7,216)        0.14695539     -3     3    1.8831159e-07
1995 region_rec_diffs(7,217)        -0.46589082     -3     3    -6.2005559e-07
1996 region_rec_diffs(7,218)        0.13719142     -3     3    5.6681327e-07
1997 region_rec_diffs(7,219)        -0.36186671     -3     3    -3.7801534e-06
1998 region_rec_diffs(7,220)        -0.45176886     -3     3    3.9179635e-07
1999 region_rec_diffs(7,221)        -0.70347491     -3     3    -1.5939446e-06
2000 region_rec_diffs(7,222)        -0.89207999     -3     3    9.9375916e-08
2001 region_rec_diffs(7,223)        -0.72955045     -3     3    1.6553178e-06
2002 region_rec_diffs(7,224)        -0.96094333     -3     3    -4.8283946e-07
2003 region_rec_diffs(7,225)        -0.046133851     -3     3    -1.5845101e-06
2004 region_rec_diffs(7,226)        0.51547092     -3     3    2.2174184e-08
2005 region_rec_diffs(7,227)        -0.0020569893     -3     3    -9.5548327e-07
2006 region_rec_diffs(7,228)        0.17124762     -3     3    5.8657306e-07
2007 region_rec_diffs(7,229)        -1.5668224     -3     3    1.3496105e-06
2008 region_rec_diffs(7,230)        -1.1050751     -3     3    2.2641198e-07
2009 region_rec_diffs(7,231)        -1.7220352     -3     3    -1.3862286e-06
2010 region_rec_diffs(7,232)        -2.2439774     -3     3    -1.8061018e-06
2011 region_rec_diffs(7,233)        -0.44724157     -3     3    -6.2555311e-07
2012 region_rec_diffs(7,234)        -0.51853275     -3     3    1.0578461e-06
2013 region_rec_diffs(7,235)        -0.81057294     -3     3    -1.2244281e-06
2014 region_rec_diffs(7,236)        -0.14869207     -3     3    4.5169292e-07
2015 region_rec_diffs(7,237)        -0.65615813     -3     3    -2.4947124e-07
2016 region_rec_diffs(7,238)        -0.018194115     -3     3    -1.7331249e-07
2017 region_rec_diffs(7,239)        -0.33393001     -3     3    -1.0937209e-07
2018 region_rec_diffs(7,240)        -1.0071834     -3     3    4.5674402e-08
2019 region_rec_diffs(7,241)        -1.7596562     -3     3    1.5684111e-06
2020 region_rec_diffs(7,242)        -0.36351207     -3     3    1.7525002e-07
2021 region_rec_diffs(7,243)        -0.51391997     -3     3    5.8688728e-08
2022 region_rec_diffs(7,244)        -0.42735827     -3     3    -6.7526186e-07
2023 region_rec_diffs(7,245)        -0.32094103     -3     3    -9.3364839e-08
2024 region_rec_diffs(7,246)        -0.48600298     -3     3    -2.4512605e-07
2025 region_rec_diffs(7,247)        -0.80279749     -3     3    -9.3846614e-07
2026 region_rec_diffs(7,248)        -1.3204471     -3     3    -1.9749032e-06
2027 region_rec_diffs(7,249)        -0.030450508     -3     3    -4.1975761e-07
2028 region_rec_diffs(7,250)        0.24054404     -3     3    -3.0903764e-07
2029 region_rec_diffs(7,251)        -0.20367271     -3     3    -5.8571379e-08
2030 region_rec_diffs(7,252)        -0.41725733     -3     3    5.0969856e-07
2031 region_rec_diffs(7,253)        -0.60767469     -3     3    -5.4350001e-07
2032 region_rec_diffs(7,254)        0.059887376     -3     3    2.2629181e-07
2033 region_rec_diffs(7,255)        -0.1528075     -3     3    6.5561587e-09
2034 region_rec_diffs(7,256)        -0.45043398     -3     3    -1.249205e-10
2035 region_rec_diffs(7,257)        -0.45225431     -3     3    3.1336467e-07
2036 region_rec_diffs(7,258)        0.14304809     -3     3    -1.2476547e-07
2037 region_rec_diffs(7,259)        0.46568828     -3     3    3.3170032e-07
2038 region_rec_diffs(7,260)        -0.73152575     -3     3    1.048515e-08
2039 region_rec_diffs(7,261)        -1.0965792     -3     3    -1.5487932e-06
2040 region_rec_diffs(7,262)        0.37721682     -3     3    1.3015396e-07
2041 region_rec_diffs(7,263)        -0.3631903     -3     3    -1.894008e-07
2042 region_rec_diffs(7,264)        -1.2594789     -3     3    -2.0641756e-06
2043 region_rec_diffs(7,265)        -0.51195281     -3     3    -2.1432376e-07
2044 region_rec_diffs(7,266)        0.28102323     -3     3    -8.9150689e-07
2045 region_rec_diffs(7,267)        -0.025507884     -3     3    -1.7129913e-06
2046 region_rec_diffs(7,268)        -1.068107     -3     3    -2.4284493e-06
2047 region_rec_diffs(7,269)        -0.87190459     -3     3    -3.8905618e-06
2048 region_rec_diffs(7,270)        -0.11580312     -3     3    -3.3181384e-06
2049 region_rec_diffs(7,271)        -0.73806424     -3     3    -5.723368e-06
2050 region_rec_diffs(7,272)        0.096436236     -3     3    -7.9227415e-06
2051 region_rec_diffs(7,273)        0.307661     -3     3    -3.7343881e-07
2052 region_rec_diffs(7,274)        -0.93895411     -3     3    7.8865984e-08
2053 region_rec_diffs(7,275)        0.27384936     -3     3    1.6252233e-07
2054 region_rec_diffs(7,276)        -0.60862273     -3     3    5.4228724e-08
2055 region_rec_diffs(7,277)        -1.4739609     -3     3    -5.8493571e-07
2056 region_rec_diffs(7,278)        -0.48734421     -3     3    2.3418352e-07
2057 region_rec_diffs(7,279)        0.31660465     -3     3    2.1552252e-07
2058 region_rec_diffs(8,1)        -2.8593059e-08     -3     3    1.618214e-08
2059 region_rec_diffs(8,2)        -1.7397624     -3     3    -7.7592025e-08
2060 region_rec_diffs(8,3)        -1.8383566     -3     3    -1.259734e-06
2061 region_rec_diffs(8,4)        -1.779182     -3     3    3.6486343e-07
2062 region_rec_diffs(8,5)        -1.8084723     -3     3    4.8658982e-07
2063 region_rec_diffs(8,6)        -0.30210279     -3     3    5.1327518e-07
2064 region_rec_diffs(8,7)        -2.1763545     -3     3    -4.0407505e-06
2065 region_rec_diffs(8,8)        -0.23426537     -3     3    -2.4944379e-07
2066 region_rec_diffs(8,9)        -0.23156883     -3     3    1.6202364e-06
2067 region_rec_diffs(8,10)        -0.15980401     -3     3    -4.2576756e-07
2068 region_rec_diffs(8,11)        -1.5030284     -3     3    -1.329845e-08
2069 region_rec_diffs(8,12)        -0.053504051     -3     3    1.7262697e-06
2070 region_rec_diffs(8,13)        -0.35269573     -3     3    2.3779423e-07
2071 region_rec_diffs(8,14)        -0.6295812     -3     3    -2.0919233e-06
2072 region_rec_diffs(8,15)        -0.040669226     -3     3    -1.30126e-08
2073 region_rec_diffs(8,16)        -0.051301283     -3     3    6.5974813e-07
2074 region_rec_diffs(8,17)        -0.44356952     -3     3    5.0583368e-07
2075 region_rec_diffs(8,18)        -1.4422355     -3     3    -1.0080972e-06
2076 region_rec_diffs(8,19)        -0.12647912     -3     3    3.0544679e-07
2077 region_rec_diffs(8,20)        -0.30456713     -3     3    8.755695e-07
2078 region_rec_diffs(8,21)        -1.0385791     -3     3    -4.0640785e-08
2079 region_rec_diffs(8,22)        -1.5650432     -3     3    2.9059802e-07
2080 region_rec_diffs(8,23)        -0.15952723     -3     3    -1.0869065e-07
2081 region_rec_diffs(8,24)        -1.1977202     -3     3    -1.242511e-07
2082 region_rec_diffs(8,25)        -0.51136002     -3     3    5.0753479e-07
2083 region_rec_diffs(8,26)        -2.0555099     -3     3    -7.922601e-07
2084 region_rec_diffs(8,27)        -0.15475765     -3     3    4.8206826e-08
2085 region_rec_diffs(8,28)        -1.8269511     -3     3    -1.1614503e-07
2086 region_rec_diffs(8,29)        -1.2142509     -3     3    -1.664714e-07
2087 region_rec_diffs(8,30)        -0.36803705     -3     3    -2.0432079e-07
2088 region_rec_diffs(8,31)        -0.074135033     -3     3    3.6168415e-09
2089 region_rec_diffs(8,32)        -0.23420245     -3     3    1.8471422e-07
2090 region_rec_diffs(8,33)        -0.85762099     -3     3    -6.3914944e-07
2091 region_rec_diffs(8,34)        -1.5477349     -3     3    -8.5275443e-07
2092 region_rec_diffs(8,35)        -0.081511285     -3     3    -3.6685494e-08
2093 region_rec_diffs(8,36)        -0.84761621     -3     3    2.3405382e-07
2094 region_rec_diffs(8,37)        -1.1834383     -3     3    2.9232713e-07
2095 region_rec_diffs(8,38)        -0.2281986     -3     3    -6.5564263e-07
2096 region_rec_diffs(8,39)        -0.019155901     -3     3    3.6390191e-08
2097 region_rec_diffs(8,40)        -0.15491835     -3     3    -4.2558078e-07
2098 region_rec_diffs(8,41)        -1.4215274     -3     3    2.946492e-07
2099 region_rec_diffs(8,42)        -1.3434841     -3     3    -3.5114663e-07
2100 region_rec_diffs(8,43)        -0.11794695     -3     3    -1.9049184e-07
2101 region_rec_diffs(8,44)        -1.1629065     -3     3    4.3046746e-07
2102 region_rec_diffs(8,45)        -1.7851173     -3     3    5.2571272e-07
2103 region_rec_diffs(8,46)        -0.3221749     -3     3    3.4624537e-07
2104 region_rec_diffs(8,47)        -0.20770038     -3     3    1.7306906e-07
2105 region_rec_diffs(8,48)        -0.90676579     -3     3    6.938105e-07
2106 region_rec_diffs(8,49)        -1.5129702     -3     3    6.543269e-07
2107 region_rec_diffs(8,50)        -0.082984379     -3     3    -2.9484435e-08
2108 region_rec_diffs(8,51)        -0.95490257     -3     3    1.3969902e-07
2109 region_rec_diffs(8,52)        -0.40385395     -3     3    5.1578149e-07
2110 region_rec_diffs(8,53)        -1.7520523     -3     3    6.6943625e-07
2111 region_rec_diffs(8,54)        -0.19323383     -3     3    -1.5695347e-07
2112 region_rec_diffs(8,55)        -0.12597653     -3     3    5.2972867e-07
2113 region_rec_diffs(8,56)        -0.44947733     -3     3    5.5915293e-07
2114 region_rec_diffs(8,57)        -0.71122354     -3     3    -1.6933311e-07
2115 region_rec_diffs(8,58)        -1.1418821     -3     3    -2.0551085e-07
2116 region_rec_diffs(8,59)        -0.24241565     -3     3    -8.7098486e-08
2117 region_rec_diffs(8,60)        -1.2339695     -3     3    7.2861805e-07
2118 region_rec_diffs(8,61)        -1.7439303     -3     3    3.4411562e-08
2119 region_rec_diffs(8,62)        -0.25784319     -3     3    -8.7024367e-08
2120 region_rec_diffs(8,63)        -0.49518104     -3     3    -4.5967388e-07
2121 region_rec_diffs(8,64)        -0.5673922     -3     3    -4.8730649e-07
2122 region_rec_diffs(8,65)        -1.8666     -3     3    -2.5641324e-08
2123 region_rec_diffs(8,66)        -0.17674589     -3     3    1.0361542e-07
2124 region_rec_diffs(8,67)        -0.44525067     -3     3    -9.4199689e-08
2125 region_rec_diffs(8,68)        -0.96039675     -3     3    -8.9968923e-07
2126 region_rec_diffs(8,69)        -1.4694262     -3     3    2.4447639e-07
2127 region_rec_diffs(8,70)        -0.88147015     -3     3    -6.4257452e-07
2128 region_rec_diffs(8,71)        -0.34783349     -3     3    1.2340462e-07
2129 region_rec_diffs(8,72)        -0.75905704     -3     3    -2.1302881e-07
2130 region_rec_diffs(8,73)        -0.63867274     -3     3    6.6954188e-07
2131 region_rec_diffs(8,74)        -0.90812148     -3     3    -1.535736e-07
2132 region_rec_diffs(8,75)        -0.091810145     -3     3    -2.8637813e-08
2133 region_rec_diffs(8,76)        -0.34997072     -3     3    -6.5950773e-08
2134 region_rec_diffs(8,77)        -1.0263731     -3     3    6.0950337e-07
2135 region_rec_diffs(8,78)        -0.58198255     -3     3    5.3425513e-08
2136 region_rec_diffs(8,79)        -0.28139756     -3     3    -3.8379704e-07
2137 region_rec_diffs(8,80)        -1.156807     -3     3    -1.2428506e-06
2138 region_rec_diffs(8,81)        -0.69403189     -3     3    -2.4401582e-09
2139 region_rec_diffs(8,82)        -1.164593     -3     3    4.429529e-07
2140 region_rec_diffs(8,83)        1.1409975     -3     3    4.0666129e-07
2141 region_rec_diffs(8,84)        0.11819585     -3     3    1.7824752e-06
2142 region_rec_diffs(8,85)        -0.32474199     -3     3    1.7991934e-07
2143 region_rec_diffs(8,86)        -0.041517773     -3     3    -5.7857601e-08
2144 region_rec_diffs(8,87)        -0.9857333     -3     3    -3.1367886e-07
2145 region_rec_diffs(8,88)        -0.69074761     -3     3    -8.2181271e-07
2146 region_rec_diffs(8,89)        -0.25861356     -3     3    -3.9781839e-07
2147 region_rec_diffs(8,90)        -0.43733347     -3     3    -4.8089582e-07
2148 region_rec_diffs(8,91)        -0.47088214     -3     3    6.0764816e-07
2149 region_rec_diffs(8,92)        -0.42724198     -3     3    -3.0924898e-07
2150 region_rec_diffs(8,93)        -0.92043885     -3     3    -3.5470365e-07
2151 region_rec_diffs(8,94)        -0.91537585     -3     3    7.8116624e-07
2152 region_rec_diffs(8,95)        1.6498513     -3     3    3.4236086e-07
2153 region_rec_diffs(8,96)        -0.21074353     -3     3    -7.1322651e-07
2154 region_rec_diffs(8,97)        -0.6275778     -3     3    6.0213568e-07
2155 region_rec_diffs(8,98)        0.66474478     -3     3    2.7395813e-06
2156 region_rec_diffs(8,99)        0.62806804     -3     3    -1.939587e-06
2157 region_rec_diffs(8,100)        -0.65703335     -3     3    3.7678724e-07
2158 region_rec_diffs(8,101)        0.31496022     -3     3    1.8285996e-06
2159 region_rec_diffs(8,102)        -0.00014398565     -3     3    5.8083328e-08
2160 region_rec_diffs(8,103)        -0.14935091     -3     3    -2.8711497e-08
2161 region_rec_diffs(8,104)        0.47628792     -3     3    -7.5091546e-07
2162 region_rec_diffs(8,105)        -0.06464824     -3     3    -7.5345724e-09
2163 region_rec_diffs(8,106)        -0.045769796     -3     3    -5.4011156e-08
2164 region_rec_diffs(8,107)        -0.23158281     -3     3    -2.0398245e-07
2165 region_rec_diffs(8,108)        -0.69380631     -3     3    3.2034987e-07
2166 region_rec_diffs(8,109)        0.42880212     -3     3    1.217585e-06
2167 region_rec_diffs(8,110)        -0.01841425     -3     3    -3.3839775e-08
2168 region_rec_diffs(8,111)        -0.50646966     -3     3    1.6175755e-07
2169 region_rec_diffs(8,112)        -0.34740401     -3     3    5.4449413e-07
2170 region_rec_diffs(8,113)        0.75704672     -3     3    -1.2090535e-06
2171 region_rec_diffs(8,114)        -0.30218757     -3     3    -5.8323347e-07
2172 region_rec_diffs(8,115)        -0.11816236     -3     3    8.7231674e-08
2173 region_rec_diffs(8,116)        -0.16195597     -3     3    -1.0389636e-06
2174 region_rec_diffs(8,117)        0.25064924     -3     3    -3.8798871e-07
2175 region_rec_diffs(8,118)        0.16296013     -3     3    -5.7561489e-07
2176 region_rec_diffs(8,119)        0.18512426     -3     3    3.2792076e-07
2177 region_rec_diffs(8,120)        1.9702162     -3     3    2.4124662e-06
2178 region_rec_diffs(8,121)        -0.063865184     -3     3    6.1007031e-08
2179 region_rec_diffs(8,122)        -0.26309387     -3     3    -1.3352359e-07
2180 region_rec_diffs(8,123)        0.024612805     -3     3    -2.3520244e-07
2181 region_rec_diffs(8,124)        1.1983825     -3     3    -2.2075079e-06
2182 region_rec_diffs(8,125)        0.54732064     -3     3    2.2700324e-06
2183 region_rec_diffs(8,126)        0.7751358     -3     3    -1.9453793e-06
2184 region_rec_diffs(8,127)        0.10620985     -3     3    7.4025068e-07
2185 region_rec_diffs(8,128)        1.3627152     -3     3    -2.5783006e-06
2186 region_rec_diffs(8,129)        -0.3989757     -3     3    -3.4751293e-07
2187 region_rec_diffs(8,130)        -0.023993373     -3     3    -1.3283652e-07
2188 region_rec_diffs(8,131)        0.064822496     -3     3    6.9688948e-07
2189 region_rec_diffs(8,132)        1.7165064     -3     3    1.3890671e-06
2190 region_rec_diffs(8,133)        1.0050744     -3     3    -2.0139646e-07
2191 region_rec_diffs(8,134)        0.29231691     -3     3    8.8796737e-07
2192 region_rec_diffs(8,135)        1.5739304     -3     3    -1.8393366e-08
2193 region_rec_diffs(8,136)        -0.58684957     -3     3    7.1257874e-07
2194 region_rec_diffs(8,137)        -0.16532336     -3     3    2.9169187e-07
2195 region_rec_diffs(8,138)        -0.39332514     -3     3    -2.6550208e-07
2196 region_rec_diffs(8,139)        -0.10786496     -3     3    5.1013936e-09
2197 region_rec_diffs(8,140)        0.70201407     -3     3    -1.7561652e-07
2198 region_rec_diffs(8,141)        0.031989494     -3     3    2.8655018e-07
2199 region_rec_diffs(8,142)        0.13790193     -3     3    -2.293748e-07
2200 region_rec_diffs(8,143)        0.10847349     -3     3    -2.9672082e-07
2201 region_rec_diffs(8,144)        0.53444675     -3     3    2.5924018e-06
2202 region_rec_diffs(8,145)        0.86068577     -3     3    1.3129318e-06
2203 region_rec_diffs(8,146)        2.2408628     -3     3    -3.070906e-07
2204 region_rec_diffs(8,147)        2.2667953     -3     3    -9.7869608e-07
2205 region_rec_diffs(8,148)        0.49756896     -3     3    1.06076e-07
2206 region_rec_diffs(8,149)        -0.25868476     -3     3    -5.4479959e-08
2207 region_rec_diffs(8,150)        -0.088763269     -3     3    -1.6287163e-07
2208 region_rec_diffs(8,151)        1.1119385     -3     3    2.0216145e-07
2209 region_rec_diffs(8,152)        -0.014206514     -3     3    -1.0569376e-07
2210 region_rec_diffs(8,153)        1.2175469     -3     3    -9.1354651e-07
2211 region_rec_diffs(8,154)        2.1592185     -3     3    3.9132694e-07
2212 region_rec_diffs(8,155)        2.3756104     -3     3    -2.6785284e-07
2213 region_rec_diffs(8,156)        -1.4495937     -3     3    -2.3382907e-07
2214 region_rec_diffs(8,157)        -1.2360741     -3     3    5.7014403e-08
2215 region_rec_diffs(8,158)        -0.48637451     -3     3    1.052659e-07
2216 region_rec_diffs(8,159)        0.7066187     -3     3    1.7885554e-07
2217 region_rec_diffs(8,160)        2.2014024     -3     3    -5.8524641e-07
2218 region_rec_diffs(8,161)        1.5420068     -3     3    2.4770435e-07
2219 region_rec_diffs(8,162)        0.12909832     -3     3    1.7202368e-06
2220 region_rec_diffs(8,163)        1.9323308     -3     3    1.3971916e-06
2221 region_rec_diffs(8,164)        1.0767431     -3     3    -6.9497994e-07
2222 region_rec_diffs(8,165)        -0.33252514     -3     3    -7.0626515e-07
2223 region_rec_diffs(8,166)        -0.42301209     -3     3    -5.2893116e-08
2224 region_rec_diffs(8,167)        -0.75729863     -3     3    7.1237945e-08
2225 region_rec_diffs(8,168)        1.7312662     -3     3    -1.058193e-06
2226 region_rec_diffs(8,169)        1.5540445     -3     3    8.9214802e-07
2227 region_rec_diffs(8,170)        0.39516075     -3     3    3.9216171e-07
2228 region_rec_diffs(8,171)        1.8780379     -3     3    -6.7731356e-07
2229 region_rec_diffs(8,172)        1.9476572     -3     3    -4.9982952e-07
2230 region_rec_diffs(8,173)        -0.29178343     -3     3    2.1309289e-08
2231 region_rec_diffs(8,174)        0.13150774     -3     3    -1.0035991e-08
2232 region_rec_diffs(8,175)        -0.4396308     -3     3    -3.7266608e-07
2233 region_rec_diffs(8,176)        -0.76617139     -3     3    1.1065245e-07
2234 region_rec_diffs(8,177)        0.60791706     -3     3    -3.3993607e-06
2235 region_rec_diffs(8,178)        0.64041675     -3     3    -2.9019424e-06
2236 region_rec_diffs(8,179)        -1.5600783     -3     3    -1.3037804e-07
2237 region_rec_diffs(8,180)        -0.52382486     -3     3    8.5571328e-07
2238 region_rec_diffs(8,181)        -0.8387232     -3     3    6.3051603e-07
2239 region_rec_diffs(8,182)        -0.41574967     -3     3    -1.0777923e-07
2240 region_rec_diffs(8,183)        -0.5309253     -3     3    -3.7914033e-07
2241 region_rec_diffs(8,184)        1.318886     -3     3    1.4300186e-06
2242 region_rec_diffs(8,185)        1.0311793     -3     3    3.3917656e-07
2243 region_rec_diffs(8,186)        1.528417     -3     3    -1.2516813e-06
2244 region_rec_diffs(8,187)        -1.1882302     -3     3    7.234532e-07
2245 region_rec_diffs(8,188)        -1.0922937     -3     3    9.1150307e-07
2246 region_rec_diffs(8,189)        0.16001567     -3     3    4.088476e-07
2247 region_rec_diffs(8,190)        1.5722877     -3     3    2.5407195e-06
2248 region_rec_diffs(8,191)        0.9316086     -3     3    1.1828232e-06
2249 region_rec_diffs(8,192)        0.33378138     -3     3    -8.3176921e-07
2250 region_rec_diffs(8,193)        -0.39802412     -3     3    7.1525512e-07
2251 region_rec_diffs(8,194)        2.2341713     -3     3    2.3175303e-07
2252 region_rec_diffs(8,195)        1.8527699     -3     3    -2.6283963e-06
2253 region_rec_diffs(8,196)        -1.5049671     -3     3    1.7054033e-07
2254 region_rec_diffs(8,197)        1.3384257     -3     3    -3.4084267e-07
2255 region_rec_diffs(8,198)        1.4225593     -3     3    6.1095885e-07
2256 region_rec_diffs(8,199)        0.058033643     -3     3    3.021371e-07
2257 region_rec_diffs(8,200)        0.57143753     -3     3    -3.3105295e-06
2258 region_rec_diffs(8,201)        0.67472369     -3     3    6.3513728e-07
2259 region_rec_diffs(8,202)        1.1586208     -3     3    2.0217548e-06
2260 region_rec_diffs(8,203)        0.37057144     -3     3    2.4292687e-06
2261 region_rec_diffs(8,204)        0.57555647     -3     3    -4.4057094e-07
2262 region_rec_diffs(8,205)        0.41440889     -3     3    1.8922887e-08
2263 region_rec_diffs(8,206)        1.0739645     -3     3    -1.282294e-06
2264 region_rec_diffs(8,207)        2.1559172     -3     3    2.0999584e-07
2265 region_rec_diffs(8,208)        0.34877257     -3     3    1.9940414e-06
2266 region_rec_diffs(8,209)        1.1819842     -3     3    -2.5630454e-06
2267 region_rec_diffs(8,210)        -0.36940249     -3     3    -5.2708126e-07
2268 region_rec_diffs(8,211)        -0.36928699     -3     3    9.6128327e-08
2269 region_rec_diffs(8,212)        0.026930946     -3     3    -6.7161439e-07
2270 region_rec_diffs(8,213)        1.2814086     -3     3    1.7220578e-06
2271 region_rec_diffs(8,214)        0.4316621     -3     3    -6.8455799e-08
2272 region_rec_diffs(8,215)        0.90181956     -3     3    3.863677e-07
2273 region_rec_diffs(8,216)        0.011626895     -3     3    -7.698508e-07
2274 region_rec_diffs(8,217)        -0.45324913     -3     3    8.6529112e-08
2275 region_rec_diffs(8,218)        -0.50165115     -3     3    -1.6770146e-06
2276 region_rec_diffs(8,219)        -1.0682701     -3     3    -1.5045842e-06
2277 region_rec_diffs(8,220)        -2.2005975     -3     3    1.6877484e-07
2278 region_rec_diffs(8,221)        -2.0614515     -3     3    2.0940861e-09
2279 region_rec_diffs(8,222)        0.15228289     -3     3    -1.4208579e-06
2280 region_rec_diffs(8,223)        0.40576676     -3     3    -1.0724152e-06
2281 region_rec_diffs(8,224)        0.76736812     -3     3    -2.0216474e-06
2282 region_rec_diffs(8,225)        1.9064923     -3     3    1.3677788e-06
2283 region_rec_diffs(8,226)        0.4831572     -3     3    2.1795694e-07
2284 region_rec_diffs(8,227)        1.0938406     -3     3    -7.9401623e-07
2285 region_rec_diffs(8,228)        0.090326716     -3     3    1.2342181e-06
2286 region_rec_diffs(8,229)        -1.1929269     -3     3    -1.6283012e-07
2287 region_rec_diffs(8,230)        0.16496925     -3     3    -3.7616529e-06
2288 region_rec_diffs(8,231)        -1.6445201     -3     3    8.4682762e-07
2289 region_rec_diffs(8,232)        -0.56117977     -3     3    7.8257357e-07
2290 region_rec_diffs(8,233)        -0.45933212     -3     3    -2.8281095e-06
2291 region_rec_diffs(8,234)        0.088055869     -3     3    2.6090854e-06
2292 region_rec_diffs(8,235)        -0.4318125     -3     3    -2.2211506e-06
2293 region_rec_diffs(8,236)        0.356856     -3     3    2.2384498e-06
2294 region_rec_diffs(8,237)        0.87157731     -3     3    5.5645487e-07
2295 region_rec_diffs(8,238)        0.39968714     -3     3    6.9511685e-07
2296 region_rec_diffs(8,239)        0.8716285     -3     3    7.2946745e-07
2297 region_rec_diffs(8,240)        -0.14270824     -3     3    -2.1321136e-08
2298 region_rec_diffs(8,241)        -0.020575826     -3     3    3.6931695e-06
2299 region_rec_diffs(8,242)        -0.013717624     -3     3    8.9813438e-07
2300 region_rec_diffs(8,243)        -1.2687278     -3     3    1.8799642e-06
2301 region_rec_diffs(8,244)        -1.9785333     -3     3    -4.1401089e-07
2302 region_rec_diffs(8,245)        0.4044215     -3     3    9.2911185e-07
2303 region_rec_diffs(8,246)        1.0060848     -3     3    6.036383e-07
2304 region_rec_diffs(8,247)        -0.48018693     -3     3    -4.9937442e-07
2305 region_rec_diffs(8,248)        -0.7930742     -3     3    1.7701287e-06
2306 region_rec_diffs(8,249)        1.2275928     -3     3    -4.9310256e-07
2307 region_rec_diffs(8,250)        -0.099915915     -3     3    3.2599159e-06
2308 region_rec_diffs(8,251)        -0.56315913     -3     3    8.1686611e-07
2309 region_rec_diffs(8,252)        -1.5509178     -3     3    -9.6489442e-07
2310 region_rec_diffs(8,253)        0.22638072     -3     3    -1.6067988e-06
2311 region_rec_diffs(8,254)        0.87334784     -3     3    -1.2586564e-06
2312 region_rec_diffs(8,255)        0.058293341     -3     3    -2.5635347e-06
2313 region_rec_diffs(8,256)        -1.8728914     -3     3    5.1181511e-07
2314 region_rec_diffs(8,257)        -1.888479     -3     3    -1.1088623e-07
2315 region_rec_diffs(8,258)        -0.4157413     -3     3    -1.0872086e-06
2316 region_rec_diffs(8,259)        -0.13769945     -3     3    3.4539663e-06
2317 region_rec_diffs(8,260)        -1.2998445     -3     3    1.2066327e-06
2318 region_rec_diffs(8,261)        0.656638     -3     3    -3.5470247e-07
2319 region_rec_diffs(8,262)        -0.10353371     -3     3    -2.1535521e-06
2320 region_rec_diffs(8,263)        -0.30373255     -3     3    -2.9983618e-06
2321 region_rec_diffs(8,264)        0.3556295     -3     3    1.7941196e-07
2322 region_rec_diffs(8,265)        -0.30373612     -3     3    -7.5588269e-07
2323 region_rec_diffs(8,266)        0.52491684     -3     3    3.0857114e-06
2324 region_rec_diffs(8,267)        0.39378666     -3     3    6.3105467e-07
2325 region_rec_diffs(8,268)        -1.4308475     -3     3    3.1184621e-07
2326 region_rec_diffs(8,269)        0.078068272     -3     3    2.8567621e-06
2327 region_rec_diffs(8,270)        -0.30638255     -3     3    2.0775698e-07
2328 region_rec_diffs(8,271)        -0.29512473     -3     3    -7.8974009e-07
2329 region_rec_diffs(8,272)        0.94526467     -3     3    -1.7820671e-07
2330 region_rec_diffs(8,273)        -0.19242223     -3     3    1.2022361e-06
2331 region_rec_diffs(8,274)        0.44383766     -3     3    2.2986403e-06
2332 region_rec_diffs(8,275)        -0.47368519     -3     3    -7.9720992e-07
2333 region_rec_diffs(8,276)        -0.59840042     -3     3    8.6572469e-07
2334 region_rec_diffs(8,277)        -0.42853917     -3     3    5.9232148e-08
2335 region_rec_diffs(8,278)        0.6770902     -3     3    1.6842365e-06
2336 region_rec_diffs(8,279)        -0.18895582     -3     3    -6.6324744e-08
2337 region_rec_diffs(9,1)        -1.2365913e-09     -3     3    5.1116953e-10
2338 region_rec_diffs(9,2)        0.79800566     -3     3    2.8785759e-08
2339 region_rec_diffs(9,3)        0.81378166     -3     3    -1.6088862e-06
2340 region_rec_diffs(9,4)        0.86703951     -3     3    -3.6716737e-07
2341 region_rec_diffs(9,5)        0.87429312     -3     3    1.6006831e-06
2342 region_rec_diffs(9,6)        0.0071486838     -3     3    -8.9427203e-08
2343 region_rec_diffs(9,7)        0.14677547     -3     3    8.6344947e-08
2344 region_rec_diffs(9,8)        0.0024158317     -3     3    -6.7484783e-07
2345 region_rec_diffs(9,9)        0.0050186983     -3     3    6.3328926e-08
2346 region_rec_diffs(9,10)        0.0083088766     -3     3    5.6739203e-08
2347 region_rec_diffs(9,11)        0.48084736     -3     3    -2.3379659e-07
2348 region_rec_diffs(9,12)        0.008841683     -3     3    8.6275259e-08
2349 region_rec_diffs(9,13)        0.082372512     -3     3    -2.6164705e-08
2350 region_rec_diffs(9,14)        1.880505     -3     3    -1.7769539e-06
2351 region_rec_diffs(9,15)        0.0097288017     -3     3    -1.1889118e-08
2352 region_rec_diffs(9,16)        0.0043617013     -3     3    -8.124227e-10
2353 region_rec_diffs(9,17)        0.032114529     -3     3    -3.9511497e-08
2354 region_rec_diffs(9,18)        1.0896088     -3     3    -3.9953526e-07
2355 region_rec_diffs(9,19)        0.014051384     -3     3    -2.0382945e-08
2356 region_rec_diffs(9,20)        0.045685714     -3     3    -2.6604305e-07
2357 region_rec_diffs(9,21)        0.31474681     -3     3    -1.4790853e-06
2358 region_rec_diffs(9,22)        1.6958092     -3     3    -2.8025203e-06
2359 region_rec_diffs(9,23)        0.014517835     -3     3    -1.3684283e-08
2360 region_rec_diffs(9,24)        0.5383692     -3     3    -5.6633218e-07
2361 region_rec_diffs(9,25)        0.081094228     -3     3    -1.41048e-07
2362 region_rec_diffs(9,26)        0.088385496     -3     3    2.6593997e-07
2363 region_rec_diffs(9,27)        -0.0031658701     -3     3    2.1728274e-08
2364 region_rec_diffs(9,28)        0.77305794     -3     3    1.7758007e-06
2365 region_rec_diffs(9,29)        2.9999997     -3     3    1.3116135e-08   *************
2366 region_rec_diffs(9,30)        0.041301286     -3     3    -3.178309e-09
2367 region_rec_diffs(9,31)        0.0068736301     -3     3    2.672269e-08
2368 region_rec_diffs(9,32)        0.022752309     -3     3    4.5039043e-08
2369 region_rec_diffs(9,33)        0.1099113     -3     3    7.0936117e-07
2370 region_rec_diffs(9,34)        1.3015254     -3     3    7.5926424e-07
2371 region_rec_diffs(9,35)        0.0061961953     -3     3    -1.1191997e-08
2372 region_rec_diffs(9,36)        0.069850908     -3     3    -1.9441783e-07
2373 region_rec_diffs(9,37)        0.56527748     -3     3    6.143016e-07
2374 region_rec_diffs(9,38)        0.036778728     -3     3    -1.3471408e-07
2375 region_rec_diffs(9,39)        0.0043500625     -3     3    -1.8837713e-08
2376 region_rec_diffs(9,40)        0.017775525     -3     3    1.4784209e-08
2377 region_rec_diffs(9,41)        0.83388881     -3     3    -1.3737869e-06
2378 region_rec_diffs(9,42)        0.50294406     -3     3    1.4301713e-06
2379 region_rec_diffs(9,43)        0.01196487     -3     3    5.5834758e-08
2380 region_rec_diffs(9,44)        0.25988984     -3     3    1.0108476e-06
2381 region_rec_diffs(9,45)        1.5626147     -3     3    1.6055965e-06
2382 region_rec_diffs(9,46)        0.0074257314     -3     3    -8.3920706e-09
2383 region_rec_diffs(9,47)        0.0061537607     -3     3    1.9004862e-09
2384 region_rec_diffs(9,48)        0.014093823     -3     3    -9.0680579e-09
2385 region_rec_diffs(9,49)        1.2261485     -3     3    -9.3578968e-07
2386 region_rec_diffs(9,50)        0.0079585958     -3     3    4.6915149e-09
2387 region_rec_diffs(9,51)        0.086932369     -3     3    -6.3178597e-08
2388 region_rec_diffs(9,52)        0.032604884     -3     3    2.2548693e-08
2389 region_rec_diffs(9,53)        1.2749697     -3     3    -1.4733989e-06
2390 region_rec_diffs(9,54)        0.0057547086     -3     3    -3.6191237e-08
2391 region_rec_diffs(9,55)        -0.0028910163     -3     3    -3.155274e-09
2392 region_rec_diffs(9,56)        -0.0069957941     -3     3    9.6212035e-09
2393 region_rec_diffs(9,57)        0.066961978     -3     3    1.7853113e-07
2394 region_rec_diffs(9,58)        0.69931522     -3     3    -9.169636e-07
2395 region_rec_diffs(9,59)        0.033477023     -3     3    -1.5254388e-07
2396 region_rec_diffs(9,60)        0.57410224     -3     3    -8.7577864e-07
2397 region_rec_diffs(9,61)        0.46493396     -3     3    -1.0068127e-06
2398 region_rec_diffs(9,62)        0.010928515     -3     3    -4.4188649e-08
2399 region_rec_diffs(9,63)        0.028601973     -3     3    -3.7620477e-08
2400 region_rec_diffs(9,64)        0.072906803     -3     3    -1.4829144e-07
2401 region_rec_diffs(9,65)        0.51867644     -3     3    6.1304176e-07
2402 region_rec_diffs(9,66)        -0.0063182491     -3     3    1.2094178e-08
2403 region_rec_diffs(9,67)        -0.038074278     -3     3    -3.253998e-10
2404 region_rec_diffs(9,68)        -0.10568728     -3     3    -1.0574316e-07
2405 region_rec_diffs(9,69)        0.21344771     -3     3    -1.0658949e-07
2406 region_rec_diffs(9,70)        0.28878634     -3     3    -3.4007396e-07
2407 region_rec_diffs(9,71)        0.024990628     -3     3    -6.6749291e-08
2408 region_rec_diffs(9,72)        0.14022984     -3     3    6.8281553e-07
2409 region_rec_diffs(9,73)        1.8824957     -3     3    8.4192811e-07
2410 region_rec_diffs(9,74)        0.10869957     -3     3    2.6116459e-07
2411 region_rec_diffs(9,75)        0.0080598202     -3     3    2.2685814e-09
2412 region_rec_diffs(9,76)        0.037636148     -3     3    1.4764441e-07
2413 region_rec_diffs(9,77)        0.18633965     -3     3    1.8448885e-07
2414 region_rec_diffs(9,78)        0.02383817     -3     3    1.4987316e-07
2415 region_rec_diffs(9,79)        0.0074304883     -3     3    2.8126164e-08
2416 region_rec_diffs(9,80)        1.2240022     -3     3    -1.3143772e-06
2417 region_rec_diffs(9,81)        0.20691741     -3     3    3.7712062e-07
2418 region_rec_diffs(9,82)        0.16341401     -3     3    -8.9084661e-07
2419 region_rec_diffs(9,83)        0.36332019     -3     3    1.0768115e-06
2420 region_rec_diffs(9,84)        1.1892486     -3     3    -4.9477701e-07
2421 region_rec_diffs(9,85)        0.35519883     -3     3    6.204912e-07
2422 region_rec_diffs(9,86)        0.0042227168     -3     3    9.5516762e-10
2423 region_rec_diffs(9,87)        0.014805254     -3     3    2.203688e-07
2424 region_rec_diffs(9,88)        0.21167193     -3     3    1.6269815e-06
2425 region_rec_diffs(9,89)        0.25473614     -3     3    -1.9591594e-07
2426 region_rec_diffs(9,90)        0.019241426     -3     3    -8.5431125e-09
2427 region_rec_diffs(9,91)        0.19485221     -3     3    -5.9636972e-07
2428 region_rec_diffs(9,92)        0.34231891     -3     3    7.6411972e-07
2429 region_rec_diffs(9,93)        0.59194623     -3     3    5.8098704e-07
2430 region_rec_diffs(9,94)        1.4643919     -3     3    -1.1859307e-06
2431 region_rec_diffs(9,95)        -0.035797793     -3     3    -2.4374362e-07
2432 region_rec_diffs(9,96)        -0.0066916243     -3     3    -1.1263299e-07
2433 region_rec_diffs(9,97)        -0.011951217     -3     3    -6.2392571e-07
2434 region_rec_diffs(9,98)        0.0096212854     -3     3    -4.0089464e-08
2435 region_rec_diffs(9,99)        0.057001983     -3     3    -5.9957752e-07
2436 region_rec_diffs(9,100)        1.1585139     -3     3    -1.5995144e-07
2437 region_rec_diffs(9,101)        0.23489432     -3     3    -6.0296667e-08
2438 region_rec_diffs(9,102)        0.0046168109     -3     3    1.6200658e-08
2439 region_rec_diffs(9,103)        0.020264981     -3     3    7.0392217e-08
2440 region_rec_diffs(9,104)        1.3665245     -3     3    8.9018175e-07
2441 region_rec_diffs(9,105)        0.009034403     -3     3    4.9958523e-08
2442 region_rec_diffs(9,106)        0.0024326697     -3     3    -3.8865947e-09
2443 region_rec_diffs(9,107)        0.012709464     -3     3    -1.2746437e-07
2444 region_rec_diffs(9,108)        0.37184101     -3     3    -1.2694366e-06
2445 region_rec_diffs(9,109)        0.8116718     -3     3    3.0016801e-06
2446 region_rec_diffs(9,110)        0.017962177     -3     3    -2.4381241e-08
2447 region_rec_diffs(9,111)        0.090387798     -3     3    -1.1956478e-06
2448 region_rec_diffs(9,112)        0.25112017     -3     3    -1.9786768e-06
2449 region_rec_diffs(9,113)        0.29287374     -3     3    -1.6435854e-06
2450 region_rec_diffs(9,114)        0.018037119     -3     3    -3.2652361e-07
2451 region_rec_diffs(9,115)        0.018324676     -3     3    -2.0372401e-07
2452 region_rec_diffs(9,116)        0.19887386     -3     3    -3.387614e-07
2453 region_rec_diffs(9,117)        0.78669075     -3     3    -3.2633692e-07
2454 region_rec_diffs(9,118)        0.035219491     -3     3    -7.430205e-08
2455 region_rec_diffs(9,119)        0.2874184     -3     3    -5.42798e-07
2456 region_rec_diffs(9,120)        1.2483945     -3     3    -2.7046983e-06
2457 region_rec_diffs(9,121)        0.26680068     -3     3    -7.8725522e-07
2458 region_rec_diffs(9,122)        -0.0090703554     -3     3    -7.0608448e-07
2459 region_rec_diffs(9,123)        -0.003941795     -3     3    -7.4729109e-08
2460 region_rec_diffs(9,124)        -0.015373085     -3     3    2.1537842e-06
2461 region_rec_diffs(9,125)        0.017332168     -3     3    1.2460541e-07
2462 region_rec_diffs(9,126)        2.6635223     -3     3    7.0631378e-07
2463 region_rec_diffs(9,127)        0.081415263     -3     3    4.7840501e-07
2464 region_rec_diffs(9,128)        0.53535661     -3     3    1.5757499e-06
2465 region_rec_diffs(9,129)        0.20653037     -3     3    4.8990016e-07
2466 region_rec_diffs(9,130)        0.041674498     -3     3    2.7469634e-07
2467 region_rec_diffs(9,131)        -0.0042221727     -3     3    6.4456375e-08
2468 region_rec_diffs(9,132)        -0.12621914     -3     3    7.1682745e-07
2469 region_rec_diffs(9,133)        -0.1108862     -3     3    3.0652339e-07
2470 region_rec_diffs(9,134)        -0.00023081921     -3     3    -1.238257e-07
2471 region_rec_diffs(9,135)        0.076315797     -3     3    3.3716401e-07
2472 region_rec_diffs(9,136)        0.2771249     -3     3    -5.765129e-07
2473 region_rec_diffs(9,137)        0.027631788     -3     3    -6.3196514e-07
2474 region_rec_diffs(9,138)        0.042125582     -3     3    -5.0169185e-08
2475 region_rec_diffs(9,139)        0.0049846326     -3     3    4.3039488e-08
2476 region_rec_diffs(9,140)        0.0069805946     -3     3    -4.6766565e-07
2477 region_rec_diffs(9,141)        0.0099752558     -3     3    -9.4598228e-08
2478 region_rec_diffs(9,142)        0.0044733752     -3     3    4.24726e-08
2479 region_rec_diffs(9,143)        0.0023359709     -3     3    3.2033431e-08
2480 region_rec_diffs(9,144)        0.14424337     -3     3    4.5981986e-07
2481 region_rec_diffs(9,145)        0.75549543     -3     3    7.9136711e-07
2482 region_rec_diffs(9,146)        0.061935642     -3     3    7.2233904e-08
2483 region_rec_diffs(9,147)        0.10403657     -3     3    2.5753536e-07
2484 region_rec_diffs(9,148)        0.78427557     -3     3    1.1702439e-07
2485 region_rec_diffs(9,149)        -0.025201519     -3     3    3.1411909e-07
2486 region_rec_diffs(9,150)        -0.049512134     -3     3    -1.0526337e-07
2487 region_rec_diffs(9,151)        -0.48604164     -3     3    -6.7004486e-07
2488 region_rec_diffs(9,152)        -0.52858929     -3     3    -6.6451707e-07
2489 region_rec_diffs(9,153)        -0.77081316     -3     3    -5.091854e-07
2490 region_rec_diffs(9,154)        -0.50473969     -3     3    -8.2612823e-07
2491 region_rec_diffs(9,155)        -0.62196765     -3     3    -1.9840161e-07
2492 region_rec_diffs(9,156)        -0.91890636     -3     3    2.5709687e-07
2493 region_rec_diffs(9,157)        -0.52001938     -3     3    2.5984882e-07
2494 region_rec_diffs(9,158)        -0.11803014     -3     3    9.8668265e-08
2495 region_rec_diffs(9,159)        -0.084625178     -3     3    3.0694469e-08
2496 region_rec_diffs(9,160)        0.30619285     -3     3    3.8401512e-07
2497 region_rec_diffs(9,161)        0.54815403     -3     3    2.3149407e-08
2498 region_rec_diffs(9,162)        -0.10331346     -3     3    -2.0820421e-07
2499 region_rec_diffs(9,163)        -0.88190696     -3     3    -4.1658149e-08
2500 region_rec_diffs(9,164)        -1.3978593     -3     3    -3.2048488e-07
2501 region_rec_diffs(9,165)        -0.83841711     -3     3    3.4084153e-07
2502 region_rec_diffs(9,166)        -0.84235801     -3     3    -5.2523901e-07
2503 region_rec_diffs(9,167)        -1.5283103     -3     3    -3.3479635e-07
2504 region_rec_diffs(9,168)        -1.3170405     -3     3    -4.4746119e-07
2505 region_rec_diffs(9,169)        -0.66773271     -3     3    -5.267929e-07
2506 region_rec_diffs(9,170)        -0.070891084     -3     3    -4.1397646e-07
2507 region_rec_diffs(9,171)        2.7939728     -3     3    -1.9906941e-06
2508 region_rec_diffs(9,172)        0.53394908     -3     3    -3.4395539e-07
2509 region_rec_diffs(9,173)        -0.32832994     -3     3    1.2296097e-06
2510 region_rec_diffs(9,174)        -0.20159294     -3     3    7.0106966e-07
2511 region_rec_diffs(9,175)        -0.95371026     -3     3    -1.181103e-07
2512 region_rec_diffs(9,176)        -1.8869903     -3     3    -1.4823809e-06
2513 region_rec_diffs(9,177)        -2.0130681     -3     3    6.2739979e-07
2514 region_rec_diffs(9,178)        -1.1792258     -3     3    -7.0618934e-07
2515 region_rec_diffs(9,179)        1.9948858     -3     3    -1.8397152e-06
2516 region_rec_diffs(9,180)        -1.4256355     -3     3    -3.2704917e-07
2517 region_rec_diffs(9,181)        -1.6813385     -3     3    -4.349012e-07
2518 region_rec_diffs(9,182)        -0.73145224     -3     3    2.004633e-07
2519 region_rec_diffs(9,183)        -0.77502449     -3     3    1.4147604e-06
2520 region_rec_diffs(9,184)        -1.4896637     -3     3    5.5785049e-07
2521 region_rec_diffs(9,185)        -2.0449631     -3     3    -5.95155e-07
2522 region_rec_diffs(9,186)        0.33830241     -3     3    1.9531234e-06
2523 region_rec_diffs(9,187)        1.3911661     -3     3    -4.3442872e-07
2524 region_rec_diffs(9,188)        -2.275482     -3     3    1.3178737e-07
2525 region_rec_diffs(9,189)        -2.0797716     -3     3    1.7596721e-06
2526 region_rec_diffs(9,190)        -1.8230712     -3     3    5.6431279e-07
2527 region_rec_diffs(9,191)        -1.163047     -3     3    -7.3215088e-07
2528 region_rec_diffs(9,192)        -0.78703596     -3     3    -8.2756619e-07
2529 region_rec_diffs(9,193)        -1.317798     -3     3    -7.6270914e-07
2530 region_rec_diffs(9,194)        0.53214875     -3     3    1.71819e-07
2531 region_rec_diffs(9,195)        1.1209158     -3     3    -1.6021924e-08
2532 region_rec_diffs(9,196)        -2.4077587     -3     3    9.4115079e-08
2533 region_rec_diffs(9,197)        -1.8078238     -3     3    3.5973167e-07
2534 region_rec_diffs(9,198)        -1.6640156     -3     3    8.4508326e-08
2535 region_rec_diffs(9,199)        0.98297655     -3     3    -1.7059208e-07
2536 region_rec_diffs(9,200)        0.21188948     -3     3    6.55233e-07
2537 region_rec_diffs(9,201)        -0.46805118     -3     3    1.5592566e-07
2538 region_rec_diffs(9,202)        0.56522739     -3     3    3.1412634e-07
2539 region_rec_diffs(9,203)        1.1051688     -3     3    1.4607552e-07
2540 region_rec_diffs(9,204)        0.74049945     -3     3    3.960652e-07
2541 region_rec_diffs(9,205)        -0.84230391     -3     3    -2.2880856e-07
2542 region_rec_diffs(9,206)        -1.6203216     -3     3    -2.1835882e-07
2543 region_rec_diffs(9,207)        -1.5508894     -3     3    -5.092623e-07
2544 region_rec_diffs(9,208)        -2.2379086     -3     3    -4.352379e-08
2545 region_rec_diffs(9,209)        -1.2789641     -3     3    -3.0967546e-08
2546 region_rec_diffs(9,210)        -1.3560449     -3     3    9.0129131e-07
2547 region_rec_diffs(9,211)        2.131617     -3     3    -8.9398514e-07
2548 region_rec_diffs(9,212)        -0.28559353     -3     3    -2.6841731e-07
2549 region_rec_diffs(9,213)        -0.70493407     -3     3    -4.3764885e-08
2550 region_rec_diffs(9,214)        -0.70332857     -3     3    -9.8949083e-07
2551 region_rec_diffs(9,215)        0.40522165     -3     3    -6.6670407e-07
2552 region_rec_diffs(9,216)        1.1514245     -3     3    -4.636061e-07
2553 region_rec_diffs(9,217)        0.42524091     -3     3    -2.1603715e-07
2554 region_rec_diffs(9,218)        0.15090377     -3     3    -5.5282389e-08
2555 region_rec_diffs(9,219)        0.001585731     -3     3    6.4621393e-07
2556 region_rec_diffs(9,220)        -0.66878752     -3     3    3.1807258e-07
2557 region_rec_diffs(9,221)        -0.71094861     -3     3    2.8646697e-07
2558 region_rec_diffs(9,222)        2.2929189     -3     3    -9.2377009e-07
2559 region_rec_diffs(9,223)        -0.680796     -3     3    -1.0431339e-06
2560 region_rec_diffs(9,224)        -1.8225677     -3     3    -1.0940439e-07
2561 region_rec_diffs(9,225)        -1.3494582     -3     3    -3.4770339e-07
2562 region_rec_diffs(9,226)        -1.0110018     -3     3    -1.0119586e-07
2563 region_rec_diffs(9,227)        0.3233982     -3     3    -3.812942e-07
2564 region_rec_diffs(9,228)        0.70323812     -3     3    -6.3376907e-07
2565 region_rec_diffs(9,229)        -0.15723018     -3     3    -1.4572492e-07
2566 region_rec_diffs(9,230)        1.7824201     -3     3    -5.0479126e-07
2567 region_rec_diffs(9,231)        -0.809408     -3     3    -3.0476543e-08
2568 region_rec_diffs(9,232)        -1.3101733     -3     3    -4.5917092e-07
2569 region_rec_diffs(9,233)        -0.80665207     -3     3    -1.7136019e-09
2570 region_rec_diffs(9,234)        0.025717424     -3     3    -1.1731013e-07
2571 region_rec_diffs(9,235)        0.45459265     -3     3    2.3847755e-08
2572 region_rec_diffs(9,236)        -0.32260984     -3     3    2.5671523e-07
2573 region_rec_diffs(9,237)        0.38062189     -3     3    3.9079549e-07
2574 region_rec_diffs(9,238)        1.3474395     -3     3    3.9677077e-07
2575 region_rec_diffs(9,239)        -0.72297551     -3     3    -1.7144765e-07
2576 region_rec_diffs(9,240)        -1.1246854     -3     3    -5.6639701e-07
2577 region_rec_diffs(9,241)        -1.1423197     -3     3    -6.5493769e-07
2578 region_rec_diffs(9,242)        -1.0342955     -3     3    -5.7437517e-07
2579 region_rec_diffs(9,243)        1.2825519     -3     3    -9.7165903e-07
2580 region_rec_diffs(9,244)        1.5242085     -3     3    -7.6951424e-08
2581 region_rec_diffs(9,245)        -1.1216441     -3     3    -5.9130375e-07
2582 region_rec_diffs(9,246)        -1.385065     -3     3    3.6902248e-08
2583 region_rec_diffs(9,247)        -0.8495193     -3     3    -5.3820788e-07
2584 region_rec_diffs(9,248)        1.3478035     -3     3    -8.5002686e-07
2585 region_rec_diffs(9,249)        -0.91555021     -3     3    2.9300205e-07
2586 region_rec_diffs(9,250)        -1.2178529     -3     3    1.6585634e-07
2587 region_rec_diffs(9,251)        -1.2727107     -3     3    4.3750466e-08
2588 region_rec_diffs(9,252)        -1.1968444     -3     3    -2.7183925e-07
2589 region_rec_diffs(9,253)        -0.74386202     -3     3    -4.0540002e-07
2590 region_rec_diffs(9,254)        0.27558941     -3     3    -2.0351684e-09
2591 region_rec_diffs(9,255)        -0.57994613     -3     3    8.3634682e-07
2592 region_rec_diffs(9,256)        -1.1484273     -3     3    2.3780621e-07
2593 region_rec_diffs(9,257)        -0.68954201     -3     3    3.2306581e-07
2594 region_rec_diffs(9,258)        1.0226039     -3     3    -3.4025016e-09
2595 region_rec_diffs(9,259)        1.1584738     -3     3    3.865866e-07
2596 region_rec_diffs(9,260)        -0.71320721     -3     3    6.9318848e-07
2597 region_rec_diffs(9,261)        -0.71546382     -3     3    -2.3445988e-07
2598 region_rec_diffs(9,262)        -0.37954136     -3     3    -5.8397656e-07
2599 region_rec_diffs(9,263)        0.33959628     -3     3    1.3269337e-07
2600 region_rec_diffs(9,264)        0.48112433     -3     3    9.1166564e-07
2601 region_rec_diffs(9,265)        0.17398279     -3     3    8.467427e-07
2602 region_rec_diffs(9,266)        -0.0056853025     -3     3    7.612005e-07
2603 region_rec_diffs(9,267)        -0.54339745     -3     3    6.900712e-07
2604 region_rec_diffs(9,268)        -0.95225089     -3     3    2.3451752e-07
2605 region_rec_diffs(9,269)        -0.69062196     -3     3    1.4242922e-07
2606 region_rec_diffs(9,270)        0.11546332     -3     3    7.6336261e-08
2607 region_rec_diffs(9,271)        1.2735319     -3     3    9.6491099e-07
2608 region_rec_diffs(9,272)        -0.3896334     -3     3    1.1180188e-06
2609 region_rec_diffs(9,273)        -0.4335085     -3     3    -3.1839433e-07
2610 region_rec_diffs(9,274)        -0.58812671     -3     3    -4.6131683e-08
2611 region_rec_diffs(9,275)        -0.15954876     -3     3    -1.0820807e-07
2612 region_rec_diffs(9,276)        -0.031332405     -3     3    -1.1100876e-08
2613 region_rec_diffs(9,277)        -0.0084739708     -3     3    1.3415868e-08
2614 region_rec_diffs(9,278)        -0.012146093     -3     3    -6.8574696e-09
2615 region_rec_diffs(9,279)        -0.0038483583     -3     3    -1.578864e-08
2616 bs_selcoff_gp:1(1,1,1,1)        -9.6856217     -20     7    -1.0081716e-06
2617 bs_selcoff_gp:1(1,1,1,2)        -4.7503752     -20     7    2.6161974e-06
2618 bs_selcoff_gp:1(1,1,1,3)        -0.0059472875     -20     7    3.9910128e-07
2619 bs_selcoff_gp:1(1,1,1,4)        0.8302476     -20     7    2.7436361e-07
2620 bs_selcoff_gp:1(1,1,1,5)        0.53258669     -20     7    -3.6071847e-07
2621 bs_selcoff_gp:2(2,1,1,1)        -5.7850659     -20     7    5.0458023e-07
2622 bs_selcoff_gp:2(2,1,1,2)        -2.0665499     -20     7    1.7385477e-06
2623 bs_selcoff_gp:2(2,1,1,3)        0.40999777     -20     7    -9.1989562e-08
2624 bs_selcoff_gp:2(2,1,1,4)        0.74330983     -20     7    3.5499452e-07
2625 bs_selcoff_gp:2(2,1,1,5)        0.23159306     -20     7    -4.8915847e-07
2626 bs_selcoff_gp:3(3,1,1,1)        -5.0989401     -20     7    1.7213411e-06
2627 bs_selcoff_gp:3(3,1,1,2)        -4.3707749     -20     7    -4.8137257e-07
2628 bs_selcoff_gp:3(3,1,1,3)        0.23208001     -20     7    1.5332053e-07
2629 bs_selcoff_gp:3(3,1,1,4)        0.90406343     -20     7    -8.2855304e-08
2630 bs_selcoff_gp:3(3,1,1,5)        0.22347709     -20     7    3.2147498e-08
2631 bs_selcoff_gp:4(4,1,1,1)        -14.969158     -20     7    5.2857174e-07
2632 bs_selcoff_gp:4(4,1,1,2)        -3.9707746     -20     7    -2.7073805e-06
2633 bs_selcoff_gp:4(4,1,1,3)        -0.068683572     -20     7    2.1280392e-07
2634 bs_selcoff_gp:4(4,1,1,4)        1.0840571     -20     7    -3.3149421e-07
2635 bs_selcoff_gp:4(4,1,1,5)        0.086973757     -20     7    3.4667183e-07
2636 bs_selcoff_gp:5(5,1,1,1)        -11.492528     -20     7    -1.9978212e-06
2637 bs_selcoff_gp:5(5,1,1,2)        -3.6818255     -20     7    -5.5247939e-06
2638 bs_selcoff_gp:5(5,1,1,3)        0.050875249     -20     7    7.351995e-08
2639 bs_selcoff_gp:5(5,1,1,4)        1.0092476     -20     7    -3.4530663e-07
2640 bs_selcoff_gp:5(5,1,1,5)        0.16473808     -20     7    7.4810521e-07
2641 bs_selcoff_gp:6(6,1,1,1)        -7.1186     -20     7    -1.4286842e-06
2642 bs_selcoff_gp:6(6,1,1,2)        -2.4764678     -20     7    5.5548096e-08
2643 bs_selcoff_gp:6(6,1,1,3)        0.22933686     -20     7    3.6745753e-07
2644 bs_selcoff_gp:6(6,1,1,4)        0.73096887     -20     7    2.9994764e-06
2645 bs_selcoff_gp:6(6,1,1,5)        0.45760999     -20     7    -4.251143e-06
2646 bs_selcoff_gp:7(7,1,1,1)        -4.9664136     -20     7    -1.2768884e-06
2647 bs_selcoff_gp:7(7,1,1,2)        -2.5446649     -20     7    1.0489778e-08
2648 bs_selcoff_gp:7(7,1,1,3)        -0.0092323299     -20     7    -2.2596344e-06
2649 bs_selcoff_gp:7(7,1,1,4)        0.96383776     -20     7    1.2432348e-06
2650 bs_selcoff_gp:7(7,1,1,5)        0.2638888     -20     7    -6.7544481e-07
2651 bs_selcoff_gp:8(8,1,1,1)        -13.06353     -20     7    1.7849991e-06
2652 bs_selcoff_gp:8(8,1,1,2)        -5.5317069     -20     7    -2.1207781e-06
2653 bs_selcoff_gp:8(8,1,1,3)        -1.3961895     -20     7    -1.1652295e-07
2654 bs_selcoff_gp:8(8,1,1,4)        1.1835529     -20     7    -5.4124963e-08
2655 bs_selcoff_gp:8(8,1,1,5)        0.39375883     -20     7    4.0009915e-08
2656 bs_selcoff_gp:9(9,1,1,1)        -14.245088     -20     7    -1.0297667e-06
2657 bs_selcoff_gp:9(9,1,1,2)        -7.2566382     -20     7    -9.8738832e-08
2658 bs_selcoff_gp:9(9,1,1,3)        -2.5785098     -20     7    1.5243854e-06
2659 bs_selcoff_gp:9(9,1,1,4)        0.62236606     -20     7    1.2737217e-07
2660 bs_selcoff_gp:9(9,1,1,5)        1.1184395     -20     7    -7.9689537e-08
2661 bs_selcoff_gp:10(10,1,1,1)        -8.0272271     -20     7    -1.8087911e-07
2662 bs_selcoff_gp:10(10,1,1,2)        -1.5403421     -20     7    3.9001788e-07
2663 bs_selcoff_gp:10(10,1,1,3)        0.15008783     -20     7    2.0844006e-07
2664 bs_selcoff_gp:10(10,1,1,4)        0.7528089     -20     7    1.046337e-07
2665 bs_selcoff_gp:10(10,1,1,5)        0.40578153     -20     7    -2.6305973e-07
2666 bs_selcoff_gp:11(11,1,1,1)        -19.999999     -20     7    7.1742649e-08   *************
2667 bs_selcoff_gp:11(11,1,1,2)        -9.6624441     -20     7    -1.1555166e-06
2668 bs_selcoff_gp:11(11,1,1,3)        -0.56819051     -20     7    1.7827273e-06
2669 bs_selcoff_gp:11(11,1,1,4)        1.2791398     -20     7    -1.7845503e-07
2670 bs_selcoff_gp:11(11,1,1,5)        -0.17442951     -20     7    -3.194239e-07
2671 bs_selcoff_gp:12(12,1,1,1)        -8.1804059     -20     7    1.2214407e-06
2672 bs_selcoff_gp:12(12,1,1,2)        -5.3167996     -20     7    -4.844994e-06
2673 bs_selcoff_gp:12(12,1,1,3)        -0.16486766     -20     7    4.5014155e-07
2674 bs_selcoff_gp:12(12,1,1,4)        1.0538122     -20     7    -3.080335e-07
2675 bs_selcoff_gp:12(12,1,1,5)        0.24548375     -20     7    -1.2221493e-07
2676 bs_selcoff_gp:13(13,1,1,1)        -2.5730596     -20     7    -8.4694363e-07
2677 bs_selcoff_gp:13(13,1,1,2)        1.4906722     -20     7    1.1619062e-07
2678 bs_selcoff_gp:13(13,1,1,3)        -0.76517715     -20     7    -6.8045367e-07
2679 bs_selcoff_gp:13(13,1,1,4)        -3.941598     -20     7    3.4011601e-08
2680 bs_selcoff_gp:13(13,1,1,5)        -20     -20     7    3.0119254e-06   *************
2681 bs_selcoff_gp:14(14,1,1,1)        -1.9333744     -20     7    -4.5170898e-07
2682 bs_selcoff_gp:14(14,1,1,2)        1.4806398     -20     7    6.2921423e-08
2683 bs_selcoff_gp:14(14,1,1,3)        -1.0704535     -20     7    -4.175832e-07
2684 bs_selcoff_gp:14(14,1,1,4)        -2.1578207     -20     7    -4.5326532e-07
2685 bs_selcoff_gp:14(14,1,1,5)        -6.7649542     -20     7    -1.5523124e-06
2686 bs_selcoff_gp:15(15,1,1,1)        -2.7416569     -20     7    9.5924545e-07
2687 bs_selcoff_gp:15(15,1,1,2)        1.4236219     -20     7    5.4383091e-07
2688 bs_selcoff_gp:15(15,1,1,3)        -0.34619072     -20     7    1.5848813e-06
2689 bs_selcoff_gp:15(15,1,1,4)        -2.5539643     -20     7    -3.9852535e-06
2690 bs_selcoff_gp:15(15,1,1,5)        -20     -20     7    2.2423432e-06   *************
2691 bs_selcoff_gp:16(16,1,1,1)        -3.2897485     -20     7    -8.0476094e-07
2692 bs_selcoff_gp:16(16,1,1,2)        1.1175391     -20     7    -1.8012387e-06
2693 bs_selcoff_gp:16(16,1,1,3)        0.35578268     -20     7    2.468882e-06
2694 bs_selcoff_gp:16(16,1,1,4)        -0.75736612     -20     7    3.7332763e-06
2695 bs_selcoff_gp:16(16,1,1,5)        -4.6865391     -20     7    -1.1316649e-06
2696 bs_selcoff_gp:17(17,1,1,1)        -0.75472885     -20     7    -5.4550921e-07
2697 bs_selcoff_gp:17(17,1,1,2)        0.99173836     -20     7    -1.001617e-07
2698 bs_selcoff_gp:17(17,1,1,3)        0.52277192     -20     7    3.1475659e-07
2699 bs_selcoff_gp:17(17,1,1,4)        -1.9590404     -20     7    -8.9901452e-07
2700 bs_selcoff_gp:17(17,1,1,5)        -5.0744313     -20     7    -2.524487e-07
2701 bs_selcoff_gp:18(18,1,1,1)        -3.8161618     -20     7    1.5396708e-06
2702 bs_selcoff_gp:18(18,1,1,2)        1.1681782     -20     7    2.4896384e-07
2703 bs_selcoff_gp:18(18,1,1,3)        -0.42043163     -20     7    1.9502429e-06
2704 bs_selcoff_gp:18(18,1,1,4)        0.084019824     -20     7    -9.2896435e-07
2705 bs_selcoff_gp:18(18,1,1,5)        -4.0486186     -20     7    7.3394008e-07
2706 bs_selcoff_gp:19(19,1,1,1)        0.056191395     -20     7    3.369275e-07
2707 bs_selcoff_gp:19(19,1,1,2)        0.94766184     -20     7    -8.0905372e-07
2708 bs_selcoff_gp:19(19,1,1,3)        -0.088161366     -20     7    1.5628651e-06
2709 bs_selcoff_gp:19(19,1,1,4)        -0.80866102     -20     7    -1.8165828e-06
2710 bs_selcoff_gp:19(19,1,1,5)        -6.5282525     -20     7    -6.2893112e-07
2711 bs_selcoff_gp:20(20,1,1,1)        -2.3729414     -20     7    -8.7295253e-09
2712 bs_selcoff_gp:20(20,1,1,2)        -1.1059156     -20     7    -7.5036628e-08
2713 bs_selcoff_gp:20(20,1,1,3)        -0.73256043     -20     7    2.3954242e-07
2714 bs_selcoff_gp:20(20,1,1,4)        -0.48249694     -20     7    -2.3087738e-06
2715 bs_selcoff_gp:20(20,1,1,5)        1.2464485     -20     7    3.1548246e-07
2716 bs_selcoff_gp:21(21,1,1,1)        -2.4801167     -20     7    -1.5024613e-06
2717 bs_selcoff_gp:21(21,1,1,2)        1.4245784     -20     7    -5.0641474e-07
2718 bs_selcoff_gp:21(21,1,1,3)        -0.35342696     -20     7    2.8506615e-06
2719 bs_selcoff_gp:21(21,1,1,4)        -2.8497157     -20     7    3.1449191e-06
2720 bs_selcoff_gp:21(21,1,1,5)        -10.643602     -20     7    -5.2390918e-07
2721 bs_selcoff_gp:22(22,1,1,1)        -4.5886351     -20     7    -1.8291628e-06
2722 bs_selcoff_gp:22(22,1,1,2)        1.0474924     -20     7    5.867349e-08
2723 bs_selcoff_gp:22(22,1,1,3)        0.57154673     -20     7    -1.0444825e-06
2724 bs_selcoff_gp:22(22,1,1,4)        -1.0006733     -20     7    4.8872777e-06
2725 bs_selcoff_gp:22(22,1,1,5)        -7.2598629     -20     7    -7.0353191e-07
2726 bs_selcoff_gp:23(23,1,1,1)        -5.6885976     -20     7    1.740339e-07
2727 bs_selcoff_gp:23(23,1,1,2)        0.50085     -20     7    1.923053e-06
2728 bs_selcoff_gp:23(23,1,1,3)        1.2064724     -20     7    -1.0525378e-06
2729 bs_selcoff_gp:23(23,1,1,4)        -5.3281173     -20     7    5.144106e-06
2730 bs_selcoff_gp:23(23,1,1,5)        -19.999999     -20     7    -1.3006881e-07   *************
2731 bs_selcoff_gp:24(24,1,1,1)        -11.331216     -20     7    -1.8990304e-06
2732 bs_selcoff_gp:24(24,1,1,2)        -1.7158776     -20     7    5.5926173e-07
2733 bs_selcoff_gp:24(24,1,1,3)        1.4274771     -20     7    2.9158935e-07
2734 bs_selcoff_gp:24(24,1,1,4)        -0.42773778     -20     7    -5.9931682e-07
2735 bs_selcoff_gp:24(24,1,1,5)        -10.421469     -20     7    1.541114e-06
2736 bs_selcoff_gp:25(25,1,1,1)        -2.3896968     -20     7    6.7685999e-07
2737 bs_selcoff_gp:25(25,1,1,2)        1.0636831     -20     7    4.78553e-07
2738 bs_selcoff_gp:25(25,1,1,3)        0.69807428     -20     7    -9.6778894e-07
2739 bs_selcoff_gp:25(25,1,1,4)        -6.5408902     -20     7    -3.6435603e-06
2740 bs_selcoff_gp:25(25,1,1,5)        -19.99274     -20     7    2.8752721e-07   *************
2741 bs_selcoff_gp:26(26,1,1,1)        -1.362628     -20     7    -9.7821993e-07
2742 bs_selcoff_gp:26(26,1,1,2)        1.3206906     -20     7    2.9925765e-07
2743 bs_selcoff_gp:26(26,1,1,3)        -0.30289108     -20     7    -2.4626397e-06
2744 bs_selcoff_gp:26(26,1,1,4)        -1.3535347     -20     7    2.7115232e-08
2745 bs_selcoff_gp:26(26,1,1,5)        -6.9078062     -20     7    5.5670301e-08
2746 bs_selcoff_gp:27(27,1,1,1)        -2.5270917     -20     7    -2.2343302e-06
2747 bs_selcoff_gp:27(27,1,1,2)        1.2613173     -20     7    -1.80962e-06
2748 bs_selcoff_gp:27(27,1,1,3)        0.28260166     -20     7    3.5810784e-06
2749 bs_selcoff_gp:27(27,1,1,4)        -2.7701058     -20     7    1.1810991e-06
2750 bs_selcoff_gp:27(27,1,1,5)        -7.1205267     -20     7    -7.1889913e-07
2751 bs_selcoff_gp:28(28,1,1,1)        -4.6546957     -20     7    1.2786558e-06
2752 bs_selcoff_gp:28(28,1,1,2)        1.5566165     -20     7    1.5549503e-07
2753 bs_selcoff_gp:28(28,1,1,3)        -3.1262998     -20     7    -4.5014557e-07
2754 bs_selcoff_gp:28(28,1,1,4)        -1.586294     -20     7    5.3820869e-07
2755 bs_selcoff_gp:28(28,1,1,5)        -19.999999     -20     7    1.7678473e-06   *************
2756 bs_selcoff_gp:29(29,1,1,1)        -19.999999     -20     7    2.3716667e-06   *************
2757 bs_selcoff_gp:29(29,1,1,2)        -7.5640742     -20     7    -7.7717872e-08
2758 bs_selcoff_gp:29(29,1,1,3)        -0.49473612     -20     7    7.3115416e-07
2759 bs_selcoff_gp:29(29,1,1,4)        1.0356831     -20     7    2.6965267e-07
2760 bs_selcoff_gp:29(29,1,1,5)        0.45287197     -20     7    -9.6335758e-07
2761 recr(2)        0.85333485     -20     20    4.5858674e-07
2762 recr(3)        0.92355706     -20     20    4.0825891e-07
2763 recr(4)        0.84695735     -20     20    -1.1644248e-07
2764 recr(5)        0.81718411     -20     20    -5.2772719e-07
2765 recr(6)        -1.8885349     -20     20    1.1270696e-06
2766 recr(7)        2.1575261     -20     20    -8.0633442e-08
2767 recr(8)        -1.430774     -20     20    4.7271727e-07
2768 recr(9)        -0.79215365     -20     20    -2.8104347e-07
2769 recr(10)        -0.94621734     -20     20    -8.6382405e-07
2770 recr(11)        2.4516081     -20     20    -3.8050085e-07
2771 recr(12)        -1.6083546     -20     20    -1.8321199e-06
2772 recr(13)        0.61347934     -20     20    2.3490231e-06
2773 recr(14)        2.0206108     -20     20    -7.9692127e-07
2774 recr(15)        -1.3225721     -20     20    9.2199148e-07
2775 recr(16)        -2.015208     -20     20    -2.178854e-06
2776 recr(17)        0.06548033     -20     20    3.7735853e-07
2777 recr(18)        1.7811818     -20     20    -5.4756221e-07
2778 recr(19)        -2.2435895     -20     20    -1.6242799e-07
2779 recr(20)        -1.3335623     -20     20    -1.5404123e-06
2780 recr(21)        0.59516131     -20     20    3.3360941e-06
2781 recr(22)        1.2088599     -20     20    -8.0943973e-07
2782 recr(23)        -2.4875864     -20     20    2.7684291e-07
2783 recr(24)        0.25619524     -20     20    1.8533573e-06
2784 recr(25)        -1.0853373     -20     20    -2.7517431e-06
2785 recr(26)        1.7757759     -20     20    -3.2461656e-07
2786 recr(27)        -2.3948723     -20     20    -1.1844256e-06
2787 recr(28)        1.7015352     -20     20    -5.1313343e-07
2788 recr(29)        0.88931219     -20     20    7.450554e-08
2789 recr(30)        -1.0911073     -20     20    -1.739788e-06
2790 recr(31)        -2.8790301     -20     20    -5.4184506e-07
2791 recr(32)        -1.5799985     -20     20    -4.1187831e-07
2792 recr(33)        0.23208371     -20     20    -4.3558105e-07
2793 recr(34)        1.5052424     -20     20    2.2513119e-07
2794 recr(35)        -2.7956613     -20     20    2.1988165e-07
2795 recr(36)        -0.11043138     -20     20    -4.9703841e-07
2796 recr(37)        1.4541054     -20     20    -3.4350875e-07
2797 recr(38)        -0.79761937     -20     20    1.4087202e-06
2798 recr(39)        -3.1542584     -20     20    1.8170235e-07
2799 recr(40)        -1.7934529     -20     20    4.8916775e-07
2800 recr(41)        1.2268253     -20     20    -2.7622675e-07
2801 recr(42)        0.73522848     -20     20    -1.2441745e-07
2802 recr(43)        -2.8067573     -20     20    8.8483247e-07
2803 recr(44)        0.2630736     -20     20    -8.1446744e-07
2804 recr(45)        1.3011067     -20     20    -2.5543878e-07
2805 recr(46)        -2.0866442     -20     20    1.3212991e-06
2806 recr(47)        -2.3544939     -20     20    -3.0231326e-07
2807 recr(48)        0.16691217     -20     20    -1.4747789e-06
2808 recr(49)        1.5507033     -20     20    -3.6235011e-07
2809 recr(50)        -3.1099273     -20     20    -1.1319221e-06
2810 recr(51)        -0.69545497     -20     20    6.3117873e-07
2811 recr(52)        -1.7318067     -20     20    7.2526125e-07
2812 recr(53)        1.4597372     -20     20    -2.8109953e-08
2813 recr(54)        -1.4433167     -20     20    1.1580155e-06
2814 recr(55)        -1.5695366     -20     20    -7.9826542e-08
2815 recr(56)        -0.28407605     -20     20    1.0620677e-06
2816 recr(57)        0.30537154     -20     20    -6.5124243e-08
2817 recr(58)        1.0632226     -20     20    -5.7530211e-07
2818 recr(59)        -1.53451     -20     20    -4.8055795e-09
2819 recr(60)        0.94562623     -20     20    -1.3297733e-06
2820 recr(61)        1.3151276     -20     20    1.5713476e-06
2821 recr(62)        -2.5558246     -20     20    -2.5609366e-07
2822 recr(63)        -1.9961504     -20     20    1.4877133e-06
2823 recr(64)        -1.3557762     -20     20    -1.8271892e-06
2824 recr(65)        1.2639064     -20     20    3.0959078e-07
2825 recr(66)        -2.7427772     -20     20    -9.8261998e-08
2826 recr(67)        -1.7941179     -20     20    1.3682252e-06
2827 recr(68)        -0.26874609     -20     20    -4.127616e-06
2828 recr(69)        1.1749407     -20     20    2.0464721e-06
2829 recr(70)        0.21802628     -20     20    -2.1110806e-06
2830 recr(71)        -1.3938957     -20     20    6.2494699e-07
2831 recr(72)        0.52084158     -20     20    -7.0993966e-07
2832 recr(73)        1.3013055     -20     20    -5.8992059e-07
2833 recr(74)        -0.18238521     -20     20    5.4444589e-06
2834 recr(75)        -3.2254059     -20     20    5.5798861e-07
2835 recr(76)        -1.5095733     -20     20    1.453754e-06
2836 recr(77)        0.35866917     -20     20    1.3304966e-07
2837 recr(78)        -1.1278095     -20     20    -1.2538073e-07
2838 recr(79)        -2.3237623     -20     20    -4.847222e-07
2839 recr(80)        1.1822273     -20     20    6.2930294e-08
2840 recr(81)        0.03398294     -20     20    -5.5202301e-07
2841 recr(82)        -0.41548709     -20     20    -5.7221935e-07
2842 recr(83)        0.089103605     -20     20    -1.167203e-06
2843 recr(84)        0.64695717     -20     20    2.201032e-06
2844 recr(85)        0.83726892     -20     20    -4.2998282e-07
2845 recr(86)        -2.5475763     -20     20    -2.5507674e-07
2846 recr(87)        0.65529058     -20     20    -5.1274701e-08
2847 recr(88)        0.91847266     -20     20    -1.4885238e-06
2848 recr(89)        0.25494658     -20     20    3.0090571e-06
2849 recr(90)        -2.7207475     -20     20    -4.9537067e-07
2850 recr(91)        -0.58464954     -20     20    6.4537283e-07
2851 recr(92)        -0.05049024     -20     20    6.0530549e-07
2852 recr(93)        0.68345421     -20     20    -8.1435308e-07
2853 recr(94)        1.7600428     -20     20    -4.5077369e-07
2854 recr(95)        0.42286438     -20     20    1.6994836e-06
2855 recr(96)        -1.3821254     -20     20    5.4324548e-07
2856 recr(97)        -0.013269471     -20     20    -1.5551132e-06
2857 recr(98)        -1.5326242     -20     20    1.7082509e-06
2858 recr(99)        -0.53395952     -20     20    -2.340132e-06
2859 recr(100)        1.1095236     -20     20    1.9071124e-07
2860 recr(101)        0.49439285     -20     20    1.0871772e-06
2861 recr(102)        -3.2551838     -20     20    1.8757392e-06
2862 recr(103)        -1.2677436     -20     20    -9.0736904e-07
2863 recr(104)        1.7643798     -20     20    -7.7174615e-08
2864 recr(105)        -2.1366804     -20     20    -1.1794555e-07
2865 recr(106)        -3.9691383     -20     20    7.6517665e-07
2866 recr(107)        -2.4518422     -20     20    1.1310916e-07
2867 recr(108)        0.25011806     -20     20    -2.2380804e-06
2868 recr(109)        0.41750216     -20     20    2.420383e-06
2869 recr(110)        -2.7042215     -20     20    1.1801893e-08
2870 recr(111)        -0.76011715     -20     20    2.3909324e-06
2871 recr(112)        0.46030792     -20     20    -2.8976997e-07
2872 recr(113)        1.1062825     -20     20    -3.3958784e-07
2873 recr(114)        -0.71745432     -20     20    2.5379123e-07
2874 recr(115)        -1.0318853     -20     20    4.3204939e-08
2875 recr(116)        0.66186949     -20     20    1.0606707e-06
2876 recr(117)        0.80539713     -20     20    3.8902001e-07
2877 recr(118)        -1.9720116     -20     20    -2.4339129e-07
2878 recr(119)        0.061197115     -20     20    9.1895438e-07
2879 recr(120)        0.85784428     -20     20    -1.1099114e-06
2880 recr(121)        1.038751     -20     20    3.9109749e-07
2881 recr(122)        0.46279436     -20     20    1.7419873e-06
2882 recr(123)        -1.4510496     -20     20    -7.6034761e-07
2883 recr(124)        0.93434407     -20     20    -5.6217463e-07
2884 recr(125)        -0.71317203     -20     20    1.9173303e-06
2885 recr(126)        0.84154919     -20     20    5.8422032e-08
2886 recr(127)        -0.54775909     -20     20    3.1849925e-06
2887 recr(128)        0.65744964     -20     20    -1.05578e-06
2888 recr(129)        0.1450688     -20     20    8.4554006e-07
2889 recr(130)        -0.58658365     -20     20    -1.3981679e-06
2890 recr(131)        -0.65331604     -20     20    -1.4433014e-07
2891 recr(132)        0.99780226     -20     20    4.4736155e-07
2892 recr(133)        0.99527622     -20     20    1.0239331e-07
2893 recr(134)        -0.90826199     -20     20    5.3448895e-07
2894 recr(135)        0.46251662     -20     20    -1.2475783e-06
2895 recr(136)        1.0438452     -20     20    2.0718451e-07
2896 recr(137)        -1.2399088     -20     20    -9.8758125e-07
2897 recr(138)        -0.53359875     -20     20    -2.5835244e-07
2898 recr(139)        -1.4767568     -20     20    5.8005505e-07
2899 recr(140)        1.1782104     -20     20    4.4950977e-07
2900 recr(141)        0.35976513     -20     20    1.2778635e-07
2901 recr(142)        -1.5403502     -20     20    -5.3000367e-07
2902 recr(143)        -0.92224412     -20     20    2.4949344e-06
2903 recr(144)        1.389076     -20     20    -1.697308e-07
2904 recr(145)        1.5392176     -20     20    -9.7964946e-08
2905 recr(146)        -0.78128365     -20     20    7.1844894e-07
2906 recr(147)        -0.55984911     -20     20    -2.2086278e-07
2907 recr(148)        1.2277384     -20     20    -1.4724067e-07
2908 recr(149)        -0.45837166     -20     20    2.1020211e-06
2909 recr(150)        -1.3728737     -20     20    1.1758854e-07
2910 recr(151)        0.77131463     -20     20    -3.2129708e-08
2911 recr(152)        0.545949     -20     20    -9.0631709e-08
2912 recr(153)        0.89989073     -20     20    2.3059433e-08
2913 recr(154)        -0.044731475     -20     20    -3.7695719e-07
2914 recr(155)        0.20426488     -20     20    5.1799613e-07
2915 recr(156)        0.95627543     -20     20    -5.139707e-07
2916 recr(157)        0.18650384     -20     20    1.6661857e-06
2917 recr(158)        -1.3680036     -20     20    -3.5336272e-07
2918 recr(159)        -0.82140353     -20     20    1.2672896e-06
2919 recr(160)        1.2187453     -20     20    5.4041514e-07
2920 recr(161)        0.7600354     -20     20    -1.772141e-06
2921 recr(162)        -0.60019551     -20     20    2.9524102e-06
2922 recr(163)        0.73147154     -20     20    1.1497907e-06
2923 recr(164)        0.99647509     -20     20    -2.0229063e-08
2924 recr(165)        -0.51266629     -20     20    2.0877505e-07
2925 recr(166)        -0.81274548     -20     20    -5.7945527e-07
2926 recr(167)        0.50057383     -20     20    1.3750414e-06
2927 recr(168)        0.58857885     -20     20    2.0418995e-07
2928 recr(169)        0.34959628     -20     20    1.0922099e-06
2929 recr(170)        -0.0057757074     -20     20    2.5505136e-06
2930 recr(171)        0.74699834     -20     20    1.7866821e-06
2931 recr(172)        0.72125846     -20     20    2.5600517e-06
2932 recr(173)        1.5103698     -20     20    3.4107805e-06
2933 recr(174)        -2.0968778     -20     20    1.7481189e-06
2934 recr(175)        -0.84421682     -20     20    3.1387326e-06
2935 recr(176)        0.47792079     -20     20    1.7504111e-06
2936 recr(177)        0.9969895     -20     20    1.8760159e-07
2937 recr(178)        0.87200469     -20     20    -5.9587416e-09
2938 recr(179)        0.15257184     -20     20    1.2420742e-06
2939 recr(180)        0.6716775     -20     20    2.6029606e-07
2940 recr(181)        0.52227915     -20     20    -3.5863134e-07
2941 recr(182)        -0.69274258     -20     20    8.4788759e-07
2942 recr(183)        -0.2285686     -20     20    9.6888091e-07
2943 recr(184)        0.43374459     -20     20    -5.4388711e-07
2944 recr(185)        1.0594652     -20     20    6.2267918e-08
2945 recr(186)        0.83553758     -20     20    5.8229625e-07
2946 recr(187)        0.6178929     -20     20    -4.0730297e-07
2947 recr(188)        0.24501554     -20     20    5.9235866e-08
2948 recr(189)        -0.356844     -20     20    4.2272274e-07
2949 recr(190)        -0.043795172     -20     20    9.9123258e-08
2950 recr(191)        0.57086571     -20     20    8.7365452e-08
2951 recr(192)        0.72723472     -20     20    5.3275325e-07
2952 recr(193)        1.0599061     -20     20    -3.029249e-07
2953 recr(194)        0.75241504     -20     20    8.6898523e-07
2954 recr(195)        0.63503602     -20     20    -5.1583887e-07
2955 recr(196)        1.2189463     -20     20    1.7476095e-07
2956 recr(197)        -0.13507594     -20     20    -4.7750605e-07
2957 recr(198)        0.083020158     -20     20    4.2178744e-07
2958 recr(199)        0.53764696     -20     20    -3.36073e-07
2959 recr(200)        0.97346055     -20     20    9.522993e-07
2960 recr(201)        0.44382657     -20     20    4.7160545e-07
2961 recr(202)        0.33139065     -20     20    -9.4531279e-07
2962 recr(203)        1.0335766     -20     20    -4.0406595e-07
2963 recr(204)        0.84512921     -20     20    -3.1474099e-07
2964 recr(205)        -1.0059285     -20     20    -2.1795075e-06
2965 recr(206)        -0.29423582     -20     20    1.0027183e-06
2966 recr(207)        -0.3739336     -20     20    -1.1671144e-06
2967 recr(208)        1.2728247     -20     20    2.1428555e-07
2968 recr(209)        0.69969621     -20     20    -2.4629106e-07
2969 recr(210)        1.2529572     -20     20    -8.081067e-07
2970 recr(211)        0.9784469     -20     20    1.5595547e-07
2971 recr(212)        0.55237562     -20     20    5.8896197e-07
2972 recr(213)        -0.48476693     -20     20    1.0218182e-06
2973 recr(214)        0.035086213     -20     20    -1.6705884e-07
2974 recr(215)        -0.025917131     -20     20    -3.2994013e-07
2975 recr(216)        0.99805712     -20     20    -3.7469524e-07
2976 recr(217)        0.66173016     -20     20    -6.1085474e-07
2977 recr(218)        0.6696206     -20     20    -6.4545357e-07
2978 recr(219)        0.16657809     -20     20    -1.0828119e-07
2979 recr(220)        0.48131096     -20     20    -7.1629761e-07
2980 recr(221)        0.2176936     -20     20    -2.7762867e-07
2981 recr(222)        0.55520343     -20     20    -7.042002e-07
2982 recr(223)        0.64522435     -20     20    -1.6363237e-06
2983 recr(224)        0.77127619     -20     20    -7.355048e-07
2984 recr(225)        -0.10436752     -20     20    -1.7837587e-06
2985 recr(226)        0.14786463     -20     20    -4.101427e-07
2986 recr(227)        0.39847346     -20     20    -2.2024921e-06
2987 recr(228)        0.87079291     -20     20    -1.7813472e-06
2988 recr(229)        0.89503651     -20     20    -9.5978861e-07
2989 recr(230)        0.63712521     -20     20    -8.2370712e-07
2990 recr(231)        0.37767897     -20     20    -7.0117631e-07
2991 recr(232)        0.52278338     -20     20    -2.3009239e-07
2992 recr(233)        0.026118108     -20     20    -8.6854539e-08
2993 recr(234)        0.17270608     -20     20    -1.635486e-06
2994 recr(235)        0.47746284     -20     20    2.2521769e-07
2995 recr(236)        0.45149461     -20     20    -3.233903e-07
2996 recr(237)        0.07135056     -20     20    1.7084059e-07
2997 recr(238)        0.051683047     -20     20    1.2891224e-08
2998 recr(239)        0.54967895     -20     20    6.3041105e-08
2999 recr(240)        0.83357331     -20     20    -4.1317094e-08
3000 recr(241)        0.85479629     -20     20    1.9808416e-08
3001 recr(242)        0.89999826     -20     20    -1.6908488e-07
3002 recr(243)        0.62202114     -20     20    -3.9362225e-07
3003 recr(244)        0.71040733     -20     20    6.0475333e-07
3004 recr(245)        0.39461382     -20     20    -1.8513309e-07
3005 recr(246)        0.60180833     -20     20    -2.4813448e-07
3006 recr(247)        0.8230607     -20     20    -5.3676562e-08
3007 recr(248)        0.83636904     -20     20    5.3233713e-07
3008 recr(249)        0.096285523     -20     20    4.8223959e-07
3009 recr(250)        0.051932745     -20     20    -3.286188e-08
3010 recr(251)        0.18557208     -20     20    -2.7302807e-07
3011 recr(252)        0.3659382     -20     20    -1.0564509e-06
3012 recr(253)        0.64503476     -20     20    7.4342266e-07
3013 recr(254)        0.2966441     -20     20    4.7561335e-08
3014 recr(255)        0.58909671     -20     20    -4.572216e-08
3015 recr(256)        0.77829423     -20     20    5.545049e-08
3016 recr(257)        0.62802903     -20     20    -1.4581447e-08
3017 recr(258)        0.2984785     -20     20    2.3867583e-07
3018 recr(259)        0.62107395     -20     20    -4.3243747e-07
3019 recr(260)        0.75086905     -20     20    -8.0693156e-08
3020 recr(261)        0.11203703     -20     20    4.9516352e-07
3021 recr(262)        0.4620623     -20     20    6.8639986e-09
3022 recr(263)        0.71634331     -20     20    -3.0698903e-07
3023 recr(264)        0.49701045     -20     20    -6.2183399e-07
3024 recr(265)        0.30536557     -20     20    -4.3866942e-07
3025 recr(266)        0.046887862     -20     20    -1.2663227e-06
3026 recr(267)        0.2620623     -20     20    -1.7616323e-06
3027 recr(268)        0.6895688     -20     20    -2.1966099e-06
3028 recr(269)        0.41090954     -20     20    -3.1602944e-06
3029 recr(270)        -0.34273666     -20     20    -4.1311448e-06
3030 recr(271)        0.20081167     -20     20    -4.7731496e-06
3031 recr(272)        0.023980945     -20     20    -7.6941447e-06
3032 recr(273)        0.20449158     -20     20    -5.4560056e-07
3033 recr(274)        1.5543484     -20     20    5.2250447e-08
3034 totpop        16.660745     8     25    -1.6959091e-06
3035 tag_fish_rep(1)        0.13150337     0.001     0.99    -8.9312292e-07
3036 tag_fish_rep(3)        0.99     0.001     0.99    -2.7421824e-10   *************
3037 tag_fish_rep(4)        0.54534772     0.001     0.99    -7.8744432e-08
3038 tag_fish_rep(5)        0.64920619     0.001     0.99    6.3594245e-07
3039 tag_fish_rep(6)        0.4280063     0.001     0.99    1.3253495e-06
3040 tag_fish_rep(11)        0.62005229     0.001     0.99    2.4181366e-06
3041 tag_fish_rep(12)        0.59892282     0.001     0.99    2.4347316e-07
3042 tag_fish_rep(13)        0.52219794     0.001     0.99    1.7072946e-06
3043 tag_fish_rep(17)        0.75032638     0.001     0.99    8.2331711e-07
3044 tag_fish_rep(18)        0.68338859     0.001     0.99    1.857979e-07
3045 tag_fish_rep(19)        0.98999999     0.001     0.99    1.6599207e-12   *************
3046 tag_fish_rep(24)        0.82161578     0.001     0.99    1.283697e-06
3047 tag_fish_rep(25)        0.25914819     0.001     0.99    5.2859076e-07
3048 tag_fish_rep(28)        0.34413842     0.001     0.99    -8.415664e-07
3049 tag_fish_rep(32)        0.13137615     0.001     0.99    3.7805615e-07
3050 tag_fish_rep(34)        0.91831517     0.001     0.99    -1.5070698e-06
3051 tag_fish_rep(35)        0.98999997     0.001     0.99    -5.9073306e-10   *************
3052 region_pars(1)        0.20318972     1e-06     1.5    -6.903643e-07
3053 region_pars(1)        0.081424698     1e-06     1.5    3.0250583e-07
3054 region_pars(1)        0.096809783     1e-06     1.5    -8.6594673e-07
3055 region_pars(1)        0.080346082     1e-06     1.5    2.2701736e-06
3056 region_pars(1)        0.018078466     1e-06     1.5    -5.3935178e-06
3057 region_pars(1)        0.11009112     1e-06     1.5    3.4733877e-06
3058 region_pars(1)        0.34947148     1e-06     1.5    -1.2555632e-06
3059 region_pars(1)        0.058722229     1e-06     1.5    6.6985193e-07
3060 region_pars(1)        0.0018661622     1e-06     1.5    -7.1668993e-07
3061 sv(21)        0.048209445     1e-06     1000    -5.5381966e-09
3062 vb_coff(1)        23.331566     10     60    -2.3042017e-06
3063 vb_coff(2)        148.74692     130     200    -2.2187606e-06
3064 vb_coff(3)        0.11278025     0.01     0.3    -2.8036404e-06
3065 var_coff(1)        5.79249     1     10    -4.1495866e-09
3066 var_coff(2)        0.42904257     0.1     3    2.1762775e-08
