 Index  Var_name   Estimate L_bound  U_bound gradient
1 diff_coffs(1,1)        0.039395114     0     4    -7.0889553e-06
2 diff_coffs(1,2)        4.4525739e-10     0     4    7.6914124e-08   *************
3 diff_coffs(1,3)        1.4275217e-09     0     4    -3.7348658e-08   *************
4 diff_coffs(1,4)        8.0353302e-10     0     4    3.8777937e-08   *************
5 diff_coffs(1,5)        0.0038724489     0     4    2.5139442e-07
6 diff_coffs(1,6)        0.0032361364     0     4    5.3025058e-06
7 diff_coffs(1,7)        0.041521605     0     4    -1.9041918e-06
8 diff_coffs(1,8)        0.0014240228     0     4    -5.3738172e-06
9 diff_coffs(1,9)        0.017430268     0     4    3.1727539e-06
10 diff_coffs(1,10)        0.11318394     0     4    -8.7246631e-06
11 diff_coffs(1,11)        2.4575912e-09     0     4    2.6984525e-08   *************
12 diff_coffs(1,12)        0.087997442     0     4    8.863397e-07
13 diff_coffs(1,13)        7.0104078e-10     0     4    -5.304576e-08   *************
14 diff_coffs(1,14)        1.3027627e-08     0     4    -2.0205471e-08   *************
15 diff_coffs(1,15)        3.904379e-09     0     4    3.7288038e-08   *************
16 diff_coffs(1,16)        0.048277577     0     4    -3.3761094e-07
17 diff_coffs(1,17)        8.2442275e-11     0     4    -5.6263644e-08   *************
18 diff_coffs(1,18)        0.057192957     0     4    7.1691299e-06
19 diff_coffs(1,19)        0.0010584083     0     4    -4.3193057e-06
20 diff_coffs(1,20)        5.1870419e-10     0     4    1.1654061e-08   *************
21 diff_coffs(1,21)        2.0659507e-09     0     4    -1.6425643e-08   *************
22 diff_coffs(1,22)        0.0051059957     0     4    -4.6175062e-06
23 diff_coffs(1,23)        0.65725128     0     4    4.5422846e-06
24 diff_coffs(1,24)        1.0850361e-09     0     4    -4.8475835e-08   *************
25 diff_coffs(1,25)        0.0036553656     0     4    -5.8945784e-06
26 diff_coffs(1,26)        0.086233688     0     4    -6.0626554e-06
27 diff_coffs(2,1)        0.18911299     0     4    -9.4481044e-08
28 diff_coffs(2,2)        1.3133774e-09     0     4    5.950558e-08   *************
29 diff_coffs(2,3)        0.14439582     0     4    -2.3464622e-06
30 diff_coffs(2,4)        8.4533758e-10     0     4    -1.5694572e-08   *************
31 diff_coffs(2,5)        0.0041637938     0     4    5.7073668e-06
32 diff_coffs(2,6)        7.7176598e-10     0     4    3.0021492e-08   *************
33 diff_coffs(2,7)        0.26463083     0     4    -4.2306761e-06
34 diff_coffs(2,8)        1.9290147e-10     0     4    -1.1821792e-08   *************
35 diff_coffs(2,9)        0.0063392352     0     4    1.8295678e-06
36 diff_coffs(2,10)        0.019381516     0     4    -9.7974891e-06
37 diff_coffs(2,11)        1.9733464e-09     0     4    -1.3656443e-08   *************
38 diff_coffs(2,12)        7.9028384e-10     0     4    3.9303391e-08   *************
39 diff_coffs(2,13)        2.2099818e-09     0     4    -2.2669401e-08   *************
40 diff_coffs(2,14)        1.5333554e-08     0     4    7.2183021e-08   *************
41 diff_coffs(2,15)        2.8703822e-09     0     4    -2.615306e-08   *************
42 diff_coffs(2,16)        4.0244144e-09     0     4    4.767095e-08   *************
43 diff_coffs(2,17)        6.3506533e-11     0     4    2.7247218e-08   *************
44 diff_coffs(2,18)        2.1485502e-08     0     4    -4.1485701e-08   *************
45 diff_coffs(2,19)        0.04320308     0     4    -6.5284188e-06
46 diff_coffs(2,20)        4.5833737e-10     0     4    6.2235863e-08   *************
47 diff_coffs(2,21)        0.15129311     0     4    -7.2978897e-06
48 diff_coffs(2,22)        2.5862557e-10     0     4    6.0896751e-08   *************
49 diff_coffs(2,23)        0.22199138     0     4    3.4764858e-06
50 diff_coffs(2,24)        7.300478e-10     0     4    -4.9526877e-08   *************
51 diff_coffs(2,25)        2.352823e-08     0     4    -6.3776867e-08   *************
52 diff_coffs(2,26)        3.3478162e-09     0     4    3.6172079e-09   *************
53 diff_coffs(3,1)        0.0086050342     0     4    2.1699385e-07
54 diff_coffs(3,2)        6.0152616e-10     0     4    -3.2719422e-08   *************
55 diff_coffs(3,3)        4.6997783e-09     0     4    -7.4246074e-09   *************
56 diff_coffs(3,4)        0.056986814     0     4    4.7844476e-06
57 diff_coffs(3,5)        1.2033174e-09     0     4    2.1678193e-09   *************
58 diff_coffs(3,6)        9.779737e-10     0     4    6.3172875e-08   *************
59 diff_coffs(3,7)        1.5381886e-08     0     4    1.5703828e-07   *************
60 diff_coffs(3,8)        1.7584867e-10     0     4    -1.1441488e-07   *************
61 diff_coffs(3,9)        0.12419037     0     4    1.1549639e-05
62 diff_coffs(3,10)        0.019797717     0     4    -6.538884e-06
63 diff_coffs(3,11)        1.2771404e-09     0     4    6.2554648e-08   *************
64 diff_coffs(3,12)        0.0058360202     0     4    -1.7710708e-07
65 diff_coffs(3,13)        2.6532503e-09     0     4    2.1446907e-08   *************
66 diff_coffs(3,14)        2.6740201e-09     0     4    -1.1422094e-09   *************
67 diff_coffs(3,15)        1.7394215e-08     0     4    4.8060302e-08   *************
68 diff_coffs(3,16)        0.017447703     0     4    5.1757089e-06
69 diff_coffs(3,17)        5.3119065e-11     0     4    -1.3461504e-07   *************
70 diff_coffs(3,18)        6.9781865e-09     0     4    1.042448e-08   *************
71 diff_coffs(3,19)        1.4596699e-09     0     4    -6.3648832e-08   *************
72 diff_coffs(3,20)        4.5342685e-10     0     4    7.398162e-08   *************
73 diff_coffs(3,21)        0.044766129     0     4    -8.4960683e-06
74 diff_coffs(3,22)        3.4002667e-10     0     4    6.971483e-08   *************
75 diff_coffs(3,23)        0.15121693     0     4    8.1540386e-07
76 diff_coffs(3,24)        7.4336848e-10     0     4    -2.7390263e-08   *************
77 diff_coffs(3,25)        0.026153968     0     4    8.1512844e-06
78 diff_coffs(3,26)        1.6204958e-08     0     4    8.3125506e-09   *************
79 diff_coffs(4,1)        2.7288356e-09     0     4    -6.9509432e-09   *************
80 diff_coffs(4,2)        4.1536086e-10     0     4    -4.20524e-08   *************
81 diff_coffs(4,3)        1.233835e-09     0     4    3.521665e-08   *************
82 diff_coffs(4,4)        0.020720285     0     4    1.6508747e-06
83 diff_coffs(4,5)        7.3404682e-10     0     4    -3.4149108e-08   *************
84 diff_coffs(4,6)        1.5031123e-09     0     4    -7.3267081e-08   *************
85 diff_coffs(4,7)        0.11986749     0     4    1.7245247e-06
86 diff_coffs(4,8)        2.5989411e-10     0     4    5.0773282e-08   *************
87 diff_coffs(4,9)        0.0063349615     0     4    -2.027115e-06
88 diff_coffs(4,10)        0.013563609     0     4    -1.3423641e-05
89 diff_coffs(4,11)        0.013940555     0     4    9.930568e-07
90 diff_coffs(4,12)        0.015865291     0     4    -8.6642286e-06
91 diff_coffs(4,13)        2.8354947e-09     0     4    -3.1186377e-09   *************
92 diff_coffs(4,14)        0.016669637     0     4    9.6890662e-07
93 diff_coffs(4,15)        0.033096784     0     4    3.9224864e-07
94 diff_coffs(4,16)        0.0036872267     0     4    9.3105763e-06
95 diff_coffs(4,17)        5.3201665e-11     0     4    -1.8510777e-07   *************
96 diff_coffs(4,18)        0.045363246     0     4    -4.9931531e-06
97 diff_coffs(4,19)        1.3597876e-09     0     4    2.337182e-08   *************
98 diff_coffs(4,20)        6.6054007e-10     0     4    3.8675177e-08   *************
99 diff_coffs(4,21)        0.066181775     0     4    -1.730864e-06
100 diff_coffs(4,22)        4.7374682e-10     0     4    -1.033925e-08   *************
101 diff_coffs(4,23)        9.3922807e-09     0     4    1.238602e-08   *************
102 diff_coffs(4,24)        8.5319507e-10     0     4    -1.7348348e-08   *************
103 diff_coffs(4,25)        0.11468764     0     4    4.3713387e-06
104 diff_coffs(4,26)        0.023687682     0     4    -1.962742e-06
105 region_rec_diffs(1,1)        -2.2185365e-11     -3     3    -1.1299497e-11
106 region_rec_diffs(1,2)        0.26282133     -3     3    -6.5832432e-06
107 region_rec_diffs(1,3)        0.03938262     -3     3    -6.710534e-06
108 region_rec_diffs(1,4)        0.26599755     -3     3    -1.0461986e-05
109 region_rec_diffs(1,5)        0.35677052     -3     3    -1.4309922e-05
110 region_rec_diffs(1,6)        0.24147684     -3     3    -4.8705924e-07
111 region_rec_diffs(1,7)        0.2168972     -3     3    -1.1618866e-07
112 region_rec_diffs(1,8)        0.31842957     -3     3    -1.495874e-06
113 region_rec_diffs(1,9)        0.22848174     -3     3    4.5636549e-07
114 region_rec_diffs(1,10)        0.20605199     -3     3    2.0563939e-07
115 region_rec_diffs(1,11)        0.18590333     -3     3    -8.2352768e-09
116 region_rec_diffs(1,12)        0.088156787     -3     3    2.7198628e-07
117 region_rec_diffs(1,13)        0.23064606     -3     3    1.6181926e-06
118 region_rec_diffs(1,14)        0.86325264     -3     3    -1.5028474e-05
119 region_rec_diffs(1,15)        -0.044318493     -3     3    -8.3502423e-08
120 region_rec_diffs(1,16)        -0.25770087     -3     3    7.1796917e-07
121 region_rec_diffs(1,17)        -0.4164985     -3     3    1.2377315e-06
122 region_rec_diffs(1,18)        0.97910454     -3     3    -8.7046406e-06
123 region_rec_diffs(1,19)        0.17146133     -3     3    6.9201197e-07
124 region_rec_diffs(1,20)        0.1794974     -3     3    7.7275065e-07
125 region_rec_diffs(1,21)        -0.48915675     -3     3    -1.0382099e-06
126 region_rec_diffs(1,22)        0.69472144     -3     3    -9.6401262e-06
127 region_rec_diffs(1,23)        0.31801882     -3     3    1.0705659e-06
128 region_rec_diffs(1,24)        -0.2292313     -3     3    -1.8405328e-06
129 region_rec_diffs(1,25)        0.81083241     -3     3    -2.794114e-06
130 region_rec_diffs(1,26)        0.1869466     -3     3    3.3066906e-06
131 region_rec_diffs(1,27)        0.19808274     -3     3    -1.1197422e-07
132 region_rec_diffs(1,28)        0.8014226     -3     3    6.3273243e-06
133 region_rec_diffs(1,29)        -0.71135214     -3     3    2.0385239e-06
134 region_rec_diffs(1,30)        -0.38117875     -3     3    -4.0186238e-08
135 region_rec_diffs(1,31)        -0.10978596     -3     3    2.4496567e-07
136 region_rec_diffs(1,32)        -0.24542844     -3     3    3.2996136e-07
137 region_rec_diffs(1,33)        -0.83574436     -3     3    2.7235451e-06
138 region_rec_diffs(1,34)        0.41128313     -3     3    -1.1244529e-05
139 region_rec_diffs(1,35)        0.22153816     -3     3    4.6912124e-07
140 region_rec_diffs(1,36)        -0.50133339     -3     3    -9.01164e-07
141 region_rec_diffs(1,37)        1.018145     -3     3    3.6273027e-06
142 region_rec_diffs(1,38)        0.18747553     -3     3    -1.2121081e-06
143 region_rec_diffs(1,39)        0.054113406     -3     3    -1.5289304e-07
144 region_rec_diffs(1,40)        -0.11107519     -3     3    -4.9278663e-07
145 region_rec_diffs(1,41)        -0.1036994     -3     3    -2.4762912e-07
146 region_rec_diffs(1,42)        1.1228585     -3     3    2.9613552e-06
147 region_rec_diffs(1,43)        0.0010289003     -3     3    -5.5125591e-07
148 region_rec_diffs(1,44)        -1.072393     -3     3    -3.2914688e-07
149 region_rec_diffs(1,45)        0.085738244     -3     3    1.6653068e-06
150 region_rec_diffs(1,46)        0.68147035     -3     3    7.6360778e-07
151 region_rec_diffs(1,47)        0.54298004     -3     3    -3.8085475e-07
152 region_rec_diffs(1,48)        -0.67902564     -3     3    2.1163473e-06
153 region_rec_diffs(1,49)        0.42161918     -3     3    -2.4874712e-06
154 region_rec_diffs(1,50)        -0.079371987     -3     3    -1.5031343e-08
155 region_rec_diffs(1,51)        1.2162456     -3     3    3.634151e-07
156 region_rec_diffs(1,52)        0.4414552     -3     3    1.9458383e-06
157 region_rec_diffs(1,53)        -0.39449276     -3     3    2.1383638e-06
158 region_rec_diffs(1,54)        0.0090820508     -3     3    1.031773e-06
159 region_rec_diffs(1,55)        0.5732444     -3     3    1.9551679e-06
160 region_rec_diffs(1,56)        0.19884446     -3     3    9.1693968e-07
161 region_rec_diffs(1,57)        -1.3570015     -3     3    4.1678455e-07
162 region_rec_diffs(1,58)        0.77408491     -3     3    -1.3144321e-05
163 region_rec_diffs(1,59)        0.59078617     -3     3    1.6619213e-08
164 region_rec_diffs(1,60)        -0.7473889     -3     3    -3.6812091e-07
165 region_rec_diffs(1,61)        0.6397258     -3     3    3.546443e-06
166 region_rec_diffs(1,62)        0.13578843     -3     3    -8.1185186e-07
167 region_rec_diffs(1,63)        0.87313159     -3     3    6.7598651e-07
168 region_rec_diffs(1,64)        0.58842373     -3     3    2.0149987e-06
169 region_rec_diffs(1,65)        -0.91201636     -3     3    7.0413562e-06
170 region_rec_diffs(1,66)        -0.24922039     -3     3    -1.6594486e-07
171 region_rec_diffs(1,67)        0.74250654     -3     3    -3.2025113e-06
172 region_rec_diffs(1,68)        0.77570407     -3     3    7.725266e-06
173 region_rec_diffs(1,69)        0.17713101     -3     3    -1.3497318e-06
174 region_rec_diffs(1,70)        -0.07165874     -3     3    -5.6355697e-07
175 region_rec_diffs(1,71)        0.72380366     -3     3    1.9889034e-06
176 region_rec_diffs(1,72)        -0.073633272     -3     3    -1.9940288e-07
177 region_rec_diffs(1,73)        0.49965414     -3     3    6.5003276e-06
178 region_rec_diffs(1,74)        0.33985615     -3     3    -4.4530154e-06
179 region_rec_diffs(1,75)        -0.30646907     -3     3    -8.3609397e-07
180 region_rec_diffs(1,76)        -0.57800257     -3     3    -2.2001313e-07
181 region_rec_diffs(1,77)        -1.2523747     -3     3    1.9045783e-06
182 region_rec_diffs(1,78)        0.65087676     -3     3    5.2731571e-07
183 region_rec_diffs(1,79)        0.45569732     -3     3    4.7409544e-07
184 region_rec_diffs(1,80)        0.70805857     -3     3    1.0918859e-05
185 region_rec_diffs(1,81)        0.89587508     -3     3    1.9675373e-06
186 region_rec_diffs(1,82)        0.88079958     -3     3    1.4032408e-05
187 region_rec_diffs(1,83)        0.49116733     -3     3    -5.9848176e-06
188 region_rec_diffs(1,84)        -0.33186673     -3     3    9.5113331e-07
189 region_rec_diffs(1,85)        0.5430711     -3     3    -5.5104949e-06
190 region_rec_diffs(1,86)        -0.25339865     -3     3    5.6303183e-08
191 region_rec_diffs(1,87)        0.26502037     -3     3    -8.8508161e-07
192 region_rec_diffs(1,88)        -1.6347371     -3     3    3.2923372e-06
193 region_rec_diffs(1,89)        0.47308416     -3     3    -5.3155483e-07
194 region_rec_diffs(1,90)        -0.28096435     -3     3    -3.1470777e-07
195 region_rec_diffs(1,91)        0.66606983     -3     3    2.6901418e-06
196 region_rec_diffs(1,92)        0.39436157     -3     3    2.1730446e-06
197 region_rec_diffs(1,93)        -2.0885316     -3     3    -1.7751514e-07
198 region_rec_diffs(1,94)        1.1493026     -3     3    -1.561529e-06
199 region_rec_diffs(1,95)        0.24935805     -3     3    -2.2805038e-06
200 region_rec_diffs(1,96)        -0.8852263     -3     3    6.3388523e-07
201 region_rec_diffs(1,97)        0.19247187     -3     3    3.9144346e-06
202 region_rec_diffs(1,98)        0.71197132     -3     3    2.3113543e-06
203 region_rec_diffs(1,99)        0.67343655     -3     3    -1.5011073e-07
204 region_rec_diffs(1,100)        -0.61933074     -3     3    3.7440362e-06
205 region_rec_diffs(1,101)        0.73843317     -3     3    1.3781317e-06
206 region_rec_diffs(1,102)        -0.011064633     -3     3    2.020485e-07
207 region_rec_diffs(1,103)        0.66762324     -3     3    1.7386426e-06
208 region_rec_diffs(1,104)        0.27048833     -3     3    3.6405795e-06
209 region_rec_diffs(1,105)        0.13630564     -3     3    2.8802162e-07
210 region_rec_diffs(1,106)        0.040243678     -3     3    -9.797202e-08
211 region_rec_diffs(1,107)        0.20365548     -3     3    -2.2884814e-07
212 region_rec_diffs(1,108)        0.89288422     -3     3    1.2058408e-06
213 region_rec_diffs(1,109)        0.45373177     -3     3    -3.42333e-06
214 region_rec_diffs(1,110)        -0.057517426     -3     3    -3.5079618e-09
215 region_rec_diffs(1,111)        -0.13089944     -3     3    -1.6664087e-07
216 region_rec_diffs(1,112)        0.76789932     -3     3    -4.6389015e-06
217 region_rec_diffs(1,113)        -0.33384391     -3     3    3.7917991e-06
218 region_rec_diffs(1,114)        -0.51073116     -3     3    4.2731784e-07
219 region_rec_diffs(1,115)        0.064494298     -3     3    -6.7450409e-07
220 region_rec_diffs(1,116)        -0.09587637     -3     3    -3.0939745e-06
221 region_rec_diffs(1,117)        0.45446562     -3     3    -3.1543435e-06
222 region_rec_diffs(1,118)        -0.51994911     -3     3    8.1907044e-07
223 region_rec_diffs(1,119)        0.2765786     -3     3    5.8126285e-06
224 region_rec_diffs(1,120)        -0.82366501     -3     3    4.5645199e-06
225 region_rec_diffs(1,121)        0.45731197     -3     3    1.1238987e-05
226 region_rec_diffs(1,122)        0.66844556     -3     3    8.6160392e-06
227 region_rec_diffs(1,123)        -0.75838471     -3     3    1.0261199e-06
228 region_rec_diffs(1,124)        -0.048586552     -3     3    3.0317949e-06
229 region_rec_diffs(1,125)        -0.56925181     -3     3    4.3190175e-06
230 region_rec_diffs(1,126)        -1.6173916     -3     3    4.8565391e-09
231 region_rec_diffs(1,127)        -0.5261179     -3     3    -2.5242557e-06
232 region_rec_diffs(1,128)        0.15681558     -3     3    1.603227e-07
233 region_rec_diffs(1,129)        0.75062354     -3     3    -1.9886788e-06
234 region_rec_diffs(1,130)        -1.1463822     -3     3    9.4727724e-07
235 region_rec_diffs(1,131)        -1.1275271     -3     3    2.3937962e-06
236 region_rec_diffs(1,132)        -0.79607445     -3     3    -3.9267884e-06
237 region_rec_diffs(1,133)        1.083504     -3     3    -3.8821159e-05
238 region_rec_diffs(1,134)        0.069521546     -3     3    2.5295996e-07
239 region_rec_diffs(1,135)        -0.42684167     -3     3    4.4977117e-07
240 region_rec_diffs(1,136)        0.66705802     -3     3    -1.5888952e-06
241 region_rec_diffs(1,137)        -1.0557656     -3     3    1.8500645e-06
242 region_rec_diffs(1,138)        -1.3332224     -3     3    5.7647774e-08
243 region_rec_diffs(1,139)        -0.7798088     -3     3    -1.6247544e-06
244 region_rec_diffs(1,140)        -1.1474619     -3     3    -1.3137609e-06
245 region_rec_diffs(1,141)        1.0727705     -3     3    -2.1984144e-05
246 region_rec_diffs(1,142)        0.20294909     -3     3    1.3540997e-06
247 region_rec_diffs(1,143)        -0.90601168     -3     3    3.190635e-06
248 region_rec_diffs(1,144)        -0.45867025     -3     3    -4.6771994e-06
249 region_rec_diffs(1,145)        0.68632739     -3     3    1.4111864e-05
250 region_rec_diffs(1,146)        -0.76962387     -3     3    4.2782278e-07
251 region_rec_diffs(1,147)        -1.7921193     -3     3    2.1405351e-06
252 region_rec_diffs(1,148)        0.57337178     -3     3    9.5512447e-06
253 region_rec_diffs(1,149)        0.86705094     -3     3    -4.8015221e-06
254 region_rec_diffs(1,150)        0.48493916     -3     3    -8.7991238e-07
255 region_rec_diffs(1,151)        -0.93794238     -3     3    -2.8762549e-06
256 region_rec_diffs(1,152)        0.55825007     -3     3    6.6040429e-06
257 region_rec_diffs(1,153)        0.25483225     -3     3    -3.0204772e-06
258 region_rec_diffs(1,154)        -1.2693513     -3     3    -1.6875512e-06
259 region_rec_diffs(1,155)        -1.2959094     -3     3    -3.99141e-06
260 region_rec_diffs(1,156)        0.54504058     -3     3    7.3019648e-06
261 region_rec_diffs(1,157)        -1.2236859     -3     3    -7.5657524e-07
262 region_rec_diffs(1,158)        -1.2862728     -3     3    -7.5111766e-07
263 region_rec_diffs(1,159)        -1.9108469     -3     3    -2.9356207e-07
264 region_rec_diffs(1,160)        -0.62492293     -3     3    -1.2846141e-06
265 region_rec_diffs(1,161)        0.63890594     -3     3    -3.6113206e-06
266 region_rec_diffs(1,162)        0.031766491     -3     3    2.1731899e-06
267 region_rec_diffs(1,163)        -0.82787984     -3     3    -4.8741587e-06
268 region_rec_diffs(1,164)        0.8618879     -3     3    1.0691795e-05
269 region_rec_diffs(1,165)        -1.0225682     -3     3    3.6694219e-07
270 region_rec_diffs(1,166)        -1.0010886     -3     3    -9.1268663e-08
271 region_rec_diffs(1,167)        -2.4062029     -3     3    -6.2047703e-07
272 region_rec_diffs(1,168)        -0.11712144     -3     3    -2.3671422e-06
273 region_rec_diffs(1,169)        -0.54486433     -3     3    2.5030096e-06
274 region_rec_diffs(1,170)        -1.6927037     -3     3    -6.1906995e-07
275 region_rec_diffs(1,171)        -1.3999205     -3     3    4.2890723e-06
276 region_rec_diffs(1,172)        0.62477133     -3     3    9.5555622e-06
277 region_rec_diffs(1,173)        -0.49022041     -3     3    2.0966553e-06
278 region_rec_diffs(1,174)        0.8714797     -3     3    9.6991172e-06
279 region_rec_diffs(1,175)        -1.3592888     -3     3    -6.4200845e-07
280 region_rec_diffs(1,176)        -0.81020236     -3     3    -2.2017246e-06
281 region_rec_diffs(1,177)        -2.5811158     -3     3    -6.919819e-07
282 region_rec_diffs(1,178)        0.51315449     -3     3    1.2012082e-05
283 region_rec_diffs(1,179)        -2.1219884     -3     3    4.5369108e-07
284 region_rec_diffs(1,180)        0.51707307     -3     3    9.6986749e-07
285 region_rec_diffs(1,181)        -0.25326949     -3     3    -3.6727637e-07
286 region_rec_diffs(1,182)        -1.6944876     -3     3    6.9478538e-07
287 region_rec_diffs(1,183)        -2.2018387     -3     3    -4.1058639e-09
288 region_rec_diffs(1,184)        -1.7895605     -3     3    1.7137875e-07
289 region_rec_diffs(1,185)        -0.11091564     -3     3    4.5306141e-06
290 region_rec_diffs(1,186)        0.11475198     -3     3    2.4738733e-06
291 region_rec_diffs(1,187)        -1.5548917     -3     3    3.296688e-07
292 region_rec_diffs(1,188)        0.36107457     -3     3    -8.4153153e-06
293 region_rec_diffs(1,189)        0.65664567     -3     3    2.2664265e-06
294 region_rec_diffs(1,190)        -1.8093613     -3     3    1.5864536e-07
295 region_rec_diffs(1,191)        -2.894987     -3     3    7.5756318e-07
296 region_rec_diffs(1,192)        -0.13214517     -3     3    -3.9207735e-06
297 region_rec_diffs(1,193)        0.48799837     -3     3    -5.4299443e-06
298 region_rec_diffs(1,194)        -0.91769416     -3     3    -6.5139633e-07
299 region_rec_diffs(1,195)        -1.9514132     -3     3    8.2615081e-07
300 region_rec_diffs(1,196)        -0.044979239     -3     3    1.1243922e-06
301 region_rec_diffs(1,197)        -0.054508784     -3     3    2.2092987e-06
302 region_rec_diffs(1,198)        -2.0816684     -3     3    9.8839845e-08
303 region_rec_diffs(1,199)        -2.3737946     -3     3    5.5274827e-07
304 region_rec_diffs(1,200)        -1.9756435     -3     3    -3.6894216e-07
305 region_rec_diffs(1,201)        0.84511633     -3     3    5.2052849e-06
306 region_rec_diffs(1,202)        -0.32665602     -3     3    4.0468739e-06
307 region_rec_diffs(1,203)        0.49063122     -3     3    1.572807e-05
308 region_rec_diffs(1,204)        -0.73113203     -3     3    5.1429368e-06
309 region_rec_diffs(1,205)        -1.5515946     -3     3    4.4995962e-07
310 region_rec_diffs(1,206)        -2.0445028     -3     3    1.0513307e-06
311 region_rec_diffs(1,207)        -0.7322436     -3     3    3.2326706e-06
312 region_rec_diffs(1,208)        -1.6720923     -3     3    -1.3674768e-06
313 region_rec_diffs(1,209)        -0.020222796     -3     3    -2.5279784e-06
314 region_rec_diffs(1,210)        0.82500126     -3     3    -4.869153e-06
315 region_rec_diffs(1,211)        0.4688613     -3     3    -6.5843513e-07
316 region_rec_diffs(1,212)        -2.2131892     -3     3    1.1605125e-06
317 region_rec_diffs(1,213)        -1.7987352     -3     3    7.907926e-07
318 region_rec_diffs(1,214)        -2.2720919     -3     3    2.072642e-07
319 region_rec_diffs(1,215)        -1.9970979     -3     3    2.2475095e-06
320 region_rec_diffs(1,216)        -1.4589456     -3     3    1.6623634e-06
321 region_rec_diffs(1,217)        0.86916332     -3     3    1.2197865e-05
322 region_rec_diffs(1,218)        -2.2488979     -3     3    1.4948735e-07
323 region_rec_diffs(1,219)        -1.6538844     -3     3    3.3573622e-07
324 region_rec_diffs(1,220)        0.43483344     -3     3    7.9689747e-06
325 region_rec_diffs(1,221)        -0.10858959     -3     3    4.2489232e-06
326 region_rec_diffs(1,222)        -1.4353066     -3     3    1.5472329e-06
327 region_rec_diffs(1,223)        -0.46352344     -3     3    -4.1521384e-07
328 region_rec_diffs(1,224)        0.66470474     -3     3    1.2201582e-05
329 region_rec_diffs(1,225)        -0.89125005     -3     3    1.566796e-06
330 region_rec_diffs(1,226)        -2.2334978     -3     3    -4.7309699e-07
331 region_rec_diffs(1,227)        -1.9084596     -3     3    1.4294036e-06
332 region_rec_diffs(1,228)        -1.4767828     -3     3    3.360365e-06
333 region_rec_diffs(1,229)        0.58511226     -3     3    1.5316835e-05
334 region_rec_diffs(1,230)        -1.186502     -3     3    2.6956845e-06
335 region_rec_diffs(1,231)        -0.20709075     -3     3    2.4528132e-06
336 region_rec_diffs(1,232)        0.72496654     -3     3    8.7395871e-06
337 region_rec_diffs(1,233)        -1.5695303     -3     3    4.0569646e-07
338 region_rec_diffs(1,234)        -2.4530097     -3     3    2.2086312e-07
339 region_rec_diffs(1,235)        -2.4774034     -3     3    -2.7391152e-07
340 region_rec_diffs(1,236)        -0.65748269     -3     3    2.5133447e-07
341 region_rec_diffs(1,237)        0.6551991     -3     3    4.4497831e-06
342 region_rec_diffs(1,238)        -1.6758708     -3     3    3.4375902e-07
343 region_rec_diffs(1,239)        -2.3295085     -3     3    -1.3326963e-07
344 region_rec_diffs(1,240)        -0.80868939     -3     3    -3.5571188e-06
345 region_rec_diffs(1,241)        0.44223828     -3     3    -2.5121941e-06
346 region_rec_diffs(1,242)        -0.30766936     -3     3    -3.1236572e-06
347 region_rec_diffs(1,243)        0.1411645     -3     3    1.7264502e-06
348 region_rec_diffs(1,244)        0.4876419     -3     3    2.2443754e-06
349 region_rec_diffs(1,245)        -0.82595101     -3     3    1.8501423e-06
350 region_rec_diffs(1,246)        -1.9241096     -3     3    -1.0248946e-06
351 region_rec_diffs(1,247)        -1.8835609     -3     3    -3.9423352e-08
352 region_rec_diffs(1,248)        0.62249412     -3     3    3.2481017e-06
353 region_rec_diffs(1,249)        -1.9530738     -3     3    3.7496989e-07
354 region_rec_diffs(1,250)        -2.5963321     -3     3    -3.3545203e-07
355 region_rec_diffs(1,251)        -2.3961421     -3     3    -6.6693158e-07
356 region_rec_diffs(1,252)        -0.57443343     -3     3    7.9978483e-07
357 region_rec_diffs(1,253)        0.13329018     -3     3    -3.5231369e-06
358 region_rec_diffs(1,254)        -2.2817708     -3     3    -6.8252958e-08
359 region_rec_diffs(1,255)        -2.3651591     -3     3    -1.2751021e-07
360 region_rec_diffs(1,256)        0.41049828     -3     3    1.8200835e-05
361 region_rec_diffs(1,257)        0.21538427     -3     3    2.7891889e-06
362 region_rec_diffs(1,258)        -1.7906071     -3     3    1.5651985e-06
363 region_rec_diffs(1,259)        -0.89422532     -3     3    1.5940788e-06
364 region_rec_diffs(1,260)        0.80483309     -3     3    -7.2438349e-07
365 region_rec_diffs(1,261)        0.73826291     -3     3    5.9704105e-06
366 region_rec_diffs(1,262)        -1.674588     -3     3    1.6408271e-06
367 region_rec_diffs(1,263)        -0.27689092     -3     3    2.8227758e-06
368 region_rec_diffs(1,264)        -0.91060389     -3     3    1.288096e-06
369 region_rec_diffs(1,265)        -0.75177961     -3     3    2.4058052e-06
370 region_rec_diffs(1,266)        -1.5820358     -3     3    6.8514347e-07
371 region_rec_diffs(1,267)        -1.3793948     -3     3    -1.6876519e-06
372 region_rec_diffs(1,268)        0.58719852     -3     3    -2.1511827e-06
373 region_rec_diffs(1,269)        -0.40592788     -3     3    -6.0916979e-07
374 region_rec_diffs(1,270)        -1.143129     -3     3    -1.1719233e-06
375 region_rec_diffs(1,271)        -0.99753377     -3     3    -1.6082949e-06
376 region_rec_diffs(1,272)        0.13108615     -3     3    -2.2212752e-05
377 region_rec_diffs(1,273)        0.1318033     -3     3    -4.3349599e-06
378 region_rec_diffs(1,274)        -1.20877     -3     3    5.5138258e-07
379 region_rec_diffs(1,275)        -0.44637938     -3     3    -3.1150255e-06
380 region_rec_diffs(1,276)        0.043895433     -3     3    -1.8241769e-06
381 region_rec_diffs(1,277)        -0.61488349     -3     3    -1.7958062e-06
382 region_rec_diffs(1,278)        -0.58152066     -3     3    -3.4259502e-07
383 region_rec_diffs(1,279)        -0.31011779     -3     3    -1.3559398e-06
384 region_rec_diffs(2,1)        -1.8351543e-11     -3     3    -4.7738313e-12
385 region_rec_diffs(2,2)        1.5130998     -3     3    -3.4435355e-06
386 region_rec_diffs(2,3)        1.634015     -3     3    -3.8818971e-06
387 region_rec_diffs(2,4)        1.5354103     -3     3    -8.0615699e-06
388 region_rec_diffs(2,5)        1.4759582     -3     3    -8.3859032e-06
389 region_rec_diffs(2,6)        0.072481461     -3     3    -5.4265663e-08
390 region_rec_diffs(2,7)        0.057708758     -3     3    3.1400364e-08
391 region_rec_diffs(2,8)        1.9270175     -3     3    2.2202125e-06
392 region_rec_diffs(2,9)        0.15942395     -3     3    4.226621e-07
393 region_rec_diffs(2,10)        0.19495353     -3     3    3.3317257e-07
394 region_rec_diffs(2,11)        0.10628218     -3     3    1.9000152e-08
395 region_rec_diffs(2,12)        1.598054     -3     3    -2.5212701e-06
396 region_rec_diffs(2,13)        -0.076151184     -3     3    3.6616152e-07
397 region_rec_diffs(2,14)        -1.3706262     -3     3    -1.463004e-07
398 region_rec_diffs(2,15)        -0.093512388     -3     3    -1.3236119e-07
399 region_rec_diffs(2,16)        -0.037006832     -3     3    2.1816474e-07
400 region_rec_diffs(2,17)        0.07692559     -3     3    3.0132791e-07
401 region_rec_diffs(2,18)        -0.42317973     -3     3    -3.8868484e-07
402 region_rec_diffs(2,19)        0.065107574     -3     3    1.9475077e-07
403 region_rec_diffs(2,20)        0.22307881     -3     3    2.3064176e-07
404 region_rec_diffs(2,21)        1.6190745     -3     3    -1.2217337e-06
405 region_rec_diffs(2,22)        1.0007568     -3     3    -2.1269998e-06
406 region_rec_diffs(2,23)        0.11304402     -3     3    3.669027e-07
407 region_rec_diffs(2,24)        1.9198466     -3     3    -6.1213354e-06
408 region_rec_diffs(2,25)        0.18084961     -3     3    -6.9604355e-07
409 region_rec_diffs(2,26)        1.7689971     -3     3    5.3512215e-07
410 region_rec_diffs(2,27)        0.094402558     -3     3    -8.5580694e-08
411 region_rec_diffs(2,28)        0.90582536     -3     3    8.1884972e-07
412 region_rec_diffs(2,29)        -0.59853263     -3     3    5.5125338e-07
413 region_rec_diffs(2,30)        -0.20361697     -3     3    -7.7939477e-08
414 region_rec_diffs(2,31)        -0.017677356     -3     3    8.4393507e-08
415 region_rec_diffs(2,32)        0.1109504     -3     3    3.9094749e-07
416 region_rec_diffs(2,33)        0.44086791     -3     3    5.084343e-06
417 region_rec_diffs(2,34)        1.1982878     -3     3    -1.6565522e-06
418 region_rec_diffs(2,35)        0.084890924     -3     3    1.7620466e-07
419 region_rec_diffs(2,36)        1.9919093     -3     3    -3.8652065e-07
420 region_rec_diffs(2,37)        -1.0992113     -3     3    6.3960497e-07
421 region_rec_diffs(2,38)        -0.55556311     -3     3    2.527444e-07
422 region_rec_diffs(2,39)        -0.027602649     -3     3    -7.0553156e-08
423 region_rec_diffs(2,40)        0.061450004     -3     3    -1.6944275e-08
424 region_rec_diffs(2,41)        1.3586372     -3     3    -2.1661497e-06
425 region_rec_diffs(2,42)        -0.13565544     -3     3    -8.4997609e-08
426 region_rec_diffs(2,43)        0.059170318     -3     3    -2.6621003e-07
427 region_rec_diffs(2,44)        1.5934351     -3     3    4.7410853e-06
428 region_rec_diffs(2,45)        1.5340705     -3     3    3.4712131e-06
429 region_rec_diffs(2,46)        -0.015178132     -3     3    1.5571064e-07
430 region_rec_diffs(2,47)        0.05789174     -3     3    -2.4133401e-07
431 region_rec_diffs(2,48)        0.66595255     -3     3    3.399432e-06
432 region_rec_diffs(2,49)        0.95073484     -3     3    -3.5667883e-06
433 region_rec_diffs(2,50)        0.073960348     -3     3    1.3963197e-07
434 region_rec_diffs(2,51)        -0.33462284     -3     3    4.2344453e-07
435 region_rec_diffs(2,52)        0.095467439     -3     3    3.937507e-07
436 region_rec_diffs(2,53)        1.223151     -3     3    1.3611411e-05
437 region_rec_diffs(2,54)        0.015417047     -3     3    4.5899534e-07
438 region_rec_diffs(2,55)        -0.046366709     -3     3    -1.0080979e-07
439 region_rec_diffs(2,56)        -0.11100113     -3     3    -6.675653e-08
440 region_rec_diffs(2,57)        1.5051637     -3     3    5.9947823e-07
441 region_rec_diffs(2,58)        1.0718252     -3     3    -2.0384918e-06
442 region_rec_diffs(2,59)        0.014661196     -3     3    5.1088022e-07
443 region_rec_diffs(2,60)        0.63947888     -3     3    7.373589e-07
444 region_rec_diffs(2,61)        0.90053704     -3     3    2.6114076e-06
445 region_rec_diffs(2,62)        0.092930396     -3     3    -3.1766346e-07
446 region_rec_diffs(2,63)        -0.13654653     -3     3    5.6375356e-07
447 region_rec_diffs(2,64)        0.031924752     -3     3    1.0982424e-06
448 region_rec_diffs(2,65)        1.7515572     -3     3    1.6278735e-06
449 region_rec_diffs(2,66)        0.078134215     -3     3    1.3702297e-07
450 region_rec_diffs(2,67)        -0.071925519     -3     3    3.8301888e-07
451 region_rec_diffs(2,68)        -0.22881232     -3     3    2.8920633e-08
452 region_rec_diffs(2,69)        1.335038     -3     3    1.1723035e-05
453 region_rec_diffs(2,70)        0.87190056     -3     3    1.7792725e-06
454 region_rec_diffs(2,71)        0.15919212     -3     3    -1.2204766e-06
455 region_rec_diffs(2,72)        -0.083075367     -3     3    2.644364e-06
456 region_rec_diffs(2,73)        -1.5992729     -3     3    -4.2836036e-07
457 region_rec_diffs(2,74)        -1.2280854     -3     3    2.6519332e-07
458 region_rec_diffs(2,75)        -0.10873896     -3     3    -2.1675802e-07
459 region_rec_diffs(2,76)        -0.2407848     -3     3    -2.7459268e-07
460 region_rec_diffs(2,77)        1.2614036     -3     3    3.6362729e-06
461 region_rec_diffs(2,78)        0.34775004     -3     3    1.116429e-06
462 region_rec_diffs(2,79)        0.090226641     -3     3    5.0590221e-07
463 region_rec_diffs(2,80)        0.93464413     -3     3    5.8986268e-06
464 region_rec_diffs(2,81)        -0.44037387     -3     3    5.8862891e-07
465 region_rec_diffs(2,82)        -0.890348     -3     3    1.201666e-07
466 region_rec_diffs(2,83)        -0.76263691     -3     3    -1.2349929e-06
467 region_rec_diffs(2,84)        0.63092957     -3     3    -6.4271363e-06
468 region_rec_diffs(2,85)        0.19369789     -3     3    -5.2097397e-06
469 region_rec_diffs(2,86)        0.006562879     -3     3    6.2346283e-08
470 region_rec_diffs(2,87)        -0.43147131     -3     3    6.0825124e-07
471 region_rec_diffs(2,88)        0.78405625     -3     3    -6.175321e-07
472 region_rec_diffs(2,89)        -0.59811916     -3     3    1.3502351e-07
473 region_rec_diffs(2,90)        0.029299998     -3     3    4.6915395e-08
474 region_rec_diffs(2,91)        -0.054036904     -3     3    -5.6704969e-07
475 region_rec_diffs(2,92)        0.47780581     -3     3    1.4886616e-07
476 region_rec_diffs(2,93)        1.8711596     -3     3    -1.5943597e-06
477 region_rec_diffs(2,94)        0.23723934     -3     3    6.9456633e-06
478 region_rec_diffs(2,95)        -0.45734451     -3     3    5.8174797e-07
479 region_rec_diffs(2,96)        -0.32030748     -3     3    -2.4488362e-07
480 region_rec_diffs(2,97)        -0.56513911     -3     3    1.1591815e-06
481 region_rec_diffs(2,98)        0.013261018     -3     3    2.3207213e-07
482 region_rec_diffs(2,99)        -0.09338625     -3     3    9.7447074e-08
483 region_rec_diffs(2,100)        1.181922     -3     3    -1.6549389e-06
484 region_rec_diffs(2,101)        0.5910633     -3     3    -5.3490656e-07
485 region_rec_diffs(2,102)        0.056184426     -3     3    9.5519064e-08
486 region_rec_diffs(2,103)        0.10930987     -3     3    1.1065977e-07
487 region_rec_diffs(2,104)        0.47594332     -3     3    -3.7904143e-06
488 region_rec_diffs(2,105)        -0.084906724     -3     3    -2.4343657e-07
489 region_rec_diffs(2,106)        -0.018893048     -3     3    -3.6743813e-08
490 region_rec_diffs(2,107)        -0.041788054     -3     3    -8.457043e-08
491 region_rec_diffs(2,108)        -0.13619943     -3     3    7.6985699e-07
492 region_rec_diffs(2,109)        0.85137565     -3     3    1.459137e-06
493 region_rec_diffs(2,110)        0.0117327     -3     3    7.8814366e-08
494 region_rec_diffs(2,111)        -0.0092405934     -3     3    -4.0650626e-08
495 region_rec_diffs(2,112)        -0.220764     -3     3    -2.4218799e-07
496 region_rec_diffs(2,113)        1.2527617     -3     3    4.152279e-06
497 region_rec_diffs(2,114)        -0.062307705     -3     3    9.0295257e-08
498 region_rec_diffs(2,115)        0.18346975     -3     3    1.4229243e-07
499 region_rec_diffs(2,116)        0.62511007     -3     3    1.9170843e-06
500 region_rec_diffs(2,117)        0.93350908     -3     3    -4.1665617e-06
501 region_rec_diffs(2,118)        0.18059917     -3     3    1.3593735e-07
502 region_rec_diffs(2,119)        0.91175402     -3     3    9.7664582e-07
503 region_rec_diffs(2,120)        0.15050817     -3     3    -8.3306864e-07
504 region_rec_diffs(2,121)        0.73187866     -3     3    -3.1001426e-06
505 region_rec_diffs(2,122)        -0.11012092     -3     3    -7.2258001e-07
506 region_rec_diffs(2,123)        -0.0413563     -3     3    1.4969691e-07
507 region_rec_diffs(2,124)        -0.29275797     -3     3    -3.4813031e-06
508 region_rec_diffs(2,125)        0.6819308     -3     3    1.2754974e-06
509 region_rec_diffs(2,126)        1.5626027     -3     3    5.130276e-07
510 region_rec_diffs(2,127)        -0.24140218     -3     3    -1.6573858e-06
511 region_rec_diffs(2,128)        0.60716673     -3     3    6.3009398e-07
512 region_rec_diffs(2,129)        0.18847577     -3     3    5.7239008e-07
513 region_rec_diffs(2,130)        -0.4393294     -3     3    -4.4228509e-07
514 region_rec_diffs(2,131)        -0.26159069     -3     3    3.4676704e-07
515 region_rec_diffs(2,132)        1.0098948     -3     3    -5.7949731e-06
516 region_rec_diffs(2,133)        -0.71702764     -3     3    -1.3596248e-06
517 region_rec_diffs(2,134)        -0.16714333     -3     3    9.2078875e-08
518 region_rec_diffs(2,135)        -0.52919742     -3     3    -8.432023e-07
519 region_rec_diffs(2,136)        1.1108341     -3     3    1.0787974e-06
520 region_rec_diffs(2,137)        -0.048388534     -3     3    2.2113756e-06
521 region_rec_diffs(2,138)        -0.64408501     -3     3    -2.2825373e-07
522 region_rec_diffs(2,139)        -0.3309204     -3     3    -5.3403207e-07
523 region_rec_diffs(2,140)        -0.85817425     -3     3    3.3840991e-07
524 region_rec_diffs(2,141)        0.769506     -3     3    -4.8224937e-06
525 region_rec_diffs(2,142)        0.53681174     -3     3    2.2020369e-07
526 region_rec_diffs(2,143)        0.39469547     -3     3    1.4510307e-06
527 region_rec_diffs(2,144)        0.80281243     -3     3    1.9275272e-06
528 region_rec_diffs(2,145)        -0.80518341     -3     3    9.3416407e-07
529 region_rec_diffs(2,146)        -0.50912635     -3     3    -1.057516e-08
530 region_rec_diffs(2,147)        -1.0742662     -3     3    1.4245663e-06
531 region_rec_diffs(2,148)        -0.28470964     -3     3    3.3602195e-06
532 region_rec_diffs(2,149)        0.28108099     -3     3    -9.3708687e-07
533 region_rec_diffs(2,150)        -0.32394672     -3     3    1.9711111e-07
534 region_rec_diffs(2,151)        -1.3096328     -3     3    1.1219248e-06
535 region_rec_diffs(2,152)        -0.65929776     -3     3    1.8074517e-06
536 region_rec_diffs(2,153)        1.288973     -3     3    -2.8127692e-06
537 region_rec_diffs(2,154)        -0.80437311     -3     3    -1.587871e-06
538 region_rec_diffs(2,155)        -1.0410248     -3     3    -6.7630077e-07
539 region_rec_diffs(2,156)        0.029132573     -3     3    -2.405136e-06
540 region_rec_diffs(2,157)        1.4304707     -3     3    6.5102085e-06
541 region_rec_diffs(2,158)        -0.7488028     -3     3    -2.5842838e-07
542 region_rec_diffs(2,159)        -1.0551845     -3     3    -7.094905e-07
543 region_rec_diffs(2,160)        -1.4122544     -3     3    -3.0721862e-06
544 region_rec_diffs(2,161)        -0.9161521     -3     3    -3.0702266e-06
545 region_rec_diffs(2,162)        -0.94691798     -3     3    -6.8323126e-07
546 region_rec_diffs(2,163)        -1.639347     -3     3    5.5282181e-08
547 region_rec_diffs(2,164)        0.95748767     -3     3    8.4226248e-06
548 region_rec_diffs(2,165)        -0.6119676     -3     3    4.6312671e-07
549 region_rec_diffs(2,166)        -1.1870234     -3     3    1.4922774e-07
550 region_rec_diffs(2,167)        -1.8696384     -3     3    -8.8924706e-09
551 region_rec_diffs(2,168)        -1.2260779     -3     3    -8.1515133e-08
552 region_rec_diffs(2,169)        1.1392318     -3     3    -6.0865111e-06
553 region_rec_diffs(2,170)        -0.92299345     -3     3    -1.883887e-06
554 region_rec_diffs(2,171)        -1.6672677     -3     3    3.6341032e-07
555 region_rec_diffs(2,172)        0.55833108     -3     3    1.4608528e-06
556 region_rec_diffs(2,173)        0.99340812     -3     3    -6.6513416e-06
557 region_rec_diffs(2,174)        -1.0634003     -3     3    4.9861725e-07
558 region_rec_diffs(2,175)        -1.5971192     -3     3    5.059916e-07
559 region_rec_diffs(2,176)        -2.0194692     -3     3    3.5130687e-08
560 region_rec_diffs(2,177)        0.96043757     -3     3    5.7946396e-06
561 region_rec_diffs(2,178)        0.028565427     -3     3    6.9168604e-07
562 region_rec_diffs(2,179)        -1.2281147     -3     3    -1.0876328e-07
563 region_rec_diffs(2,180)        -0.92013961     -3     3    -6.6087062e-07
564 region_rec_diffs(2,181)        1.4259092     -3     3    -2.3309384e-06
565 region_rec_diffs(2,182)        -1.3348985     -3     3    3.1440846e-07
566 region_rec_diffs(2,183)        -1.8084782     -3     3    3.0414063e-07
567 region_rec_diffs(2,184)        -1.6457981     -3     3    1.2735262e-07
568 region_rec_diffs(2,185)        -0.17615065     -3     3    1.312934e-06
569 region_rec_diffs(2,186)        -1.2708677     -3     3    1.7932786e-07
570 region_rec_diffs(2,187)        -1.4845259     -3     3    -6.9517676e-07
571 region_rec_diffs(2,188)        0.44827912     -3     3    -1.9159503e-06
572 region_rec_diffs(2,189)        0.9328203     -3     3    -4.9769288e-07
573 region_rec_diffs(2,190)        -1.0875214     -3     3    -3.8788723e-07
574 region_rec_diffs(2,191)        -1.4128806     -3     3    2.9450712e-07
575 region_rec_diffs(2,192)        -0.23700901     -3     3    -7.6805872e-07
576 region_rec_diffs(2,193)        1.5825526     -3     3    -7.348626e-06
577 region_rec_diffs(2,194)        -1.3167308     -3     3    -1.6350071e-06
578 region_rec_diffs(2,195)        -1.4529836     -3     3    -5.7281968e-07
579 region_rec_diffs(2,196)        1.0622104     -3     3    -5.1421646e-06
580 region_rec_diffs(2,197)        -0.043097119     -3     3    -1.15707e-08
581 region_rec_diffs(2,198)        -1.5708536     -3     3    1.5080604e-07
582 region_rec_diffs(2,199)        -1.917826     -3     3    7.2350873e-07
583 region_rec_diffs(2,200)        -1.6679008     -3     3    5.88823e-07
584 region_rec_diffs(2,201)        0.72082273     -3     3    2.4573432e-06
585 region_rec_diffs(2,202)        1.0893007     -3     3    3.0739954e-06
586 region_rec_diffs(2,203)        0.63071129     -3     3    2.6950164e-06
587 region_rec_diffs(2,204)        -0.045735341     -3     3    3.8058354e-06
588 region_rec_diffs(2,205)        -1.1601653     -3     3    -2.9594882e-08
589 region_rec_diffs(2,206)        -1.7833106     -3     3    5.0590352e-07
590 region_rec_diffs(2,207)        -1.2968245     -3     3    -6.4168217e-08
591 region_rec_diffs(2,208)        -1.445775     -3     3    -1.2011727e-06
592 region_rec_diffs(2,209)        0.46758345     -3     3    8.6873021e-09
593 region_rec_diffs(2,210)        -1.2509176     -3     3    -1.4526069e-06
594 region_rec_diffs(2,211)        -1.857302     -3     3    -7.5279185e-07
595 region_rec_diffs(2,212)        -1.9701082     -3     3    7.8379736e-07
596 region_rec_diffs(2,213)        -1.0778384     -3     3    1.9194714e-07
597 region_rec_diffs(2,214)        -0.5990957     -3     3    1.4698866e-06
598 region_rec_diffs(2,215)        -0.63769602     -3     3    1.8018146e-06
599 region_rec_diffs(2,216)        0.96006139     -3     3    -3.111891e-06
600 region_rec_diffs(2,217)        -1.4377272     -3     3    4.5076889e-07
601 region_rec_diffs(2,218)        -2.3278671     -3     3    -4.5557872e-07
602 region_rec_diffs(2,219)        -1.8426161     -3     3    1.8029565e-07
603 region_rec_diffs(2,220)        -0.71349216     -3     3    2.1317564e-06
604 region_rec_diffs(2,221)        0.49047153     -3     3    6.373692e-06
605 region_rec_diffs(2,222)        -0.99422469     -3     3    1.4633686e-06
606 region_rec_diffs(2,223)        -0.13669514     -3     3    2.5442282e-06
607 region_rec_diffs(2,224)        -1.3905961     -3     3    1.6011547e-06
608 region_rec_diffs(2,225)        -1.244238     -3     3    1.6586289e-06
609 region_rec_diffs(2,226)        -2.1197171     -3     3    -3.8782633e-07
610 region_rec_diffs(2,227)        -1.715868     -3     3    5.0036816e-07
611 region_rec_diffs(2,228)        -0.79525619     -3     3    -4.4846399e-07
612 region_rec_diffs(2,229)        0.72975468     -3     3    -1.0800996e-06
613 region_rec_diffs(2,230)        -1.0133731     -3     3    -2.9537743e-07
614 region_rec_diffs(2,231)        -0.25338727     -3     3    -1.665333e-06
615 region_rec_diffs(2,232)        -0.23605537     -3     3    6.1993687e-07
616 region_rec_diffs(2,233)        -0.2992994     -3     3    1.2265026e-06
617 region_rec_diffs(2,234)        -1.1974572     -3     3    3.2377189e-07
618 region_rec_diffs(2,235)        0.21397526     -3     3    -4.5055711e-06
619 region_rec_diffs(2,236)        0.77909989     -3     3    9.4124568e-07
620 region_rec_diffs(2,237)        -0.97234395     -3     3    1.7769755e-07
621 region_rec_diffs(2,238)        0.22437171     -3     3    -3.1002953e-07
622 region_rec_diffs(2,239)        -1.7831729     -3     3    -2.447498e-08
623 region_rec_diffs(2,240)        -1.0999326     -3     3    -1.8157222e-06
624 region_rec_diffs(2,241)        1.1056247     -3     3    2.2360563e-06
625 region_rec_diffs(2,242)        -0.38721772     -3     3    -1.1476184e-06
626 region_rec_diffs(2,243)        -0.87996771     -3     3    -7.0778328e-07
627 region_rec_diffs(2,244)        0.39762973     -3     3    6.6790979e-07
628 region_rec_diffs(2,245)        -0.36853648     -3     3    3.1699008e-06
629 region_rec_diffs(2,246)        -0.77732387     -3     3    -4.2398629e-07
630 region_rec_diffs(2,247)        -0.67648913     -3     3    -6.6310694e-07
631 region_rec_diffs(2,248)        0.046683928     -3     3    3.8873875e-06
632 region_rec_diffs(2,249)        -0.35176337     -3     3    -7.8431556e-07
633 region_rec_diffs(2,250)        -2.0725291     -3     3    -2.7318563e-07
634 region_rec_diffs(2,251)        -1.8195687     -3     3    -1.8389861e-07
635 region_rec_diffs(2,252)        0.29941257     -3     3    -5.0646939e-06
636 region_rec_diffs(2,253)        1.1562247     -3     3    -1.2874167e-05
637 region_rec_diffs(2,254)        -2.0250296     -3     3    1.1368307e-07
638 region_rec_diffs(2,255)        -2.2124074     -3     3    5.9682738e-07
639 region_rec_diffs(2,256)        -0.96138714     -3     3    9.8492374e-07
640 region_rec_diffs(2,257)        0.68351275     -3     3    -9.914501e-06
641 region_rec_diffs(2,258)        -1.4560545     -3     3    8.3695382e-09
642 region_rec_diffs(2,259)        -1.5203155     -3     3    -6.4831102e-07
643 region_rec_diffs(2,260)        0.4972765     -3     3    2.203425e-07
644 region_rec_diffs(2,261)        -0.46596668     -3     3    2.5956664e-07
645 region_rec_diffs(2,262)        -1.431131     -3     3    2.0845718e-06
646 region_rec_diffs(2,263)        -1.389506     -3     3    -6.8806364e-07
647 region_rec_diffs(2,264)        0.50320913     -3     3    -5.8619817e-06
648 region_rec_diffs(2,265)        1.3786754     -3     3    9.5000514e-07
649 region_rec_diffs(2,266)        -1.4653632     -3     3    -3.8054454e-08
650 region_rec_diffs(2,267)        -1.7295432     -3     3    -9.2325549e-07
651 region_rec_diffs(2,268)        -1.2193305     -3     3    -6.7348219e-07
652 region_rec_diffs(2,269)        0.97522809     -3     3    -5.3772376e-06
653 region_rec_diffs(2,270)        -1.2470772     -3     3    -1.1383608e-06
654 region_rec_diffs(2,271)        -1.5159301     -3     3    -1.171616e-06
655 region_rec_diffs(2,272)        -0.24586022     -3     3    -8.0596618e-06
656 region_rec_diffs(2,273)        -0.2205197     -3     3    -3.2916299e-06
657 region_rec_diffs(2,274)        -1.2762328     -3     3    -6.9459374e-08
658 region_rec_diffs(2,275)        -0.49331805     -3     3    -3.4752187e-07
659 region_rec_diffs(2,276)        1.6682394     -3     3    2.2006397e-06
660 region_rec_diffs(2,277)        -0.1521131     -3     3    -1.1465253e-06
661 region_rec_diffs(2,278)        -0.35089924     -3     3    -3.2723355e-07
662 region_rec_diffs(2,279)        -0.1586465     -3     3    -6.8443453e-07
663 region_rec_diffs(3,1)        -2.0317081e-11     -3     3    -5.6449437e-12
664 region_rec_diffs(3,2)        -1.2917747     -3     3    -1.1733711e-06
665 region_rec_diffs(3,3)        -1.3711964     -3     3    -3.2320454e-07
666 region_rec_diffs(3,4)        -1.4689562     -3     3    -6.7650924e-07
667 region_rec_diffs(3,5)        -1.4903589     -3     3    -9.643302e-07
668 region_rec_diffs(3,6)        -0.18945784     -3     3    9.6267649e-08
669 region_rec_diffs(3,7)        -0.1859699     -3     3    1.5506338e-07
670 region_rec_diffs(3,8)        -1.6863786     -3     3    -8.7162542e-07
671 region_rec_diffs(3,9)        -0.035893957     -3     3    -1.0793587e-06
672 region_rec_diffs(3,10)        0.11118813     -3     3    -7.7484088e-07
673 region_rec_diffs(3,11)        0.041063872     -3     3    -1.2152834e-07
674 region_rec_diffs(3,12)        -0.90141144     -3     3    2.1304681e-06
675 region_rec_diffs(3,13)        -0.0031746763     -3     3    8.6582963e-07
676 region_rec_diffs(3,14)        -0.6604219     -3     3    -1.2450516e-06
677 region_rec_diffs(3,15)        -0.027682468     -3     3    -4.2084069e-07
678 region_rec_diffs(3,16)        -0.082398301     -3     3    -7.2391721e-07
679 region_rec_diffs(3,17)        -0.34901307     -3     3    1.1528137e-06
680 region_rec_diffs(3,18)        -1.4976079     -3     3    -1.7356083e-06
681 region_rec_diffs(3,19)        -0.14038995     -3     3    4.2958959e-09
682 region_rec_diffs(3,20)        -0.24404181     -3     3    5.9109375e-07
683 region_rec_diffs(3,21)        -0.97049799     -3     3    -4.5063563e-07
684 region_rec_diffs(3,22)        -1.4275999     -3     3    -2.6233827e-07
685 region_rec_diffs(3,23)        -0.15743767     -3     3    6.3745731e-08
686 region_rec_diffs(3,24)        -1.2237803     -3     3    4.8490667e-08
687 region_rec_diffs(3,25)        -0.52902978     -3     3    -4.8882166e-07
688 region_rec_diffs(3,26)        -1.9549832     -3     3    1.9075607e-07
689 region_rec_diffs(3,27)        -0.13015536     -3     3    7.725352e-08
690 region_rec_diffs(3,28)        -1.7893967     -3     3    -3.5149889e-07
691 region_rec_diffs(3,29)        -1.2154116     -3     3    1.4058961e-07
692 region_rec_diffs(3,30)        -0.31620989     -3     3    -3.1634316e-07
693 region_rec_diffs(3,31)        -0.058994745     -3     3    6.2205488e-08
694 region_rec_diffs(3,32)        -0.15615057     -3     3    -1.5586483e-07
695 region_rec_diffs(3,33)        -0.73648121     -3     3    1.9767505e-06
696 region_rec_diffs(3,34)        -1.2228463     -3     3    -2.9533549e-06
697 region_rec_diffs(3,35)        -0.049047559     -3     3    4.3837529e-08
698 region_rec_diffs(3,36)        -0.81753459     -3     3    -8.4613686e-07
699 region_rec_diffs(3,37)        -0.59757627     -3     3    -1.9153897e-06
700 region_rec_diffs(3,38)        0.17834399     -3     3    -7.2517466e-07
701 region_rec_diffs(3,39)        0.016710357     -3     3    -1.2160983e-07
702 region_rec_diffs(3,40)        -0.023106906     -3     3    -2.2638087e-07
703 region_rec_diffs(3,41)        -1.0993475     -3     3    7.987064e-07
704 region_rec_diffs(3,42)        -0.84158652     -3     3    4.0428806e-07
705 region_rec_diffs(3,43)        -0.030103462     -3     3    -2.3189035e-07
706 region_rec_diffs(3,44)        -0.82654598     -3     3    9.2435365e-08
707 region_rec_diffs(3,45)        -1.4999207     -3     3    7.7654468e-08
708 region_rec_diffs(3,46)        -0.19471977     -3     3    2.8614842e-07
709 region_rec_diffs(3,47)        -0.12276655     -3     3    -1.0008326e-08
710 region_rec_diffs(3,48)        -0.59368472     -3     3    1.3731535e-06
711 region_rec_diffs(3,49)        -1.3319144     -3     3    1.5097453e-06
712 region_rec_diffs(3,50)        -0.059366139     -3     3    6.2241482e-08
713 region_rec_diffs(3,51)        -1.0175616     -3     3    5.9548267e-07
714 region_rec_diffs(3,52)        -0.34619692     -3     3    1.5909665e-07
715 region_rec_diffs(3,53)        -1.5485578     -3     3    -4.6816022e-07
716 region_rec_diffs(3,54)        -0.020257274     -3     3    5.4525241e-08
717 region_rec_diffs(3,55)        -0.086341604     -3     3    -3.5682369e-07
718 region_rec_diffs(3,56)        -0.3715274     -3     3    2.0979064e-07
719 region_rec_diffs(3,57)        -0.53687727     -3     3    1.5807625e-06
720 region_rec_diffs(3,58)        -0.85016212     -3     3    -6.1817809e-07
721 region_rec_diffs(3,59)        -0.24345884     -3     3    -5.4723189e-08
722 region_rec_diffs(3,60)        -1.0115816     -3     3    1.5819615e-06
723 region_rec_diffs(3,61)        -1.5467738     -3     3    7.4786931e-07
724 region_rec_diffs(3,62)        -0.17234842     -3     3    -3.6444318e-07
725 region_rec_diffs(3,63)        -0.48168033     -3     3    3.4877947e-07
726 region_rec_diffs(3,64)        -0.43491845     -3     3    8.8058548e-07
727 region_rec_diffs(3,65)        -1.5736048     -3     3    2.9857987e-07
728 region_rec_diffs(3,66)        -0.033900455     -3     3    1.5519911e-07
729 region_rec_diffs(3,67)        -0.32995046     -3     3    -7.357695e-08
730 region_rec_diffs(3,68)        -0.70261406     -3     3    -1.4473181e-07
731 region_rec_diffs(3,69)        -0.98798607     -3     3    1.742094e-06
732 region_rec_diffs(3,70)        -0.41723647     -3     3    1.0428847e-07
733 region_rec_diffs(3,71)        -0.31064155     -3     3    -4.3006744e-07
734 region_rec_diffs(3,72)        -0.52333523     -3     3    9.8779791e-07
735 region_rec_diffs(3,73)        -0.57638011     -3     3    -4.9273797e-07
736 region_rec_diffs(3,74)        -1.0632832     -3     3    2.2711723e-07
737 region_rec_diffs(3,75)        -0.095105693     -3     3    -1.4862564e-07
738 region_rec_diffs(3,76)        -0.33209086     -3     3    -3.1552439e-07
739 region_rec_diffs(3,77)        -0.86924619     -3     3    -1.3148739e-06
740 region_rec_diffs(3,78)        -0.42537706     -3     3    -4.8890309e-07
741 region_rec_diffs(3,79)        -0.25292792     -3     3    -3.0319985e-09
742 region_rec_diffs(3,80)        -1.0071476     -3     3    2.7880291e-07
743 region_rec_diffs(3,81)        -1.3401722     -3     3    -8.214693e-07
744 region_rec_diffs(3,82)        -0.70804527     -3     3    -1.8570046e-07
745 region_rec_diffs(3,83)        -0.92192925     -3     3    -2.3467351e-07
746 region_rec_diffs(3,84)        -0.5698613     -3     3    -3.6251513e-07
747 region_rec_diffs(3,85)        -0.65989144     -3     3    -3.5054422e-07
748 region_rec_diffs(3,86)        -0.018083035     -3     3    2.315988e-07
749 region_rec_diffs(3,87)        -0.82863789     -3     3    1.4159193e-06
750 region_rec_diffs(3,88)        -0.038551367     -3     3    2.6736074e-06
751 region_rec_diffs(3,89)        -0.74458168     -3     3    3.156869e-07
752 region_rec_diffs(3,90)        -0.16826721     -3     3    1.051539e-07
753 region_rec_diffs(3,91)        -0.2830132     -3     3    3.6143649e-07
754 region_rec_diffs(3,92)        -0.78291328     -3     3    -6.748562e-07
755 region_rec_diffs(3,93)        -1.2389693     -3     3    -1.1849878e-06
756 region_rec_diffs(3,94)        -0.28517245     -3     3    -1.0458744e-06
757 region_rec_diffs(3,95)        -0.066795967     -3     3    -1.0993898e-06
758 region_rec_diffs(3,96)        1.2860279     -3     3    -3.6329989e-07
759 region_rec_diffs(3,97)        -0.0021359156     -3     3    2.8901454e-06
760 region_rec_diffs(3,98)        -0.91286307     -3     3    6.6272559e-07
761 region_rec_diffs(3,99)        0.33140963     -3     3    -1.2859723e-06
762 region_rec_diffs(3,100)        -1.4124697     -3     3    -2.1888267e-07
763 region_rec_diffs(3,101)        0.11497802     -3     3    -1.6318359e-07
764 region_rec_diffs(3,102)        -0.022360242     -3     3    2.6981585e-08
765 region_rec_diffs(3,103)        -0.25665087     -3     3    1.4932076e-07
766 region_rec_diffs(3,104)        -0.35875959     -3     3    -7.7946278e-07
767 region_rec_diffs(3,105)        -0.13889578     -3     3    -2.9243194e-07
768 region_rec_diffs(3,106)        -0.064611414     -3     3    -7.326163e-11
769 region_rec_diffs(3,107)        -0.15094658     -3     3    -1.0031684e-07
770 region_rec_diffs(3,108)        -0.81113537     -3     3    7.5372068e-07
771 region_rec_diffs(3,109)        -0.70586604     -3     3    -1.1379882e-06
772 region_rec_diffs(3,110)        -0.062464498     -3     3    6.0418686e-09
773 region_rec_diffs(3,111)        -0.07346685     -3     3    -6.5102394e-08
774 region_rec_diffs(3,112)        -0.63121993     -3     3    -1.4164225e-06
775 region_rec_diffs(3,113)        -0.78865467     -3     3    2.4377349e-06
776 region_rec_diffs(3,114)        -0.30523504     -3     3    3.3721069e-08
777 region_rec_diffs(3,115)        -0.13200175     -3     3    2.7154015e-07
778 region_rec_diffs(3,116)        -0.77346692     -3     3    1.8627579e-06
779 region_rec_diffs(3,117)        -0.90162204     -3     3    5.7370126e-07
780 region_rec_diffs(3,118)        -0.050233809     -3     3    4.412746e-08
781 region_rec_diffs(3,119)        -0.81696551     -3     3    9.5743254e-07
782 region_rec_diffs(3,120)        -0.75033687     -3     3    7.1001471e-07
783 region_rec_diffs(3,121)        -0.72032383     -3     3    -2.2503441e-06
784 region_rec_diffs(3,122)        -0.91014972     -3     3    -6.3376278e-07
785 region_rec_diffs(3,123)        -0.11102661     -3     3    2.1751964e-07
786 region_rec_diffs(3,124)        0.19834727     -3     3    -1.2260222e-06
787 region_rec_diffs(3,125)        -0.39205191     -3     3    5.9472454e-07
788 region_rec_diffs(3,126)        -1.180837     -3     3    1.0512923e-06
789 region_rec_diffs(3,127)        -0.56485549     -3     3    -1.2379713e-06
790 region_rec_diffs(3,128)        -1.1353     -3     3    -4.5603466e-08
791 region_rec_diffs(3,129)        -1.1295549     -3     3    1.4603807e-07
792 region_rec_diffs(3,130)        -0.79501655     -3     3    -3.7813898e-08
793 region_rec_diffs(3,131)        -0.44136282     -3     3    4.1131288e-07
794 region_rec_diffs(3,132)        0.78776043     -3     3    -1.5514515e-06
795 region_rec_diffs(3,133)        -0.67134472     -3     3    4.0662843e-07
796 region_rec_diffs(3,134)        -0.12708188     -3     3    8.8901955e-07
797 region_rec_diffs(3,135)        -0.3608496     -3     3    4.2709294e-06
798 region_rec_diffs(3,136)        -0.55142809     -3     3    3.2567443e-06
799 region_rec_diffs(3,137)        -0.16063138     -3     3    2.296017e-06
800 region_rec_diffs(3,138)        -0.54637567     -3     3    1.7400979e-06
801 region_rec_diffs(3,139)        -0.22806067     -3     3    -8.9993025e-08
802 region_rec_diffs(3,140)        -1.1796117     -3     3    1.1584121e-06
803 region_rec_diffs(3,141)        -0.68690219     -3     3    -1.8103807e-06
804 region_rec_diffs(3,142)        0.049814227     -3     3    4.9695058e-08
805 region_rec_diffs(3,143)        -0.13121462     -3     3    2.6957469e-07
806 region_rec_diffs(3,144)        1.0524246     -3     3    2.6031547e-06
807 region_rec_diffs(3,145)        -1.0707774     -3     3    -1.3632709e-06
808 region_rec_diffs(3,146)        -0.70414952     -3     3    -6.1304741e-07
809 region_rec_diffs(3,147)        -0.74388231     -3     3    8.7859086e-07
810 region_rec_diffs(3,148)        -1.312081     -3     3    -3.8792256e-07
811 region_rec_diffs(3,149)        -0.86731368     -3     3    -1.9525496e-06
812 region_rec_diffs(3,150)        -0.077708418     -3     3    -5.4069203e-08
813 region_rec_diffs(3,151)        0.97618412     -3     3    -5.6749765e-06
814 region_rec_diffs(3,152)        -1.2013781     -3     3    -5.1819887e-08
815 region_rec_diffs(3,153)        -0.24854977     -3     3    1.0708969e-06
816 region_rec_diffs(3,154)        -0.18471786     -3     3    2.2810076e-06
817 region_rec_diffs(3,155)        -0.55604988     -3     3    -1.459953e-06
818 region_rec_diffs(3,156)        -0.17174854     -3     3    9.6231956e-07
819 region_rec_diffs(3,157)        1.0054808     -3     3    -2.5024181e-06
820 region_rec_diffs(3,158)        0.95146471     -3     3    -5.2705477e-06
821 region_rec_diffs(3,159)        0.79358743     -3     3    -1.6541393e-06
822 region_rec_diffs(3,160)        -1.681411     -3     3    -4.5172485e-07
823 region_rec_diffs(3,161)        -0.1814485     -3     3    6.0112378e-06
824 region_rec_diffs(3,162)        -0.3622129     -3     3    -6.393408e-07
825 region_rec_diffs(3,163)        -1.3952179     -3     3    -1.1933134e-06
826 region_rec_diffs(3,164)        -1.1660324     -3     3    6.336438e-07
827 region_rec_diffs(3,165)        1.7868955     -3     3    8.9903121e-06
828 region_rec_diffs(3,166)        0.36724822     -3     3    1.4649866e-06
829 region_rec_diffs(3,167)        1.7175677     -3     3    3.006927e-07
830 region_rec_diffs(3,168)        -1.5550079     -3     3    -1.3466179e-06
831 region_rec_diffs(3,169)        -1.3379894     -3     3    -1.1662023e-06
832 region_rec_diffs(3,170)        -0.82589499     -3     3    -6.1320572e-07
833 region_rec_diffs(3,171)        -1.3666183     -3     3    -9.9873151e-07
834 region_rec_diffs(3,172)        -1.7636335     -3     3    4.6073927e-07
835 region_rec_diffs(3,173)        -2.1537569     -3     3    1.4370004e-06
836 region_rec_diffs(3,174)        -0.34530062     -3     3    2.1004144e-06
837 region_rec_diffs(3,175)        1.4637172     -3     3    -3.439404e-06
838 region_rec_diffs(3,176)        0.89584022     -3     3    -2.1818389e-06
839 region_rec_diffs(3,177)        -0.094706971     -3     3    -5.409916e-06
840 region_rec_diffs(3,178)        1.2920743     -3     3    -1.8033416e-06
841 region_rec_diffs(3,179)        1.6892539     -3     3    5.0870268e-06
842 region_rec_diffs(3,180)        -0.40275029     -3     3    2.4496609e-06
843 region_rec_diffs(3,181)        -1.2188973     -3     3    4.604835e-07
844 region_rec_diffs(3,182)        -0.57142015     -3     3    -2.0821958e-06
845 region_rec_diffs(3,183)        -0.71447642     -3     3    1.4359992e-06
846 region_rec_diffs(3,184)        -0.55931071     -3     3    1.0675054e-06
847 region_rec_diffs(3,185)        1.4162453     -3     3    2.3357771e-06
848 region_rec_diffs(3,186)        0.43102694     -3     3    1.3513699e-06
849 region_rec_diffs(3,187)        -0.068315113     -3     3    -1.9650679e-06
850 region_rec_diffs(3,188)        -1.1587723     -3     3    -1.4315002e-07
851 region_rec_diffs(3,189)        0.4261669     -3     3    -6.8311552e-07
852 region_rec_diffs(3,190)        -0.10189741     -3     3    9.7660103e-07
853 region_rec_diffs(3,191)        1.5785637     -3     3    5.5225478e-06
854 region_rec_diffs(3,192)        1.4889068     -3     3    -3.4928178e-06
855 region_rec_diffs(3,193)        0.52004594     -3     3    2.7294489e-06
856 region_rec_diffs(3,194)        -1.4219943     -3     3    -6.788931e-07
857 region_rec_diffs(3,195)        -1.0129894     -3     3    7.2409401e-07
858 region_rec_diffs(3,196)        0.076709408     -3     3    1.6726443e-06
859 region_rec_diffs(3,197)        -0.82392212     -3     3    5.2628749e-07
860 region_rec_diffs(3,198)        -1.0952947     -3     3    -9.8475274e-07
861 region_rec_diffs(3,199)        1.3561364     -3     3    4.7878536e-07
862 region_rec_diffs(3,200)        0.18075038     -3     3    -2.9696917e-06
863 region_rec_diffs(3,201)        -0.691147     -3     3    -4.4216448e-07
864 region_rec_diffs(3,202)        0.90602142     -3     3    -3.3972382e-07
865 region_rec_diffs(3,203)        0.65611594     -3     3    -4.3092342e-06
866 region_rec_diffs(3,204)        -0.60240982     -3     3    1.0750729e-06
867 region_rec_diffs(3,205)        -0.69292918     -3     3    -4.9610587e-07
868 region_rec_diffs(3,206)        -0.8972076     -3     3    4.4528492e-07
869 region_rec_diffs(3,207)        -0.64191414     -3     3    3.7514196e-07
870 region_rec_diffs(3,208)        -1.4422776     -3     3    1.1325721e-07
871 region_rec_diffs(3,209)        1.1099024     -3     3    1.8767486e-06
872 region_rec_diffs(3,210)        1.4116328     -3     3    2.0175523e-06
873 region_rec_diffs(3,211)        0.018699097     -3     3    -6.5841118e-07
874 region_rec_diffs(3,212)        0.066290729     -3     3    1.5042009e-06
875 region_rec_diffs(3,213)        -0.35149896     -3     3    2.8517636e-08
876 region_rec_diffs(3,214)        0.51500249     -3     3    -1.1137669e-06
877 region_rec_diffs(3,215)        1.3287907     -3     3    4.282864e-06
878 region_rec_diffs(3,216)        0.80691594     -3     3    -6.3441412e-06
879 region_rec_diffs(3,217)        -0.34123973     -3     3    1.8000888e-06
880 region_rec_diffs(3,218)        0.7817423     -3     3    -2.1161533e-06
881 region_rec_diffs(3,219)        1.8296125     -3     3    -1.0100479e-05
882 region_rec_diffs(3,220)        1.6991416     -3     3    -8.2281702e-06
883 region_rec_diffs(3,221)        -0.17507614     -3     3    -3.3035815e-06
884 region_rec_diffs(3,222)        1.7246458     -3     3    -6.6564393e-06
885 region_rec_diffs(3,223)        1.3404072     -3     3    6.2472316e-07
886 region_rec_diffs(3,224)        0.24998603     -3     3    6.1116567e-06
887 region_rec_diffs(3,225)        -0.63561023     -3     3    6.4732798e-07
888 region_rec_diffs(3,226)        0.6681059     -3     3    -3.7316976e-06
889 region_rec_diffs(3,227)        1.3181999     -3     3    -2.7066073e-06
890 region_rec_diffs(3,228)        1.3944349     -3     3    -2.2901974e-06
891 region_rec_diffs(3,229)        -0.23607341     -3     3    -5.7005281e-06
892 region_rec_diffs(3,230)        1.5255277     -3     3    -4.6247564e-07
893 region_rec_diffs(3,231)        1.6232451     -3     3    -5.5057039e-06
894 region_rec_diffs(3,232)        0.5614509     -3     3    -4.7777897e-06
895 region_rec_diffs(3,233)        1.6392288     -3     3    4.0145229e-07
896 region_rec_diffs(3,234)        1.7800538     -3     3    4.3207101e-06
897 region_rec_diffs(3,235)        1.63267     -3     3    1.8528801e-07
898 region_rec_diffs(3,236)        0.81104591     -3     3    5.6941432e-06
899 region_rec_diffs(3,237)        -0.061257515     -3     3    -5.3241407e-07
900 region_rec_diffs(3,238)        1.0725885     -3     3    9.4700168e-06
901 region_rec_diffs(3,239)        1.4595559     -3     3    6.8932327e-06
902 region_rec_diffs(3,240)        1.5220775     -3     3    -9.1522996e-07
903 region_rec_diffs(3,241)        0.94470351     -3     3    3.7554455e-06
904 region_rec_diffs(3,242)        1.4232808     -3     3    3.1118962e-06
905 region_rec_diffs(3,243)        1.4449164     -3     3    7.9922101e-06
906 region_rec_diffs(3,244)        0.51419314     -3     3    2.1493443e-06
907 region_rec_diffs(3,245)        1.2205438     -3     3    1.5422488e-07
908 region_rec_diffs(3,246)        1.583677     -3     3    -5.1168656e-06
909 region_rec_diffs(3,247)        1.3095681     -3     3    -7.3060444e-07
910 region_rec_diffs(3,248)        0.49528301     -3     3    -3.2097246e-06
911 region_rec_diffs(3,249)        -1.1324606     -3     3    -1.6063238e-06
912 region_rec_diffs(3,250)        1.0151117     -3     3    -2.4664684e-06
913 region_rec_diffs(3,251)        1.0675043     -3     3    -3.5264296e-06
914 region_rec_diffs(3,252)        0.95450936     -3     3    1.2456367e-07
915 region_rec_diffs(3,253)        0.13257453     -3     3    9.3674834e-08
916 region_rec_diffs(3,254)        -0.27153329     -3     3    3.4123254e-06
917 region_rec_diffs(3,255)        0.56620498     -3     3    9.1105316e-06
918 region_rec_diffs(3,256)        0.6700298     -3     3    -1.3375105e-05
919 region_rec_diffs(3,257)        0.13109111     -3     3    -7.4642187e-06
920 region_rec_diffs(3,258)        0.33413157     -3     3    6.9022603e-07
921 region_rec_diffs(3,259)        -0.051438092     -3     3    4.9968413e-06
922 region_rec_diffs(3,260)        0.14796577     -3     3    7.7886814e-07
923 region_rec_diffs(3,261)        -0.39700951     -3     3    -6.512448e-07
924 region_rec_diffs(3,262)        0.076178098     -3     3    -2.4227915e-06
925 region_rec_diffs(3,263)        1.179956     -3     3    -6.2579441e-06
926 region_rec_diffs(3,264)        0.45613368     -3     3    -9.0877092e-07
927 region_rec_diffs(3,265)        -0.89396856     -3     3    1.7261077e-06
928 region_rec_diffs(3,266)        -0.22073144     -3     3    5.1884385e-06
929 region_rec_diffs(3,267)        0.54701605     -3     3    9.0726011e-07
930 region_rec_diffs(3,268)        0.99116824     -3     3    -4.5328456e-06
931 region_rec_diffs(3,269)        0.82298674     -3     3    -4.9784612e-07
932 region_rec_diffs(3,270)        0.64544352     -3     3    -5.1784621e-06
933 region_rec_diffs(3,271)        0.49886673     -3     3    -3.3169978e-06
934 region_rec_diffs(3,272)        -0.48334422     -3     3    -3.8899975e-06
935 region_rec_diffs(3,273)        0.10172012     -3     3    -1.7945777e-06
936 region_rec_diffs(3,274)        -1.790409     -3     3    -2.311298e-06
937 region_rec_diffs(3,275)        0.96432178     -3     3    -3.5030412e-06
938 region_rec_diffs(3,276)        -0.96211568     -3     3    -1.3888168e-06
939 region_rec_diffs(3,277)        1.719659     -3     3    -2.7514742e-06
940 region_rec_diffs(3,278)        -0.32770727     -3     3    -7.5540134e-07
941 region_rec_diffs(3,279)        -0.34916826     -3     3    -5.3240998e-07
942 region_rec_diffs(4,1)        -1.8163693e-11     -3     3    -4.6628648e-12
943 region_rec_diffs(4,2)        -0.21534806     -3     3    2.4108251e-06
944 region_rec_diffs(4,3)        -0.20458903     -3     3    -3.5098581e-06
945 region_rec_diffs(4,4)        -0.43765729     -3     3    6.2088408e-07
946 region_rec_diffs(4,5)        -0.46554081     -3     3    -2.3348259e-06
947 region_rec_diffs(4,6)        -0.1264059     -3     3    -2.5952782e-07
948 region_rec_diffs(4,7)        -0.12734229     -3     3    -3.1871857e-07
949 region_rec_diffs(4,8)        -1.3798335     -3     3    -1.3401771e-07
950 region_rec_diffs(4,9)        0.084193494     -3     3    -1.7205753e-06
951 region_rec_diffs(4,10)        0.26817278     -3     3    1.7389891e-07
952 region_rec_diffs(4,11)        0.10863981     -3     3    -4.4269987e-07
953 region_rec_diffs(4,12)        -0.70857364     -3     3    1.7107106e-06
954 region_rec_diffs(4,13)        -0.15069596     -3     3    4.8333687e-07
955 region_rec_diffs(4,14)        -1.4470301     -3     3    1.3388627e-06
956 region_rec_diffs(4,15)        -0.078047083     -3     3    -7.949868e-08
957 region_rec_diffs(4,16)        -0.017698401     -3     3    -4.120729e-08
958 region_rec_diffs(4,17)        -0.18240135     -3     3    -1.0234721e-07
959 region_rec_diffs(4,18)        -1.163952     -3     3    -4.5590914e-06
960 region_rec_diffs(4,19)        -0.01740903     -3     3    -9.6201463e-08
961 region_rec_diffs(4,20)        0.050497555     -3     3    -1.0014908e-07
962 region_rec_diffs(4,21)        0.016690694     -3     3    -1.4712156e-06
963 region_rec_diffs(4,22)        -0.45413359     -3     3    -1.6843224e-06
964 region_rec_diffs(4,23)        0.039483266     -3     3    1.0339194e-07
965 region_rec_diffs(4,24)        -0.35032517     -3     3    -1.4239046e-06
966 region_rec_diffs(4,25)        0.030620592     -3     3    -7.5297992e-07
967 region_rec_diffs(4,26)        0.14619483     -3     3    -1.0663036e-06
968 region_rec_diffs(4,27)        0.073980558     -3     3    -9.9076139e-08
969 region_rec_diffs(4,28)        -0.14207802     -3     3    5.796837e-07
970 region_rec_diffs(4,29)        -0.3771858     -3     3    3.9069867e-07
971 region_rec_diffs(4,30)        -0.071192764     -3     3    -1.8693393e-07
972 region_rec_diffs(4,31)        0.0087882635     -3     3    7.2383322e-08
973 region_rec_diffs(4,32)        0.15462614     -3     3    3.6918893e-07
974 region_rec_diffs(4,33)        1.6123806     -3     3    7.7441008e-06
975 region_rec_diffs(4,34)        -0.17363232     -3     3    -6.3396195e-06
976 region_rec_diffs(4,35)        0.022712571     -3     3    3.3346678e-08
977 region_rec_diffs(4,36)        -0.4127544     -3     3    -1.2246848e-06
978 region_rec_diffs(4,37)        0.51401278     -3     3    -9.0839532e-07
979 region_rec_diffs(4,38)        0.3340785     -3     3    -9.715731e-08
980 region_rec_diffs(4,39)        0.069384024     -3     3    -7.5625932e-08
981 region_rec_diffs(4,40)        0.23077056     -3     3    3.791559e-07
982 region_rec_diffs(4,41)        0.25257265     -3     3    -8.9660772e-07
983 region_rec_diffs(4,42)        0.11737702     -3     3    -1.1195139e-06
984 region_rec_diffs(4,43)        0.06979491     -3     3    -3.3406396e-07
985 region_rec_diffs(4,44)        1.2273554     -3     3    -1.21092e-06
986 region_rec_diffs(4,45)        0.48887098     -3     3    -5.304235e-06
987 region_rec_diffs(4,46)        0.024055685     -3     3    5.4052625e-08
988 region_rec_diffs(4,47)        0.068862078     -3     3    -1.420362e-07
989 region_rec_diffs(4,48)        1.7370302     -3     3    6.2297685e-06
990 region_rec_diffs(4,49)        -0.040949942     -3     3    3.913475e-07
991 region_rec_diffs(4,50)        0.042912977     -3     3    2.9049131e-08
992 region_rec_diffs(4,51)        -0.45700409     -3     3    -1.0073389e-07
993 region_rec_diffs(4,52)        0.073773142     -3     3    5.1134677e-09
994 region_rec_diffs(4,53)        -0.48413292     -3     3    -2.1406142e-07
995 region_rec_diffs(4,54)        -0.067403074     -3     3    2.866136e-08
996 region_rec_diffs(4,55)        -0.097557755     -3     3    -3.7911107e-07
997 region_rec_diffs(4,56)        -0.049715089     -3     3    -6.6881594e-07
998 region_rec_diffs(4,57)        1.1944205     -3     3    -2.6643594e-06
999 region_rec_diffs(4,58)        -0.0063251474     -3     3    -2.6738563e-06
1000 region_rec_diffs(4,59)        -0.050163537     -3     3    4.2186549e-07
1001 region_rec_diffs(4,60)        0.79722261     -3     3    -7.7579543e-07
1002 region_rec_diffs(4,61)        -0.44052254     -3     3    -2.5117264e-07
1003 region_rec_diffs(4,62)        0.029706764     -3     3    -4.1021689e-07
1004 region_rec_diffs(4,63)        -0.17951877     -3     3    5.2420372e-07
1005 region_rec_diffs(4,64)        0.025745693     -3     3    1.0484589e-06
1006 region_rec_diffs(4,65)        0.90853382     -3     3    -3.2025484e-06
1007 region_rec_diffs(4,66)        0.10844558     -3     3    1.2548957e-07
1008 region_rec_diffs(4,67)        0.0349141     -3     3    4.9989412e-07
1009 region_rec_diffs(4,68)        0.67189653     -3     3    1.5231536e-06
1010 region_rec_diffs(4,69)        0.93152391     -3     3    3.6304604e-06
1011 region_rec_diffs(4,70)        -0.60380342     -3     3    1.2356804e-06
1012 region_rec_diffs(4,71)        -0.21545906     -3     3    2.0139299e-07
1013 region_rec_diffs(4,72)        0.705297     -3     3    6.5397679e-06
1014 region_rec_diffs(4,73)        -0.11586625     -3     3    -7.3646341e-07
1015 region_rec_diffs(4,74)        -0.89544573     -3     3    2.7334321e-07
1016 region_rec_diffs(4,75)        -0.05619041     -3     3    -9.1027419e-08
1017 region_rec_diffs(4,76)        -0.18098085     -3     3    -3.3157862e-07
1018 region_rec_diffs(4,77)        -0.061514493     -3     3    -9.9139692e-07
1019 region_rec_diffs(4,78)        0.19364457     -3     3    1.021846e-07
1020 region_rec_diffs(4,79)        0.075913108     -3     3    4.9213951e-07
1021 region_rec_diffs(4,80)        0.081894767     -3     3    3.7610803e-06
1022 region_rec_diffs(4,81)        -0.58774119     -3     3    -4.7535244e-07
1023 region_rec_diffs(4,82)        -0.69304587     -3     3    -7.8739918e-08
1024 region_rec_diffs(4,83)        -0.52349942     -3     3    -1.1075398e-06
1025 region_rec_diffs(4,84)        0.62147666     -3     3    -1.9918189e-06
1026 region_rec_diffs(4,85)        0.11940051     -3     3    1.2561844e-07
1027 region_rec_diffs(4,86)        0.057333667     -3     3    3.1626432e-07
1028 region_rec_diffs(4,87)        -0.14071177     -3     3    3.5833953e-06
1029 region_rec_diffs(4,88)        -0.51089762     -3     3    3.9706334e-06
1030 region_rec_diffs(4,89)        -0.99813338     -3     3    -1.0254099e-06
1031 region_rec_diffs(4,90)        -0.052243965     -3     3    1.2471182e-08
1032 region_rec_diffs(4,91)        -0.35971953     -3     3    1.4424311e-07
1033 region_rec_diffs(4,92)        -0.085862232     -3     3    -7.20752e-07
1034 region_rec_diffs(4,93)        1.0093245     -3     3    -4.0776641e-06
1035 region_rec_diffs(4,94)        -0.57042332     -3     3    1.2703063e-06
1036 region_rec_diffs(4,95)        -0.0800137     -3     3    1.0843995e-06
1037 region_rec_diffs(4,96)        0.12960054     -3     3    4.7703765e-07
1038 region_rec_diffs(4,97)        -0.30675542     -3     3    1.3051774e-06
1039 region_rec_diffs(4,98)        -0.20132425     -3     3    1.5830826e-07
1040 region_rec_diffs(4,99)        -0.33425656     -3     3    3.1905252e-07
1041 region_rec_diffs(4,100)        -1.1262933     -3     3    -3.6744828e-07
1042 region_rec_diffs(4,101)        -0.78332011     -3     3    -4.0957306e-07
1043 region_rec_diffs(4,102)        -0.0054280005     -3     3    8.6576709e-08
1044 region_rec_diffs(4,103)        -0.14535215     -3     3    7.6640981e-07
1045 region_rec_diffs(4,104)        -0.77615444     -3     3    5.5670617e-06
1046 region_rec_diffs(4,105)        -0.14980056     -3     3    -3.896869e-07
1047 region_rec_diffs(4,106)        -0.043009365     -3     3    -2.4361802e-08
1048 region_rec_diffs(4,107)        -0.095340433     -3     3    -1.5560589e-07
1049 region_rec_diffs(4,108)        -0.69087362     -3     3    -1.0200784e-06
1050 region_rec_diffs(4,109)        -0.44880075     -3     3    -1.8416659e-06
1051 region_rec_diffs(4,110)        0.013425495     -3     3    -6.6567284e-09
1052 region_rec_diffs(4,111)        0.0072683511     -3     3    -7.590785e-08
1053 region_rec_diffs(4,112)        0.73048172     -3     3    -3.7463858e-06
1054 region_rec_diffs(4,113)        0.28935824     -3     3    1.1448998e-06
1055 region_rec_diffs(4,114)        -0.15756274     -3     3    4.3980834e-08
1056 region_rec_diffs(4,115)        0.02497711     -3     3    -1.852169e-08
1057 region_rec_diffs(4,116)        1.4340286     -3     3    4.7967014e-06
1058 region_rec_diffs(4,117)        0.45420412     -3     3    -3.2567559e-06
1059 region_rec_diffs(4,118)        0.057588809     -3     3    2.5311085e-08
1060 region_rec_diffs(4,119)        -0.65324863     -3     3    -2.8640609e-07
1061 region_rec_diffs(4,120)        -0.56534602     -3     3    -3.5599624e-07
1062 region_rec_diffs(4,121)        1.0552351     -3     3    -3.7806435e-06
1063 region_rec_diffs(4,122)        -0.17004245     -3     3    -1.1900887e-06
1064 region_rec_diffs(4,123)        0.094364255     -3     3    1.2053391e-07
1065 region_rec_diffs(4,124)        1.1609241     -3     3    -6.9805717e-06
1066 region_rec_diffs(4,125)        -0.26457188     -3     3    2.9751579e-06
1067 region_rec_diffs(4,126)        -0.90822403     -3     3    -9.1850355e-07
1068 region_rec_diffs(4,127)        -0.51757542     -3     3    -1.032197e-06
1069 region_rec_diffs(4,128)        -1.2765037     -3     3    -3.0776726e-07
1070 region_rec_diffs(4,129)        -1.3480772     -3     3    -1.3694072e-07
1071 region_rec_diffs(4,130)        -0.93525254     -3     3    -6.127893e-07
1072 region_rec_diffs(4,131)        -0.55100403     -3     3    -8.5773236e-07
1073 region_rec_diffs(4,132)        0.075415294     -3     3    -2.0781762e-06
1074 region_rec_diffs(4,133)        -0.28428221     -3     3    -4.5547081e-06
1075 region_rec_diffs(4,134)        -0.13302256     -3     3    9.1710276e-08
1076 region_rec_diffs(4,135)        -0.247136     -3     3    -1.5168948e-06
1077 region_rec_diffs(4,136)        -0.18263334     -3     3    7.328791e-07
1078 region_rec_diffs(4,137)        -0.2069242     -3     3    1.5402709e-06
1079 region_rec_diffs(4,138)        -0.69659057     -3     3    4.9760877e-07
1080 region_rec_diffs(4,139)        -0.38328754     -3     3    2.0877907e-07
1081 region_rec_diffs(4,140)        -1.4818027     -3     3    -8.0696449e-07
1082 region_rec_diffs(4,141)        -0.95964464     -3     3    -1.9526214e-06
1083 region_rec_diffs(4,142)        -0.067235285     -3     3    -2.3781968e-07
1084 region_rec_diffs(4,143)        -0.26746501     -3     3    6.6277499e-07
1085 region_rec_diffs(4,144)        -1.0221267     -3     3    2.8242086e-07
1086 region_rec_diffs(4,145)        -1.2821764     -3     3    8.3054048e-08
1087 region_rec_diffs(4,146)        -0.41062412     -3     3    1.2586263e-07
1088 region_rec_diffs(4,147)        -0.65562193     -3     3    1.5971369e-06
1089 region_rec_diffs(4,148)        -1.569201     -3     3    -2.033825e-06
1090 region_rec_diffs(4,149)        -0.022689883     -3     3    -2.5732116e-06
1091 region_rec_diffs(4,150)        0.60193065     -3     3    -3.634794e-06
1092 region_rec_diffs(4,151)        0.94609832     -3     3    4.8199898e-06
1093 region_rec_diffs(4,152)        -1.1931601     -3     3    1.2736146e-06
1094 region_rec_diffs(4,153)        0.12286062     -3     3    1.7083523e-06
1095 region_rec_diffs(4,154)        0.30936267     -3     3    2.109785e-07
1096 region_rec_diffs(4,155)        -0.90144988     -3     3    1.1395895e-06
1097 region_rec_diffs(4,156)        -0.61913089     -3     3    3.2260866e-07
1098 region_rec_diffs(4,157)        0.92316987     -3     3    2.0454401e-07
1099 region_rec_diffs(4,158)        -0.43860064     -3     3    2.3063145e-06
1100 region_rec_diffs(4,159)        1.604747     -3     3    2.1477673e-06
1101 region_rec_diffs(4,160)        -2.6713751     -3     3    -1.667501e-06
1102 region_rec_diffs(4,161)        -1.8921003     -3     3    4.3213767e-06
1103 region_rec_diffs(4,162)        -0.49838804     -3     3    -1.1385145e-06
1104 region_rec_diffs(4,163)        -1.3406358     -3     3    -3.5043915e-06
1105 region_rec_diffs(4,164)        -2.5493267     -3     3    1.8167857e-06
1106 region_rec_diffs(4,165)        -1.0958199     -3     3    2.5938214e-06
1107 region_rec_diffs(4,166)        -0.57089151     -3     3    3.0379418e-07
1108 region_rec_diffs(4,167)        -1.4996462     -3     3    4.4415479e-07
1109 region_rec_diffs(4,168)        -1.2044858     -3     3    1.7480045e-06
1110 region_rec_diffs(4,169)        -1.016863     -3     3    1.1096196e-06
1111 region_rec_diffs(4,170)        0.767155     -3     3    -4.3207451e-06
1112 region_rec_diffs(4,171)        1.1817253     -3     3    5.4659106e-06
1113 region_rec_diffs(4,172)        -1.7943184     -3     3    -1.3351619e-06
1114 region_rec_diffs(4,173)        0.99554366     -3     3    -4.1144503e-06
1115 region_rec_diffs(4,174)        -0.66030411     -3     3    5.0501995e-07
1116 region_rec_diffs(4,175)        -0.97467137     -3     3    7.5929083e-08
1117 region_rec_diffs(4,176)        -1.8482994     -3     3    2.458027e-06
1118 region_rec_diffs(4,177)        -0.02969262     -3     3    -6.7722799e-06
1119 region_rec_diffs(4,178)        -0.81105045     -3     3    1.8297889e-07
1120 region_rec_diffs(4,179)        0.17016886     -3     3    1.6552344e-06
1121 region_rec_diffs(4,180)        -1.3848039     -3     3    2.2777487e-06
1122 region_rec_diffs(4,181)        -1.1649313     -3     3    2.5507418e-06
1123 region_rec_diffs(4,182)        -0.68353528     -3     3    -2.2620693e-06
1124 region_rec_diffs(4,183)        1.3964919     -3     3    5.7883236e-06
1125 region_rec_diffs(4,184)        1.374086     -3     3    3.0619287e-06
1126 region_rec_diffs(4,185)        0.25249633     -3     3    1.5705021e-06
1127 region_rec_diffs(4,186)        -0.26435726     -3     3    2.5127798e-06
1128 region_rec_diffs(4,187)        -0.4028005     -3     3    8.2160729e-06
1129 region_rec_diffs(4,188)        -0.70691798     -3     3    -1.5096958e-06
1130 region_rec_diffs(4,189)        -1.4177651     -3     3    1.0122883e-08
1131 region_rec_diffs(4,190)        -0.62919629     -3     3    2.5088296e-06
1132 region_rec_diffs(4,191)        -0.97559311     -3     3    -4.4249531e-07
1133 region_rec_diffs(4,192)        -1.8198814     -3     3    -3.1340712e-06
1134 region_rec_diffs(4,193)        -1.5829973     -3     3    -8.302835e-07
1135 region_rec_diffs(4,194)        0.12300988     -3     3    1.9616004e-06
1136 region_rec_diffs(4,195)        1.0877619     -3     3    -5.5228776e-06
1137 region_rec_diffs(4,196)        0.48303193     -3     3    -9.0582825e-06
1138 region_rec_diffs(4,197)        1.309874     -3     3    3.6625264e-06
1139 region_rec_diffs(4,198)        0.75090644     -3     3    -4.8126898e-07
1140 region_rec_diffs(4,199)        0.13113647     -3     3    -1.1412362e-06
1141 region_rec_diffs(4,200)        0.085435522     -3     3    -2.6378289e-06
1142 region_rec_diffs(4,201)        -0.21570169     -3     3    -1.8257528e-06
1143 region_rec_diffs(4,202)        -0.17906161     -3     3    -1.616253e-06
1144 region_rec_diffs(4,203)        0.50922418     -3     3    -6.4459457e-06
1145 region_rec_diffs(4,204)        0.73743962     -3     3    -6.1046207e-06
1146 region_rec_diffs(4,205)        1.9398725     -3     3    -7.1527872e-06
1147 region_rec_diffs(4,206)        0.58174186     -3     3    -3.6074317e-07
1148 region_rec_diffs(4,207)        0.54442745     -3     3    -5.8622542e-06
1149 region_rec_diffs(4,208)        0.075114171     -3     3    -3.1151922e-06
1150 region_rec_diffs(4,209)        0.27895182     -3     3    2.2797085e-06
1151 region_rec_diffs(4,210)        -1.1919757     -3     3    -2.9024768e-06
1152 region_rec_diffs(4,211)        1.4773424     -3     3    -2.6634398e-06
1153 region_rec_diffs(4,212)        -0.44707663     -3     3    1.1098164e-06
1154 region_rec_diffs(4,213)        0.040802639     -3     3    -9.1779291e-08
1155 region_rec_diffs(4,214)        0.0032795753     -3     3    -4.5041648e-06
1156 region_rec_diffs(4,215)        0.56638699     -3     3    -1.9843224e-06
1157 region_rec_diffs(4,216)        -0.16253209     -3     3    -1.470491e-06
1158 region_rec_diffs(4,217)        0.68424149     -3     3    1.606058e-06
1159 region_rec_diffs(4,218)        -0.23269883     -3     3    -2.3093705e-06
1160 region_rec_diffs(4,219)        -0.96908329     -3     3    -1.0279027e-06
1161 region_rec_diffs(4,220)        -1.7895171     -3     3    -7.0484489e-07
1162 region_rec_diffs(4,221)        0.65292786     -3     3    2.7565858e-07
1163 region_rec_diffs(4,222)        -0.10402476     -3     3    -2.1702485e-06
1164 region_rec_diffs(4,223)        -1.9496761     -3     3    -6.4822317e-08
1165 region_rec_diffs(4,224)        -1.1083718     -3     3    1.0314138e-06
1166 region_rec_diffs(4,225)        -0.7709217     -3     3    -1.38739e-07
1167 region_rec_diffs(4,226)        -0.35960737     -3     3    -2.2807062e-06
1168 region_rec_diffs(4,227)        -2.074745     -3     3    -9.511591e-08
1169 region_rec_diffs(4,228)        -2.3827168     -3     3    -3.001126e-07
1170 region_rec_diffs(4,229)        1.0323629     -3     3    -5.1374155e-06
1171 region_rec_diffs(4,230)        0.39840557     -3     3    -1.1114191e-06
1172 region_rec_diffs(4,231)        0.54290449     -3     3    1.2679636e-06
1173 region_rec_diffs(4,232)        -1.25125     -3     3    -2.4330525e-06
1174 region_rec_diffs(4,233)        -1.1934288     -3     3    1.5165842e-06
1175 region_rec_diffs(4,234)        -0.81457963     -3     3    3.1524989e-07
1176 region_rec_diffs(4,235)        0.30439287     -3     3    2.333443e-06
1177 region_rec_diffs(4,236)        -0.28890186     -3     3    -3.075324e-06
1178 region_rec_diffs(4,237)        -2.2638849     -3     3    1.3330673e-07
1179 region_rec_diffs(4,238)        -1.6823715     -3     3    -4.1168458e-07
1180 region_rec_diffs(4,239)        -0.39399299     -3     3    3.7277324e-06
1181 region_rec_diffs(4,240)        0.68798748     -3     3    -3.5972002e-06
1182 region_rec_diffs(4,241)        -0.78634694     -3     3    -2.3261422e-06
1183 region_rec_diffs(4,242)        -2.0824129     -3     3    2.621757e-06
1184 region_rec_diffs(4,243)        -2.4955601     -3     3    -1.9047374e-06
1185 region_rec_diffs(4,244)        -1.4528191     -3     3    -1.7501266e-06
1186 region_rec_diffs(4,245)        -1.0341386     -3     3    -3.5288012e-06
1187 region_rec_diffs(4,246)        -1.9529294     -3     3    7.8719386e-07
1188 region_rec_diffs(4,247)        1.453831     -3     3    7.1703936e-06
1189 region_rec_diffs(4,248)        0.60536437     -3     3    2.0033257e-06
1190 region_rec_diffs(4,249)        0.44772842     -3     3    -2.7627181e-06
1191 region_rec_diffs(4,250)        0.53164133     -3     3    3.3422491e-06
1192 region_rec_diffs(4,251)        1.2442408     -3     3    1.2008028e-05
1193 region_rec_diffs(4,252)        1.2347183     -3     3    4.4287958e-06
1194 region_rec_diffs(4,253)        0.27570372     -3     3    -2.4389561e-06
1195 region_rec_diffs(4,254)        1.422505     -3     3    -5.0475584e-06
1196 region_rec_diffs(4,255)        0.70823511     -3     3    -1.681115e-06
1197 region_rec_diffs(4,256)        1.0016506     -3     3    6.6801513e-06
1198 region_rec_diffs(4,257)        1.0510129     -3     3    -5.0445169e-06
1199 region_rec_diffs(4,258)        1.4037738     -3     3    9.3256962e-06
1200 region_rec_diffs(4,259)        0.46121488     -3     3    3.4631325e-06
1201 region_rec_diffs(4,260)        -0.39739293     -3     3    4.9222821e-06
1202 region_rec_diffs(4,261)        0.96926795     -3     3    -3.209169e-06
1203 region_rec_diffs(4,262)        1.1982712     -3     3    -3.3303494e-06
1204 region_rec_diffs(4,263)        0.98511444     -3     3    -9.8631489e-06
1205 region_rec_diffs(4,264)        1.158957     -3     3    -3.0434942e-06
1206 region_rec_diffs(4,265)        0.62170268     -3     3    -2.9537514e-06
1207 region_rec_diffs(4,266)        1.209534     -3     3    -5.1591675e-06
1208 region_rec_diffs(4,267)        1.2860281     -3     3    -1.6814027e-05
1209 region_rec_diffs(4,268)        0.81322537     -3     3    -6.4181894e-06
1210 region_rec_diffs(4,269)        0.86603658     -3     3    -4.6496472e-06
1211 region_rec_diffs(4,270)        1.3688869     -3     3    -4.3060554e-06
1212 region_rec_diffs(4,271)        0.4321194     -3     3    -1.8612435e-06
1213 region_rec_diffs(4,272)        -0.51121015     -3     3    -4.5869062e-06
1214 region_rec_diffs(4,273)        -1.0515131     -3     3    -1.4829731e-07
1215 region_rec_diffs(4,274)        2.1099146     -3     3    -3.2400534e-06
1216 region_rec_diffs(4,275)        -1.5403373     -3     3    -9.4132844e-07
1217 region_rec_diffs(4,276)        -1.5488402     -3     3    -7.3586427e-07
1218 region_rec_diffs(4,277)        -0.43193722     -3     3    -1.2873423e-06
1219 region_rec_diffs(4,278)        1.4679872     -3     3    -1.0205159e-06
1220 region_rec_diffs(4,279)        -0.072259849     -3     3    -6.7462288e-07
1221 region_rec_diffs(5,1)        -5.1345594e-12     -3     3    -1.0918006e-12
1222 region_rec_diffs(5,2)        0.54595271     -3     3    5.0451841e-06
1223 region_rec_diffs(5,3)        0.65253619     -3     3    3.8591052e-06
1224 region_rec_diffs(5,4)        0.68012388     -3     3    4.9227082e-06
1225 region_rec_diffs(5,5)        0.62878044     -3     3    6.5904472e-06
1226 region_rec_diffs(5,6)        0.0075423061     -3     3    1.1562758e-08
1227 region_rec_diffs(5,7)        0.0078524888     -3     3    1.7365229e-08
1228 region_rec_diffs(5,8)        0.41823494     -3     3    3.9391091e-07
1229 region_rec_diffs(5,9)        0.052577476     -3     3    1.0661953e-07
1230 region_rec_diffs(5,10)        0.060793914     -3     3    1.486861e-07
1231 region_rec_diffs(5,11)        0.026204645     -3     3    2.2422843e-08
1232 region_rec_diffs(5,12)        0.42680935     -3     3    1.1058229e-06
1233 region_rec_diffs(5,13)        0.022153277     -3     3    1.8642001e-07
1234 region_rec_diffs(5,14)        1.6184308     -3     3    2.1110716e-06
1235 region_rec_diffs(5,15)        0.018541855     -3     3    2.778762e-08
1236 region_rec_diffs(5,16)        0.042727249     -3     3    2.1597308e-07
1237 region_rec_diffs(5,17)        0.078529241     -3     3    1.4585797e-07
1238 region_rec_diffs(5,18)        0.71516105     -3     3    5.8222987e-07
1239 region_rec_diffs(5,19)        0.016852317     -3     3    4.3541276e-08
1240 region_rec_diffs(5,20)        0.04452923     -3     3    -2.2049424e-09
1241 region_rec_diffs(5,21)        0.38838805     -3     3    -3.9650688e-07
1242 region_rec_diffs(5,22)        1.0656478     -3     3    2.3914789e-07
1243 region_rec_diffs(5,23)        0.026268127     -3     3    9.5552782e-08
1244 region_rec_diffs(5,24)        0.11065811     -3     3    6.4891458e-08
1245 region_rec_diffs(5,25)        0.039944907     -3     3    -3.6071155e-09
1246 region_rec_diffs(5,26)        0.071488383     -3     3    1.4996372e-06
1247 region_rec_diffs(5,27)        0.016702335     -3     3    -2.8526714e-09
1248 region_rec_diffs(5,28)        1.5186639     -3     3    1.6266786e-06
1249 region_rec_diffs(5,29)        0.25318358     -3     3    -7.0714945e-07
1250 region_rec_diffs(5,30)        0.036011916     -3     3    -4.888689e-08
1251 region_rec_diffs(5,31)        0.0065244047     -3     3    2.432157e-08
1252 region_rec_diffs(5,32)        0.020604036     -3     3    8.9327596e-08
1253 region_rec_diffs(5,33)        -0.032138952     -3     3    1.0184879e-06
1254 region_rec_diffs(5,34)        1.3639993     -3     3    1.854465e-06
1255 region_rec_diffs(5,35)        0.019350213     -3     3    6.1866349e-08
1256 region_rec_diffs(5,36)        0.040590406     -3     3    3.5989926e-07
1257 region_rec_diffs(5,37)        0.78576771     -3     3    3.465628e-06
1258 region_rec_diffs(5,38)        0.031342613     -3     3    1.5932192e-07
1259 region_rec_diffs(5,39)        0.006994062     -3     3    1.1407882e-08
1260 region_rec_diffs(5,40)        -0.0066362179     -3     3    4.9416028e-08
1261 region_rec_diffs(5,41)        -0.54694939     -3     3    1.0862492e-06
1262 region_rec_diffs(5,42)        -0.40304069     -3     3    1.1197114e-06
1263 region_rec_diffs(5,43)        -0.0033294966     -3     3    -3.9992111e-08
1264 region_rec_diffs(5,44)        -0.1579447     -3     3    1.0790602e-07
1265 region_rec_diffs(5,45)        1.324961     -3     3    -1.5927222e-06
1266 region_rec_diffs(5,46)        0.062131752     -3     3    1.5084753e-08
1267 region_rec_diffs(5,47)        0.056753747     -3     3    -3.2359757e-08
1268 region_rec_diffs(5,48)        0.22655052     -3     3    9.5454153e-08
1269 region_rec_diffs(5,49)        0.82418591     -3     3    -2.6125362e-06
1270 region_rec_diffs(5,50)        0.038451448     -3     3    5.3070248e-08
1271 region_rec_diffs(5,51)        0.13340136     -3     3    2.9901612e-07
1272 region_rec_diffs(5,52)        0.039487394     -3     3    4.3221065e-08
1273 region_rec_diffs(5,53)        0.49771085     -3     3    1.6200426e-06
1274 region_rec_diffs(5,54)        0.16607119     -3     3    3.4372658e-07
1275 region_rec_diffs(5,55)        0.15814925     -3     3    7.9953677e-08
1276 region_rec_diffs(5,56)        2.6017086     -3     3    1.3399361e-06
1277 region_rec_diffs(5,57)        -0.20101239     -3     3    3.9456202e-08
1278 region_rec_diffs(5,58)        -0.27191048     -3     3    -1.6174743e-06
1279 region_rec_diffs(5,59)        0.01587672     -3     3    1.6460242e-08
1280 region_rec_diffs(5,60)        1.5731312     -3     3    -1.8593288e-06
1281 region_rec_diffs(5,61)        0.72879556     -3     3    -2.7026879e-06
1282 region_rec_diffs(5,62)        0.052891142     -3     3    -7.986303e-08
1283 region_rec_diffs(5,63)        0.077923833     -3     3    2.0268671e-07
1284 region_rec_diffs(5,64)        0.22588357     -3     3    9.3170809e-07
1285 region_rec_diffs(5,65)        0.81483228     -3     3    2.1259315e-06
1286 region_rec_diffs(5,66)        -0.0070123465     -3     3    2.5699343e-08
1287 region_rec_diffs(5,67)        -0.13441202     -3     3    -4.0094317e-08
1288 region_rec_diffs(5,68)        -0.48971496     -3     3    -6.7845035e-07
1289 region_rec_diffs(5,69)        -0.86973925     -3     3    -1.431504e-06
1290 region_rec_diffs(5,70)        1.8275214     -3     3    -3.638071e-07
1291 region_rec_diffs(5,71)        0.13674332     -3     3    -4.0594929e-07
1292 region_rec_diffs(5,72)        0.78866847     -3     3    7.7185827e-07
1293 region_rec_diffs(5,73)        -0.38948406     -3     3    -2.1479929e-07
1294 region_rec_diffs(5,74)        2.9986056     -3     3    1.3123819e-05   *************
1295 region_rec_diffs(5,75)        0.064610394     -3     3    1.1974679e-07
1296 region_rec_diffs(5,76)        0.34766857     -3     3    -7.7077024e-07
1297 region_rec_diffs(5,77)        0.057842615     -3     3    3.1258572e-07
1298 region_rec_diffs(5,78)        -0.1785183     -3     3    -1.8856909e-07
1299 region_rec_diffs(5,79)        -0.051397438     -3     3    -7.1624612e-08
1300 region_rec_diffs(5,80)        -0.11687666     -3     3    -2.3236494e-06
1301 region_rec_diffs(5,81)        0.50480504     -3     3    -1.9635742e-06
1302 region_rec_diffs(5,82)        0.18009057     -3     3    1.1357462e-06
1303 region_rec_diffs(5,83)        1.9501349     -3     3    -3.5433755e-06
1304 region_rec_diffs(5,84)        0.30461461     -3     3    -8.5449284e-07
1305 region_rec_diffs(5,85)        -0.011453116     -3     3    -1.2637758e-06
1306 region_rec_diffs(5,86)        0.015942323     -3     3    -6.0029223e-09
1307 region_rec_diffs(5,87)        0.04976087     -3     3    -1.9278337e-06
1308 region_rec_diffs(5,88)        1.0678988     -3     3    -2.096394e-06
1309 region_rec_diffs(5,89)        0.34873362     -3     3    -8.8031555e-07
1310 region_rec_diffs(5,90)        0.011358408     -3     3    -6.3628395e-09
1311 region_rec_diffs(5,91)        0.057117031     -3     3    -5.452098e-07
1312 region_rec_diffs(5,92)        0.11700529     -3     3    -9.3822593e-07
1313 region_rec_diffs(5,93)        0.25394073     -3     3    -2.7212936e-06
1314 region_rec_diffs(5,94)        1.1368841     -3     3    -3.7646042e-06
1315 region_rec_diffs(5,95)        0.24300803     -3     3    2.2659275e-07
1316 region_rec_diffs(5,96)        0.12007067     -3     3    1.2640957e-07
1317 region_rec_diffs(5,97)        0.47825176     -3     3    -1.4285144e-06
1318 region_rec_diffs(5,98)        0.072040716     -3     3    2.3173578e-07
1319 region_rec_diffs(5,99)        0.12159956     -3     3    1.3297615e-07
1320 region_rec_diffs(5,100)        1.5243022     -3     3    -3.8419083e-06
1321 region_rec_diffs(5,101)        0.12607168     -3     3    -1.3089896e-06
1322 region_rec_diffs(5,102)        0.0150617     -3     3    1.0448148e-08
1323 region_rec_diffs(5,103)        0.053198219     -3     3    -7.334213e-08
1324 region_rec_diffs(5,104)        0.87020497     -3     3    -3.4491828e-06
1325 region_rec_diffs(5,105)        -0.015624973     -3     3    -3.8616522e-08
1326 region_rec_diffs(5,106)        -0.0068388261     -3     3    -4.9360353e-09
1327 region_rec_diffs(5,107)        -0.027779689     -3     3    -2.643372e-08
1328 region_rec_diffs(5,108)        -0.19947688     -3     3    5.3779345e-07
1329 region_rec_diffs(5,109)        0.42041678     -3     3    -2.2752114e-07
1330 region_rec_diffs(5,110)        0.0059980927     -3     3    -1.2673225e-08
1331 region_rec_diffs(5,111)        -0.011370261     -3     3    -6.4601088e-08
1332 region_rec_diffs(5,112)        -0.353533     -3     3    -1.347674e-06
1333 region_rec_diffs(5,113)        0.89712226     -3     3    -6.0453054e-06
1334 region_rec_diffs(5,114)        0.067281711     -3     3    1.3628472e-07
1335 region_rec_diffs(5,115)        0.073970088     -3     3    1.7045064e-07
1336 region_rec_diffs(5,116)        0.1552809     -3     3    1.7364136e-06
1337 region_rec_diffs(5,117)        0.40223345     -3     3    7.5915328e-07
1338 region_rec_diffs(5,118)        0.096516638     -3     3    8.1363038e-08
1339 region_rec_diffs(5,119)        2.1891059     -3     3    9.7145923e-07
1340 region_rec_diffs(5,120)        0.002668831     -3     3    1.6848267e-06
1341 region_rec_diffs(5,121)        0.65033018     -3     3    3.3031281e-06
1342 region_rec_diffs(5,122)        0.40395278     -3     3    1.6206897e-06
1343 region_rec_diffs(5,123)        0.071507584     -3     3    2.3290796e-07
1344 region_rec_diffs(5,124)        0.52502791     -3     3    1.162285e-06
1345 region_rec_diffs(5,125)        0.39433284     -3     3    5.1577853e-07
1346 region_rec_diffs(5,126)        1.0926649     -3     3    7.5993457e-07
1347 region_rec_diffs(5,127)        -0.15719314     -3     3    -5.5695285e-07
1348 region_rec_diffs(5,128)        -0.3345565     -3     3    -1.5998063e-06
1349 region_rec_diffs(5,129)        1.8121161     -3     3    -4.3859313e-06
1350 region_rec_diffs(5,130)        0.11572756     -3     3    -5.6054222e-07
1351 region_rec_diffs(5,131)        -0.056432063     -3     3    -2.7151957e-07
1352 region_rec_diffs(5,132)        -0.077150057     -3     3    -7.9992058e-07
1353 region_rec_diffs(5,133)        1.3463549     -3     3    -2.8059604e-07
1354 region_rec_diffs(5,134)        0.046448433     -3     3    2.7636565e-07
1355 region_rec_diffs(5,135)        -0.046917823     -3     3    5.4681311e-07
1356 region_rec_diffs(5,136)        0.63278769     -3     3    -6.4812323e-07
1357 region_rec_diffs(5,137)        0.20673702     -3     3    1.3370676e-06
1358 region_rec_diffs(5,138)        2.6259444     -3     3    5.9062577e-07
1359 region_rec_diffs(5,139)        -0.19216164     -3     3    2.0584498e-08
1360 region_rec_diffs(5,140)        -1.4794734     -3     3    -3.0344316e-08
1361 region_rec_diffs(5,141)        -0.94167438     -3     3    -3.6782125e-08
1362 region_rec_diffs(5,142)        -0.1369821     -3     3    1.1267802e-07
1363 region_rec_diffs(5,143)        -0.24279762     -3     3    7.0513573e-08
1364 region_rec_diffs(5,144)        -0.84347092     -3     3    -2.6614131e-06
1365 region_rec_diffs(5,145)        -0.25251188     -3     3    -3.7558541e-06
1366 region_rec_diffs(5,146)        0.032732517     -3     3    3.921772e-07
1367 region_rec_diffs(5,147)        1.0524162     -3     3    -4.124027e-06
1368 region_rec_diffs(5,148)        1.0591117     -3     3    8.1618274e-07
1369 region_rec_diffs(5,149)        -0.29320659     -3     3    -9.7452721e-07
1370 region_rec_diffs(5,150)        -0.18157447     -3     3    -4.264387e-07
1371 region_rec_diffs(5,151)        -0.81746419     -3     3    -1.2106843e-06
1372 region_rec_diffs(5,152)        -0.72697094     -3     3    -4.6544566e-07
1373 region_rec_diffs(5,153)        -0.7535061     -3     3    -1.0202564e-06
1374 region_rec_diffs(5,154)        -0.27009911     -3     3    -8.1367609e-07
1375 region_rec_diffs(5,155)        -0.067191764     -3     3    -8.581949e-07
1376 region_rec_diffs(5,156)        0.44760347     -3     3    -1.3057844e-06
1377 region_rec_diffs(5,157)        0.22609148     -3     3    -4.1600846e-07
1378 region_rec_diffs(5,158)        0.042627941     -3     3    -3.7309894e-07
1379 region_rec_diffs(5,159)        0.048090525     -3     3    -1.602327e-07
1380 region_rec_diffs(5,160)        -0.15044304     -3     3    8.5340927e-07
1381 region_rec_diffs(5,161)        0.40753186     -3     3    -8.6558692e-07
1382 region_rec_diffs(5,162)        0.15659696     -3     3    -1.1312385e-06
1383 region_rec_diffs(5,163)        1.0772825     -3     3    -5.9942241e-06
1384 region_rec_diffs(5,164)        -0.12079423     -3     3    -2.9363425e-06
1385 region_rec_diffs(5,165)        -0.16694267     -3     3    -1.085896e-06
1386 region_rec_diffs(5,166)        -0.14584486     -3     3    -3.5986824e-07
1387 region_rec_diffs(5,167)        -0.16672611     -3     3    -9.7555601e-07
1388 region_rec_diffs(5,168)        2.151752     -3     3    -6.2380393e-07
1389 region_rec_diffs(5,169)        0.86489528     -3     3    -1.1720463e-06
1390 region_rec_diffs(5,170)        0.30789367     -3     3    -1.6012742e-06
1391 region_rec_diffs(5,171)        1.8628709     -3     3    -4.4849347e-06
1392 region_rec_diffs(5,172)        -0.13967262     -3     3    -1.9927829e-06
1393 region_rec_diffs(5,173)        2.0665808     -3     3    -1.3291964e-05
1394 region_rec_diffs(5,174)        0.20863668     -3     3    2.2325034e-07
1395 region_rec_diffs(5,175)        1.719386     -3     3    -5.4159414e-07
1396 region_rec_diffs(5,176)        -1.14497     -3     3    8.4478106e-07
1397 region_rec_diffs(5,177)        -1.9582449     -3     3    3.6553498e-07
1398 region_rec_diffs(5,178)        -1.8148228     -3     3    8.6948565e-07
1399 region_rec_diffs(5,179)        -0.98874081     -3     3    4.7442441e-07
1400 region_rec_diffs(5,180)        1.1567955     -3     3    3.8002661e-06
1401 region_rec_diffs(5,181)        1.1491917     -3     3    -3.5387656e-06
1402 region_rec_diffs(5,182)        -0.61436684     -3     3    -6.1703698e-07
1403 region_rec_diffs(5,183)        -1.0382872     -3     3    -4.0760262e-07
1404 region_rec_diffs(5,184)        -1.4139612     -3     3    -2.7421016e-07
1405 region_rec_diffs(5,185)        -1.8452785     -3     3    3.797807e-08
1406 region_rec_diffs(5,186)        -1.5619875     -3     3    -4.44196e-07
1407 region_rec_diffs(5,187)        1.9661248     -3     3    4.9567084e-06
1408 region_rec_diffs(5,188)        0.69745793     -3     3    3.5450368e-06
1409 region_rec_diffs(5,189)        -1.0628393     -3     3    1.8894361e-07
1410 region_rec_diffs(5,190)        -1.3707965     -3     3    -6.924751e-07
1411 region_rec_diffs(5,191)        -1.1422967     -3     3    -8.6739555e-08
1412 region_rec_diffs(5,192)        0.65652938     -3     3    -4.4860156e-07
1413 region_rec_diffs(5,193)        -0.29089404     -3     3    3.4431874e-06
1414 region_rec_diffs(5,194)        -0.50831901     -3     3    1.2648446e-06
1415 region_rec_diffs(5,195)        0.79716661     -3     3    1.1335813e-06
1416 region_rec_diffs(5,196)        1.4386241     -3     3    -8.8910144e-07
1417 region_rec_diffs(5,197)        0.01092235     -3     3    -8.3209484e-08
1418 region_rec_diffs(5,198)        -0.30905192     -3     3    -1.3035844e-06
1419 region_rec_diffs(5,199)        1.5804338     -3     3    -1.0558297e-05
1420 region_rec_diffs(5,200)        0.31074549     -3     3    -4.8044888e-06
1421 region_rec_diffs(5,201)        -0.86639975     -3     3    -4.6343751e-08
1422 region_rec_diffs(5,202)        -0.88659077     -3     3    -2.6845193e-07
1423 region_rec_diffs(5,203)        0.056722576     -3     3    8.9101677e-07
1424 region_rec_diffs(5,204)        1.5547495     -3     3    8.3952506e-07
1425 region_rec_diffs(5,205)        -0.49511705     -3     3    -7.4673765e-07
1426 region_rec_diffs(5,206)        -1.4119912     -3     3    1.7735479e-07
1427 region_rec_diffs(5,207)        -1.6158022     -3     3    4.1124535e-07
1428 region_rec_diffs(5,208)        -2.8602653     -3     3    -1.64446e-07
1429 region_rec_diffs(5,209)        -2.4007732     -3     3    -1.1363569e-06
1430 region_rec_diffs(5,210)        -2.5000402     -3     3    1.0380595e-07
1431 region_rec_diffs(5,211)        -1.7237395     -3     3    -5.8718173e-07
1432 region_rec_diffs(5,212)        2.3470498     -3     3    -1.4900355e-06
1433 region_rec_diffs(5,213)        2.7549688     -3     3    5.3706959e-07
1434 region_rec_diffs(5,214)        -1.0914911     -3     3    -1.1580626e-07
1435 region_rec_diffs(5,215)        -1.1731495     -3     3    2.0150176e-07
1436 region_rec_diffs(5,216)        -1.3527295     -3     3    -9.3746014e-07
1437 region_rec_diffs(5,217)        -0.30981957     -3     3    -1.1221731e-06
1438 region_rec_diffs(5,218)        0.16862031     -3     3    -2.9976195e-07
1439 region_rec_diffs(5,219)        -0.61548762     -3     3    -5.2203395e-07
1440 region_rec_diffs(5,220)        -1.7506922     -3     3    -4.1261827e-08
1441 region_rec_diffs(5,221)        -1.6319519     -3     3    -9.4107901e-07
1442 region_rec_diffs(5,222)        -1.9882451     -3     3    1.8017197e-07
1443 region_rec_diffs(5,223)        -0.51614326     -3     3    9.8019534e-08
1444 region_rec_diffs(5,224)        1.5158358     -3     3    4.2716419e-06
1445 region_rec_diffs(5,225)        -1.2945458     -3     3    5.0749278e-07
1446 region_rec_diffs(5,226)        -1.7215096     -3     3    3.6215055e-07
1447 region_rec_diffs(5,227)        -1.3046779     -3     3    9.4290336e-07
1448 region_rec_diffs(5,228)        -0.43662459     -3     3    1.3124089e-06
1449 region_rec_diffs(5,229)        -0.86483041     -3     3    -7.9558929e-07
1450 region_rec_diffs(5,230)        -1.0855058     -3     3    -7.1830372e-09
1451 region_rec_diffs(5,231)        -0.39298092     -3     3    -1.3023253e-06
1452 region_rec_diffs(5,232)        1.6696237     -3     3    1.7450524e-06
1453 region_rec_diffs(5,233)        -1.0896757     -3     3    -3.8435734e-07
1454 region_rec_diffs(5,234)        -2.0880258     -3     3    -2.2276515e-07
1455 region_rec_diffs(5,235)        -2.3297303     -3     3    -9.609859e-07
1456 region_rec_diffs(5,236)        -1.4714042     -3     3    -4.2975154e-07
1457 region_rec_diffs(5,237)        0.43285041     -3     3    -7.4280424e-07
1458 region_rec_diffs(5,238)        0.92441858     -3     3    -2.8273014e-06
1459 region_rec_diffs(5,239)        -0.012953515     -3     3    -3.7841061e-06
1460 region_rec_diffs(5,240)        0.39045027     -3     3    -9.010775e-06
1461 region_rec_diffs(5,241)        -1.0841203     -3     3    -7.6080326e-07
1462 region_rec_diffs(5,242)        -1.408564     -3     3    6.2824059e-07
1463 region_rec_diffs(5,243)        -1.5543644     -3     3    -7.7901567e-08
1464 region_rec_diffs(5,244)        1.642472     -3     3    -6.4325178e-06
1465 region_rec_diffs(5,245)        1.436181     -3     3    -5.4796602e-06
1466 region_rec_diffs(5,246)        -1.3229617     -3     3    -4.1962671e-07
1467 region_rec_diffs(5,247)        -1.122378     -3     3    -2.1827742e-06
1468 region_rec_diffs(5,248)        -0.17301443     -3     3    -3.2927697e-06
1469 region_rec_diffs(5,249)        1.1787761     -3     3    -4.5381044e-06
1470 region_rec_diffs(5,250)        -1.4340643     -3     3    7.5994881e-08
1471 region_rec_diffs(5,251)        -1.8857166     -3     3    3.1937274e-07
1472 region_rec_diffs(5,252)        -2.0170909     -3     3    1.669545e-07
1473 region_rec_diffs(5,253)        -1.4817747     -3     3    -1.2935224e-07
1474 region_rec_diffs(5,254)        -0.93844293     -3     3    -1.0296826e-06
1475 region_rec_diffs(5,255)        -0.42184853     -3     3    8.8975474e-07
1476 region_rec_diffs(5,256)        -1.2915882     -3     3    1.223213e-06
1477 region_rec_diffs(5,257)        -1.2039545     -3     3    4.506594e-08
1478 region_rec_diffs(5,258)        -0.86147999     -3     3    -4.1463886e-07
1479 region_rec_diffs(5,259)        -0.87862027     -3     3    -1.5493585e-06
1480 region_rec_diffs(5,260)        0.13133382     -3     3    -5.7798819e-06
1481 region_rec_diffs(5,261)        -1.0789183     -3     3    -9.2354355e-07
1482 region_rec_diffs(5,262)        -1.9317819     -3     3    3.2787848e-07
1483 region_rec_diffs(5,263)        -1.9266842     -3     3    2.0186189e-07
1484 region_rec_diffs(5,264)        1.7164072     -3     3    9.9464323e-06
1485 region_rec_diffs(5,265)        0.20604423     -3     3    5.9364914e-06
1486 region_rec_diffs(5,266)        -1.3657856     -3     3    1.3028093e-06
1487 region_rec_diffs(5,267)        -1.2988947     -3     3    1.1247061e-06
1488 region_rec_diffs(5,268)        -1.1666721     -3     3    1.6121636e-06
1489 region_rec_diffs(5,269)        -1.2403106     -3     3    -1.3241321e-07
1490 region_rec_diffs(5,270)        -0.57754723     -3     3    -6.5489645e-07
1491 region_rec_diffs(5,271)        1.4352104     -3     3    -1.7342609e-06
1492 region_rec_diffs(5,272)        -0.61445521     -3     3    -8.3870644e-07
1493 region_rec_diffs(5,273)        -1.0002818     -3     3    3.8648493e-07
1494 region_rec_diffs(5,274)        -1.6840507     -3     3    1.3654148e-06
1495 region_rec_diffs(5,275)        -0.65829503     -3     3    2.4747152e-07
1496 region_rec_diffs(5,276)        -0.12222513     -3     3    1.9028048e-07
1497 region_rec_diffs(5,277)        -0.049789049     -3     3    -3.1786702e-07
1498 region_rec_diffs(5,278)        -0.085259166     -3     3    -1.3316992e-07
1499 region_rec_diffs(5,279)        -0.039039063     -3     3    -1.9032226e-07
1500 region_rec_diffs(6,1)        -2.16267e-11     -3     3    -6.5545568e-12
1501 region_rec_diffs(6,2)        0.1218666     -3     3    1.369372e-05
1502 region_rec_diffs(6,3)        0.1038051     -3     3    1.8913806e-05
1503 region_rec_diffs(6,4)        0.11516803     -3     3    1.7063319e-05
1504 region_rec_diffs(6,5)        0.1260477     -3     3    1.3500512e-05
1505 region_rec_diffs(6,6)        -0.0086771123     -3     3    2.72108e-07
1506 region_rec_diffs(6,7)        -0.0071337684     -3     3    3.8407261e-07
1507 region_rec_diffs(6,8)        -0.70817175     -3     3    8.6442937e-06
1508 region_rec_diffs(6,9)        0.2244852     -3     3    9.8483487e-07
1509 region_rec_diffs(6,10)        0.25052122     -3     3    4.7427019e-07
1510 region_rec_diffs(6,11)        0.12231413     -3     3    6.8944972e-08
1511 region_rec_diffs(6,12)        0.71221848     -3     3    9.3396432e-06
1512 region_rec_diffs(6,13)        0.07443371     -3     3    9.8844037e-07
1513 region_rec_diffs(6,14)        -0.13487096     -3     3    2.5494528e-06
1514 region_rec_diffs(6,15)        0.06306144     -3     3    2.8030254e-08
1515 region_rec_diffs(6,16)        0.20026455     -3     3    8.2389696e-07
1516 region_rec_diffs(6,17)        0.26357353     -3     3    1.2921721e-06
1517 region_rec_diffs(6,18)        0.68247938     -3     3    -6.094846e-06
1518 region_rec_diffs(6,19)        0.051777637     -3     3    1.7345382e-07
1519 region_rec_diffs(6,20)        0.064930791     -3     3    1.3868271e-07
1520 region_rec_diffs(6,21)        -0.032310512     -3     3    -1.7689939e-06
1521 region_rec_diffs(6,22)        0.46339996     -3     3    -3.2953377e-06
1522 region_rec_diffs(6,23)        0.13187376     -3     3    4.7468284e-07
1523 region_rec_diffs(6,24)        0.063464371     -3     3    -1.4459185e-06
1524 region_rec_diffs(6,25)        0.22780474     -3     3    -7.9945026e-07
1525 region_rec_diffs(6,26)        0.21081193     -3     3    7.0259145e-06
1526 region_rec_diffs(6,27)        0.10191549     -3     3    -3.3318151e-08
1527 region_rec_diffs(6,28)        0.17375713     -3     3    4.4026204e-06
1528 region_rec_diffs(6,29)        1.2574611     -3     3    1.079989e-06
1529 region_rec_diffs(6,30)        0.19912224     -3     3    5.5592283e-08
1530 region_rec_diffs(6,31)        0.062722309     -3     3    1.5808525e-07
1531 region_rec_diffs(6,32)        0.37878855     -3     3    1.1148194e-06
1532 region_rec_diffs(6,33)        0.55044625     -3     3    7.1590186e-06
1533 region_rec_diffs(6,34)        0.61468682     -3     3    -4.4786737e-06
1534 region_rec_diffs(6,35)        0.078500643     -3     3    2.3256393e-07
1535 region_rec_diffs(6,36)        -0.32359122     -3     3    -3.3672941e-07
1536 region_rec_diffs(6,37)        0.17697882     -3     3    1.6103979e-06
1537 region_rec_diffs(6,38)        0.35333355     -3     3    -2.8565337e-07
1538 region_rec_diffs(6,39)        0.097161824     -3     3    -8.7310427e-08
1539 region_rec_diffs(6,40)        0.32199381     -3     3    3.4653217e-07
1540 region_rec_diffs(6,41)        0.77438237     -3     3    2.6352615e-06
1541 region_rec_diffs(6,42)        -0.25248354     -3     3    -3.5438979e-07
1542 region_rec_diffs(6,43)        0.074585555     -3     3    -3.620764e-07
1543 region_rec_diffs(6,44)        -0.10138918     -3     3    1.0390768e-06
1544 region_rec_diffs(6,45)        0.23163128     -3     3    3.8288809e-07
1545 region_rec_diffs(6,46)        0.08465209     -3     3    2.9841092e-07
1546 region_rec_diffs(6,47)        0.11593263     -3     3    -7.3506145e-08
1547 region_rec_diffs(6,48)        0.039379285     -3     3    2.5159465e-06
1548 region_rec_diffs(6,49)        0.4185764     -3     3    -3.764014e-06
1549 region_rec_diffs(6,50)        0.133414     -3     3    1.3105152e-07
1550 region_rec_diffs(6,51)        -0.37430748     -3     3    -1.0189567e-07
1551 region_rec_diffs(6,52)        0.15380973     -3     3    2.5494591e-07
1552 region_rec_diffs(6,53)        1.2367998     -3     3    4.1920374e-06
1553 region_rec_diffs(6,54)        0.21006084     -3     3    2.173073e-07
1554 region_rec_diffs(6,55)        0.1134215     -3     3    -5.4545146e-07
1555 region_rec_diffs(6,56)        0.25777846     -3     3    -1.6690636e-06
1556 region_rec_diffs(6,57)        -0.03524719     -3     3    7.5143863e-07
1557 region_rec_diffs(6,58)        -0.35867355     -3     3    -2.5703225e-07
1558 region_rec_diffs(6,59)        -0.00026646545     -3     3    1.0560009e-06
1559 region_rec_diffs(6,60)        1.1602202     -3     3    5.8257699e-06
1560 region_rec_diffs(6,61)        0.80670161     -3     3    5.8998487e-06
1561 region_rec_diffs(6,62)        0.22160608     -3     3    -5.2474305e-07
1562 region_rec_diffs(6,63)        -0.041580962     -3     3    5.7352592e-07
1563 region_rec_diffs(6,64)        0.32752209     -3     3    2.999936e-06
1564 region_rec_diffs(6,65)        0.19929939     -3     3    -3.9201111e-06
1565 region_rec_diffs(6,66)        0.15018596     -3     3    2.2817039e-07
1566 region_rec_diffs(6,67)        0.065199925     -3     3    9.6674162e-07
1567 region_rec_diffs(6,68)        0.46430383     -3     3    2.0886495e-06
1568 region_rec_diffs(6,69)        -0.092666894     -3     3    -2.5788803e-07
1569 region_rec_diffs(6,70)        -0.028536402     -3     3    2.8019173e-07
1570 region_rec_diffs(6,71)        -0.016599728     -3     3    -8.7537214e-07
1571 region_rec_diffs(6,72)        0.99072933     -3     3    9.7303814e-06
1572 region_rec_diffs(6,73)        0.14084544     -3     3    2.1042432e-06
1573 region_rec_diffs(6,74)        0.28530445     -3     3    -2.7057491e-06
1574 region_rec_diffs(6,75)        0.15786274     -3     3    3.0914098e-09
1575 region_rec_diffs(6,76)        0.47455131     -3     3    6.216889e-08
1576 region_rec_diffs(6,77)        0.76883273     -3     3    2.6209053e-06
1577 region_rec_diffs(6,78)        0.0096929772     -3     3    4.6937475e-07
1578 region_rec_diffs(6,79)        0.066808748     -3     3    7.0121186e-07
1579 region_rec_diffs(6,80)        0.11686598     -3     3    9.6356628e-07
1580 region_rec_diffs(6,81)        -0.19786379     -3     3    -4.5318587e-07
1581 region_rec_diffs(6,82)        -0.44941963     -3     3    2.4685081e-06
1582 region_rec_diffs(6,83)        -0.24618706     -3     3    -3.3982985e-06
1583 region_rec_diffs(6,84)        0.098864215     -3     3    -5.625961e-06
1584 region_rec_diffs(6,85)        0.042280191     -3     3    -5.9242195e-06
1585 region_rec_diffs(6,86)        0.13267016     -3     3    3.0326019e-07
1586 region_rec_diffs(6,87)        1.4560866     -3     3    -4.4237529e-06
1587 region_rec_diffs(6,88)        1.404409     -3     3    -6.867784e-06
1588 region_rec_diffs(6,89)        -0.39299174     -3     3    -2.2992669e-06
1589 region_rec_diffs(6,90)        0.14467041     -3     3    3.2212046e-07
1590 region_rec_diffs(6,91)        -0.17041713     -3     3    -6.9591817e-07
1591 region_rec_diffs(6,92)        -0.28128895     -3     3    -1.0752246e-06
1592 region_rec_diffs(6,93)        -0.5677643     -3     3    -4.4570499e-06
1593 region_rec_diffs(6,94)        -0.8918653     -3     3    -1.9860033e-06
1594 region_rec_diffs(6,95)        -0.044239693     -3     3    -2.3747867e-06
1595 region_rec_diffs(6,96)        0.31549309     -3     3    -7.5956273e-07
1596 region_rec_diffs(6,97)        1.3404706     -3     3    8.4855954e-07
1597 region_rec_diffs(6,98)        0.18806211     -3     3    7.0692066e-07
1598 region_rec_diffs(6,99)        0.11595001     -3     3    6.9281144e-07
1599 region_rec_diffs(6,100)        -0.39490495     -3     3    -1.0284092e-07
1600 region_rec_diffs(6,101)        -0.37638135     -3     3    -8.1654388e-08
1601 region_rec_diffs(6,102)        0.051392042     -3     3    9.3617698e-08
1602 region_rec_diffs(6,103)        -0.03194372     -3     3    2.8587072e-07
1603 region_rec_diffs(6,104)        0.94037329     -3     3    -4.7647662e-06
1604 region_rec_diffs(6,105)        0.077331876     -3     3    1.3867951e-08
1605 region_rec_diffs(6,106)        0.022818609     -3     3    -1.9131097e-08
1606 region_rec_diffs(6,107)        -0.00053927622     -3     3    -9.9318722e-09
1607 region_rec_diffs(6,108)        -0.33957973     -3     3    1.3150769e-06
1608 region_rec_diffs(6,109)        -0.0016966344     -3     3    2.000824e-06
1609 region_rec_diffs(6,110)        0.03950269     -3     3    1.7174852e-07
1610 region_rec_diffs(6,111)        0.002510786     -3     3    -6.2155055e-09
1611 region_rec_diffs(6,112)        -0.54057424     -3     3    -7.2617372e-07
1612 region_rec_diffs(6,113)        0.39147036     -3     3    -9.6983486e-07
1613 region_rec_diffs(6,114)        -0.0078319909     -3     3    9.3846339e-08
1614 region_rec_diffs(6,115)        0.25284607     -3     3    3.39861e-07
1615 region_rec_diffs(6,116)        0.29956717     -3     3    1.804449e-06
1616 region_rec_diffs(6,117)        0.12011792     -3     3    -3.866685e-06
1617 region_rec_diffs(6,118)        0.29686065     -3     3    -9.1572033e-08
1618 region_rec_diffs(6,119)        -0.39101253     -3     3    -4.6367648e-07
1619 region_rec_diffs(6,120)        -0.72002035     -3     3    -8.2429957e-07
1620 region_rec_diffs(6,121)        -0.33650261     -3     3    1.8326551e-07
1621 region_rec_diffs(6,122)        0.53026228     -3     3    9.2268006e-07
1622 region_rec_diffs(6,123)        0.2630293     -3     3    1.3530284e-06
1623 region_rec_diffs(6,124)        0.41849793     -3     3    1.1250112e-06
1624 region_rec_diffs(6,125)        0.48423837     -3     3    6.2867437e-06
1625 region_rec_diffs(6,126)        0.10228321     -3     3    6.5629047e-06
1626 region_rec_diffs(6,127)        -0.48630689     -3     3    -6.7864249e-07
1627 region_rec_diffs(6,128)        -0.88601264     -3     3    2.5244876e-06
1628 region_rec_diffs(6,129)        -0.14787104     -3     3    2.906962e-06
1629 region_rec_diffs(6,130)        0.32960488     -3     3    7.1151808e-07
1630 region_rec_diffs(6,131)        0.16590008     -3     3    1.5192794e-08
1631 region_rec_diffs(6,132)        -1.0114662     -3     3    -2.6334782e-07
1632 region_rec_diffs(6,133)        -1.3246031     -3     3    8.9196552e-07
1633 region_rec_diffs(6,134)        -0.15540283     -3     3    1.9299471e-06
1634 region_rec_diffs(6,135)        -0.93576242     -3     3    1.7913641e-06
1635 region_rec_diffs(6,136)        -1.4838802     -3     3    2.5470058e-06
1636 region_rec_diffs(6,137)        -0.099129405     -3     3    3.1804638e-06
1637 region_rec_diffs(6,138)        1.196689     -3     3    5.0394574e-06
1638 region_rec_diffs(6,139)        0.021536905     -3     3    2.1890442e-07
1639 region_rec_diffs(6,140)        -0.90505573     -3     3    -6.5766786e-07
1640 region_rec_diffs(6,141)        -0.61068592     -3     3    -3.7371659e-06
1641 region_rec_diffs(6,142)        0.11411465     -3     3    5.2949081e-09
1642 region_rec_diffs(6,143)        -0.15509597     -3     3    -5.8779773e-07
1643 region_rec_diffs(6,144)        -0.50142227     -3     3    -7.5795197e-06
1644 region_rec_diffs(6,145)        0.13669642     -3     3    -1.5009617e-05
1645 region_rec_diffs(6,146)        -0.074893413     -3     3    3.8497707e-07
1646 region_rec_diffs(6,147)        1.3947083     -3     3    6.3225537e-07
1647 region_rec_diffs(6,148)        0.18303483     -3     3    -4.0474994e-06
1648 region_rec_diffs(6,149)        0.12444501     -3     3    -5.5235122e-06
1649 region_rec_diffs(6,150)        -0.068153852     -3     3    -1.0516345e-06
1650 region_rec_diffs(6,151)        -0.40026667     -3     3    -6.6151022e-06
1651 region_rec_diffs(6,152)        -0.86387545     -3     3    -1.0063131e-06
1652 region_rec_diffs(6,153)        -0.94842413     -3     3    -2.4623331e-06
1653 region_rec_diffs(6,154)        -0.39899911     -3     3    -3.7983671e-06
1654 region_rec_diffs(6,155)        -0.43083589     -3     3    -3.7748635e-06
1655 region_rec_diffs(6,156)        -0.48797248     -3     3    -3.6502652e-06
1656 region_rec_diffs(6,157)        -0.37530565     -3     3    -6.6679629e-07
1657 region_rec_diffs(6,158)        -0.26306095     -3     3    -1.4255501e-06
1658 region_rec_diffs(6,159)        -0.22892844     -3     3    -1.1423031e-06
1659 region_rec_diffs(6,160)        -1.5502554     -3     3    5.6710857e-07
1660 region_rec_diffs(6,161)        0.32781079     -3     3    -2.8563136e-06
1661 region_rec_diffs(6,162)        1.4210018     -3     3    2.619904e-06
1662 region_rec_diffs(6,163)        -0.34689804     -3     3    -5.4702102e-06
1663 region_rec_diffs(6,164)        -1.4951796     -3     3    2.6811044e-07
1664 region_rec_diffs(6,165)        -0.62004571     -3     3    6.6831495e-07
1665 region_rec_diffs(6,166)        0.0058358336     -3     3    1.047192e-06
1666 region_rec_diffs(6,167)        0.48191795     -3     3    -1.4456765e-06
1667 region_rec_diffs(6,168)        0.27482619     -3     3    -2.475624e-06
1668 region_rec_diffs(6,169)        -0.38062047     -3     3    9.6460883e-07
1669 region_rec_diffs(6,170)        -0.51114113     -3     3    -2.0564036e-06
1670 region_rec_diffs(6,171)        -0.6972566     -3     3    -1.6063634e-07
1671 region_rec_diffs(6,172)        -1.0422301     -3     3    -4.3346078e-07
1672 region_rec_diffs(6,173)        0.65091447     -3     3    1.2425315e-06
1673 region_rec_diffs(6,174)        -0.15484239     -3     3    1.5750827e-06
1674 region_rec_diffs(6,175)        -0.52973097     -3     3    -1.2172611e-06
1675 region_rec_diffs(6,176)        -1.4207933     -3     3    -2.8002553e-07
1676 region_rec_diffs(6,177)        -1.6418324     -3     3    -2.20636e-06
1677 region_rec_diffs(6,178)        -1.3786416     -3     3    -1.2826934e-06
1678 region_rec_diffs(6,179)        -0.011771602     -3     3    4.8014218e-07
1679 region_rec_diffs(6,180)        0.65177736     -3     3    -3.751397e-06
1680 region_rec_diffs(6,181)        -0.0031652062     -3     3    -4.4771202e-06
1681 region_rec_diffs(6,182)        -0.59011824     -3     3    -1.032562e-06
1682 region_rec_diffs(6,183)        -0.59551431     -3     3    4.6832091e-08
1683 region_rec_diffs(6,184)        -0.74827803     -3     3    -4.3195829e-07
1684 region_rec_diffs(6,185)        -0.83807741     -3     3    -1.0861444e-06
1685 region_rec_diffs(6,186)        -0.57184977     -3     3    -5.957029e-07
1686 region_rec_diffs(6,187)        1.3074082     -3     3    -5.1391529e-07
1687 region_rec_diffs(6,188)        -1.080239     -3     3    4.0482897e-07
1688 region_rec_diffs(6,189)        -1.3553875     -3     3    3.7230828e-07
1689 region_rec_diffs(6,190)        -1.5501392     -3     3    1.5625096e-07
1690 region_rec_diffs(6,191)        -0.55169413     -3     3    1.3941192e-06
1691 region_rec_diffs(6,192)        -0.45155034     -3     3    5.1654064e-06
1692 region_rec_diffs(6,193)        -0.9346856     -3     3    3.1435235e-06
1693 region_rec_diffs(6,194)        -1.2230233     -3     3    1.3626933e-06
1694 region_rec_diffs(6,195)        -0.42671757     -3     3    4.4289794e-06
1695 region_rec_diffs(6,196)        0.53715889     -3     3    3.7222382e-06
1696 region_rec_diffs(6,197)        -0.63084543     -3     3    1.0255495e-06
1697 region_rec_diffs(6,198)        -0.79073223     -3     3    -3.0142652e-07
1698 region_rec_diffs(6,199)        0.60060568     -3     3    -1.0270455e-07
1699 region_rec_diffs(6,200)        0.0058522232     -3     3    -2.5246244e-06
1700 region_rec_diffs(6,201)        -1.0096488     -3     3    -3.6972119e-07
1701 region_rec_diffs(6,202)        -1.0358417     -3     3    3.5205e-07
1702 region_rec_diffs(6,203)        -0.80480877     -3     3    -1.190674e-06
1703 region_rec_diffs(6,204)        0.93248209     -3     3    -4.4641956e-06
1704 region_rec_diffs(6,205)        -0.098999101     -3     3    -1.5276594e-06
1705 region_rec_diffs(6,206)        -0.80788256     -3     3    1.1604725e-06
1706 region_rec_diffs(6,207)        -0.99629773     -3     3    1.615969e-06
1707 region_rec_diffs(6,208)        -2.3090103     -3     3    2.0576886e-07
1708 region_rec_diffs(6,209)        -1.9930337     -3     3    1.7674927e-06
1709 region_rec_diffs(6,210)        -2.0731006     -3     3    3.8742116e-07
1710 region_rec_diffs(6,211)        0.20701425     -3     3    -8.876743e-06
1711 region_rec_diffs(6,212)        0.90721518     -3     3    2.6882662e-06
1712 region_rec_diffs(6,213)        -0.80290076     -3     3    9.9188016e-07
1713 region_rec_diffs(6,214)        -0.72936659     -3     3    2.2578859e-06
1714 region_rec_diffs(6,215)        -0.39984391     -3     3    5.0040749e-06
1715 region_rec_diffs(6,216)        -1.4632757     -3     3    3.7799431e-07
1716 region_rec_diffs(6,217)        -0.75618808     -3     3    -1.5956905e-07
1717 region_rec_diffs(6,218)        1.1091956     -3     3    1.9711043e-06
1718 region_rec_diffs(6,219)        0.053771542     -3     3    -1.0119731e-06
1719 region_rec_diffs(6,220)        -1.6606367     -3     3    1.521311e-06
1720 region_rec_diffs(6,221)        -1.7044614     -3     3    9.9563159e-07
1721 region_rec_diffs(6,222)        -2.0791561     -3     3    -3.9956416e-07
1722 region_rec_diffs(6,223)        0.061516332     -3     3    -9.9853926e-07
1723 region_rec_diffs(6,224)        0.19010027     -3     3    3.3210991e-06
1724 region_rec_diffs(6,225)        -0.20357359     -3     3    1.5276322e-06
1725 region_rec_diffs(6,226)        -0.64696343     -3     3    -2.8557049e-06
1726 region_rec_diffs(6,227)        -0.51337621     -3     3    -2.8392048e-07
1727 region_rec_diffs(6,228)        -1.2012259     -3     3    -1.7788495e-06
1728 region_rec_diffs(6,229)        -0.32362428     -3     3    -1.3519505e-06
1729 region_rec_diffs(6,230)        0.27726938     -3     3    4.4497153e-06
1730 region_rec_diffs(6,231)        -0.40677813     -3     3    5.078193e-06
1731 region_rec_diffs(6,232)        0.45059922     -3     3    4.9752814e-06
1732 region_rec_diffs(6,233)        0.06737364     -3     3    4.18747e-06
1733 region_rec_diffs(6,234)        -0.25948128     -3     3    -2.1040912e-06
1734 region_rec_diffs(6,235)        -0.21525209     -3     3    3.6626924e-06
1735 region_rec_diffs(6,236)        -0.76528224     -3     3    1.4807907e-06
1736 region_rec_diffs(6,237)        0.25639751     -3     3    5.0648729e-06
1737 region_rec_diffs(6,238)        -0.27681694     -3     3    1.6365709e-06
1738 region_rec_diffs(6,239)        -0.21675853     -3     3    -5.1567376e-06
1739 region_rec_diffs(6,240)        -0.30503046     -3     3    -9.4055234e-06
1740 region_rec_diffs(6,241)        -0.84831623     -3     3    5.8051416e-07
1741 region_rec_diffs(6,242)        -0.20891619     -3     3    -9.9772382e-09
1742 region_rec_diffs(6,243)        -0.15350541     -3     3    1.7231532e-06
1743 region_rec_diffs(6,244)        -0.99326547     -3     3    6.9024181e-07
1744 region_rec_diffs(6,245)        -0.24157212     -3     3    4.7774469e-07
1745 region_rec_diffs(6,246)        -0.24126396     -3     3    -1.6767079e-06
1746 region_rec_diffs(6,247)        -0.99978157     -3     3    -5.6482042e-06
1747 region_rec_diffs(6,248)        -0.045888274     -3     3    -2.3618026e-06
1748 region_rec_diffs(6,249)        0.36966754     -3     3    -2.2515986e-06
1749 region_rec_diffs(6,250)        -0.31089822     -3     3    1.435754e-06
1750 region_rec_diffs(6,251)        -0.078876064     -3     3    8.8391416e-07
1751 region_rec_diffs(6,252)        -1.5899378     -3     3    1.7339518e-06
1752 region_rec_diffs(6,253)        -1.0460573     -3     3    1.1225548e-06
1753 region_rec_diffs(6,254)        -0.82156391     -3     3    8.6846155e-07
1754 region_rec_diffs(6,255)        0.87743081     -3     3    6.4781331e-06
1755 region_rec_diffs(6,256)        -1.1210871     -3     3    1.2995467e-06
1756 region_rec_diffs(6,257)        -1.3775245     -3     3    -8.7926372e-07
1757 region_rec_diffs(6,258)        -1.1072535     -3     3    2.2662e-07
1758 region_rec_diffs(6,259)        -0.77534931     -3     3    -1.1428667e-06
1759 region_rec_diffs(6,260)        -0.60785167     -3     3    -2.9834842e-06
1760 region_rec_diffs(6,261)        -1.3711211     -3     3    1.4389948e-07
1761 region_rec_diffs(6,262)        -2.0168916     -3     3    4.8432179e-07
1762 region_rec_diffs(6,263)        -1.7458753     -3     3    4.2339447e-07
1763 region_rec_diffs(6,264)        -0.15741877     -3     3    1.2514931e-06
1764 region_rec_diffs(6,265)        0.13207623     -3     3    8.5277926e-07
1765 region_rec_diffs(6,266)        -1.2073693     -3     3    -3.6381288e-07
1766 region_rec_diffs(6,267)        -0.8160756     -3     3    -3.8552888e-06
1767 region_rec_diffs(6,268)        -0.84202     -3     3    -2.7200771e-06
1768 region_rec_diffs(6,269)        -1.1229704     -3     3    -1.8764239e-06
1769 region_rec_diffs(6,270)        -0.66787013     -3     3    -2.2983574e-06
1770 region_rec_diffs(6,271)        1.0977518     -3     3    -1.5260558e-05
1771 region_rec_diffs(6,272)        -0.51279527     -3     3    -6.2591945e-06
1772 region_rec_diffs(6,273)        -0.93712907     -3     3    -6.1174696e-07
1773 region_rec_diffs(6,274)        -1.4909292     -3     3    1.1858348e-06
1774 region_rec_diffs(6,275)        -0.92693821     -3     3    -5.6425326e-07
1775 region_rec_diffs(6,276)        -0.39379717     -3     3    -4.779014e-07
1776 region_rec_diffs(6,277)        -0.067143108     -3     3    -1.3603524e-06
1777 region_rec_diffs(6,278)        -0.38239919     -3     3    -6.7956443e-07
1778 region_rec_diffs(6,279)        -0.19358037     -3     3    -9.3277905e-07
1779 region_rec_diffs(7,1)        1.8161472e-11     -3     3    -2.0261537e-11
1780 region_rec_diffs(7,2)        -1.1028318     -3     3    -6.7158789e-06
1781 region_rec_diffs(7,3)        -1.065027     -3     3    -5.5649429e-06
1782 region_rec_diffs(7,4)        -1.0660384     -3     3    -5.9340451e-06
1783 region_rec_diffs(7,5)        -1.0648433     -3     3    -5.548901e-06
1784 region_rec_diffs(7,6)        -0.050128822     -3     3    -1.1278134e-07
1785 region_rec_diffs(7,7)        -0.02779381     -3     3    2.0570985e-07
1786 region_rec_diffs(7,8)        -1.9256617     -3     3    9.8506924e-07
1787 region_rec_diffs(7,9)        -0.26226856     -3     3    2.9020446e-07
1788 region_rec_diffs(7,10)        -0.40948872     -3     3    -1.2355392e-06
1789 region_rec_diffs(7,11)        -0.23148412     -3     3    2.6098015e-07
1790 region_rec_diffs(7,12)        -2.2975893     -3     3    1.9214987e-06
1791 region_rec_diffs(7,13)        -0.10814544     -3     3    2.5579842e-06
1792 region_rec_diffs(7,14)        -0.5073437     -3     3    -8.905824e-06
1793 region_rec_diffs(7,15)        0.048114133     -3     3    -8.5166275e-07
1794 region_rec_diffs(7,16)        0.099682874     -3     3    7.4882468e-07
1795 region_rec_diffs(7,17)        0.21545074     -3     3    1.4234263e-06
1796 region_rec_diffs(7,18)        -1.2102863     -3     3    -6.158685e-06
1797 region_rec_diffs(7,19)        -0.075207902     -3     3    5.7878086e-07
1798 region_rec_diffs(7,20)        -0.10335472     -3     3    1.2268094e-06
1799 region_rec_diffs(7,21)        -0.59031579     -3     3    -2.1726499e-06
1800 region_rec_diffs(7,22)        -1.7202275     -3     3    -1.6861574e-06
1801 region_rec_diffs(7,23)        -0.24769745     -3     3    9.0300714e-07
1802 region_rec_diffs(7,24)        -1.9280772     -3     3    1.9854489e-10
1803 region_rec_diffs(7,25)        -1.0025075     -3     3    -1.2200616e-06
1804 region_rec_diffs(7,26)        -2.7167359     -3     3    1.2217698e-06
1805 region_rec_diffs(7,27)        -0.14616132     -3     3    4.9667687e-07
1806 region_rec_diffs(7,28)        -1.9070189     -3     3    4.3672719e-07
1807 region_rec_diffs(7,29)        -0.16568884     -3     3    3.8003528e-06
1808 region_rec_diffs(7,30)        0.25025198     -3     3    -7.6951945e-07
1809 region_rec_diffs(7,31)        0.063636867     -3     3    3.073715e-07
1810 region_rec_diffs(7,32)        -0.015392987     -3     3    2.9907207e-07
1811 region_rec_diffs(7,33)        -1.1683358     -3     3    2.9157276e-06
1812 region_rec_diffs(7,34)        -2.0410348     -3     3    -5.1604412e-06
1813 region_rec_diffs(7,35)        -0.17527511     -3     3    3.9931798e-07
1814 region_rec_diffs(7,36)        -1.6190717     -3     3    -7.8074239e-07
1815 region_rec_diffs(7,37)        -1.8496434     -3     3    3.7118158e-08
1816 region_rec_diffs(7,38)        -0.29234161     -3     3    -1.683823e-07
1817 region_rec_diffs(7,39)        -0.076225878     -3     3    -1.1825535e-07
1818 region_rec_diffs(7,40)        -0.10753594     -3     3    -1.4804113e-08
1819 region_rec_diffs(7,41)        -1.2111803     -3     3    2.6454996e-06
1820 region_rec_diffs(7,42)        -1.4267086     -3     3    -2.3147246e-07
1821 region_rec_diffs(7,43)        -0.027947185     -3     3    -5.778985e-07
1822 region_rec_diffs(7,44)        -1.3928061     -3     3    7.9659329e-07
1823 region_rec_diffs(7,45)        -2.3228951     -3     3    -2.9641422e-07
1824 region_rec_diffs(7,46)        -0.63335365     -3     3    4.1172494e-07
1825 region_rec_diffs(7,47)        -0.51119098     -3     3    -2.8184399e-07
1826 region_rec_diffs(7,48)        -1.5090223     -3     3    8.2433386e-07
1827 region_rec_diffs(7,49)        -0.79297039     -3     3    1.7434524e-06
1828 region_rec_diffs(7,50)        -0.0033637214     -3     3    1.4058123e-07
1829 region_rec_diffs(7,51)        -1.4876813     -3     3    9.1792101e-07
1830 region_rec_diffs(7,52)        -0.30098029     -3     3    -2.0541732e-09
1831 region_rec_diffs(7,53)        -1.3256633     -3     3    -7.2549031e-06
1832 region_rec_diffs(7,54)        -0.041917843     -3     3    -7.594656e-07
1833 region_rec_diffs(7,55)        -0.49948136     -3     3    -1.7412173e-06
1834 region_rec_diffs(7,56)        -1.1178455     -3     3    -1.4252252e-06
1835 region_rec_diffs(7,57)        -1.1190795     -3     3    -1.0827376e-06
1836 region_rec_diffs(7,58)        -1.188553     -3     3    -4.22934e-06
1837 region_rec_diffs(7,59)        -0.41043282     -3     3    5.5285287e-07
1838 region_rec_diffs(7,60)        -1.5026804     -3     3    2.7032585e-07
1839 region_rec_diffs(7,61)        -1.7637772     -3     3    1.8401261e-06
1840 region_rec_diffs(7,62)        -0.11374826     -3     3    -4.9606313e-07
1841 region_rec_diffs(7,63)        -0.72255749     -3     3    1.0126868e-06
1842 region_rec_diffs(7,64)        -0.53536815     -3     3    3.2545617e-06
1843 region_rec_diffs(7,65)        -1.9159398     -3     3    2.6958795e-06
1844 region_rec_diffs(7,66)        0.060003944     -3     3    6.137974e-07
1845 region_rec_diffs(7,67)        -0.63047572     -3     3    1.1814719e-06
1846 region_rec_diffs(7,68)        -1.2800776     -3     3    1.0629527e-06
1847 region_rec_diffs(7,69)        -1.2629248     -3     3    1.9743733e-06
1848 region_rec_diffs(7,70)        -0.28648172     -3     3    5.0943373e-06
1849 region_rec_diffs(7,71)        -0.6045561     -3     3    -1.2165842e-06
1850 region_rec_diffs(7,72)        -0.82193771     -3     3    3.8384232e-06
1851 region_rec_diffs(7,73)        -0.0084621747     -3     3    -1.1981599e-06
1852 region_rec_diffs(7,74)        -1.3046504     -3     3    3.5089423e-07
1853 region_rec_diffs(7,75)        0.1503083     -3     3    1.8494905e-08
1854 region_rec_diffs(7,76)        0.21621212     -3     3    -1.2002466e-06
1855 region_rec_diffs(7,77)        -0.31251046     -3     3    4.4026433e-06
1856 region_rec_diffs(7,78)        -0.62920012     -3     3    7.2026007e-07
1857 region_rec_diffs(7,79)        -0.3189339     -3     3    8.1261866e-07
1858 region_rec_diffs(7,80)        -1.1660748     -3     3    1.544514e-06
1859 region_rec_diffs(7,81)        -0.38966279     -3     3    8.1299861e-07
1860 region_rec_diffs(7,82)        -0.16563499     -3     3    8.0991091e-06
1861 region_rec_diffs(7,83)        -0.92762992     -3     3    -2.4280588e-06
1862 region_rec_diffs(7,84)        -0.21319397     -3     3    -1.635018e-06
1863 region_rec_diffs(7,85)        -0.36946948     -3     3    -4.1870435e-06
1864 region_rec_diffs(7,86)        0.071769064     -3     3    7.9721311e-07
1865 region_rec_diffs(7,87)        -1.7205967     -3     3    7.6793544e-07
1866 region_rec_diffs(7,88)        -1.2017357     -3     3    1.6495368e-06
1867 region_rec_diffs(7,89)        0.15752155     -3     3    3.8207849e-06
1868 region_rec_diffs(7,90)        0.17805574     -3     3    1.1007053e-06
1869 region_rec_diffs(7,91)        -0.31079494     -3     3    -2.1596402e-07
1870 region_rec_diffs(7,92)        -0.12275461     -3     3    -3.2941069e-06
1871 region_rec_diffs(7,93)        -1.5640138     -3     3    9.3114405e-07
1872 region_rec_diffs(7,94)        -2.3100638     -3     3    -1.0243464e-06
1873 region_rec_diffs(7,95)        -1.1911836     -3     3    6.2234937e-07
1874 region_rec_diffs(7,96)        -0.56421448     -3     3    -4.1112759e-07
1875 region_rec_diffs(7,97)        -1.6919     -3     3    7.8574219e-07
1876 region_rec_diffs(7,98)        -1.1583084     -3     3    4.4136295e-07
1877 region_rec_diffs(7,99)        -1.0038247     -3     3    2.7555373e-07
1878 region_rec_diffs(7,100)        0.050997829     -3     3    2.9321927e-06
1879 region_rec_diffs(7,101)        -1.1017384     -3     3    -1.2002937e-06
1880 region_rec_diffs(7,102)        -0.017634459     -3     3    1.2179383e-07
1881 region_rec_diffs(7,103)        -0.54641965     -3     3    -4.7034054e-07
1882 region_rec_diffs(7,104)        -1.5066923     -3     3    -2.2698353e-06
1883 region_rec_diffs(7,105)        -0.007716272     -3     3    -2.1385137e-08
1884 region_rec_diffs(7,106)        0.0087623176     -3     3    1.2603352e-09
1885 region_rec_diffs(7,107)        -0.035282859     -3     3    3.0170491e-08
1886 region_rec_diffs(7,108)        -0.37777825     -3     3    3.2820191e-06
1887 region_rec_diffs(7,109)        -0.8334708     -3     3    1.2192987e-06
1888 region_rec_diffs(7,110)        0.027864574     -3     3    2.2178038e-07
1889 region_rec_diffs(7,111)        0.087289927     -3     3    -1.9807747e-07
1890 region_rec_diffs(7,112)        -0.7638495     -3     3    -3.0710356e-07
1891 region_rec_diffs(7,113)        -0.98432768     -3     3    2.4286915e-06
1892 region_rec_diffs(7,114)        0.30496736     -3     3    2.0706645e-06
1893 region_rec_diffs(7,115)        -0.15795647     -3     3    1.0594995e-06
1894 region_rec_diffs(7,116)        -1.708066     -3     3    2.6029747e-06
1895 region_rec_diffs(7,117)        -1.5156492     -3     3    -2.4910939e-06
1896 region_rec_diffs(7,118)        0.033871245     -3     3    -1.3247572e-07
1897 region_rec_diffs(7,119)        -0.96103951     -3     3    -9.9808775e-09
1898 region_rec_diffs(7,120)        -0.43469376     -3     3    -5.1681971e-06
1899 region_rec_diffs(7,121)        -1.515691     -3     3    1.2988901e-06
1900 region_rec_diffs(7,122)        -0.71326533     -3     3    5.5525708e-06
1901 region_rec_diffs(7,123)        0.17924256     -3     3    3.3205073e-06
1902 region_rec_diffs(7,124)        -2.9959333     -3     3    7.937925e-06
1903 region_rec_diffs(7,125)        -1.4298108     -3     3    2.6087781e-06
1904 region_rec_diffs(7,126)        -0.47899109     -3     3    1.0814649e-05
1905 region_rec_diffs(7,127)        0.45721913     -3     3    -1.3658836e-05
1906 region_rec_diffs(7,128)        -0.2571084     -3     3    2.1704342e-06
1907 region_rec_diffs(7,129)        -0.63731248     -3     3    3.5738229e-06
1908 region_rec_diffs(7,130)        0.47818834     -3     3    -1.4193288e-06
1909 region_rec_diffs(7,131)        0.43819408     -3     3    -2.400974e-07
1910 region_rec_diffs(7,132)        -2.7430578     -3     3    9.381566e-07
1911 region_rec_diffs(7,133)        -2.9999996     -3     3    -1.7412315e-09   *************
1912 region_rec_diffs(7,134)        0.030076767     -3     3    1.3632459e-06
1913 region_rec_diffs(7,135)        -0.012837521     -3     3    4.9811336e-06
1914 region_rec_diffs(7,136)        -0.80326262     -3     3    9.9828542e-06
1915 region_rec_diffs(7,137)        0.39892629     -3     3    7.9642209e-06
1916 region_rec_diffs(7,138)        -0.88580426     -3     3    7.6413884e-07
1917 region_rec_diffs(7,139)        0.40817455     -3     3    7.3993979e-07
1918 region_rec_diffs(7,140)        0.66766532     -3     3    -6.4073443e-07
1919 region_rec_diffs(7,141)        -1.9567544     -3     3    -1.1878047e-06
1920 region_rec_diffs(7,142)        -0.41402133     -3     3    5.0463879e-07
1921 region_rec_diffs(7,143)        0.30289922     -3     3    4.9135182e-07
1922 region_rec_diffs(7,144)        -0.60403045     -3     3    1.5606774e-06
1923 region_rec_diffs(7,145)        -0.40977758     -3     3    -1.0875659e-06
1924 region_rec_diffs(7,146)        -1.3933313     -3     3    -6.632149e-07
1925 region_rec_diffs(7,147)        -1.899002     -3     3    1.3373249e-06
1926 region_rec_diffs(7,148)        -0.40602618     -3     3    -4.0880292e-06
1927 region_rec_diffs(7,149)        -1.0059418     -3     3    -2.4508614e-06
1928 region_rec_diffs(7,150)        -0.49664721     -3     3    -2.7609301e-06
1929 region_rec_diffs(7,151)        -0.69161409     -3     3    -5.4897056e-06
1930 region_rec_diffs(7,152)        0.25700868     -3     3    8.1907988e-06
1931 region_rec_diffs(7,153)        -2.0823012     -3     3    4.7048866e-07
1932 region_rec_diffs(7,154)        -1.0498543     -3     3    -3.5084294e-06
1933 region_rec_diffs(7,155)        -1.2145681     -3     3    7.4757449e-07
1934 region_rec_diffs(7,156)        -0.028784329     -3     3    1.4732895e-07
1935 region_rec_diffs(7,157)        -2.507257     -3     3    5.5569677e-07
1936 region_rec_diffs(7,158)        0.26642443     -3     3    -1.3431908e-05
1937 region_rec_diffs(7,159)        -1.1694996     -3     3    -1.9115944e-06
1938 region_rec_diffs(7,160)        -0.21807859     -3     3    5.9623625e-06
1939 region_rec_diffs(7,161)        -1.8549666     -3     3    1.0399772e-06
1940 region_rec_diffs(7,162)        -1.2504163     -3     3    5.3656524e-07
1941 region_rec_diffs(7,163)        -0.098080743     -3     3    -1.25021e-05
1942 region_rec_diffs(7,164)        -1.4475697     -3     3    8.3758895e-07
1943 region_rec_diffs(7,165)        -0.72797435     -3     3    1.2372486e-06
1944 region_rec_diffs(7,166)        0.43945407     -3     3    1.0623235e-06
1945 region_rec_diffs(7,167)        -0.5807747     -3     3    -4.7728949e-06
1946 region_rec_diffs(7,168)        -0.96043756     -3     3    4.12389e-06
1947 region_rec_diffs(7,169)        -0.71932927     -3     3    1.2976696e-05
1948 region_rec_diffs(7,170)        0.36221079     -3     3    -1.3022674e-05
1949 region_rec_diffs(7,171)        -1.7081237     -3     3    6.3330235e-06
1950 region_rec_diffs(7,172)        -2.5071139     -3     3    -3.5754767e-06
1951 region_rec_diffs(7,173)        -2.3803145     -3     3    8.8696593e-07
1952 region_rec_diffs(7,174)        -0.46377342     -3     3    7.8483716e-06
1953 region_rec_diffs(7,175)        -0.22450671     -3     3    2.6798821e-06
1954 region_rec_diffs(7,176)        0.52064971     -3     3    6.3537196e-06
1955 region_rec_diffs(7,177)        0.2989281     -3     3    -5.4951622e-06
1956 region_rec_diffs(7,178)        -1.6740248     -3     3    9.7431966e-08
1957 region_rec_diffs(7,179)        -0.58177729     -3     3    3.1963011e-07
1958 region_rec_diffs(7,180)        -0.35368835     -3     3    -2.4259974e-06
1959 region_rec_diffs(7,181)        -0.29649996     -3     3    1.8147367e-06
1960 region_rec_diffs(7,182)        0.72859138     -3     3    1.8191533e-06
1961 region_rec_diffs(7,183)        0.33587075     -3     3    4.5827545e-06
1962 region_rec_diffs(7,184)        -0.13052966     -3     3    4.1997448e-06
1963 region_rec_diffs(7,185)        -2.0039931     -3     3    -2.0199173e-06
1964 region_rec_diffs(7,186)        -0.52054775     -3     3    3.6762489e-06
1965 region_rec_diffs(7,187)        -0.44382085     -3     3    -3.7760946e-06
1966 region_rec_diffs(7,188)        0.19302821     -3     3    2.2954203e-06
1967 region_rec_diffs(7,189)        -0.84624523     -3     3    3.1434372e-06
1968 region_rec_diffs(7,190)        0.34727814     -3     3    1.3784605e-05
1969 region_rec_diffs(7,191)        -0.31445863     -3     3    9.6110406e-06
1970 region_rec_diffs(7,192)        -0.95263788     -3     3    -2.520817e-08
1971 region_rec_diffs(7,193)        -2.9259099     -3     3    1.5311745e-06
1972 region_rec_diffs(7,194)        -0.60353561     -3     3    4.0747947e-07
1973 region_rec_diffs(7,195)        -0.61203933     -3     3    1.1168242e-06
1974 region_rec_diffs(7,196)        -1.6436785     -3     3    2.118052e-06
1975 region_rec_diffs(7,197)        -1.2563804     -3     3    3.9047085e-06
1976 region_rec_diffs(7,198)        0.23295681     -3     3    -5.4034019e-06
1977 region_rec_diffs(7,199)        -0.88209087     -3     3    -4.5497391e-06
1978 region_rec_diffs(7,200)        0.36140915     -3     3    -6.1456587e-06
1979 region_rec_diffs(7,201)        -1.2192891     -3     3    3.3929997e-06
1980 region_rec_diffs(7,202)        -1.4922632     -3     3    4.560344e-06
1981 region_rec_diffs(7,203)        -1.9325744     -3     3    5.3924317e-06
1982 region_rec_diffs(7,204)        -1.0010417     -3     3    1.5636292e-05
1983 region_rec_diffs(7,205)        -0.95579008     -3     3    1.3233529e-06
1984 region_rec_diffs(7,206)        0.44816457     -3     3    2.6921518e-05
1985 region_rec_diffs(7,207)        -0.88839997     -3     3    3.0847832e-06
1986 region_rec_diffs(7,208)        0.74790376     -3     3    4.3091643e-06
1987 region_rec_diffs(7,209)        -1.3484724     -3     3    -2.3590738e-06
1988 region_rec_diffs(7,210)        -1.6973127     -3     3    -9.7020604e-07
1989 region_rec_diffs(7,211)        -2.2172338     -3     3    -5.0292971e-07
1990 region_rec_diffs(7,212)        -0.21986777     -3     3    -2.2280923e-07
1991 region_rec_diffs(7,213)        -0.38236251     -3     3    5.3615232e-06
1992 region_rec_diffs(7,214)        0.43239659     -3     3    1.1940733e-05
1993 region_rec_diffs(7,215)        -0.53510941     -3     3    4.8511237e-06
1994 region_rec_diffs(7,216)        0.035311957     -3     3    -2.1241884e-05
1995 region_rec_diffs(7,217)        -0.64177117     -3     3    -2.5671294e-06
1996 region_rec_diffs(7,218)        -0.15596903     -3     3    -5.3654824e-06
1997 region_rec_diffs(7,219)        -0.6892233     -3     3    5.4010342e-07
1998 region_rec_diffs(7,220)        -1.2948499     -3     3    1.895915e-06
1999 region_rec_diffs(7,221)        0.19328973     -3     3    -1.3693074e-05
2000 region_rec_diffs(7,222)        -0.51348657     -3     3    2.3402418e-07
2001 region_rec_diffs(7,223)        -0.52196095     -3     3    -2.5381997e-06
2002 region_rec_diffs(7,224)        -1.2523538     -3     3    1.9580094e-06
2003 region_rec_diffs(7,225)        -0.17025995     -3     3    8.5799284e-06
2004 region_rec_diffs(7,226)        0.46922492     -3     3    -1.5762016e-05
2005 region_rec_diffs(7,227)        -0.062932561     -3     3    8.934974e-06
2006 region_rec_diffs(7,228)        0.14459901     -3     3    9.546525e-06
2007 region_rec_diffs(7,229)        -1.5063463     -3     3    -2.782728e-06
2008 region_rec_diffs(7,230)        -1.102225     -3     3    2.4200303e-06
2009 region_rec_diffs(7,231)        -1.7573903     -3     3    4.0863058e-06
2010 region_rec_diffs(7,232)        -2.2124048     -3     3    7.8851451e-07
2011 region_rec_diffs(7,233)        -0.47411358     -3     3    5.5231808e-06
2012 region_rec_diffs(7,234)        -0.55004977     -3     3    6.0368206e-06
2013 region_rec_diffs(7,235)        -0.83192302     -3     3    -3.0829938e-06
2014 region_rec_diffs(7,236)        -0.15286172     -3     3    5.3012589e-06
2015 region_rec_diffs(7,237)        -0.68305136     -3     3    -5.6047697e-06
2016 region_rec_diffs(7,238)        -0.049300461     -3     3    2.77509e-06
2017 region_rec_diffs(7,239)        -0.34233854     -3     3    -2.3012251e-06
2018 region_rec_diffs(7,240)        -1.0095683     -3     3    6.118074e-06
2019 region_rec_diffs(7,241)        -1.7731062     -3     3    -1.2128655e-06
2020 region_rec_diffs(7,242)        -0.38035258     -3     3    3.4958669e-06
2021 region_rec_diffs(7,243)        -0.53538547     -3     3    1.7634819e-06
2022 region_rec_diffs(7,244)        -0.43859549     -3     3    2.2895815e-06
2023 region_rec_diffs(7,245)        -0.34725157     -3     3    1.0130255e-05
2024 region_rec_diffs(7,246)        -0.5348639     -3     3    -1.8705375e-06
2025 region_rec_diffs(7,247)        -0.83166718     -3     3    -1.3231688e-06
2026 region_rec_diffs(7,248)        -1.3379198     -3     3    -2.8146259e-06
2027 region_rec_diffs(7,249)        -0.053394565     -3     3    8.2483326e-06
2028 region_rec_diffs(7,250)        0.20965212     -3     3    -9.2864414e-06
2029 region_rec_diffs(7,251)        -0.23689969     -3     3    7.446075e-06
2030 region_rec_diffs(7,252)        -0.45334716     -3     3    2.6058248e-06
2031 region_rec_diffs(7,253)        -0.62685488     -3     3    5.7449615e-06
2032 region_rec_diffs(7,254)        0.042469303     -3     3    6.0359781e-06
2033 region_rec_diffs(7,255)        -0.16431281     -3     3    3.0319873e-07
2034 region_rec_diffs(7,256)        -0.45761604     -3     3    1.9679028e-06
2035 region_rec_diffs(7,257)        -0.47360249     -3     3    8.924656e-06
2036 region_rec_diffs(7,258)        0.12762882     -3     3    -1.8020757e-05
2037 region_rec_diffs(7,259)        0.46726867     -3     3    1.0494307e-05
2038 region_rec_diffs(7,260)        -0.74047143     -3     3    -2.7187221e-07
2039 region_rec_diffs(7,261)        -1.0818474     -3     3    -2.4019876e-06
2040 region_rec_diffs(7,262)        0.35888992     -3     3    1.3133455e-05
2041 region_rec_diffs(7,263)        -0.38403278     -3     3    2.550309e-06
2042 region_rec_diffs(7,264)        -1.2841424     -3     3    1.3598126e-06
2043 region_rec_diffs(7,265)        -0.5539679     -3     3    1.6209919e-06
2044 region_rec_diffs(7,266)        0.25845728     -3     3    2.3847004e-05
2045 region_rec_diffs(7,267)        -0.033111426     -3     3    2.153714e-05
2046 region_rec_diffs(7,268)        -1.0515271     -3     3    9.0417382e-06
2047 region_rec_diffs(7,269)        -0.90139417     -3     3    2.0545622e-05
2048 region_rec_diffs(7,270)        -0.14529284     -3     3    2.3363658e-05
2049 region_rec_diffs(7,271)        -0.75890113     -3     3    4.9392967e-05
2050 region_rec_diffs(7,272)        0.063105396     -3     3    7.364707e-05
2051 region_rec_diffs(7,273)        0.29567508     -3     3    -3.5840778e-06
2052 region_rec_diffs(7,274)        -0.94665414     -3     3    -6.3023791e-06
2053 region_rec_diffs(7,275)        0.26888869     -3     3    1.8362582e-06
2054 region_rec_diffs(7,276)        -0.62793702     -3     3    -7.49271e-06
2055 region_rec_diffs(7,277)        -1.5158022     -3     3    -7.8578851e-07
2056 region_rec_diffs(7,278)        -0.52481147     -3     3    -1.8821986e-06
2057 region_rec_diffs(7,279)        0.30650685     -3     3    -5.9646834e-07
2058 region_rec_diffs(8,1)        -1.4680701e-11     -3     3    -3.5061782e-12
2059 region_rec_diffs(8,2)        -1.7714469     -3     3    8.123236e-07
2060 region_rec_diffs(8,3)        -1.8687912     -3     3    -7.8477692e-07
2061 region_rec_diffs(8,4)        -1.8117032     -3     3    1.7766881e-06
2062 region_rec_diffs(8,5)        -1.8414077     -3     3    5.0095403e-07
2063 region_rec_diffs(8,6)        -0.28555156     -3     3    7.9907466e-07
2064 region_rec_diffs(8,7)        -0.30291223     -3     3    7.6593488e-07
2065 region_rec_diffs(8,8)        -2.0905028     -3     3    1.1177703e-06
2066 region_rec_diffs(8,9)        -0.26978451     -3     3    -4.804777e-08
2067 region_rec_diffs(8,10)        -0.19182903     -3     3    -5.899471e-08
2068 region_rec_diffs(8,11)        -0.053625654     -3     3    2.8299407e-07
2069 region_rec_diffs(8,12)        -1.3215075     -3     3    1.6178338e-06
2070 region_rec_diffs(8,13)        -0.096839812     -3     3    5.4312252e-07
2071 region_rec_diffs(8,14)        -0.59856677     -3     3    -1.5224823e-06
2072 region_rec_diffs(8,15)        -0.016794731     -3     3    -2.2107368e-07
2073 region_rec_diffs(8,16)        -0.1233575     -3     3    -6.0799504e-07
2074 region_rec_diffs(8,17)        -0.40058701     -3     3    1.3068849e-06
2075 region_rec_diffs(8,18)        -1.4654332     -3     3    2.5950136e-06
2076 region_rec_diffs(8,19)        -0.14863521     -3     3    9.6891285e-08
2077 region_rec_diffs(8,20)        -0.29153681     -3     3    3.5765317e-07
2078 region_rec_diffs(8,21)        -1.0594123     -3     3    7.4928005e-07
2079 region_rec_diffs(8,22)        -1.57425     -3     3    1.2477099e-06
2080 region_rec_diffs(8,23)        -0.17295554     -3     3    -1.3731817e-07
2081 region_rec_diffs(8,24)        -1.1947611     -3     3    5.9722458e-07
2082 region_rec_diffs(8,25)        -0.52470681     -3     3    1.7488798e-07
2083 region_rec_diffs(8,26)        -2.0679023     -3     3    -1.2090381e-08
2084 region_rec_diffs(8,27)        -0.15629919     -3     3    -8.1216467e-08
2085 region_rec_diffs(8,28)        -1.8332799     -3     3    -2.2355247e-07
2086 region_rec_diffs(8,29)        -1.2334373     -3     3    8.3693383e-07
2087 region_rec_diffs(8,30)        -0.3759981     -3     3    4.0219435e-07
2088 region_rec_diffs(8,31)        -0.076538514     -3     3    -2.6815552e-08
2089 region_rec_diffs(8,32)        -0.24323426     -3     3    -4.3023002e-07
2090 region_rec_diffs(8,33)        -0.87560922     -3     3    9.5769072e-07
2091 region_rec_diffs(8,34)        -1.5583097     -3     3    -2.7406441e-06
2092 region_rec_diffs(8,35)        -0.081008296     -3     3    -8.9569928e-08
2093 region_rec_diffs(8,36)        -0.86889706     -3     3    -9.3263994e-07
2094 region_rec_diffs(8,37)        -1.196048     -3     3    -2.7530839e-06
2095 region_rec_diffs(8,38)        -0.24178284     -3     3    1.8027362e-07
2096 region_rec_diffs(8,39)        -0.020790117     -3     3    -7.2009235e-08
2097 region_rec_diffs(8,40)        -0.16207667     -3     3    -6.1132796e-07
2098 region_rec_diffs(8,41)        -1.4432583     -3     3    1.407835e-07
2099 region_rec_diffs(8,42)        -1.3508118     -3     3    -2.3460859e-07
2100 region_rec_diffs(8,43)        -0.12082256     -3     3    -2.2304359e-07
2101 region_rec_diffs(8,44)        -1.173648     -3     3    -7.2064539e-07
2102 region_rec_diffs(8,45)        -1.7953778     -3     3    -3.7302414e-07
2103 region_rec_diffs(8,46)        -0.3241347     -3     3    6.3248756e-07
2104 region_rec_diffs(8,47)        -0.20606144     -3     3    -5.2083085e-08
2105 region_rec_diffs(8,48)        -0.91472245     -3     3    2.0553714e-07
2106 region_rec_diffs(8,49)        -1.5319124     -3     3    1.3837947e-06
2107 region_rec_diffs(8,50)        -0.084560961     -3     3    5.840233e-09
2108 region_rec_diffs(8,51)        -0.95547636     -3     3    4.0623368e-07
2109 region_rec_diffs(8,52)        -0.41410433     -3     3    4.3104862e-07
2110 region_rec_diffs(8,53)        -1.7709448     -3     3    -5.2336074e-07
2111 region_rec_diffs(8,54)        -0.19970877     -3     3    1.3861516e-07
2112 region_rec_diffs(8,55)        -0.13114815     -3     3    -5.1708005e-08
2113 region_rec_diffs(8,56)        -0.46081898     -3     3    3.4293848e-07
2114 region_rec_diffs(8,57)        -0.72182803     -3     3    1.5505791e-06
2115 region_rec_diffs(8,58)        -1.1564374     -3     3    4.2593384e-07
2116 region_rec_diffs(8,59)        -0.24265073     -3     3    -2.4312857e-07
2117 region_rec_diffs(8,60)        -1.2494196     -3     3    1.9487192e-06
2118 region_rec_diffs(8,61)        -1.7514463     -3     3    3.7636296e-07
2119 region_rec_diffs(8,62)        -0.25940232     -3     3    -3.6463518e-07
2120 region_rec_diffs(8,63)        -0.49250039     -3     3    5.535626e-07
2121 region_rec_diffs(8,64)        -0.57665751     -3     3    1.3809474e-06
2122 region_rec_diffs(8,65)        -1.8763663     -3     3    -4.4310449e-07
2123 region_rec_diffs(8,66)        -0.17500378     -3     3    -1.2358159e-07
2124 region_rec_diffs(8,67)        -0.44583029     -3     3    5.291594e-07
2125 region_rec_diffs(8,68)        -0.96775291     -3     3    -5.3732229e-07
2126 region_rec_diffs(8,69)        -1.4862968     -3     3    -8.4804538e-07
2127 region_rec_diffs(8,70)        -0.89380147     -3     3    2.7003536e-07
2128 region_rec_diffs(8,71)        -0.3536705     -3     3    -1.3140263e-07
2129 region_rec_diffs(8,72)        -0.77508105     -3     3    3.1012156e-07
2130 region_rec_diffs(8,73)        -0.66255427     -3     3    -1.3150426e-06
2131 region_rec_diffs(8,74)        -0.91129098     -3     3    1.477911e-07
2132 region_rec_diffs(8,75)        -0.097489191     -3     3    -1.2616533e-07
2133 region_rec_diffs(8,76)        -0.37501862     -3     3    -1.2669329e-07
2134 region_rec_diffs(8,77)        -1.0276388     -3     3    -1.4674613e-06
2135 region_rec_diffs(8,78)        -0.57615134     -3     3    1.1965133e-07
2136 region_rec_diffs(8,79)        -0.25927245     -3     3    -2.9181932e-07
2137 region_rec_diffs(8,80)        -1.1499915     -3     3    -4.6643137e-07
2138 region_rec_diffs(8,81)        -0.47581636     -3     3    -1.5872099e-07
2139 region_rec_diffs(8,82)        -1.4560417     -3     3    -9.4111477e-07
2140 region_rec_diffs(8,83)        1.2082393     -3     3    -4.6568863e-06
2141 region_rec_diffs(8,84)        0.039125842     -3     3    -1.1537167e-06
2142 region_rec_diffs(8,85)        -0.30740758     -3     3    -4.1462723e-07
2143 region_rec_diffs(8,86)        -0.046004687     -3     3    9.9906817e-08
2144 region_rec_diffs(8,87)        -0.98136869     -3     3    1.2557641e-06
2145 region_rec_diffs(8,88)        -0.70428619     -3     3    8.205714e-07
2146 region_rec_diffs(8,89)        -0.22783692     -3     3    9.4858324e-09
2147 region_rec_diffs(8,90)        -0.48556358     -3     3    -5.2717954e-07
2148 region_rec_diffs(8,91)        -0.40626849     -3     3    1.2919954e-07
2149 region_rec_diffs(8,92)        -0.37344905     -3     3    -1.3304117e-06
2150 region_rec_diffs(8,93)        -0.7412106     -3     3    2.9841536e-07
2151 region_rec_diffs(8,94)        -0.76202503     -3     3    1.6306338e-06
2152 region_rec_diffs(8,95)        1.6079589     -3     3    1.4912842e-06
2153 region_rec_diffs(8,96)        -0.26825351     -3     3    -8.7561512e-07
2154 region_rec_diffs(8,97)        -0.35407439     -3     3    2.1141629e-06
2155 region_rec_diffs(8,98)        0.92829492     -3     3    -1.354308e-06
2156 region_rec_diffs(8,99)        0.23792116     -3     3    -2.5475737e-07
2157 region_rec_diffs(8,100)        -0.45445918     -3     3    1.0248875e-06
2158 region_rec_diffs(8,101)        0.3547831     -3     3    2.3877957e-07
2159 region_rec_diffs(8,102)        0.00088350329     -3     3    -4.6244353e-08
2160 region_rec_diffs(8,103)        -0.14770014     -3     3    -1.0636132e-07
2161 region_rec_diffs(8,104)        0.46708037     -3     3    -2.7079634e-06
2162 region_rec_diffs(8,105)        -0.073095313     -3     3    -2.5000507e-08
2163 region_rec_diffs(8,106)        -0.046358619     -3     3    1.9532716e-08
2164 region_rec_diffs(8,107)        -0.12294484     -3     3    -6.8478168e-08
2165 region_rec_diffs(8,108)        -0.65138369     -3     3    8.9731515e-07
2166 region_rec_diffs(8,109)        0.56821443     -3     3    -1.8924755e-06
2167 region_rec_diffs(8,110)        -0.0015024363     -3     3    -5.581277e-08
2168 region_rec_diffs(8,111)        -0.03126114     -3     3    -1.3392861e-07
2169 region_rec_diffs(8,112)        -0.087193408     -3     3    -2.2164729e-06
2170 region_rec_diffs(8,113)        0.31723496     -3     3    6.3526609e-07
2171 region_rec_diffs(8,114)        -0.14695612     -3     3    9.191924e-08
2172 region_rec_diffs(8,115)        -0.013325197     -3     3    2.0636843e-08
2173 region_rec_diffs(8,116)        -0.02859411     -3     3    1.6048294e-06
2174 region_rec_diffs(8,117)        0.39225852     -3     3    -1.0588277e-06
2175 region_rec_diffs(8,118)        0.1545142     -3     3    1.3540094e-07
2176 region_rec_diffs(8,119)        0.28543441     -3     3    -1.9848927e-07
2177 region_rec_diffs(8,120)        1.9569536     -3     3    3.4001446e-06
2178 region_rec_diffs(8,121)        -0.081809592     -3     3    5.4528148e-08
2179 region_rec_diffs(8,122)        -0.20311369     -3     3    -2.1604196e-06
2180 region_rec_diffs(8,123)        0.064789837     -3     3    -2.9127592e-07
2181 region_rec_diffs(8,124)        1.0274125     -3     3    -1.2758233e-06
2182 region_rec_diffs(8,125)        1.6503065     -3     3    1.4130741e-06
2183 region_rec_diffs(8,126)        0.33910562     -3     3    5.9137117e-06
2184 region_rec_diffs(8,127)        0.14805455     -3     3    -2.9717086e-06
2185 region_rec_diffs(8,128)        1.3678312     -3     3    -4.2654183e-06
2186 region_rec_diffs(8,129)        -0.42781142     -3     3    -6.1537049e-07
2187 region_rec_diffs(8,130)        -0.025141726     -3     3    -6.1808211e-07
2188 region_rec_diffs(8,131)        0.053172578     -3     3    8.6390802e-07
2189 region_rec_diffs(8,132)        1.6680295     -3     3    2.6215084e-06
2190 region_rec_diffs(8,133)        1.0071195     -3     3    1.1900485e-06
2191 region_rec_diffs(8,134)        0.34046232     -3     3    1.245279e-06
2192 region_rec_diffs(8,135)        1.5557769     -3     3    4.7397692e-06
2193 region_rec_diffs(8,136)        -0.61090313     -3     3    4.7653291e-06
2194 region_rec_diffs(8,137)        -0.16049506     -3     3    1.2269789e-06
2195 region_rec_diffs(8,138)        -0.39524589     -3     3    1.5762636e-06
2196 region_rec_diffs(8,139)        -0.10044886     -3     3    -3.3760496e-07
2197 region_rec_diffs(8,140)        0.6336496     -3     3    4.1640786e-07
2198 region_rec_diffs(8,141)        0.025543983     -3     3    -1.9090964e-06
2199 region_rec_diffs(8,142)        0.14271227     -3     3    3.0432505e-07
2200 region_rec_diffs(8,143)        0.020835448     -3     3    1.0533166e-09
2201 region_rec_diffs(8,144)        0.71275119     -3     3    9.5056984e-07
2202 region_rec_diffs(8,145)        0.85613542     -3     3    -1.1355659e-06
2203 region_rec_diffs(8,146)        2.2291233     -3     3    -1.9522075e-06
2204 region_rec_diffs(8,147)        1.6120973     -3     3    9.9291252e-06
2205 region_rec_diffs(8,148)        0.72062475     -3     3    1.0008317e-05
2206 region_rec_diffs(8,149)        -0.38355619     -3     3    3.8495834e-07
2207 region_rec_diffs(8,150)        -0.10703592     -3     3    -3.7716585e-07
2208 region_rec_diffs(8,151)        1.1260323     -3     3    -4.5498285e-06
2209 region_rec_diffs(8,152)        -0.19631578     -3     3    2.6115442e-06
2210 region_rec_diffs(8,153)        1.1981508     -3     3    3.9475891e-06
2211 region_rec_diffs(8,154)        2.1513176     -3     3    -8.7059032e-06
2212 region_rec_diffs(8,155)        2.3779475     -3     3    -4.8996418e-07
2213 region_rec_diffs(8,156)        -1.4540991     -3     3    -5.6886707e-07
2214 region_rec_diffs(8,157)        -1.2550413     -3     3    8.0952426e-07
2215 region_rec_diffs(8,158)        -0.49078733     -3     3    -3.414275e-07
2216 region_rec_diffs(8,159)        0.69794277     -3     3    3.040258e-06
2217 region_rec_diffs(8,160)        2.1892556     -3     3    1.3497026e-05
2218 region_rec_diffs(8,161)        1.5054418     -3     3    3.3707835e-06
2219 region_rec_diffs(8,162)        0.11888217     -3     3    -1.9285139e-07
2220 region_rec_diffs(8,163)        1.9103238     -3     3    -8.4379253e-06
2221 region_rec_diffs(8,164)        1.0646274     -3     3    -2.141462e-06
2222 region_rec_diffs(8,165)        -0.34451082     -3     3    9.1308032e-07
2223 region_rec_diffs(8,166)        -0.42805763     -3     3    1.4439023e-06
2224 region_rec_diffs(8,167)        -0.74448041     -3     3    6.3985533e-07
2225 region_rec_diffs(8,168)        1.6855642     -3     3    -3.5241604e-06
2226 region_rec_diffs(8,169)        1.5777105     -3     3    5.7764735e-06
2227 region_rec_diffs(8,170)        0.64779484     -3     3    -5.7706237e-06
2228 region_rec_diffs(8,171)        1.8720395     -3     3    4.4116197e-06
2229 region_rec_diffs(8,172)        1.8631862     -3     3    5.0719279e-06
2230 region_rec_diffs(8,173)        -0.25768736     -3     3    7.8516231e-07
2231 region_rec_diffs(8,174)        -0.076266605     -3     3    1.395437e-06
2232 region_rec_diffs(8,175)        -0.45660395     -3     3    -6.3084334e-07
2233 region_rec_diffs(8,176)        -0.78037717     -3     3    -1.6673492e-06
2234 region_rec_diffs(8,177)        0.60730466     -3     3    -1.6955654e-06
2235 region_rec_diffs(8,178)        0.64882645     -3     3    -3.4410158e-06
2236 region_rec_diffs(8,179)        -1.5726849     -3     3    5.797525e-07
2237 region_rec_diffs(8,180)        -0.51541167     -3     3    -4.6682341e-07
2238 region_rec_diffs(8,181)        -0.81036392     -3     3    -1.0370455e-06
2239 region_rec_diffs(8,182)        -0.42329572     -3     3    -2.8002774e-07
2240 region_rec_diffs(8,183)        -0.53695897     -3     3    2.5175209e-07
2241 region_rec_diffs(8,184)        1.3040912     -3     3    2.3970453e-06
2242 region_rec_diffs(8,185)        1.0329835     -3     3    5.8111602e-06
2243 region_rec_diffs(8,186)        1.5184413     -3     3    -3.7392533e-06
2244 region_rec_diffs(8,187)        -1.1974136     -3     3    -1.3929521e-06
2245 region_rec_diffs(8,188)        -1.1074541     -3     3    2.2773035e-07
2246 region_rec_diffs(8,189)        0.14760498     -3     3    -2.7233367e-07
2247 region_rec_diffs(8,190)        1.5629558     -3     3    6.197262e-06
2248 region_rec_diffs(8,191)        0.9222295     -3     3    -2.6491924e-06
2249 region_rec_diffs(8,192)        0.3572306     -3     3    3.8684392e-06
2250 region_rec_diffs(8,193)        -0.39887072     -3     3    -3.621077e-06
2251 region_rec_diffs(8,194)        2.2263313     -3     3    -8.3759272e-06
2252 region_rec_diffs(8,195)        1.8371308     -3     3    6.145445e-06
2253 region_rec_diffs(8,196)        -1.5054551     -3     3    1.3455688e-06
2254 region_rec_diffs(8,197)        1.3378729     -3     3    5.04022e-06
2255 region_rec_diffs(8,198)        1.4310614     -3     3    -8.7090759e-06
2256 region_rec_diffs(8,199)        0.061219825     -3     3    3.0800902e-07
2257 region_rec_diffs(8,200)        0.56829644     -3     3    -2.7191389e-06
2258 region_rec_diffs(8,201)        0.66914739     -3     3    1.3430884e-06
2259 region_rec_diffs(8,202)        1.1429031     -3     3    -1.6845533e-06
2260 region_rec_diffs(8,203)        0.37625361     -3     3    -2.0100597e-06
2261 region_rec_diffs(8,204)        0.5608518     -3     3    3.8358798e-06
2262 region_rec_diffs(8,205)        0.40978118     -3     3    -1.140913e-07
2263 region_rec_diffs(8,206)        1.0626678     -3     3    2.7955254e-06
2264 region_rec_diffs(8,207)        2.1544706     -3     3    1.328851e-06
2265 region_rec_diffs(8,208)        0.26648922     -3     3    2.1882791e-06
2266 region_rec_diffs(8,209)        1.1064033     -3     3    1.3649321e-06
2267 region_rec_diffs(8,210)        -0.34438328     -3     3    4.2878368e-06
2268 region_rec_diffs(8,211)        -0.40062595     -3     3    6.1972514e-07
2269 region_rec_diffs(8,212)        -0.00041878193     -3     3    3.5923738e-06
2270 region_rec_diffs(8,213)        1.2572348     -3     3    -5.3954349e-08
2271 region_rec_diffs(8,214)        0.37834699     -3     3    5.7901601e-06
2272 region_rec_diffs(8,215)        0.8502704     -3     3    5.2194205e-06
2273 region_rec_diffs(8,216)        -0.068467943     -3     3    -4.4624378e-07
2274 region_rec_diffs(8,217)        -0.49335586     -3     3    -1.4764451e-06
2275 region_rec_diffs(8,218)        -0.55901355     -3     3    -7.8771904e-07
2276 region_rec_diffs(8,219)        -1.1626804     -3     3    -1.1041236e-06
2277 region_rec_diffs(8,220)        -2.1723231     -3     3    -2.6095443e-06
2278 region_rec_diffs(8,221)        -2.1932865     -3     3    -3.2146456e-06
2279 region_rec_diffs(8,222)        0.15845525     -3     3    1.7105177e-06
2280 region_rec_diffs(8,223)        0.40694377     -3     3    -8.4426822e-07
2281 region_rec_diffs(8,224)        0.81123345     -3     3    1.3434341e-06
2282 region_rec_diffs(8,225)        1.9482673     -3     3    -5.1602849e-06
2283 region_rec_diffs(8,226)        0.50387885     -3     3    -1.1647745e-05
2284 region_rec_diffs(8,227)        1.1254561     -3     3    -1.3945734e-05
2285 region_rec_diffs(8,228)        0.10328992     -3     3    -8.7512902e-06
2286 region_rec_diffs(8,229)        -1.1940854     -3     3    2.276157e-08
2287 region_rec_diffs(8,230)        0.16830225     -3     3    -1.2044593e-05
2288 region_rec_diffs(8,231)        -1.6338693     -3     3    -5.2218088e-06
2289 region_rec_diffs(8,232)        -0.56603056     -3     3    -5.7590085e-06
2290 region_rec_diffs(8,233)        -0.47471771     -3     3    -5.8762633e-06
2291 region_rec_diffs(8,234)        0.081088896     -3     3    -4.3192391e-06
2292 region_rec_diffs(8,235)        -0.4095918     -3     3    -1.9732103e-06
2293 region_rec_diffs(8,236)        0.3578929     -3     3    1.5629554e-06
2294 region_rec_diffs(8,237)        0.86938685     -3     3    4.5638158e-06
2295 region_rec_diffs(8,238)        0.39680099     -3     3    6.4326079e-06
2296 region_rec_diffs(8,239)        0.87480509     -3     3    5.0098135e-06
2297 region_rec_diffs(8,240)        -0.13351179     -3     3    -7.5796538e-07
2298 region_rec_diffs(8,241)        -0.016927252     -3     3    5.5270608e-07
2299 region_rec_diffs(8,242)        -0.019725536     -3     3    -1.3832256e-06
2300 region_rec_diffs(8,243)        -1.2434304     -3     3    2.7056896e-06
2301 region_rec_diffs(8,244)        -1.9828855     -3     3    -2.6948951e-06
2302 region_rec_diffs(8,245)        0.39974318     -3     3    3.3213594e-06
2303 region_rec_diffs(8,246)        0.98831428     -3     3    1.9719339e-06
2304 region_rec_diffs(8,247)        -0.47089733     -3     3    7.3667395e-06
2305 region_rec_diffs(8,248)        -0.80031578     -3     3    -2.1084378e-06
2306 region_rec_diffs(8,249)        1.2206322     -3     3    -3.299908e-06
2307 region_rec_diffs(8,250)        -0.10013799     -3     3    -7.6114072e-07
2308 region_rec_diffs(8,251)        -0.57494845     -3     3    1.693761e-07
2309 region_rec_diffs(8,252)        -1.5560233     -3     3    1.638604e-06
2310 region_rec_diffs(8,253)        0.21564804     -3     3    6.3292115e-07
2311 region_rec_diffs(8,254)        0.86080184     -3     3    -6.0224836e-06
2312 region_rec_diffs(8,255)        0.043065984     -3     3    6.4218304e-06
2313 region_rec_diffs(8,256)        -1.8623384     -3     3    2.9960198e-06
2314 region_rec_diffs(8,257)        -1.8837259     -3     3    3.1370579e-07
2315 region_rec_diffs(8,258)        -0.41695746     -3     3    2.892159e-07
2316 region_rec_diffs(8,259)        -0.14411239     -3     3    7.7005655e-07
2317 region_rec_diffs(8,260)        -1.3089112     -3     3    7.2584886e-07
2318 region_rec_diffs(8,261)        0.6651656     -3     3    -1.5997737e-06
2319 region_rec_diffs(8,262)        -0.11500001     -3     3    -4.9359689e-08
2320 region_rec_diffs(8,263)        -0.30535138     -3     3    -9.396134e-07
2321 region_rec_diffs(8,264)        0.34470568     -3     3    -3.3864083e-07
2322 region_rec_diffs(8,265)        -0.31749624     -3     3    -1.2587867e-06
2323 region_rec_diffs(8,266)        0.5185695     -3     3    -2.7109678e-06
2324 region_rec_diffs(8,267)        0.38231189     -3     3    2.2730357e-06
2325 region_rec_diffs(8,268)        -1.4297643     -3     3    2.307963e-06
2326 region_rec_diffs(8,269)        0.073535049     -3     3    -2.4263177e-06
2327 region_rec_diffs(8,270)        -0.29647477     -3     3    1.6807064e-07
2328 region_rec_diffs(8,271)        -0.29662266     -3     3    6.0145685e-06
2329 region_rec_diffs(8,272)        0.92920002     -3     3    -8.4581129e-06
2330 region_rec_diffs(8,273)        -0.19415718     -3     3    2.0094219e-06
2331 region_rec_diffs(8,274)        0.42361855     -3     3    5.7765233e-06
2332 region_rec_diffs(8,275)        -0.48121379     -3     3    -2.4275544e-06
2333 region_rec_diffs(8,276)        -0.60146854     -3     3    -4.3840095e-06
2334 region_rec_diffs(8,277)        -0.42926994     -3     3    7.787343e-07
2335 region_rec_diffs(8,278)        0.67194178     -3     3    -1.0406014e-07
2336 region_rec_diffs(8,279)        -0.18219945     -3     3    -4.4485548e-07
2337 region_rec_diffs(9,1)        -5.6621374e-13     -3     3    -1.1197365e-13
2338 region_rec_diffs(9,2)        0.79847029     -3     3    5.863264e-06
2339 region_rec_diffs(9,3)        0.81212364     -3     3    6.4772896e-06
2340 region_rec_diffs(9,4)        0.86409166     -3     3    -2.1049973e-06
2341 region_rec_diffs(9,5)        0.87102803     -3     3    2.9910956e-07
2342 region_rec_diffs(9,6)        0.0089233575     -3     3    -1.6724963e-09
2343 region_rec_diffs(9,7)        0.0064422263     -3     3    -3.2834578e-09
2344 region_rec_diffs(9,8)        0.13501166     -3     3    -2.5846177e-07
2345 region_rec_diffs(9,9)        0.0050144315     -3     3    -8.8909893e-09
2346 region_rec_diffs(9,10)        0.0074098093     -3     3    3.4556554e-10
2347 region_rec_diffs(9,11)        0.0058444874     -3     3    -6.3089554e-09
2348 region_rec_diffs(9,12)        0.84393626     -3     3    -1.2134155e-06
2349 region_rec_diffs(9,13)        0.020073148     -3     3    1.3573921e-08
2350 region_rec_diffs(9,14)        1.8198188     -3     3    -5.04513e-07
2351 region_rec_diffs(9,15)        0.0067640821     -3     3    1.777026e-09
2352 region_rec_diffs(9,16)        0.013055599     -3     3    3.9214589e-08
2353 region_rec_diffs(9,17)        0.030632459     -3     3    2.0568648e-08
2354 region_rec_diffs(9,18)        1.1497957     -3     3    1.2107328e-06
2355 region_rec_diffs(9,19)        0.015807827     -3     3    2.3134839e-08
2356 region_rec_diffs(9,20)        0.040537543     -3     3    -4.5232918e-09
2357 region_rec_diffs(9,21)        0.30924371     -3     3    3.0698932e-07
2358 region_rec_diffs(9,22)        1.6960253     -3     3    1.8908761e-06
2359 region_rec_diffs(9,23)        0.016120721     -3     3    3.7203583e-08
2360 region_rec_diffs(9,24)        0.53006461     -3     3    -7.3239298e-08
2361 region_rec_diffs(9,25)        0.084240038     -3     3    4.8894578e-08
2362 region_rec_diffs(9,26)        0.098202849     -3     3    2.6594903e-07
2363 region_rec_diffs(9,27)        -0.0030069395     -3     3    -1.348614e-08
2364 region_rec_diffs(9,28)        0.74227961     -3     3    8.1009346e-07
2365 region_rec_diffs(9,29)        2.9999997     -3     3    1.6844489e-10   *************
2366 region_rec_diffs(9,30)        0.040713801     -3     3    -6.9798013e-08
2367 region_rec_diffs(9,31)        0.006765782     -3     3    -1.1218409e-08
2368 region_rec_diffs(9,32)        0.0226448     -3     3    -1.5557015e-08
2369 region_rec_diffs(9,33)        0.11095451     -3     3    -3.3112237e-07
2370 region_rec_diffs(9,34)        1.3034953     -3     3    -2.9662852e-06
2371 region_rec_diffs(9,35)        0.0062472375     -3     3    -5.4044596e-09
2372 region_rec_diffs(9,36)        0.073048724     -3     3    -8.1571729e-08
2373 region_rec_diffs(9,37)        0.57436183     -3     3    -2.1141476e-06
2374 region_rec_diffs(9,38)        0.037678803     -3     3    -6.5409437e-08
2375 region_rec_diffs(9,39)        0.0044117886     -3     3    -9.2687077e-09
2376 region_rec_diffs(9,40)        0.017822675     -3     3    -7.4372535e-09
2377 region_rec_diffs(9,41)        0.83468639     -3     3    -8.6555061e-07
2378 region_rec_diffs(9,42)        0.49261292     -3     3    4.3838163e-07
2379 region_rec_diffs(9,43)        0.012001275     -3     3    -1.2343316e-08
2380 region_rec_diffs(9,44)        0.26226805     -3     3    5.668425e-07
2381 region_rec_diffs(9,45)        1.5630716     -3     3    5.9050836e-06
2382 region_rec_diffs(9,46)        0.0074429525     -3     3    8.2253745e-08
2383 region_rec_diffs(9,47)        0.0061795572     -3     3    5.4087822e-08
2384 region_rec_diffs(9,48)        0.013382387     -3     3    6.2135272e-07
2385 region_rec_diffs(9,49)        1.2234225     -3     3    5.3985428e-06
2386 region_rec_diffs(9,50)        0.0079443211     -3     3    1.9676718e-08
2387 region_rec_diffs(9,51)        0.086540688     -3     3    1.7868112e-07
2388 region_rec_diffs(9,52)        0.033125571     -3     3    2.7166234e-08
2389 region_rec_diffs(9,53)        1.2791221     -3     3    1.5664306e-06
2390 region_rec_diffs(9,54)        0.0054149899     -3     3    2.4732717e-08
2391 region_rec_diffs(9,55)        -0.0031533727     -3     3    1.6537877e-08
2392 region_rec_diffs(9,56)        -0.0083550546     -3     3    9.5082996e-08
2393 region_rec_diffs(9,57)        0.064708458     -3     3    2.5202726e-07
2394 region_rec_diffs(9,58)        0.69070366     -3     3    7.4816794e-07
2395 region_rec_diffs(9,59)        0.033331179     -3     3    1.2472823e-07
2396 region_rec_diffs(9,60)        0.5890797     -3     3    1.4702165e-06
2397 region_rec_diffs(9,61)        0.46531167     -3     3    2.0181743e-06
2398 region_rec_diffs(9,62)        0.010937073     -3     3    2.0900693e-08
2399 region_rec_diffs(9,63)        0.028438522     -3     3    6.3950665e-08
2400 region_rec_diffs(9,64)        0.074194663     -3     3    2.1372578e-07
2401 region_rec_diffs(9,65)        0.51956274     -3     3    1.4465865e-06
2402 region_rec_diffs(9,66)        -0.0061304075     -3     3    7.3154478e-09
2403 region_rec_diffs(9,67)        -0.037819994     -3     3    -2.8940072e-08
2404 region_rec_diffs(9,68)        -0.10624121     -3     3    -2.1493934e-07
2405 region_rec_diffs(9,69)        0.21343866     -3     3    -5.4627513e-07
2406 region_rec_diffs(9,70)        0.28933862     -3     3    1.7108497e-07
2407 region_rec_diffs(9,71)        0.02562052     -3     3    -4.1713098e-08
2408 region_rec_diffs(9,72)        0.14357546     -3     3    2.4981065e-08
2409 region_rec_diffs(9,73)        1.8779892     -3     3    5.2696411e-07
2410 region_rec_diffs(9,74)        0.10820483     -3     3    7.7474092e-08
2411 region_rec_diffs(9,75)        0.0083511375     -3     3    1.5598667e-08
2412 region_rec_diffs(9,76)        0.03967602     -3     3    1.8260917e-08
2413 region_rec_diffs(9,77)        0.17567995     -3     3    -2.8152067e-08
2414 region_rec_diffs(9,78)        0.024121399     -3     3    9.8558228e-08
2415 region_rec_diffs(9,79)        0.0076688791     -3     3    3.6149908e-08
2416 region_rec_diffs(9,80)        1.2264632     -3     3    1.0385705e-06
2417 region_rec_diffs(9,81)        0.1466     -3     3    1.0717959e-07
2418 region_rec_diffs(9,82)        0.22123146     -3     3    1.5055436e-07
2419 region_rec_diffs(9,83)        0.33106438     -3     3    -1.386324e-07
2420 region_rec_diffs(9,84)        1.1836287     -3     3    -2.2358394e-06
2421 region_rec_diffs(9,85)        0.26898294     -3     3    8.1688746e-07
2422 region_rec_diffs(9,86)        0.00060650305     -3     3    -6.699931e-09
2423 region_rec_diffs(9,87)        -0.11658439     -3     3    2.3287794e-07
2424 region_rec_diffs(9,88)        -0.095838777     -3     3    -1.1421719e-07
2425 region_rec_diffs(9,89)        0.020271524     -3     3    -6.8338313e-08
2426 region_rec_diffs(9,90)        0.0078261866     -3     3    1.5009799e-08
2427 region_rec_diffs(9,91)        0.065534282     -3     3    3.4255102e-08
2428 region_rec_diffs(9,92)        0.14919629     -3     3    3.2581211e-07
2429 region_rec_diffs(9,93)        2.2334267     -3     3    -1.6315799e-07
2430 region_rec_diffs(9,94)        0.19041383     -3     3    1.2360094e-06
2431 region_rec_diffs(9,95)        -0.023313547     -3     3    2.7352159e-07
2432 region_rec_diffs(9,96)        -0.0054128768     -3     3    1.2878109e-07
2433 region_rec_diffs(9,97)        0.012387447     -3     3    3.8254567e-07
2434 region_rec_diffs(9,98)        0.011728488     -3     3    1.0668461e-07
2435 region_rec_diffs(9,99)        0.046110743     -3     3    3.0826143e-07
2436 region_rec_diffs(9,100)        1.4613826     -3     3    5.5853566e-06
2437 region_rec_diffs(9,101)        0.16674945     -3     3    1.0346962e-06
2438 region_rec_diffs(9,102)        0.0040789208     -3     3    2.8139237e-08
2439 region_rec_diffs(9,103)        0.01869809     -3     3    1.5882807e-07
2440 region_rec_diffs(9,104)        1.2487496     -3     3    8.6948769e-06
2441 region_rec_diffs(9,105)        0.010227513     -3     3    6.1223626e-08
2442 region_rec_diffs(9,106)        0.0024541048     -3     3    7.546769e-09
2443 region_rec_diffs(9,107)        0.0071609582     -3     3    2.1583075e-08
2444 region_rec_diffs(9,108)        0.2896611     -3     3    6.9865202e-07
2445 region_rec_diffs(9,109)        1.0683612     -3     3    2.8710284e-07
2446 region_rec_diffs(9,110)        0.011896187     -3     3    2.2427839e-08
2447 region_rec_diffs(9,111)        0.0084094265     -3     3    1.2047991e-08
2448 region_rec_diffs(9,112)        0.21942389     -3     3    3.2908992e-07
2449 region_rec_diffs(9,113)        0.20356677     -3     3    -9.5219835e-08
2450 region_rec_diffs(9,114)        0.0042344272     -3     3    -1.825223e-09
2451 region_rec_diffs(9,115)        0.0091300453     -3     3    -2.7183588e-08
2452 region_rec_diffs(9,116)        0.22027368     -3     3    -4.8315133e-07
2453 region_rec_diffs(9,117)        0.72876073     -3     3    -1.6783384e-06
2454 region_rec_diffs(9,118)        0.031736599     -3     3    -2.8918521e-08
2455 region_rec_diffs(9,119)        0.31232056     -3     3    -3.8659981e-07
2456 region_rec_diffs(9,120)        1.2876999     -3     3    -1.077212e-06
2457 region_rec_diffs(9,121)        0.26734352     -3     3    -6.7513289e-07
2458 region_rec_diffs(9,122)        -0.010366873     -3     3    -2.2523441e-07
2459 region_rec_diffs(9,123)        -0.0041353901     -3     3    -8.7258392e-09
2460 region_rec_diffs(9,124)        -0.012313021     -3     3    -6.4163243e-08
2461 region_rec_diffs(9,125)        0.029244254     -3     3    -1.034792e-07
2462 region_rec_diffs(9,126)        2.7543206     -3     3    -2.8798866e-06
2463 region_rec_diffs(9,127)        0.09124702     -3     3    -5.736605e-08
2464 region_rec_diffs(9,128)        0.58638748     -3     3    -7.0293124e-07
2465 region_rec_diffs(9,129)        0.23554245     -3     3    -6.7737209e-07
2466 region_rec_diffs(9,130)        0.04241999     -3     3    -1.6138698e-07
2467 region_rec_diffs(9,131)        -0.002895641     -3     3    -2.4157749e-07
2468 region_rec_diffs(9,132)        -0.12488549     -3     3    -1.4989783e-06
2469 region_rec_diffs(9,133)        -0.11060157     -3     3    -1.7608353e-06
2470 region_rec_diffs(9,134)        0.00051264153     -3     3    -3.0766813e-07
2471 region_rec_diffs(9,135)        0.076873062     -3     3    -1.4707362e-06
2472 region_rec_diffs(9,136)        0.28305644     -3     3    -3.2869169e-06
2473 region_rec_diffs(9,137)        0.02838796     -3     3    -1.6856534e-08
2474 region_rec_diffs(9,138)        0.040956302     -3     3    -6.303022e-07
2475 region_rec_diffs(9,139)        0.0045337753     -3     3    -1.751355e-07
2476 region_rec_diffs(9,140)        0.0055661714     -3     3    -2.0727379e-06
2477 region_rec_diffs(9,141)        0.012793813     -3     3    -8.4941979e-07
2478 region_rec_diffs(9,142)        0.0050295466     -3     3    -5.2821078e-08
2479 region_rec_diffs(9,143)        0.0030468793     -3     3    -8.0256463e-08
2480 region_rec_diffs(9,144)        0.17449571     -3     3    -8.2768964e-07
2481 region_rec_diffs(9,145)        0.77281364     -3     3    -4.3778081e-07
2482 region_rec_diffs(9,146)        0.050377828     -3     3    8.4707156e-08
2483 region_rec_diffs(9,147)        0.32234456     -3     3    4.8000673e-07
2484 region_rec_diffs(9,148)        0.79857559     -3     3    -2.4409973e-08
2485 region_rec_diffs(9,149)        -0.015400696     -3     3    2.9840619e-08
2486 region_rec_diffs(9,150)        -0.048824496     -3     3    -1.2607627e-09
2487 region_rec_diffs(9,151)        -0.46337115     -3     3    -3.8009415e-07
2488 region_rec_diffs(9,152)        -0.51547897     -3     3    1.6888636e-07
2489 region_rec_diffs(9,153)        -0.75473818     -3     3    -6.2081379e-07
2490 region_rec_diffs(9,154)        -0.50094135     -3     3    2.7524682e-07
2491 region_rec_diffs(9,155)        -0.61186668     -3     3    1.915025e-07
2492 region_rec_diffs(9,156)        -0.91319543     -3     3    -7.2272664e-07
2493 region_rec_diffs(9,157)        -0.52482257     -3     3    -1.7871053e-07
2494 region_rec_diffs(9,158)        -0.11726659     -3     3    -3.4508529e-09
2495 region_rec_diffs(9,159)        -0.084766594     -3     3    4.735703e-08
2496 region_rec_diffs(9,160)        0.2947722     -3     3    -1.2859852e-06
2497 region_rec_diffs(9,161)        0.55866869     -3     3    -1.0008172e-06
2498 region_rec_diffs(9,162)        -0.10349766     -3     3    -3.2940792e-07
2499 region_rec_diffs(9,163)        -0.86475241     -3     3    -4.6270191e-07
2500 region_rec_diffs(9,164)        -1.3916473     -3     3    -3.1468545e-07
2501 region_rec_diffs(9,165)        -0.83855722     -3     3    6.8531545e-08
2502 region_rec_diffs(9,166)        -0.84786862     -3     3    -3.8005501e-07
2503 region_rec_diffs(9,167)        -1.5113579     -3     3    6.0910209e-08
2504 region_rec_diffs(9,168)        -1.3021009     -3     3    3.9370295e-07
2505 region_rec_diffs(9,169)        -0.67421372     -3     3    2.9967684e-07
2506 region_rec_diffs(9,170)        -0.063662039     -3     3    6.4571743e-07
2507 region_rec_diffs(9,171)        2.8081679     -3     3    7.6723097e-06
2508 region_rec_diffs(9,172)        0.58334013     -3     3    2.408622e-06
2509 region_rec_diffs(9,173)        -0.35134844     -3     3    1.2330197e-06
2510 region_rec_diffs(9,174)        -0.34125589     -3     3    2.1256688e-07
2511 region_rec_diffs(9,175)        -0.97040208     -3     3    5.3144636e-07
2512 region_rec_diffs(9,176)        -1.9004342     -3     3    -5.2300565e-08
2513 region_rec_diffs(9,177)        -2.0126348     -3     3    -6.5057338e-07
2514 region_rec_diffs(9,178)        -1.1739219     -3     3    -5.7617579e-07
2515 region_rec_diffs(9,179)        1.9804622     -3     3    -4.6444031e-06
2516 region_rec_diffs(9,180)        -1.4272901     -3     3    -7.618495e-07
2517 region_rec_diffs(9,181)        -1.6758591     -3     3    -1.5436216e-06
2518 region_rec_diffs(9,182)        -0.74049996     -3     3    -1.632948e-06
2519 region_rec_diffs(9,183)        -0.78045448     -3     3    -1.5596751e-06
2520 region_rec_diffs(9,184)        -1.4922855     -3     3    -4.5367351e-08
2521 region_rec_diffs(9,185)        -2.0466082     -3     3    -4.1992056e-07
2522 region_rec_diffs(9,186)        0.34171634     -3     3    -7.908078e-06
2523 region_rec_diffs(9,187)        1.3926983     -3     3    -1.2594328e-05
2524 region_rec_diffs(9,188)        -2.2796759     -3     3    1.2725198e-06
2525 region_rec_diffs(9,189)        -2.076957     -3     3    -1.0128687e-07
2526 region_rec_diffs(9,190)        -1.8224225     -3     3    -6.2826627e-09
2527 region_rec_diffs(9,191)        -1.1679095     -3     3    2.8908718e-06
2528 region_rec_diffs(9,192)        -0.79141474     -3     3    1.4321474e-06
2529 region_rec_diffs(9,193)        -1.3144801     -3     3    1.9231168e-07
2530 region_rec_diffs(9,194)        0.52641479     -3     3    -7.9627742e-06
2531 region_rec_diffs(9,195)        1.118911     -3     3    -5.5318949e-06
2532 region_rec_diffs(9,196)        -2.4061028     -3     3    2.3688821e-07
2533 region_rec_diffs(9,197)        -1.807124     -3     3    3.5505868e-07
2534 region_rec_diffs(9,198)        -1.6581899     -3     3    -1.1290896e-07
2535 region_rec_diffs(9,199)        0.97913844     -3     3    2.3633301e-06
2536 region_rec_diffs(9,200)        0.20291333     -3     3    2.1988662e-06
2537 region_rec_diffs(9,201)        -0.4701798     -3     3    3.0230415e-06
2538 region_rec_diffs(9,202)        0.55997774     -3     3    1.8025589e-06
2539 region_rec_diffs(9,203)        1.1089373     -3     3    -1.5137502e-06
2540 region_rec_diffs(9,204)        0.73076205     -3     3    1.3043613e-06
2541 region_rec_diffs(9,205)        -0.8608474     -3     3    3.56575e-07
2542 region_rec_diffs(9,206)        -1.6239654     -3     3    7.1900351e-07
2543 region_rec_diffs(9,207)        -1.5376374     -3     3    5.115706e-07
2544 region_rec_diffs(9,208)        -2.2633504     -3     3    -1.5049139e-07
2545 region_rec_diffs(9,209)        -1.3002508     -3     3    -4.1195581e-07
2546 region_rec_diffs(9,210)        -1.3277751     -3     3    6.6911139e-07
2547 region_rec_diffs(9,211)        2.1207283     -3     3    3.6594947e-06
2548 region_rec_diffs(9,212)        -0.29236797     -3     3    4.7415963e-07
2549 region_rec_diffs(9,213)        -0.70669102     -3     3    -1.7677525e-07
2550 region_rec_diffs(9,214)        -0.7233879     -3     3    -7.2167396e-07
2551 region_rec_diffs(9,215)        0.38408403     -3     3    -8.2013102e-07
2552 region_rec_diffs(9,216)        1.1582893     -3     3    4.0930785e-07
2553 region_rec_diffs(9,217)        0.46082027     -3     3    6.3088715e-07
2554 region_rec_diffs(9,218)        0.20429917     -3     3    4.5920214e-08
2555 region_rec_diffs(9,219)        0.039512065     -3     3    -1.6479781e-07
2556 region_rec_diffs(9,220)        -0.6285515     -3     3    5.412789e-08
2557 region_rec_diffs(9,221)        -0.82902597     -3     3    4.6521304e-07
2558 region_rec_diffs(9,222)        2.2489078     -3     3    4.8050302e-06
2559 region_rec_diffs(9,223)        -0.6795005     -3     3    1.5336785e-07
2560 region_rec_diffs(9,224)        -1.7923598     -3     3    3.9296621e-08
2561 region_rec_diffs(9,225)        -1.3293882     -3     3    4.2925916e-07
2562 region_rec_diffs(9,226)        -0.99870799     -3     3    -2.9947418e-07
2563 region_rec_diffs(9,227)        0.33511424     -3     3    -6.4935538e-07
2564 region_rec_diffs(9,228)        0.70439872     -3     3    -9.0161882e-07
2565 region_rec_diffs(9,229)        -0.15961215     -3     3    2.0479573e-07
2566 region_rec_diffs(9,230)        1.7749616     -3     3    3.434773e-06
2567 region_rec_diffs(9,231)        -0.80758324     -3     3    3.2915618e-07
2568 region_rec_diffs(9,232)        -1.3100732     -3     3    3.9078191e-07
2569 region_rec_diffs(9,233)        -0.80935528     -3     3    3.3371908e-07
2570 region_rec_diffs(9,234)        0.023239837     -3     3    3.5717196e-07
2571 region_rec_diffs(9,235)        0.45308941     -3     3    -1.0913329e-06
2572 region_rec_diffs(9,236)        -0.32134496     -3     3    -1.0989332e-06
2573 region_rec_diffs(9,237)        0.3821325     -3     3    -1.4571314e-06
2574 region_rec_diffs(9,238)        1.346865     -3     3    -2.8547764e-06
2575 region_rec_diffs(9,239)        -0.72415128     -3     3    -3.1518212e-07
2576 region_rec_diffs(9,240)        -1.1249175     -3     3    4.2845144e-08
2577 region_rec_diffs(9,241)        -1.1416854     -3     3    -2.4460593e-07
2578 region_rec_diffs(9,242)        -1.0340591     -3     3    -1.0667274e-07
2579 region_rec_diffs(9,243)        1.279597     -3     3    -8.4751873e-07
2580 region_rec_diffs(9,244)        1.5261474     -3     3    1.2374121e-06
2581 region_rec_diffs(9,245)        -1.1209674     -3     3    -7.5078283e-09
2582 region_rec_diffs(9,246)        -1.3876634     -3     3    -3.3478353e-08
2583 region_rec_diffs(9,247)        -0.84954482     -3     3    -3.7343017e-07
2584 region_rec_diffs(9,248)        1.3488195     -3     3    -7.3050192e-08
2585 region_rec_diffs(9,249)        -0.91568489     -3     3    -9.6667563e-08
2586 region_rec_diffs(9,250)        -1.215498     -3     3    -3.5482421e-07
2587 region_rec_diffs(9,251)        -1.2725242     -3     3    -7.1882674e-07
2588 region_rec_diffs(9,252)        -1.1950573     -3     3    -7.2407988e-07
2589 region_rec_diffs(9,253)        -0.7445593     -3     3    -1.0512605e-06
2590 region_rec_diffs(9,254)        0.27410264     -3     3    -2.178874e-06
2591 region_rec_diffs(9,255)        -0.57975091     -3     3    -1.0753924e-06
2592 region_rec_diffs(9,256)        -1.146558     -3     3    -6.4549199e-07
2593 region_rec_diffs(9,257)        -0.69078674     -3     3    7.8066575e-09
2594 region_rec_diffs(9,258)        1.024084     -3     3    -1.2291313e-06
2595 region_rec_diffs(9,259)        1.1592387     -3     3    -2.4487686e-06
2596 region_rec_diffs(9,260)        -0.71534261     -3     3    -4.3341764e-07
2597 region_rec_diffs(9,261)        -0.70724767     -3     3    -6.9269668e-07
2598 region_rec_diffs(9,262)        -0.38032112     -3     3    -4.5344243e-07
2599 region_rec_diffs(9,263)        0.3375721     -3     3    -1.4311991e-06
2600 region_rec_diffs(9,264)        0.48419912     -3     3    -1.4899025e-06
2601 region_rec_diffs(9,265)        0.17476463     -3     3    -1.0476927e-06
2602 region_rec_diffs(9,266)        -0.0063501313     -3     3    -7.0946418e-07
2603 region_rec_diffs(9,267)        -0.5460345     -3     3    -5.7014029e-07
2604 region_rec_diffs(9,268)        -0.94908302     -3     3    -1.5756174e-07
2605 region_rec_diffs(9,269)        -0.69202452     -3     3    -2.586998e-07
2606 region_rec_diffs(9,270)        0.11600498     -3     3    -2.0817594e-07
2607 region_rec_diffs(9,271)        1.2761489     -3     3    -5.9553642e-07
2608 region_rec_diffs(9,272)        -0.39193045     -3     3    -2.3646415e-07
2609 region_rec_diffs(9,273)        -0.43548573     -3     3    -3.6017155e-07
2610 region_rec_diffs(9,274)        -0.58985946     -3     3    -2.2722179e-07
2611 region_rec_diffs(9,275)        -0.16050507     -3     3    -1.9798778e-08
2612 region_rec_diffs(9,276)        -0.030829544     -3     3    2.801436e-08
2613 region_rec_diffs(9,277)        -0.0085396814     -3     3    -2.7972275e-08
2614 region_rec_diffs(9,278)        -0.012127903     -3     3    -1.2801529e-08
2615 region_rec_diffs(9,279)        -0.0040539195     -3     3    -1.8141175e-08
2616 bs_selcoff_gp:1(1,1,1,1)        -9.6927652     -20     7    6.6893759e-07
2617 bs_selcoff_gp:1(1,1,1,2)        -4.7360735     -20     7    -6.358481e-06
2618 bs_selcoff_gp:1(1,1,1,3)        0.0029122382     -20     7    1.9644241e-07
2619 bs_selcoff_gp:1(1,1,1,4)        0.8344174     -20     7    6.2616091e-06
2620 bs_selcoff_gp:1(1,1,1,5)        0.52163211     -20     7    -1.588405e-05
2621 bs_selcoff_gp:2(2,1,1,1)        -5.6996787     -20     7    9.11583e-07
2622 bs_selcoff_gp:2(2,1,1,2)        -2.0786926     -20     7    -1.0153414e-06
2623 bs_selcoff_gp:2(2,1,1,3)        0.4144     -20     7    8.8006975e-06
2624 bs_selcoff_gp:2(2,1,1,4)        0.73260377     -20     7    -1.0750586e-06
2625 bs_selcoff_gp:2(2,1,1,5)        0.24498793     -20     7    -1.0179462e-05
2626 bs_selcoff_gp:3(3,1,1,1)        -5.1010655     -20     7    6.2352264e-07
2627 bs_selcoff_gp:3(3,1,1,2)        -4.3811058     -20     7    3.7270934e-07
2628 bs_selcoff_gp:3(3,1,1,3)        0.22836581     -20     7    -1.0731842e-06
2629 bs_selcoff_gp:3(3,1,1,4)        0.90332329     -20     7    5.8634802e-07
2630 bs_selcoff_gp:3(3,1,1,5)        0.22877763     -20     7    -1.5849299e-06
2631 bs_selcoff_gp:4(4,1,1,1)        -14.915605     -20     7    1.0387157e-07
2632 bs_selcoff_gp:4(4,1,1,2)        -3.9594227     -20     7    -3.071034e-06
2633 bs_selcoff_gp:4(4,1,1,3)        -0.064374102     -20     7    -1.2196238e-05
2634 bs_selcoff_gp:4(4,1,1,4)        1.0823664     -20     7    1.0984944e-06
2635 bs_selcoff_gp:4(4,1,1,5)        0.087656482     -20     7    -2.5120604e-06
2636 bs_selcoff_gp:5(5,1,1,1)        -11.513887     -20     7    1.105293e-06
2637 bs_selcoff_gp:5(5,1,1,2)        -3.6851671     -20     7    -1.8837431e-06
2638 bs_selcoff_gp:5(5,1,1,3)        0.056206263     -20     7    -6.5804074e-06
2639 bs_selcoff_gp:5(5,1,1,4)        1.007959     -20     7    3.0602218e-06
2640 bs_selcoff_gp:5(5,1,1,5)        0.1630346     -20     7    -2.9870905e-06
2641 bs_selcoff_gp:6(6,1,1,1)        -7.1548081     -20     7    7.313274e-07
2642 bs_selcoff_gp:6(6,1,1,2)        -2.4839653     -20     7    3.3747338e-06
2643 bs_selcoff_gp:6(6,1,1,3)        0.21995677     -20     7    1.7553437e-08
2644 bs_selcoff_gp:6(6,1,1,4)        0.73074663     -20     7    5.0293464e-06
2645 bs_selcoff_gp:6(6,1,1,5)        0.46571594     -20     7    -3.9361738e-06
2646 bs_selcoff_gp:7(7,1,1,1)        -4.9674523     -20     7    -7.7541972e-07
2647 bs_selcoff_gp:7(7,1,1,2)        -2.552395     -20     7    -1.0755904e-06
2648 bs_selcoff_gp:7(7,1,1,3)        -0.011199813     -20     7    -3.8452364e-06
2649 bs_selcoff_gp:7(7,1,1,4)        0.96235465     -20     7    -2.2608731e-06
2650 bs_selcoff_gp:7(7,1,1,5)        0.26882664     -20     7    8.5303074e-06
2651 bs_selcoff_gp:8(8,1,1,1)        -13.202327     -20     7    1.4129122e-06
2652 bs_selcoff_gp:8(8,1,1,2)        -5.5441493     -20     7    -5.217706e-06
2653 bs_selcoff_gp:8(8,1,1,3)        -1.3908458     -20     7    9.0862863e-06
2654 bs_selcoff_gp:8(8,1,1,4)        1.1826706     -20     7    -1.365967e-07
2655 bs_selcoff_gp:8(8,1,1,5)        0.39484002     -20     7    -6.0107009e-07
2656 bs_selcoff_gp:9(9,1,1,1)        -14.23782     -20     7    -7.8425319e-07
2657 bs_selcoff_gp:9(9,1,1,2)        -7.2538875     -20     7    -1.3482048e-06
2658 bs_selcoff_gp:9(9,1,1,3)        -2.5939889     -20     7    4.0931641e-06
2659 bs_selcoff_gp:9(9,1,1,4)        0.62067361     -20     7    -1.1201174e-05
2660 bs_selcoff_gp:9(9,1,1,5)        1.1198483     -20     7    4.9971809e-06
2661 bs_selcoff_gp:10(10,1,1,1)        -7.9561543     -20     7    -4.6157223e-08
2662 bs_selcoff_gp:10(10,1,1,2)        -1.5567403     -20     7    -2.9671102e-06
2663 bs_selcoff_gp:10(10,1,1,3)        0.15433939     -20     7    -3.4546758e-07
2664 bs_selcoff_gp:10(10,1,1,4)        0.74955066     -20     7    1.3861798e-06
2665 bs_selcoff_gp:10(10,1,1,5)        0.40938477     -20     7    -1.8009899e-06
2666 bs_selcoff_gp:11(11,1,1,1)        -19.999992     -20     7    7.7736177e-07   *************
2667 bs_selcoff_gp:11(11,1,1,2)        -9.6408306     -20     7    1.4863589e-06
2668 bs_selcoff_gp:11(11,1,1,3)        -0.5720273     -20     7    4.7573931e-07
2669 bs_selcoff_gp:11(11,1,1,4)        1.2808388     -20     7    -8.5012126e-07
2670 bs_selcoff_gp:11(11,1,1,5)        -0.17913093     -20     7    2.5966455e-06
2671 bs_selcoff_gp:12(12,1,1,1)        -8.1673513     -20     7    9.2657714e-07
2672 bs_selcoff_gp:12(12,1,1,2)        -5.3184152     -20     7    1.6616938e-06
2673 bs_selcoff_gp:12(12,1,1,3)        -0.16735899     -20     7    -3.7697647e-06
2674 bs_selcoff_gp:12(12,1,1,4)        1.0523993     -20     7    4.666275e-06
2675 bs_selcoff_gp:12(12,1,1,5)        0.25029467     -20     7    -8.3267426e-06
2676 bs_selcoff_gp:13(13,1,1,1)        -2.5615484     -20     7    6.5473308e-06
2677 bs_selcoff_gp:13(13,1,1,2)        1.4898843     -20     7    2.3564359e-06
2678 bs_selcoff_gp:13(13,1,1,3)        -0.75965397     -20     7    -1.1642898e-05
2679 bs_selcoff_gp:13(13,1,1,4)        -3.9397266     -20     7    1.3178828e-06
2680 bs_selcoff_gp:13(13,1,1,5)        -20     -20     7    -1.4673227e-07   *************
2681 bs_selcoff_gp:14(14,1,1,1)        -1.9659389     -20     7    -1.2592264e-05
2682 bs_selcoff_gp:14(14,1,1,2)        1.481551     -20     7    1.6357051e-06
2683 bs_selcoff_gp:14(14,1,1,3)        -1.0705371     -20     7    -5.8670868e-06
2684 bs_selcoff_gp:14(14,1,1,4)        -2.1516329     -20     7    -6.4410255e-06
2685 bs_selcoff_gp:14(14,1,1,5)        -6.8211915     -20     7    3.7295786e-06
2686 bs_selcoff_gp:15(15,1,1,1)        -2.7429004     -20     7    -4.001218e-06
2687 bs_selcoff_gp:15(15,1,1,2)        1.4244152     -20     7    6.0659614e-06
2688 bs_selcoff_gp:15(15,1,1,3)        -0.35003229     -20     7    -5.4220162e-06
2689 bs_selcoff_gp:15(15,1,1,4)        -2.5602194     -20     7    -2.5425297e-07
2690 bs_selcoff_gp:15(15,1,1,5)        -20     -20     7    -5.2451543e-08   *************
2691 bs_selcoff_gp:16(16,1,1,1)        -3.288977     -20     7    3.7723924e-06
2692 bs_selcoff_gp:16(16,1,1,2)        1.1183708     -20     7    -2.0883944e-06
2693 bs_selcoff_gp:16(16,1,1,3)        0.35498846     -20     7    2.7755999e-06
2694 bs_selcoff_gp:16(16,1,1,4)        -0.76045973     -20     7    6.6431723e-06
2695 bs_selcoff_gp:16(16,1,1,5)        -4.685511     -20     7    3.7705338e-07
2696 bs_selcoff_gp:17(17,1,1,1)        -0.73397356     -20     7    -4.3828924e-06
2697 bs_selcoff_gp:17(17,1,1,2)        0.99175622     -20     7    4.4299235e-06
2698 bs_selcoff_gp:17(17,1,1,3)        0.51605783     -20     7    -5.316444e-06
2699 bs_selcoff_gp:17(17,1,1,4)        -1.9523285     -20     7    -1.4075929e-06
2700 bs_selcoff_gp:17(17,1,1,5)        -5.0081978     -20     7    -2.1250427e-06
2701 bs_selcoff_gp:18(18,1,1,1)        -3.8132145     -20     7    3.7944949e-06
2702 bs_selcoff_gp:18(18,1,1,2)        1.1647353     -20     7    3.6452883e-06
2703 bs_selcoff_gp:18(18,1,1,3)        -0.4021362     -20     7    -4.7987013e-06
2704 bs_selcoff_gp:18(18,1,1,4)        0.082956246     -20     7    -4.6554359e-06
2705 bs_selcoff_gp:18(18,1,1,5)        -4.0476075     -20     7    -5.7969943e-07
2706 bs_selcoff_gp:19(19,1,1,1)        0.10181804     -20     7    -1.1758376e-05
2707 bs_selcoff_gp:19(19,1,1,2)        0.95748389     -20     7    -3.425581e-06
2708 bs_selcoff_gp:19(19,1,1,3)        -0.11310342     -20     7    6.7547288e-06
2709 bs_selcoff_gp:19(19,1,1,4)        -0.93318614     -20     7    1.0715123e-06
2710 bs_selcoff_gp:19(19,1,1,5)        -6.624856     -20     7    2.61459e-06
2711 bs_selcoff_gp:20(20,1,1,1)        -2.4208958     -20     7    -5.3611968e-06
2712 bs_selcoff_gp:20(20,1,1,2)        -1.0966008     -20     7    -3.8347645e-06
2713 bs_selcoff_gp:20(20,1,1,3)        -0.7378146     -20     7    3.2689446e-06
2714 bs_selcoff_gp:20(20,1,1,4)        -0.48303694     -20     7    1.7881287e-06
2715 bs_selcoff_gp:20(20,1,1,5)        1.2476322     -20     7    2.2011548e-08
2716 bs_selcoff_gp:21(21,1,1,1)        -3.8060249     -20     7    5.4225906e-07
2717 bs_selcoff_gp:21(21,1,1,2)        1.4287902     -20     7    8.7080829e-07
2718 bs_selcoff_gp:21(21,1,1,3)        -0.28614376     -20     7    1.7564797e-06
2719 bs_selcoff_gp:21(21,1,1,4)        -2.9387783     -20     7    -8.4807929e-07
2720 bs_selcoff_gp:21(21,1,1,5)        -10.35177     -20     7    -1.9674331e-07
2721 bs_selcoff_gp:22(22,1,1,1)        -4.6016473     -20     7    -3.7661103e-06
2722 bs_selcoff_gp:22(22,1,1,2)        1.0473302     -20     7    2.4807063e-06
2723 bs_selcoff_gp:22(22,1,1,3)        0.57243892     -20     7    -5.8687427e-06
2724 bs_selcoff_gp:22(22,1,1,4)        -1.003458     -20     7    -2.0018907e-06
2725 bs_selcoff_gp:22(22,1,1,5)        -7.212834     -20     7    4.9386471e-07
2726 bs_selcoff_gp:23(23,1,1,1)        -5.3871341     -20     7    -6.7490383e-07
2727 bs_selcoff_gp:23(23,1,1,2)        1.1231997     -20     7    -1.1266347e-06
2728 bs_selcoff_gp:23(23,1,1,3)        0.65087447     -20     7    1.8323039e-06
2729 bs_selcoff_gp:23(23,1,1,4)        -5.6464676     -20     7    -1.8897418e-06
2730 bs_selcoff_gp:23(23,1,1,5)        -14.917087     -20     7    -8.3599659e-06
2731 bs_selcoff_gp:24(24,1,1,1)        -11.576186     -20     7    -1.7741396e-06
2732 bs_selcoff_gp:24(24,1,1,2)        -1.9031711     -20     7    1.4983796e-06
2733 bs_selcoff_gp:24(24,1,1,3)        1.4684434     -20     7    -1.9279734e-07
2734 bs_selcoff_gp:24(24,1,1,4)        -0.6764921     -20     7    -4.2303799e-09
2735 bs_selcoff_gp:24(24,1,1,5)        -10.485972     -20     7    1.9080898e-07
2736 bs_selcoff_gp:25(25,1,1,1)        -2.4292798     -20     7    3.4540549e-07
2737 bs_selcoff_gp:25(25,1,1,2)        1.0659126     -20     7    -7.9675938e-06
2738 bs_selcoff_gp:25(25,1,1,3)        0.69579921     -20     7    6.943627e-06
2739 bs_selcoff_gp:25(25,1,1,4)        -5.7757817     -20     7    -4.2133129e-06
2740 bs_selcoff_gp:25(25,1,1,5)        -15.775879     -20     7    8.4246559e-06
2741 bs_selcoff_gp:26(26,1,1,1)        -1.3659842     -20     7    -2.3254035e-06
2742 bs_selcoff_gp:26(26,1,1,2)        1.3228329     -20     7    -2.5847787e-06
2743 bs_selcoff_gp:26(26,1,1,3)        -0.31347367     -20     7    1.1330794e-06
2744 bs_selcoff_gp:26(26,1,1,4)        -1.3511968     -20     7    -9.0608564e-07
2745 bs_selcoff_gp:26(26,1,1,5)        -6.9125568     -20     7    4.9451576e-07
2746 bs_selcoff_gp:27(27,1,1,1)        -2.5278434     -20     7    -1.1342316e-06
2747 bs_selcoff_gp:27(27,1,1,2)        1.2616768     -20     7    -3.4224044e-06
2748 bs_selcoff_gp:27(27,1,1,3)        0.28202421     -20     7    -4.4034894e-07
2749 bs_selcoff_gp:27(27,1,1,4)        -2.7771992     -20     7    1.1416525e-06
2750 bs_selcoff_gp:27(27,1,1,5)        -7.1216976     -20     7    1.4950211e-07
2751 bs_selcoff_gp:28(28,1,1,1)        -4.6471728     -20     7    -1.9988577e-06
2752 bs_selcoff_gp:28(28,1,1,2)        1.5566184     -20     7    4.0439591e-07
2753 bs_selcoff_gp:28(28,1,1,3)        -3.1249652     -20     7    -9.4723202e-07
2754 bs_selcoff_gp:28(28,1,1,4)        -1.5870014     -20     7    1.4884416e-06
2755 bs_selcoff_gp:28(28,1,1,5)        -20     -20     7    2.9582926e-08   *************
2756 bs_selcoff_gp:29(29,1,1,1)        -20     -20     7    2.4090262e-08   *************
2757 bs_selcoff_gp:29(29,1,1,2)        -7.5836585     -20     7    -3.1752844e-06
2758 bs_selcoff_gp:29(29,1,1,3)        -0.49185435     -20     7    -4.7430248e-07
2759 bs_selcoff_gp:29(29,1,1,4)        1.0347533     -20     7    -4.4627494e-07
2760 bs_selcoff_gp:29(29,1,1,5)        0.45341491     -20     7    -4.7749039e-10
2761 recr(2)        0.86986788     -20     20    -6.2096898e-07
2762 recr(3)        0.94271543     -20     20    -2.1985122e-06
2763 recr(4)        0.86973579     -20     20    -8.741756e-06
2764 recr(5)        0.83899363     -20     20    -1.0015423e-05
2765 recr(6)        -1.9845334     -20     20    -6.2053267e-07
2766 recr(7)        -1.6290013     -20     20    -1.2211778e-06
2767 recr(8)        2.4590263     -20     20    -1.7845561e-05
2768 recr(9)        -0.62476685     -20     20    -9.6325673e-07
2769 recr(10)        -0.6682283     -20     20    -3.3305392e-07
2770 recr(11)        -1.5447761     -20     20    -1.1110535e-06
2771 recr(12)        2.3297221     -20     20    -1.0374907e-06
2772 recr(13)        -0.86240296     -20     20    -8.021947e-08
2773 recr(14)        1.9231809     -20     20    -1.122006e-05
2774 recr(15)        -1.8459009     -20     20    -1.4954636e-06
2775 recr(16)        -1.0928493     -20     20    -2.6831063e-06
2776 recr(17)        -0.089894347     -20     20    -1.9873263e-06
2777 recr(18)        1.8109103     -20     20    3.0044486e-06
2778 recr(19)        -2.0745623     -20     20    -4.5078121e-07
2779 recr(20)        -1.4059318     -20     20    -5.3858086e-07
2780 recr(21)        0.61632121     -20     20    1.6428787e-06
2781 recr(22)        1.21286     -20     20    -7.4683949e-07
2782 recr(23)        -2.3973201     -20     20    -6.3251391e-07
2783 recr(24)        0.24399997     -20     20    8.3752581e-07
2784 recr(25)        -1.0516211     -20     20    -1.488344e-06
2785 recr(26)        1.7906112     -20     20    3.4913994e-07
2786 recr(27)        -2.3788599     -20     20    -5.8921884e-07
2787 recr(28)        1.7042314     -20     20    7.3178405e-06
2788 recr(29)        0.90917578     -20     20    -1.074062e-06
2789 recr(30)        -1.0870981     -20     20    -4.8162929e-07
2790 recr(31)        -2.8782534     -20     20    -1.0079498e-06
2791 recr(32)        -1.5680189     -20     20    -1.2198371e-06
2792 recr(33)        0.25277139     -20     20    -1.920677e-06
2793 recr(34)        1.5104272     -20     20    -1.4873476e-06
2794 recr(35)        -2.7935907     -20     20    -1.1526864e-06
2795 recr(36)        -0.070034001     -20     20    -3.1168752e-06
2796 recr(37)        1.4586106     -20     20    -4.5730716e-07
2797 recr(38)        -0.77848833     -20     20    -6.4785206e-07
2798 recr(39)        -3.1433672     -20     20    -1.3243375e-06
2799 recr(40)        -1.7812309     -20     20    -1.8645829e-06
2800 recr(41)        1.2420636     -20     20    -1.1450686e-05
2801 recr(42)        0.73680019     -20     20    -4.6228835e-06
2802 recr(43)        -2.7924681     -20     20    -1.6758072e-06
2803 recr(44)        0.27827407     -20     20    -5.9310777e-06
2804 recr(45)        1.3116674     -20     20    -5.4854361e-06
2805 recr(46)        -2.0783517     -20     20    -1.3638223e-06
2806 recr(47)        -2.354107     -20     20    -1.8475477e-06
2807 recr(48)        0.17224024     -20     20    -9.3237078e-07
2808 recr(49)        1.562077     -20     20    1.6544273e-05
2809 recr(50)        -3.1064468     -20     20    -6.8681641e-07
2810 recr(51)        -0.69750987     -20     20    7.3843943e-07
2811 recr(52)        -1.7091704     -20     20    -5.3714141e-07
2812 recr(53)        1.4705719     -20     20    -3.8270671e-06
2813 recr(54)        -1.4513406     -20     20    -2.3313918e-06
2814 recr(55)        -1.562675     -20     20    7.8747915e-07
2815 recr(56)        -0.27042597     -20     20    1.1339085e-06
2816 recr(57)        0.31495569     -20     20    1.0735626e-06
2817 recr(58)        1.0724338     -20     20    -1.6384409e-05
2818 recr(59)        -1.5368792     -20     20    -3.6808759e-06
2819 recr(60)        0.96158227     -20     20    -1.250752e-05
2820 recr(61)        1.321506     -20     20    -1.3136383e-05
2821 recr(62)        -2.5492568     -20     20    -1.2169504e-06
2822 recr(63)        -1.9982113     -20     20    -2.7417535e-06
2823 recr(64)        -1.331563     -20     20    -2.4028019e-06
2824 recr(65)        1.2751067     -20     20    -5.6360306e-06
2825 recr(66)        -2.7564093     -20     20    -9.5306286e-07
2826 recr(67)        -1.7895162     -20     20    -5.399132e-06
2827 recr(68)        -0.25919167     -20     20    -2.5645337e-07
2828 recr(69)        1.1869777     -20     20    -1.871636e-06
2829 recr(70)        0.22075807     -20     20    4.3601111e-08
2830 recr(71)        -1.3789772     -20     20    2.2652457e-06
2831 recr(72)        0.54006497     -20     20    -4.4578608e-06
2832 recr(73)        1.3106527     -20     20    7.2359624e-07
2833 recr(74)        -0.18005723     -20     20    -1.2936156e-06
2834 recr(75)        -3.1795302     -20     20    -1.0094188e-06
2835 recr(76)        -1.4429285     -20     20    1.9088078e-07
2836 recr(77)        0.34096321     -20     20    1.0064762e-05
2837 recr(78)        -1.0613604     -20     20    1.7649128e-06
2838 recr(79)        -2.2207762     -20     20    -7.7169964e-07
2839 recr(80)        1.2278401     -20     20    2.241522e-05
2840 recr(81)        -0.23621169     -20     20    -1.2739637e-06
2841 recr(82)        -0.17407101     -20     20    4.3949532e-07
2842 recr(83)        0.026255389     -20     20    4.1798211e-06
2843 recr(84)        0.67883832     -20     20    8.8904449e-06
2844 recr(85)        0.84466504     -20     20    1.2977117e-05
2845 recr(86)        -2.4939033     -20     20    -5.3467958e-09
2846 recr(87)        0.63803948     -20     20    -5.8527215e-06
2847 recr(88)        0.92062845     -20     20    7.8116509e-06
2848 recr(89)        0.34659934     -20     20    5.0977325e-06
2849 recr(90)        -2.7937859     -20     20    -1.5169017e-06
2850 recr(91)        -0.81532378     -20     20    -8.1355884e-07
2851 recr(92)        -0.08197843     -20     20    3.7811429e-07
2852 recr(93)        0.91617755     -20     20    7.4765035e-06
2853 recr(94)        1.6890487     -20     20    -1.0478485e-05
2854 recr(95)        0.3627481     -20     20    -1.535388e-06
2855 recr(96)        -0.73048355     -20     20    -1.677585e-06
2856 recr(97)        0.046110048     -20     20    -4.4752703e-06
2857 recr(98)        -1.5956497     -20     20    -2.2849972e-06
2858 recr(99)        -0.69358296     -20     20    -4.6238813e-06
2859 recr(100)        1.1750412     -20     20    -5.4767704e-06
2860 recr(101)        0.42374698     -20     20    -7.2699567e-06
2861 recr(102)        -3.1786306     -20     20    -1.0846193e-06
2862 recr(103)        -1.2175836     -20     20    -1.6994629e-06
2863 recr(104)        1.7770595     -20     20    7.0584557e-07
2864 recr(105)        -2.0535079     -20     20    -1.564699e-06
2865 recr(106)        -3.9407727     -20     20    -6.9381181e-07
2866 recr(107)        -3.0374999     -20     20    -6.7659412e-07
2867 recr(108)        0.1627965     -20     20    1.383161e-06
2868 recr(109)        0.55162787     -20     20    -8.0764357e-07
2869 recr(110)        -2.9462457     -20     20    -3.9598095e-07
2870 recr(111)        -2.9870301     -20     20    -4.2541434e-07
2871 recr(112)        0.66445108     -20     20    2.4532883e-06
2872 recr(113)        1.236724     -20     20    1.0254385e-06
2873 recr(114)        -1.4489084     -20     20    3.902947e-07
2874 recr(115)        -1.6319943     -20     20    -4.5223203e-09
2875 recr(116)        0.75453105     -20     20    1.4539019e-06
2876 recr(117)        0.77323335     -20     20    6.6235992e-06
2877 recr(118)        -2.087973     -20     20    -1.0018352e-06
2878 recr(119)        0.10796925     -20     20    2.1549614e-06
2879 recr(120)        0.85588254     -20     20    -2.8522537e-06
2880 recr(121)        1.0711932     -20     20    1.0451487e-06
2881 recr(122)        0.47087156     -20     20    7.8887223e-07
2882 recr(123)        -1.3496142     -20     20    -1.7157045e-06
2883 recr(124)        0.82828451     -20     20    -8.167928e-06
2884 recr(125)        -0.058092296     -20     20    -8.5928831e-06
2885 recr(126)        0.7419358     -20     20    -1.0487242e-05
2886 recr(127)        -0.48088196     -20     20    -3.2314767e-06
2887 recr(128)        0.66716917     -20     20    2.2391589e-07
2888 recr(129)        0.21232781     -20     20    -6.649588e-06
2889 recr(130)        -0.62109235     -20     20    5.6314052e-06
2890 recr(131)        -0.73821687     -20     20    2.9693659e-06
2891 recr(132)        1.0242091     -20     20    1.2533365e-05
2892 recr(133)        1.000206     -20     20    -7.8370066e-06
2893 recr(134)        -0.93973299     -20     20    -2.3193794e-06
2894 recr(135)        0.47320927     -20     20    2.0511156e-06
2895 recr(136)        1.0658447     -20     20    -5.3909415e-06
2896 recr(137)        -1.2183333     -20     20    -3.0529419e-06
2897 recr(138)        -0.52992819     -20     20    -3.5478464e-06
2898 recr(139)        -1.5200374     -20     20    -1.8552625e-06
2899 recr(140)        1.1899869     -20     20    -1.8162693e-06
2900 recr(141)        0.40799575     -20     20    -7.0314161e-08
2901 recr(142)        -1.8599705     -20     20    -1.0051031e-06
2902 recr(143)        -1.049687     -20     20    3.3937481e-07
2903 recr(144)        1.4353276     -20     20    1.7153271e-06
2904 recr(145)        1.4822065     -20     20    3.4894066e-06
2905 recr(146)        -1.0311248     -20     20    -6.5983718e-06
2906 recr(147)        0.26713366     -20     20    -1.9273457e-05
2907 recr(148)        1.0662594     -20     20    -1.1621609e-05
2908 recr(149)        -0.27063589     -20     20    -3.4480617e-06
2909 recr(150)        -1.2679753     -20     20    -3.8775375e-06
2910 recr(151)        0.77646847     -20     20    -6.5151886e-07
2911 recr(152)        0.56079624     -20     20    -5.3396236e-06
2912 recr(153)        0.90422947     -20     20    -8.3456829e-06
2913 recr(154)        -0.020870069     -20     20    3.2052105e-07
2914 recr(155)        0.20653283     -20     20    8.2732989e-06
2915 recr(156)        0.96741872     -20     20    1.5168474e-05
2916 recr(157)        0.2164455     -20     20    7.8161283e-06
2917 recr(158)        -1.3642328     -20     20    -1.9327524e-06
2918 recr(159)        -0.8220199     -20     20    4.5719505e-06
2919 recr(160)        1.2363529     -20     20    -9.0617199e-06
2920 recr(161)        0.76426414     -20     20    1.3733639e-07
2921 recr(162)        -0.53392184     -20     20    -2.8561085e-06
2922 recr(163)        0.728289     -20     20    -2.4433172e-06
2923 recr(164)        1.0138623     -20     20    5.6904246e-06
2924 recr(165)        -0.48820878     -20     20    1.7626268e-06
2925 recr(166)        -0.77710027     -20     20    -5.8901475e-06
2926 recr(167)        0.49583365     -20     20    1.4473973e-06
2927 recr(168)        0.58779711     -20     20    -4.7402676e-06
2928 recr(169)        0.39964594     -20     20    -5.4680346e-06
2929 recr(170)        0.035371893     -20     20    -5.9625828e-08
2930 recr(171)        0.73287368     -20     20    1.2169203e-05
2931 recr(172)        0.80391693     -20     20    1.3162133e-05
2932 recr(173)        1.470242     -20     20    2.0258577e-06
2933 recr(174)        -1.4461596     -20     20    2.7828916e-06
2934 recr(175)        -0.80691329     -20     20    1.3616483e-05
2935 recr(176)        0.50465722     -20     20    2.5187395e-06
2936 recr(177)        1.0045817     -20     20    -5.2218312e-06
2937 recr(178)        0.87268997     -20     20    7.7800952e-06
2938 recr(179)        0.17859483     -20     20    2.7196661e-07
2939 recr(180)        0.68565219     -20     20    3.4943158e-06
2940 recr(181)        0.52272941     -20     20    3.5409584e-06
2941 recr(182)        -0.66553926     -20     20    -2.2029217e-06
2942 recr(183)        -0.21233033     -20     20    -1.6715572e-06
2943 recr(184)        0.44912663     -20     20    -2.4298912e-06
2944 recr(185)        1.0731739     -20     20    -4.9369445e-06
2945 recr(186)        0.84246392     -20     20    1.3157175e-06
2946 recr(187)        0.62828587     -20     20    2.1013863e-06
2947 recr(188)        0.26317643     -20     20    -8.4999269e-06
2948 recr(189)        -0.35092248     -20     20    -5.4003735e-06
2949 recr(190)        -0.034396361     -20     20    1.7358478e-05
2950 recr(191)        0.58731917     -20     20    8.5995673e-06
2951 recr(192)        0.74533493     -20     20    -6.251247e-06
2952 recr(193)        1.0648698     -20     20    -1.0462225e-05
2953 recr(194)        0.77049946     -20     20    -2.6578338e-06
2954 recr(195)        0.64852344     -20     20    2.3213018e-06
2955 recr(196)        1.2289147     -20     20    3.6101465e-06
2956 recr(197)        -0.12539004     -20     20    1.0007188e-05
2957 recr(198)        0.085162429     -20     20    -4.6652334e-08
2958 recr(199)        0.55277765     -20     20    -3.0042458e-06
2959 recr(200)        0.99468922     -20     20    5.546879e-06
2960 recr(201)        0.45296348     -20     20    9.3469867e-06
2961 recr(202)        0.35188056     -20     20    7.7761503e-06
2962 recr(203)        1.0387243     -20     20    1.6598635e-05
2963 recr(204)        0.86799985     -20     20    -1.2296388e-06
2964 recr(205)        -0.95727072     -20     20    4.8944561e-06
2965 recr(206)        -0.27910144     -20     20    1.791386e-05
2966 recr(207)        -0.38707342     -20     20    -7.1285796e-07
2967 recr(208)        1.3162866     -20     20    3.3684072e-06
2968 recr(209)        0.74361152     -20     20    -4.7766115e-06
2969 recr(210)        1.2162281     -20     20    4.2754316e-06
2970 recr(211)        1.0005582     -20     20    3.7634591e-06
2971 recr(212)        0.57134183     -20     20    -1.0521632e-05
2972 recr(213)        -0.47753967     -20     20    -3.8707584e-06
2973 recr(214)        0.074154604     -20     20    -5.0644697e-06
2974 recr(215)        0.016467559     -20     20    -8.1049725e-06
2975 recr(216)        0.99830599     -20     20    2.9825766e-06
2976 recr(217)        0.64895506     -20     20    1.0297178e-05
2977 recr(218)        0.61484606     -20     20    -1.6681687e-05
2978 recr(219)        0.148985     -20     20    2.3055316e-06
2979 recr(220)        0.39708097     -20     20    -1.0646412e-05
2980 recr(221)        0.47434252     -20     20    -1.656777e-05
2981 recr(222)        0.60619818     -20     20    -3.2864734e-06
2982 recr(223)        0.67608038     -20     20    -1.5434227e-06
2983 recr(224)        0.73989265     -20     20    -1.2544075e-05
2984 recr(225)        -0.1258478     -20     20    1.4509718e-06
2985 recr(226)        0.1404513     -20     20    3.0958325e-06
2986 recr(227)        0.39555785     -20     20    -1.0570708e-05
2987 recr(228)        0.88234535     -20     20    -1.8476123e-05
2988 recr(229)        0.90911321     -20     20    2.2476373e-08
2989 recr(230)        0.65585133     -20     20    -2.0536158e-05
2990 recr(231)        0.38666041     -20     20    -3.948162e-06
2991 recr(232)        0.53516167     -20     20    -6.144691e-06
2992 recr(233)        0.042561188     -20     20    -3.313335e-06
2993 recr(234)        0.18747254     -20     20    -3.4864415e-06
2994 recr(235)        0.48690026     -20     20    2.8425553e-06
2995 recr(236)        0.46529619     -20     20    -2.4434578e-06
2996 recr(237)        0.082275195     -20     20    -1.527911e-05
2997 recr(238)        0.062574875     -20     20    -7.5301953e-06
2998 recr(239)        0.56324169     -20     20    8.2141885e-06
2999 recr(240)        0.84485455     -20     20    -4.3245378e-06
3000 recr(241)        0.86378331     -20     20    -6.8456409e-06
3001 recr(242)        0.9110319     -20     20    5.0046595e-07
3002 recr(243)        0.6359405     -20     20    -3.6723526e-06
3003 recr(244)        0.72024182     -20     20    2.8216217e-06
3004 recr(245)        0.40344761     -20     20    -6.0385124e-06
3005 recr(246)        0.61720461     -20     20    -2.4852383e-06
3006 recr(247)        0.83381836     -20     20    -3.3441124e-06
3007 recr(248)        0.84743392     -20     20    -2.448553e-06
3008 recr(249)        0.10780667     -20     20    -5.9383631e-06
3009 recr(250)        0.059967498     -20     20    -3.047203e-06
3010 recr(251)        0.19777068     -20     20    2.3969665e-05
3011 recr(252)        0.37460122     -20     20    -1.5390308e-07
3012 recr(253)        0.65659697     -20     20    -6.7094964e-06
3013 recr(254)        0.30821534     -20     20    -1.4651992e-05
3014 recr(255)        0.60264512     -20     20    3.0131015e-07
3015 recr(256)        0.78725827     -20     20    8.0771186e-07
3016 recr(257)        0.64145489     -20     20    1.7396364e-05
3017 recr(258)        0.30954351     -20     20    -8.4021938e-06
3018 recr(259)        0.63003351     -20     20    -6.969714e-07
3019 recr(260)        0.77046842     -20     20    8.4754631e-06
3020 recr(261)        0.10388527     -20     20    -3.0907076e-07
3021 recr(262)        0.47693141     -20     20    -1.7206973e-05
3022 recr(263)        0.72679418     -20     20    -1.7352573e-05
3023 recr(264)        0.508678     -20     20    -5.2532715e-06
3024 recr(265)        0.31218664     -20     20    2.5358285e-06
3025 recr(266)        0.061655249     -20     20    2.6705708e-05
3026 recr(267)        0.2797816     -20     20    4.7390368e-05
3027 recr(268)        0.69466801     -20     20    3.8576043e-05
3028 recr(269)        0.42568481     -20     20    2.1870617e-05
3029 recr(270)        -0.33714975     -20     20    2.7936991e-05
3030 recr(271)        0.20929325     -20     20    4.0949117e-05
3031 recr(272)        0.041387768     -20     20    8.3511982e-05
3032 recr(273)        0.21847971     -20     20    -1.9272333e-06
3033 recr(274)        1.5671589     -20     20    -1.5378135e-06
3034 totpop        16.64836     8     25    2.9567389e-05
3035 tag_fish_rep(1)        0.13135278     0.001     0.99    -2.6438921e-06
3036 tag_fish_rep(3)        0.99     0.001     0.99    1.8311314e-10   *************
3037 tag_fish_rep(4)        0.54419245     0.001     0.99    -2.2241856e-06
3038 tag_fish_rep(5)        0.6488998     0.001     0.99    1.2499679e-06
3039 tag_fish_rep(6)        0.43084635     0.001     0.99    3.5706538e-06
3040 tag_fish_rep(11)        0.62011071     0.001     0.99    3.2966896e-06
3041 tag_fish_rep(12)        0.59895014     0.001     0.99    -2.5823384e-07
3042 tag_fish_rep(13)        0.52737598     0.001     0.99    6.0717174e-07
3043 tag_fish_rep(17)        0.74941705     0.001     0.99    1.3294127e-07
3044 tag_fish_rep(18)        0.68209463     0.001     0.99    2.0235265e-06
3045 tag_fish_rep(19)        0.98999999     0.001     0.99    4.7988856e-10   *************
3046 tag_fish_rep(24)        0.82187524     0.001     0.99    -1.3886852e-07
3047 tag_fish_rep(25)        0.26095286     0.001     0.99    2.281337e-07
3048 tag_fish_rep(28)        0.34627848     0.001     0.99    -5.7046437e-06
3049 tag_fish_rep(32)        0.1312834     0.001     0.99    -5.6340536e-07
3050 tag_fish_rep(34)        0.84565477     0.001     0.99    -1.2139807e-06
3051 tag_fish_rep(35)        0.98999997     0.001     0.99    -1.5333883e-09   *************
3052 region_pars(1)        0.19478167     1e-06     1.5    3.4847086e-06
3053 region_pars(1)        0.080805482     1e-06     1.5    -7.7678808e-06
3054 region_pars(1)        0.095779546     1e-06     1.5    -9.0783252e-06
3055 region_pars(1)        0.078887662     1e-06     1.5    -1.1061e-05
3056 region_pars(1)        0.018325466     1e-06     1.5    -2.6946229e-05
3057 region_pars(1)        0.11153837     1e-06     1.5    -1.4073527e-06
3058 region_pars(1)        0.35886122     1e-06     1.5    1.6317109e-05
3059 region_pars(1)        0.059149217     1e-06     1.5    3.3040772e-07
3060 region_pars(1)        0.0018728777     1e-06     1.5    3.6556157e-06
3061 sv(21)        0.047913084     1e-06     1000    1.5848629e-06
3062 age_pars(5)        -2.5491748     -20     2    -0.00029639573
3063 vb_coff(1)        23.331946     10     60    2.0467833e-05
3064 vb_coff(2)        148.74645     130     200    -1.6553627e-05
3065 vb_coff(3)        0.11278125     0.01     0.3    -1.0884329e-05
3066 var_coff(1)        5.792412     1     10    5.9302968e-07
3067 var_coff(2)        0.42907224     0.1     3    4.5421082e-06
