 Index  Var_name   Estimate L_bound  U_bound gradient
1 diff_coffs(1,1)        1.5242882e-08     0     4    2.0168607e-05   *************
2 diff_coffs(1,2)        1.9279067e-10     0     4    2.006535e-07   *************
3 diff_coffs(1,3)        2.5974132e-09     0     4    -2.332239e-07   *************
4 diff_coffs(1,4)        0.021877771     0     4    5.396344e-05
5 diff_coffs(1,5)        9.3425667e-10     0     4    4.8145156e-09   *************
6 diff_coffs(1,6)        0.010300201     0     4    0.00013378224
7 diff_coffs(1,7)        1.1424227     0     4    -6.8290419e-05
8 diff_coffs(1,8)        2.8875762     0     4    7.6804092e-05
9 diff_coffs(2,1)        0.020854179     0     4    0.0001349125
10 diff_coffs(2,2)        0.0050067387     0     4    9.4706116e-06
11 diff_coffs(2,3)        2.7234861e-06     0     4    0.00011394433   *************
12 diff_coffs(2,4)        0.012028896     0     4    3.3937577e-05
13 diff_coffs(2,5)        5.8451335e-09     0     4    8.2863311e-05   *************
14 diff_coffs(2,6)        1.1808683e-09     0     4    7.3929673e-07   *************
15 diff_coffs(2,7)        0.020862862     0     4    -4.5919774e-05
16 diff_coffs(2,8)        1.824918e-11     0     4    -0.0001722615   *************
17 diff_coffs(3,1)        0.0069353873     0     4    8.8122038e-05
18 diff_coffs(3,2)        0.32789668     0     4    -1.4326188e-05
19 diff_coffs(3,3)        1.8963297e-08     0     4    4.5560005e-05   *************
20 diff_coffs(3,4)        0.063340479     0     4    -5.1090239e-05
21 diff_coffs(3,5)        0.23194088     0     4    -1.7408274e-05
22 diff_coffs(3,6)        0.0095942338     0     4    8.5669444e-05
23 diff_coffs(3,7)        0.043828836     0     4    -7.0090003e-05
24 diff_coffs(3,8)        5.8964122e-10     0     4    -6.0833586e-08   *************
25 diff_coffs(4,1)        1.7363679e-08     0     4    -2.5638349e-06   *************
26 diff_coffs(4,2)        4.5773874e-10     0     4    2.9690693e-06   *************
27 diff_coffs(4,3)        3.3753745e-08     0     4    4.0759095e-05   *************
28 diff_coffs(4,4)        0.0029125563     0     4    -5.8633368e-06
29 diff_coffs(4,5)        8.3836511e-09     0     4    3.4220535e-08   *************
30 diff_coffs(4,6)        0.0040104756     0     4    0.00011035231
31 diff_coffs(4,7)        4.1015977e-09     0     4    5.0557177e-07   *************
32 diff_coffs(4,8)        0.012421752     0     4    0.00010951028
33 region_rec_diffs(1,1)        -7.1054274e-15     -3     3    -3.18091e-14
34 region_rec_diffs(1,2)        0.29213171     -3     3    -1.7289585e-05
35 region_rec_diffs(1,3)        0.23925322     -3     3    6.1666326e-05
36 region_rec_diffs(1,4)        0.23221545     -3     3    -9.5739617e-05
37 region_rec_diffs(1,5)        0.27835553     -3     3    7.3790955e-05
38 region_rec_diffs(1,6)        0.045765876     -3     3    0.00021916579
39 region_rec_diffs(1,7)        0.04879238     -3     3    5.2359834e-05
40 region_rec_diffs(1,8)        0.34158787     -3     3    -5.5088959e-06
41 region_rec_diffs(1,9)        0.16977061     -3     3    0.00019407195
42 region_rec_diffs(1,10)        0.10930931     -3     3    -3.5746484e-05
43 region_rec_diffs(1,11)        0.057314612     -3     3    0.00013129299
44 region_rec_diffs(1,12)        0.3500501     -3     3    -1.8403354e-05
45 region_rec_diffs(1,13)        0.11932865     -3     3    -0.00019761876
46 region_rec_diffs(1,14)        0.11702437     -3     3    0.00010452756
47 region_rec_diffs(1,15)        -0.035382666     -3     3    -7.8018785e-07
48 region_rec_diffs(1,16)        -0.18818303     -3     3    -7.8927637e-05
49 region_rec_diffs(1,17)        -0.3293196     -3     3    -7.2486023e-05
50 region_rec_diffs(1,18)        0.15515168     -3     3    -3.0836927e-05
51 region_rec_diffs(1,19)        0.093921636     -3     3    -1.6209116e-05
52 region_rec_diffs(1,20)        0.15228201     -3     3    -0.00016453418
53 region_rec_diffs(1,21)        -0.020754703     -3     3    8.0954233e-05
54 region_rec_diffs(1,22)        0.25918754     -3     3    4.7500646e-05
55 region_rec_diffs(1,23)        0.14115368     -3     3    4.2780902e-06
56 region_rec_diffs(1,24)        0.28329621     -3     3    1.2510446e-05
57 region_rec_diffs(1,25)        0.27573988     -3     3    4.7037847e-05
58 region_rec_diffs(1,26)        0.32515912     -3     3    -1.5236818e-05
59 region_rec_diffs(1,27)        0.070205611     -3     3    0.00012723946
60 region_rec_diffs(1,28)        0.32305135     -3     3    1.3108087e-05
61 region_rec_diffs(1,29)        -0.19482329     -3     3    0.00011754188
62 region_rec_diffs(1,30)        -1.0591894     -3     3    -2.3038992e-05
63 region_rec_diffs(1,31)        -0.058187661     -3     3    5.7055982e-06
64 region_rec_diffs(1,32)        -0.13117166     -3     3    -5.352656e-05
65 region_rec_diffs(1,33)        -0.53685432     -3     3    2.4319914e-05
66 region_rec_diffs(1,34)        0.23509933     -3     3    -2.1171339e-05
67 region_rec_diffs(1,35)        0.066751735     -3     3    9.2389699e-05
68 region_rec_diffs(1,36)        0.065812436     -3     3    0.00012370435
69 region_rec_diffs(1,37)        0.21669907     -3     3    -1.5658191e-06
70 region_rec_diffs(1,38)        -0.099636873     -3     3    -4.4469488e-05
71 region_rec_diffs(1,39)        0.0076856393     -3     3    1.0336425e-05
72 region_rec_diffs(1,40)        -0.012557158     -3     3    -1.782661e-05
73 region_rec_diffs(1,41)        -0.034126237     -3     3    1.4256006e-05
74 region_rec_diffs(1,42)        0.27936846     -3     3    -6.3875264e-05
75 region_rec_diffs(1,43)        0.026206686     -3     3    7.3741887e-05
76 region_rec_diffs(1,44)        0.064222493     -3     3    6.0350036e-05
77 region_rec_diffs(1,45)        0.25652268     -3     3    1.0994202e-05
78 region_rec_diffs(1,46)        0.13932396     -3     3    0.00037535354
79 region_rec_diffs(1,47)        0.11936148     -3     3    -0.00010223736
80 region_rec_diffs(1,48)        -0.47918876     -3     3    -2.355358e-06
81 region_rec_diffs(1,49)        -0.12312952     -3     3    -1.3347769e-05
82 region_rec_diffs(1,50)        0.0075412489     -3     3    3.4888943e-05
83 region_rec_diffs(1,51)        0.33031287     -3     3    -7.0839731e-06
84 region_rec_diffs(1,52)        -0.043780631     -3     3    3.3929645e-05
85 region_rec_diffs(1,53)        -0.028585643     -3     3    5.1633058e-05
86 region_rec_diffs(1,54)        -0.66642915     -3     3    1.5958825e-06
87 region_rec_diffs(1,55)        0.16829847     -3     3    -2.1376613e-05
88 region_rec_diffs(1,56)        0.065997751     -3     3    -0.00022954246
89 region_rec_diffs(1,57)        -0.55905932     -3     3    -4.3729072e-05
90 region_rec_diffs(1,58)        0.25336812     -3     3    -4.8325262e-06
91 region_rec_diffs(1,59)        0.14583236     -3     3    5.3430981e-05
92 region_rec_diffs(1,60)        -0.57541882     -3     3    4.9057084e-06
93 region_rec_diffs(1,61)        0.22203987     -3     3    4.527766e-06
94 region_rec_diffs(1,62)        0.013725235     -3     3    -8.2480981e-05
95 region_rec_diffs(1,63)        0.14227387     -3     3    -5.6629132e-05
96 region_rec_diffs(1,64)        -0.032169464     -3     3    -7.0044557e-05
97 region_rec_diffs(1,65)        -0.51490307     -3     3    -2.9311481e-05
98 region_rec_diffs(1,66)        -0.037125446     -3     3    -3.5753441e-06
99 region_rec_diffs(1,67)        0.21949998     -3     3    -6.7695657e-05
100 region_rec_diffs(1,68)        0.31564618     -3     3    -1.9690185e-05
101 region_rec_diffs(1,69)        0.044339785     -3     3    6.7329258e-05
102 region_rec_diffs(1,70)        -0.60763434     -3     3    1.1770469e-05
103 region_rec_diffs(1,71)        0.11450442     -3     3    -2.2068978e-05
104 region_rec_diffs(1,72)        -0.0062139224     -3     3    4.7145852e-05
105 region_rec_diffs(1,73)        -0.24002451     -3     3    0.00016492825
106 region_rec_diffs(1,74)        0.1400969     -3     3    3.0840879e-05
107 region_rec_diffs(1,75)        -0.070819068     -3     3    7.0636214e-05
108 region_rec_diffs(1,76)        -1.2403167     -3     3    1.1061926e-05
109 region_rec_diffs(1,77)        -1.2410451     -3     3    3.6787516e-05
110 region_rec_diffs(1,78)        0.14424866     -3     3    -0.00018239033
111 region_rec_diffs(1,79)        0.11376237     -3     3    -2.0257106e-05
112 region_rec_diffs(1,80)        0.32492215     -3     3    -3.203068e-05
113 region_rec_diffs(1,81)        -0.59237562     -3     3    9.2931223e-06
114 region_rec_diffs(1,82)        0.11008852     -3     3    2.8030789e-05
115 region_rec_diffs(1,83)        0.025996865     -3     3    -0.00018411129
116 region_rec_diffs(1,84)        -0.43549884     -3     3    -3.7199796e-05
117 region_rec_diffs(1,85)        -1.3593697     -3     3    3.7192868e-06
118 region_rec_diffs(1,86)        -0.14532305     -3     3    4.200435e-06
119 region_rec_diffs(1,87)        0.27097907     -3     3    -1.3927162e-05
120 region_rec_diffs(1,88)        -2.4191424     -3     3    -5.5967247e-06
121 region_rec_diffs(1,89)        -1.4762991     -3     3    -1.1341471e-05
122 region_rec_diffs(1,90)        -0.87071498     -3     3    -8.4418018e-05
123 region_rec_diffs(1,91)        0.018387665     -3     3    1.2486948e-05
124 region_rec_diffs(1,92)        -0.12870228     -3     3    -0.00013282744
125 region_rec_diffs(1,93)        -0.042003874     -3     3    -6.3425102e-05
126 region_rec_diffs(1,94)        0.34365588     -3     3    -6.8095496e-06
127 region_rec_diffs(1,95)        -0.055348849     -3     3    -6.5609553e-05
128 region_rec_diffs(1,96)        0.13149046     -3     3    1.5411714e-05
129 region_rec_diffs(1,97)        0.1571037     -3     3    -0.00013113798
130 region_rec_diffs(1,98)        0.20337885     -3     3    3.5032285e-05
131 region_rec_diffs(1,99)        -0.75911932     -3     3    -0.00011196637
132 region_rec_diffs(1,100)        -0.6549729     -3     3    0.00019077851
133 region_rec_diffs(1,101)        -0.075991166     -3     3    -2.8009193e-05
134 region_rec_diffs(1,102)        -0.018185434     -3     3    -2.9915795e-05
135 region_rec_diffs(1,103)        0.11803825     -3     3    -3.4839678e-05
136 region_rec_diffs(1,104)        -0.1394633     -3     3    -8.5749924e-06
137 region_rec_diffs(1,105)        0.12543678     -3     3    -3.1280317e-05
138 region_rec_diffs(1,106)        0.012667684     -3     3    -2.196558e-05
139 region_rec_diffs(1,107)        0.013640823     -3     3    -2.731416e-05
140 region_rec_diffs(1,108)        0.1238426     -3     3    -8.1449403e-05
141 region_rec_diffs(1,109)        0.0830256     -3     3    2.3830003e-05
142 region_rec_diffs(1,110)        -0.067195482     -3     3    1.0255746e-05
143 region_rec_diffs(1,111)        -0.075337514     -3     3    -2.2489392e-06
144 region_rec_diffs(1,112)        0.14699269     -3     3    -0.00034403452
145 region_rec_diffs(1,113)        -0.23128046     -3     3    -5.2930019e-05
146 region_rec_diffs(1,114)        -0.75220628     -3     3    -3.596736e-05
147 region_rec_diffs(1,115)        -0.022180055     -3     3    3.3207554e-05
148 region_rec_diffs(1,116)        -0.10301204     -3     3    -1.3421988e-05
149 region_rec_diffs(1,117)        0.20442018     -3     3    2.464635e-05
150 region_rec_diffs(1,118)        -0.19799049     -3     3    -0.00011008101
151 region_rec_diffs(1,119)        0.12756688     -3     3    -7.4297265e-05
152 region_rec_diffs(1,120)        -1.5505347     -3     3    1.425761e-05
153 region_rec_diffs(1,121)        0.17973513     -3     3    7.2155419e-05
154 region_rec_diffs(1,122)        0.19686972     -3     3    1.6108465e-05
155 region_rec_diffs(1,123)        -0.59834992     -3     3    7.5828032e-05
156 region_rec_diffs(1,124)        -0.1960274     -3     3    0.00010320818
157 region_rec_diffs(1,125)        -0.41219549     -3     3    -0.00010278891
158 region_rec_diffs(1,126)        -1.2514228     -3     3    0.00010822642
159 region_rec_diffs(1,127)        -0.88647805     -3     3    0.00010343009
160 region_rec_diffs(1,128)        0.1114785     -3     3    -0.00011305011
161 region_rec_diffs(1,129)        0.17904196     -3     3    5.3722766e-06
162 region_rec_diffs(1,130)        -0.61031714     -3     3    5.2668723e-05
163 region_rec_diffs(1,131)        0.11649878     -3     3    -8.8389335e-06
164 region_rec_diffs(1,132)        -0.19407603     -3     3    -2.6187438e-05
165 region_rec_diffs(1,133)        0.13163071     -3     3    -2.068492e-05
166 region_rec_diffs(1,134)        -0.25070461     -3     3    -0.00020879595
167 region_rec_diffs(1,135)        -0.1473612     -3     3    3.1498222e-05
168 region_rec_diffs(1,136)        0.3116573     -3     3    3.8204394e-05
169 region_rec_diffs(1,137)        -1.0049172     -3     3    3.3828395e-05
170 region_rec_diffs(1,138)        -0.59059771     -3     3    0.00010706092
171 region_rec_diffs(1,139)        -1.8456815     -3     3    1.6630883e-05
172 region_rec_diffs(1,140)        -1.0985964     -3     3    2.2617964e-05
173 region_rec_diffs(1,141)        0.33871979     -3     3    -3.8019897e-06
174 region_rec_diffs(1,142)        0.17925659     -3     3    2.4290796e-05
175 region_rec_diffs(1,143)        -0.22547273     -3     3    -0.00018767524
176 region_rec_diffs(1,144)        0.23006885     -3     3    2.4568432e-05
177 region_rec_diffs(1,145)        0.03847816     -3     3    0.00011884633
178 region_rec_diffs(1,146)        -1.1146855     -3     3    4.6466367e-05
179 region_rec_diffs(1,147)        -1.5972992     -3     3    1.8207713e-05
180 region_rec_diffs(1,148)        0.06254451     -3     3    2.5754412e-05
181 region_rec_diffs(1,149)        0.30882383     -3     3    -1.4072682e-05
182 region_rec_diffs(1,150)        0.21890139     -3     3    1.3222658e-05
183 region_rec_diffs(1,151)        -2.5723366     -3     3    9.9090617e-06
184 region_rec_diffs(1,152)        0.12362636     -3     3    7.8266009e-05
185 region_rec_diffs(1,153)        0.39336909     -3     3    1.3203495e-05
186 region_rec_diffs(1,154)        -0.67122907     -3     3    0.00021811559
187 region_rec_diffs(1,155)        -2.1480021     -3     3    -8.9389622e-05
188 region_rec_diffs(1,156)        0.19027713     -3     3    0.0005502772
189 region_rec_diffs(1,157)        0.2656977     -3     3    0.00019651101
190 region_rec_diffs(1,158)        -0.60461166     -3     3    0.00034116609
191 region_rec_diffs(1,159)        -2.5119541     -3     3    -7.1785532e-06
192 region_rec_diffs(1,160)        -0.68706617     -3     3    3.0011605e-05
193 region_rec_diffs(1,161)        0.085920397     -3     3    -1.147922e-05
194 region_rec_diffs(1,162)        -1.9514496     -3     3    -2.2060599e-05
195 region_rec_diffs(1,163)        -2.9999811     -3     3    3.169231e-05   *************
196 region_rec_diffs(1,164)        0.33344696     -3     3    -1.6639574e-06
197 region_rec_diffs(1,165)        0.30957139     -3     3    -1.4218073e-05
198 region_rec_diffs(1,166)        -1.5929266     -3     3    -2.1884564e-05
199 region_rec_diffs(1,167)        -2.9999996     -3     3    4.6240061e-07   *************
200 region_rec_diffs(1,168)        0.047838286     -3     3    -4.2638169e-05
201 region_rec_diffs(1,169)        0.2440493     -3     3    -3.2514745e-05
202 region_rec_diffs(1,170)        -1.2174954     -3     3    -6.3949674e-05
203 region_rec_diffs(1,171)        -0.78834751     -3     3    -0.00016819875
204 region_rec_diffs(1,172)        -0.16838706     -3     3    -2.5021081e-05
205 region_rec_diffs(1,173)        0.35149089     -3     3    -0.00019054697
206 region_rec_diffs(1,174)        -1.1746322     -3     3    -4.7863879e-05
207 region_rec_diffs(1,175)        -1.7143225     -3     3    5.905343e-05
208 region_rec_diffs(1,176)        -1.9654706     -3     3    -9.5398954e-05
209 region_rec_diffs(1,177)        -0.019154405     -3     3    -0.00015740595
210 region_rec_diffs(1,178)        0.090188682     -3     3    -6.4201466e-05
211 region_rec_diffs(1,179)        -2.588595     -3     3    2.7181886e-05
212 region_rec_diffs(1,180)        0.30847165     -3     3    -6.4816475e-06
213 region_rec_diffs(1,181)        0.17188939     -3     3    7.3051171e-05
214 region_rec_diffs(1,182)        -0.75197199     -3     3    0.0001122288
215 region_rec_diffs(1,183)        -2.4699979     -3     3    4.1075934e-05
216 region_rec_diffs(1,184)        -2.2096395     -3     3    -2.5402131e-06
217 region_rec_diffs(1,185)        0.31836955     -3     3    -2.1079403e-06
218 region_rec_diffs(1,186)        -0.80851034     -3     3    3.7477732e-05
219 region_rec_diffs(1,187)        -2.9999981     -3     3    -1.7905096e-07   *************
220 region_rec_diffs(1,188)        0.033403978     -3     3    -0.00025620224
221 region_rec_diffs(1,189)        0.28316075     -3     3    -5.9190844e-06
222 region_rec_diffs(1,190)        -0.42726382     -3     3    0.0001437235
223 region_rec_diffs(1,191)        -2.9999988     -3     3    2.80928e-05   *************
224 region_rec_diffs(1,192)        -0.10319819     -3     3    6.5710892e-06
225 region_rec_diffs(1,193)        0.38450016     -3     3    3.0017659e-06
226 region_rec_diffs(1,194)        -0.096559951     -3     3    -6.1630035e-05
227 region_rec_diffs(1,195)        -1.6436676     -3     3    -2.2153091e-05
228 region_rec_diffs(1,196)        -1.118063     -3     3    -4.1612161e-07
229 region_rec_diffs(1,197)        0.34448341     -3     3    1.4180342e-07
230 region_rec_diffs(1,198)        -0.65193239     -3     3    -0.00018419984
231 region_rec_diffs(1,199)        -2.9999996     -3     3    3.0958037e-08   *************
232 region_rec_diffs(1,200)        -2.7261804     -3     3    2.3234032e-05
233 region_rec_diffs(1,201)        0.31725714     -3     3    6.7355671e-05
234 region_rec_diffs(1,202)        0.27938547     -3     3    -4.1500217e-05
235 region_rec_diffs(1,203)        -2.1118154     -3     3    8.4405935e-05
236 region_rec_diffs(1,204)        -0.044415077     -3     3    0.00013958407
237 region_rec_diffs(1,205)        -0.80527013     -3     3    -0.00015023077
238 region_rec_diffs(1,206)        -1.7829338     -3     3    5.2120627e-05
239 region_rec_diffs(1,207)        -2.0274064     -3     3    4.3115827e-05
240 region_rec_diffs(1,208)        -2.7526945     -3     3    9.2714618e-06
241 region_rec_diffs(1,209)        0.36172667     -3     3    4.8369378e-06
242 region_rec_diffs(1,210)        0.27770294     -3     3    1.0961066e-05
243 region_rec_diffs(1,211)        -2.7451577     -3     3    2.7948424e-05
244 region_rec_diffs(1,212)        -1.2530175     -3     3    9.282015e-05
245 region_rec_diffs(1,213)        -0.16906258     -3     3    4.6748131e-06
246 region_rec_diffs(1,214)        -1.2578673     -3     3    3.0094214e-05
247 region_rec_diffs(1,215)        -2.3076632     -3     3    2.6959413e-05
248 region_rec_diffs(1,216)        -1.0632777     -3     3    -5.4818101e-05
249 region_rec_diffs(1,217)        0.31746873     -3     3    2.6352843e-05
250 region_rec_diffs(1,218)        -0.49855707     -3     3    -0.00016087007
251 region_rec_diffs(1,219)        -2.6037503     -3     3    -8.4900181e-05
252 region_rec_diffs(1,220)        -0.57481873     -3     3    0.00017370115
253 region_rec_diffs(1,221)        0.03193116     -3     3    -7.886082e-05
254 region_rec_diffs(1,222)        0.059985445     -3     3    8.1277893e-05
255 region_rec_diffs(1,223)        -2.9999996     -3     3    9.827856e-07   *************
256 region_rec_diffs(1,224)        -0.10077016     -3     3    8.904843e-05
257 region_rec_diffs(1,225)        -0.095988046     -3     3    -9.1542563e-05
258 region_rec_diffs(1,226)        -0.72367025     -3     3    -0.00014247765
259 region_rec_diffs(1,227)        -2.8502619     -3     3    7.0533797e-05
260 region_rec_diffs(1,228)        -1.1835002     -3     3    -0.00011825759
261 region_rec_diffs(1,229)        0.23071048     -3     3    -3.0016756e-05
262 region_rec_diffs(1,230)        0.090500519     -3     3    -2.7160724e-05
263 region_rec_diffs(1,231)        -2.99998     -3     3    1.5184886e-06   *************
264 region_rec_diffs(1,232)        0.032119333     -3     3    -0.00010905799
265 region_rec_diffs(1,233)        0.14171736     -3     3    -1.2035382e-05
266 region_rec_diffs(1,234)        -0.31547166     -3     3    7.317687e-05
267 region_rec_diffs(1,235)        -2.2768026     -3     3    1.253791e-05
268 region_rec_diffs(1,236)        -1.6680784     -3     3    6.3826429e-05
269 region_rec_diffs(1,237)        0.27735346     -3     3    -2.9242534e-06
270 region_rec_diffs(1,238)        -0.088501736     -3     3    -0.0001484151
271 region_rec_diffs(1,239)        -2.5635473     -3     3    5.6434614e-05
272 region_rec_diffs(1,240)        -1.2155204     -3     3    1.6175939e-05
273 region_rec_diffs(1,241)        0.34478807     -3     3    1.594999e-05
274 region_rec_diffs(1,242)        0.17563191     -3     3    1.564342e-05
275 region_rec_diffs(1,243)        -0.78088027     -3     3    2.8071743e-06
276 region_rec_diffs(1,244)        -0.25215508     -3     3    1.2697554e-06
277 region_rec_diffs(1,245)        0.16917658     -3     3    -3.0119791e-06
278 region_rec_diffs(1,246)        0.0071633834     -3     3    -5.1891002e-05
279 region_rec_diffs(1,247)        -1.1018487     -3     3    -6.2405042e-06
280 region_rec_diffs(1,248)        -0.34149961     -3     3    -9.411635e-05
281 region_rec_diffs(1,249)        0.064445059     -3     3    0.000105073
282 region_rec_diffs(1,250)        -0.27435689     -3     3    0.00011587544
283 region_rec_diffs(1,251)        -2.8521595     -3     3    4.0061611e-05
284 region_rec_diffs(1,252)        -0.15756934     -3     3    8.2956373e-05
285 region_rec_diffs(1,253)        0.17372117     -3     3    -6.0540465e-05
286 region_rec_diffs(1,254)        -0.46929427     -3     3    6.1506554e-05
287 region_rec_diffs(1,255)        -2.9999481     -3     3    7.8904081e-06   *************
288 region_rec_diffs(1,256)        -0.066045393     -3     3    2.3210258e-05
289 region_rec_diffs(1,257)        0.23696274     -3     3    4.5848235e-05
290 region_rec_diffs(1,258)        -0.26851815     -3     3    -3.3312584e-05
291 region_rec_diffs(1,259)        -2.6843934     -3     3    1.2386173e-05
292 region_rec_diffs(1,260)        -0.27102809     -3     3    -0.00018736503
293 region_rec_diffs(1,261)        0.30650172     -3     3    1.1060256e-06
294 region_rec_diffs(1,262)        0.1247103     -3     3    -5.0085827e-05
295 region_rec_diffs(1,263)        -2.9630623     -3     3    -2.7727936e-07
296 region_rec_diffs(1,264)        -0.25425906     -3     3    -0.00010424989
297 region_rec_diffs(1,265)        0.12866059     -3     3    -1.941582e-05
298 region_rec_diffs(1,266)        0.051370421     -3     3    8.4926681e-05
299 region_rec_diffs(1,267)        -2.8663916     -3     3    2.5874205e-05
300 region_rec_diffs(1,268)        -0.49543732     -3     3    -4.0883642e-06
301 region_rec_diffs(1,269)        0.28498445     -3     3    0.0001170029
302 region_rec_diffs(1,270)        -0.17995762     -3     3    -0.00015818952
303 region_rec_diffs(1,271)        -2.543197     -3     3    -1.1939657e-05
304 region_rec_diffs(1,272)        -0.59480593     -3     3    1.5888938e-05
305 region_rec_diffs(1,273)        0.066347383     -3     3    -3.6948589e-05
306 region_rec_diffs(1,274)        -1.2496526     -3     3    6.3770522e-05
307 region_rec_diffs(1,275)        -1.0183017     -3     3    5.4396883e-06
308 region_rec_diffs(1,276)        -0.035144931     -3     3    6.6155826e-05
309 region_rec_diffs(1,277)        0.17656586     -3     3    6.6847818e-05
310 region_rec_diffs(1,278)        -0.013980767     -3     3    -7.4746085e-05
311 region_rec_diffs(1,279)        -0.81347503     -3     3    0.00019770467
312 region_rec_diffs(2,1)        -1.7763568e-15     -3     3    -8.0878819e-15
313 region_rec_diffs(2,2)        -0.62597763     -3     3    -4.2684838e-05
314 region_rec_diffs(2,3)        -0.30672527     -3     3    -8.1429917e-05
315 region_rec_diffs(2,4)        -0.38748766     -3     3    -3.5986363e-05
316 region_rec_diffs(2,5)        -0.54563225     -3     3    -0.00010037088
317 region_rec_diffs(2,6)        0.07956051     -3     3    4.3690039e-05
318 region_rec_diffs(2,7)        0.073438329     -3     3    4.3263773e-06
319 region_rec_diffs(2,8)        -1.0147077     -3     3    -4.792261e-05
320 region_rec_diffs(2,9)        -0.18745089     -3     3    -2.5953947e-06
321 region_rec_diffs(2,10)        -0.10774228     -3     3    -1.4840468e-05
322 region_rec_diffs(2,11)        -0.053174567     -3     3    3.1162733e-05
323 region_rec_diffs(2,12)        -1.3814889     -3     3    -3.2763788e-05
324 region_rec_diffs(2,13)        -0.16742249     -3     3    -7.2653888e-05
325 region_rec_diffs(2,14)        -0.14850798     -3     3    -6.0526517e-05
326 region_rec_diffs(2,15)        0.045772756     -3     3    -1.1971709e-05
327 region_rec_diffs(2,16)        0.15218717     -3     3    -1.6454157e-05
328 region_rec_diffs(2,17)        0.54706187     -3     3    -6.0968884e-05
329 region_rec_diffs(2,18)        0.024966897     -3     3    -6.5725449e-05
330 region_rec_diffs(2,19)        -0.20823296     -3     3    -1.2321055e-05
331 region_rec_diffs(2,20)        -0.35040998     -3     3    -3.764535e-05
332 region_rec_diffs(2,21)        0.39892882     -3     3    -5.2298602e-05
333 region_rec_diffs(2,22)        -0.60409061     -3     3    -5.1445918e-05
334 region_rec_diffs(2,23)        -0.40822787     -3     3    8.6178159e-06
335 region_rec_diffs(2,24)        -1.2771997     -3     3    -2.626163e-06
336 region_rec_diffs(2,25)        -1.2432761     -3     3    4.2098615e-05
337 region_rec_diffs(2,26)        -1.5697155     -3     3    7.98098e-06
338 region_rec_diffs(2,27)        -0.2132557     -3     3    5.6691594e-06
339 region_rec_diffs(2,28)        -1.5376412     -3     3    1.4249006e-05
340 region_rec_diffs(2,29)        0.57997873     -3     3    0.00012314213
341 region_rec_diffs(2,30)        0.98232486     -3     3    1.3067632e-05
342 region_rec_diffs(2,31)        0.057878677     -3     3    9.7993645e-06
343 region_rec_diffs(2,32)        -0.057324517     -3     3    -2.6198384e-05
344 region_rec_diffs(2,33)        -0.5035832     -3     3    2.2497563e-05
345 region_rec_diffs(2,34)        -1.6909751     -3     3    -3.9617736e-05
346 region_rec_diffs(2,35)        -0.21289767     -3     3    3.7488054e-06
347 region_rec_diffs(2,36)        -0.2161135     -3     3    2.0699948e-05
348 region_rec_diffs(2,37)        -1.2821054     -3     3    1.0959479e-05
349 region_rec_diffs(2,38)        -0.1242267     -3     3    -8.1172143e-06
350 region_rec_diffs(2,39)        -0.098140064     -3     3    -5.4381131e-07
351 region_rec_diffs(2,40)        -0.061118646     -3     3    -1.1802068e-05
352 region_rec_diffs(2,41)        -0.069697472     -3     3    -9.2197495e-05
353 region_rec_diffs(2,42)        -1.0163755     -3     3    -3.8651523e-05
354 region_rec_diffs(2,43)        -0.073833553     -3     3    2.5468145e-05
355 region_rec_diffs(2,44)        -0.29308859     -3     3    2.6694462e-05
356 region_rec_diffs(2,45)        -1.8368733     -3     3    5.1238505e-05
357 region_rec_diffs(2,46)        -0.71982331     -3     3    5.2740695e-05
358 region_rec_diffs(2,47)        -0.65912371     -3     3    -1.0672125e-05
359 region_rec_diffs(2,48)        -1.1518458     -3     3    -2.7707054e-06
360 region_rec_diffs(2,49)        -0.13254492     -3     3    -9.2451882e-05
361 region_rec_diffs(2,50)        -0.060992274     -3     3    1.3906815e-06
362 region_rec_diffs(2,51)        -1.4297152     -3     3    -2.0796388e-06
363 region_rec_diffs(2,52)        0.14921774     -3     3    -1.4693346e-05
364 region_rec_diffs(2,53)        -0.33300226     -3     3    3.6033383e-06
365 region_rec_diffs(2,54)        -1.2311042     -3     3    7.8311968e-06
366 region_rec_diffs(2,55)        -1.0856345     -3     3    9.2231276e-06
367 region_rec_diffs(2,56)        -0.60213551     -3     3    -1.0673184e-05
368 region_rec_diffs(2,57)        -0.70507354     -3     3    1.9003341e-05
369 region_rec_diffs(2,58)        -1.0448757     -3     3    3.3155415e-05
370 region_rec_diffs(2,59)        -0.48390204     -3     3    9.8850021e-07
371 region_rec_diffs(2,60)        -0.92728606     -3     3    -1.4724747e-05
372 region_rec_diffs(2,61)        -0.77920889     -3     3    -2.4311926e-05
373 region_rec_diffs(2,62)        0.015826861     -3     3    -2.2065229e-05
374 region_rec_diffs(2,63)        -0.33089517     -3     3    -1.6676099e-05
375 region_rec_diffs(2,64)        -0.38442135     -3     3    -3.3873088e-05
376 region_rec_diffs(2,65)        -1.2070934     -3     3    -2.714392e-05
377 region_rec_diffs(2,66)        -0.052650912     -3     3    6.6114093e-07
378 region_rec_diffs(2,67)        -0.72065834     -3     3    -1.4045919e-05
379 region_rec_diffs(2,68)        -1.444001     -3     3    -2.0321286e-05
380 region_rec_diffs(2,69)        -0.36222224     -3     3    2.6467833e-06
381 region_rec_diffs(2,70)        -0.78425003     -3     3    1.3635402e-05
382 region_rec_diffs(2,71)        -0.33823203     -3     3    -8.9936073e-06
383 region_rec_diffs(2,72)        -0.18980976     -3     3    -3.9629796e-05
384 region_rec_diffs(2,73)        0.13376687     -3     3    -8.9697845e-05
385 region_rec_diffs(2,74)        -0.1843353     -3     3    -2.1568301e-05
386 region_rec_diffs(2,75)        0.15300418     -3     3    3.6642804e-05
387 region_rec_diffs(2,76)        0.70777253     -3     3    3.0302553e-05
388 region_rec_diffs(2,77)        0.33847094     -3     3    6.2181104e-05
389 region_rec_diffs(2,78)        -0.24814601     -3     3    -3.3958611e-05
390 region_rec_diffs(2,79)        -0.057170342     -3     3    1.8169752e-06
391 region_rec_diffs(2,80)        -1.6249103     -3     3    -3.7582278e-07
392 region_rec_diffs(2,81)        1.2192643     -3     3    -1.5382616e-05
393 region_rec_diffs(2,82)        -0.074120474     -3     3    -1.7641728e-05
394 region_rec_diffs(2,83)        -0.68108191     -3     3    -5.8206183e-05
395 region_rec_diffs(2,84)        0.6415202     -3     3    -4.8928443e-05
396 region_rec_diffs(2,85)        -0.22570428     -3     3    3.9540304e-05
397 region_rec_diffs(2,86)        0.20631009     -3     3    -4.8725555e-06
398 region_rec_diffs(2,87)        -1.0809734     -3     3    -2.1122669e-05
399 region_rec_diffs(2,88)        -0.78500168     -3     3    -5.8766414e-07
400 region_rec_diffs(2,89)        1.2939153     -3     3    -0.00013773574
401 region_rec_diffs(2,90)        1.0683006     -3     3    -0.00010238652
402 region_rec_diffs(2,91)        0.0098254706     -3     3    1.0280381e-05
403 region_rec_diffs(2,92)        0.64882601     -3     3    0.00012866028
404 region_rec_diffs(2,93)        0.20370258     -3     3    -1.833841e-05
405 region_rec_diffs(2,94)        -1.3288375     -3     3    6.9557772e-05
406 region_rec_diffs(2,95)        0.24208628     -3     3    -8.1428514e-06
407 region_rec_diffs(2,96)        -0.78885561     -3     3    2.4487293e-06
408 region_rec_diffs(2,97)        -0.79450595     -3     3    -9.4636322e-06
409 region_rec_diffs(2,98)        -0.52503282     -3     3    -8.2101863e-07
410 region_rec_diffs(2,99)        -0.82886042     -3     3    -8.8629651e-06
411 region_rec_diffs(2,100)        0.80658273     -3     3    0.00021494839
412 region_rec_diffs(2,101)        -1.2697045     -3     3    -2.8029626e-05
413 region_rec_diffs(2,102)        0.0097785232     -3     3    -9.7100877e-06
414 region_rec_diffs(2,103)        -0.38658123     -3     3    -6.416585e-06
415 region_rec_diffs(2,104)        -0.43348692     -3     3    -2.4294127e-05
416 region_rec_diffs(2,105)        -0.12971413     -3     3    -1.5186315e-05
417 region_rec_diffs(2,106)        0.036914667     -3     3    -7.5918025e-06
418 region_rec_diffs(2,107)        0.066163312     -3     3    -3.9489852e-06
419 region_rec_diffs(2,108)        0.12016203     -3     3    5.1844936e-07
420 region_rec_diffs(2,109)        -0.23227152     -3     3    2.1878554e-05
421 region_rec_diffs(2,110)        0.17427672     -3     3    2.3410143e-05
422 region_rec_diffs(2,111)        0.1868438     -3     3    -9.145657e-06
423 region_rec_diffs(2,112)        -0.31283008     -3     3    -5.8821525e-05
424 region_rec_diffs(2,113)        -0.5489516     -3     3    -1.8726702e-05
425 region_rec_diffs(2,114)        1.1609473     -3     3    -7.6994735e-05
426 region_rec_diffs(2,115)        -0.02867605     -3     3    5.5767429e-06
427 region_rec_diffs(2,116)        -1.261403     -3     3    -2.986297e-05
428 region_rec_diffs(2,117)        -0.57046605     -3     3    -1.6454391e-05
429 region_rec_diffs(2,118)        0.36398653     -3     3    -5.594718e-05
430 region_rec_diffs(2,119)        0.056505708     -3     3    -5.6736058e-05
431 region_rec_diffs(2,120)        0.051863216     -3     3    3.1768049e-05
432 region_rec_diffs(2,121)        -0.56048658     -3     3    8.1829593e-06
433 region_rec_diffs(2,122)        -0.14630384     -3     3    2.3986712e-05
434 region_rec_diffs(2,123)        1.0521865     -3     3    0.00012516833
435 region_rec_diffs(2,124)        -2.6438211     -3     3    -2.8886652e-05
436 region_rec_diffs(2,125)        -0.47568495     -3     3    -0.0001002075
437 region_rec_diffs(2,126)        0.8053492     -3     3    0.00014942182
438 region_rec_diffs(2,127)        1.026875     -3     3    0.00013285776
439 region_rec_diffs(2,128)        -0.30907188     -3     3    9.006447e-05
440 region_rec_diffs(2,129)        -0.31179306     -3     3    0.00013524504
441 region_rec_diffs(2,130)        1.058454     -3     3    2.1238395e-05
442 region_rec_diffs(2,131)        -0.64189676     -3     3    3.25282e-05
443 region_rec_diffs(2,132)        -2.3961009     -3     3    1.5268586e-05
444 region_rec_diffs(2,133)        0.19733363     -3     3    -8.2039303e-05
445 region_rec_diffs(2,134)        0.87681402     -3     3    -0.00014358286
446 region_rec_diffs(2,135)        0.7873462     -3     3    -3.9768322e-05
447 region_rec_diffs(2,136)        -0.88568133     -3     3    -0.00010923161
448 region_rec_diffs(2,137)        1.2740002     -3     3    1.5208088e-06
449 region_rec_diffs(2,138)        0.74850533     -3     3    8.7898578e-05
450 region_rec_diffs(2,139)        0.4893118     -3     3    2.438915e-05
451 region_rec_diffs(2,140)        1.317452     -3     3    -0.00017317803
452 region_rec_diffs(2,141)        -1.907588     -3     3    -1.496891e-05
453 region_rec_diffs(2,142)        -0.51000333     -3     3    1.3362794e-06
454 region_rec_diffs(2,143)        0.090796144     -3     3    -9.7260977e-05
455 region_rec_diffs(2,144)        -1.0002096     -3     3    -3.9557712e-05
456 region_rec_diffs(2,145)        0.40317925     -3     3    -5.9475999e-05
457 region_rec_diffs(2,146)        -1.1065457     -3     3    1.1517417e-05
458 region_rec_diffs(2,147)        -1.1772698     -3     3    -9.5246692e-06
459 region_rec_diffs(2,148)        0.36798757     -3     3    -0.00010762255
460 region_rec_diffs(2,149)        -0.68803377     -3     3    -5.9772389e-05
461 region_rec_diffs(2,150)        -0.2780657     -3     3    -1.3362162e-05
462 region_rec_diffs(2,151)        0.24094221     -3     3    -2.4220004e-05
463 region_rec_diffs(2,152)        0.39151521     -3     3    -0.00022184937
464 region_rec_diffs(2,153)        -2.0497108     -3     3    -2.8940781e-05
465 region_rec_diffs(2,154)        -0.45541231     -3     3    2.2371771e-05
466 region_rec_diffs(2,155)        0.20632867     -3     3    -0.00014979392
467 region_rec_diffs(2,156)        0.1422754     -3     3    -0.00045763983
468 region_rec_diffs(2,157)        -0.81255605     -3     3    -0.00017408466
469 region_rec_diffs(2,158)        0.77683776     -3     3    -0.00057597898
470 region_rec_diffs(2,159)        -1.2998143     -3     3    -0.00026409236
471 region_rec_diffs(2,160)        0.6792611     -3     3    -0.00011796542
472 region_rec_diffs(2,161)        -0.71688178     -3     3    -0.00012730224
473 region_rec_diffs(2,162)        -0.66890108     -3     3    -5.7706677e-05
474 region_rec_diffs(2,163)        0.8498334     -3     3    0.00014978315
475 region_rec_diffs(2,164)        -0.899844     -3     3    -3.2003508e-05
476 region_rec_diffs(2,165)        -0.68810186     -3     3    -7.5676739e-05
477 region_rec_diffs(2,166)        1.419865     -3     3    -0.0001178273
478 region_rec_diffs(2,167)        -0.048224415     -3     3    -0.00010226235
479 region_rec_diffs(2,168)        0.30248806     -3     3    3.605066e-05
480 region_rec_diffs(2,169)        -0.17550786     -3     3    -0.00013522077
481 region_rec_diffs(2,170)        0.82653188     -3     3    0.00016695142
482 region_rec_diffs(2,171)        -0.90450871     -3     3    0.00014479647
483 region_rec_diffs(2,172)        -1.9813195     -3     3    0.00019516224
484 region_rec_diffs(2,173)        -1.8470625     -3     3    0.00017103182
485 region_rec_diffs(2,174)        0.4055291     -3     3    0.00032344023
486 region_rec_diffs(2,175)        0.64525545     -3     3    0.0004674981
487 region_rec_diffs(2,176)        1.2789494     -3     3    -0.00019099334
488 region_rec_diffs(2,177)        0.73245844     -3     3    5.4847876e-05
489 region_rec_diffs(2,178)        -1.1641456     -3     3    6.7725513e-05
490 region_rec_diffs(2,179)        0.55818477     -3     3    0.00013170099
491 region_rec_diffs(2,180)        -0.64032614     -3     3    0.00012360632
492 region_rec_diffs(2,181)        0.23077881     -3     3    -0.00011326861
493 region_rec_diffs(2,182)        1.2294584     -3     3    -7.7010486e-05
494 region_rec_diffs(2,183)        0.99942557     -3     3    -9.3146775e-05
495 region_rec_diffs(2,184)        1.01168     -3     3    -0.00013994383
496 region_rec_diffs(2,185)        -0.68198469     -3     3    -3.8265168e-05
497 region_rec_diffs(2,186)        0.056974274     -3     3    9.2568135e-05
498 region_rec_diffs(2,187)        0.1702983     -3     3    8.3327147e-05
499 region_rec_diffs(2,188)        0.32377823     -3     3    0.00011354913
500 region_rec_diffs(2,189)        -0.54618783     -3     3    -2.7924233e-05
501 region_rec_diffs(2,190)        1.1678376     -3     3    0.00012073392
502 region_rec_diffs(2,191)        0.0096960277     -3     3    -0.00014518907
503 region_rec_diffs(2,192)        0.30327189     -3     3    -7.2522208e-05
504 region_rec_diffs(2,193)        -1.742866     -3     3    -5.4743412e-05
505 region_rec_diffs(2,194)        0.086894315     -3     3    0.00028296035
506 region_rec_diffs(2,195)        0.06581877     -3     3    -0.00020816064
507 region_rec_diffs(2,196)        -0.017975742     -3     3    -3.3840476e-05
508 region_rec_diffs(2,197)        -1.3674789     -3     3    0.00010738215
509 region_rec_diffs(2,198)        0.90409116     -3     3    -3.3776292e-05
510 region_rec_diffs(2,199)        -0.63014158     -3     3    3.0945873e-05
511 region_rec_diffs(2,200)        1.1919437     -3     3    -3.5378726e-05
512 region_rec_diffs(2,201)        -0.66385084     -3     3    4.0134419e-07
513 region_rec_diffs(2,202)        -1.1098562     -3     3    -7.9392523e-05
514 region_rec_diffs(2,203)        -0.34190968     -3     3    -9.8938109e-05
515 region_rec_diffs(2,204)        -0.038041208     -3     3    3.3427941e-05
516 region_rec_diffs(2,205)        0.43906753     -3     3    -3.8455481e-05
517 region_rec_diffs(2,206)        1.4911924     -3     3    5.9549168e-06
518 region_rec_diffs(2,207)        0.76503581     -3     3    1.7419366e-06
519 region_rec_diffs(2,208)        1.2590361     -3     3    -0.00020521072
520 region_rec_diffs(2,209)        -1.2120189     -3     3    9.4478951e-06
521 region_rec_diffs(2,210)        -0.38388579     -3     3    -4.697401e-05
522 region_rec_diffs(2,211)        -1.6073446     -3     3    -4.9952037e-05
523 region_rec_diffs(2,212)        0.58259697     -3     3    9.7519524e-05
524 region_rec_diffs(2,213)        -0.10018223     -3     3    4.1708607e-05
525 region_rec_diffs(2,214)        1.1526893     -3     3    -2.7704062e-05
526 region_rec_diffs(2,215)        0.17179189     -3     3    -0.0001353331
527 region_rec_diffs(2,216)        0.58241778     -3     3    9.8242072e-05
528 region_rec_diffs(2,217)        -0.7388401     -3     3    9.9382453e-05
529 region_rec_diffs(2,218)        0.69463308     -3     3    7.4989308e-05
530 region_rec_diffs(2,219)        0.35063838     -3     3    0.00012200979
531 region_rec_diffs(2,220)        -0.47677872     -3     3    -7.3034569e-05
532 region_rec_diffs(2,221)        0.62837086     -3     3    0.00010518781
533 region_rec_diffs(2,222)        -0.080930014     -3     3    7.3823779e-05
534 region_rec_diffs(2,223)        0.3021491     -3     3    0.00014324133
535 region_rec_diffs(2,224)        -0.13574439     -3     3    0.00010746813
536 region_rec_diffs(2,225)        0.67966653     -3     3    -0.00014021493
537 region_rec_diffs(2,226)        1.1704268     -3     3    -7.2009701e-05
538 region_rec_diffs(2,227)        0.4793244     -3     3    -2.9826354e-05
539 region_rec_diffs(2,228)        0.25030095     -3     3    2.7700602e-05
540 region_rec_diffs(2,229)        -0.33104842     -3     3    6.2480141e-05
541 region_rec_diffs(2,230)        -0.56985072     -3     3    -0.00017557159
542 region_rec_diffs(2,231)        0.17994021     -3     3    7.6412493e-05
543 region_rec_diffs(2,232)        -0.58329899     -3     3    9.3848853e-05
544 region_rec_diffs(2,233)        0.24216964     -3     3    -5.3513624e-05
545 region_rec_diffs(2,234)        -0.10876897     -3     3    -0.00021037837
546 region_rec_diffs(2,235)        -0.12814204     -3     3    6.2559125e-05
547 region_rec_diffs(2,236)        0.67558809     -3     3    -6.2653233e-05
548 region_rec_diffs(2,237)        -0.34481205     -3     3    4.3630385e-05
549 region_rec_diffs(2,238)        0.27786566     -3     3    -7.237651e-05
550 region_rec_diffs(2,239)        0.53554013     -3     3    -2.7266244e-05
551 region_rec_diffs(2,240)        -0.16307681     -3     3    -4.8674365e-06
552 region_rec_diffs(2,241)        -1.1645755     -3     3    -3.0302306e-05
553 region_rec_diffs(2,242)        -0.20805821     -3     3    2.3449259e-05
554 region_rec_diffs(2,243)        0.20418336     -3     3    -5.068009e-05
555 region_rec_diffs(2,244)        0.2193647     -3     3    0.00015297202
556 region_rec_diffs(2,245)        -0.031340283     -3     3    -5.639004e-05
557 region_rec_diffs(2,246)        -0.17262544     -3     3    -5.6259687e-06
558 region_rec_diffs(2,247)        -0.059969141     -3     3    0.00010407178
559 region_rec_diffs(2,248)        -0.27106802     -3     3    -9.1104794e-05
560 region_rec_diffs(2,249)        0.29351866     -3     3    1.7035889e-05
561 region_rec_diffs(2,250)        0.64595233     -3     3    0.00012790129
562 region_rec_diffs(2,251)        0.76004234     -3     3    3.1630676e-06
563 region_rec_diffs(2,252)        0.0099166752     -3     3    -8.7449332e-05
564 region_rec_diffs(2,253)        0.11754538     -3     3    5.6358868e-05
565 region_rec_diffs(2,254)        0.26595885     -3     3    -8.9716902e-05
566 region_rec_diffs(2,255)        0.6212996     -3     3    0.00014448944
567 region_rec_diffs(2,256)        0.12598999     -3     3    3.3325915e-06
568 region_rec_diffs(2,257)        -0.046940599     -3     3    0.00023321154
569 region_rec_diffs(2,258)        0.38025604     -3     3    4.0504142e-05
570 region_rec_diffs(2,259)        1.1795451     -3     3    -3.7415316e-05
571 region_rec_diffs(2,260)        0.30242544     -3     3    -9.8195438e-05
572 region_rec_diffs(2,261)        -0.6666054     -3     3    -2.1781758e-05
573 region_rec_diffs(2,262)        0.32608765     -3     3    -0.00012754712
574 region_rec_diffs(2,263)        0.46154183     -3     3    -5.9750305e-05
575 region_rec_diffs(2,264)        -0.73173473     -3     3    8.0178191e-07
576 region_rec_diffs(2,265)        0.13317366     -3     3    -0.00012925994
577 region_rec_diffs(2,266)        0.32026142     -3     3    3.7381506e-05
578 region_rec_diffs(2,267)        0.86046333     -3     3    2.5740174e-05
579 region_rec_diffs(2,268)        0.14030652     -3     3    -0.00013984375
580 region_rec_diffs(2,269)        -0.41234771     -3     3    -2.1475246e-05
581 region_rec_diffs(2,270)        -0.1933606     -3     3    -0.00017487894
582 region_rec_diffs(2,271)        0.37110778     -3     3    1.1750815e-05
583 region_rec_diffs(2,272)        0.82110685     -3     3    -0.00022635299
584 region_rec_diffs(2,273)        0.53654948     -3     3    1.444074e-05
585 region_rec_diffs(2,274)        -0.41860008     -3     3    9.757724e-05
586 region_rec_diffs(2,275)        0.75397114     -3     3    0.00011764685
587 region_rec_diffs(2,276)        -0.18415407     -3     3    3.4560003e-05
588 region_rec_diffs(2,277)        -0.9566683     -3     3    2.0656414e-05
589 region_rec_diffs(2,278)        -0.18612973     -3     3    0.00024370302
590 region_rec_diffs(2,279)        0.56465347     -3     3    0.00025951683
591 region_rec_diffs(3,1)        0     -3     3    -1.7071957e-19
592 region_rec_diffs(3,2)        -0.00010292376     -3     3    3.7503584e-07
593 region_rec_diffs(3,3)        -0.00032804487     -3     3    2.7702935e-07
594 region_rec_diffs(3,4)        0.015480178     -3     3    -5.9478555e-06
595 region_rec_diffs(3,5)        0.16032804     -3     3    -5.711522e-05
596 region_rec_diffs(3,6)        -1.6216361e-05     -3     3    -8.1899641e-08
597 region_rec_diffs(3,7)        -1.6940099e-05     -3     3    -9.0413226e-08
598 region_rec_diffs(3,8)        -0.00061486871     -3     3    1.2720899e-07
599 region_rec_diffs(3,9)        -1.2004642e-05     -3     3    2.1073116e-07
600 region_rec_diffs(3,10)        6.0149719e-05     -3     3    6.8697107e-07
601 region_rec_diffs(3,11)        0.00019680753     -3     3    1.8974445e-06
602 region_rec_diffs(3,12)        -0.00022593321     -3     3    7.5890823e-07
603 region_rec_diffs(3,13)        2.1522256e-06     -3     3    1.5320436e-07
604 region_rec_diffs(3,14)        -2.885976e-05     -3     3    3.5730559e-07
605 region_rec_diffs(3,15)        7.7703631e-05     -3     3    7.2934188e-07
606 region_rec_diffs(3,16)        2.3635764e-05     -3     3    1.8314124e-07
607 region_rec_diffs(3,17)        1.5995773e-05     -3     3    1.2029782e-07
608 region_rec_diffs(3,18)        0.0016436694     -3     3    1.6211258e-05
609 region_rec_diffs(3,19)        2.207325e-05     -3     3    2.5436912e-07
610 region_rec_diffs(3,20)        5.2724597e-06     -3     3    1.7710903e-07
611 region_rec_diffs(3,21)        4.5923662e-06     -3     3    2.1536174e-07
612 region_rec_diffs(3,22)        -3.0701536e-05     -3     3    3.7243683e-07
613 region_rec_diffs(3,23)        2.4349791e-05     -3     3    2.9580627e-07
614 region_rec_diffs(3,24)        -1.8029546e-05     -3     3    1.8384354e-07
615 region_rec_diffs(3,25)        -3.8008625e-06     -3     3    2.6281955e-07
616 region_rec_diffs(3,26)        -4.9017164e-05     -3     3    2.9671045e-07
617 region_rec_diffs(3,27)        2.8625201e-05     -3     3    2.9349723e-07
618 region_rec_diffs(3,28)        -8.8814415e-05     -3     3    9.8617906e-08
619 region_rec_diffs(3,29)        4.7548744e-05     -3     3    4.8983079e-07
620 region_rec_diffs(3,30)        3.2416564e-05     -3     3    3.5233881e-07
621 region_rec_diffs(3,31)        0.00017565426     -3     3    1.6406844e-06
622 region_rec_diffs(3,32)        3.8610601e-05     -3     3    3.1861557e-07
623 region_rec_diffs(3,33)        0.0010840473     -3     3    1.0164037e-05
624 region_rec_diffs(3,34)        -5.7648177e-05     -3     3    -1.7825595e-07
625 region_rec_diffs(3,35)        -1.2786161e-05     -3     3    -1.0327956e-07
626 region_rec_diffs(3,36)        -5.917965e-06     -3     3    -3.7301731e-08
627 region_rec_diffs(3,37)        -3.50241e-05     -3     3    -1.7734982e-07
628 region_rec_diffs(3,38)        -8.1850897e-06     -3     3    -9.8690732e-08
629 region_rec_diffs(3,39)        2.2608887e-06     -3     3    1.4568135e-08
630 region_rec_diffs(3,40)        -9.0588365e-06     -3     3    -1.0075045e-07
631 region_rec_diffs(3,41)        -1.8490837e-05     -3     3    -1.8505059e-07
632 region_rec_diffs(3,42)        -8.243493e-06     -3     3    3.596581e-07
633 region_rec_diffs(3,43)        1.8521459e-05     -3     3    1.8195917e-07
634 region_rec_diffs(3,44)        -1.2106693e-05     -3     3    -1.0618865e-07
635 region_rec_diffs(3,45)        3.9663537e-05     -3     3    5.3941406e-07
636 region_rec_diffs(3,46)        3.9921495e-05     -3     3    4.0908757e-07
637 region_rec_diffs(3,47)        6.3728592e-06     -3     3    7.0700546e-08
638 region_rec_diffs(3,48)        1.0176755e-05     -3     3    3.9576709e-08
639 region_rec_diffs(3,49)        5.0448547e-05     -3     3    3.8710827e-07
640 region_rec_diffs(3,50)        4.9883195e-05     -3     3    4.67543e-07
641 region_rec_diffs(3,51)        0.00049782625     -3     3    5.5885333e-06
642 region_rec_diffs(3,52)        -8.8186297e-06     -3     3    -7.7273033e-08
643 region_rec_diffs(3,53)        0.00096612979     -3     3    9.1063448e-06
644 region_rec_diffs(3,54)        0.00046925269     -3     3    4.4606403e-06
645 region_rec_diffs(3,55)        7.9286213e-06     -3     3    1.3402222e-07
646 region_rec_diffs(3,56)        -7.6204686e-07     -3     3    -1.4213947e-08
647 region_rec_diffs(3,57)        -5.2332347e-06     -3     3    -9.6894241e-08
648 region_rec_diffs(3,58)        -8.6909935e-06     -3     3    2.6298038e-07
649 region_rec_diffs(3,59)        -1.874472e-05     -3     3    -9.6867137e-08
650 region_rec_diffs(3,60)        5.5196906e-07     -3     3    1.4055901e-08
651 region_rec_diffs(3,61)        3.2386009e-05     -3     3    5.2768266e-07
652 region_rec_diffs(3,62)        -8.645029e-06     -3     3    -6.3616699e-08
653 region_rec_diffs(3,63)        -2.7348717e-05     -3     3    -1.5496227e-07
654 region_rec_diffs(3,64)        3.4875852e-05     -3     3    3.0396556e-07
655 region_rec_diffs(3,65)        6.2237966e-05     -3     3    5.2364746e-07
656 region_rec_diffs(3,66)        -2.3055236e-07     -3     3    -2.7263924e-08
657 region_rec_diffs(3,67)        0.0012109528     -3     3    1.1577015e-05
658 region_rec_diffs(3,68)        1.6948163e-05     -3     3    7.8679956e-07
659 region_rec_diffs(3,69)        -9.5372516e-06     -3     3    -1.1323511e-07
660 region_rec_diffs(3,70)        7.9197028e-06     -3     3    8.6787553e-09
661 region_rec_diffs(3,71)        2.1028801e-05     -3     3    2.5602171e-07
662 region_rec_diffs(3,72)        9.8628968e-05     -3     3    9.8454279e-07
663 region_rec_diffs(3,73)        -1.3954048e-06     -3     3    -3.1360736e-08
664 region_rec_diffs(3,74)        7.3219127e-05     -3     3    8.7229962e-07
665 region_rec_diffs(3,75)        6.7288833e-06     -3     3    5.4943273e-08
666 region_rec_diffs(3,76)        8.6927324e-06     -3     3    5.1024419e-08
667 region_rec_diffs(3,77)        3.5898217e-05     -3     3    2.768663e-07
668 region_rec_diffs(3,78)        3.6138686e-05     -3     3    4.7527325e-07
669 region_rec_diffs(3,79)        -2.6308951e-07     -3     3    1.7614702e-07
670 region_rec_diffs(3,80)        -1.8237594e-05     -3     3    -5.0479025e-08
671 region_rec_diffs(3,81)        -4.0479525e-05     -3     3    -2.9877261e-10
672 region_rec_diffs(3,82)        0.00014315513     -3     3    1.4093343e-06
673 region_rec_diffs(3,83)        -3.1268769e-05     -3     3    -4.1267037e-08
674 region_rec_diffs(3,84)        0.0002986206     -3     3    2.8944112e-06
675 region_rec_diffs(3,85)        -1.501346e-05     -3     3    -2.036642e-07
676 region_rec_diffs(3,86)        3.9450793e-05     -3     3    3.4028457e-07
677 region_rec_diffs(3,87)        -4.4843131e-05     -3     3    -1.023541e-07
678 region_rec_diffs(3,88)        -8.6100877e-05     -3     3    -8.3338861e-07
679 region_rec_diffs(3,89)        9.3518955e-07     -3     3    -5.5613177e-08
680 region_rec_diffs(3,90)        2.2498127e-05     -3     3    1.7609411e-07
681 region_rec_diffs(3,91)        -1.5702708e-05     -3     3    -1.2580256e-07
682 region_rec_diffs(3,92)        3.0305862e-06     -3     3    3.544329e-07
683 region_rec_diffs(3,93)        -0.00030935038     -3     3    -2.8839211e-06
684 region_rec_diffs(3,94)        -0.00014527251     -3     3    -1.2676266e-07
685 region_rec_diffs(3,95)        6.9522202e-07     -3     3    -2.4262671e-08
686 region_rec_diffs(3,96)        -1.579802e-05     -3     3    -1.0976609e-07
687 region_rec_diffs(3,97)        -9.3315157e-06     -3     3    -8.0152357e-08
688 region_rec_diffs(3,98)        3.3048314e-06     -3     3    -1.9553336e-07
689 region_rec_diffs(3,99)        3.200731e-05     -3     3    -7.3764162e-08
690 region_rec_diffs(3,100)        1.446185e-05     -3     3    -9.6657469e-08
691 region_rec_diffs(3,101)        0.002407897     -3     3    2.2427902e-05
692 region_rec_diffs(3,102)        -8.5537442e-06     -3     3    -9.1723016e-08
693 region_rec_diffs(3,103)        -1.3667128e-05     -3     3    -9.8185882e-08
694 region_rec_diffs(3,104)        1.6250176e-05     -3     3    -7.3978223e-08
695 region_rec_diffs(3,105)        -2.0175547e-05     -3     3    -4.6686632e-08
696 region_rec_diffs(3,106)        4.6330561e-05     -3     3    4.5184873e-07
697 region_rec_diffs(3,107)        4.0823951e-05     -3     3    4.0813835e-07
698 region_rec_diffs(3,108)        -9.6045844e-06     -3     3    4.2367776e-07
699 region_rec_diffs(3,109)        4.8365952e-06     -3     3    8.5508612e-08
700 region_rec_diffs(3,110)        9.5553058e-06     -3     3    8.3656291e-08
701 region_rec_diffs(3,111)        -4.5724001e-06     -3     3    -5.1981679e-08
702 region_rec_diffs(3,112)        -2.6888288e-05     -3     3    -9.9985887e-08
703 region_rec_diffs(3,113)        -1.0380534e-05     -3     3    -1.4188178e-07
704 region_rec_diffs(3,114)        -1.3131941e-05     -3     3    -7.9072836e-08
705 region_rec_diffs(3,115)        4.2718088e-05     -3     3    3.9090666e-07
706 region_rec_diffs(3,116)        1.2922574e-05     -3     3    1.8413841e-08
707 region_rec_diffs(3,117)        0.00246975     -3     3    2.3393073e-05
708 region_rec_diffs(3,118)        0.00017695646     -3     3    1.6277137e-06
709 region_rec_diffs(3,119)        0.00012468244     -3     3    1.4292869e-06
710 region_rec_diffs(3,120)        8.4027186e-06     -3     3    -4.090656e-08
711 region_rec_diffs(3,121)        4.3780622e-05     -3     3    4.0451266e-07
712 region_rec_diffs(3,122)        0.00016424184     -3     3    1.9233457e-06
713 region_rec_diffs(3,123)        -6.1038945e-06     -3     3    -4.0916839e-08
714 region_rec_diffs(3,124)        -4.5256949e-06     -3     3    -1.136954e-07
715 region_rec_diffs(3,125)        -5.496372e-07     -3     3    -7.9418637e-08
716 region_rec_diffs(3,126)        3.877445e-05     -3     3    2.8162791e-07
717 region_rec_diffs(3,127)        -8.5649788e-06     -3     3    -9.8687103e-08
718 region_rec_diffs(3,128)        2.879797e-05     -3     3    2.9287232e-07
719 region_rec_diffs(3,129)        -9.9629959e-06     -3     3    1.1753245e-07
720 region_rec_diffs(3,130)        -1.1943153e-05     -3     3    -1.011417e-07
721 region_rec_diffs(3,131)        3.7690817e-06     -3     3    4.7350401e-08
722 region_rec_diffs(3,132)        -1.5823716e-05     -3     3    -2.8260227e-07
723 region_rec_diffs(3,133)        0.00091689629     -3     3    9.3893694e-06
724 region_rec_diffs(3,134)        -1.4396467e-06     -3     3    1.3486729e-07
725 region_rec_diffs(3,135)        -3.2979781e-05     -3     3    -2.8809492e-09
726 region_rec_diffs(3,136)        -0.00013026537     -3     3    4.8517322e-08
727 region_rec_diffs(3,137)        3.2363163e-06     -3     3    4.4406565e-08
728 region_rec_diffs(3,138)        -3.1206399e-06     -3     3    -6.0424164e-08
729 region_rec_diffs(3,139)        -1.2458193e-05     -3     3    -4.2854105e-08
730 region_rec_diffs(3,140)        8.3847428e-05     -3     3    7.9253775e-07
731 region_rec_diffs(3,141)        -3.2462223e-05     -3     3    3.0179205e-07
732 region_rec_diffs(3,142)        6.8923885e-05     -3     3    7.225235e-07
733 region_rec_diffs(3,143)        8.1962304e-06     -3     3    4.5136592e-08
734 region_rec_diffs(3,144)        -5.1224466e-05     -3     3    -1.802089e-07
735 region_rec_diffs(3,145)        -6.4666593e-05     -3     3    -1.0184019e-07
736 region_rec_diffs(3,146)        9.0432244e-07     -3     3    -3.8675546e-08
737 region_rec_diffs(3,147)        0.00016718918     -3     3    1.6129772e-06
738 region_rec_diffs(3,148)        0.00026608704     -3     3    -5.3535054e-08
739 region_rec_diffs(3,149)        -0.00053514611     -3     3    -6.4082101e-07
740 region_rec_diffs(3,150)        -6.1980077e-05     -3     3    2.6270577e-08
741 region_rec_diffs(3,151)        -0.00060163552     -3     3    3.3186506e-07
742 region_rec_diffs(3,152)        -0.0033041315     -3     3    1.3419003e-06
743 region_rec_diffs(3,153)        -0.0029946626     -3     3    1.2483964e-06
744 region_rec_diffs(3,154)        -2.9857875e-05     -3     3    -8.242619e-08
745 region_rec_diffs(3,155)        -0.0003824142     -3     3    1.3933941e-08
746 region_rec_diffs(3,156)        -0.0014931605     -3     3    -6.6508225e-07
747 region_rec_diffs(3,157)        -6.4975204e-05     -3     3    -2.0537538e-08
748 region_rec_diffs(3,158)        8.8330896e-05     -3     3    -2.2498577e-07
749 region_rec_diffs(3,159)        0.00011141787     -3     3    -2.1000148e-07
750 region_rec_diffs(3,160)        -0.0033799804     -3     3    1.7728256e-06
751 region_rec_diffs(3,161)        -1.94043e-05     -3     3    -1.170551e-07
752 region_rec_diffs(3,162)        -0.00035824225     -3     3    1.692549e-07
753 region_rec_diffs(3,163)        -0.0020956517     -3     3    9.0949619e-07
754 region_rec_diffs(3,164)        -0.0037020741     -3     3    8.6779428e-07
755 region_rec_diffs(3,165)        -0.00049558737     -3     3    -2.5319513e-08
756 region_rec_diffs(3,166)        2.1583422e-05     -3     3    -1.1941571e-07
757 region_rec_diffs(3,167)        -0.001045283     -3     3    6.4176005e-07
758 region_rec_diffs(3,168)        -5.7322284e-05     -3     3    1.1094373e-07
759 region_rec_diffs(3,169)        -0.0014612957     -3     3    -8.179466e-06
760 region_rec_diffs(3,170)        0.00055645076     -3     3    1.1953895e-08
761 region_rec_diffs(3,171)        4.3969475e-05     -3     3    2.8318915e-08
762 region_rec_diffs(3,172)        -0.00021883229     -3     3    -7.854422e-08
763 region_rec_diffs(3,173)        -0.00044953011     -3     3    -3.4809935e-07
764 region_rec_diffs(3,174)        -0.00010991243     -3     3    -8.1953913e-09
765 region_rec_diffs(3,175)        6.1048476e-06     -3     3    1.2995152e-07
766 region_rec_diffs(3,176)        0.00024238646     -3     3    -6.2808357e-08
767 region_rec_diffs(3,177)        -0.0023465527     -3     3    9.7050601e-07
768 region_rec_diffs(3,178)        -0.0068557852     -3     3    2.8076622e-06
769 region_rec_diffs(3,179)        -0.00076532041     -3     3    3.247384e-07
770 region_rec_diffs(3,180)        -0.0058462101     -3     3    1.9944101e-06
771 region_rec_diffs(3,181)        -0.0018364322     -3     3    2.8666634e-07
772 region_rec_diffs(3,182)        -0.00066623568     -3     3    2.3804559e-07
773 region_rec_diffs(3,183)        -0.00022714404     -3     3    8.1040939e-08
774 region_rec_diffs(3,184)        -0.0022271003     -3     3    7.2523816e-07
775 region_rec_diffs(3,185)        -0.00091103934     -3     3    1.1527381e-07
776 region_rec_diffs(3,186)        -0.0057092339     -3     3    2.0647303e-06
777 region_rec_diffs(3,187)        -0.001515482     -3     3    2.3037648e-07
778 region_rec_diffs(3,188)        -0.00056967108     -3     3    -1.204501e-07
779 region_rec_diffs(3,189)        -0.00027599317     -3     3    1.2709895e-07
780 region_rec_diffs(3,190)        -0.00034900605     -3     3    2.4960318e-07
781 region_rec_diffs(3,191)        -0.0026539294     -3     3    8.9839868e-07
782 region_rec_diffs(3,192)        -0.01022291     -3     3    3.9981634e-06
783 region_rec_diffs(3,193)        -0.0028962599     -3     3    8.270247e-07
784 region_rec_diffs(3,194)        -0.0089035414     -3     3    3.1287369e-06
785 region_rec_diffs(3,195)        0.00019010886     -3     3    -8.2764856e-08
786 region_rec_diffs(3,196)        0.00024226566     -3     3    -8.2666192e-08
787 region_rec_diffs(3,197)        -0.00025098735     -3     3    1.1179019e-07
788 region_rec_diffs(3,198)        0.00092779746     -3     3    -4.4641944e-07
789 region_rec_diffs(3,199)        0.00015792534     -3     3    -6.3414856e-10
790 region_rec_diffs(3,200)        -0.0018589405     -3     3    -2.2051369e-06
791 region_rec_diffs(3,201)        -0.0011763263     -3     3    -8.8841067e-08
792 region_rec_diffs(3,202)        -0.00084108383     -3     3    -3.8307322e-06
793 region_rec_diffs(3,203)        -0.00046375393     -3     3    2.3261528e-07
794 region_rec_diffs(3,204)        5.2991357e-05     -3     3    -4.0367805e-08
795 region_rec_diffs(3,205)        7.8863475e-06     -3     3    -1.4011167e-09
796 region_rec_diffs(3,206)        0.00046978565     -3     3    -2.2601834e-07
797 region_rec_diffs(3,207)        -4.2344825e-05     -3     3    -4.4777569e-08
798 region_rec_diffs(3,208)        -0.0020531711     -3     3    3.1844625e-07
799 region_rec_diffs(3,209)        -0.0020367813     -3     3    7.5772299e-07
800 region_rec_diffs(3,210)        -0.01322226     -3     3    4.4900263e-06
801 region_rec_diffs(3,211)        -0.0022270722     -3     3    1.2468913e-06
802 region_rec_diffs(3,212)        -0.0030412071     -3     3    -1.8904468e-07
803 region_rec_diffs(3,213)        -3.4608973e-05     -3     3    -4.4767695e-08
804 region_rec_diffs(3,214)        0.00084977767     -3     3    -3.8890041e-07
805 region_rec_diffs(3,215)        -8.5957693e-05     -3     3    1.676717e-07
806 region_rec_diffs(3,216)        0.0012794377     -3     3    -2.9836128e-07
807 region_rec_diffs(3,217)        -0.0019795807     -3     3    -1.1243857e-05
808 region_rec_diffs(3,218)        0.0004193015     -3     3    -5.7764892e-07
809 region_rec_diffs(3,219)        -0.00048219339     -3     3    -1.7862448e-08
810 region_rec_diffs(3,220)        0.00021423716     -3     3    9.5940779e-08
811 region_rec_diffs(3,221)        -0.0023566915     -3     3    6.3135462e-07
812 region_rec_diffs(3,222)        -0.0042116998     -3     3    8.737047e-07
813 region_rec_diffs(3,223)        -0.0020624545     -3     3    9.210153e-07
814 region_rec_diffs(3,224)        -0.0069741107     -3     3    2.8681648e-06
815 region_rec_diffs(3,225)        -7.3983527e-05     -3     3    -4.1367404e-08
816 region_rec_diffs(3,226)        -0.00033730337     -3     3    -1.3163925e-07
817 region_rec_diffs(3,227)        -0.00026412832     -3     3    1.0448489e-07
818 region_rec_diffs(3,228)        -0.0091090373     -3     3    3.3338735e-06
819 region_rec_diffs(3,229)        8.5935886e-05     -3     3    -7.9698835e-08
820 region_rec_diffs(3,230)        0.0015945168     -3     3    -5.1962578e-07
821 region_rec_diffs(3,231)        -0.0016355891     -3     3    3.9949733e-07
822 region_rec_diffs(3,232)        0.00066510159     -3     3    -7.5337423e-08
823 region_rec_diffs(3,233)        -0.00042126471     -3     3    -3.3102413e-07
824 region_rec_diffs(3,234)        0.0014113464     -3     3    -5.3529574e-07
825 region_rec_diffs(3,235)        0.00094916868     -3     3    -3.7766726e-07
826 region_rec_diffs(3,236)        -0.0023144485     -3     3    -7.3471368e-06
827 region_rec_diffs(3,237)        -0.0024135465     -3     3    -1.3168486e-05
828 region_rec_diffs(3,238)        -0.0011218739     -3     3    -2.1066645e-07
829 region_rec_diffs(3,239)        -0.00039867449     -3     3    3.330626e-07
830 region_rec_diffs(3,240)        -0.013048292     -3     3    5.001067e-06
831 region_rec_diffs(3,241)        -0.00026122202     -3     3    2.2466805e-07
832 region_rec_diffs(3,242)        -0.0038966529     -3     3    -2.2170293e-06
833 region_rec_diffs(3,243)        -0.00056413404     -3     3    3.5031583e-07
834 region_rec_diffs(3,244)        -0.00031786234     -3     3    -1.2037559e-06
835 region_rec_diffs(3,245)        -0.00084060238     -3     3    4.7047412e-07
836 region_rec_diffs(3,246)        -0.00224414     -3     3    8.8677867e-07
837 region_rec_diffs(3,247)        0.0014808981     -3     3    -2.0170118e-07
838 region_rec_diffs(3,248)        0.0012742678     -3     3    -3.8847441e-07
839 region_rec_diffs(3,249)        -0.00015771613     -3     3    5.0860153e-08
840 region_rec_diffs(3,250)        0.0011102834     -3     3    -3.9567945e-07
841 region_rec_diffs(3,251)        -0.00011666774     -3     3    1.3872663e-07
842 region_rec_diffs(3,252)        0.00041421683     -3     3    -1.9689714e-07
843 region_rec_diffs(3,253)        -0.00038197652     -3     3    8.9104551e-09
844 region_rec_diffs(3,254)        0.00012942856     -3     3    -3.0491981e-09
845 region_rec_diffs(3,255)        -0.00083474595     -3     3    5.8846879e-07
846 region_rec_diffs(3,256)        -0.0031117705     -3     3    8.1648958e-07
847 region_rec_diffs(3,257)        -0.0024615825     -3     3    8.2139599e-07
848 region_rec_diffs(3,258)        -0.0014950507     -3     3    7.7171286e-07
849 region_rec_diffs(3,259)        -0.00091687252     -3     3    1.5024845e-07
850 region_rec_diffs(3,260)        -0.0003657909     -3     3    1.414486e-07
851 region_rec_diffs(3,261)        -0.00043557773     -3     3    8.4127901e-08
852 region_rec_diffs(3,262)        -0.0017552938     -3     3    8.6856393e-07
853 region_rec_diffs(3,263)        -0.00076084625     -3     3    5.9170433e-07
854 region_rec_diffs(3,264)        0.00057085489     -3     3    -2.2469172e-07
855 region_rec_diffs(3,265)        -0.00010955619     -3     3    3.5662737e-07
856 region_rec_diffs(3,266)        -0.0014799807     -3     3    4.4451763e-07
857 region_rec_diffs(3,267)        -0.0002564486     -3     3    1.3184832e-07
858 region_rec_diffs(3,268)        0.0004377338     -3     3    -2.832909e-07
859 region_rec_diffs(3,269)        -0.00076036028     -3     3    4.0753352e-07
860 region_rec_diffs(3,270)        0.00066101938     -3     3    -2.2356838e-07
861 region_rec_diffs(3,271)        -0.0005225691     -3     3    3.1718803e-07
862 region_rec_diffs(3,272)        -0.00055514951     -3     3    2.4891464e-07
863 region_rec_diffs(3,273)        -0.0012189584     -3     3    4.9155067e-07
864 region_rec_diffs(3,274)        -0.016404556     -3     3    6.4907338e-06
865 region_rec_diffs(3,275)        7.3289239e-05     -3     3    1.3422132e-07
866 region_rec_diffs(3,276)        -9.5090734e-05     -3     3    1.6043983e-07
867 region_rec_diffs(3,277)        9.919038e-06     -3     3    8.4684099e-08
868 region_rec_diffs(3,278)        -4.4512401e-05     -3     3    1.5800343e-09
869 region_rec_diffs(3,279)        -7.128391e-05     -3     3    -7.3025442e-08
870 region_rec_diffs(4,1)        -1.7763568e-15     -3     3    -8.3358836e-15
871 region_rec_diffs(4,2)        -1.7776687     -3     3    -1.8465661e-05
872 region_rec_diffs(4,3)        -1.453624     -3     3    -4.8923847e-06
873 region_rec_diffs(4,4)        -1.1345167     -3     3    -3.7731424e-05
874 region_rec_diffs(4,5)        -1.64267     -3     3    3.056968e-05
875 region_rec_diffs(4,6)        -0.29818608     -3     3    3.830829e-05
876 region_rec_diffs(4,7)        -0.30600361     -3     3    4.553089e-06
877 region_rec_diffs(4,8)        -2.4872385     -3     3    -1.1808547e-05
878 region_rec_diffs(4,9)        -0.76677181     -3     3    3.2187278e-05
879 region_rec_diffs(4,10)        -0.41441     -3     3    3.5933417e-07
880 region_rec_diffs(4,11)        -0.19072666     -3     3    2.0595961e-05
881 region_rec_diffs(4,12)        -1.9352954     -3     3    -4.6489823e-06
882 region_rec_diffs(4,13)        -0.4028505     -3     3    -1.5940245e-05
883 region_rec_diffs(4,14)        -0.41132988     -3     3    -4.1287222e-05
884 region_rec_diffs(4,15)        0.083104408     -3     3    4.5319407e-07
885 region_rec_diffs(4,16)        0.40067892     -3     3    -3.9414527e-05
886 region_rec_diffs(4,17)        0.30821685     -3     3    -2.079297e-05
887 region_rec_diffs(4,18)        -1.0779983     -3     3    7.4390518e-05
888 region_rec_diffs(4,19)        -0.21255041     -3     3    -1.7066563e-06
889 region_rec_diffs(4,20)        -0.41162824     -3     3    -1.2253288e-05
890 region_rec_diffs(4,21)        -0.50496968     -3     3    1.867338e-05
891 region_rec_diffs(4,22)        -1.1407094     -3     3    2.2994405e-05
892 region_rec_diffs(4,23)        -0.28773877     -3     3    3.0111476e-06
893 region_rec_diffs(4,24)        -0.77578683     -3     3    -1.4492831e-05
894 region_rec_diffs(4,25)        -0.71598831     -3     3    1.6461038e-05
895 region_rec_diffs(4,26)        -1.1519371     -3     3    -2.0207042e-05
896 region_rec_diffs(4,27)        -0.093990292     -3     3    2.1815412e-05
897 region_rec_diffs(4,28)        -1.1384417     -3     3    -4.4782626e-05
898 region_rec_diffs(4,29)        -0.092849714     -3     3    1.9605204e-05
899 region_rec_diffs(4,30)        0.62513045     -3     3    -6.2967213e-05
900 region_rec_diffs(4,31)        0.14585657     -3     3    -1.5302987e-05
901 region_rec_diffs(4,32)        0.4198222     -3     3    -4.8499891e-05
902 region_rec_diffs(4,33)        1.0880907     -3     3    -5.7679205e-05
903 region_rec_diffs(4,34)        -0.23590332     -3     3    1.8220412e-05
904 region_rec_diffs(4,35)        -0.079010336     -3     3    1.9084546e-05
905 region_rec_diffs(4,36)        -0.072145394     -3     3    2.5733646e-05
906 region_rec_diffs(4,37)        -0.24172326     -3     3    -9.3610824e-05
907 region_rec_diffs(4,38)        0.38810818     -3     3    -1.6381445e-05
908 region_rec_diffs(4,39)        0.059625447     -3     3    1.7471931e-06
909 region_rec_diffs(4,40)        0.09981108     -3     3    -3.7759985e-06
910 region_rec_diffs(4,41)        0.17636437     -3     3    1.5221253e-05
911 region_rec_diffs(4,42)        -0.91910944     -3     3    1.1004813e-05
912 region_rec_diffs(4,43)        -0.032242501     -3     3    1.8768073e-05
913 region_rec_diffs(4,44)        -0.0052071605     -3     3    1.9499161e-05
914 region_rec_diffs(4,45)        -0.34103023     -3     3    2.3911367e-05
915 region_rec_diffs(4,46)        -0.07092436     -3     3    7.4405187e-05
916 region_rec_diffs(4,47)        -0.012389247     -3     3    -3.1975319e-05
917 region_rec_diffs(4,48)        1.1375357     -3     3    3.8555922e-05
918 region_rec_diffs(4,49)        0.4455792     -3     3    0.00014020563
919 region_rec_diffs(4,50)        0.028292902     -3     3    1.0319006e-05
920 region_rec_diffs(4,51)        -1.3519577     -3     3    1.5696745e-05
921 region_rec_diffs(4,52)        0.0066634806     -3     3    1.2132209e-05
922 region_rec_diffs(4,53)        0.32392828     -3     3    -2.8444272e-05
923 region_rec_diffs(4,54)        1.2660199     -3     3    9.1038702e-06
924 region_rec_diffs(4,55)        -0.052536882     -3     3    -7.0515141e-06
925 region_rec_diffs(4,56)        0.16594238     -3     3    -8.095219e-05
926 region_rec_diffs(4,57)        1.1395998     -3     3    -8.6106434e-05
927 region_rec_diffs(4,58)        -0.62198419     -3     3    -3.2534135e-05
928 region_rec_diffs(4,59)        -0.25283608     -3     3    3.2652273e-06
929 region_rec_diffs(4,60)        1.1810295     -3     3    0.0001379106
930 region_rec_diffs(4,61)        -0.53986993     -3     3    2.6761298e-05
931 region_rec_diffs(4,62)        -0.070470756     -3     3    -1.6236635e-05
932 region_rec_diffs(4,63)        -0.36655942     -3     3    -8.5088499e-06
933 region_rec_diffs(4,64)        0.35816119     -3     3    -1.6251991e-05
934 region_rec_diffs(4,65)        1.168967     -3     3    -0.00011121009
935 region_rec_diffs(4,66)        0.17256702     -3     3    2.5171659e-05
936 region_rec_diffs(4,67)        -0.56591558     -3     3    -3.9371836e-06
937 region_rec_diffs(4,68)        -1.0849736     -3     3    -2.3685291e-06
938 region_rec_diffs(4,69)        0.11603558     -3     3    -1.8126537e-06
939 region_rec_diffs(4,70)        1.1835694     -3     3    -6.2149012e-06
940 region_rec_diffs(4,71)        -0.20094747     -3     3    -7.4841883e-06
941 region_rec_diffs(4,72)        0.17518183     -3     3    -4.5677105e-05
942 region_rec_diffs(4,73)        0.51458429     -3     3    -0.00014194757
943 region_rec_diffs(4,74)        -0.52288469     -3     3    -2.4479316e-06
944 region_rec_diffs(4,75)        0.094868936     -3     3    1.0804388e-05
945 region_rec_diffs(4,76)        0.99706315     -3     3    7.273747e-06
946 region_rec_diffs(4,77)        1.2000021     -3     3    4.2195313e-05
947 region_rec_diffs(4,78)        -0.47108496     -3     3    -1.3715856e-05
948 region_rec_diffs(4,79)        -0.51611038     -3     3    -1.0850424e-06
949 region_rec_diffs(4,80)        -1.1141586     -3     3    -3.7859961e-05
950 region_rec_diffs(4,81)        -0.93226657     -3     3    -4.0238962e-06
951 region_rec_diffs(4,82)        -0.4655979     -3     3    -2.0382443e-06
952 region_rec_diffs(4,83)        0.32238569     -3     3    -0.0001162108
953 region_rec_diffs(4,84)        0.38597103     -3     3    -6.0210612e-05
954 region_rec_diffs(4,85)        1.3944531     -3     3    -2.5512865e-05
955 region_rec_diffs(4,86)        0.25614456     -3     3    -4.3955422e-06
956 region_rec_diffs(4,87)        -0.77095467     -3     3    -2.5729618e-05
957 region_rec_diffs(4,88)        1.6120036     -3     3    -1.7652877e-05
958 region_rec_diffs(4,89)        0.31825424     -3     3    -4.6603571e-05
959 region_rec_diffs(4,90)        0.30866704     -3     3    -4.5147703e-05
960 region_rec_diffs(4,91)        -0.08344147     -3     3    -1.5186049e-06
961 region_rec_diffs(4,92)        -0.55354878     -3     3    -3.9418171e-06
962 region_rec_diffs(4,93)        -0.064929036     -3     3    -1.0645188e-05
963 region_rec_diffs(4,94)        -1.8033281     -3     3    -1.9974122e-05
964 region_rec_diffs(4,95)        -0.063019661     -3     3    -3.8380677e-05
965 region_rec_diffs(4,96)        -0.0029851738     -3     3    8.3711874e-06
966 region_rec_diffs(4,97)        -0.11984007     -3     3    5.0134816e-06
967 region_rec_diffs(4,98)        -0.61397936     -3     3    2.5684212e-05
968 region_rec_diffs(4,99)        1.2747503     -3     3    -0.00023479188
969 region_rec_diffs(4,100)        0.48670864     -3     3    0.00018258255
970 region_rec_diffs(4,101)        0.68341425     -3     3    -3.5306348e-05
971 region_rec_diffs(4,102)        0.057245275     -3     3    -7.2313061e-06
972 region_rec_diffs(4,103)        -0.17961476     -3     3    -4.1413503e-06
973 region_rec_diffs(4,104)        0.60854156     -3     3    2.6493879e-05
974 region_rec_diffs(4,105)        -0.49274397     -3     3    -5.0730263e-06
975 region_rec_diffs(4,106)        -0.088744802     -3     3    -6.9426316e-06
976 region_rec_diffs(4,107)        -0.12615343     -3     3    -5.5697088e-06
977 region_rec_diffs(4,108)        -0.97477062     -3     3    9.0667456e-06
978 region_rec_diffs(4,109)        -0.13639623     -3     3    5.9577605e-05
979 region_rec_diffs(4,110)        0.060444424     -3     3    4.503178e-06
980 region_rec_diffs(4,111)        0.073714455     -3     3    -9.561441e-07
981 region_rec_diffs(4,112)        -0.41621047     -3     3    -3.4474726e-05
982 region_rec_diffs(4,113)        0.78738231     -3     3    3.5997738e-05
983 region_rec_diffs(4,114)        -0.11896021     -3     3    -1.6053847e-05
984 region_rec_diffs(4,115)        0.1051169     -3     3    1.1329295e-05
985 region_rec_diffs(4,116)        0.72873672     -3     3    -7.5359465e-05
986 region_rec_diffs(4,117)        -0.5765793     -3     3    -5.2108206e-06
987 region_rec_diffs(4,118)        0.22871939     -3     3    -2.8717768e-05
988 region_rec_diffs(4,119)        -0.84817359     -3     3    -3.0964969e-05
989 region_rec_diffs(4,120)        1.3750428     -3     3    4.127797e-06
990 region_rec_diffs(4,121)        -0.40111366     -3     3    7.7712911e-06
991 region_rec_diffs(4,122)        -1.1763859     -3     3    1.551132e-05
992 region_rec_diffs(4,123)        -0.096712215     -3     3    3.1993301e-05
993 region_rec_diffs(4,124)        0.9522038     -3     3    4.5622725e-05
994 region_rec_diffs(4,125)        0.9766155     -3     3    -0.00011844027
995 region_rec_diffs(4,126)        0.92457618     -3     3    8.2271992e-05
996 region_rec_diffs(4,127)        0.40634674     -3     3    0.00013086966
997 region_rec_diffs(4,128)        -0.21034122     -3     3    -2.9374887e-05
998 region_rec_diffs(4,129)        -0.66080168     -3     3    -8.5542813e-06
999 region_rec_diffs(4,130)        -0.088614308     -3     3    2.4528685e-05
1000 region_rec_diffs(4,131)        -0.0087882345     -3     3    -1.0201994e-05
1001 region_rec_diffs(4,132)        0.94172832     -3     3    -7.471589e-05
1002 region_rec_diffs(4,133)        -1.3569846     -3     3    -9.2378777e-06
1003 region_rec_diffs(4,134)        -0.7235761     -3     3    -3.1459553e-05
1004 region_rec_diffs(4,135)        -1.0130797     -3     3    5.3027931e-06
1005 region_rec_diffs(4,136)        -1.6727662     -3     3    6.5304604e-06
1006 region_rec_diffs(4,137)        -0.084055152     -3     3    1.7581809e-05
1007 region_rec_diffs(4,138)        0.48093288     -3     3    5.8893668e-05
1008 region_rec_diffs(4,139)        1.2812669     -3     3    0.00015126779
1009 region_rec_diffs(4,140)        -0.11581747     -3     3    8.1581697e-05
1010 region_rec_diffs(4,141)        -1.1910137     -3     3    2.5087331e-06
1011 region_rec_diffs(4,142)        -0.44162175     -3     3    1.3779298e-05
1012 region_rec_diffs(4,143)        0.51614806     -3     3    -9.1261884e-05
1013 region_rec_diffs(4,144)        -0.456688     -3     3    -5.2205274e-05
1014 region_rec_diffs(4,145)        -0.98963979     -3     3    -7.5075645e-05
1015 region_rec_diffs(4,146)        1.4393423     -3     3    3.8491305e-05
1016 region_rec_diffs(4,147)        1.5521089     -3     3    -6.4174479e-05
1017 region_rec_diffs(4,148)        -1.1204617     -3     3    2.2241237e-05
1018 region_rec_diffs(4,149)        -2.148344     -3     3    2.7149572e-05
1019 region_rec_diffs(4,150)        -1.174532     -3     3    4.9752828e-06
1020 region_rec_diffs(4,151)        1.4504533     -3     3    9.0470098e-05
1021 region_rec_diffs(4,152)        -2.9999981     -3     3    -6.9461146e-08   *************
1022 region_rec_diffs(4,153)        -2.9999996     -3     3    3.7105463e-06   *************
1023 region_rec_diffs(4,154)        1.1695414     -3     3    0.00030501155
1024 region_rec_diffs(4,155)        1.4233008     -3     3    0.00011450027
1025 region_rec_diffs(4,156)        -2.7218246     -3     3    -9.1002769e-05
1026 region_rec_diffs(4,157)        -0.94893454     -3     3    2.457614e-05
1027 region_rec_diffs(4,158)        0.46245925     -3     3    0.00032108024
1028 region_rec_diffs(4,159)        1.6533397     -3     3    0.00037675009
1029 region_rec_diffs(4,160)        0.66722229     -3     3    -7.0097955e-05
1030 region_rec_diffs(4,161)        0.14565314     -3     3    -0.0001118254
1031 region_rec_diffs(4,162)        1.5587447     -3     3    0.00011546949
1032 region_rec_diffs(4,163)        1.2052442     -3     3    -8.1701161e-06
1033 region_rec_diffs(4,164)        -2.4856127     -3     3    -3.2717689e-06
1034 region_rec_diffs(4,165)        -2.1807053     -3     3    -1.4037637e-05
1035 region_rec_diffs(4,166)        -0.0024132646     -3     3    -1.27801e-05
1036 region_rec_diffs(4,167)        1.5460319     -3     3    -5.134022e-05
1037 region_rec_diffs(4,168)        -0.74940414     -3     3    -2.9135575e-07
1038 region_rec_diffs(4,169)        -2.1746769     -3     3    2.5253655e-05
1039 region_rec_diffs(4,170)        0.89047831     -3     3    -0.00012146116
1040 region_rec_diffs(4,171)        1.297663     -3     3    -0.00011153204
1041 region_rec_diffs(4,172)        0.88998718     -3     3    -9.5660501e-05
1042 region_rec_diffs(4,173)        -1.481145     -3     3    -3.6975897e-05
1043 region_rec_diffs(4,174)        1.1472073     -3     3    -0.00032200389
1044 region_rec_diffs(4,175)        1.1782299     -3     3    -9.5423903e-05
1045 region_rec_diffs(4,176)        0.56862651     -3     3    -0.00015843578
1046 region_rec_diffs(4,177)        -2.9999972     -3     3    2.3471149e-05   *************
1047 region_rec_diffs(4,178)        0.27144658     -3     3    -3.7351413e-05
1048 region_rec_diffs(4,179)        1.3370654     -3     3    3.6462072e-05
1049 region_rec_diffs(4,180)        -2.3472476     -3     3    -5.8460458e-05
1050 region_rec_diffs(4,181)        -2.9999987     -3     3    -2.2602229e-06   *************
1051 region_rec_diffs(4,182)        -0.40185084     -3     3    -2.6519079e-05
1052 region_rec_diffs(4,183)        1.0401674     -3     3    -8.6431715e-05
1053 region_rec_diffs(4,184)        0.99321449     -3     3    3.7986328e-06
1054 region_rec_diffs(4,185)        -2.7020194     -3     3    4.7647604e-05
1055 region_rec_diffs(4,186)        1.1173448     -3     3    -5.2046384e-05
1056 region_rec_diffs(4,187)        1.4941789     -3     3    2.3175268e-05
1057 region_rec_diffs(4,188)        -0.69061346     -3     3    -4.271346e-05
1058 region_rec_diffs(4,189)        -1.7652741     -3     3    1.6828067e-05
1059 region_rec_diffs(4,190)        -1.6960781     -3     3    -2.0190386e-06
1060 region_rec_diffs(4,191)        1.5364066     -3     3    -0.00014866444
1061 region_rec_diffs(4,192)        0.028819269     -3     3    0.00022944395
1062 region_rec_diffs(4,193)        -2.9999996     -3     3    6.5327764e-08   *************
1063 region_rec_diffs(4,194)        0.23271311     -3     3    -9.0032302e-06
1064 region_rec_diffs(4,195)        1.3895493     -3     3    -2.9111703e-05
1065 region_rec_diffs(4,196)        1.276668     -3     3    3.8033297e-05
1066 region_rec_diffs(4,197)        -1.7711098     -3     3    4.1741662e-05
1067 region_rec_diffs(4,198)        0.33505663     -3     3    -0.00011766069
1068 region_rec_diffs(4,199)        1.6301055     -3     3    -6.1232084e-07
1069 region_rec_diffs(4,200)        0.85208668     -3     3    -0.00012818573
1070 region_rec_diffs(4,201)        -2.7478371     -3     3    -1.8283568e-05
1071 region_rec_diffs(4,202)        -0.84350745     -3     3    -1.5025227e-05
1072 region_rec_diffs(4,203)        1.5347291     -3     3    -3.2995913e-05
1073 region_rec_diffs(4,204)        0.18360266     -3     3    7.1353641e-05
1074 region_rec_diffs(4,205)        0.94457182     -3     3    -0.00019047754
1075 region_rec_diffs(4,206)        -0.17788151     -3     3    9.7883892e-05
1076 region_rec_diffs(4,207)        1.1628519     -3     3    0.00016890284
1077 region_rec_diffs(4,208)        0.75591006     -3     3    -9.1054853e-05
1078 region_rec_diffs(4,209)        -2.9999994     -3     3    9.3490386e-07   *************
1079 region_rec_diffs(4,210)        -2.2844088     -3     3    -2.3736415e-05
1080 region_rec_diffs(4,211)        1.6792823     -3     3    6.7868548e-06
1081 region_rec_diffs(4,212)        1.0839749     -3     3    0.00014806631
1082 region_rec_diffs(4,213)        0.521497     -3     3    1.0000063e-05
1083 region_rec_diffs(4,214)        0.48651168     -3     3    2.855003e-06
1084 region_rec_diffs(4,215)        1.4488184     -3     3    0.00010320319
1085 region_rec_diffs(4,216)        1.0036681     -3     3    0.0001825356
1086 region_rec_diffs(4,217)        -2.3316501     -3     3    7.5423766e-06
1087 region_rec_diffs(4,218)        0.41955847     -3     3    3.0328497e-05
1088 region_rec_diffs(4,219)        1.4184157     -3     3    8.4648962e-07
1089 region_rec_diffs(4,220)        1.1105187     -3     3    0.00024573182
1090 region_rec_diffs(4,221)        -2.9999994     -3     3    2.2068033e-07   *************
1091 region_rec_diffs(4,222)        -0.17349444     -3     3    -0.0001073618
1092 region_rec_diffs(4,223)        1.4593465     -3     3    -0.00013333154
1093 region_rec_diffs(4,224)        0.39747952     -3     3    -0.00011060689
1094 region_rec_diffs(4,225)        -0.89967309     -3     3    9.7009827e-06
1095 region_rec_diffs(4,226)        -0.21495964     -3     3    1.6245509e-05
1096 region_rec_diffs(4,227)        1.3873242     -3     3    7.5127087e-05
1097 region_rec_diffs(4,228)        1.2148175     -3     3    5.4573059e-05
1098 region_rec_diffs(4,229)        -1.2342762     -3     3    -2.0457691e-05
1099 region_rec_diffs(4,230)        0.060434169     -3     3    -2.2580007e-05
1100 region_rec_diffs(4,231)        1.4912294     -3     3    -1.4049962e-05
1101 region_rec_diffs(4,232)        0.26688257     -3     3    4.1679165e-05
1102 region_rec_diffs(4,233)        -1.8228885     -3     3    3.6472266e-05
1103 region_rec_diffs(4,234)        0.75626278     -3     3    7.9692025e-06
1104 region_rec_diffs(4,235)        1.514251     -3     3    0.00013428719
1105 region_rec_diffs(4,236)        1.1501219     -3     3    -2.5456333e-05
1106 region_rec_diffs(4,237)        -2.5437372     -3     3    3.195729e-05
1107 region_rec_diffs(4,238)        0.011004803     -3     3    -9.350043e-05
1108 region_rec_diffs(4,239)        1.3450646     -3     3    6.6052929e-05
1109 region_rec_diffs(4,240)        1.3429251     -3     3    -0.00011662025
1110 region_rec_diffs(4,241)        -2.1723957     -3     3    -3.7458781e-05
1111 region_rec_diffs(4,242)        -0.78863421     -3     3    1.5846936e-05
1112 region_rec_diffs(4,243)        1.0457604     -3     3    7.7550827e-05
1113 region_rec_diffs(4,244)        0.47615651     -3     3    -0.00012517331
1114 region_rec_diffs(4,245)        -1.1022087     -3     3    -4.6338363e-05
1115 region_rec_diffs(4,246)        0.11929305     -3     3    0.0001045563
1116 region_rec_diffs(4,247)        1.2819391     -3     3    -2.7472171e-05
1117 region_rec_diffs(4,248)        0.84703071     -3     3    9.0369433e-06
1118 region_rec_diffs(4,249)        -0.87204338     -3     3    5.7005543e-06
1119 region_rec_diffs(4,250)        0.032074145     -3     3    3.8376914e-05
1120 region_rec_diffs(4,251)        1.2515596     -3     3    -7.0371623e-05
1121 region_rec_diffs(4,252)        0.43493301     -3     3    -7.2643903e-05
1122 region_rec_diffs(4,253)        -1.808873     -3     3    -4.222829e-05
1123 region_rec_diffs(4,254)        0.75631653     -3     3    0.00014014664
1124 region_rec_diffs(4,255)        1.3341869     -3     3    -9.1604473e-05
1125 region_rec_diffs(4,256)        0.10682671     -3     3    0.00013217868
1126 region_rec_diffs(4,257)        -2.9999995     -3     3    -2.1325976e-08   *************
1127 region_rec_diffs(4,258)        0.36941944     -3     3    1.8995804e-05
1128 region_rec_diffs(4,259)        0.86417824     -3     3    -1.7340912e-05
1129 region_rec_diffs(4,260)        0.44488226     -3     3    2.1655351e-05
1130 region_rec_diffs(4,261)        -2.1367688     -3     3    4.0935608e-05
1131 region_rec_diffs(4,262)        -2.0532178     -3     3    -3.8001495e-05
1132 region_rec_diffs(4,263)        1.4001438     -3     3    4.8495409e-05
1133 region_rec_diffs(4,264)        0.85899542     -3     3    5.7844339e-05
1134 region_rec_diffs(4,265)        -1.0714633     -3     3    6.3368691e-06
1135 region_rec_diffs(4,266)        -0.83151755     -3     3    8.5563285e-06
1136 region_rec_diffs(4,267)        1.1877774     -3     3    0.00019121741
1137 region_rec_diffs(4,268)        0.85082167     -3     3    -8.6789212e-05
1138 region_rec_diffs(4,269)        -2.4677915     -3     3    -1.2106084e-05
1139 region_rec_diffs(4,270)        0.5864148     -3     3    -6.7742833e-07
1140 region_rec_diffs(4,271)        1.4070953     -3     3    -8.4156019e-07
1141 region_rec_diffs(4,272)        0.38658255     -3     3    8.687005e-05
1142 region_rec_diffs(4,273)        -2.7800744     -3     3    5.8626957e-05
1143 region_rec_diffs(4,274)        1.4001002     -3     3    2.3022688e-05
1144 region_rec_diffs(4,275)        0.85108907     -3     3    6.2887427e-05
1145 region_rec_diffs(4,276)        0.25836287     -3     3    4.1183842e-05
1146 region_rec_diffs(4,277)        -0.14384711     -3     3    -3.3189197e-05
1147 region_rec_diffs(4,278)        0.19707579     -3     3    -4.8573736e-05
1148 region_rec_diffs(4,279)        0.86908743     -3     3    0.00029188027
1149 bs_selcoff_gp:1(1,1,1,1)        -9.6193619     -20     7    -1.2933239e-05
1150 bs_selcoff_gp:1(1,1,1,2)        -2.5995     -20     7    5.4186112e-05
1151 bs_selcoff_gp:1(1,1,1,3)        0.83228779     -20     7    3.8842296e-05
1152 bs_selcoff_gp:1(1,1,1,4)        0.48677419     -20     7    -6.8798333e-06
1153 bs_selcoff_gp:2(2,1,1,1)        -5.5807718     -20     7    5.1527667e-05
1154 bs_selcoff_gp:2(2,1,1,2)        -1.4031185     -20     7    -0.00013838482
1155 bs_selcoff_gp:2(2,1,1,3)        0.57017931     -20     7    5.3497488e-06
1156 bs_selcoff_gp:2(2,1,1,4)        0.68401011     -20     7    5.9488436e-06
1157 bs_selcoff_gp:3(3,1,1,1)        -12.156563     -20     7    -9.301844e-05
1158 bs_selcoff_gp:3(3,1,1,2)        -3.4724602     -20     7    -9.4717708e-06
1159 bs_selcoff_gp:3(3,1,1,3)        0.78775073     -20     7    -2.3413009e-05
1160 bs_selcoff_gp:3(3,1,1,4)        0.57125809     -20     7    -1.7462476e-05
1161 bs_selcoff_gp:4(4,1,1,1)        -4.6979901     -20     7    2.5471041e-05
1162 bs_selcoff_gp:4(4,1,1,2)        -1.5486335     -20     7    9.5778261e-05
1163 bs_selcoff_gp:4(4,1,1,3)        0.90589823     -20     7    -8.5653235e-06
1164 bs_selcoff_gp:4(4,1,1,4)        0.2656029     -20     7    0.00010051607
1165 bs_selcoff_gp:5(5,1,1,1)        -5.5618958     -20     7    -7.7135478e-06
1166 bs_selcoff_gp:5(5,1,1,2)        -1.854563     -20     7    -6.5415349e-07
1167 bs_selcoff_gp:5(5,1,1,3)        0.82984556     -20     7    0.00010366301
1168 bs_selcoff_gp:5(5,1,1,4)        0.43610533     -20     7    -0.00010691229
1169 bs_selcoff_gp:6(6,1,1,1)        -5.2067229     -20     7    -9.5569716e-06
1170 bs_selcoff_gp:6(6,1,1,2)        -1.3292102     -20     7    -6.1180971e-05
1171 bs_selcoff_gp:6(6,1,1,3)        0.87693662     -20     7    -5.3428004e-07
1172 bs_selcoff_gp:6(6,1,1,4)        0.28239286     -20     7    -1.6324745e-05
1173 bs_selcoff_gp:7(7,1,1,1)        -5.3795783     -20     7    -4.5968278e-05
1174 bs_selcoff_gp:7(7,1,1,2)        -1.674763     -20     7    2.1094504e-05
1175 bs_selcoff_gp:7(7,1,1,3)        0.92930167     -20     7    -9.3931106e-06
1176 bs_selcoff_gp:7(7,1,1,4)        0.24317881     -20     7    8.9369308e-06
1177 bs_selcoff_gp:8(8,1,1,1)        -5.4512486     -20     7    -7.752815e-06
1178 bs_selcoff_gp:8(8,1,1,2)        -4.3022607     -20     7    -6.2568705e-05
1179 bs_selcoff_gp:8(8,1,1,3)        0.85714184     -20     7    -1.533435e-05
1180 bs_selcoff_gp:8(8,1,1,4)        0.48596193     -20     7    -7.7608467e-05
1181 bs_selcoff_gp:9(9,1,1,1)        -9.2384358     -20     7    -3.7708484e-05
1182 bs_selcoff_gp:9(9,1,1,2)        -5.9300362     -20     7    4.557583e-05
1183 bs_selcoff_gp:9(9,1,1,3)        0.12515177     -20     7    -0.00011819357
1184 bs_selcoff_gp:9(9,1,1,4)        1.0521889     -20     7    1.122344e-05
1185 bs_selcoff_gp:10(10,1,1,1)        -4.281421     -20     7    -0.00013324678
1186 bs_selcoff_gp:10(10,1,1,2)        -0.52865137     -20     7    -0.00011304444
1187 bs_selcoff_gp:10(10,1,1,3)        0.61506847     -20     7    -6.2009081e-05
1188 bs_selcoff_gp:10(10,1,1,4)        0.43627952     -20     7    -0.00019809948
1189 bs_selcoff_gp:11(11,1,1,1)        -8.3472896     -20     7    0.00011004984
1190 bs_selcoff_gp:11(11,1,1,2)        -3.3967213     -20     7    -1.8535462e-05
1191 bs_selcoff_gp:11(11,1,1,3)        1.2265317     -20     7    3.8280372e-06
1192 bs_selcoff_gp:11(11,1,1,4)        -0.58534405     -20     7    8.9627374e-05
1193 bs_selcoff_gp:12(12,1,1,1)        -11.053453     -20     7    2.1195766e-05
1194 bs_selcoff_gp:12(12,1,1,2)        -4.2773998     -20     7    -1.3976784e-05
1195 bs_selcoff_gp:12(12,1,1,3)        1.0216533     -20     7    -3.6481488e-05
1196 bs_selcoff_gp:12(12,1,1,4)        0.18923399     -20     7    6.3213865e-05
1197 bs_selcoff_gp:13(13,1,1,1)        0.19769417     -20     7    0.00012584963
1198 bs_selcoff_gp:13(13,1,1,2)        1.0021088     -20     7    -4.2740354e-05
1199 bs_selcoff_gp:13(13,1,1,3)        -3.3815845     -20     7    6.8041131e-05
1200 bs_selcoff_gp:13(13,1,1,4)        -3.7547666     -20     7    3.2649074e-05
1201 bs_selcoff_gp:14(14,1,1,1)        0.37266029     -20     7    6.8012972e-05
1202 bs_selcoff_gp:14(14,1,1,2)        0.87546983     -20     7    -4.9410674e-05
1203 bs_selcoff_gp:14(14,1,1,3)        -2.0028302     -20     7    -5.3853925e-05
1204 bs_selcoff_gp:14(14,1,1,4)        -4.3087894     -20     7    -1.3914359e-06
1205 bs_selcoff_gp:15(15,1,1,1)        0.14496864     -20     7    8.5422187e-05
1206 bs_selcoff_gp:15(15,1,1,2)        1.0061953     -20     7    -3.3574698e-05
1207 bs_selcoff_gp:15(15,1,1,3)        -2.4026825     -20     7    -6.3941436e-05
1208 bs_selcoff_gp:15(15,1,1,4)        -3.9983219     -20     7    3.1944693e-06
1209 bs_selcoff_gp:16(16,1,1,1)        -0.96909242     -20     7    8.9369411e-05
1210 bs_selcoff_gp:16(16,1,1,2)        1.2453183     -20     7    -1.0316259e-05
1211 bs_selcoff_gp:16(16,1,1,3)        -1.96209     -20     7    -4.7713022e-05
1212 bs_selcoff_gp:16(16,1,1,4)        -5.121392     -20     7    -3.8547635e-05
1213 bs_selcoff_gp:17(17,1,1,1)        0.08143921     -20     7    -4.8375004e-06
1214 bs_selcoff_gp:17(17,1,1,2)        1.0337411     -20     7    6.3755902e-05
1215 bs_selcoff_gp:17(17,1,1,3)        -2.2981162     -20     7    -7.3250277e-05
1216 bs_selcoff_gp:17(17,1,1,4)        -5.7634342     -20     7    6.325931e-06
1217 bs_selcoff_gp:18(18,1,1,1)        -0.54246787     -20     7    1.179456e-06
1218 bs_selcoff_gp:18(18,1,1,2)        1.1918303     -20     7    -1.8573809e-06
1219 bs_selcoff_gp:18(18,1,1,3)        -2.1997134     -20     7    7.51204e-06
1220 bs_selcoff_gp:18(18,1,1,4)        -4.2163604     -20     7    1.5320985e-05
1221 bs_selcoff_gp:19(19,1,1,1)        0.26471861     -20     7    7.5218161e-05
1222 bs_selcoff_gp:19(19,1,1,2)        0.90346535     -20     7    -5.0858495e-06
1223 bs_selcoff_gp:19(19,1,1,3)        -1.5144728     -20     7    9.4618519e-06
1224 bs_selcoff_gp:19(19,1,1,4)        -4.7236581     -20     7    3.8761142e-05
1225 bs_selcoff_gp:20(20,1,1,1)        -2.1036271     -20     7    -2.7855579e-05
1226 bs_selcoff_gp:20(20,1,1,2)        -0.44025094     -20     7    -2.6634877e-05
1227 bs_selcoff_gp:20(20,1,1,3)        -0.61927099     -20     7    0.00010440989
1228 bs_selcoff_gp:20(20,1,1,4)        0.99168597     -20     7    -4.4740061e-05
1229 bs_selcoff_gp:21(21,1,1,1)        -0.10256543     -20     7    4.6217496e-05
1230 bs_selcoff_gp:21(21,1,1,2)        1.0931703     -20     7    -6.5267353e-06
1231 bs_selcoff_gp:21(21,1,1,3)        -2.1956632     -20     7    8.1963355e-05
1232 bs_selcoff_gp:21(21,1,1,4)        -5.9959918     -20     7    -1.3944172e-05
1233 bs_selcoff_gp:22(22,1,1,1)        -3.1868921     -20     7    -2.4346928e-05
1234 bs_selcoff_gp:22(22,1,1,2)        1.3023198     -20     7    1.7901877e-06
1235 bs_selcoff_gp:22(22,1,1,3)        -1.334782     -20     7    4.4418013e-05
1236 bs_selcoff_gp:22(22,1,1,4)        -4.035948     -20     7    8.1129291e-06
1237 bs_selcoff_gp:23(23,1,1,1)        -4.363817     -20     7    5.9916073e-05
1238 bs_selcoff_gp:23(23,1,1,2)        1.3748105     -20     7    2.3437436e-06
1239 bs_selcoff_gp:23(23,1,1,3)        -3.4132942     -20     7    1.6853442e-05
1240 bs_selcoff_gp:23(23,1,1,4)        -17.501975     -20     7    -0.00011131964
1241 bs_selcoff_gp:24(24,1,1,1)        -4.0686208     -20     7    2.1806069e-05
1242 bs_selcoff_gp:24(24,1,1,2)        0.81177651     -20     7    2.42572e-05
1243 bs_selcoff_gp:24(24,1,1,3)        0.5485734     -20     7    2.5584998e-05
1244 bs_selcoff_gp:24(24,1,1,4)        -8.4185207     -20     7    1.2169172e-05
1245 bs_selcoff_gp:25(25,1,1,1)        -19.307084     -20     7    9.5711444e-05
1246 bs_selcoff_gp:25(25,1,1,2)        1.3862987     -20     7    -2.3997931e-05
1247 bs_selcoff_gp:25(25,1,1,3)        -14.912568     -20     7    -0.00011049217
1248 bs_selcoff_gp:25(25,1,1,4)        -11.835783     -20     7    0.00012124639
1249 bs_selcoff_gp:26(26,1,1,1)        -1.2140979     -20     7    -7.2419414e-05
1250 bs_selcoff_gp:26(26,1,1,2)        1.3024634     -20     7    4.3120894e-06
1251 bs_selcoff_gp:26(26,1,1,3)        -3.7674515     -20     7    2.1210674e-05
1252 bs_selcoff_gp:26(26,1,1,4)        -6.4655545     -20     7    -3.870455e-05
1253 bs_selcoff_gp:27(27,1,1,1)        -2.4052089     -20     7    -2.2575751e-06
1254 bs_selcoff_gp:27(27,1,1,2)        1.3576092     -20     7    2.8176919e-05
1255 bs_selcoff_gp:27(27,1,1,3)        -3.8328397     -20     7    -3.3453987e-05
1256 bs_selcoff_gp:27(27,1,1,4)        -6.7111954     -20     7    1.7086621e-05
1257 bs_selcoff_gp:28(28,1,1,1)        -2.9702832     -20     7    4.5484086e-05
1258 bs_selcoff_gp:28(28,1,1,2)        1.3739355     -20     7    1.8716543e-05
1259 bs_selcoff_gp:28(28,1,1,3)        -20     -20     7    -1.1450451e-06   *************
1260 bs_selcoff_gp:28(28,1,1,4)        -8.0146104     -20     7    -2.9815467e-05
1261 bs_selcoff_gp:29(29,1,1,1)        -8.8255542     -20     7    1.2542706e-05
1262 bs_selcoff_gp:29(29,1,1,2)        -3.0165998     -20     7    -5.3386311e-05
1263 bs_selcoff_gp:29(29,1,1,3)        0.83756674     -20     7    5.8431216e-06
1264 bs_selcoff_gp:29(29,1,1,4)        0.49478588     -20     7    -9.5879165e-06
1265 recr(2)        0.86058109     -20     20    -0.00016744148
1266 recr(3)        0.8233456     -20     20    0.00023934384
1267 recr(4)        0.84913555     -20     20    -0.00019759328
1268 recr(5)        0.86085609     -20     20    0.00018544893
1269 recr(6)        -2.0561503     -20     20    -1.2476348e-05
1270 recr(7)        -1.8729636     -20     20    8.1862498e-06
1271 recr(8)        2.3118998     -20     20    3.8438144e-05
1272 recr(9)        -0.36273586     -20     20    -1.3253314e-05
1273 recr(10)        -1.0923845     -20     20    -5.0056129e-06
1274 recr(11)        -1.8148359     -20     20    2.9865281e-05
1275 recr(12)        2.3571163     -20     20    -7.393614e-06
1276 recr(13)        -0.090255451     -20     20    -1.6271418e-05
1277 recr(14)        2.069747     -20     20    -7.2669589e-05
1278 recr(15)        -1.632226     -20     20    1.656038e-05
1279 recr(16)        -1.0388303     -20     20    -2.3358741e-05
1280 recr(17)        -0.19542855     -20     20    -2.8865474e-05
1281 recr(18)        1.9252307     -20     20    -1.5057158e-05
1282 recr(19)        -1.2624515     -20     20    -6.2254849e-06
1283 recr(20)        -0.46808011     -20     20    -1.6989693e-05
1284 recr(21)        0.39245686     -20     20    -5.1991256e-05
1285 recr(22)        1.2815372     -20     20    -0.00012357172
1286 recr(23)        -1.2918135     -20     20    -2.6263514e-05
1287 recr(24)        0.1203428     -20     20    4.6272552e-05
1288 recr(25)        0.20934899     -20     20    5.611198e-06
1289 recr(26)        1.4320017     -20     20    0.00010374899
1290 recr(27)        -1.4689827     -20     20    -1.8038167e-06
1291 recr(28)        2.2107132     -20     20    -7.1411351e-05
1292 recr(29)        0.23619848     -20     20    4.0679226e-05
1293 recr(30)        0.25196947     -20     20    6.498813e-05
1294 recr(31)        -2.2679174     -20     20    9.1552274e-06
1295 recr(32)        -1.65697     -20     20    -4.6880841e-06
1296 recr(33)        -0.42665667     -20     20    -2.90994e-05
1297 recr(34)        1.7352755     -20     20    3.9709439e-05
1298 recr(35)        -2.3436154     -20     20    -3.4691647e-06
1299 recr(36)        -2.3367916     -20     20    -1.82997e-05
1300 recr(37)        1.8468311     -20     20    0.00022054565
1301 recr(38)        -0.709935     -20     20    2.8956361e-05
1302 recr(39)        -2.8436635     -20     20    2.778338e-06
1303 recr(40)        -2.4639974     -20     20    1.2849039e-05
1304 recr(41)        0.96001555     -20     20    -6.6803213e-05
1305 recr(42)        1.3787971     -20     20    2.488327e-05
1306 recr(43)        -2.1988435     -20     20    -1.268619e-06
1307 recr(44)        -1.0649281     -20     20    3.5128768e-05
1308 recr(45)        1.4056347     -20     20    -1.0829963e-05
1309 recr(46)        -1.2216855     -20     20    -1.2160772e-05
1310 recr(47)        -1.4302495     -20     20    -3.1202869e-05
1311 recr(48)        0.23846805     -20     20    -6.3955839e-05
1312 recr(49)        1.5887095     -20     20    -5.3873544e-05
1313 recr(50)        -2.31358     -20     20    8.6587929e-06
1314 recr(51)        0.39597247     -20     20    4.7232044e-05
1315 recr(52)        -1.8386797     -20     20    -5.6474537e-06
1316 recr(53)        0.9301535     -20     20    6.0196563e-06
1317 recr(54)        0.41510361     -20     20    -0.00012951869
1318 recr(55)        -0.32274719     -20     20    -5.2028321e-05
1319 recr(56)        -1.0926321     -20     20    -3.0356105e-05
1320 recr(57)        0.037868917     -20     20    -3.3797742e-05
1321 recr(58)        1.3839423     -20     20    1.7952847e-05
1322 recr(59)        -0.37745877     -20     20    -6.5629043e-06
1323 recr(60)        0.80754852     -20     20    -2.7128709e-05
1324 recr(61)        1.4219546     -20     20    -0.00015881802
1325 recr(62)        -1.799159     -20     20    -1.1258505e-05
1326 recr(63)        -1.1477306     -20     20    -5.0590678e-06
1327 recr(64)        -0.50255787     -20     20    -2.3116601e-06
1328 recr(65)        0.86259243     -20     20    -9.576547e-05
1329 recr(66)        -2.1448787     -20     20    -5.730651e-06
1330 recr(67)        -0.84461562     -20     20    -6.6840515e-05
1331 recr(68)        0.8327916     -20     20    -0.00014852011
1332 recr(69)        -0.25463209     -20     20    8.534048e-07
1333 recr(70)        0.94566929     -20     20    1.3671049e-05
1334 recr(71)        -0.83519597     -20     20    2.5813097e-06
1335 recr(72)        0.28352436     -20     20    9.5812203e-05
1336 recr(73)        1.7168262     -20     20    -8.4488674e-06
1337 recr(74)        -0.35555998     -20     20    -1.0300172e-05
1338 recr(75)        -2.7481937     -20     20    4.2575109e-06
1339 recr(76)        -0.23812092     -20     20    -8.169104e-05
1340 recr(77)        -0.016217951     -20     20    -0.00010882358
1341 recr(78)        -1.6852359     -20     20    -2.0557261e-06
1342 recr(79)        -2.8859612     -20     20    2.1994139e-05
1343 recr(80)        1.29991     -20     20    4.263784e-05
1344 recr(81)        0.38510623     -20     20    1.9441923e-05
1345 recr(82)        -1.0720283     -20     20    1.4382555e-05
1346 recr(83)        0.70653192     -20     20    1.2397048e-06
1347 recr(84)        0.50782756     -20     20    9.0692145e-05
1348 recr(85)        0.98291456     -20     20    1.469876e-05
1349 recr(86)        -2.9756423     -20     20    6.6710335e-07
1350 recr(87)        0.50194001     -20     20    5.5946532e-05
1351 recr(88)        1.1817556     -20     20    -0.00011449164
1352 recr(89)        -0.44837127     -20     20    -5.3992904e-05
1353 recr(90)        -2.4291     -20     20    3.1359447e-05
1354 recr(91)        -0.38893672     -20     20    -4.4000698e-05
1355 recr(92)        0.4601782     -20     20    -5.4111347e-05
1356 recr(93)        -2.0393131     -20     20    6.6484329e-07
1357 recr(94)        2.1075779     -20     20    1.7157874e-05
1358 recr(95)        0.34338759     -20     20    3.179316e-05
1359 recr(96)        0.014105053     -20     20    -5.944671e-05
1360 recr(97)        -1.0450857     -20     20    -2.9742685e-05
1361 recr(98)        -1.6735086     -20     20    3.6148219e-05
1362 recr(99)        -0.45456368     -20     20    -2.0484232e-05
1363 recr(100)        1.1252316     -20     20    -9.1943184e-05
1364 recr(101)        0.81717381     -20     20    -6.354931e-05
1365 recr(102)        -3.432727     -20     20    1.7515221e-05
1366 recr(103)        -1.2965363     -20     20    9.3397187e-08
1367 recr(104)        1.7713424     -20     20    3.0313725e-05
1368 recr(105)        -1.2892663     -20     20    -7.1404949e-06
1369 recr(106)        -3.8845978     -20     20    1.1915454e-05
1370 recr(107)        -3.2066783     -20     20    1.0690878e-05
1371 recr(108)        0.57206261     -20     20    -0.00022720195
1372 recr(109)        0.34049869     -20     20    -0.00018880828
1373 recr(110)        -2.9546974     -20     20    6.8980859e-06
1374 recr(111)        -3.2927704     -20     20    1.0410525e-05
1375 recr(112)        0.71886707     -20     20    5.8926099e-05
1376 recr(113)        1.2985985     -20     20    0.00017701441
1377 recr(114)        -1.212364     -20     20    1.4659488e-05
1378 recr(115)        -1.5972527     -20     20    1.437477e-05
1379 recr(116)        0.66264897     -20     20    7.1557357e-05
1380 recr(117)        0.71380969     -20     20    7.7881615e-05
1381 recr(118)        -2.1111103     -20     20    1.6836012e-05
1382 recr(119)        0.5220538     -20     20    2.4880296e-05
1383 recr(120)        0.86137499     -20     20    -0.00019167227
1384 recr(121)        0.99629328     -20     20    -0.00011158655
1385 recr(122)        0.5475638     -20     20    -4.3314617e-05
1386 recr(123)        -1.1664043     -20     20    2.1026056e-05
1387 recr(124)        1.0044967     -20     20    0.00010674358
1388 recr(125)        -0.93742695     -20     20    -1.9120932e-05
1389 recr(126)        0.41635651     -20     20    7.5792252e-05
1390 recr(127)        -0.70822762     -20     20    -8.2383105e-05
1391 recr(128)        0.83483438     -20     20    -5.5531004e-05
1392 recr(129)        0.013424426     -20     20    0.00010875172
1393 recr(130)        -1.3908633     -20     20    -3.9036858e-05
1394 recr(131)        -0.45694979     -20     20    -1.3538623e-05
1395 recr(132)        0.76807525     -20     20    -0.00017663977
1396 recr(133)        1.4018887     -20     20    5.1334473e-05
1397 recr(134)        -0.60654079     -20     20    3.7801073e-05
1398 recr(135)        0.16188149     -20     20    4.3224756e-05
1399 recr(136)        1.3680905     -20     20    -7.3333031e-05
1400 recr(137)        -1.3265471     -20     20    -2.7949566e-05
1401 recr(138)        -2.3160073     -20     20    -1.757064e-05
1402 recr(139)        -0.87805267     -20     20    -1.8446282e-05
1403 recr(140)        0.76402591     -20     20    -0.00019460661
1404 recr(141)        0.97207388     -20     20    5.5944646e-05
1405 recr(142)        -1.5978826     -20     20    -1.128167e-05
1406 recr(143)        -0.18263137     -20     20    -1.5280956e-05
1407 recr(144)        1.0869775     -20     20    0.00029168728
1408 recr(145)        1.6698539     -20     20    -1.7187066e-05
1409 recr(146)        -0.83310271     -20     20    1.8791599e-05
1410 recr(147)        -0.35694862     -20     20    -0.0001359021
1411 recr(148)        1.2328235     -20     20    2.0593994e-06
1412 recr(149)        -0.46447362     -20     20    3.7797981e-05
1413 recr(150)        -0.93041498     -20     20    2.1012208e-05
1414 recr(151)        0.36810152     -20     20    -0.00011796695
1415 recr(152)        0.88681343     -20     20    -0.00020346579
1416 recr(153)        0.80893772     -20     20    0.00011970492
1417 recr(154)        -0.023862631     -20     20    6.2447896e-05
1418 recr(155)        -0.12268852     -20     20    -4.0209209e-05
1419 recr(156)        1.2779637     -20     20    -0.00047731926
1420 recr(157)        -1.1949839     -20     20    -0.00020841635
1421 recr(158)        -1.3719598     -20     20    -0.00069515004
1422 recr(159)        -0.18607902     -20     20    -0.00036835963
1423 recr(160)        1.0680093     -20     20    -0.00012412485
1424 recr(161)        1.0224369     -20     20    0.00025396373
1425 recr(162)        -0.3908467     -20     20    -2.6674281e-05
1426 recr(163)        0.31706776     -20     20    2.8246816e-05
1427 recr(164)        1.2663216     -20     20    -5.7083563e-05
1428 recr(165)        -0.093101381     -20     20    -1.0389514e-05
1429 recr(166)        -1.3565136     -20     20    -1.8653604e-05
1430 recr(167)        0.64824584     -20     20    9.3158204e-05
1431 recr(168)        0.01760019     -20     20    8.8053263e-07
1432 recr(169)        0.2128986     -20     20    5.6373207e-05
1433 recr(170)        -0.084394662     -20     20    0.00013605663
1434 recr(171)        0.84154266     -20     20    7.1100723e-06
1435 recr(172)        1.2771988     -20     20    0.00028935718
1436 recr(173)        1.2936902     -20     20    0.00050141427
1437 recr(174)        -1.2637218     -20     20    0.00024227298
1438 recr(175)        -0.94202075     -20     20    0.00037843341
1439 recr(176)        0.26149539     -20     20    0.00023074673
1440 recr(177)        0.86393001     -20     20    4.4966437e-05
1441 recr(178)        0.78584106     -20     20    7.1069482e-05
1442 recr(179)        0.072076733     -20     20    -2.0262914e-06
1443 recr(180)        1.0630599     -20     20    -5.1620468e-05
1444 recr(181)        0.11988554     -20     20    -6.3533644e-05
1445 recr(182)        -0.64816681     -20     20    -1.5429218e-05
1446 recr(183)        -0.57104647     -20     20    -8.9088804e-05
1447 recr(184)        0.062558486     -20     20    3.6993876e-05
1448 recr(185)        0.83789882     -20     20    7.1298048e-05
1449 recr(186)        1.0182239     -20     20    -1.8162716e-05
1450 recr(187)        0.17350877     -20     20    8.4486581e-05
1451 recr(188)        0.60351543     -20     20    -9.9685123e-05
1452 recr(189)        -0.60400584     -20     20    -1.0995099e-05
1453 recr(190)        -0.092512247     -20     20    -4.1567563e-05
1454 recr(191)        0.058842206     -20     20    0.00017368417
1455 recr(192)        0.68048015     -20     20    0.0001761721
1456 recr(193)        1.0910675     -20     20    -4.0253839e-05
1457 recr(194)        0.91417238     -20     20    -6.2769121e-05
1458 recr(195)        0.8984966     -20     20    -0.00015203655
1459 recr(196)        0.38352596     -20     20    -9.7639476e-05
1460 recr(197)        0.54038521     -20     20    -0.00010488543
1461 recr(198)        -0.016508091     -20     20    -6.7652513e-06
1462 recr(199)        0.70462193     -20     20    7.6919525e-05
1463 recr(200)        0.5646748     -20     20    -2.102474e-05
1464 recr(201)        0.50163576     -20     20    0.00010507996
1465 recr(202)        0.95029533     -20     20    6.0567327e-05
1466 recr(203)        0.60844733     -20     20    9.3399018e-06
1467 recr(204)        0.89332088     -20     20    6.5355254e-05
1468 recr(205)        -1.626668     -20     20    1.6268546e-05
1469 recr(206)        -0.35253704     -20     20    -1.6032064e-05
1470 recr(207)        -0.91136237     -20     20    3.3096716e-05
1471 recr(208)        0.66853506     -20     20    -7.7612873e-05
1472 recr(209)        0.84194509     -20     20    -0.00010802148
1473 recr(210)        1.0147661     -20     20    7.6439619e-05
1474 recr(211)        0.95544023     -20     20    0.00010144317
1475 recr(212)        0.54997605     -20     20    7.2740058e-05
1476 recr(213)        -0.82663615     -20     20    -2.079564e-05
1477 recr(214)        0.24480923     -20     20    -8.6045119e-05
1478 recr(215)        -0.072734666     -20     20    -1.1798587e-05
1479 recr(216)        0.70940476     -20     20    -4.9246163e-05
1480 recr(217)        0.88785545     -20     20    -3.0371503e-05
1481 recr(218)        0.16610111     -20     20    7.3554736e-05
1482 recr(219)        -0.25012007     -20     20    0.00013351713
1483 recr(220)        -0.15911571     -20     20    -0.00011268071
1484 recr(221)        0.52608098     -20     20    8.898849e-06
1485 recr(222)        0.62437308     -20     20    -0.00010501413
1486 recr(223)        0.57271551     -20     20    8.7043996e-05
1487 recr(224)        0.51646483     -20     20    -5.5597611e-05
1488 recr(225)        -0.088444943     -20     20    -1.4160519e-05
1489 recr(226)        0.13032269     -20     20    -2.6541848e-05
1490 recr(227)        0.16183887     -20     20    0.0001131309
1491 recr(228)        0.57399409     -20     20    2.6572384e-06
1492 recr(229)        0.93248717     -20     20    -6.5944854e-05
1493 recr(230)        0.92051886     -20     20    -2.9336649e-05
1494 recr(231)        0.15055359     -20     20    0.00011408855
1495 recr(232)        0.17253093     -20     20    2.3052258e-05
1496 recr(233)        0.039040953     -20     20    -6.2959364e-05
1497 recr(234)        0.21120144     -20     20    0.00011625738
1498 recr(235)        0.28697419     -20     20    0.00012256183
1499 recr(236)        0.16804547     -20     20    -0.00021921445
1500 recr(237)        0.071889001     -20     20    0.00012187276
1501 recr(238)        0.21244219     -20     20    -1.5418649e-05
1502 recr(239)        0.45191725     -20     20    6.5636834e-05
1503 recr(240)        0.55426759     -20     20    -5.752381e-05
1504 recr(241)        0.82557337     -20     20    -5.3344155e-06
1505 recr(242)        1.1862834     -20     20    8.2169702e-05
1506 recr(243)        0.56924661     -20     20    -3.0180798e-05
1507 recr(244)        0.48213858     -20     20    -0.00016142644
1508 recr(245)        0.47451599     -20     20    2.9320392e-05
1509 recr(246)        0.73195868     -20     20    5.7876807e-05
1510 recr(247)        0.68038821     -20     20    -8.5703089e-05
1511 recr(248)        0.52166699     -20     20    0.00015889751
1512 recr(249)        0.1688954     -20     20    9.352065e-05
1513 recr(250)        -0.035140711     -20     20    0.00015488363
1514 recr(251)        -0.19976866     -20     20    0.0001755899
1515 recr(252)        0.2151233     -20     20    2.422586e-05
1516 recr(253)        0.40754024     -20     20    0.0001131792
1517 recr(254)        0.35261442     -20     20    -0.00016600538
1518 recr(255)        0.29021156     -20     20    0.00018353134
1519 recr(256)        0.56246924     -20     20    2.887351e-05
1520 recr(257)        0.66967639     -20     20    9.6871344e-05
1521 recr(258)        0.42306904     -20     20    1.4133198e-06
1522 recr(259)        0.39427406     -20     20    5.5689279e-05
1523 recr(260)        0.29240405     -20     20    7.33314e-05
1524 recr(261)        0.2219674     -20     20    7.6934434e-05
1525 recr(262)        0.81062994     -20     20    -7.2587655e-05
1526 recr(263)        0.53710008     -20     20    -3.5860679e-05
1527 recr(264)        0.44764129     -20     20    2.269596e-05
1528 recr(265)        0.25455469     -20     20    -2.2557766e-05
1529 recr(266)        0.32856689     -20     20    0.00017783764
1530 recr(267)        0.07245866     -20     20    0.00013372077
1531 recr(268)        0.22303912     -20     20    -2.7527682e-05
1532 recr(269)        0.67600877     -20     20    5.7903586e-05
1533 recr(270)        -0.11134525     -20     20    -8.1711759e-05
1534 recr(271)        -0.33850416     -20     20    -4.805907e-05
1535 recr(272)        -0.30843152     -20     20    -0.00010428976
1536 recr(273)        0.33994386     -20     20    -4.137626e-05
1537 recr(274)        1.268384     -20     20    -7.9797809e-06
1538 totpop        17.052228     8     25    -3.571612e-05
1539 tag_fish_rep(1)        0.14277401     0.001     0.99    7.8487085e-07
1540 tag_fish_rep(3)        0.071353232     0.001     0.99    5.8078784e-05
1541 tag_fish_rep(4)        0.58202466     0.001     0.99    -1.7559835e-05
1542 tag_fish_rep(5)        0.6645755     0.001     0.99    -1.3649772e-06
1543 tag_fish_rep(6)        0.52371658     0.001     0.99    2.41391e-06
1544 tag_fish_rep(11)        0.61652425     0.001     0.99    -1.3508531e-05
1545 tag_fish_rep(12)        0.59350174     0.001     0.99    -6.7837936e-06
1546 tag_fish_rep(13)        0.67685884     0.001     0.99    -1.9745022e-05
1547 tag_fish_rep(17)        0.6951115     0.001     0.99    8.0336557e-05
1548 tag_fish_rep(18)        0.80894595     0.001     0.99    -4.5277826e-05
1549 tag_fish_rep(19)        0.99     0.001     0.99    1.2471691e-06   *************
1550 tag_fish_rep(24)        0.82766825     0.001     0.99    -9.08585e-05
1551 tag_fish_rep(25)        0.62225047     0.001     0.99    0.00011096489
1552 tag_fish_rep(28)        0.56454573     0.001     0.99    -2.610516e-05
1553 tag_fish_rep(32)        0.13258351     0.001     0.99    -1.4936882e-05
1554 tag_fish_rep(34)        0.98999999     0.001     0.99    1.9543584e-07   *************
1555 tag_fish_rep(35)        0.99     0.001     0.99    2.0946716e-07   *************
1556 region_pars(1)        0.65942251     1e-06     1.5    5.8747126e-06
1557 region_pars(1)        0.16767277     1e-06     1.5    -9.7827258e-05
1558 region_pars(1)        3.5465888e-06     1e-06     1.5    1.2203768e-05
1559 region_pars(1)        0.17282485     1e-06     1.5    1.5241497e-05
1560 sv(21)        0.04603825     1e-06     1000    2.9716329e-06
1561 age_pars(5)        -2.4906971     -20     2    -0.00078538373
1562 var_coff(1)        6.1271242     1     10    -0.00010183194
1563 var_coff(2)        0.43933651     0.1     3    8.5272303e-05
