 Index  Var_name   Estimate L_bound  U_bound gradient
1 diff_coffs(1,1)        4     0     4    -0.0088169859   *************
2 diff_coffs(1,2)        8.6352207e-05     0     4    1.2257057e-05   *************
3 diff_coffs(2,1)        4.5655807e-08     0     4    8.4068961e-06   *************
4 diff_coffs(2,2)        0.25547524     0     4    1.6265277e-05
5 diff_coffs(3,1)        0.52934121     0     4    -0.00010001273
6 diff_coffs(3,2)        0.24826983     0     4    5.6475461e-05
7 diff_coffs(4,1)        3.3456149e-10     0     4    -3.992622e-05   *************
8 diff_coffs(4,2)        0.29511959     0     4    -0.00010499311
9 region_rec_diffs(1,1)        3.9968029e-15     -3     3    8.1880739e-15
10 region_rec_diffs(1,2)        0.77574859     -3     3    5.938091e-05
11 region_rec_diffs(1,3)        0.7943628     -3     3    -0.00012721208
12 region_rec_diffs(1,4)        0.80180821     -3     3    -1.5688757e-05
13 region_rec_diffs(1,5)        0.78959074     -3     3    9.2633685e-05
14 region_rec_diffs(1,6)        0.16519293     -3     3    0.00017680386
15 region_rec_diffs(1,7)        0.062943595     -3     3    -1.8823496e-05
16 region_rec_diffs(1,8)        0.11296938     -3     3    8.2862298e-05
17 region_rec_diffs(1,9)        0.69923637     -3     3    -3.3465423e-05
18 region_rec_diffs(1,10)        0.64872393     -3     3    0.00014898887
19 region_rec_diffs(1,11)        0.20166214     -3     3    -0.00011192957
20 region_rec_diffs(1,12)        0.379486     -3     3    7.5560788e-06
21 region_rec_diffs(1,13)        1.0798158     -3     3    -4.2001561e-05
22 region_rec_diffs(1,14)        0.21023811     -3     3    -3.5086649e-06
23 region_rec_diffs(1,15)        0.15806125     -3     3    -6.7995369e-05
24 region_rec_diffs(1,16)        0.47881124     -3     3    -0.00014695394
25 region_rec_diffs(1,17)        -0.25645511     -3     3    -5.0594364e-05
26 region_rec_diffs(1,18)        -0.12163779     -3     3    -5.6734309e-05
27 region_rec_diffs(1,19)        -0.12283555     -3     3    -3.7906131e-05
28 region_rec_diffs(1,20)        -0.29107628     -3     3    6.638612e-05
29 region_rec_diffs(1,21)        -0.66751045     -3     3    -5.7098342e-06
30 region_rec_diffs(1,22)        -0.10294259     -3     3    -3.6257047e-05
31 region_rec_diffs(1,23)        -0.028658635     -3     3    -5.2409829e-05
32 region_rec_diffs(1,24)        0.028404038     -3     3    4.2267078e-05
33 region_rec_diffs(1,25)        0.74904352     -3     3    -3.8328324e-05
34 region_rec_diffs(1,26)        -0.0096363712     -3     3    4.3471144e-06
35 region_rec_diffs(1,27)        -0.071573736     -3     3    -7.2709438e-05
36 region_rec_diffs(1,28)        -0.24839546     -3     3    -1.1303905e-05
37 region_rec_diffs(1,29)        -0.22612791     -3     3    4.9190734e-05
38 region_rec_diffs(1,30)        -0.057808077     -3     3    -4.2138128e-06
39 region_rec_diffs(1,31)        -0.018742776     -3     3    7.5672684e-05
40 region_rec_diffs(1,32)        0.77212347     -3     3    4.8655414e-05
41 region_rec_diffs(1,33)        0.10473387     -3     3    6.7923438e-05
42 region_rec_diffs(1,34)        0.16082982     -3     3    6.5302286e-05
43 region_rec_diffs(1,35)        0.081934792     -3     3    -3.4653476e-05
44 region_rec_diffs(1,36)        0.11835748     -3     3    -0.00013524125
45 region_rec_diffs(1,37)        0.0025535196     -3     3    -1.3243116e-05
46 region_rec_diffs(1,38)        0.56278773     -3     3    -0.00011730629
47 region_rec_diffs(1,39)        0.17485009     -3     3    9.1855773e-05
48 region_rec_diffs(1,40)        0.53123213     -3     3    -0.00011794443
49 region_rec_diffs(1,41)        0.48953369     -3     3    -1.9899236e-05
50 region_rec_diffs(1,42)        0.5757728     -3     3    5.6172674e-05
51 region_rec_diffs(1,43)        0.17662577     -3     3    -5.129101e-05
52 region_rec_diffs(1,44)        0.30220731     -3     3    -4.162959e-06
53 region_rec_diffs(1,45)        0.39228557     -3     3    9.8678725e-05
54 region_rec_diffs(1,46)        0.21445966     -3     3    -8.3112355e-06
55 region_rec_diffs(1,47)        0.081819784     -3     3    3.2121672e-05
56 region_rec_diffs(1,48)        0.13749056     -3     3    4.4957247e-06
57 region_rec_diffs(1,49)        0.72044207     -3     3    3.8081961e-05
58 region_rec_diffs(1,50)        -0.28636599     -3     3    -7.7211414e-06
59 region_rec_diffs(1,51)        0.036054553     -3     3    -8.6600081e-05
60 region_rec_diffs(1,52)        0.013260043     -3     3    -3.7490981e-05
61 region_rec_diffs(1,53)        0.010994888     -3     3    8.1998581e-05
62 region_rec_diffs(1,54)        0.8943496     -3     3    -2.3739366e-05
63 region_rec_diffs(1,55)        -0.13894734     -3     3    2.1063663e-06
64 region_rec_diffs(1,56)        -0.070514023     -3     3    -5.3378497e-06
65 region_rec_diffs(1,57)        0.01597799     -3     3    6.9911873e-06
66 region_rec_diffs(1,58)        1.1205339     -3     3    -5.98503e-06
67 region_rec_diffs(1,59)        -0.0081464576     -3     3    -3.4919774e-07
68 region_rec_diffs(1,60)        -0.215579     -3     3    0.00010284532
69 region_rec_diffs(1,61)        -1.7723602     -3     3    0.0001918864
70 region_rec_diffs(1,62)        -0.84204043     -3     3    5.9703976e-05
71 region_rec_diffs(1,63)        0.06905896     -3     3    4.3251865e-05
72 region_rec_diffs(1,64)        -1.2097425     -3     3    -6.9821153e-05
73 region_rec_diffs(1,65)        0.82952983     -3     3    0.00016435699
74 region_rec_diffs(1,66)        0.46880625     -3     3    -8.5772804e-05
75 region_rec_diffs(1,67)        -0.43867621     -3     3    2.2721049e-05
76 region_rec_diffs(1,68)        0.36313328     -3     3    7.2955752e-05
77 region_rec_diffs(1,69)        0.43474079     -3     3    -3.2807619e-06
78 region_rec_diffs(1,70)        1.0500774     -3     3    -3.2187817e-05
79 region_rec_diffs(1,71)        0.044094685     -3     3    -1.7619559e-05
80 region_rec_diffs(1,72)        -0.065091154     -3     3    -8.9045363e-05
81 region_rec_diffs(1,73)        -0.057871567     -3     3    -3.0860616e-05
82 region_rec_diffs(1,74)        -0.4546121     -3     3    1.2698397e-05
83 region_rec_diffs(1,75)        -0.19455776     -3     3    -1.1811572e-05
84 region_rec_diffs(1,76)        -0.83976659     -3     3    -4.3069349e-05
85 region_rec_diffs(1,77)        -2.0909114     -3     3    0.00011109693
86 region_rec_diffs(1,78)        -0.87157509     -3     3    0.00016667692
87 region_rec_diffs(1,79)        -0.11124781     -3     3    -2.201626e-05
88 region_rec_diffs(1,80)        0.9956644     -3     3    1.9511329e-05
89 region_rec_diffs(1,81)        0.57358631     -3     3    -0.00014058232
90 region_rec_diffs(1,82)        -0.43177298     -3     3    4.5207961e-05
91 region_rec_diffs(1,83)        0.68619895     -3     3    -2.5544198e-06
92 region_rec_diffs(1,84)        -0.45250133     -3     3    0.00035308763
93 region_rec_diffs(1,85)        -0.11040957     -3     3    0.00010374155
94 region_rec_diffs(1,86)        -0.45994968     -3     3    1.8944544e-05
95 region_rec_diffs(1,87)        0.40928829     -3     3    -0.00010202997
96 region_rec_diffs(1,88)        -0.54014088     -3     3    -0.00020255521
97 region_rec_diffs(1,89)        -0.13656016     -3     3    -5.7629499e-05
98 region_rec_diffs(1,90)        -0.47137411     -3     3    1.0589792e-05
99 region_rec_diffs(1,91)        0.61944718     -3     3    -2.2100736e-05
100 region_rec_diffs(1,92)        0.57907688     -3     3    3.9662222e-05
101 region_rec_diffs(1,93)        0.30741847     -3     3    -0.00010756105
102 region_rec_diffs(1,94)        0.076695278     -3     3    3.2994286e-07
103 region_rec_diffs(1,95)        -0.91430181     -3     3    -2.3374994e-05
104 region_rec_diffs(1,96)        -1.2116467     -3     3    -8.6602498e-05
105 region_rec_diffs(1,97)        -0.20547294     -3     3    1.1383203e-05
106 region_rec_diffs(1,98)        -0.15868332     -3     3    5.7233793e-06
107 region_rec_diffs(1,99)        1.0415912     -3     3    3.0603736e-05
108 region_rec_diffs(1,100)        -0.16863725     -3     3    0.00022961422
109 region_rec_diffs(1,101)        -0.49983851     -3     3    8.2664843e-05
110 region_rec_diffs(1,102)        -0.38910772     -3     3    -1.177609e-05
111 region_rec_diffs(1,103)        -0.96117106     -3     3    5.6156063e-05
112 region_rec_diffs(1,104)        0.77146815     -3     3    -4.7064301e-05
113 region_rec_diffs(1,105)        0.51444875     -3     3    -1.1389992e-05
114 region_rec_diffs(1,106)        0.24880236     -3     3    -0.000125735
115 region_rec_diffs(1,107)        -0.2270143     -3     3    2.0409591e-05
116 region_rec_diffs(1,108)        0.15645186     -3     3    -6.4387185e-05
117 region_rec_diffs(1,109)        0.052763758     -3     3    -0.00010030393
118 region_rec_diffs(1,110)        -0.3998738     -3     3    -8.2138521e-06
119 region_rec_diffs(1,111)        -0.63114585     -3     3    -4.0256392e-05
120 region_rec_diffs(1,112)        0.68753472     -3     3    -5.5469259e-05
121 region_rec_diffs(1,113)        0.020207822     -3     3    -1.0802763e-05
122 region_rec_diffs(1,114)        -0.84832022     -3     3    1.490095e-05
123 region_rec_diffs(1,115)        -0.146409     -3     3    -3.2366211e-05
124 region_rec_diffs(1,116)        0.11400231     -3     3    -4.8623439e-05
125 region_rec_diffs(1,117)        0.24732671     -3     3    -0.00010516223
126 region_rec_diffs(1,118)        0.13589932     -3     3    9.3785022e-05
127 region_rec_diffs(1,119)        1.0385785     -3     3    7.4340637e-05
128 region_rec_diffs(1,120)        -0.10866279     -3     3    -3.8880412e-05
129 region_rec_diffs(1,121)        -0.66567912     -3     3    -2.3132907e-06
130 region_rec_diffs(1,122)        -0.70980026     -3     3    5.8657875e-05
131 region_rec_diffs(1,123)        0.50224492     -3     3    -0.0001835158
132 region_rec_diffs(1,124)        -0.27201135     -3     3    -6.6059515e-05
133 region_rec_diffs(1,125)        -0.86613972     -3     3    -0.00011729613
134 region_rec_diffs(1,126)        -0.86081649     -3     3    4.9729295e-05
135 region_rec_diffs(1,127)        -1.7801749     -3     3    -3.6930433e-05
136 region_rec_diffs(1,128)        0.93612059     -3     3    4.9569968e-05
137 region_rec_diffs(1,129)        -0.32830035     -3     3    -1.8349793e-05
138 region_rec_diffs(1,130)        -0.66873338     -3     3    7.322268e-05
139 region_rec_diffs(1,131)        -0.024935524     -3     3    0.00019681047
140 region_rec_diffs(1,132)        -0.06991436     -3     3    3.7376882e-06
141 region_rec_diffs(1,133)        -0.083713997     -3     3    -1.7484012e-05
142 region_rec_diffs(1,134)        1.0156481     -3     3    -1.9185733e-06
143 region_rec_diffs(1,135)        -0.19895304     -3     3    -0.00019303583
144 region_rec_diffs(1,136)        0.71551915     -3     3    -0.00015365534
145 region_rec_diffs(1,137)        -0.80336754     -3     3    -0.00013265722
146 region_rec_diffs(1,138)        -0.77131817     -3     3    -1.6085528e-05
147 region_rec_diffs(1,139)        -1.1174252     -3     3    3.4914815e-05
148 region_rec_diffs(1,140)        0.48278404     -3     3    5.7387652e-05
149 region_rec_diffs(1,141)        0.4145452     -3     3    8.3355304e-05
150 region_rec_diffs(1,142)        0.43868875     -3     3    -1.1739455e-05
151 region_rec_diffs(1,143)        -0.10961074     -3     3    -8.7381233e-08
152 region_rec_diffs(1,144)        -0.39465867     -3     3    0.00010617255
153 region_rec_diffs(1,145)        -0.0043570363     -3     3    5.2440391e-05
154 region_rec_diffs(1,146)        0.58237096     -3     3    -5.5191098e-05
155 region_rec_diffs(1,147)        0.74927101     -3     3    7.5754125e-05
156 region_rec_diffs(1,148)        -0.85255099     -3     3    -0.00012923727
157 region_rec_diffs(1,149)        1.0530484     -3     3    3.9600452e-06
158 region_rec_diffs(1,150)        -0.076715682     -3     3    3.4392626e-05
159 region_rec_diffs(1,151)        1.2674092     -3     3    6.0371861e-06
160 region_rec_diffs(1,152)        -0.80399199     -3     3    -4.3199788e-06
161 region_rec_diffs(1,153)        -0.31414521     -3     3    -1.7258264e-05
162 region_rec_diffs(1,154)        -2.6469501     -3     3    -1.6636546e-05
163 region_rec_diffs(1,155)        -0.086503105     -3     3    -5.1608012e-05
164 region_rec_diffs(1,156)        -0.20006425     -3     3    -2.7634347e-05
165 region_rec_diffs(1,157)        0.65367974     -3     3    7.890096e-05
166 region_rec_diffs(1,158)        -0.57301656     -3     3    3.8010478e-05
167 region_rec_diffs(1,159)        0.35255428     -3     3    0.00010453977
168 region_rec_diffs(1,160)        -0.31452764     -3     3    0.00011849967
169 region_rec_diffs(1,161)        0.5701072     -3     3    -7.2830642e-05
170 region_rec_diffs(1,162)        -0.16103929     -3     3    1.213352e-05
171 region_rec_diffs(1,163)        0.81892733     -3     3    0.00019480698
172 region_rec_diffs(1,164)        -0.42386285     -3     3    -0.00013549596
173 region_rec_diffs(1,165)        -0.72849208     -3     3    -3.8608581e-05
174 region_rec_diffs(1,166)        -1.5377986     -3     3    -3.1290974e-05
175 region_rec_diffs(1,167)        -0.20060363     -3     3    -4.9476503e-05
176 region_rec_diffs(1,168)        0.6712402     -3     3    6.033197e-05
177 region_rec_diffs(1,169)        -0.41005384     -3     3    4.0371099e-05
178 region_rec_diffs(1,170)        -0.86182274     -3     3    -7.5781893e-05
179 region_rec_diffs(1,171)        -1.8838243     -3     3    -6.0008478e-05
180 region_rec_diffs(1,172)        -2.2272282     -3     3    -1.6886974e-05
181 region_rec_diffs(1,173)        1.2715699     -3     3    -4.3300315e-05
182 region_rec_diffs(1,174)        0.74454749     -3     3    -6.3148675e-05
183 region_rec_diffs(1,175)        0.52734504     -3     3    -9.3711389e-05
184 region_rec_diffs(1,176)        0.91956912     -3     3    -0.0001304573
185 region_rec_diffs(1,177)        -0.59699627     -3     3    -0.00014650864
186 region_rec_diffs(1,178)        -2.9999933     -3     3    1.0894637e-05   *************
187 region_rec_diffs(1,179)        -2.0621253     -3     3    -4.8593309e-05
188 region_rec_diffs(1,180)        -0.47239743     -3     3    3.2340723e-06
189 region_rec_diffs(1,181)        -0.46778693     -3     3    -0.00017693133
190 region_rec_diffs(1,182)        1.3723847     -3     3    -3.9453641e-05
191 region_rec_diffs(1,183)        1.10811     -3     3    0.00010697938
192 region_rec_diffs(1,184)        -0.84862477     -3     3    0.00010973274
193 region_rec_diffs(1,185)        0.21008869     -3     3    4.6749634e-05
194 region_rec_diffs(1,186)        -1.7330119     -3     3    1.5190254e-05
195 region_rec_diffs(1,187)        -0.91459612     -3     3    9.79342e-05
196 region_rec_diffs(1,188)        0.88945596     -3     3    0.00014447654
197 region_rec_diffs(1,189)        0.16034833     -3     3    5.8188136e-05
198 region_rec_diffs(1,190)        -1.6596182     -3     3    1.7820585e-05
199 region_rec_diffs(1,191)        1.1926772     -3     3    -3.4305102e-05
200 region_rec_diffs(1,192)        -0.72741366     -3     3    -6.0715116e-05
201 region_rec_diffs(1,193)        -2.2444578     -3     3    -3.4755169e-06
202 region_rec_diffs(1,194)        -2.3067192     -3     3    -2.106164e-05
203 region_rec_diffs(1,195)        -1.0922657     -3     3    -8.3065325e-06
204 region_rec_diffs(1,196)        -2.2168099     -3     3    -1.3671037e-05
205 region_rec_diffs(1,197)        -1.3882312     -3     3    -9.1059743e-06
206 region_rec_diffs(1,198)        0.62895233     -3     3    -0.00011048497
207 region_rec_diffs(1,199)        0.78857345     -3     3    -1.5883551e-05
208 region_rec_diffs(1,200)        -1.1823321     -3     3    -4.4500738e-05
209 region_rec_diffs(1,201)        -1.8350363     -3     3    2.3511106e-05
210 region_rec_diffs(1,202)        -1.9120842     -3     3    -5.0536574e-05
211 region_rec_diffs(1,203)        -1.6520837     -3     3    4.5395354e-06
212 region_rec_diffs(1,204)        -2.3484544     -3     3    -8.1971031e-06
213 region_rec_diffs(1,205)        -0.92506415     -3     3    1.4176964e-05
214 region_rec_diffs(1,206)        1.2739324     -3     3    -3.1209267e-06
215 region_rec_diffs(1,207)        -0.66676124     -3     3    -4.55213e-05
216 region_rec_diffs(1,208)        -1.2946773     -3     3    -3.3152896e-05
217 region_rec_diffs(1,209)        -1.585517     -3     3    4.3012406e-05
218 region_rec_diffs(1,210)        -1.8623722     -3     3    -6.632201e-05
219 region_rec_diffs(1,211)        -1.0523118     -3     3    -2.4421178e-05
220 region_rec_diffs(1,212)        0.79169234     -3     3    0.00015748974
221 region_rec_diffs(1,213)        -0.27796245     -3     3    -4.9470359e-06
222 region_rec_diffs(1,214)        -0.85454306     -3     3    -2.5535846e-05
223 region_rec_diffs(1,215)        -1.2121629     -3     3    2.2401788e-05
224 region_rec_diffs(1,216)        -1.604862     -3     3    -1.9685911e-05
225 region_rec_diffs(1,217)        -1.1991051     -3     3    -2.8838144e-05
226 region_rec_diffs(1,218)        0.69125138     -3     3    -0.00018644462
227 region_rec_diffs(1,219)        0.8443597     -3     3    6.3812219e-05
228 region_rec_diffs(1,220)        -0.99238096     -3     3    -1.2541341e-05
229 region_rec_diffs(1,221)        -1.3979067     -3     3    5.1107731e-05
230 region_rec_diffs(1,222)        -1.1434534     -3     3    4.9334907e-05
231 region_rec_diffs(1,223)        -1.6606841     -3     3    5.3492783e-05
232 region_rec_diffs(1,224)        -1.0768586     -3     3    -1.9130319e-05
233 region_rec_diffs(1,225)        1.1696022     -3     3    -0.00016834211
234 region_rec_diffs(1,226)        -0.69079365     -3     3    7.9909114e-05
235 region_rec_diffs(1,227)        -0.88109609     -3     3    -7.6646668e-05
236 region_rec_diffs(1,228)        -1.4354632     -3     3    1.9341063e-05
237 region_rec_diffs(1,229)        -0.36745375     -3     3    0.00010238315
238 region_rec_diffs(1,230)        -1.4336337     -3     3    -1.436976e-06
239 region_rec_diffs(1,231)        -0.42346245     -3     3    -9.6132411e-05
240 region_rec_diffs(1,232)        0.3909591     -3     3    0.00014775906
241 region_rec_diffs(1,233)        0.63898505     -3     3    -0.00026640184
242 region_rec_diffs(1,234)        -0.89993046     -3     3    1.0624377e-05
243 region_rec_diffs(1,235)        0.29514857     -3     3    3.3808585e-06
244 region_rec_diffs(1,236)        -0.36979243     -3     3    1.4361936e-05
245 region_rec_diffs(1,237)        0.64756648     -3     3    -1.596607e-07
246 region_rec_diffs(1,238)        0.83850906     -3     3    -9.4517498e-05
247 region_rec_diffs(1,239)        -1.3068541     -3     3    -2.8281158e-05
248 region_rec_diffs(1,240)        -1.6158329     -3     3    -6.4167958e-06
249 region_rec_diffs(1,241)        0.24912155     -3     3    2.8473133e-05
250 region_rec_diffs(1,242)        -1.0245904     -3     3    -5.7864602e-05
251 region_rec_diffs(1,243)        -1.5472333     -3     3    -1.0994525e-05
252 region_rec_diffs(1,244)        -0.088163685     -3     3    1.1086547e-05
253 region_rec_diffs(1,245)        -0.31859517     -3     3    -0.0001628053
254 region_rec_diffs(1,246)        -1.2764091     -3     3    5.6955955e-05
255 region_rec_diffs(1,247)        -1.1841571     -3     3    9.9602961e-05
256 region_rec_diffs(1,248)        0.4074425     -3     3    -0.00016615976
257 region_rec_diffs(1,249)        0.80510039     -3     3    8.679048e-05
258 region_rec_diffs(1,250)        -0.54198749     -3     3    4.0205725e-05
259 region_rec_diffs(1,251)        -0.38892325     -3     3    3.2989201e-05
260 region_rec_diffs(1,252)        -0.10667601     -3     3    4.7557192e-05
261 region_rec_diffs(1,253)        0.70534665     -3     3    8.9418371e-05
262 region_rec_diffs(1,254)        -0.41911251     -3     3    -2.9093073e-05
263 region_rec_diffs(1,255)        -0.39693645     -3     3    1.3629634e-05
264 region_rec_diffs(1,256)        0.27578394     -3     3    -6.4293765e-05
265 region_rec_diffs(1,257)        0.48145991     -3     3    -0.00010588775
266 region_rec_diffs(1,258)        -0.03151092     -3     3    -4.3659584e-05
267 region_rec_diffs(1,259)        -0.025995826     -3     3    3.2553238e-05
268 region_rec_diffs(1,260)        -0.083796988     -3     3    -1.651645e-06
269 region_rec_diffs(1,261)        0.56539107     -3     3    6.8268886e-05
270 region_rec_diffs(1,262)        -0.31011272     -3     3    4.7784411e-05
271 region_rec_diffs(1,263)        -0.63583571     -3     3    6.2965328e-05
272 region_rec_diffs(1,264)        -0.08582796     -3     3    3.9097392e-05
273 region_rec_diffs(1,265)        -0.1121257     -3     3    2.2801951e-05
274 region_rec_diffs(1,266)        -0.32295152     -3     3    -1.3601646e-05
275 region_rec_diffs(1,267)        -0.64422103     -3     3    6.3474538e-05
276 region_rec_diffs(1,268)        -1.1421063     -3     3    -4.4618189e-05
277 region_rec_diffs(1,269)        -0.4059744     -3     3    -4.9168887e-05
278 region_rec_diffs(1,270)        0.41937267     -3     3    7.5039221e-05
279 region_rec_diffs(1,271)        0.74142526     -3     3    -0.00012048856
280 region_rec_diffs(1,272)        0.75016594     -3     3    -7.2715549e-05
281 region_rec_diffs(1,273)        0.56339708     -3     3    3.9036804e-05
282 region_rec_diffs(1,274)        -0.11381122     -3     3    1.8708721e-06
283 region_rec_diffs(1,275)        -1.2592314     -3     3    4.0780326e-05
284 region_rec_diffs(1,276)        -1.5812415     -3     3    1.4536632e-05
285 region_rec_diffs(1,277)        -1.4742164     -3     3    2.8862256e-05
286 region_rec_diffs(1,278)        1.2866608     -3     3    -1.6134124e-05
287 region_rec_diffs(1,279)        0.82079624     -3     3    3.01395e-05
288 region_rec_diffs(2,1)        3.9968029e-15     -3     3    9.5891696e-15
289 region_rec_diffs(2,2)        -0.74270457     -3     3    8.2146069e-07
290 region_rec_diffs(2,3)        -0.51302687     -3     3    -5.4517069e-08
291 region_rec_diffs(2,4)        -0.71272762     -3     3    -8.4086765e-07
292 region_rec_diffs(2,5)        -0.51203284     -3     3    -3.9231989e-06
293 region_rec_diffs(2,6)        -0.17017516     -3     3    -9.2785059e-05
294 region_rec_diffs(2,7)        -0.020956327     -3     3    -5.1434628e-05
295 region_rec_diffs(2,8)        -0.039045839     -3     3    5.4566279e-05
296 region_rec_diffs(2,9)        -0.412033     -3     3    1.2345215e-05
297 region_rec_diffs(2,10)        -0.35392732     -3     3    1.3023089e-05
298 region_rec_diffs(2,11)        -0.072665221     -3     3    -0.00013858037
299 region_rec_diffs(2,12)        -0.16072377     -3     3    -1.2348776e-05
300 region_rec_diffs(2,13)        -1.4098018     -3     3    -0.00012054293
301 region_rec_diffs(2,14)        -0.078044834     -3     3    1.3419045e-05
302 region_rec_diffs(2,15)        -0.056462129     -3     3    -2.9241026e-05
303 region_rec_diffs(2,16)        -0.50580372     -3     3    6.7525428e-05
304 region_rec_diffs(2,17)        0.054793813     -3     3    1.1175437e-05
305 region_rec_diffs(2,18)        0.030812891     -3     3    -3.4174925e-05
306 region_rec_diffs(2,19)        0.027978749     -3     3    -6.0033417e-05
307 region_rec_diffs(2,20)        0.053664468     -3     3    1.5033604e-05
308 region_rec_diffs(2,21)        -0.12296906     -3     3    -6.0114523e-05
309 region_rec_diffs(2,22)        0.024488665     -3     3    -0.0001198746
310 region_rec_diffs(2,23)        0.006061721     -3     3    -7.3021745e-05
311 region_rec_diffs(2,24)        -0.010494787     -3     3    2.6059999e-05
312 region_rec_diffs(2,25)        -0.57194409     -3     3    -4.2754534e-05
313 region_rec_diffs(2,26)        0.0043307613     -3     3    7.628194e-06
314 region_rec_diffs(2,27)        0.01923731     -3     3    -6.7442723e-05
315 region_rec_diffs(2,28)        0.064228833     -3     3    5.5938501e-05
316 region_rec_diffs(2,29)        0.059766338     -3     3    4.5551758e-05
317 region_rec_diffs(2,30)        0.01882439     -3     3    -8.3328373e-06
318 region_rec_diffs(2,31)        0.0063799405     -3     3    7.3900168e-05
319 region_rec_diffs(2,32)        -0.55954535     -3     3    7.03637e-06
320 region_rec_diffs(2,33)        -0.038935917     -3     3    6.9052085e-05
321 region_rec_diffs(2,34)        -0.066144021     -3     3    0.00014591543
322 region_rec_diffs(2,35)        -0.033248268     -3     3    1.5746598e-05
323 region_rec_diffs(2,36)        -0.061922367     -3     3    1.7851518e-05
324 region_rec_diffs(2,37)        -0.009691433     -3     3    -4.4544953e-05
325 region_rec_diffs(2,38)        -0.39944301     -3     3    1.2263123e-05
326 region_rec_diffs(2,39)        -0.064221765     -3     3    2.7300455e-05
327 region_rec_diffs(2,40)        -0.97408753     -3     3    -0.0001464793
328 region_rec_diffs(2,41)        -0.24416053     -3     3    3.1234865e-05
329 region_rec_diffs(2,42)        -0.33500189     -3     3    1.8026686e-05
330 region_rec_diffs(2,43)        -0.071711948     -3     3    -6.5530938e-05
331 region_rec_diffs(2,44)        -0.17427324     -3     3    -5.1858215e-05
332 region_rec_diffs(2,45)        -0.16992099     -3     3    2.6032736e-05
333 region_rec_diffs(2,46)        -0.067184667     -3     3    -3.9820772e-06
334 region_rec_diffs(2,47)        -0.022550575     -3     3    3.3182664e-05
335 region_rec_diffs(2,48)        -0.03808151     -3     3    2.8410464e-05
336 region_rec_diffs(2,49)        -0.39502506     -3     3    -6.1597182e-05
337 region_rec_diffs(2,50)        -0.79246022     -3     3    -9.5895229e-05
338 region_rec_diffs(2,51)        -0.017173763     -3     3    -8.7661075e-05
339 region_rec_diffs(2,52)        -0.0056761488     -3     3    -1.5029337e-05
340 region_rec_diffs(2,53)        -0.012738956     -3     3    0.00010773755
341 region_rec_diffs(2,54)        -0.62897681     -3     3    0.00014215619
342 region_rec_diffs(2,55)        0.037542564     -3     3    2.9698743e-05
343 region_rec_diffs(2,56)        0.023432869     -3     3    -2.1503383e-06
344 region_rec_diffs(2,57)        0.0095008027     -3     3    3.3867776e-05
345 region_rec_diffs(2,58)        -0.99962687     -3     3    -4.5826761e-05
346 region_rec_diffs(2,59)        0.010411563     -3     3    -3.3413975e-06
347 region_rec_diffs(2,60)        0.062839317     -3     3    7.8623723e-05
348 region_rec_diffs(2,61)        0.15541136     -3     3    4.8939672e-06
349 region_rec_diffs(2,62)        0.13678989     -3     3    -0.00014251333
350 region_rec_diffs(2,63)        -0.028158444     -3     3    6.488659e-05
351 region_rec_diffs(2,64)        -0.62913708     -3     3    -6.0894787e-05
352 region_rec_diffs(2,65)        -0.56263408     -3     3    -0.00010134786
353 region_rec_diffs(2,66)        -0.1759164     -3     3    -0.00014149161
354 region_rec_diffs(2,67)        0.096501308     -3     3    7.0654382e-05
355 region_rec_diffs(2,68)        -0.11144089     -3     3    4.8263872e-05
356 region_rec_diffs(2,69)        -0.16134343     -3     3    5.1761735e-05
357 region_rec_diffs(2,70)        -0.90053138     -3     3    0.00016990325
358 region_rec_diffs(2,71)        -0.014783671     -3     3    -8.4605243e-06
359 region_rec_diffs(2,72)        0.014343464     -3     3    -0.0001038137
360 region_rec_diffs(2,73)        0.026215787     -3     3    -1.5089488e-05
361 region_rec_diffs(2,74)        0.026106852     -3     3    -3.8336689e-05
362 region_rec_diffs(2,75)        0.047906827     -3     3    3.6663255e-05
363 region_rec_diffs(2,76)        0.13789261     -3     3    -0.00016678119
364 region_rec_diffs(2,77)        0.054817677     -3     3    2.2013359e-05
365 region_rec_diffs(2,78)        0.16479192     -3     3    8.8949013e-05
366 region_rec_diffs(2,79)        0.047246113     -3     3    -3.6082475e-05
367 region_rec_diffs(2,80)        -0.79168037     -3     3    5.1477006e-05
368 region_rec_diffs(2,81)        -0.34486072     -3     3    6.0031361e-05
369 region_rec_diffs(2,82)        -0.028716161     -3     3    -8.422612e-05
370 region_rec_diffs(2,83)        -0.11852015     -3     3    0.00013164506
371 region_rec_diffs(2,84)        -0.13824145     -3     3    -4.1616617e-05
372 region_rec_diffs(2,85)        0.13969895     -3     3    8.0583096e-05
373 region_rec_diffs(2,86)        0.096383386     -3     3    -8.7740298e-05
374 region_rec_diffs(2,87)        -0.36684494     -3     3    -7.7456352e-05
375 region_rec_diffs(2,88)        0.11555884     -3     3    -0.00026446359
376 region_rec_diffs(2,89)        0.053149731     -3     3    -8.817735e-05
377 region_rec_diffs(2,90)        0.094262452     -3     3    6.0403178e-05
378 region_rec_diffs(2,91)        -0.49332417     -3     3    5.4721602e-05
379 region_rec_diffs(2,92)        -0.23089515     -3     3    -1.3787611e-05
380 region_rec_diffs(2,93)        -0.087517324     -3     3    -4.5053372e-05
381 region_rec_diffs(2,94)        0.059403893     -3     3    7.4176212e-07
382 region_rec_diffs(2,95)        -0.12890909     -3     3    -4.6157791e-05
383 region_rec_diffs(2,96)        -0.41747062     -3     3    0.00013499167
384 region_rec_diffs(2,97)        0.041463448     -3     3    2.8906782e-05
385 region_rec_diffs(2,98)        0.05419164     -3     3    -1.4125602e-05
386 region_rec_diffs(2,99)        -0.91103768     -3     3    -7.3361329e-05
387 region_rec_diffs(2,100)        0.61359103     -3     3    -6.0186864e-05
388 region_rec_diffs(2,101)        0.10397211     -3     3    0.0001045445
389 region_rec_diffs(2,102)        0.077911579     -3     3    -9.0143978e-06
390 region_rec_diffs(2,103)        0.1171465     -3     3    -5.7237705e-05
391 region_rec_diffs(2,104)        -0.76158642     -3     3    9.1556811e-05
392 region_rec_diffs(2,105)        -0.20807771     -3     3    5.677825e-05
393 region_rec_diffs(2,106)        -0.08362094     -3     3    -8.4372183e-05
394 region_rec_diffs(2,107)        0.069856786     -3     3    3.6593676e-05
395 region_rec_diffs(2,108)        -0.073771891     -3     3    1.0094832e-05
396 region_rec_diffs(2,109)        -0.14915583     -3     3    8.0930569e-05
397 region_rec_diffs(2,110)        0.06858404     -3     3    1.3827808e-05
398 region_rec_diffs(2,111)        0.10585755     -3     3    -6.988843e-05
399 region_rec_diffs(2,112)        -0.35919784     -3     3    -4.2547503e-05
400 region_rec_diffs(2,113)        -0.90219294     -3     3    -2.8268466e-05
401 region_rec_diffs(2,114)        0.072663402     -3     3    5.9897591e-05
402 region_rec_diffs(2,115)        0.021896046     -3     3    -7.50677e-05
403 region_rec_diffs(2,116)        -0.030219417     -3     3    2.1757601e-06
404 region_rec_diffs(2,117)        -0.023360767     -3     3    -0.00013767355
405 region_rec_diffs(2,118)        -0.14719983     -3     3    0.00014130819
406 region_rec_diffs(2,119)        -0.80436382     -3     3    -6.2920359e-05
407 region_rec_diffs(2,120)        0.063401401     -3     3    -4.1933504e-05
408 region_rec_diffs(2,121)        0.70521528     -3     3    3.9873521e-07
409 region_rec_diffs(2,122)        0.16235032     -3     3    -1.3374235e-06
410 region_rec_diffs(2,123)        -0.0025885059     -3     3    -8.4478729e-05
411 region_rec_diffs(2,124)        -0.44554473     -3     3    5.317174e-05
412 region_rec_diffs(2,125)        0.60849394     -3     3    -0.00011091385
413 region_rec_diffs(2,126)        0.1328762     -3     3    0.00019307809
414 region_rec_diffs(2,127)        0.72839911     -3     3    -2.0002672e-05
415 region_rec_diffs(2,128)        -0.71791753     -3     3    0.00014710023
416 region_rec_diffs(2,129)        0.27675204     -3     3    6.7474128e-05
417 region_rec_diffs(2,130)        -0.42254306     -3     3    -4.1135331e-05
418 region_rec_diffs(2,131)        -0.16245817     -3     3    -6.7651093e-05
419 region_rec_diffs(2,132)        -0.26600303     -3     3    9.075615e-08
420 region_rec_diffs(2,133)        -0.12977444     -3     3    8.9018566e-05
421 region_rec_diffs(2,134)        -1.3661224     -3     3    -6.5791993e-07
422 region_rec_diffs(2,135)        0.023834606     -3     3    -2.6700539e-05
423 region_rec_diffs(2,136)        -0.95830884     -3     3    -6.401209e-05
424 region_rec_diffs(2,137)        0.14863188     -3     3    -0.00013793893
425 region_rec_diffs(2,138)        0.1509967     -3     3    -3.5377646e-06
426 region_rec_diffs(2,139)        0.056297872     -3     3    -2.0406506e-05
427 region_rec_diffs(2,140)        -0.17995661     -3     3    4.0770344e-05
428 region_rec_diffs(2,141)        -0.10807577     -3     3    -9.3837892e-06
429 region_rec_diffs(2,142)        -0.60485808     -3     3    -0.00013316477
430 region_rec_diffs(2,143)        -0.31377031     -3     3    -2.4130246e-05
431 region_rec_diffs(2,144)        -0.44396706     -3     3    -5.9260665e-05
432 region_rec_diffs(2,145)        -0.065355801     -3     3    6.2994368e-05
433 region_rec_diffs(2,146)        -1.3037152     -3     3    0.00013314614
434 region_rec_diffs(2,147)        -0.39933703     -3     3    -1.0773804e-05
435 region_rec_diffs(2,148)        0.98665982     -3     3    2.2823552e-05
436 region_rec_diffs(2,149)        -0.81940056     -3     3    3.1681231e-05
437 region_rec_diffs(2,150)        0.61455501     -3     3    0.00010802667
438 region_rec_diffs(2,151)        -1.5664803     -3     3    6.5132395e-05
439 region_rec_diffs(2,152)        1.0043554     -3     3    1.2640274e-05
440 region_rec_diffs(2,153)        0.18302958     -3     3    3.895018e-07
441 region_rec_diffs(2,154)        -0.69923762     -3     3    1.5156742e-05
442 region_rec_diffs(2,155)        0.57086976     -3     3    -1.6713401e-06
443 region_rec_diffs(2,156)        0.8313085     -3     3    7.7975313e-05
444 region_rec_diffs(2,157)        0.24099052     -3     3    -5.8735407e-05
445 region_rec_diffs(2,158)        0.60168674     -3     3    -0.00015483451
446 region_rec_diffs(2,159)        0.64999609     -3     3    -7.3766131e-05
447 region_rec_diffs(2,160)        0.95983489     -3     3    5.3597742e-05
448 region_rec_diffs(2,161)        -0.73156154     -3     3    -8.3187169e-06
449 region_rec_diffs(2,162)        -0.069926459     -3     3    5.0218644e-05
450 region_rec_diffs(2,163)        -0.68276005     -3     3    5.2531079e-05
451 region_rec_diffs(2,164)        0.99163507     -3     3    6.0726776e-05
452 region_rec_diffs(2,165)        0.94922112     -3     3    1.7274473e-05
453 region_rec_diffs(2,166)        1.0606173     -3     3    8.7681736e-07
454 region_rec_diffs(2,167)        -0.71140092     -3     3    0.00015613158
455 region_rec_diffs(2,168)        -1.9067633     -3     3    9.025182e-06
456 region_rec_diffs(2,169)        0.89244783     -3     3    5.6601862e-05
457 region_rec_diffs(2,170)        0.78034738     -3     3    2.1572043e-05
458 region_rec_diffs(2,171)        -0.011868059     -3     3    7.191376e-05
459 region_rec_diffs(2,172)        0.4709762     -3     3    9.7129658e-05
460 region_rec_diffs(2,173)        -1.4972595     -3     3    0.00019787357
461 region_rec_diffs(2,174)        -0.21303913     -3     3    2.6643133e-05
462 region_rec_diffs(2,175)        -0.052817817     -3     3    -1.8072166e-05
463 region_rec_diffs(2,176)        -0.036654388     -3     3    0.00014810213
464 region_rec_diffs(2,177)        0.95355731     -3     3    0.00024414127
465 region_rec_diffs(2,178)        0.71800268     -3     3    -4.5084084e-05
466 region_rec_diffs(2,179)        -0.78204386     -3     3    1.7550057e-05
467 region_rec_diffs(2,180)        0.2981032     -3     3    9.9272034e-05
468 region_rec_diffs(2,181)        0.93055147     -3     3    0.00038675556
469 region_rec_diffs(2,182)        -2.8125691     -3     3    3.3353045e-05
470 region_rec_diffs(2,183)        -0.88965192     -3     3    -9.8468113e-05
471 region_rec_diffs(2,184)        1.1177883     -3     3    1.7457221e-06
472 region_rec_diffs(2,185)        0.04471642     -3     3    -3.7047573e-05
473 region_rec_diffs(2,186)        1.0071359     -3     3    -1.0101307e-07
474 region_rec_diffs(2,187)        -1.2273209     -3     3    -5.0093527e-05
475 region_rec_diffs(2,188)        -0.67948541     -3     3    -0.00030156052
476 region_rec_diffs(2,189)        0.56428138     -3     3    -0.00020750944
477 region_rec_diffs(2,190)        1.1505804     -3     3    1.9130304e-05
478 region_rec_diffs(2,191)        -0.75556779     -3     3    0.00012453844
479 region_rec_diffs(2,192)        -0.35994992     -3     3    -8.6919182e-05
480 region_rec_diffs(2,193)        0.31606294     -3     3    -5.6134037e-05
481 region_rec_diffs(2,194)        -2.4879753     -3     3    2.3431794e-05
482 region_rec_diffs(2,195)        -1.0803337     -3     3    3.0822093e-06
483 region_rec_diffs(2,196)        -1.138886     -3     3    5.7680095e-05
484 region_rec_diffs(2,197)        0.70450749     -3     3    4.3835418e-06
485 region_rec_diffs(2,198)        -0.82005675     -3     3    0.00018544194
486 region_rec_diffs(2,199)        0.27150139     -3     3    6.6833946e-05
487 region_rec_diffs(2,200)        0.59691129     -3     3    -1.3535783e-05
488 region_rec_diffs(2,201)        0.0034238906     -3     3    1.2755564e-05
489 region_rec_diffs(2,202)        -0.84755223     -3     3    5.9009341e-06
490 region_rec_diffs(2,203)        0.75199621     -3     3    4.5710788e-06
491 region_rec_diffs(2,204)        -0.73376525     -3     3    4.221048e-05
492 region_rec_diffs(2,205)        -1.5717005     -3     3    4.6092991e-05
493 region_rec_diffs(2,206)        -1.7085508     -3     3    5.8410798e-05
494 region_rec_diffs(2,207)        0.96965126     -3     3    -1.2837763e-05
495 region_rec_diffs(2,208)        0.93714515     -3     3    -5.9204662e-05
496 region_rec_diffs(2,209)        0.27531776     -3     3    2.1011402e-05
497 region_rec_diffs(2,210)        -1.3669719     -3     3    -1.3216839e-05
498 region_rec_diffs(2,211)        -1.2157178     -3     3    -2.8706126e-07
499 region_rec_diffs(2,212)        -1.3865009     -3     3    1.7611916e-07
500 region_rec_diffs(2,213)        0.12446323     -3     3    1.6187571e-05
501 region_rec_diffs(2,214)        -1.6593618     -3     3    0.0001125534
502 region_rec_diffs(2,215)        -1.3021126     -3     3    0.00015824338
503 region_rec_diffs(2,216)        0.5427199     -3     3    -3.8314693e-05
504 region_rec_diffs(2,217)        1.026605     -3     3    4.4493529e-06
505 region_rec_diffs(2,218)        -1.4217756     -3     3    1.1195064e-06
506 region_rec_diffs(2,219)        -1.5886293     -3     3    -0.00024270622
507 region_rec_diffs(2,220)        -0.69914711     -3     3    -7.0136685e-05
508 region_rec_diffs(2,221)        -0.070870758     -3     3    -0.00019913265
509 region_rec_diffs(2,222)        -1.4268278     -3     3    -1.2531069e-05
510 region_rec_diffs(2,223)        -1.67811     -3     3    3.9246275e-05
511 region_rec_diffs(2,224)        0.26672244     -3     3    0.00025104793
512 region_rec_diffs(2,225)        -0.62382928     -3     3    6.1394355e-05
513 region_rec_diffs(2,226)        0.64163889     -3     3    3.520061e-06
514 region_rec_diffs(2,227)        0.73362212     -3     3    -1.364723e-05
515 region_rec_diffs(2,228)        0.45548483     -3     3    0.00019837088
516 region_rec_diffs(2,229)        0.60754096     -3     3    2.9070762e-05
517 region_rec_diffs(2,230)        -2.4106138     -3     3    -5.9000425e-05
518 region_rec_diffs(2,231)        -0.77449054     -3     3    -2.1516158e-05
519 region_rec_diffs(2,232)        -2.9999899     -3     3    -3.6473717e-06   *************
520 region_rec_diffs(2,233)        -1.6952001     -3     3    -4.0428419e-05
521 region_rec_diffs(2,234)        0.73706398     -3     3    1.3605161e-05
522 region_rec_diffs(2,235)        -0.57097527     -3     3    -4.4886294e-05
523 region_rec_diffs(2,236)        0.15960591     -3     3    -5.1702146e-05
524 region_rec_diffs(2,237)        0.18887219     -3     3    -0.0001169504
525 region_rec_diffs(2,238)        -0.30436874     -3     3    3.5603618e-05
526 region_rec_diffs(2,239)        0.75174378     -3     3    6.3469916e-05
527 region_rec_diffs(2,240)        -0.16027448     -3     3    -0.00012744378
528 region_rec_diffs(2,241)        0.57299134     -3     3    -0.00015204828
529 region_rec_diffs(2,242)        -0.39692405     -3     3    -1.0035808e-05
530 region_rec_diffs(2,243)        0.44547795     -3     3    -8.7387646e-05
531 region_rec_diffs(2,244)        -0.27576686     -3     3    -1.8156466e-05
532 region_rec_diffs(2,245)        0.92535269     -3     3    1.8226493e-05
533 region_rec_diffs(2,246)        1.0213199     -3     3    4.9127943e-06
534 region_rec_diffs(2,247)        0.26649046     -3     3    2.9049275e-05
535 region_rec_diffs(2,248)        -0.58824781     -3     3    1.6028511e-06
536 region_rec_diffs(2,249)        -0.97707186     -3     3    4.2383869e-05
537 region_rec_diffs(2,250)        -0.35306095     -3     3    0.0001246175
538 region_rec_diffs(2,251)        -1.1254338     -3     3    0.00011653811
539 region_rec_diffs(2,252)        -0.067141228     -3     3    8.7350304e-05
540 region_rec_diffs(2,253)        -0.28487071     -3     3    0.00028707806
541 region_rec_diffs(2,254)        -1.6075972     -3     3    1.9361293e-05
542 region_rec_diffs(2,255)        -1.7365932     -3     3    -5.2779667e-05
543 region_rec_diffs(2,256)        0.51809897     -3     3    1.9515868e-06
544 region_rec_diffs(2,257)        0.18638814     -3     3    1.3320965e-05
545 region_rec_diffs(2,258)        -0.078852503     -3     3    -0.00010427596
546 region_rec_diffs(2,259)        0.46607977     -3     3    -0.00011885346
547 region_rec_diffs(2,260)        -1.52002     -3     3    6.8076553e-05
548 region_rec_diffs(2,261)        0.44241953     -3     3    3.9390692e-05
549 region_rec_diffs(2,262)        0.071778641     -3     3    0.00011731107
550 region_rec_diffs(2,263)        -2.4689792     -3     3    3.3723537e-06
551 region_rec_diffs(2,264)        -1.1515     -3     3    3.4250619e-05
552 region_rec_diffs(2,265)        -1.1295375     -3     3    5.4648359e-05
553 region_rec_diffs(2,266)        -1.6483425     -3     3    -2.511567e-05
554 region_rec_diffs(2,267)        -0.89534921     -3     3    -2.7622613e-05
555 region_rec_diffs(2,268)        0.55046667     -3     3    -6.3477897e-05
556 region_rec_diffs(2,269)        -1.7469169     -3     3    8.5248616e-06
557 region_rec_diffs(2,270)        -0.16792925     -3     3    -0.00031551054
558 region_rec_diffs(2,271)        -0.82112296     -3     3    0.00020974328
559 region_rec_diffs(2,272)        -1.3437845     -3     3    -0.00010403362
560 region_rec_diffs(2,273)        -0.20659076     -3     3    -4.1589755e-05
561 region_rec_diffs(2,274)        0.76386956     -3     3    1.6123734e-05
562 region_rec_diffs(2,275)        -0.85076704     -3     3    -7.4867952e-06
563 region_rec_diffs(2,276)        0.77328161     -3     3    6.4109632e-05
564 region_rec_diffs(2,277)        0.96474982     -3     3    9.9917394e-06
565 region_rec_diffs(2,278)        -2.9999902     -3     3    2.7428227e-05   *************
566 region_rec_diffs(2,279)        -2.2831007     -3     3    -1.6885789e-05
567 region_rec_diffs(3,1)        3.5527137e-15     -3     3    1.3393283e-14
568 region_rec_diffs(3,2)        -0.59889702     -3     3    1.9111599e-05
569 region_rec_diffs(3,3)        -0.81369896     -3     3    1.0357721e-05
570 region_rec_diffs(3,4)        -0.66704758     -3     3    -8.2165448e-05
571 region_rec_diffs(3,5)        -0.80550341     -3     3    2.4226717e-05
572 region_rec_diffs(3,6)        -0.28597122     -3     3    -0.00010750181
573 region_rec_diffs(3,7)        -0.031513979     -3     3    -7.5751436e-05
574 region_rec_diffs(3,8)        -0.055313955     -3     3    7.3028019e-05
575 region_rec_diffs(3,9)        -0.52130667     -3     3    -8.3363988e-06
576 region_rec_diffs(3,10)        -0.45215146     -3     3    1.5294582e-05
577 region_rec_diffs(3,11)        -0.099884669     -3     3    -0.00018883311
578 region_rec_diffs(3,12)        -0.21494236     -3     3    -1.4406937e-05
579 region_rec_diffs(3,13)        -1.6136552     -3     3    -0.00012303391
580 region_rec_diffs(3,14)        -0.10936617     -3     3    2.4322273e-05
581 region_rec_diffs(3,15)        -0.080778688     -3     3    -4.6144027e-05
582 region_rec_diffs(3,16)        -0.64525009     -3     3    4.5823765e-05
583 region_rec_diffs(3,17)        0.062461539     -3     3    6.9373273e-06
584 region_rec_diffs(3,18)        0.037047812     -3     3    -4.6667866e-05
585 region_rec_diffs(3,19)        0.035617288     -3     3    -8.2599426e-05
586 region_rec_diffs(3,20)        0.068393836     -3     3    2.6704305e-05
587 region_rec_diffs(3,21)        -0.17368501     -3     3    -9.5669535e-05
588 region_rec_diffs(3,22)        0.030843846     -3     3    -0.00016590433
589 region_rec_diffs(3,23)        0.0061253636     -3     3    -0.00010198266
590 region_rec_diffs(3,24)        -0.019370436     -3     3    3.5031461e-05
591 region_rec_diffs(3,25)        -0.7216865     -3     3    -5.0100958e-05
592 region_rec_diffs(3,26)        0.00047133032     -3     3    1.9853562e-05
593 region_rec_diffs(3,27)        0.027078013     -3     3    -9.5084006e-05
594 region_rec_diffs(3,28)        0.086183335     -3     3    8.2922267e-05
595 region_rec_diffs(3,29)        0.082164886     -3     3    6.3431403e-05
596 region_rec_diffs(3,30)        0.022803501     -3     3    -1.0842462e-05
597 region_rec_diffs(3,31)        0.0080980729     -3     3    0.00010427841
598 region_rec_diffs(3,32)        -0.69246309     -3     3    6.6275931e-07
599 region_rec_diffs(3,33)        -0.05419567     -3     3    9.2384485e-05
600 region_rec_diffs(3,34)        -0.089377642     -3     3    0.00019869639
601 region_rec_diffs(3,35)        -0.044832346     -3     3    2.1190757e-05
602 region_rec_diffs(3,36)        -0.080418627     -3     3    2.3863225e-05
603 region_rec_diffs(3,37)        -0.005025843     -3     3    3.5344639e-06
604 region_rec_diffs(3,38)        -0.49086382     -3     3    5.2185904e-06
605 region_rec_diffs(3,39)        -0.088235319     -3     3    3.164085e-05
606 region_rec_diffs(3,40)        -1.1457191     -3     3    -0.00015534252
607 region_rec_diffs(3,41)        -0.3161885     -3     3    5.4400008e-05
608 region_rec_diffs(3,42)        -0.42461619     -3     3    8.1780329e-06
609 region_rec_diffs(3,43)        -0.10031338     -3     3    -9.5467586e-05
610 region_rec_diffs(3,44)        -0.23795437     -3     3    -5.1745261e-05
611 region_rec_diffs(3,45)        -0.23562775     -3     3    4.7505544e-05
612 region_rec_diffs(3,46)        -0.10031623     -3     3    -1.7806374e-05
613 region_rec_diffs(3,47)        -0.033769849     -3     3    3.7316508e-05
614 region_rec_diffs(3,48)        -0.058989341     -3     3    2.1039378e-05
615 region_rec_diffs(3,49)        -0.5075164     -3     3    -6.5487705e-05
616 region_rec_diffs(3,50)        -0.96274877     -3     3    -8.2600731e-05
617 region_rec_diffs(3,51)        -0.024484318     -3     3    -0.00012063602
618 region_rec_diffs(3,52)        -0.014104728     -3     3    -7.0718198e-05
619 region_rec_diffs(3,53)        -0.019157769     -3     3    0.00014560326
620 region_rec_diffs(3,54)        -0.77623259     -3     3    0.00018309572
621 region_rec_diffs(3,55)        0.052982332     -3     3    4.4187289e-05
622 region_rec_diffs(3,56)        0.031812484     -3     3    -7.2899451e-06
623 region_rec_diffs(3,57)        0.01186357     -3     3    4.7390478e-05
624 region_rec_diffs(3,58)        -1.1784359     -3     3    -7.6911036e-05
625 region_rec_diffs(3,59)        0.011726587     -3     3    -4.8632084e-06
626 region_rec_diffs(3,60)        0.081095599     -3     3    0.00011290888
627 region_rec_diffs(3,61)        0.16184131     -3     3    -7.0096574e-06
628 region_rec_diffs(3,62)        0.19039511     -3     3    -0.00020118728
629 region_rec_diffs(3,63)        -0.043185812     -3     3    8.6883717e-05
630 region_rec_diffs(3,64)        -0.77759093     -3     3    -8.8081856e-05
631 region_rec_diffs(3,65)        -0.70516496     -3     3    -0.00013073488
632 region_rec_diffs(3,66)        -0.26311732     -3     3    -0.0001668803
633 region_rec_diffs(3,67)        0.13772919     -3     3    0.00010801821
634 region_rec_diffs(3,68)        -0.16148096     -3     3    5.5175914e-05
635 region_rec_diffs(3,69)        -0.22251287     -3     3    3.0638639e-05
636 region_rec_diffs(3,70)        -1.0852145     -3     3    0.00016411456
637 region_rec_diffs(3,71)        -0.022384859     -3     3    -1.1159536e-05
638 region_rec_diffs(3,72)        0.01685365     -3     3    -0.00014885615
639 region_rec_diffs(3,73)        -0.0045709364     -3     3    -3.5046762e-05
640 region_rec_diffs(3,74)        -0.10713849     -3     3    -2.1920707e-05
641 region_rec_diffs(3,75)        0.067228385     -3     3    5.2686937e-05
642 region_rec_diffs(3,76)        0.2042447     -3     3    -0.00022709753
643 region_rec_diffs(3,77)        -0.0033145218     -3     3    -2.1849611e-06
644 region_rec_diffs(3,78)        0.18591939     -3     3    9.6641359e-05
645 region_rec_diffs(3,79)        0.018449503     -3     3    -5.4526619e-05
646 region_rec_diffs(3,80)        -1.0195632     -3     3    4.1517614e-05
647 region_rec_diffs(3,81)        -0.26041609     -3     3    5.622937e-05
648 region_rec_diffs(3,82)        0.21877475     -3     3    0.00010721617
649 region_rec_diffs(3,83)        -0.77903597     -3     3    -1.6854621e-05
650 region_rec_diffs(3,84)        -0.11161078     -3     3    -0.00019319322
651 region_rec_diffs(3,85)        -0.070052199     -3     3    6.6993157e-05
652 region_rec_diffs(3,86)        0.13562816     -3     3    -0.00012068861
653 region_rec_diffs(3,87)        -0.46633551     -3     3    -8.0610469e-05
654 region_rec_diffs(3,88)        0.15838462     -3     3    -0.00041373189
655 region_rec_diffs(3,89)        0.037673504     -3     3    -0.00010690345
656 region_rec_diffs(3,90)        0.14505582     -3     3    9.5365654e-05
657 region_rec_diffs(3,91)        -0.5511984     -3     3    7.1555228e-05
658 region_rec_diffs(3,92)        -0.43578849     -3     3    1.1981351e-06
659 region_rec_diffs(3,93)        -0.19275636     -3     3    -0.00015394312
660 region_rec_diffs(3,94)        -0.10538382     -3     3    -3.6178043e-05
661 region_rec_diffs(3,95)        -0.096952533     -3     3    -4.7505153e-05
662 region_rec_diffs(3,96)        0.51710308     -3     3    -2.6458595e-05
663 region_rec_diffs(3,97)        0.080647212     -3     3    6.0816569e-05
664 region_rec_diffs(3,98)        0.042847087     -3     3    -2.5684001e-06
665 region_rec_diffs(3,99)        -1.0351894     -3     3    -6.936288e-05
666 region_rec_diffs(3,100)        -0.67810905     -3     3    1.5052648e-05
667 region_rec_diffs(3,101)        0.1478828     -3     3    0.00021467967
668 region_rec_diffs(3,102)        0.12601685     -3     3    -4.7548977e-06
669 region_rec_diffs(3,103)        0.24368957     -3     3    -7.5148772e-06
670 region_rec_diffs(3,104)        -0.91174352     -3     3    0.00011020884
671 region_rec_diffs(3,105)        -0.32699149     -3     3    0.00011159623
672 region_rec_diffs(3,106)        -0.12080866     -3     3    -0.00010897759
673 region_rec_diffs(3,107)        0.077598768     -3     3    6.9328216e-05
674 region_rec_diffs(3,108)        -0.094064791     -3     3    1.0767516e-05
675 region_rec_diffs(3,109)        -0.21787367     -3     3    7.7606109e-05
676 region_rec_diffs(3,110)        0.12655135     -3     3    4.2183619e-05
677 region_rec_diffs(3,111)        0.18323005     -3     3    -0.00011804732
678 region_rec_diffs(3,112)        -0.45613456     -3     3    -1.9487629e-05
679 region_rec_diffs(3,113)        0.33646482     -3     3    -2.5007728e-05
680 region_rec_diffs(3,114)        -0.26685614     -3     3    3.3161616e-05
681 region_rec_diffs(3,115)        0.052356845     -3     3    -0.00011417925
682 region_rec_diffs(3,116)        -0.027793106     -3     3    -9.1297516e-06
683 region_rec_diffs(3,117)        -0.14833499     -3     3    -0.00016805686
684 region_rec_diffs(3,118)        0.059026231     -3     3    0.00014492908
685 region_rec_diffs(3,119)        -0.9347436     -3     3    -7.927612e-05
686 region_rec_diffs(3,120)        0.071584202     -3     3    -6.0181361e-05
687 region_rec_diffs(3,121)        -0.49468441     -3     3    -4.4797874e-05
688 region_rec_diffs(3,122)        0.17673968     -3     3    9.1695753e-05
689 region_rec_diffs(3,123)        -0.47162796     -3     3    -9.7521067e-05
690 region_rec_diffs(3,124)        -0.16755221     -3     3    8.2731294e-05
691 region_rec_diffs(3,125)        -0.30137203     -3     3    -0.00018212438
692 region_rec_diffs(3,126)        0.22312108     -3     3    0.00031082106
693 region_rec_diffs(3,127)        -0.32542583     -3     3    2.8231152e-05
694 region_rec_diffs(3,128)        -0.84207076     -3     3    0.00021239551
695 region_rec_diffs(3,129)        -0.056091152     -3     3    -7.8067136e-05
696 region_rec_diffs(3,130)        0.434531     -3     3    2.8459662e-05
697 region_rec_diffs(3,131)        0.038352075     -3     3    -0.00012545243
698 region_rec_diffs(3,132)        0.17406367     -3     3    -5.4744469e-07
699 region_rec_diffs(3,133)        0.11246394     -3     3    -1.4009945e-05
700 region_rec_diffs(3,134)        -0.83925789     -3     3    1.6488829e-05
701 region_rec_diffs(3,135)        0.12548506     -3     3    -5.9344545e-05
702 region_rec_diffs(3,136)        -0.23646151     -3     3    -0.00010275817
703 region_rec_diffs(3,137)        0.21477232     -3     3    -0.00019847952
704 region_rec_diffs(3,138)        0.18358667     -3     3    2.2998182e-06
705 region_rec_diffs(3,139)        0.30449609     -3     3    -3.7257176e-05
706 region_rec_diffs(3,140)        -0.41862862     -3     3    3.4303659e-05
707 region_rec_diffs(3,141)        -0.23363259     -3     3    -7.3498728e-05
708 region_rec_diffs(3,142)        -0.030341306     -3     3    -5.3953531e-05
709 region_rec_diffs(3,143)        0.22797216     -3     3    5.5662067e-05
710 region_rec_diffs(3,144)        -0.021756984     -3     3    -3.9195013e-05
711 region_rec_diffs(3,145)        0.0013432034     -3     3    0.00011221468
712 region_rec_diffs(3,146)        0.036923133     -3     3    2.9486971e-05
713 region_rec_diffs(3,147)        -0.58175761     -3     3    2.6235746e-06
714 region_rec_diffs(3,148)        -1.5102627     -3     3    -8.7033512e-05
715 region_rec_diffs(3,149)        -1.1987504     -3     3    2.6647445e-05
716 region_rec_diffs(3,150)        -0.84089766     -3     3    8.2187271e-05
717 region_rec_diffs(3,151)        -2.5394915     -3     3    -1.4753829e-05
718 region_rec_diffs(3,152)        -2.0064918     -3     3    -9.6993715e-05
719 region_rec_diffs(3,153)        -0.0085060241     -3     3    3.7653049e-05
720 region_rec_diffs(3,154)        0.67356308     -3     3    1.9658095e-05
721 region_rec_diffs(3,155)        -0.75224185     -3     3    -8.0489267e-06
722 region_rec_diffs(3,156)        -1.7511761     -3     3    -1.2249615e-05
723 region_rec_diffs(3,157)        -1.382775     -3     3    -1.9552475e-05
724 region_rec_diffs(3,158)        -0.39296067     -3     3    -6.5035826e-05
725 region_rec_diffs(3,159)        -1.9782577     -3     3    -2.9220653e-05
726 region_rec_diffs(3,160)        -2.7567838     -3     3    1.8419637e-05
727 region_rec_diffs(3,161)        -0.12888237     -3     3    -2.6208011e-06
728 region_rec_diffs(3,162)        -2.9999778     -3     3    5.9217826e-05   *************
729 region_rec_diffs(3,163)        -0.59444105     -3     3    8.1564682e-05
730 region_rec_diffs(3,164)        -2.2541256     -3     3    2.2305175e-05
731 region_rec_diffs(3,165)        -1.2583316     -3     3    6.5442684e-05
732 region_rec_diffs(3,166)        -1.3890732     -3     3    2.2906257e-05
733 region_rec_diffs(3,167)        0.4489278     -3     3    -7.6214139e-06
734 region_rec_diffs(3,168)        0.17888682     -3     3    9.413268e-06
735 region_rec_diffs(3,169)        -1.2336827     -3     3    -1.248548e-05
736 region_rec_diffs(3,170)        -0.56786256     -3     3    -8.3984186e-05
737 region_rec_diffs(3,171)        0.36648222     -3     3    -2.7838395e-06
738 region_rec_diffs(3,172)        -0.075447317     -3     3    -2.0130567e-06
739 region_rec_diffs(3,173)        -1.9636464     -3     3    9.8257185e-05
740 region_rec_diffs(3,174)        -0.62128164     -3     3    4.9684523e-05
741 region_rec_diffs(3,175)        -0.41536989     -3     3    -2.624849e-05
742 region_rec_diffs(3,176)        -1.3946303     -3     3    1.8333657e-05
743 region_rec_diffs(3,177)        -1.3706593     -3     3    -0.00017302367
744 region_rec_diffs(3,178)        -0.013065444     -3     3    9.9641827e-05
745 region_rec_diffs(3,179)        -1.5487383     -3     3    -1.0938704e-05
746 region_rec_diffs(3,180)        0.0078969361     -3     3    0.00013919978
747 region_rec_diffs(3,181)        -1.4738907     -3     3    -3.5563808e-05
748 region_rec_diffs(3,182)        -2.9302734     -3     3    9.569686e-06
749 region_rec_diffs(3,183)        -1.1142988     -3     3    -0.00010425944
750 region_rec_diffs(3,184)        -2.9154436     -3     3    0.00016143633
751 region_rec_diffs(3,185)        -0.1487517     -3     3    2.0288131e-05
752 region_rec_diffs(3,186)        -0.88123122     -3     3    0.00022708076
753 region_rec_diffs(3,187)        -1.0558266     -3     3    2.9452148e-05
754 region_rec_diffs(3,188)        -2.2708192     -3     3    -6.1700132e-05
755 region_rec_diffs(3,189)        -0.99026801     -3     3    2.9852817e-05
756 region_rec_diffs(3,190)        -2.5180212     -3     3    6.0376057e-05
757 region_rec_diffs(3,191)        -2.106697     -3     3    6.6287364e-05
758 region_rec_diffs(3,192)        0.47170895     -3     3    3.703259e-05
759 region_rec_diffs(3,193)        0.3058393     -3     3    -8.1695527e-05
760 region_rec_diffs(3,194)        -0.79855026     -3     3    -0.00012703046
761 region_rec_diffs(3,195)        0.63640747     -3     3    6.2413463e-06
762 region_rec_diffs(3,196)        0.78202377     -3     3    -1.1879119e-05
763 region_rec_diffs(3,197)        -0.11390587     -3     3    -1.8654051e-06
764 region_rec_diffs(3,198)        -0.033772699     -3     3    1.2920718e-06
765 region_rec_diffs(3,199)        -1.4633254     -3     3    8.8466257e-05
766 region_rec_diffs(3,200)        0.0026203436     -3     3    -3.8903208e-05
767 region_rec_diffs(3,201)        0.51714484     -3     3    -1.3186879e-05
768 region_rec_diffs(3,202)        0.73465586     -3     3    3.4058473e-05
769 region_rec_diffs(3,203)        -0.21204905     -3     3    -4.3164307e-05
770 region_rec_diffs(3,204)        0.62261274     -3     3    2.7690139e-05
771 region_rec_diffs(3,205)        -1.9108463     -3     3    3.659171e-05
772 region_rec_diffs(3,206)        -1.9329242     -3     3    6.855668e-05
773 region_rec_diffs(3,207)        -1.4180024     -3     3    2.156337e-05
774 region_rec_diffs(3,208)        -0.78114446     -3     3    8.9514627e-06
775 region_rec_diffs(3,209)        0.31828492     -3     3    7.0349768e-05
776 region_rec_diffs(3,210)        0.76915596     -3     3    1.8680611e-05
777 region_rec_diffs(3,211)        0.66478944     -3     3    -3.305961e-06
778 region_rec_diffs(3,212)        -0.14105617     -3     3    -5.5971591e-05
779 region_rec_diffs(3,213)        0.093369675     -3     3    0.00019187808
780 region_rec_diffs(3,214)        -0.43902998     -3     3    -4.1175541e-05
781 region_rec_diffs(3,215)        0.15234021     -3     3    7.6369429e-06
782 region_rec_diffs(3,216)        0.084872076     -3     3    9.4375533e-05
783 region_rec_diffs(3,217)        -1.2279803     -3     3    -6.1253541e-06
784 region_rec_diffs(3,218)        0.0078693117     -3     3    9.5632457e-05
785 region_rec_diffs(3,219)        -0.21141956     -3     3    -6.3400355e-05
786 region_rec_diffs(3,220)        0.62343464     -3     3    -8.6304581e-06
787 region_rec_diffs(3,221)        -0.1189725     -3     3    8.7228655e-05
788 region_rec_diffs(3,222)        0.67143918     -3     3    -2.1042564e-05
789 region_rec_diffs(3,223)        0.48183549     -3     3    -4.1803134e-05
790 region_rec_diffs(3,224)        0.11092025     -3     3    -0.00016592006
791 region_rec_diffs(3,225)        -2.4995132     -3     3    -1.9366104e-05
792 region_rec_diffs(3,226)        -0.31981265     -3     3    0.00026712404
793 region_rec_diffs(3,227)        -0.49768959     -3     3    -1.5028954e-05
794 region_rec_diffs(3,228)        0.16361114     -3     3    -0.00017961679
795 region_rec_diffs(3,229)        -0.66894105     -3     3    -4.8389737e-05
796 region_rec_diffs(3,230)        0.71453464     -3     3    2.30197e-05
797 region_rec_diffs(3,231)        0.53985511     -3     3    -4.200311e-06
798 region_rec_diffs(3,232)        0.17902602     -3     3    -0.00020849504
799 region_rec_diffs(3,233)        -0.0051879608     -3     3    -6.7710455e-05
800 region_rec_diffs(3,234)        -1.7382329     -3     3    1.2467113e-05
801 region_rec_diffs(3,235)        -0.097419605     -3     3    9.9319988e-05
802 region_rec_diffs(3,236)        -0.065786096     -3     3    9.5516718e-05
803 region_rec_diffs(3,237)        -1.9930406     -3     3    3.0788643e-05
804 region_rec_diffs(3,238)        -1.0975142     -3     3    0.00025253478
805 region_rec_diffs(3,239)        -1.2937843     -3     3    5.1136414e-05
806 region_rec_diffs(3,240)        0.26270524     -3     3    0.00027419149
807 region_rec_diffs(3,241)        -1.118062     -3     3    -4.8095744e-05
808 region_rec_diffs(3,242)        0.47019454     -3     3    -3.8465587e-06
809 region_rec_diffs(3,243)        0.094460242     -3     3    -3.5103144e-05
810 region_rec_diffs(3,244)        0.2632661     -3     3    0.00014082433
811 region_rec_diffs(3,245)        -1.8091126     -3     3    -2.7621478e-06
812 region_rec_diffs(3,246)        -1.4709323     -3     3    1.6857816e-06
813 region_rec_diffs(3,247)        0.25092921     -3     3    -1.755007e-05
814 region_rec_diffs(3,248)        0.065938247     -3     3    6.0959437e-05
815 region_rec_diffs(3,249)        -0.32668157     -3     3    -3.2696084e-05
816 region_rec_diffs(3,250)        0.36344315     -3     3    3.9459848e-05
817 region_rec_diffs(3,251)        0.47750899     -3     3    -3.0991208e-05
818 region_rec_diffs(3,252)        0.22840101     -3     3    -5.0376587e-05
819 region_rec_diffs(3,253)        -0.44041536     -3     3    -0.00041935871
820 region_rec_diffs(3,254)        0.63431698     -3     3    6.4793397e-05
821 region_rec_diffs(3,255)        0.62072999     -3     3    1.9658995e-05
822 region_rec_diffs(3,256)        -2.1366088     -3     3    -6.833615e-05
823 region_rec_diffs(3,257)        -0.7424344     -3     3    -5.8349285e-05
824 region_rec_diffs(3,258)        0.12865069     -3     3    -9.7182756e-05
825 region_rec_diffs(3,259)        -0.38618988     -3     3    4.933945e-05
826 region_rec_diffs(3,260)        0.55771632     -3     3    5.8273258e-05
827 region_rec_diffs(3,261)        -1.2158213     -3     3    -0.00013313222
828 region_rec_diffs(3,262)        0.19799616     -3     3    -2.5353621e-05
829 region_rec_diffs(3,263)        0.70847375     -3     3    -9.2968601e-06
830 region_rec_diffs(3,264)        0.40258337     -3     3    0.00011380102
831 region_rec_diffs(3,265)        -0.062805671     -3     3    8.6277524e-05
832 region_rec_diffs(3,266)        0.57190213     -3     3    2.1603379e-05
833 region_rec_diffs(3,267)        0.57417101     -3     3    2.5058451e-05
834 region_rec_diffs(3,268)        0.011747107     -3     3    6.9971821e-05
835 region_rec_diffs(3,269)        0.64886914     -3     3    4.1393704e-06
836 region_rec_diffs(3,270)        -0.21787972     -3     3    -2.1076726e-05
837 region_rec_diffs(3,271)        -0.25527142     -3     3    0.0001768874
838 region_rec_diffs(3,272)        -0.18079192     -3     3    -9.4142718e-05
839 region_rec_diffs(3,273)        -0.39327228     -3     3    -0.00014084321
840 region_rec_diffs(3,274)        -1.3656345     -3     3    -5.348582e-05
841 region_rec_diffs(3,275)        0.66292292     -3     3    1.6545005e-05
842 region_rec_diffs(3,276)        -0.26967305     -3     3    -3.9049164e-05
843 region_rec_diffs(3,277)        -0.87499689     -3     3    6.9303971e-06
844 region_rec_diffs(3,278)        -2.6515638     -3     3    -1.0922676e-05
845 region_rec_diffs(3,279)        -0.16779208     -3     3    -8.0932298e-05
846 region_rec_diffs(4,1)        8.8817842e-16     -3     3    2.430204e-15
847 region_rec_diffs(4,2)        0.47563574     -3     3    -0.00017440547
848 region_rec_diffs(4,3)        0.45316336     -3     3    0.00031430566
849 region_rec_diffs(4,4)        0.44432696     -3     3    0.00017429389
850 region_rec_diffs(4,5)        0.46093523     -3     3    -0.00028807336
851 region_rec_diffs(4,6)        0.86567904     -3     3    -5.2046275e-05
852 region_rec_diffs(4,7)        0.032911748     -3     3    -7.7053661e-06
853 region_rec_diffs(4,8)        0.043868962     -3     3    1.2735e-05
854 region_rec_diffs(4,9)        0.15464949     -3     3    -0.00015504533
855 region_rec_diffs(4,10)        0.10441877     -3     3    -8.8598957e-05
856 region_rec_diffs(4,11)        0.046031781     -3     3    -4.389141e-05
857 region_rec_diffs(4,12)        0.093511666     -3     3    9.0525423e-05
858 region_rec_diffs(4,13)        0.62793879     -3     3    0.00012693195
859 region_rec_diffs(4,14)        0.075983872     -3     3    5.5948471e-05
860 region_rec_diffs(4,15)        0.064869851     -3     3    6.8544683e-05
861 region_rec_diffs(4,16)        1.1364171     -3     3    0.00024644062
862 region_rec_diffs(4,17)        0.16820698     -3     3    1.9730174e-05
863 region_rec_diffs(4,18)        0.05227476     -3     3    1.6234654e-05
864 region_rec_diffs(4,19)        0.073859466     -3     3    2.621717e-05
865 region_rec_diffs(4,20)        0.21630337     -3     3    -4.5140973e-06
866 region_rec_diffs(4,21)        1.3785927     -3     3    0.00024749376
867 region_rec_diffs(4,22)        0.056383972     -3     3    -2.5251857e-05
868 region_rec_diffs(4,23)        0.035961709     -3     3    9.4786201e-06
869 region_rec_diffs(4,24)        0.048434406     -3     3    5.7607417e-05
870 region_rec_diffs(4,25)        0.58821052     -3     3    0.00014932501
871 region_rec_diffs(4,26)        0.012412553     -3     3    -5.8108364e-06
872 region_rec_diffs(4,27)        0.0043270685     -3     3    -3.0277791e-05
873 region_rec_diffs(4,28)        -0.01631153     -3     3    -1.6290248e-05
874 region_rec_diffs(4,29)        -0.032842789     -3     3    2.4053361e-05
875 region_rec_diffs(4,30)        -0.012867705     -3     3    4.5891045e-07
876 region_rec_diffs(4,31)        -0.0070624196     -3     3    2.7368399e-05
877 region_rec_diffs(4,32)        0.42440695     -3     3    -3.943943e-05
878 region_rec_diffs(4,33)        0.067003651     -3     3    1.5035682e-05
879 region_rec_diffs(4,34)        0.12718455     -3     3    -7.4276103e-06
880 region_rec_diffs(4,35)        0.079079953     -3     3    -2.4448484e-05
881 region_rec_diffs(4,36)        0.2129182     -3     3    -0.0001222105
882 region_rec_diffs(4,37)        0.054988874     -3     3    7.6691865e-05
883 region_rec_diffs(4,38)        0.63727573     -3     3    -5.2502229e-05
884 region_rec_diffs(4,39)        0.065114975     -3     3    5.3237824e-05
885 region_rec_diffs(4,40)        1.5805695     -3     3    0.00019373945
886 region_rec_diffs(4,41)        0.20102834     -3     3    9.6049406e-06
887 region_rec_diffs(4,42)        0.34305557     -3     3    3.1665376e-05
888 region_rec_diffs(4,43)        0.13718069     -3     3    4.0251499e-06
889 region_rec_diffs(4,44)        0.47391257     -3     3    -1.1519145e-05
890 region_rec_diffs(4,45)        0.14502621     -3     3    -7.1785571e-05
891 region_rec_diffs(4,46)        -0.023013968     -3     3    -0.00013667013
892 region_rec_diffs(4,47)        -0.015967414     -3     3    -3.1124147e-05
893 region_rec_diffs(4,48)        -0.033208798     -3     3    1.4356886e-05
894 region_rec_diffs(4,49)        -0.067997445     -3     3    -4.4003468e-05
895 region_rec_diffs(4,50)        2.0024027     -3     3    7.9989822e-05
896 region_rec_diffs(4,51)        0.072902379     -3     3    -2.6444484e-05
897 region_rec_diffs(4,52)        0.052345935     -3     3    -7.3007639e-05
898 region_rec_diffs(4,53)        0.11033604     -3     3    3.5972212e-06
899 region_rec_diffs(4,54)        -0.039010437     -3     3    -0.00013668699
900 region_rec_diffs(4,55)        -0.013598202     -3     3    -1.4857977e-05
901 region_rec_diffs(4,56)        -0.042810008     -3     3    -8.5394763e-07
902 region_rec_diffs(4,57)        -0.16931976     -3     3    -1.9414964e-05
903 region_rec_diffs(4,58)        -0.95610459     -3     3    6.629745e-05
904 region_rec_diffs(4,59)        -0.081370171     -3     3    -1.7126277e-05
905 region_rec_diffs(4,60)        -0.069074167     -3     3    1.7880797e-05
906 region_rec_diffs(4,61)        0.77516884     -3     3    -5.495239e-05
907 region_rec_diffs(4,62)        0.16940516     -3     3    -0.00011597469
908 region_rec_diffs(4,63)        0.096245992     -3     3    6.8307146e-07
909 region_rec_diffs(4,64)        2.103119     -3     3    8.9721518e-05
910 region_rec_diffs(4,65)        0.13397182     -3     3    -3.3405834e-05
911 region_rec_diffs(4,66)        -0.10529644     -3     3    -1.8241768e-05
912 region_rec_diffs(4,67)        -0.015825583     -3     3    8.6356806e-06
913 region_rec_diffs(4,68)        -0.26439318     -3     3    -2.4755127e-05
914 region_rec_diffs(4,69)        -0.15431403     -3     3    -1.3206063e-05
915 region_rec_diffs(4,70)        -0.27613931     -3     3    -0.00010585546
916 region_rec_diffs(4,71)        0.027353163     -3     3    -9.1197171e-06
917 region_rec_diffs(4,72)        0.058667192     -3     3    -5.2711688e-05
918 region_rec_diffs(4,73)        0.10302099     -3     3    -4.9371375e-05
919 region_rec_diffs(4,74)        0.98556565     -3     3    5.1335447e-05
920 region_rec_diffs(4,75)        0.018648685     -3     3    8.7393548e-06
921 region_rec_diffs(4,76)        0.080832069     -3     3    1.2595088e-05
922 region_rec_diffs(4,77)        1.3233274     -3     3    0.00012486828
923 region_rec_diffs(4,78)        0.12234106     -3     3    7.544367e-05
924 region_rec_diffs(4,79)        0.058679394     -3     3    -6.855618e-06
925 region_rec_diffs(4,80)        -0.048867488     -3     3    -3.7846277e-05
926 region_rec_diffs(4,81)        -0.20881182     -3     3    3.5256819e-05
927 region_rec_diffs(4,82)        -0.054622201     -3     3    -6.0970786e-06
928 region_rec_diffs(4,83)        0.10326776     -3     3    -6.3976806e-05
929 region_rec_diffs(4,84)        1.1969494     -3     3    -1.6382424e-07
930 region_rec_diffs(4,85)        0.12489143     -3     3    7.961411e-05
931 region_rec_diffs(4,86)        0.041813038     -3     3    -1.5417795e-05
932 region_rec_diffs(4,87)        0.93913499     -3     3    0.00014020935
933 region_rec_diffs(4,88)        -0.023008495     -3     3    -6.6855693e-05
934 region_rec_diffs(4,89)        0.0026971126     -3     3    -1.8549258e-05
935 region_rec_diffs(4,90)        0.017016129     -3     3    1.6466304e-05
936 region_rec_diffs(4,91)        0.68447621     -3     3    1.2867051e-05
937 region_rec_diffs(4,92)        0.11482637     -3     3    1.7879409e-06
938 region_rec_diffs(4,93)        0.081083096     -3     3    2.5114946e-05
939 region_rec_diffs(4,94)        0.040257696     -3     3    2.4513853e-06
940 region_rec_diffs(4,95)        1.3862392     -3     3    4.9031483e-05
941 region_rec_diffs(4,96)        -0.010492912     -3     3    3.0677916e-06
942 region_rec_diffs(4,97)        -0.0038541773     -3     3    -9.2086431e-07
943 region_rec_diffs(4,98)        0.032528476     -3     3    -1.0416994e-05
944 region_rec_diffs(4,99)        -0.27424768     -3     3    -3.0576866e-05
945 region_rec_diffs(4,100)        -0.10208043     -3     3    5.9860578e-05
946 region_rec_diffs(4,101)        0.016233552     -3     3    2.9145062e-05
947 region_rec_diffs(4,102)        0.0261843     -3     3    -1.2246732e-06
948 region_rec_diffs(4,103)        0.070684666     -3     3    1.3769725e-05
949 region_rec_diffs(4,104)        0.91169133     -3     3    -1.101643e-05
950 region_rec_diffs(4,105)        0.015718659     -3     3    1.7757759e-05
951 region_rec_diffs(4,106)        -0.0076093463     -3     3    -3.304968e-05
952 region_rec_diffs(4,107)        -0.046127943     -3     3    -6.2209336e-06
953 region_rec_diffs(4,108)        0.18508012     -3     3    3.2176922e-06
954 region_rec_diffs(4,109)        0.89051976     -3     3    0.00010578558
955 region_rec_diffs(4,110)        0.083228429     -3     3    6.7355699e-06
956 region_rec_diffs(4,111)        0.028920072     -3     3    -1.7205512e-05
957 region_rec_diffs(4,112)        -0.12083915     -3     3    1.5609915e-07
958 region_rec_diffs(4,113)        0.072493114     -3     3    -6.0169514e-06
959 region_rec_diffs(4,114)        1.3648264     -3     3    6.8564169e-07
960 region_rec_diffs(4,115)        0.071534558     -3     3    -3.739475e-05
961 region_rec_diffs(4,116)        -0.14677996     -3     3    6.1088876e-05
962 region_rec_diffs(4,117)        -0.09769605     -3     3    -1.0149852e-06
963 region_rec_diffs(4,118)        -0.32982602     -3     3    3.7013182e-05
964 region_rec_diffs(4,119)        -0.89296842     -3     3    0.00018866914
965 region_rec_diffs(4,120)        -0.38019048     -3     3    2.1256652e-05
966 region_rec_diffs(4,121)        -0.27586754     -3     3    1.3603162e-05
967 region_rec_diffs(4,122)        -0.046172195     -3     3    2.9266278e-05
968 region_rec_diffs(4,123)        -0.11711294     -3     3    1.4819344e-05
969 region_rec_diffs(4,124)        1.401967     -3     3    -0.00011567184
970 region_rec_diffs(4,125)        0.083956365     -3     3    -4.1576689e-05
971 region_rec_diffs(4,126)        0.010684525     -3     3    3.7500671e-05
972 region_rec_diffs(4,127)        0.11403826     -3     3    6.487145e-06
973 region_rec_diffs(4,128)        -0.047695878     -3     3    3.6726791e-05
974 region_rec_diffs(4,129)        -0.013239504     -3     3    -1.6758852e-05
975 region_rec_diffs(4,130)        0.0070949788     -3     3    1.0609754e-05
976 region_rec_diffs(4,131)        0.37534359     -3     3    1.749741e-05
977 region_rec_diffs(4,132)        0.095724401     -3     3    -1.9237026e-05
978 region_rec_diffs(4,133)        0.089720528     -3     3    -3.0280806e-06
979 region_rec_diffs(4,134)        0.14708425     -3     3    -1.4843353e-05
980 region_rec_diffs(4,135)        -0.25100629     -3     3    -0.0001498448
981 region_rec_diffs(4,136)        0.077230834     -3     3    -3.1420273e-05
982 region_rec_diffs(4,137)        -0.09284522     -3     3    -1.9835362e-05
983 region_rec_diffs(4,138)        0.058210186     -3     3    -1.5022588e-06
984 region_rec_diffs(4,139)        0.078727179     -3     3    -1.1030928e-05
985 region_rec_diffs(4,140)        0.3679269     -3     3    5.9028007e-05
986 region_rec_diffs(4,141)        -0.19087408     -3     3    -9.3830818e-07
987 region_rec_diffs(4,142)        0.097687756     -3     3    -1.665733e-05
988 region_rec_diffs(4,143)        0.0017677986     -3     3    -7.2916119e-06
989 region_rec_diffs(4,144)        1.2876303     -3     3    -4.281651e-06
990 region_rec_diffs(4,145)        0.22709353     -3     3    5.1547649e-05
991 region_rec_diffs(4,146)        0.015288465     -3     3    -1.8385296e-06
992 region_rec_diffs(4,147)        -0.018940089     -3     3    -4.3052993e-05
993 region_rec_diffs(4,148)        -0.47905065     -3     3    -1.95476e-05
994 region_rec_diffs(4,149)        -0.23037601     -3     3    9.2162576e-06
995 region_rec_diffs(4,150)        0.040978126     -3     3    1.5180782e-05
996 region_rec_diffs(4,151)        -0.41624829     -3     3    -9.8467141e-06
997 region_rec_diffs(4,152)        -0.17737659     -3     3    -0.00011554335
998 region_rec_diffs(4,153)        0.14987188     -3     3    -3.8633802e-05
999 region_rec_diffs(4,154)        -0.16530588     -3     3    -3.1510063e-05
1000 region_rec_diffs(4,155)        0.14910111     -3     3    -4.5507513e-05
1001 region_rec_diffs(4,156)        0.068640172     -3     3    -7.2056456e-05
1002 region_rec_diffs(4,157)        -0.04076965     -3     3    -2.3921044e-05
1003 region_rec_diffs(4,158)        0.010427794     -3     3    -5.0831968e-05
1004 region_rec_diffs(4,159)        -0.3042041     -3     3    -5.8692928e-05
1005 region_rec_diffs(4,160)        -0.28358843     -3     3    -3.3315487e-05
1006 region_rec_diffs(4,161)        0.12176684     -3     3    7.4628643e-05
1007 region_rec_diffs(4,162)        1.9529687     -3     3    -1.1181191e-05
1008 region_rec_diffs(4,163)        0.14904324     -3     3    3.6750151e-05
1009 region_rec_diffs(4,164)        -0.8050514     -3     3    1.3651091e-05
1010 region_rec_diffs(4,165)        -0.75680659     -3     3    3.4274504e-05
1011 region_rec_diffs(4,166)        -0.9777835     -3     3    3.034136e-05
1012 region_rec_diffs(4,167)        -0.67437259     -3     3    1.68592e-05
1013 region_rec_diffs(4,168)        -2.2624765     -3     3    5.4428112e-05
1014 region_rec_diffs(4,169)        -0.96158742     -3     3    1.9694351e-05
1015 region_rec_diffs(4,170)        -0.37792625     -3     3    -2.851511e-05
1016 region_rec_diffs(4,171)        0.38819125     -3     3    1.7167153e-05
1017 region_rec_diffs(4,172)        0.71614478     -3     3    5.8222611e-05
1018 region_rec_diffs(4,173)        -1.5205398     -3     3    8.6197271e-05
1019 region_rec_diffs(4,174)        -0.51512477     -3     3    9.5027966e-06
1020 region_rec_diffs(4,175)        -0.29572852     -3     3    -5.5167179e-06
1021 region_rec_diffs(4,176)        -1.4196051     -3     3    3.0400671e-05
1022 region_rec_diffs(4,177)        -1.0050257     -3     3    1.7135513e-05
1023 region_rec_diffs(4,178)        -1.654462     -3     3    5.9054996e-05
1024 region_rec_diffs(4,179)        2.3465501     -3     3    3.9646515e-05
1025 region_rec_diffs(4,180)        -0.15273238     -3     3    1.0709761e-06
1026 region_rec_diffs(4,181)        -0.73971292     -3     3    -5.412678e-05
1027 region_rec_diffs(4,182)        -2.2060953     -3     3    -1.2269865e-05
1028 region_rec_diffs(4,183)        -1.447717     -3     3    -2.5486495e-05
1029 region_rec_diffs(4,184)        -2.3451219     -3     3    -5.7953081e-05
1030 region_rec_diffs(4,185)        -0.22685031     -3     3    7.6949287e-06
1031 region_rec_diffs(4,186)        -1.6427938     -3     3    -3.9791455e-05
1032 region_rec_diffs(4,187)        2.24239     -3     3    0.00012009093
1033 region_rec_diffs(4,188)        1.1245867     -3     3    -7.1337792e-05
1034 region_rec_diffs(4,189)        -0.10902525     -3     3    2.749751e-05
1035 region_rec_diffs(4,190)        -1.0925523     -3     3    5.9386544e-05
1036 region_rec_diffs(4,191)        -1.3758625     -3     3    4.5336803e-05
1037 region_rec_diffs(4,192)        -0.4754492     -3     3    3.0868609e-06
1038 region_rec_diffs(4,193)        -0.51320986     -3     3    6.9813426e-05
1039 region_rec_diffs(4,194)        2.3725856     -3     3    1.8944892e-05
1040 region_rec_diffs(4,195)        -0.045496083     -3     3    -4.7953461e-06
1041 region_rec_diffs(4,196)        -1.6280128     -3     3    2.1267041e-05
1042 region_rec_diffs(4,197)        -2.07694     -3     3    2.020649e-06
1043 region_rec_diffs(4,198)        -0.78215849     -3     3    4.6177617e-05
1044 region_rec_diffs(4,199)        -2.9999995     -3     3    2.8662787e-06   *************
1045 region_rec_diffs(4,200)        -2.0050408     -3     3    -1.4132538e-05
1046 region_rec_diffs(4,201)        -2.0729126     -3     3    1.3657241e-05
1047 region_rec_diffs(4,202)        -1.6646825     -3     3    1.5225258e-06
1048 region_rec_diffs(4,203)        -0.96460219     -3     3    1.3274655e-05
1049 region_rec_diffs(4,204)        0.30679506     -3     3    -0.0001267696
1050 region_rec_diffs(4,205)        2.387315     -3     3    3.8407141e-05
1051 region_rec_diffs(4,206)        -1.1071492     -3     3    1.2277706e-05
1052 region_rec_diffs(4,207)        -0.94126389     -3     3    -2.2173315e-05
1053 region_rec_diffs(4,208)        -1.076695     -3     3    -1.261676e-05
1054 region_rec_diffs(4,209)        -0.95223966     -3     3    8.7535445e-05
1055 region_rec_diffs(4,210)        -0.82290295     -3     3    4.0283346e-05
1056 region_rec_diffs(4,211)        -0.24507717     -3     3    3.6397643e-05
1057 region_rec_diffs(4,212)        -0.44938417     -3     3    3.1753928e-05
1058 region_rec_diffs(4,213)        -0.27571564     -3     3    -2.5699676e-06
1059 region_rec_diffs(4,214)        2.0917679     -3     3    -5.3106562e-06
1060 region_rec_diffs(4,215)        1.6747229     -3     3    -4.5535388e-05
1061 region_rec_diffs(4,216)        -0.95447693     -3     3    -3.6860502e-05
1062 region_rec_diffs(4,217)        -1.4886095     -3     3    -2.4176095e-05
1063 region_rec_diffs(4,218)        -0.48997415     -3     3    -5.3614181e-05
1064 region_rec_diffs(4,219)        -0.29768822     -3     3    -1.9296147e-05
1065 region_rec_diffs(4,220)        -1.0299563     -3     3    -1.2156008e-05
1066 region_rec_diffs(4,221)        1.4869608     -3     3    -1.9345214e-05
1067 region_rec_diffs(4,222)        0.035614714     -3     3    2.9231721e-05
1068 region_rec_diffs(4,223)        1.2643693     -3     3    0.00012236009
1069 region_rec_diffs(4,224)        0.31570053     -3     3    -0.00028958562
1070 region_rec_diffs(4,225)        -0.78108034     -3     3    3.1018142e-05
1071 region_rec_diffs(4,226)        -0.42711893     -3     3    7.8930914e-05
1072 region_rec_diffs(4,227)        -0.13395149     -3     3    -4.5263842e-05
1073 region_rec_diffs(4,228)        -1.0939014     -3     3    -2.0318814e-05
1074 region_rec_diffs(4,229)        0.35764881     -3     3    8.5808579e-05
1075 region_rec_diffs(4,230)        0.36203147     -3     3    6.4627798e-05
1076 region_rec_diffs(4,231)        -1.0156117     -3     3    -0.00013671165
1077 region_rec_diffs(4,232)        0.73172616     -3     3    7.6395499e-05
1078 region_rec_diffs(4,233)        0.22239457     -3     3    3.9112175e-05
1079 region_rec_diffs(4,234)        1.1803245     -3     3    -1.9123451e-05
1080 region_rec_diffs(4,235)        0.72618926     -3     3    -0.00023483451
1081 region_rec_diffs(4,236)        0.53391801     -3     3    2.118542e-05
1082 region_rec_diffs(4,237)        0.63506791     -3     3    0.00052881246
1083 region_rec_diffs(4,238)        0.25958098     -3     3    -0.00010630559
1084 region_rec_diffs(4,239)        1.1144431     -3     3    -0.00038320423
1085 region_rec_diffs(4,240)        0.96737603     -3     3    -9.0165417e-06
1086 region_rec_diffs(4,241)        -0.33021113     -3     3    0.00019493935
1087 region_rec_diffs(4,242)        0.13889511     -3     3    -5.820083e-05
1088 region_rec_diffs(4,243)        -0.10053672     -3     3    4.6067101e-05
1089 region_rec_diffs(4,244)        -0.54088291     -3     3    1.978354e-05
1090 region_rec_diffs(4,245)        -0.59620427     -3     3    0.00057198406
1091 region_rec_diffs(4,246)        -0.36148862     -3     3    -8.2017467e-05
1092 region_rec_diffs(4,247)        -0.55242805     -3     3    0.00046787513
1093 region_rec_diffs(4,248)        -0.36896274     -3     3    -0.00017509899
1094 region_rec_diffs(4,249)        -0.17036276     -3     3    -3.481037e-05
1095 region_rec_diffs(4,250)        0.15615014     -3     3    -6.0796681e-05
1096 region_rec_diffs(4,251)        0.32353191     -3     3    -0.00010911118
1097 region_rec_diffs(4,252)        -1.596674     -3     3    -4.0061374e-05
1098 region_rec_diffs(4,253)        -0.68481334     -3     3    -0.00017306736
1099 region_rec_diffs(4,254)        -0.79807195     -3     3    -2.1741878e-05
1100 region_rec_diffs(4,255)        -0.4566769     -3     3    -2.6939123e-05
1101 region_rec_diffs(4,256)        0.75480746     -3     3    8.1854249e-05
1102 region_rec_diffs(4,257)        0.0022876218     -3     3    7.5025234e-06
1103 region_rec_diffs(4,258)        -0.42863169     -3     3    7.8648828e-06
1104 region_rec_diffs(4,259)        -0.65340761     -3     3    5.7367698e-05
1105 region_rec_diffs(4,260)        -1.3240223     -3     3    0.00010245919
1106 region_rec_diffs(4,261)        -1.8527511     -3     3    9.6877003e-05
1107 region_rec_diffs(4,262)        -0.89350707     -3     3    7.6401872e-05
1108 region_rec_diffs(4,263)        -0.60092675     -3     3    6.1901992e-05
1109 region_rec_diffs(4,264)        0.2217636     -3     3    7.7334488e-05
1110 region_rec_diffs(4,265)        1.4724638     -3     3    -2.0819217e-05
1111 region_rec_diffs(4,266)        -0.12949451     -3     3    7.9176789e-06
1112 region_rec_diffs(4,267)        -0.39837506     -3     3    6.1312051e-06
1113 region_rec_diffs(4,268)        -1.0403764     -3     3    -7.0399724e-05
1114 region_rec_diffs(4,269)        -0.9805706     -3     3    -5.4851701e-05
1115 region_rec_diffs(4,270)        -0.065764965     -3     3    1.0502825e-05
1116 region_rec_diffs(4,271)        -0.2716817     -3     3    -2.2677631e-05
1117 region_rec_diffs(4,272)        0.073633074     -3     3    -1.5122254e-05
1118 region_rec_diffs(4,273)        -0.016122629     -3     3    2.4366616e-05
1119 region_rec_diffs(4,274)        -0.041862417     -3     3    5.1871225e-06
1120 region_rec_diffs(4,275)        -0.67123229     -3     3    2.9945887e-05
1121 region_rec_diffs(4,276)        -0.90982624     -3     3    4.0896257e-05
1122 region_rec_diffs(4,277)        -0.82780513     -3     3    4.9686536e-05
1123 region_rec_diffs(4,278)        0.12304795     -3     3    -5.2218122e-06
1124 region_rec_diffs(4,279)        0.12468376     -3     3    -4.2361819e-07
1125 bs_selcoff_gp:1(1,1,1,1)        -8.6191386     -20     7    -3.1283524e-05
1126 bs_selcoff_gp:1(1,1,1,2)        -2.4533781     -20     7    0.00010448617
1127 bs_selcoff_gp:1(1,1,1,3)        -0.34553273     -20     7    -9.0186008e-05
1128 bs_selcoff_gp:1(1,1,1,4)        0.94133779     -20     7    -1.7993907e-05
1129 bs_selcoff_gp:1(1,1,1,5)        0.49626534     -20     7    0.00011183626
1130 bs_selcoff_gp:2(2,1,1,1)        -6.7616837     -20     7    -0.00011635711
1131 bs_selcoff_gp:2(2,1,1,2)        -2.4161142     -20     7    0.00011879227
1132 bs_selcoff_gp:2(2,1,1,3)        -0.57143749     -20     7    -2.8455063e-05
1133 bs_selcoff_gp:2(2,1,1,4)        1.1723122     -20     7    1.7355015e-05
1134 bs_selcoff_gp:2(2,1,1,5)        0.10921506     -20     7    -5.9486724e-05
1135 bs_selcoff_gp:3(3,1,1,1)        -19.999991     -20     7    2.2130712e-05   *************
1136 bs_selcoff_gp:3(3,1,1,2)        -4.6714596     -20     7    -3.1446355e-05
1137 bs_selcoff_gp:3(3,1,1,3)        -0.47236979     -20     7    -2.3693489e-05
1138 bs_selcoff_gp:3(3,1,1,4)        1.0855175     -20     7    -6.0724269e-06
1139 bs_selcoff_gp:3(3,1,1,5)        0.34248117     -20     7    2.7301004e-05
1140 bs_selcoff_gp:4(4,1,1,1)        -6.8484174     -20     7    3.2873556e-06
1141 bs_selcoff_gp:4(4,1,1,2)        -2.7106555     -20     7    3.260019e-05
1142 bs_selcoff_gp:4(4,1,1,3)        -1.1467045     -20     7    6.131905e-07
1143 bs_selcoff_gp:4(4,1,1,4)        1.3794959     -20     7    2.5560011e-05
1144 bs_selcoff_gp:4(4,1,1,5)        -0.44336257     -20     7    8.603458e-06
1145 bs_selcoff_gp:5(5,1,1,1)        -6.5238539     -20     7    -3.6119015e-05
1146 bs_selcoff_gp:5(5,1,1,2)        -2.8921381     -20     7    2.5193118e-05
1147 bs_selcoff_gp:5(5,1,1,3)        -0.83510182     -20     7    -7.4496251e-06
1148 bs_selcoff_gp:5(5,1,1,4)        1.1515483     -20     7    -2.3943738e-06
1149 bs_selcoff_gp:5(5,1,1,5)        0.29725578     -20     7    3.2195779e-05
1150 bs_selcoff_gp:6(6,1,1,1)        -4.522558     -20     7    6.1888658e-05
1151 bs_selcoff_gp:6(6,1,1,2)        -2.3509385     -20     7    0.00016323193
1152 bs_selcoff_gp:6(6,1,1,3)        0.048279797     -20     7    0.00020982981
1153 bs_selcoff_gp:6(6,1,1,4)        1.035514     -20     7    -0.00011449595
1154 bs_selcoff_gp:6(6,1,1,5)        0.027515342     -20     7    0.0001226518
1155 bs_selcoff_gp:7(7,1,1,1)        -8.7647274     -20     7    -1.4926901e-05
1156 bs_selcoff_gp:7(7,1,1,2)        -2.9361572     -20     7    0.00024970344
1157 bs_selcoff_gp:7(7,1,1,3)        -0.51435221     -20     7    -0.00036510476
1158 bs_selcoff_gp:7(7,1,1,4)        1.2723909     -20     7    7.1397647e-05
1159 bs_selcoff_gp:7(7,1,1,5)        -0.24909553     -20     7    -4.6122435e-06
1160 bs_selcoff_gp:8(8,1,1,1)        -9.2712313     -20     7    8.3120205e-07
1161 bs_selcoff_gp:8(8,1,1,2)        -5.4378385     -20     7    -6.6099578e-07
1162 bs_selcoff_gp:8(8,1,1,3)        -2.6691828     -20     7    0.00025266215
1163 bs_selcoff_gp:8(8,1,1,4)        1.4169039     -20     7    -6.0236919e-05
1164 bs_selcoff_gp:8(8,1,1,5)        -0.22069608     -20     7    0.00016011626
1165 bs_selcoff_gp:9(9,1,1,1)        -19.985985     -20     7    0.00014671272   *************
1166 bs_selcoff_gp:9(9,1,1,2)        -17.243506     -20     7    6.5810371e-06
1167 bs_selcoff_gp:9(9,1,1,3)        -4.6148133     -20     7    1.8493446e-05
1168 bs_selcoff_gp:9(9,1,1,4)        0.75025574     -20     7    -1.7674254e-05
1169 bs_selcoff_gp:9(9,1,1,5)        1.0553351     -20     7    1.8469115e-05
1170 bs_selcoff_gp:10(10,1,1,1)        -7.6743902     -20     7    8.8225942e-05
1171 bs_selcoff_gp:10(10,1,1,2)        -2.2591427     -20     7    -2.6636122e-05
1172 bs_selcoff_gp:10(10,1,1,3)        -0.82160207     -20     7    0.0001087554
1173 bs_selcoff_gp:10(10,1,1,4)        1.2394922     -20     7    -2.8828293e-05
1174 bs_selcoff_gp:10(10,1,1,5)        0.0015349394     -20     7    6.8531628e-05
1175 bs_selcoff_gp:11(11,1,1,1)        -7.5284614     -20     7    -1.8289167e-05
1176 bs_selcoff_gp:11(11,1,1,2)        -4.6455199     -20     7    8.130878e-05
1177 bs_selcoff_gp:11(11,1,1,3)        0.051701036     -20     7    0.00045396208
1178 bs_selcoff_gp:11(11,1,1,4)        1.1871551     -20     7    -0.00015638104
1179 bs_selcoff_gp:11(11,1,1,5)        -0.41686984     -20     7    4.9014224e-05
1180 bs_selcoff_gp:12(12,1,1,1)        -8.1915725     -20     7    -1.1173631e-05
1181 bs_selcoff_gp:12(12,1,1,2)        -4.8856394     -20     7    5.7548726e-05
1182 bs_selcoff_gp:12(12,1,1,3)        -0.015820493     -20     7    -1.7423682e-05
1183 bs_selcoff_gp:12(12,1,1,4)        1.0270243     -20     7    2.4575474e-05
1184 bs_selcoff_gp:12(12,1,1,5)        0.194844     -20     7    -5.144451e-05
1185 bs_selcoff_gp:13(13,1,1,1)        1.2751752     -20     7    -1.6684858e-06
1186 bs_selcoff_gp:13(13,1,1,2)        0.092576657     -20     7    6.7094566e-05
1187 bs_selcoff_gp:13(13,1,1,3)        -1.2650353     -20     7    6.7428785e-05
1188 bs_selcoff_gp:13(13,1,1,4)        -3.2354878     -20     7    8.7716771e-05
1189 bs_selcoff_gp:13(13,1,1,5)        -6.1557292     -20     7    5.8499531e-05
1190 bs_selcoff_gp:14(14,1,1,1)        0.95293349     -20     7    -6.5995328e-06
1191 bs_selcoff_gp:14(14,1,1,2)        0.60989601     -20     7    2.2516352e-05
1192 bs_selcoff_gp:14(14,1,1,3)        -0.79677411     -20     7    -4.9796547e-05
1193 bs_selcoff_gp:14(14,1,1,4)        -2.207817     -20     7    -9.0925227e-05
1194 bs_selcoff_gp:14(14,1,1,5)        -5.163185     -20     7    5.2153253e-05
1195 bs_selcoff_gp:15(15,1,1,1)        1.1451286     -20     7    -8.4478243e-06
1196 bs_selcoff_gp:15(15,1,1,2)        0.28359348     -20     7    9.5979784e-06
1197 bs_selcoff_gp:15(15,1,1,3)        -0.6370663     -20     7    -8.8970334e-05
1198 bs_selcoff_gp:15(15,1,1,4)        -7.6681201     -20     7    7.6538535e-05
1199 bs_selcoff_gp:15(15,1,1,5)        -19.001236     -20     7    0.00016031695
1200 bs_selcoff_gp:16(16,1,1,1)        0.028870706     -20     7    2.3945408e-05
1201 bs_selcoff_gp:16(16,1,1,2)        1.2681421     -20     7    5.7015695e-05
1202 bs_selcoff_gp:16(16,1,1,3)        -1.3899688     -20     7    0.00014395056
1203 bs_selcoff_gp:16(16,1,1,4)        -1.7874289     -20     7    -0.00024252395
1204 bs_selcoff_gp:16(16,1,1,5)        -17.659746     -20     7    7.5739918e-05
1205 bs_selcoff_gp:17(17,1,1,1)        0.4653037     -20     7    2.3996706e-05
1206 bs_selcoff_gp:17(17,1,1,2)        0.8645944     -20     7    -2.7149842e-05
1207 bs_selcoff_gp:17(17,1,1,3)        -0.70002431     -20     7    0.0001881303
1208 bs_selcoff_gp:17(17,1,1,4)        -0.6234493     -20     7    -7.8590913e-05
1209 bs_selcoff_gp:17(17,1,1,5)        -7.1187596     -20     7    1.7773004e-05
1210 bs_selcoff_gp:18(18,1,1,1)        0.078619158     -20     7    -0.00019406205
1211 bs_selcoff_gp:18(18,1,1,2)        1.0063663     -20     7    7.8589142e-05
1212 bs_selcoff_gp:18(18,1,1,3)        -2.1455771     -20     7    1.5739543e-05
1213 bs_selcoff_gp:18(18,1,1,4)        0.063131335     -20     7    2.4430801e-05
1214 bs_selcoff_gp:18(18,1,1,5)        -7.854957     -20     7    -4.0129766e-06
1215 bs_selcoff_gp:19(19,1,1,1)        1.2159706     -20     7    -5.6006628e-05
1216 bs_selcoff_gp:19(19,1,1,2)        -14.718114     -20     7    -3.5367346e-05
1217 bs_selcoff_gp:19(19,1,1,3)        -19.998753     -20     7    0.00015294982   *************
1218 bs_selcoff_gp:19(19,1,1,4)        0.47337141     -20     7    -3.6736301e-05
1219 bs_selcoff_gp:19(19,1,1,5)        -3.8016517     -20     7    -8.2492488e-05
1220 bs_selcoff_gp:20(20,1,1,1)        -7.4934779     -20     7    1.6324596e-05
1221 bs_selcoff_gp:20(20,1,1,2)        -2.5417109     -20     7    -4.973789e-05
1222 bs_selcoff_gp:20(20,1,1,3)        -2.1540131     -20     7    0.0001888941
1223 bs_selcoff_gp:20(20,1,1,4)        1.0729104     -20     7    -6.536212e-05
1224 bs_selcoff_gp:20(20,1,1,5)        0.63171839     -20     7    8.9353071e-05
1225 bs_selcoff_gp:21(21,1,1,1)        1.0173642     -20     7    5.8043646e-05
1226 bs_selcoff_gp:21(21,1,1,2)        0.19974032     -20     7    -0.00019007786
1227 bs_selcoff_gp:21(21,1,1,3)        -0.006849782     -20     7    3.4169188e-05
1228 bs_selcoff_gp:21(21,1,1,4)        -3.9387819     -20     7    -8.6073591e-06
1229 bs_selcoff_gp:21(21,1,1,5)        -7.9312615     -20     7    -5.3976577e-06
1230 bs_selcoff_gp:22(22,1,1,1)        0.26034923     -20     7    5.0479112e-05
1231 bs_selcoff_gp:22(22,1,1,2)        0.45115879     -20     7    -0.00026560139
1232 bs_selcoff_gp:22(22,1,1,3)        0.68591103     -20     7    0.00020507816
1233 bs_selcoff_gp:22(22,1,1,4)        -1.9369348     -20     7    0.00020423748
1234 bs_selcoff_gp:22(22,1,1,5)        -5.8854554     -20     7    -5.2392961e-05
1235 bs_selcoff_gp:23(23,1,1,1)        -0.86349686     -20     7    -3.8186547e-05
1236 bs_selcoff_gp:23(23,1,1,2)        1.4831019     -20     7    -9.079785e-05
1237 bs_selcoff_gp:23(23,1,1,3)        -1.7621139     -20     7    0.0001457706
1238 bs_selcoff_gp:23(23,1,1,4)        -19.619804     -20     7    -0.00010573741
1239 bs_selcoff_gp:23(23,1,1,5)        -12.092594     -20     7    0.00014209187
1240 bs_selcoff_gp:24(24,1,1,1)        -16.136731     -20     7    -3.3303246e-05
1241 bs_selcoff_gp:24(24,1,1,2)        1.5716067     -20     7    -5.8219007e-05
1242 bs_selcoff_gp:24(24,1,1,3)        -16.784574     -20     7    0.0003350457
1243 bs_selcoff_gp:24(24,1,1,4)        -1.6836759     -20     7    0.0001170092
1244 bs_selcoff_gp:24(24,1,1,5)        -16.568966     -20     7    3.4353387e-05
1245 bs_selcoff_gp:25(25,1,1,1)        0.95313194     -20     7    -0.00014300092
1246 bs_selcoff_gp:25(25,1,1,2)        0.69036242     -20     7    7.9131605e-05
1247 bs_selcoff_gp:25(25,1,1,3)        -0.89693635     -20     7    5.3773154e-05
1248 bs_selcoff_gp:25(25,1,1,4)        -5.5385693     -20     7    1.0965313e-05
1249 bs_selcoff_gp:25(25,1,1,5)        -16.288062     -20     7    5.3716546e-05
1250 bs_selcoff_gp:26(26,1,1,1)        1.4002954     -20     7    -4.4616092e-05
1251 bs_selcoff_gp:26(26,1,1,2)        -8.1968013     -20     7    5.366785e-05
1252 bs_selcoff_gp:26(26,1,1,3)        -0.058176402     -20     7    0.00010866143
1253 bs_selcoff_gp:26(26,1,1,4)        -19.91179     -20     7    0.00016449711
1254 bs_selcoff_gp:26(26,1,1,5)        -10.31843     -20     7    4.5965808e-05
1255 bs_selcoff_gp:27(27,1,1,1)        1.5009718     -20     7    -0.00018643409
1256 bs_selcoff_gp:27(27,1,1,2)        -2.5179699     -20     7    -5.4065516e-07
1257 bs_selcoff_gp:27(27,1,1,3)        -0.83628878     -20     7    3.3403091e-05
1258 bs_selcoff_gp:27(27,1,1,4)        -11.001677     -20     7    0.00024982142
1259 bs_selcoff_gp:27(27,1,1,5)        -13.668492     -20     7    -3.7306557e-05
1260 bs_selcoff_gp:28(28,1,1,1)        1.4443788     -20     7    -9.1799884e-06
1261 bs_selcoff_gp:28(28,1,1,2)        -14.82822     -20     7    2.0565868e-05
1262 bs_selcoff_gp:28(28,1,1,3)        -4.7985207     -20     7    4.5396366e-05
1263 bs_selcoff_gp:28(28,1,1,4)        -0.28440937     -20     7    -9.1349872e-05
1264 bs_selcoff_gp:28(28,1,1,5)        -9.5331032     -20     7    -3.1783571e-05
1265 bs_selcoff_gp:29(29,1,1,1)        -19.998634     -20     7    0.00018584737   *************
1266 bs_selcoff_gp:29(29,1,1,2)        -5.3306649     -20     7    1.4708311e-05
1267 bs_selcoff_gp:29(29,1,1,3)        -0.84976011     -20     7    -6.9982591e-05
1268 bs_selcoff_gp:29(29,1,1,4)        1.1535832     -20     7    1.3382794e-05
1269 bs_selcoff_gp:29(29,1,1,5)        0.33539942     -20     7    9.2983478e-05
1270 recr(2)        1.2202292     -20     20    0.00011782564
1271 recr(3)        1.3022056     -20     20    -0.00010990793
1272 recr(4)        1.2336848     -20     20    -5.7463184e-05
1273 recr(5)        1.1956089     -20     20    0.00012592604
1274 recr(6)        2.6001772     -20     20    6.8117883e-05
1275 recr(7)        -0.69612383     -20     20    3.1759034e-05
1276 recr(8)        -0.94004545     -20     20    -4.8278295e-05
1277 recr(9)        0.49621298     -20     20    -0.00010995378
1278 recr(10)        0.16274601     -20     20    2.0005431e-05
1279 recr(11)        -1.0045524     -20     20    -6.4883382e-06
1280 recr(12)        -0.18964101     -20     20    -9.2989377e-05
1281 recr(13)        2.5359582     -20     20    6.6474024e-05
1282 recr(14)        -0.40583021     -20     20    -0.0001621704
1283 recr(15)        -0.46049166     -20     20    8.1765051e-05
1284 recr(16)        2.1471049     -20     20    0.00028189214
1285 recr(17)        1.0838215     -20     20    5.3711137e-05
1286 recr(18)        -0.67796961     -20     20    0.00012655746
1287 recr(19)        -0.87979813     -20     20    0.00013632622
1288 recr(20)        0.01814645     -20     20    -2.9364988e-05
1289 recr(21)        1.0660735     -20     20    -0.00014780473
1290 recr(22)        -0.70098723     -20     20    -0.00012737609
1291 recr(23)        -0.97997581     -20     20    3.356875e-05
1292 recr(24)        -0.42038806     -20     20    6.0336836e-05
1293 recr(25)        2.6052984     -20     20    1.0272587e-05
1294 recr(26)        -0.57339498     -20     20    3.1521127e-05
1295 recr(27)        -0.86347249     -20     20    0.00010134878
1296 recr(28)        -0.012033265     -20     20    0.00013539043
1297 recr(29)        -0.071087189     -20     20    -0.00013289435
1298 recr(30)        -1.037819     -20     20    -1.5733354e-05
1299 recr(31)        -0.64291702     -20     20    -0.00010361075
1300 recr(32)        2.3804085     -20     20    2.4586699e-05
1301 recr(33)        -0.73137489     -20     20    2.748921e-06
1302 recr(34)        -0.67641324     -20     20    8.6439364e-05
1303 recr(35)        -1.2309426     -20     20    -2.6102399e-05
1304 recr(36)        0.039473163     -20     20    4.0180328e-05
1305 recr(37)        -0.52470486     -20     20    -7.1907705e-05
1306 recr(38)        2.0952265     -20     20    4.6294958e-05
1307 recr(39)        -0.59038541     -20     20    6.6225309e-06
1308 recr(40)        1.3714691     -20     20    1.9545418e-05
1309 recr(41)        -0.36324043     -20     20    -7.5891619e-05
1310 recr(42)        -0.056585576     -20     20    4.1064177e-05
1311 recr(43)        -0.78331937     -20     20    -4.8174129e-07
1312 recr(44)        0.80566533     -20     20    0.00012886027
1313 recr(45)        1.3392139     -20     20    0.00011728223
1314 recr(46)        0.12889809     -20     20    4.8161623e-05
1315 recr(47)        -0.93971118     -20     20    -7.2659136e-05
1316 recr(48)        -0.23983951     -20     20    -5.0652373e-05
1317 recr(49)        1.4239548     -20     20    -0.00011046652
1318 recr(50)        1.5806449     -20     20    -8.4166912e-05
1319 recr(51)        -1.269252     -20     20    -2.778135e-05
1320 recr(52)        -1.512369     -20     20    -8.23108e-05
1321 recr(53)        -0.52027052     -20     20    9.6100326e-06
1322 recr(54)        1.9073908     -20     20    -2.770033e-05
1323 recr(55)        -1.1223954     -20     20    6.7787714e-05
1324 recr(56)        -1.4787748     -20     20    -7.0100339e-05
1325 recr(57)        -0.48669007     -20     20    -1.4923464e-05
1326 recr(58)        1.7382039     -20     20    -2.1616005e-05
1327 recr(59)        -1.0484418     -20     20    3.4577458e-05
1328 recr(60)        -0.39143374     -20     20    -1.361125e-05
1329 recr(61)        1.8562496     -20     20    4.1750886e-05
1330 recr(62)        -0.76580945     -20     20    -0.00011822646
1331 recr(63)        -1.3569514     -20     20    -3.2386091e-05
1332 recr(64)        0.54250064     -20     20    -3.8784936e-05
1333 recr(65)        0.92460998     -20     20    0.00011111652
1334 recr(66)        0.10424538     -20     20    -0.00011935153
1335 recr(67)        -1.6628205     -20     20    -2.3633843e-05
1336 recr(68)        0.26459609     -20     20    3.3858416e-05
1337 recr(69)        0.056365779     -20     20    3.5426797e-05
1338 recr(70)        1.5588909     -20     20    -2.2012608e-05
1339 recr(71)        -1.5186951     -20     20    -4.2971123e-05
1340 recr(72)        -1.3699502     -20     20    -3.8966478e-05
1341 recr(73)        -0.26371088     -20     20    2.9616879e-05
1342 recr(74)        2.0805567     -20     20    -8.8424701e-05
1343 recr(75)        -1.7170233     -20     20    6.3944623e-05
1344 recr(76)        -1.0554432     -20     20    -1.9581467e-05
1345 recr(77)        0.85368724     -20     20    0.00015160058
1346 recr(78)        -1.3704943     -20     20    0.00014346179
1347 recr(79)        -3.1372587     -20     20    -0.00012771618
1348 recr(80)        1.3097435     -20     20    -0.00010535529
1349 recr(81)        1.6066339     -20     20    0.00012349657
1350 recr(82)        -1.3050298     -20     20    -3.6722738e-05
1351 recr(83)        -2.7722619     -20     20    -4.3416623e-05
1352 recr(84)        1.5900114     -20     20    0.00015487166
1353 recr(85)        -2.0379513     -20     20    -0.00011502708
1354 recr(86)        -2.3207543     -20     20    -7.4689135e-05
1355 recr(87)        1.4124006     -20     20    -0.00011929076
1356 recr(88)        0.016687335     -20     20    5.7058333e-05
1357 recr(89)        -3.6657747     -20     20    8.1232179e-05
1358 recr(90)        -3.1453705     -20     20    -5.8837615e-05
1359 recr(91)        2.678335     -20     20    3.0270177e-05
1360 recr(92)        -2.1446742     -20     20    0.00016344463
1361 recr(93)        -4.8397155     -20     20    4.0913583e-05
1362 recr(94)        -3.922419     -20     20    3.598734e-06
1363 recr(95)        0.076025773     -20     20    -0.00021506029
1364 recr(96)        -0.037300898     -20     20    -8.8715358e-05
1365 recr(97)        -3.4278978     -20     20    -2.7754767e-05
1366 recr(98)        -4.0016765     -20     20    -4.2602189e-05
1367 recr(99)        0.31402946     -20     20    0.00012704765
1368 recr(100)        1.6515701     -20     20    0.00014298636
1369 recr(101)        -1.9021604     -20     20    -0.00018606503
1370 recr(102)        -3.2068181     -20     20    -3.1914655e-06
1371 recr(103)        -1.5188276     -20     20    -8.0788864e-06
1372 recr(104)        1.6679766     -20     20    -2.7434818e-05
1373 recr(105)        -0.33799088     -20     20    -0.00013719766
1374 recr(106)        -1.6432971     -20     20    1.8141188e-06
1375 recr(107)        -1.0789439     -20     20    -2.0798961e-05
1376 recr(108)        0.051950418     -20     20    2.3190965e-05
1377 recr(109)        1.3960012     -20     20    5.1912025e-05
1378 recr(110)        -0.27750635     -20     20    -8.1157511e-05
1379 recr(111)        -1.2349705     -20     20    1.9245295e-05
1380 recr(112)        1.8462627     -20     20    -5.1209044e-05
1381 recr(113)        -0.57563354     -20     20    -1.3162149e-05
1382 recr(114)        1.5001228     -20     20    -2.6406535e-05
1383 recr(115)        -0.23150556     -20     20    -5.5625836e-05
1384 recr(116)        0.58971393     -20     20    -5.0241769e-06
1385 recr(117)        -0.97780759     -20     20    3.4722202e-07
1386 recr(118)        -0.20302715     -20     20    -4.6992202e-06
1387 recr(119)        1.105391     -20     20    -0.00027319658
1388 recr(120)        -0.17920242     -20     20    -9.3672031e-05
1389 recr(121)        -0.56553546     -20     20    8.7737484e-05
1390 recr(122)        -1.5291483     -20     20    -0.00013672296
1391 recr(123)        1.8106851     -20     20    6.3900021e-05
1392 recr(124)        0.53010088     -20     20    -2.4345797e-05
1393 recr(125)        -0.65284206     -20     20    0.00011405986
1394 recr(126)        -1.8928295     -20     20    -0.00010124116
1395 recr(127)        -0.15850647     -20     20    -0.00019357051
1396 recr(128)        1.1087793     -20     20    -0.00055218505
1397 recr(129)        -1.1160551     -20     20    0.00011610971
1398 recr(130)        -1.4368894     -20     20    -5.1464536e-05
1399 recr(131)        2.1406898     -20     20    0.00021118057
1400 recr(132)        -1.624337     -20     20    1.6411325e-05
1401 recr(133)        -1.5571892     -20     20    3.403582e-05
1402 recr(134)        0.23580446     -20     20    -9.1310628e-05
1403 recr(135)        1.9610865     -20     20    -4.3248964e-05
1404 recr(136)        -2.021569     -20     20    9.9054948e-06
1405 recr(137)        -0.90756636     -20     20    3.5426997e-05
1406 recr(138)        -2.3088125     -20     20    8.8193924e-06
1407 recr(139)        -1.9488317     -20     20    -9.4058669e-06
1408 recr(140)        2.1153845     -20     20    4.292752e-05
1409 recr(141)        0.6600808     -20     20    3.8925727e-05
1410 recr(142)        -1.7171416     -20     20    -0.00012875562
1411 recr(143)        -1.422718     -20     20    -3.8949235e-05
1412 recr(144)        0.84179196     -20     20    -6.5339523e-06
1413 recr(145)        0.027501376     -20     20    -8.0935187e-06
1414 recr(146)        1.3287718     -20     20    -4.5292258e-05
1415 recr(147)        -0.37225005     -20     20    3.8564277e-05
1416 recr(148)        1.0471988     -20     20    4.6608288e-05
1417 recr(149)        -0.61034505     -20     20    -3.6535498e-05
1418 recr(150)        -1.2562379     -20     20    3.3410927e-05
1419 recr(151)        0.87013669     -20     20    6.6749559e-05
1420 recr(152)        1.7222008     -20     20    3.0388829e-05
1421 recr(153)        -1.9172647     -20     20    3.7237078e-05
1422 recr(154)        0.65994581     -20     20    8.2167482e-05
1423 recr(155)        -0.75588104     -20     20    0.0001089793
1424 recr(156)        0.6873972     -20     20    1.0160431e-05
1425 recr(157)        0.21821076     -20     20    -2.8237946e-05
1426 recr(158)        0.87220515     -20     20    -1.3337205e-05
1427 recr(159)        0.87721045     -20     20    -6.7807336e-06
1428 recr(160)        0.92973193     -20     20    -1.12074e-05
1429 recr(161)        -1.0784089     -20     20    6.1755769e-05
1430 recr(162)        1.9656753     -20     20    6.1407988e-05
1431 recr(163)        -2.2655419     -20     20    1.2239388e-05
1432 recr(164)        1.0918522     -20     20    -0.00010678019
1433 recr(165)        -0.057616122     -20     20    -0.00019043765
1434 recr(166)        -0.12499621     -20     20    0.00012506129
1435 recr(167)        -1.0799109     -20     20    0.00030248085
1436 recr(168)        1.7536702     -20     20    1.598211e-05
1437 recr(169)        -0.053384668     -20     20    -0.00014975298
1438 recr(170)        -0.57095477     -20     20    0.00010808127
1439 recr(171)        -0.26969139     -20     20    0.00014385597
1440 recr(172)        1.783724     -20     20    4.3544486e-05
1441 recr(173)        1.0099425     -20     20    5.9445578e-06
1442 recr(174)        -1.8040835     -20     20    3.2636293e-05
1443 recr(175)        -2.7129156     -20     20    3.3100751e-05
1444 recr(176)        -0.29775954     -20     20    0.00016052987
1445 recr(177)        -0.61058573     -20     20    0.00039009708
1446 recr(178)        1.6740398     -20     20    9.013313e-05
1447 recr(179)        0.29454554     -20     20    6.0256978e-05
1448 recr(180)        -1.0307377     -20     20    0.00016224008
1449 recr(181)        -0.95303387     -20     20    0.00084071335
1450 recr(182)        1.0995047     -20     20    -4.972853e-05
1451 recr(183)        -0.2130444     -20     20    -4.14262e-05
1452 recr(184)        1.367347     -20     20    -0.00014158304
1453 recr(185)        -2.2788614     -20     20    -1.8744826e-05
1454 recr(186)        1.9800943     -20     20    -4.7124415e-05
1455 recr(187)        0.53320658     -20     20    -0.00023112335
1456 recr(188)        1.1347157     -20     20    0.00032657355
1457 recr(189)        -1.3133122     -20     20    -0.00016158699
1458 recr(190)        0.84361824     -20     20    0.00010182415
1459 recr(191)        1.2185128     -20     20    -0.00020377609
1460 recr(192)        -0.32873533     -20     20    -1.0969741e-05
1461 recr(193)        1.1986267     -20     20    -6.5221347e-05
1462 recr(194)        0.692073     -20     20    -3.4762399e-05
1463 recr(195)        -1.2654689     -20     20    -5.1089672e-05
1464 recr(196)        0.84931135     -20     20    5.8912405e-05
1465 recr(197)        0.68074116     -20     20    -4.1060399e-05
1466 recr(198)        -2.0326447     -20     20    0.00020321643
1467 recr(199)        1.8182085     -20     20    8.7208419e-05
1468 recr(200)        -0.17193298     -20     20    -0.00019724835
1469 recr(201)        0.15359287     -20     20    -7.6416054e-05
1470 recr(202)        0.029138594     -20     20    -0.00014443421
1471 recr(203)        -0.15069245     -20     20    -7.2024334e-05
1472 recr(204)        1.508277     -20     20    3.4866502e-05
1473 recr(205)        0.78809941     -20     20    -1.4296057e-05
1474 recr(206)        0.83842538     -20     20    -0.00010303315
1475 recr(207)        -0.20183985     -20     20    0.00010169991
1476 recr(208)        0.05240729     -20     20    -2.9168302e-05
1477 recr(209)        0.25062801     -20     20    -7.651725e-08
1478 recr(210)        0.88299337     -20     20    0.00012132369
1479 recr(211)        0.543897     -20     20    3.6478616e-05
1480 recr(212)        1.0685853     -20     20    -0.00017143116
1481 recr(213)        0.059941828     -20     20    0.00013292551
1482 recr(214)        -0.334525     -20     20    -6.3156192e-06
1483 recr(215)        0.10174485     -20     20    3.3729247e-05
1484 recr(216)        0.89970388     -20     20    -3.6224976e-05
1485 recr(217)        1.1139541     -20     20    -0.00013726137
1486 recr(218)        0.80252631     -20     20    0.0001825721
1487 recr(219)        0.58666284     -20     20    -0.00013622701
1488 recr(220)        0.41734024     -20     20    0.00030345485
1489 recr(221)        0.33896054     -20     20    4.8693113e-05
1490 recr(222)        -0.49799111     -20     20    -0.00017013495
1491 recr(223)        0.71054961     -20     20    -4.2933883e-05
1492 recr(224)        0.48864765     -20     20    0.00024899547
1493 recr(225)        1.0492856     -20     20    0.00010948667
1494 recr(226)        0.30729828     -20     20    -0.00021580648
1495 recr(227)        -0.14146213     -20     20    0.00041015089
1496 recr(228)        0.41937175     -20     20    0.00017116006
1497 recr(229)        0.50044586     -20     20    -0.00010812185
1498 recr(230)        0.88862587     -20     20    0.00024868559
1499 recr(231)        0.86947632     -20     20    0.00029959907
1500 recr(232)        0.46861934     -20     20    -9.2237554e-05
1501 recr(233)        0.50639285     -20     20    0.00026236745
1502 recr(234)        0.1236113     -20     20    1.5667528e-05
1503 recr(235)        1.0242667     -20     20    -0.00010255013
1504 recr(236)        0.71757052     -20     20    -2.9507253e-05
1505 recr(237)        1.0371026     -20     20    0.00016347456
1506 recr(238)        0.82959565     -20     20    -0.00017232593
1507 recr(239)        0.11093755     -20     20    -9.1202382e-05
1508 recr(240)        0.27106485     -20     20    -2.3973735e-05
1509 recr(241)        0.81643427     -20     20    4.3112329e-05
1510 recr(242)        0.61971196     -20     20    -3.8699119e-05
1511 recr(243)        0.20896202     -20     20    -1.7139633e-05
1512 recr(244)        0.40725946     -20     20    4.6583052e-05
1513 recr(245)        0.49419987     -20     20    -1.4722148e-05
1514 recr(246)        0.9020045     -20     20    4.3872918e-05
1515 recr(247)        1.0495742     -20     20    2.2960451e-05
1516 recr(248)        1.1972739     -20     20    -8.0612367e-05
1517 recr(249)        0.97215036     -20     20    6.0006453e-05
1518 recr(250)        0.29842784     -20     20    -2.4782154e-05
1519 recr(251)        0.11566172     -20     20    -2.0968269e-05
1520 recr(252)        0.73054326     -20     20    0.0001432191
1521 recr(253)        0.9933205     -20     20    -8.207524e-05
1522 recr(254)        -0.30553493     -20     20    0.00015118638
1523 recr(255)        -0.40405207     -20     20    -3.3243335e-06
1524 recr(256)        1.6296763     -20     20    -0.00014914158
1525 recr(257)        -0.26368428     -20     20    0.00010033496
1526 recr(258)        -0.82935633     -20     20    4.3461263e-05
1527 recr(259)        -0.98476568     -20     20    -2.2561902e-05
1528 recr(260)        0.11343438     -20     20    1.4606288e-05
1529 recr(261)        1.0858745     -20     20    1.3710277e-05
1530 recr(262)        -0.15459713     -20     20    -5.8678511e-05
1531 recr(263)        0.037541234     -20     20    -0.00026559656
1532 recr(264)        0.7883438     -20     20    -0.00010339641
1533 recr(265)        0.95186485     -20     20    -0.00017019338
1534 recr(266)        -1.3191896     -20     20    1.704805e-06
1535 recr(267)        -0.29750594     -20     20    -0.00033493836
1536 recr(268)        1.2151216     -20     20    2.7624306e-05
1537 recr(269)        1.2693696     -20     20    -0.00012523914
1538 recr(270)        -1.3707112     -20     20    -0.00027996806
1539 recr(271)        0.18837323     -20     20    0.00033378821
1540 recr(272)        -1.5138908     -20     20    -6.8790485e-05
1541 recr(273)        0.91422019     -20     20    -0.00017165016
1542 recr(274)        -0.15169914     -20     20    -6.2524059e-05
1543 totpop        16.611495     8     25    0.00017104122
1544 tag_fish_rep(1)        0.1453219     0.001     0.99    6.5653367e-06
1545 tag_fish_rep(3)        0.035644462     0.001     0.99    -0.00011519951
1546 tag_fish_rep(4)        0.5327181     0.001     0.99    -9.2735389e-06
1547 tag_fish_rep(5)        0.6489377     0.001     0.99    1.4233998e-05
1548 tag_fish_rep(6)        0.99     0.001     0.99    -4.1527139e-12   *************
1549 tag_fish_rep(11)        0.99     0.001     0.99    -0.0080813466   *************
1550 tag_fish_rep(12)        0.99     0.001     0.99    -0.012821426   *************
1551 tag_fish_rep(13)        0.98959609     0.001     0.99    -7.7059488e-05   *************
1552 tag_fish_rep(17)        0.67221337     0.001     0.99    -0.00029620681
1553 tag_fish_rep(18)        0.92538102     0.001     0.99    -2.5363718e-06
1554 tag_fish_rep(19)        0.99     0.001     0.99    0.0044079886   *************
1555 tag_fish_rep(24)        0.85082411     0.001     0.99    8.2962481e-05
1556 tag_fish_rep(25)        0.6936499     0.001     0.99    -1.0968624e-05
1557 tag_fish_rep(28)        0.98999996     0.001     0.99    5.9613207e-09   *************
1558 tag_fish_rep(32)        0.12970179     0.001     0.99    5.8852896e-06
1559 tag_fish_rep(34)        0.98999998     0.001     0.99    3.1939484e-07   *************
1560 tag_fish_rep(35)        0.99     0.001     0.99    -5.3310614e-10   *************
1561 region_pars(1)        0.24341344     1e-06     1.5    5.7695782e-05
1562 region_pars(1)        0.28525744     1e-06     1.5    -7.2307021e-05
1563 region_pars(1)        0.39899301     1e-06     1.5    1.3748077e-05
1564 region_pars(1)        0.072328519     1e-06     1.5    -4.5273952e-06
1565 sv(21)        972.88949     1e-06     1000    2.8627123e-06
1566 age_pars(5)        -2.6478914     -20     2    -0.0031071443
1567 vb_coff(1)        46.9531     10     60    0.00036943642
1568 vb_coff(2)        155.48256     130     200    -0.00013649345
1569 vb_coff(3)        0.021501763     0.01     0.3    0.00015949466
1570 var_coff(1)        10     1     10    -1.943367e-05   *************
1571 var_coff(2)        0.1     0.1     3    -1.9074949e-06   *************
