 Index  Var_name   Estimate L_bound  U_bound gradient
1 diff_coffs(1,1)        1.2596413e-09     0     4    4.7397674e-06   *************
2 diff_coffs(1,2)        7.2541306e-11     0     4    -3.8612181e-05   *************
3 diff_coffs(1,3)        1.4729391e-09     0     4    1.2593213e-06   *************
4 diff_coffs(1,4)        0.013860457     0     4    0.00015260393
5 diff_coffs(1,5)        8.3779828e-10     0     4    -1.5247651e-07   *************
6 diff_coffs(1,6)        0.01407423     0     4    -7.4483195e-06
7 diff_coffs(1,7)        0.56636086     0     4    -0.00012717714
8 diff_coffs(1,8)        1.4334232     0     4    0.00019043377
9 diff_coffs(2,1)        0.017091115     0     4    4.2090113e-05
10 diff_coffs(2,2)        0.14614856     0     4    0.00056867413
11 diff_coffs(2,3)        6.0677396e-10     0     4    -2.1342056e-06   *************
12 diff_coffs(2,4)        1.5469628e-09     0     4    1.1316852e-06   *************
13 diff_coffs(2,5)        0.01222389     0     4    -9.2972391e-05
14 diff_coffs(2,6)        1.627477e-09     0     4    1.5618868e-07   *************
15 diff_coffs(2,7)        0.05259103     0     4    -0.00026310641
16 diff_coffs(2,8)        4.4265636e-10     0     4    -3.9653097e-07   *************
17 diff_coffs(3,1)        0.021498825     0     4    -0.00021977485
18 diff_coffs(3,2)        1.0610579e-10     0     4    -5.4246078e-05   *************
19 diff_coffs(3,3)        7.3666184e-10     0     4    -1.659811e-07   *************
20 diff_coffs(3,4)        0.53389938     0     4    0.00035274453
21 diff_coffs(3,5)        0.044090098     0     4    -0.00051111316
22 diff_coffs(3,6)        0.12447347     0     4    -0.00024732366
23 diff_coffs(3,7)        9.4045923e-07     0     4    -0.00010590914   *************
24 diff_coffs(3,8)        1.3978285e-10     0     4    3.3042878e-08   *************
25 diff_coffs(4,1)        0.0039713009     0     4    -2.2456996e-05
26 diff_coffs(4,2)        3.3731906e-11     0     4    -7.6540583e-05   *************
27 diff_coffs(4,3)        1.5904491e-09     0     4    3.1007691e-06   *************
28 diff_coffs(4,4)        1.0306178e-09     0     4    3.2414758e-06   *************
29 diff_coffs(4,5)        0.026093808     0     4    4.170456e-05
30 diff_coffs(4,6)        1.4475785e-09     0     4    -5.2058759e-06   *************
31 diff_coffs(4,7)        2.7998255e-09     0     4    -5.1154929e-07   *************
32 diff_coffs(4,8)        0.016008178     0     4    6.7445677e-05
33 region_rec_diffs(1,1)        -3.5527137e-15     -3     3    -1.2402038e-14
34 region_rec_diffs(1,2)        0.43627777     -3     3    -0.00045966123
35 region_rec_diffs(1,3)        0.46414983     -3     3    0.00051138668
36 region_rec_diffs(1,4)        0.4363486     -3     3    5.8547483e-05
37 region_rec_diffs(1,5)        0.40592308     -3     3    -1.9587379e-05
38 region_rec_diffs(1,6)        0.16356905     -3     3    -1.238039e-05
39 region_rec_diffs(1,7)        0.24635544     -3     3    1.2330289e-05
40 region_rec_diffs(1,8)        0.58035736     -3     3    -0.00071624093
41 region_rec_diffs(1,9)        0.58765063     -3     3    0.00087507729
42 region_rec_diffs(1,10)        0.21495859     -3     3    -5.5662941e-05
43 region_rec_diffs(1,11)        0.16798929     -3     3    -4.1932867e-05
44 region_rec_diffs(1,12)        0.500778     -3     3    0.00012340765
45 region_rec_diffs(1,13)        0.33533943     -3     3    3.9117612e-05
46 region_rec_diffs(1,14)        -0.81647711     -3     3    -0.00019793415
47 region_rec_diffs(1,15)        -0.062521131     -3     3    -9.7676348e-06
48 region_rec_diffs(1,16)        -0.14955501     -3     3    -9.9437443e-05
49 region_rec_diffs(1,17)        -0.19211092     -3     3    0.00018839874
50 region_rec_diffs(1,18)        0.49006493     -3     3    -5.4459656e-05
51 region_rec_diffs(1,19)        0.17285558     -3     3    -1.374867e-05
52 region_rec_diffs(1,20)        0.084211515     -3     3    0.00010943862
53 region_rec_diffs(1,21)        0.09116672     -3     3    -1.9753626e-05
54 region_rec_diffs(1,22)        0.50114664     -3     3    9.5906507e-05
55 region_rec_diffs(1,23)        0.33352071     -3     3    3.9882408e-05
56 region_rec_diffs(1,24)        0.37673236     -3     3    -4.3362022e-05
57 region_rec_diffs(1,25)        0.55551642     -3     3    -0.00077913894
58 region_rec_diffs(1,26)        0.5033313     -3     3    0.00045322026
59 region_rec_diffs(1,27)        0.28732608     -3     3    0.00030177152
60 region_rec_diffs(1,28)        0.36273509     -3     3    -3.4979848e-05
61 region_rec_diffs(1,29)        -1.0986553     -3     3    -1.7042573e-05
62 region_rec_diffs(1,30)        -0.69447654     -3     3    9.1717687e-05
63 region_rec_diffs(1,31)        -0.17568688     -3     3    -6.1779272e-05
64 region_rec_diffs(1,32)        -0.32575896     -3     3    -0.00028073304
65 region_rec_diffs(1,33)        -0.037049017     -3     3    9.1062001e-05
66 region_rec_diffs(1,34)        0.4959638     -3     3    -7.5213373e-05
67 region_rec_diffs(1,35)        0.12804071     -3     3    1.8514899e-05
68 region_rec_diffs(1,36)        0.48359257     -3     3    -0.00021551756
69 region_rec_diffs(1,37)        0.14997761     -3     3    3.8835555e-05
70 region_rec_diffs(1,38)        -0.18806376     -3     3    -1.9298166e-05
71 region_rec_diffs(1,39)        -0.057097871     -3     3    -2.3063281e-05
72 region_rec_diffs(1,40)        -0.384451     -3     3    -3.1760956e-05
73 region_rec_diffs(1,41)        0.30282768     -3     3    8.2390294e-05
74 region_rec_diffs(1,42)        0.42621534     -3     3    0.00017675495
75 region_rec_diffs(1,43)        0.050087946     -3     3    1.8886068e-06
76 region_rec_diffs(1,44)        0.077236154     -3     3    -7.8271233e-06
77 region_rec_diffs(1,45)        0.48900416     -3     3    -0.000440236
78 region_rec_diffs(1,46)        0.13376375     -3     3    -1.4577442e-05
79 region_rec_diffs(1,47)        0.10773789     -3     3    -7.5576595e-05
80 region_rec_diffs(1,48)        -0.31598066     -3     3    0.00015393942
81 region_rec_diffs(1,49)        0.22438442     -3     3    0.00013889755
82 region_rec_diffs(1,50)        -0.020530656     -3     3    -4.4301994e-06
83 region_rec_diffs(1,51)        0.40205175     -3     3    6.6820915e-05
84 region_rec_diffs(1,52)        0.30187266     -3     3    1.6153315e-06
85 region_rec_diffs(1,53)        0.021266156     -3     3    6.1310724e-05
86 region_rec_diffs(1,54)        -0.22311301     -3     3    -0.00014076722
87 region_rec_diffs(1,55)        -0.0019008413     -3     3    2.42106e-05
88 region_rec_diffs(1,56)        -0.30695925     -3     3    -5.0511644e-05
89 region_rec_diffs(1,57)        0.18312086     -3     3    -0.00022406265
90 region_rec_diffs(1,58)        0.39565364     -3     3    0.00017278855
91 region_rec_diffs(1,59)        -0.075762074     -3     3    -1.3124182e-05
92 region_rec_diffs(1,60)        -0.12101656     -3     3    7.5367671e-05
93 region_rec_diffs(1,61)        0.54610601     -3     3    -0.00066686118
94 region_rec_diffs(1,62)        -0.12849493     -3     3    6.2995254e-06
95 region_rec_diffs(1,63)        0.043828666     -3     3    2.9885185e-05
96 region_rec_diffs(1,64)        -0.53510599     -3     3    1.7548979e-05
97 region_rec_diffs(1,65)        0.29439817     -3     3    0.00029703932
98 region_rec_diffs(1,66)        -0.12150066     -3     3    0.00015220872
99 region_rec_diffs(1,67)        0.0014702197     -3     3    0.00015534466
100 region_rec_diffs(1,68)        0.44823933     -3     3    -0.00014519497
101 region_rec_diffs(1,69)        0.22842438     -3     3    -5.779176e-05
102 region_rec_diffs(1,70)        0.25577659     -3     3    -0.00010317715
103 region_rec_diffs(1,71)        0.3126322     -3     3    0.00012375023
104 region_rec_diffs(1,72)        -0.56507473     -3     3    4.5373887e-05
105 region_rec_diffs(1,73)        0.078085236     -3     3    6.6188208e-05
106 region_rec_diffs(1,74)        0.27372715     -3     3    6.9985661e-05
107 region_rec_diffs(1,75)        -0.29490902     -3     3    -5.7555369e-05
108 region_rec_diffs(1,76)        -1.511515     -3     3    -8.2190184e-05
109 region_rec_diffs(1,77)        -0.60289425     -3     3    -4.1533586e-06
110 region_rec_diffs(1,78)        0.034127073     -3     3    -1.1354619e-05
111 region_rec_diffs(1,79)        0.20032581     -3     3    -5.1431929e-05
112 region_rec_diffs(1,80)        0.43737717     -3     3    5.6046058e-05
113 region_rec_diffs(1,81)        -0.88354219     -3     3    6.2317073e-05
114 region_rec_diffs(1,82)        -0.40653809     -3     3    1.3397239e-05
115 region_rec_diffs(1,83)        0.093019434     -3     3    0.00035452194
116 region_rec_diffs(1,84)        -0.87972642     -3     3    8.9357597e-05
117 region_rec_diffs(1,85)        -0.092713326     -3     3    3.8946543e-05
118 region_rec_diffs(1,86)        -0.29771229     -3     3    -7.6840121e-05
119 region_rec_diffs(1,87)        -0.11222313     -3     3    -0.00011665242
120 region_rec_diffs(1,88)        -1.665461     -3     3    3.7010119e-06
121 region_rec_diffs(1,89)        -1.0282228     -3     3    3.3569266e-05
122 region_rec_diffs(1,90)        -1.0683894     -3     3    3.3559151e-05
123 region_rec_diffs(1,91)        -0.083109837     -3     3    6.9157649e-05
124 region_rec_diffs(1,92)        -0.15450968     -3     3    -2.160818e-05
125 region_rec_diffs(1,93)        0.38349429     -3     3    0.00023960396
126 region_rec_diffs(1,94)        0.54968319     -3     3    -0.0001653239
127 region_rec_diffs(1,95)        -1.0818962     -3     3    -9.1374772e-05
128 region_rec_diffs(1,96)        -0.88908694     -3     3    3.5569052e-05
129 region_rec_diffs(1,97)        0.34443399     -3     3    -1.5181475e-05
130 region_rec_diffs(1,98)        0.24055687     -3     3    -7.2782266e-05
131 region_rec_diffs(1,99)        -0.63695425     -3     3    2.526469e-05
132 region_rec_diffs(1,100)        -0.13763625     -3     3    -0.00011681237
133 region_rec_diffs(1,101)        0.21947667     -3     3    -0.00013423994
134 region_rec_diffs(1,102)        -0.17942639     -3     3    5.4092975e-05
135 region_rec_diffs(1,103)        -0.085494428     -3     3    0.00010392429
136 region_rec_diffs(1,104)        0.17779286     -3     3    0.00025054665
137 region_rec_diffs(1,105)        -0.045463495     -3     3    5.0850456e-06
138 region_rec_diffs(1,106)        -0.026965461     -3     3    -1.816446e-05
139 region_rec_diffs(1,107)        -0.14159785     -3     3    -8.952462e-05
140 region_rec_diffs(1,108)        0.2960001     -3     3    -0.00012081384
141 region_rec_diffs(1,109)        -0.084577867     -3     3    4.3386164e-06
142 region_rec_diffs(1,110)        -0.30573777     -3     3    0.0001532055
143 region_rec_diffs(1,111)        -1.3820462     -3     3    -5.5390167e-05
144 region_rec_diffs(1,112)        0.3313315     -3     3    5.4971696e-05
145 region_rec_diffs(1,113)        -0.18500927     -3     3    -4.4380424e-06
146 region_rec_diffs(1,114)        -1.0273445     -3     3    9.8204511e-05
147 region_rec_diffs(1,115)        -0.9241781     -3     3    0.00019807679
148 region_rec_diffs(1,116)        0.34416929     -3     3    0.0002630099
149 region_rec_diffs(1,117)        0.053010689     -3     3    2.8952154e-05
150 region_rec_diffs(1,118)        -0.536941     -3     3    8.7781413e-05
151 region_rec_diffs(1,119)        -0.26486699     -3     3    1.0117768e-05
152 region_rec_diffs(1,120)        -0.6747807     -3     3    -0.00023955077
153 region_rec_diffs(1,121)        0.51524012     -3     3    0.00021770718
154 region_rec_diffs(1,122)        0.058836418     -3     3    6.7003405e-05
155 region_rec_diffs(1,123)        -1.0026184     -3     3    -3.2007152e-07
156 region_rec_diffs(1,124)        -0.033818606     -3     3    -0.00019928131
157 region_rec_diffs(1,125)        -0.45144725     -3     3    -0.00021286996
158 region_rec_diffs(1,126)        -1.7118706     -3     3    -5.2639843e-05
159 region_rec_diffs(1,127)        -1.5856996     -3     3    -5.1987352e-05
160 region_rec_diffs(1,128)        0.53760186     -3     3    -0.0003780316
161 region_rec_diffs(1,129)        0.30307254     -3     3    0.00046419031
162 region_rec_diffs(1,130)        -0.53227262     -3     3    -5.9299928e-05
163 region_rec_diffs(1,131)        -1.2648528     -3     3    0.00013931902
164 region_rec_diffs(1,132)        0.19329335     -3     3    -0.00016022278
165 region_rec_diffs(1,133)        0.57240951     -3     3    2.9520342e-05
166 region_rec_diffs(1,134)        -0.79619623     -3     3    0.00015752941
167 region_rec_diffs(1,135)        -0.032253253     -3     3    6.4746488e-05
168 region_rec_diffs(1,136)        0.42820867     -3     3    -0.00017764397
169 region_rec_diffs(1,137)        -1.5939591     -3     3    0.00010007728
170 region_rec_diffs(1,138)        -1.017185     -3     3    7.9961926e-05
171 region_rec_diffs(1,139)        -2.9998498     -3     3    5.0394288e-05   *************
172 region_rec_diffs(1,140)        -0.51492541     -3     3    6.2631073e-05
173 region_rec_diffs(1,141)        0.59329694     -3     3    -6.5724505e-05
174 region_rec_diffs(1,142)        0.16214341     -3     3    -0.00031593731
175 region_rec_diffs(1,143)        -0.32906528     -3     3    0.00036654842
176 region_rec_diffs(1,144)        -0.058245107     -3     3    -0.00019207352
177 region_rec_diffs(1,145)        0.11376572     -3     3    -9.1240341e-05
178 region_rec_diffs(1,146)        -0.24270571     -3     3    6.8255146e-05
179 region_rec_diffs(1,147)        -1.8664017     -3     3    4.1366447e-06
180 region_rec_diffs(1,148)        0.32566746     -3     3    0.0001647557
181 region_rec_diffs(1,149)        -1.1905123     -3     3    -6.8470205e-05
182 region_rec_diffs(1,150)        -2.0498592     -3     3    -1.4648229e-05
183 region_rec_diffs(1,151)        -1.9182583     -3     3    -2.3257043e-06
184 region_rec_diffs(1,152)        0.34961851     -3     3    -0.0001967485
185 region_rec_diffs(1,153)        0.59033915     -3     3    0.00026664073
186 region_rec_diffs(1,154)        -1.024008     -3     3    5.4171993e-05
187 region_rec_diffs(1,155)        -1.5755215     -3     3    -2.6230138e-05
188 region_rec_diffs(1,156)        0.39518397     -3     3    -3.4351773e-05
189 region_rec_diffs(1,157)        0.358173     -3     3    -0.0006211744
190 region_rec_diffs(1,158)        -1.7517081     -3     3    -2.0104413e-05
191 region_rec_diffs(1,159)        -2.9138029     -3     3    -6.2651839e-06
192 region_rec_diffs(1,160)        -0.20832118     -3     3    0.00024982402
193 region_rec_diffs(1,161)        -0.35369156     -3     3    0.00027212295
194 region_rec_diffs(1,162)        -1.823655     -3     3    5.9122918e-05
195 region_rec_diffs(1,163)        0.16252923     -3     3    -0.00014541855
196 region_rec_diffs(1,164)        0.4811819     -3     3    -0.00016124487
197 region_rec_diffs(1,165)        -1.4259559     -3     3    -5.1461421e-05
198 region_rec_diffs(1,166)        -1.9529874     -3     3    1.2294843e-05
199 region_rec_diffs(1,167)        -2.9999994     -3     3    -1.1050912e-07   *************
200 region_rec_diffs(1,168)        0.38170047     -3     3    -0.00011810833
201 region_rec_diffs(1,169)        0.26412095     -3     3    -7.1860202e-05
202 region_rec_diffs(1,170)        -2.6806787     -3     3    -8.0006587e-06
203 region_rec_diffs(1,171)        -2.9999996     -3     3    1.4266898e-05   *************
204 region_rec_diffs(1,172)        0.41012714     -3     3    0.00013684909
205 region_rec_diffs(1,173)        -0.92340146     -3     3    -0.00015857389
206 region_rec_diffs(1,174)        -1.7881149     -3     3    9.3542753e-06
207 region_rec_diffs(1,175)        -2.202039     -3     3    -2.0005906e-05
208 region_rec_diffs(1,176)        -0.2863719     -3     3    0.0001282367
209 region_rec_diffs(1,177)        -0.1803237     -3     3    -0.0002583407
210 region_rec_diffs(1,178)        0.35277303     -3     3    5.5083183e-05
211 region_rec_diffs(1,179)        -2.190876     -3     3    1.6793893e-05
212 region_rec_diffs(1,180)        0.42313183     -3     3    0.00030613311
213 region_rec_diffs(1,181)        -2.217218     -3     3    -3.8957794e-05
214 region_rec_diffs(1,182)        -2.9911717     -3     3    4.421377e-05
215 region_rec_diffs(1,183)        -2.0565719     -3     3    -2.6155008e-05
216 region_rec_diffs(1,184)        0.044472606     -3     3    -4.5037123e-05
217 region_rec_diffs(1,185)        -0.05771926     -3     3    3.3480468e-05
218 region_rec_diffs(1,186)        -2.4863979     -3     3    -3.5660472e-05
219 region_rec_diffs(1,187)        -0.19629641     -3     3    -0.00014219287
220 region_rec_diffs(1,188)        0.15658544     -3     3    -0.00015195126
221 region_rec_diffs(1,189)        -0.30919472     -3     3    -0.00016670524
222 region_rec_diffs(1,190)        -2.1822311     -3     3    5.0566602e-06
223 region_rec_diffs(1,191)        -2.112909     -3     3    2.7275212e-05
224 region_rec_diffs(1,192)        0.34764257     -3     3    -0.00018619422
225 region_rec_diffs(1,193)        0.58501839     -3     3    0.00034818453
226 region_rec_diffs(1,194)        -2.9999991     -3     3    -5.9728668e-08   *************
227 region_rec_diffs(1,195)        -2.3678581     -3     3    6.1257322e-06
228 region_rec_diffs(1,196)        0.32320575     -3     3    -0.00027195788
229 region_rec_diffs(1,197)        -0.13587563     -3     3    -3.3361602e-05
230 region_rec_diffs(1,198)        -2.7864446     -3     3    -1.5835587e-05
231 region_rec_diffs(1,199)        -2.9999991     -3     3    2.494177e-07   *************
232 region_rec_diffs(1,200)        -1.0410646     -3     3    2.9760152e-05
233 region_rec_diffs(1,201)        0.61062069     -3     3    0.00010246108
234 region_rec_diffs(1,202)        -1.5568303     -3     3    -6.4103246e-06
235 region_rec_diffs(1,203)        0.053131304     -3     3    0.00012510363
236 region_rec_diffs(1,204)        -1.7736167     -3     3    -2.4957047e-05
237 region_rec_diffs(1,205)        -1.9992433     -3     3    3.8449372e-06
238 region_rec_diffs(1,206)        -2.3606632     -3     3    -9.4224741e-06
239 region_rec_diffs(1,207)        -1.1110529     -3     3    -3.0208965e-05
240 region_rec_diffs(1,208)        -0.20066067     -3     3    4.70865e-06
241 region_rec_diffs(1,209)        0.19225385     -3     3    5.6744665e-05
242 region_rec_diffs(1,210)        0.51288247     -3     3    -0.00014619396
243 region_rec_diffs(1,211)        -2.5612742     -3     3    -7.8644886e-05
244 region_rec_diffs(1,212)        -2.2088176     -3     3    9.7788508e-05
245 region_rec_diffs(1,213)        -0.79386787     -3     3    -9.2330221e-05
246 region_rec_diffs(1,214)        -2.3755241     -3     3    -2.6146084e-05
247 region_rec_diffs(1,215)        -2.3692912     -3     3    3.2318381e-06
248 region_rec_diffs(1,216)        0.1200526     -3     3    0.000589571
249 region_rec_diffs(1,217)        -0.088128848     -3     3    9.2131685e-05
250 region_rec_diffs(1,218)        -2.4324952     -3     3    -1.8222428e-05
251 region_rec_diffs(1,219)        -2.206162     -3     3    1.1051797e-05
252 region_rec_diffs(1,220)        0.3782585     -3     3    0.00028348527
253 region_rec_diffs(1,221)        -0.41374815     -3     3    3.7019652e-05
254 region_rec_diffs(1,222)        -2.6297237     -3     3    -5.2089589e-05
255 region_rec_diffs(1,223)        -0.34058309     -3     3    -0.00010582215
256 region_rec_diffs(1,224)        0.19919781     -3     3    -0.00010284571
257 region_rec_diffs(1,225)        -1.9727121     -3     3    3.0136861e-05
258 region_rec_diffs(1,226)        -2.7547378     -3     3    -1.2680967e-05
259 region_rec_diffs(1,227)        -2.3356667     -3     3    6.7383185e-06
260 region_rec_diffs(1,228)        -0.30521731     -3     3    0.00025182232
261 region_rec_diffs(1,229)        0.38615089     -3     3    0.00013907761
262 region_rec_diffs(1,230)        -2.2883302     -3     3    1.4997813e-05
263 region_rec_diffs(1,231)        -0.19537067     -3     3    0.00010969174
264 region_rec_diffs(1,232)        0.0063841484     -3     3    0.00045423098
265 region_rec_diffs(1,233)        0.12541332     -3     3    8.6430589e-05
266 region_rec_diffs(1,234)        -2.0860502     -3     3    -8.5790275e-06
267 region_rec_diffs(1,235)        -0.9754126     -3     3    -1.3512323e-05
268 region_rec_diffs(1,236)        0.14225012     -3     3    5.6366837e-05
269 region_rec_diffs(1,237)        0.15482685     -3     3    0.0002288377
270 region_rec_diffs(1,238)        -1.532547     -3     3    -1.2521765e-05
271 region_rec_diffs(1,239)        -1.8473065     -3     3    -3.6292736e-05
272 region_rec_diffs(1,240)        -0.35745271     -3     3    4.1094966e-05
273 region_rec_diffs(1,241)        0.60732762     -3     3    8.8127041e-05
274 region_rec_diffs(1,242)        -1.905551     -3     3    0.00017934623
275 region_rec_diffs(1,243)        -0.10238156     -3     3    0.00010137061
276 region_rec_diffs(1,244)        -0.39188635     -3     3    0.00011379118
277 region_rec_diffs(1,245)        0.16862519     -3     3    -1.3858087e-05
278 region_rec_diffs(1,246)        -1.6262754     -3     3    -4.0379103e-05
279 region_rec_diffs(1,247)        -1.0706558     -3     3    5.1635777e-06
280 region_rec_diffs(1,248)        0.11496953     -3     3    -0.00012344788
281 region_rec_diffs(1,249)        -0.96139344     -3     3    -5.4124494e-06
282 region_rec_diffs(1,250)        -2.667416     -3     3    -1.7619404e-05
283 region_rec_diffs(1,251)        -2.8374136     -3     3    -1.4301691e-05
284 region_rec_diffs(1,252)        0.34689068     -3     3    0.00044368464
285 region_rec_diffs(1,253)        -0.061372478     -3     3    0.00010532713
286 region_rec_diffs(1,254)        -2.311339     -3     3    1.9539208e-06
287 region_rec_diffs(1,255)        -2.2888961     -3     3    4.023708e-05
288 region_rec_diffs(1,256)        0.48194591     -3     3    -0.00025788365
289 region_rec_diffs(1,257)        -0.46233911     -3     3    -3.2675499e-05
290 region_rec_diffs(1,258)        -2.2070241     -3     3    1.8789069e-05
291 region_rec_diffs(1,259)        -0.51035537     -3     3    -2.7444947e-05
292 region_rec_diffs(1,260)        0.36122128     -3     3    2.2594772e-05
293 region_rec_diffs(1,261)        0.52848712     -3     3    -0.00032573815
294 region_rec_diffs(1,262)        -1.7077679     -3     3    4.7939858e-05
295 region_rec_diffs(1,263)        -1.4539835     -3     3    -0.00016093018
296 region_rec_diffs(1,264)        0.29675253     -3     3    -9.2315753e-08
297 region_rec_diffs(1,265)        0.17994085     -3     3    8.3035564e-06
298 region_rec_diffs(1,266)        -2.0711635     -3     3    -2.1944627e-05
299 region_rec_diffs(1,267)        -2.3569102     -3     3    1.5890413e-05
300 region_rec_diffs(1,268)        0.25890065     -3     3    -0.00015021209
301 region_rec_diffs(1,269)        0.45858209     -3     3    -9.3518527e-05
302 region_rec_diffs(1,270)        -1.7125888     -3     3    7.9446301e-05
303 region_rec_diffs(1,271)        -1.9397816     -3     3    3.0847986e-05
304 region_rec_diffs(1,272)        0.32558346     -3     3    -0.00017819255
305 region_rec_diffs(1,273)        -0.30528845     -3     3    0.00036060969
306 region_rec_diffs(1,274)        -2.9999999     -3     3    -1.8070716e-05   *************
307 region_rec_diffs(1,275)        -1.8692308     -3     3    -2.4730581e-05
308 region_rec_diffs(1,276)        -1.7443147     -3     3    -1.8317013e-05
309 region_rec_diffs(1,277)        -1.203486     -3     3    1.2923556e-05
310 region_rec_diffs(1,278)        -0.71866701     -3     3    1.1665602e-05
311 region_rec_diffs(1,279)        -0.91966252     -3     3    -2.3909668e-05
312 region_rec_diffs(2,1)        -1.7763568e-15     -3     3    -7.0926798e-15
313 region_rec_diffs(2,2)        -0.93797628     -3     3    1.0872389e-05
314 region_rec_diffs(2,3)        -1.2004015     -3     3    -2.7086743e-05
315 region_rec_diffs(2,4)        -0.88834443     -3     3    0.00012640117
316 region_rec_diffs(2,5)        -0.68139723     -3     3    -0.00015471663
317 region_rec_diffs(2,6)        -0.16388899     -3     3    -2.287898e-05
318 region_rec_diffs(2,7)        -0.32555675     -3     3    -1.7416745e-05
319 region_rec_diffs(2,8)        -1.627864     -3     3    -1.7728308e-05
320 region_rec_diffs(2,9)        -1.7819797     -3     3    0.00016237534
321 region_rec_diffs(2,10)        -0.33005698     -3     3    -5.0602172e-05
322 region_rec_diffs(2,11)        -0.25913684     -3     3    -4.7869386e-05
323 region_rec_diffs(2,12)        -1.273208     -3     3    3.9055915e-05
324 region_rec_diffs(2,13)        -0.5547132     -3     3    -3.1432221e-05
325 region_rec_diffs(2,14)        -0.32918696     -3     3    -0.00027054299
326 region_rec_diffs(2,15)        0.053857877     -3     3    -1.0426511e-05
327 region_rec_diffs(2,16)        0.20317305     -3     3    -9.6471749e-05
328 region_rec_diffs(2,17)        0.55111329     -3     3    0.00013882163
329 region_rec_diffs(2,18)        -0.95242784     -3     3    3.6611293e-05
330 region_rec_diffs(2,19)        -0.20067234     -3     3    -3.6205569e-07
331 region_rec_diffs(2,20)        -0.0029493785     -3     3    6.2997148e-05
332 region_rec_diffs(2,21)        0.24146243     -3     3    -4.0208237e-05
333 region_rec_diffs(2,22)        -1.1865288     -3     3    1.238369e-05
334 region_rec_diffs(2,23)        -0.6533764     -3     3    5.0708582e-06
335 region_rec_diffs(2,24)        -0.87185952     -3     3    -2.7617147e-06
336 region_rec_diffs(2,25)        -1.8156152     -3     3    -8.6212603e-06
337 region_rec_diffs(2,26)        -1.4614343     -3     3    5.668369e-05
338 region_rec_diffs(2,27)        -0.59341086     -3     3    6.2308101e-05
339 region_rec_diffs(2,28)        -1.0704947     -3     3    4.0426071e-05
340 region_rec_diffs(2,29)        0.80042858     -3     3    -7.414746e-05
341 region_rec_diffs(2,30)        0.35281803     -3     3    9.3914464e-05
342 region_rec_diffs(2,31)        0.13906686     -3     3    -4.6257596e-05
343 region_rec_diffs(2,32)        -0.16442154     -3     3    -0.0001459786
344 region_rec_diffs(2,33)        -1.2201488     -3     3    3.6791596e-05
345 region_rec_diffs(2,34)        -1.7488193     -3     3    4.7686824e-05
346 region_rec_diffs(2,35)        -0.24384537     -3     3    -7.1361655e-06
347 region_rec_diffs(2,36)        -1.525096     -3     3    -4.8004798e-06
348 region_rec_diffs(2,37)        -1.054475     -3     3    8.3300464e-05
349 region_rec_diffs(2,38)        -0.061536524     -3     3    1.1718219e-05
350 region_rec_diffs(2,39)        0.0091349656     -3     3    -9.7266016e-06
351 region_rec_diffs(2,40)        0.066788604     -3     3    -2.053587e-05
352 region_rec_diffs(2,41)        -0.46053796     -3     3    0.00013002188
353 region_rec_diffs(2,42)        -0.93828463     -3     3    6.9914568e-05
354 region_rec_diffs(2,43)        -0.086315347     -3     3    4.5072888e-06
355 region_rec_diffs(2,44)        -1.2301448     -3     3    3.6117093e-05
356 region_rec_diffs(2,45)        -1.8094007     -3     3    2.3608646e-05
357 region_rec_diffs(2,46)        -0.35731695     -3     3    -8.3397078e-06
358 region_rec_diffs(2,47)        -0.27174264     -3     3    -3.6455609e-05
359 region_rec_diffs(2,48)        -0.68060973     -3     3    -3.0068852e-05
360 region_rec_diffs(2,49)        -0.18987762     -3     3    -0.00019395449
361 region_rec_diffs(2,50)        -0.042478663     -3     3    -4.2197179e-06
362 region_rec_diffs(2,51)        -0.90987752     -3     3    2.4783341e-05
363 region_rec_diffs(2,52)        -0.59591128     -3     3    2.9428501e-05
364 region_rec_diffs(2,53)        -1.0518974     -3     3    -8.0338978e-06
365 region_rec_diffs(2,54)        -1.0436158     -3     3    -5.2778798e-05
366 region_rec_diffs(2,55)        -0.27212113     -3     3    -1.7155784e-06
367 region_rec_diffs(2,56)        -1.2278044     -3     3    1.8873057e-05
368 region_rec_diffs(2,57)        -0.89551603     -3     3    -8.5314879e-06
369 region_rec_diffs(2,58)        -1.1672666     -3     3    5.8832535e-05
370 region_rec_diffs(2,59)        0.034690885     -3     3    -1.0546212e-05
371 region_rec_diffs(2,60)        -1.1931781     -3     3    -1.1189716e-05
372 region_rec_diffs(2,61)        -1.5313899     -3     3    -4.2245415e-05
373 region_rec_diffs(2,62)        0.12139617     -3     3    3.132712e-06
374 region_rec_diffs(2,63)        -0.08733758     -3     3    1.1721539e-05
375 region_rec_diffs(2,64)        -1.0584014     -3     3    3.4492511e-05
376 region_rec_diffs(2,65)        -1.1686727     -3     3    8.3200927e-05
377 region_rec_diffs(2,66)        0.061126163     -3     3    0.0001090866
378 region_rec_diffs(2,67)        -0.066978064     -3     3    9.4403591e-05
379 region_rec_diffs(2,68)        -1.2599098     -3     3    3.7937337e-05
380 region_rec_diffs(2,69)        -1.0012525     -3     3    0.00010253432
381 region_rec_diffs(2,70)        -0.84961247     -3     3    1.6507508e-06
382 region_rec_diffs(2,71)        -0.63886892     -3     3    1.9732367e-05
383 region_rec_diffs(2,72)        0.018956546     -3     3    6.4976595e-05
384 region_rec_diffs(2,73)        0.033020953     -3     3    0.00012738494
385 region_rec_diffs(2,74)        -0.47900119     -3     3    2.0197518e-05
386 region_rec_diffs(2,75)        0.24891849     -3     3    -4.3599492e-05
387 region_rec_diffs(2,76)        0.53861435     -3     3    3.5679773e-05
388 region_rec_diffs(2,77)        0.4754003     -3     3    8.360977e-05
389 region_rec_diffs(2,78)        -0.036483343     -3     3    2.1331438e-05
390 region_rec_diffs(2,79)        -0.28134532     -3     3    -8.2077753e-06
391 region_rec_diffs(2,80)        -0.54948632     -3     3    0.00014514781
392 region_rec_diffs(2,81)        0.81663406     -3     3    0.00014109667
393 region_rec_diffs(2,82)        0.52484788     -3     3    5.7795551e-06
394 region_rec_diffs(2,83)        -0.94929262     -3     3    2.0146408e-05
395 region_rec_diffs(2,84)        0.53513425     -3     3    -4.4602955e-05
396 region_rec_diffs(2,85)        -0.15542258     -3     3    2.043285e-05
397 region_rec_diffs(2,86)        0.25317627     -3     3    -7.7965414e-05
398 region_rec_diffs(2,87)        -1.3685837     -3     3    -5.4115158e-06
399 region_rec_diffs(2,88)        -0.44699838     -3     3    4.4352526e-05
400 region_rec_diffs(2,89)        0.66311338     -3     3    5.9710493e-05
401 region_rec_diffs(2,90)        0.6746597     -3     3    5.1102061e-05
402 region_rec_diffs(2,91)        -0.096928471     -3     3    -1.2979258e-05
403 region_rec_diffs(2,92)        0.42228408     -3     3    -3.1083653e-05
404 region_rec_diffs(2,93)        -0.7459342     -3     3    4.9427122e-05
405 region_rec_diffs(2,94)        -1.5483911     -3     3    3.7095258e-05
406 region_rec_diffs(2,95)        0.22746785     -3     3    -0.00013955051
407 region_rec_diffs(2,96)        -0.40735268     -3     3    5.5397367e-05
408 region_rec_diffs(2,97)        -0.92422199     -3     3    -1.530764e-05
409 region_rec_diffs(2,98)        -0.65187143     -3     3    -3.2775243e-06
410 region_rec_diffs(2,99)        0.41581247     -3     3    3.0954642e-05
411 region_rec_diffs(2,100)        0.43969381     -3     3    8.7820755e-06
412 region_rec_diffs(2,101)        -0.95487184     -3     3    9.6793117e-06
413 region_rec_diffs(2,102)        0.16644008     -3     3    3.6547748e-05
414 region_rec_diffs(2,103)        -1.1378391     -3     3    1.0416701e-05
415 region_rec_diffs(2,104)        -0.45188221     -3     3    8.8042955e-05
416 region_rec_diffs(2,105)        0.083070381     -3     3    6.3444097e-06
417 region_rec_diffs(2,106)        0.044956845     -3     3    -1.0719896e-05
418 region_rec_diffs(2,107)        0.20487475     -3     3    -7.8165927e-05
419 region_rec_diffs(2,108)        -0.3559836     -3     3    -7.7248429e-05
420 region_rec_diffs(2,109)        0.1431194     -3     3    4.9361353e-06
421 region_rec_diffs(2,110)        0.38102019     -3     3    0.00018074556
422 region_rec_diffs(2,111)        0.97586536     -3     3    -0.00013823698
423 region_rec_diffs(2,112)        -2.530765     -3     3    1.5715736e-05
424 region_rec_diffs(2,113)        -2.6423148     -3     3    2.2277134e-05
425 region_rec_diffs(2,114)        0.75636721     -3     3    0.00019387323
426 region_rec_diffs(2,115)        0.51981934     -3     3    0.00028261248
427 region_rec_diffs(2,116)        -1.3638086     -3     3    4.1630133e-06
428 region_rec_diffs(2,117)        -0.0017796397     -3     3    -8.0627279e-05
429 region_rec_diffs(2,118)        0.44218016     -3     3    0.00014930627
430 region_rec_diffs(2,119)        -0.28987421     -3     3    8.8551518e-05
431 region_rec_diffs(2,120)        -0.1287325     -3     3    0.00014418342
432 region_rec_diffs(2,121)        -1.2525993     -3     3    0.00024450148
433 region_rec_diffs(2,122)        0.25518125     -3     3    -1.8993312e-05
434 region_rec_diffs(2,123)        0.78735139     -3     3    -2.7962438e-05
435 region_rec_diffs(2,124)        -2.9999983     -3     3    2.8841547e-07   *************
436 region_rec_diffs(2,125)        0.35006321     -3     3    -0.00028861397
437 region_rec_diffs(2,126)        0.9397931     -3     3    -8.9876846e-05
438 region_rec_diffs(2,127)        0.28376038     -3     3    0.00021025515
439 region_rec_diffs(2,128)        -2.9999951     -3     3    1.0290639e-05   *************
440 region_rec_diffs(2,129)        -1.3296661     -3     3    0.00013212694
441 region_rec_diffs(2,130)        0.39486851     -3     3    -0.00027160573
442 region_rec_diffs(2,131)        0.98704985     -3     3    0.00032940019
443 region_rec_diffs(2,132)        -0.045341141     -3     3    -9.5367732e-05
444 region_rec_diffs(2,133)        -1.8907606     -3     3    -5.4655749e-05
445 region_rec_diffs(2,134)        0.8264901     -3     3    0.0004091959
446 region_rec_diffs(2,135)        0.45849207     -3     3    -3.141943e-06
447 region_rec_diffs(2,136)        -0.54394968     -3     3    -0.00014382499
448 region_rec_diffs(2,137)        0.86732353     -3     3    0.00017055372
449 region_rec_diffs(2,138)        0.67244558     -3     3    -0.00022344603
450 region_rec_diffs(2,139)        1.1463177     -3     3    0.00029141339
451 region_rec_diffs(2,140)        0.80890663     -3     3    8.8236837e-06
452 region_rec_diffs(2,141)        -1.9963651     -3     3    -4.7875565e-05
453 region_rec_diffs(2,142)        -0.29264833     -3     3    -0.00013273981
454 region_rec_diffs(2,143)        -0.11672281     -3     3    0.00023495523
455 region_rec_diffs(2,144)        0.49985109     -3     3    -4.920867e-06
456 region_rec_diffs(2,145)        0.07238562     -3     3    1.6298043e-05
457 region_rec_diffs(2,146)        0.13877434     -3     3    7.3898383e-05
458 region_rec_diffs(2,147)        -1.1939873     -3     3    2.1150197e-05
459 region_rec_diffs(2,148)        -0.060574916     -3     3    0.00030011145
460 region_rec_diffs(2,149)        0.98694     -3     3    -0.00025210546
461 region_rec_diffs(2,150)        1.0851962     -3     3    -7.8105428e-05
462 region_rec_diffs(2,151)        -1.864083     -3     3    2.3282208e-05
463 region_rec_diffs(2,152)        -0.10656378     -3     3    0.00014630804
464 region_rec_diffs(2,153)        -1.4815968     -3     3    5.5064572e-05
465 region_rec_diffs(2,154)        0.32453698     -3     3    0.0002590199
466 region_rec_diffs(2,155)        -1.518511     -3     3    1.528573e-05
467 region_rec_diffs(2,156)        -0.26069512     -3     3    0.00014548851
468 region_rec_diffs(2,157)        -1.040248     -3     3    -8.2774273e-05
469 region_rec_diffs(2,158)        0.82828056     -3     3    -0.00013997701
470 region_rec_diffs(2,159)        -2.3572419     -3     3    -1.2412132e-05
471 region_rec_diffs(2,160)        0.5725245     -3     3    -6.4125678e-06
472 region_rec_diffs(2,161)        0.26675703     -3     3    0.00013191448
473 region_rec_diffs(2,162)        -1.8436601     -3     3    4.6708785e-05
474 region_rec_diffs(2,163)        -1.4830703     -3     3    0.00019578845
475 region_rec_diffs(2,164)        -0.61990566     -3     3    -1.5109755e-05
476 region_rec_diffs(2,165)        1.0339667     -3     3    -0.00017466111
477 region_rec_diffs(2,166)        0.94712572     -3     3    -1.7973528e-05
478 region_rec_diffs(2,167)        -0.093227371     -3     3    0.00017146543
479 region_rec_diffs(2,168)        -0.37486776     -3     3    9.02644e-05
480 region_rec_diffs(2,169)        0.048131799     -3     3    -0.00015960818
481 region_rec_diffs(2,170)        0.40798751     -3     3    -0.00015695415
482 region_rec_diffs(2,171)        -0.66851195     -3     3    -8.7134221e-05
483 region_rec_diffs(2,172)        -2.9261082     -3     3    5.3163548e-05
484 region_rec_diffs(2,173)        -0.99289806     -3     3    -4.0030033e-05
485 region_rec_diffs(2,174)        -0.48128391     -3     3    1.5941855e-05
486 region_rec_diffs(2,175)        -0.16787699     -3     3    -5.9333061e-05
487 region_rec_diffs(2,176)        0.68937827     -3     3    3.5237651e-05
488 region_rec_diffs(2,177)        0.65797486     -3     3    0.00026298463
489 region_rec_diffs(2,178)        -0.72647511     -3     3    -6.9138411e-05
490 region_rec_diffs(2,179)        -1.0227867     -3     3    0.00014222284
491 region_rec_diffs(2,180)        -0.34812802     -3     3    -0.00019496006
492 region_rec_diffs(2,181)        1.143261     -3     3    -0.00041143751
493 region_rec_diffs(2,182)        1.1140811     -3     3    -0.00032342445
494 region_rec_diffs(2,183)        0.25279563     -3     3    -0.00017525439
495 region_rec_diffs(2,184)        0.21308527     -3     3    -4.633594e-05
496 region_rec_diffs(2,185)        0.53676483     -3     3    0.00012552315
497 region_rec_diffs(2,186)        0.0015171132     -3     3    -0.00020983798
498 region_rec_diffs(2,187)        -1.2837792     -3     3    0.00018195883
499 region_rec_diffs(2,188)        0.22777703     -3     3    3.8930656e-05
500 region_rec_diffs(2,189)        0.65650755     -3     3    -7.5631696e-05
501 region_rec_diffs(2,190)        1.1353498     -3     3    0.00091630749
502 region_rec_diffs(2,191)        -2.2675814     -3     3    -8.8211619e-06
503 region_rec_diffs(2,192)        -0.20320189     -3     3    -3.7499644e-05
504 region_rec_diffs(2,193)        -1.3705709     -3     3    -7.2025259e-05
505 region_rec_diffs(2,194)        0.43914355     -3     3    4.7237257e-05
506 region_rec_diffs(2,195)        -0.043148452     -3     3    0.00027497355
507 region_rec_diffs(2,196)        -1.2563997     -3     3    -4.1680241e-05
508 region_rec_diffs(2,197)        0.26199321     -3     3    -1.4177847e-05
509 region_rec_diffs(2,198)        1.0090579     -3     3    9.5217251e-05
510 region_rec_diffs(2,199)        -1.5231798     -3     3    2.6703535e-05
511 region_rec_diffs(2,200)        0.64492228     -3     3    0.00026078041
512 region_rec_diffs(2,201)        -1.785242     -3     3    5.9264659e-06
513 region_rec_diffs(2,202)        0.44322812     -3     3    0.00019846596
514 region_rec_diffs(2,203)        -2.5662439     -3     3    7.7563838e-05
515 region_rec_diffs(2,204)        0.30160074     -3     3    1.5692408e-05
516 region_rec_diffs(2,205)        0.99875998     -3     3    -9.2833e-05
517 region_rec_diffs(2,206)        1.1127427     -3     3    -0.00018022324
518 region_rec_diffs(2,207)        -0.53439979     -3     3    -0.00014286909
519 region_rec_diffs(2,208)        0.1587255     -3     3    6.0548616e-05
520 region_rec_diffs(2,209)        0.23898451     -3     3    0.00010019099
521 region_rec_diffs(2,210)        -0.97819317     -3     3    5.1015795e-05
522 region_rec_diffs(2,211)        -2.9999999     -3     3    -3.4827006e-07   *************
523 region_rec_diffs(2,212)        0.070315392     -3     3    0.00016861938
524 region_rec_diffs(2,213)        -0.022050126     -3     3    -0.00036595473
525 region_rec_diffs(2,214)        0.96144259     -3     3    -4.3212595e-05
526 region_rec_diffs(2,215)        -0.77195496     -3     3    2.4965398e-05
527 region_rec_diffs(2,216)        -0.29315237     -3     3    0.00020471685
528 region_rec_diffs(2,217)        0.50213939     -3     3    -5.548382e-05
529 region_rec_diffs(2,218)        0.77815565     -3     3    2.2241983e-07
530 region_rec_diffs(2,219)        0.19953679     -3     3    -9.3001385e-05
531 region_rec_diffs(2,220)        -1.3377364     -3     3    0.00017652285
532 region_rec_diffs(2,221)        0.79888174     -3     3    -0.00020649107
533 region_rec_diffs(2,222)        0.87247077     -3     3    0.00019422897
534 region_rec_diffs(2,223)        -0.99065784     -3     3    -6.8039511e-07
535 region_rec_diffs(2,224)        -0.14974852     -3     3    -5.1139528e-05
536 region_rec_diffs(2,225)        1.1113386     -3     3    0.00024088451
537 region_rec_diffs(2,226)        1.129293     -3     3    -4.0083842e-05
538 region_rec_diffs(2,227)        -0.8922376     -3     3    0.00017291181
539 region_rec_diffs(2,228)        0.32211407     -3     3    -0.00017654206
540 region_rec_diffs(2,229)        -0.31419516     -3     3    -3.626743e-05
541 region_rec_diffs(2,230)        0.69385644     -3     3    -0.00011655114
542 region_rec_diffs(2,231)        -1.6351868     -3     3    -0.00017503577
543 region_rec_diffs(2,232)        -0.16443502     -3     3    -0.00026235483
544 region_rec_diffs(2,233)        0.26711456     -3     3    -9.956775e-05
545 region_rec_diffs(2,234)        0.49416501     -3     3    0.0001197964
546 region_rec_diffs(2,235)        -0.1573637     -3     3    5.595999e-05
547 region_rec_diffs(2,236)        -0.20904818     -3     3    -0.00024454701
548 region_rec_diffs(2,237)        0.27179771     -3     3    0.00043990043
549 region_rec_diffs(2,238)        0.60446793     -3     3    7.3878201e-05
550 region_rec_diffs(2,239)        0.33144632     -3     3    0.00041978582
551 region_rec_diffs(2,240)        -0.61698997     -3     3    -0.00011772271
552 region_rec_diffs(2,241)        -1.7821077     -3     3    9.0471507e-05
553 region_rec_diffs(2,242)        0.70125526     -3     3    -0.00017025931
554 region_rec_diffs(2,243)        -0.26271502     -3     3    0.00016170956
555 region_rec_diffs(2,244)        0.2358722     -3     3    0.00029531451
556 region_rec_diffs(2,245)        0.093219655     -3     3    0.00029899931
557 region_rec_diffs(2,246)        0.64026136     -3     3    -0.00011045482
558 region_rec_diffs(2,247)        -0.040895544     -3     3    8.5162942e-05
559 region_rec_diffs(2,248)        -0.73761707     -3     3    -7.4867644e-05
560 region_rec_diffs(2,249)        0.7966821     -3     3    -0.00016731485
561 region_rec_diffs(2,250)        1.0399686     -3     3    0.00023526735
562 region_rec_diffs(2,251)        0.67843484     -3     3    0.00012555802
563 region_rec_diffs(2,252)        -0.62958779     -3     3    0.00010776874
564 region_rec_diffs(2,253)        0.50637107     -3     3    0.00011341437
565 region_rec_diffs(2,254)        0.5762334     -3     3    4.6872884e-05
566 region_rec_diffs(2,255)        0.086179295     -3     3    0.0001866484
567 region_rec_diffs(2,256)        -0.75050551     -3     3    -3.9931874e-05
568 region_rec_diffs(2,257)        0.81433108     -3     3    1.0239929e-05
569 region_rec_diffs(2,258)        0.68733732     -3     3    0.00016199596
570 region_rec_diffs(2,259)        0.5125112     -3     3    -0.00018172087
571 region_rec_diffs(2,260)        -0.47678996     -3     3    -9.3300764e-05
572 region_rec_diffs(2,261)        -0.90811821     -3     3    4.586139e-05
573 region_rec_diffs(2,262)        1.1024919     -3     3    0.00062933464
574 region_rec_diffs(2,263)        -0.05849339     -3     3    1.5064045e-05
575 region_rec_diffs(2,264)        -1.0373932     -3     3    0.0002141718
576 region_rec_diffs(2,265)        0.12826507     -3     3    -0.00014007003
577 region_rec_diffs(2,266)        1.0671036     -3     3    -0.00035839821
578 region_rec_diffs(2,267)        0.50765578     -3     3    -6.0787612e-06
579 region_rec_diffs(2,268)        -0.74066457     -3     3    -0.00020417285
580 region_rec_diffs(2,269)        -0.58398491     -3     3    9.8971522e-05
581 region_rec_diffs(2,270)        -0.18823428     -3     3    -4.9785997e-05
582 region_rec_diffs(2,271)        -0.64360908     -3     3    -0.00017127279
583 region_rec_diffs(2,272)        -0.74975524     -3     3    7.9902647e-05
584 region_rec_diffs(2,273)        0.72379435     -3     3    0.00032147098
585 region_rec_diffs(2,274)        -0.37666368     -3     3    0.00012926261
586 region_rec_diffs(2,275)        0.72870427     -3     3    -4.1220919e-05
587 region_rec_diffs(2,276)        -0.59553364     -3     3    -1.3087151e-05
588 region_rec_diffs(2,277)        -1.212334     -3     3    8.1949013e-05
589 region_rec_diffs(2,278)        -0.50180489     -3     3    -6.5913229e-06
590 region_rec_diffs(2,279)        0.84273741     -3     3    -1.586618e-05
591 region_rec_diffs(3,1)        0     -3     3    -3.0697121e-19
592 region_rec_diffs(3,2)        -0.00073021107     -3     3    -2.9232565e-07
593 region_rec_diffs(3,3)        -0.0016532043     -3     3    -2.1950687e-07
594 region_rec_diffs(3,4)        0.0065693287     -3     3    -1.2835393e-06
595 region_rec_diffs(3,5)        0.61716822     -3     3    3.3327393e-05
596 region_rec_diffs(3,6)        -4.1763804e-05     -3     3    -1.0367133e-07
597 region_rec_diffs(3,7)        -5.3683327e-05     -3     3    -8.487015e-08
598 region_rec_diffs(3,8)        -0.0011680947     -3     3    -2.3650607e-07
599 region_rec_diffs(3,9)        -0.0010499267     -3     3    -6.5120689e-08
600 region_rec_diffs(3,10)        -5.219882e-05     -3     3    -1.1086864e-07
601 region_rec_diffs(3,11)        -3.4625992e-05     -3     3    -1.0946385e-07
602 region_rec_diffs(3,12)        -0.00045195436     -3     3    -1.4218537e-07
603 region_rec_diffs(3,13)        -0.00029768046     -3     3    -1.558555e-07
604 region_rec_diffs(3,14)        -0.0001327454     -3     3    -1.2295634e-07
605 region_rec_diffs(3,15)        -1.0051445e-05     -3     3    -6.14658e-08
606 region_rec_diffs(3,16)        -1.9950821e-05     -3     3    -8.4889005e-08
607 region_rec_diffs(3,17)        -0.00028382014     -3     3    -1.4265457e-07
608 region_rec_diffs(3,18)        -0.00045759312     -3     3    -4.2850464e-08
609 region_rec_diffs(3,19)        -4.0683099e-05     -3     3    -1.3345227e-07
610 region_rec_diffs(3,20)        -4.133376e-05     -3     3    -1.0891577e-07
611 region_rec_diffs(3,21)        -0.00029230442     -3     3    -1.5715218e-07
612 region_rec_diffs(3,22)        -0.00032285033     -3     3    -1.4989267e-07
613 region_rec_diffs(3,23)        -6.7939739e-05     -3     3    -1.3943519e-07
614 region_rec_diffs(3,24)        -7.1991767e-05     -3     3    -1.2163518e-07
615 region_rec_diffs(3,25)        -0.00037211497     -3     3    -1.724941e-07
616 region_rec_diffs(3,26)        -0.00032133959     -3     3    -1.1882291e-07
617 region_rec_diffs(3,27)        -6.2956943e-05     -3     3    -1.4803679e-07
618 region_rec_diffs(3,28)        -0.00024953079     -3     3    -1.2755557e-07
619 region_rec_diffs(3,29)        -5.6120654e-05     -3     3    -1.0539477e-07
620 region_rec_diffs(3,30)        -1.204762e-05     -3     3    -3.4284103e-08
621 region_rec_diffs(3,31)        2.7485124e-07     -3     3    -3.2672233e-08
622 region_rec_diffs(3,32)        4.6848257e-06     -3     3    -1.7785238e-08
623 region_rec_diffs(3,33)        -6.3290858e-05     -3     3    -1.2950774e-07
624 region_rec_diffs(3,34)        -0.00029337513     -3     3    -1.9406234e-07
625 region_rec_diffs(3,35)        -1.4631901e-05     -3     3    -6.8415301e-08
626 region_rec_diffs(3,36)        -0.00016279072     -3     3    -2.2275844e-07
627 region_rec_diffs(3,37)        -8.5124323e-05     -3     3    -3.6241871e-07
628 region_rec_diffs(3,38)        7.8610021e-06     -3     3    7.2211934e-09
629 region_rec_diffs(3,39)        3.8670918e-06     -3     3    -6.348415e-09
630 region_rec_diffs(3,40)        1.2909819e-05     -3     3    -2.799097e-08
631 region_rec_diffs(3,41)        -8.7390039e-05     -3     3    -1.2921732e-07
632 region_rec_diffs(3,42)        -0.00011259479     -3     3    -1.4621492e-07
633 region_rec_diffs(3,43)        -1.2035879e-05     -3     3    -8.6491973e-08
634 region_rec_diffs(3,44)        -4.2711341e-05     -3     3    -1.3183885e-07
635 region_rec_diffs(3,45)        -0.0001446247     -3     3    -1.9464724e-07
636 region_rec_diffs(3,46)        -9.8573487e-06     -3     3    -5.9260375e-08
637 region_rec_diffs(3,47)        -4.3888215e-06     -3     3    -3.3901519e-08
638 region_rec_diffs(3,48)        2.6371225e-05     -3     3    -1.1329851e-07
639 region_rec_diffs(3,49)        -7.6369833e-05     -3     3    -1.6964399e-07
640 region_rec_diffs(3,50)        -5.0305839e-06     -3     3    -6.3129071e-08
641 region_rec_diffs(3,51)        -9.4986249e-05     -3     3    -1.106337e-07
642 region_rec_diffs(3,52)        -8.5500265e-05     -3     3    -3.1953711e-08
643 region_rec_diffs(3,53)        -8.8481452e-05     -3     3    -8.7830569e-08
644 region_rec_diffs(3,54)        -5.1906824e-05     -3     3    -2.7030635e-08
645 region_rec_diffs(3,55)        2.3692898e-06     -3     3    3.0501537e-09
646 region_rec_diffs(3,56)        -2.9510257e-05     -3     3    -1.8963267e-08
647 region_rec_diffs(3,57)        -7.3299721e-05     -3     3    -5.1745183e-07
648 region_rec_diffs(3,58)        -0.00018443171     -3     3    -1.6707916e-07
649 region_rec_diffs(3,59)        -2.8934359e-05     -3     3    -2.9354714e-07
650 region_rec_diffs(3,60)        -0.00013243239     -3     3    -4.1775348e-07
651 region_rec_diffs(3,61)        -0.0003797864     -3     3    4.0567948e-09
652 region_rec_diffs(3,62)        -4.4626071e-06     -3     3    -4.9407935e-08
653 region_rec_diffs(3,63)        -1.1497789e-05     -3     3    -7.2822743e-08
654 region_rec_diffs(3,64)        -2.9771249e-05     -3     3    -4.2326947e-08
655 region_rec_diffs(3,65)        -2.0935302e-05     -3     3    -9.267988e-08
656 region_rec_diffs(3,66)        0.00086053231     -3     3    8.0358974e-06
657 region_rec_diffs(3,67)        2.1946213e-06     -3     3    -2.2319352e-08
658 region_rec_diffs(3,68)        -5.7565406e-05     -3     3    -7.9030062e-08
659 region_rec_diffs(3,69)        -8.9534494e-06     -3     3    -1.5297435e-07
660 region_rec_diffs(3,70)        -5.3606578e-05     -3     3    -8.3750417e-08
661 region_rec_diffs(3,71)        -4.7772388e-05     -3     3    -4.3596335e-09
662 region_rec_diffs(3,72)        -8.3832561e-05     -3     3    -4.7549598e-07
663 region_rec_diffs(3,73)        -3.3977974e-05     -3     3    -2.3729131e-09
664 region_rec_diffs(3,74)        -5.6521165e-05     -3     3    -7.0896359e-08
665 region_rec_diffs(3,75)        -7.5608408e-06     -3     3    -1.1727943e-07
666 region_rec_diffs(3,76)        -1.5840633e-05     -3     3    -6.2304727e-08
667 region_rec_diffs(3,77)        9.3342422e-06     -3     3    -6.3915945e-08
668 region_rec_diffs(3,78)        -1.7720722e-06     -3     3    -4.0203418e-08
669 region_rec_diffs(3,79)        -3.0511296e-05     -3     3    -7.8680638e-08
670 region_rec_diffs(3,80)        -0.00052552645     -3     3    1.1118242e-07
671 region_rec_diffs(3,81)        -6.7867384e-05     -3     3    -1.2561475e-07
672 region_rec_diffs(3,82)        5.1738048e-06     -3     3    -1.1705116e-07
673 region_rec_diffs(3,83)        -0.00028597013     -3     3    9.5407025e-08
674 region_rec_diffs(3,84)        -0.00024344727     -3     3    -2.1369359e-08
675 region_rec_diffs(3,85)        2.0120137e-06     -3     3    -1.1745571e-07
676 region_rec_diffs(3,86)        2.2436054e-06     -3     3    -7.4862874e-08
677 region_rec_diffs(3,87)        -0.00010150586     -3     3    -9.2130914e-08
678 region_rec_diffs(3,88)        -6.3880799e-05     -3     3    -4.7521809e-07
679 region_rec_diffs(3,89)        7.2763128e-06     -3     3    -4.3069562e-08
680 region_rec_diffs(3,90)        -5.3368692e-06     -3     3    -1.3423658e-07
681 region_rec_diffs(3,91)        7.6590237e-06     -3     3    1.4124682e-08
682 region_rec_diffs(3,92)        -0.00018829189     -3     3    -1.4168103e-07
683 region_rec_diffs(3,93)        -5.2875713e-05     -3     3    4.8927225e-07
684 region_rec_diffs(3,94)        6.6099156e-06     -3     3    -2.8022901e-07
685 region_rec_diffs(3,95)        -1.2462357e-06     -3     3    -3.8521414e-07
686 region_rec_diffs(3,96)        3.1896474e-05     -3     3    5.3072168e-08
687 region_rec_diffs(3,97)        -1.6880329e-05     -3     3    3.1450872e-09
688 region_rec_diffs(3,98)        -0.00010390596     -3     3    -1.6100642e-07
689 region_rec_diffs(3,99)        0.00015988136     -3     3    -2.1873436e-07
690 region_rec_diffs(3,100)        -2.732114e-05     -3     3    2.4419667e-07
691 region_rec_diffs(3,101)        0.00011351318     -3     3    -2.3984374e-07
692 region_rec_diffs(3,102)        1.3694852e-05     -3     3    5.2326358e-08
693 region_rec_diffs(3,103)        -5.7155329e-05     -3     3    -4.6187377e-07
694 region_rec_diffs(3,104)        3.705821e-05     -3     3    -1.6555642e-07
695 region_rec_diffs(3,105)        2.3545558e-07     -3     3    9.6982018e-09
696 region_rec_diffs(3,106)        -5.466239e-06     -3     3    -4.7697093e-08
697 region_rec_diffs(3,107)        -5.985497e-06     -3     3    -3.3598243e-08
698 region_rec_diffs(3,108)        -0.00014799155     -3     3    -1.7638497e-07
699 region_rec_diffs(3,109)        -9.4192722e-06     -3     3    -6.0549228e-08
700 region_rec_diffs(3,110)        -6.5107087e-06     -3     3    -4.1969951e-08
701 region_rec_diffs(3,111)        -0.00010071173     -3     3    3.6919907e-09
702 region_rec_diffs(3,112)        2.0528947e-05     -3     3    -1.714114e-08
703 region_rec_diffs(3,113)        -3.4043847e-05     -3     3    -5.163265e-07
704 region_rec_diffs(3,114)        7.0498616e-06     -3     3    1.0171921e-07
705 region_rec_diffs(3,115)        0.0019759065     -3     3    1.8392075e-05
706 region_rec_diffs(3,116)        9.9647214e-05     -3     3    -8.9605896e-08
707 region_rec_diffs(3,117)        1.1324636e-05     -3     3    -1.1295295e-07
708 region_rec_diffs(3,118)        1.3127461e-05     -3     3    -6.5443204e-08
709 region_rec_diffs(3,119)        7.5126914e-05     -3     3    -7.3187411e-08
710 region_rec_diffs(3,120)        9.8694614e-05     -3     3    -1.2437114e-07
711 region_rec_diffs(3,121)        -0.00018064285     -3     3    -1.7142467e-07
712 region_rec_diffs(3,122)        -9.3782618e-05     -3     3    -9.0605506e-08
713 region_rec_diffs(3,123)        0.00019087937     -3     3    1.8166942e-06
714 region_rec_diffs(3,124)        9.1173449e-05     -3     3    -1.1088715e-07
715 region_rec_diffs(3,125)        1.7761732e-05     -3     3    -1.7886944e-08
716 region_rec_diffs(3,126)        3.2593822e-05     -3     3    -9.2034284e-08
717 region_rec_diffs(3,127)        2.5277942e-05     -3     3    -5.1010339e-08
718 region_rec_diffs(3,128)        -7.4137168e-05     -3     3    -1.4676343e-07
719 region_rec_diffs(3,129)        -5.4312468e-06     -3     3    -1.2166435e-07
720 region_rec_diffs(3,130)        7.5605922e-06     -3     3    -8.9663042e-08
721 region_rec_diffs(3,131)        -0.00015501416     -3     3    -4.056174e-07
722 region_rec_diffs(3,132)        9.4296316e-06     -3     3    5.5797879e-09
723 region_rec_diffs(3,133)        -0.00027440092     -3     3    -1.3341499e-07
724 region_rec_diffs(3,134)        -5.7927775e-05     -3     3    -4.8036705e-08
725 region_rec_diffs(3,135)        -0.00027769395     -3     3    -1.1192858e-07
726 region_rec_diffs(3,136)        -0.00034128889     -3     3    -1.1281523e-07
727 region_rec_diffs(3,137)        -7.4170387e-06     -3     3    -5.7952266e-08
728 region_rec_diffs(3,138)        -1.4269108e-06     -3     3    -8.6476152e-08
729 region_rec_diffs(3,139)        -0.00030490843     -3     3    3.7520154e-08
730 region_rec_diffs(3,140)        -0.00046220409     -3     3    -1.8399022e-07
731 region_rec_diffs(3,141)        -0.00057158865     -3     3    -1.6922821e-07
732 region_rec_diffs(3,142)        -1.0185468e-05     -3     3    -6.2413302e-08
733 region_rec_diffs(3,143)        9.2629181e-05     -3     3    1.0519876e-06
734 region_rec_diffs(3,144)        -0.00098103339     -3     3    -1.157275e-07
735 region_rec_diffs(3,145)        0.00012947649     -3     3    -8.0218885e-08
736 region_rec_diffs(3,146)        3.1269582e-05     -3     3    6.8179753e-08
737 region_rec_diffs(3,147)        -0.00023703734     -3     3    7.6472411e-08
738 region_rec_diffs(3,148)        -0.001525285     -3     3    -1.7350351e-07
739 region_rec_diffs(3,149)        -0.00037859747     -3     3    1.603533e-07
740 region_rec_diffs(3,150)        -0.00020154749     -3     3    5.4322659e-08
741 region_rec_diffs(3,151)        -0.0026104897     -3     3    -5.7886982e-06
742 region_rec_diffs(3,152)        -0.013046454     -3     3    -5.6739318e-07
743 region_rec_diffs(3,153)        -0.0061391845     -3     3    -1.3267285e-07
744 region_rec_diffs(3,154)        0.00033869411     -3     3    2.6398795e-07
745 region_rec_diffs(3,155)        -0.0011869398     -3     3    -4.6903954e-08
746 region_rec_diffs(3,156)        -0.0067489324     -3     3    -1.6973021e-05
747 region_rec_diffs(3,157)        -4.1425469e-05     -3     3    -3.2865049e-08
748 region_rec_diffs(3,158)        0.00027596427     -3     3    4.5954183e-08
749 region_rec_diffs(3,159)        -0.001739277     -3     3    -1.109211e-07
750 region_rec_diffs(3,160)        -0.035328968     -3     3    -3.9532305e-06
751 region_rec_diffs(3,161)        -6.9516841e-05     -3     3    -2.0249322e-07
752 region_rec_diffs(3,162)        -0.0013068878     -3     3    3.6123784e-07
753 region_rec_diffs(3,163)        -0.016175232     -3     3    -9.6756672e-07
754 region_rec_diffs(3,164)        -0.014917824     -3     3    -1.3229774e-06
755 region_rec_diffs(3,165)        -3.0745159e-05     -3     3    4.7759051e-06
756 region_rec_diffs(3,166)        -0.0002679043     -3     3    -3.1655702e-07
757 region_rec_diffs(3,167)        -0.00018546894     -3     3    4.3458802e-07
758 region_rec_diffs(3,168)        -0.0080608972     -3     3    -1.4210854e-06
759 region_rec_diffs(3,169)        -0.0020405933     -3     3    -7.3851836e-08
760 region_rec_diffs(3,170)        0.00063003245     -3     3    -3.6449216e-07
761 region_rec_diffs(3,171)        0.00078610499     -3     3    -1.6969763e-07
762 region_rec_diffs(3,172)        0.0019097659     -3     3    7.358768e-07
763 region_rec_diffs(3,173)        -0.00053978225     -3     3    2.9381499e-07
764 region_rec_diffs(3,174)        -0.0010051033     -3     3    -5.1419763e-08
765 region_rec_diffs(3,175)        6.8949565e-05     -3     3    5.2276791e-08
766 region_rec_diffs(3,176)        0.00050678904     -3     3    -3.0515025e-07
767 region_rec_diffs(3,177)        -0.011948742     -3     3    -7.4224864e-07
768 region_rec_diffs(3,178)        0.0003044473     -3     3    2.015292e-07
769 region_rec_diffs(3,179)        -0.0010328358     -3     3    4.9751563e-08
770 region_rec_diffs(3,180)        -0.021247824     -3     3    -7.3357783e-06
771 region_rec_diffs(3,181)        -0.0017666825     -3     3    2.5392296e-07
772 region_rec_diffs(3,182)        -0.0015388562     -3     3    -2.5232133e-08
773 region_rec_diffs(3,183)        -0.001106461     -3     3    -2.8178178e-08
774 region_rec_diffs(3,184)        -0.025879453     -3     3    -1.8626101e-06
775 region_rec_diffs(3,185)        -0.0033907793     -3     3    -2.7304261e-07
776 region_rec_diffs(3,186)        -0.012694935     -3     3    -8.2853566e-07
777 region_rec_diffs(3,187)        -0.0059589989     -3     3    -3.5025471e-06
778 region_rec_diffs(3,188)        -0.00073739076     -3     3    4.2966399e-07
779 region_rec_diffs(3,189)        -0.00035337039     -3     3    -1.9342358e-08
780 region_rec_diffs(3,190)        -0.0020336362     -3     3    -2.2591547e-07
781 region_rec_diffs(3,191)        -0.0068211247     -3     3    -8.3956e-07
782 region_rec_diffs(3,192)        -0.045909103     -3     3    -3.1814396e-06
783 region_rec_diffs(3,193)        -0.013836399     -3     3    -1.0522795e-06
784 region_rec_diffs(3,194)        -0.011960444     -3     3    -1.2471628e-06
785 region_rec_diffs(3,195)        -0.0014309897     -3     3    -2.8334779e-07
786 region_rec_diffs(3,196)        -0.0015719225     -3     3    -3.4852137e-07
787 region_rec_diffs(3,197)        2.2304066e-05     -3     3    -3.323114e-08
788 region_rec_diffs(3,198)        0.00096960372     -3     3    -1.283381e-07
789 region_rec_diffs(3,199)        -0.0034492519     -3     3    -2.0755187e-07
790 region_rec_diffs(3,200)        -0.005061434     -3     3    -2.3978072e-07
791 region_rec_diffs(3,201)        -0.011887141     -3     3    -3.0568214e-05
792 region_rec_diffs(3,202)        -0.002908975     -3     3    -9.7211806e-08
793 region_rec_diffs(3,203)        -0.0021190597     -3     3    2.2223298e-07
794 region_rec_diffs(3,204)        0.00053259674     -3     3    4.7244901e-08
795 region_rec_diffs(3,205)        2.9611527e-05     -3     3    1.142142e-08
796 region_rec_diffs(3,206)        -0.00039263578     -3     3    -1.4808218e-07
797 region_rec_diffs(3,207)        -0.0012797242     -3     3    -2.0767366e-07
798 region_rec_diffs(3,208)        -0.0039432654     -3     3    6.858584e-09
799 region_rec_diffs(3,209)        -0.011676712     -3     3    -5.1025893e-07
800 region_rec_diffs(3,210)        -0.0039249949     -3     3    -2.4753937e-07
801 region_rec_diffs(3,211)        -0.043200461     -3     3    -2.7694789e-06
802 region_rec_diffs(3,212)        -0.0069189577     -3     3    -1.0478679e-07
803 region_rec_diffs(3,213)        -8.2607885e-05     -3     3    1.1454302e-07
804 region_rec_diffs(3,214)        0.00019923714     -3     3    -1.0515171e-07
805 region_rec_diffs(3,215)        -0.0048004831     -3     3    -4.260553e-07
806 region_rec_diffs(3,216)        0.0031303241     -3     3    -1.3305013e-05
807 region_rec_diffs(3,217)        -0.001287699     -3     3    8.6729723e-08
808 region_rec_diffs(3,218)        0.00094080648     -3     3    2.9686076e-07
809 region_rec_diffs(3,219)        -0.0010099215     -3     3    3.6762525e-08
810 region_rec_diffs(3,220)        0.0015804992     -3     3    -1.2875954e-08
811 region_rec_diffs(3,221)        -0.0073138709     -3     3    -5.6622781e-08
812 region_rec_diffs(3,222)        -0.0074977879     -3     3    -3.4198949e-07
813 region_rec_diffs(3,223)        -0.012310433     -3     3    -5.3634916e-07
814 region_rec_diffs(3,224)        -0.019433594     -3     3    -1.270858e-06
815 region_rec_diffs(3,225)        -0.0006576179     -3     3    -3.9817213e-08
816 region_rec_diffs(3,226)        -0.00069009342     -3     3    3.5880984e-07
817 region_rec_diffs(3,227)        -0.0018521194     -3     3    3.9522864e-07
818 region_rec_diffs(3,228)        -0.013472882     -3     3    -2.9799059e-07
819 region_rec_diffs(3,229)        -0.00433684     -3     3    -4.331987e-05
820 region_rec_diffs(3,230)        -0.0018295832     -3     3    -2.8137964e-06
821 region_rec_diffs(3,231)        -0.0093266156     -3     3    -1.7363855e-06
822 region_rec_diffs(3,232)        0.0031321016     -3     3    6.447595e-07
823 region_rec_diffs(3,233)        -0.0019262818     -3     3    -6.1226903e-06
824 region_rec_diffs(3,234)        0.0024668459     -3     3    2.3797435e-07
825 region_rec_diffs(3,235)        -0.0035262663     -3     3    -4.6864147e-07
826 region_rec_diffs(3,236)        -0.0025761393     -3     3    -4.2150136e-06
827 region_rec_diffs(3,237)        -0.008295098     -3     3    -3.304863e-05
828 region_rec_diffs(3,238)        -0.0047119252     -3     3    1.1469648e-07
829 region_rec_diffs(3,239)        -0.0051986238     -3     3    -2.4819648e-07
830 region_rec_diffs(3,240)        -0.017182738     -3     3    0.0001250892
831 region_rec_diffs(3,241)        -0.0039082518     -3     3    -5.452626e-07
832 region_rec_diffs(3,242)        -0.0088761256     -3     3    -7.4518649e-06
833 region_rec_diffs(3,243)        -0.0091676709     -3     3    -1.1568328e-07
834 region_rec_diffs(3,244)        -0.00037121259     -3     3    2.0208212e-07
835 region_rec_diffs(3,245)        -0.0043256703     -3     3    7.2097221e-08
836 region_rec_diffs(3,246)        0.00092363607     -3     3    5.9621377e-07
837 region_rec_diffs(3,247)        -0.0022945791     -3     3    2.4902573e-07
838 region_rec_diffs(3,248)        0.0054802977     -3     3    1.2238723e-06
839 region_rec_diffs(3,249)        -0.00047901537     -3     3    4.5211986e-08
840 region_rec_diffs(3,250)        0.0023494413     -3     3    2.1672738e-07
841 region_rec_diffs(3,251)        -0.001724274     -3     3    -3.2508063e-08
842 region_rec_diffs(3,252)        -0.00010641447     -3     3    4.2881284e-07
843 region_rec_diffs(3,253)        -0.0013443063     -3     3    -2.1710652e-07
844 region_rec_diffs(3,254)        0.0013965492     -3     3    -5.8912709e-06
845 region_rec_diffs(3,255)        -0.01357093     -3     3    -6.8726994e-07
846 region_rec_diffs(3,256)        -0.019659772     -3     3    -4.5058195e-05
847 region_rec_diffs(3,257)        -0.003795686     -3     3    3.00132e-07
848 region_rec_diffs(3,258)        -0.0021880851     -3     3    1.0126599e-07
849 region_rec_diffs(3,259)        -0.0092269952     -3     3    -5.397431e-07
850 region_rec_diffs(3,260)        0.00061514632     -3     3    5.3768743e-07
851 region_rec_diffs(3,261)        -0.0036684865     -3     3    -1.1818443e-06
852 region_rec_diffs(3,262)        0.0030332277     -3     3    6.90727e-07
853 region_rec_diffs(3,263)        -0.016539421     -3     3    -1.3185536e-06
854 region_rec_diffs(3,264)        -0.0035173406     -3     3    -4.4988084e-05
855 region_rec_diffs(3,265)        -0.00038973123     -3     3    -1.7619011e-08
856 region_rec_diffs(3,266)        -0.00041432827     -3     3    4.9071165e-09
857 region_rec_diffs(3,267)        -0.0035992318     -3     3    -2.9627421e-07
858 region_rec_diffs(3,268)        0.0034954608     -3     3    3.9577337e-07
859 region_rec_diffs(3,269)        -0.0016047594     -3     3    -6.044501e-08
860 region_rec_diffs(3,270)        0.0017723216     -3     3    3.6081445e-07
861 region_rec_diffs(3,271)        -0.010399345     -3     3    -9.7657925e-07
862 region_rec_diffs(3,272)        -0.0038690347     -3     3    2.6073895e-08
863 region_rec_diffs(3,273)        -0.0030988699     -3     3    1.1653643e-07
864 region_rec_diffs(3,274)        -0.023950003     -3     3    -9.5076654e-06
865 region_rec_diffs(3,275)        0.00030126275     -3     3    2.8785848e-07
866 region_rec_diffs(3,276)        -0.0005470484     -3     3    3.4159252e-07
867 region_rec_diffs(3,277)        0.00011859681     -3     3    4.6252856e-07
868 region_rec_diffs(3,278)        -0.00036490793     -3     3    4.4917181e-07
869 region_rec_diffs(3,279)        -0.00032673172     -3     3    -3.1449439e-08
870 region_rec_diffs(4,1)        -1.3322676e-15     -3     3    -4.6340491e-15
871 region_rec_diffs(4,2)        -0.74587294     -3     3    8.7091679e-05
872 region_rec_diffs(4,3)        -0.69919058     -3     3    -0.00017604437
873 region_rec_diffs(4,4)        -0.81215737     -3     3    2.2862531e-05
874 region_rec_diffs(4,5)        -0.86970533     -3     3    -7.3620235e-05
875 region_rec_diffs(4,6)        -0.27803367     -3     3    -1.1626364e-05
876 region_rec_diffs(4,7)        -0.38533083     -3     3    -8.5972453e-06
877 region_rec_diffs(4,8)        -1.9639666     -3     3    -9.2990371e-05
878 region_rec_diffs(4,9)        -1.8982574     -3     3    0.00010969097
879 region_rec_diffs(4,10)        -0.23526936     -3     3    -3.094234e-05
880 region_rec_diffs(4,11)        -0.14948683     -3     3    -2.5974853e-05
881 region_rec_diffs(4,12)        -0.98830693     -3     3    9.7294519e-05
882 region_rec_diffs(4,13)        -0.52833053     -3     3    0.00015539368
883 region_rec_diffs(4,14)        1.0725351     -3     3    -0.00036485981
884 region_rec_diffs(4,15)        0.074297094     -3     3    -9.2584663e-07
885 region_rec_diffs(4,16)        0.025943863     -3     3    -4.6971909e-05
886 region_rec_diffs(4,17)        -1.0612656     -3     3    5.4573737e-05
887 region_rec_diffs(4,18)        -1.3573406     -3     3    5.2370332e-05
888 region_rec_diffs(4,19)        -0.25509328     -3     3    1.4127443e-06
889 region_rec_diffs(4,20)        -0.26082431     -3     3    2.6130902e-05
890 region_rec_diffs(4,21)        -1.1074355     -3     3    2.5708154e-05
891 region_rec_diffs(4,22)        -1.1030923     -3     3    3.136991e-05
892 region_rec_diffs(4,23)        -0.38754944     -3     3    5.1040466e-06
893 region_rec_diffs(4,24)        -0.3989747     -3     3    -1.0297778e-05
894 region_rec_diffs(4,25)        -1.1837236     -3     3    -2.5176756e-05
895 region_rec_diffs(4,26)        -0.83286719     -3     3    8.7365532e-05
896 region_rec_diffs(4,27)        -0.22635372     -3     3    6.6313213e-05
897 region_rec_diffs(4,28)        -0.17363474     -3     3    0.00011184755
898 region_rec_diffs(4,29)        -0.096088491     -3     3    2.6691537e-05
899 region_rec_diffs(4,30)        0.52554791     -3     3    0.00012124848
900 region_rec_diffs(4,31)        0.18392354     -3     3    -2.5947721e-05
901 region_rec_diffs(4,32)        0.68048289     -3     3    -0.00026322567
902 region_rec_diffs(4,33)        0.77893007     -3     3    0.00017335171
903 region_rec_diffs(4,34)        -0.58715877     -3     3    2.3864948e-05
904 region_rec_diffs(4,35)        -0.034052513     -3     3    1.8351863e-06
905 region_rec_diffs(4,36)        -0.61239003     -3     3    5.6068913e-06
906 region_rec_diffs(4,37)        0.44928937     -3     3    0.00019126884
907 region_rec_diffs(4,38)        0.43774917     -3     3    9.6716207e-07
908 region_rec_diffs(4,39)        0.12579783     -3     3    -7.3406539e-06
909 region_rec_diffs(4,40)        0.55799606     -3     3    -2.4087472e-05
910 region_rec_diffs(4,41)        -0.47492992     -3     3    2.8916932e-05
911 region_rec_diffs(4,42)        -0.66177613     -3     3    4.5860389e-05
912 region_rec_diffs(4,43)        -0.010656398     -3     3    6.2324221e-06
913 region_rec_diffs(4,44)        0.62674295     -3     3    2.7888224e-05
914 region_rec_diffs(4,45)        -0.50798925     -3     3    -7.550908e-05
915 region_rec_diffs(4,46)        0.074861342     -3     3    -3.4453976e-06
916 region_rec_diffs(4,47)        0.058597878     -3     3    -2.7867149e-05
917 region_rec_diffs(4,48)        0.90884614     -3     3    -6.8254101e-05
918 region_rec_diffs(4,49)        -0.52082128     -3     3    -4.562061e-05
919 region_rec_diffs(4,50)        0.11136823     -3     3    6.5799113e-08
920 region_rec_diffs(4,51)        -0.51811289     -3     3    1.1826361e-05
921 region_rec_diffs(4,52)        -0.29123416     -3     3    1.4236834e-05
922 region_rec_diffs(4,53)        0.66305693     -3     3    -4.5156472e-05
923 region_rec_diffs(4,54)        0.92767803     -3     3    -0.00016801915
924 region_rec_diffs(4,55)        0.31455785     -3     3    9.2415598e-06
925 region_rec_diffs(4,56)        1.0269721     -3     3    -2.5551825e-05
926 region_rec_diffs(4,57)        0.31473598     -3     3    -2.5582815e-05
927 region_rec_diffs(4,58)        -0.27281043     -3     3    5.6378655e-05
928 region_rec_diffs(4,59)        0.13167491     -3     3    -5.5350139e-06
929 region_rec_diffs(4,60)        0.86463735     -3     3    -0.00010452598
930 region_rec_diffs(4,61)        -1.319702     -3     3    -5.4269996e-05
931 region_rec_diffs(4,62)        0.11736177     -3     3    3.0536271e-06
932 region_rec_diffs(4,63)        0.0083179474     -3     3    9.3159872e-06
933 region_rec_diffs(4,64)        1.13503     -3     3    2.5850313e-05
934 region_rec_diffs(4,65)        0.13386523     -3     3    9.9918801e-05
935 region_rec_diffs(4,66)        0.18995807     -3     3    7.8042266e-05
936 region_rec_diffs(4,67)        0.091029326     -3     3    7.76092e-05
937 region_rec_diffs(4,68)        -0.52746574     -3     3    3.8474177e-05
938 region_rec_diffs(4,69)        0.25042738     -3     3    0.00013596386
939 region_rec_diffs(4,70)        0.09433717     -3     3    1.0399496e-05
940 region_rec_diffs(4,71)        -0.29582993     -3     3    6.6905951e-06
941 region_rec_diffs(4,72)        0.75376842     -3     3    -5.0722825e-06
942 region_rec_diffs(4,73)        -0.31140303     -3     3    4.7929579e-05
943 region_rec_diffs(4,74)        -0.29739253     -3     3    8.8184701e-06
944 region_rec_diffs(4,75)        0.22297783     -3     3    -3.0264908e-05
945 region_rec_diffs(4,76)        0.69052309     -3     3    -4.7086296e-05
946 region_rec_diffs(4,77)        0.24631356     -3     3    3.9401288e-05
947 region_rec_diffs(4,78)        -0.038569196     -3     3    8.7485232e-06
948 region_rec_diffs(4,79)        -0.2439613     -3     3    -1.335376e-05
949 region_rec_diffs(4,80)        -1.669557     -3     3    -2.320008e-05
950 region_rec_diffs(4,81)        -0.44721918     -3     3    5.8232045e-05
951 region_rec_diffs(4,82)        -0.17724246     -3     3    9.6140719e-06
952 region_rec_diffs(4,83)        0.51856713     -3     3    1.4587269e-05
953 region_rec_diffs(4,84)        0.39343231     -3     3    -0.00020397527
954 region_rec_diffs(4,85)        0.37619984     -3     3    3.3022801e-06
955 region_rec_diffs(4,86)        0.22070554     -3     3    -4.8651278e-05
956 region_rec_diffs(4,87)        0.88732338     -3     3    1.9577865e-05
957 region_rec_diffs(4,88)        1.3154547     -3     3    0.00026563808
958 region_rec_diffs(4,89)        0.24634956     -3     3    2.9484886e-05
959 region_rec_diffs(4,90)        0.24892249     -3     3    1.2629834e-05
960 region_rec_diffs(4,91)        0.3032575     -3     3    -5.3105393e-06
961 region_rec_diffs(4,92)        -0.54457912     -3     3    3.4875528e-05
962 region_rec_diffs(4,93)        -0.58142673     -3     3    4.8086935e-05
963 region_rec_diffs(4,94)        -1.3590657     -3     3    3.687709e-05
964 region_rec_diffs(4,95)        0.86618903     -3     3    -0.00013486185
965 region_rec_diffs(4,96)        1.1280335     -3     3    0.00015439651
966 region_rec_diffs(4,97)        -0.18993455     -3     3    2.5631212e-06
967 region_rec_diffs(4,98)        0.0074613446     -3     3    -3.1053192e-05
968 region_rec_diffs(4,99)        0.38565092     -3     3    4.224214e-05
969 region_rec_diffs(4,100)        -0.69200895     -3     3    -2.7105972e-05
970 region_rec_diffs(4,101)        0.2526303     -3     3    -7.0885216e-05
971 region_rec_diffs(4,102)        0.14985563     -3     3    2.4342403e-05
972 region_rec_diffs(4,103)        0.81617947     -3     3    -9.8430404e-06
973 region_rec_diffs(4,104)        0.036654894     -3     3    1.2046385e-06
974 region_rec_diffs(4,105)        -0.013883457     -3     3    6.1593216e-07
975 region_rec_diffs(4,106)        0.00068226535     -3     3    -7.4155122e-06
976 region_rec_diffs(4,107)        0.0047425981     -3     3    -4.551281e-05
977 region_rec_diffs(4,108)        -0.61609173     -3     3    -6.8024543e-05
978 region_rec_diffs(4,109)        -0.01891511     -3     3    1.6280847e-06
979 region_rec_diffs(4,110)        -0.005238368     -3     3    8.2969269e-05
980 region_rec_diffs(4,111)        -0.73688513     -3     3    -3.1958108e-05
981 region_rec_diffs(4,112)        0.3132515     -3     3    0.00014083802
982 region_rec_diffs(4,113)        1.0589461     -3     3    -5.6361345e-05
983 region_rec_diffs(4,114)        -0.011016196     -3     3    6.074591e-05
984 region_rec_diffs(4,115)        0.45145337     -3     3    0.00026957669
985 region_rec_diffs(4,116)        0.04444773     -3     3    0.00014619184
986 region_rec_diffs(4,117)        -0.15372099     -3     3    -2.7734097e-05
987 region_rec_diffs(4,118)        0.23105752     -3     3    4.7714847e-05
988 region_rec_diffs(4,119)        0.69685785     -3     3    0.00013485346
989 region_rec_diffs(4,120)        0.91536975     -3     3    7.599886e-05
990 region_rec_diffs(4,121)        -1.2037766     -3     3    7.282182e-05
991 region_rec_diffs(4,122)        -0.92648375     -3     3    -4.5176974e-06
992 region_rec_diffs(4,123)        -0.14777529     -3     3    2.3607754e-05
993 region_rec_diffs(4,124)        0.93890519     -3     3    -0.00022556615
994 region_rec_diffs(4,125)        0.28457036     -3     3    -0.0001706321
995 region_rec_diffs(4,126)        -0.21011522     -3     3    -6.2619049e-05
996 region_rec_diffs(4,127)        0.96612885     -3     3    0.00017768406
997 region_rec_diffs(4,128)        -0.56343786     -3     3    8.9100581e-05
998 region_rec_diffs(4,129)        0.16843582     -3     3    0.0001287656
999 region_rec_diffs(4,130)        0.30901614     -3     3    -0.00017262468
1000 region_rec_diffs(4,131)        -1.0477491     -3     3    4.4923698e-07
1001 region_rec_diffs(4,132)        -0.69338673     -3     3    4.3838298e-06
1002 region_rec_diffs(4,133)        -1.3994649     -3     3    0.00024257044
1003 region_rec_diffs(4,134)        -0.68302106     -3     3    0.00011917745
1004 region_rec_diffs(4,135)        -1.6065435     -3     3    0.00010544805
1005 region_rec_diffs(4,136)        -1.5130375     -3     3    0.00010369026
1006 region_rec_diffs(4,137)        0.022585852     -3     3    6.1161853e-05
1007 region_rec_diffs(4,138)        0.2156645     -3     3    -0.00014438356
1008 region_rec_diffs(4,139)        -1.2879976     -3     3    2.6907485e-05
1009 region_rec_diffs(4,140)        -1.7276153     -3     3    3.6181844e-06
1010 region_rec_diffs(4,141)        -1.7609883     -3     3    -2.7193237e-05
1011 region_rec_diffs(4,142)        -0.085375959     -3     3    -0.00011346898
1012 region_rec_diffs(4,143)        0.65153435     -3     3    0.00016539347
1013 region_rec_diffs(4,144)        -1.7988662     -3     3    -4.9873674e-05
1014 region_rec_diffs(4,145)        -0.57159259     -3     3    0.00011853272
1015 region_rec_diffs(4,146)        0.29854796     -3     3    3.9768396e-05
1016 region_rec_diffs(4,147)        1.4674035     -3     3    0.00022098206
1017 region_rec_diffs(4,148)        -2.6269863     -3     3    -1.56223e-05
1018 region_rec_diffs(4,149)        -1.2277764     -3     3    -2.9536978e-05
1019 region_rec_diffs(4,150)        -1.0749026     -3     3    3.4948895e-06
1020 region_rec_diffs(4,151)        1.5236197     -3     3    4.2179444e-05
1021 region_rec_diffs(4,152)        -2.9999947     -3     3    -3.9649325e-07   *************
1022 region_rec_diffs(4,153)        -2.9947     -3     3    -2.1082219e-05
1023 region_rec_diffs(4,154)        0.75527035     -3     3    0.00035324145
1024 region_rec_diffs(4,155)        1.4648286     -3     3    2.5612415e-06
1025 region_rec_diffs(4,156)        -2.6929317     -3     3    -1.0889565e-05
1026 region_rec_diffs(4,157)        -0.17278436     -3     3    -0.000131868
1027 region_rec_diffs(4,158)        0.21627541     -3     3    -2.9173191e-05
1028 region_rec_diffs(4,159)        1.5966601     -3     3    0.00025229597
1029 region_rec_diffs(4,160)        -1.1255366     -3     3    5.8204066e-05
1030 region_rec_diffs(4,161)        0.28394725     -3     3    -7.4536051e-05
1031 region_rec_diffs(4,162)        1.5139871     -3     3    0.00066895451
1032 region_rec_diffs(4,163)        0.53966894     -3     3    -0.00011156864
1033 region_rec_diffs(4,164)        -2.6846576     -3     3    7.3576307e-05
1034 region_rec_diffs(4,165)        -1.3190433     -3     3    1.2364604e-06
1035 region_rec_diffs(4,166)        -0.12099201     -3     3    -1.1511563e-06
1036 region_rec_diffs(4,167)        1.3074411     -3     3    0.00025833427
1037 region_rec_diffs(4,168)        -1.418543     -3     3    -0.00014093343
1038 region_rec_diffs(4,169)        -2.0828957     -3     3    -4.5369283e-05
1039 region_rec_diffs(4,170)        1.0035769     -3     3    -0.00014056291
1040 region_rec_diffs(4,171)        1.4647902     -3     3    -0.00023345904
1041 region_rec_diffs(4,172)        0.099713951     -3     3    -8.5281246e-05
1042 region_rec_diffs(4,173)        1.2754632     -3     3    -9.7490898e-05
1043 region_rec_diffs(4,174)        1.3398503     -3     3    0.00013473935
1044 region_rec_diffs(4,175)        1.2872015     -3     3    8.5245912e-05
1045 region_rec_diffs(4,176)        -1.8670292     -3     3    -1.1113976e-05
1046 region_rec_diffs(4,177)        -2.9999997     -3     3    2.9201352e-06   *************
1047 region_rec_diffs(4,178)        -0.41146049     -3     3    0.00011240528
1048 region_rec_diffs(4,179)        1.4740147     -3     3    -2.1849465e-05
1049 region_rec_diffs(4,180)        -2.8961933     -3     3    -3.2892121e-05
1050 region_rec_diffs(4,181)        -2.0485339     -3     3    -5.7187382e-06
1051 region_rec_diffs(4,182)        -0.86158706     -3     3    -2.9792727e-05
1052 region_rec_diffs(4,183)        1.0637958     -3     3    -9.5084041e-05
1053 region_rec_diffs(4,184)        -0.65998688     -3     3    1.0001283e-05
1054 region_rec_diffs(4,185)        -2.6104024     -3     3    -2.3798818e-05
1055 region_rec_diffs(4,186)        1.2406207     -3     3    0.00011042577
1056 region_rec_diffs(4,187)        0.95040719     -3     3    -0.00010160644
1057 region_rec_diffs(4,188)        -1.8196242     -3     3    -1.3059516e-05
1058 region_rec_diffs(4,189)        -1.2198729     -3     3    -2.5316122e-05
1059 region_rec_diffs(4,190)        -1.8572695     -3     3    1.2560956e-05
1060 region_rec_diffs(4,191)        1.5561475     -3     3    0.00066617179
1061 region_rec_diffs(4,192)        -1.7291241     -3     3    0.00019207405
1062 region_rec_diffs(4,193)        -2.9999997     -3     3    3.1598967e-08   *************
1063 region_rec_diffs(4,194)        0.99759574     -3     3    0.00019244827
1064 region_rec_diffs(4,195)        1.2517552     -3     3    3.033206e-05
1065 region_rec_diffs(4,196)        0.075389992     -3     3    -0.00013829807
1066 region_rec_diffs(4,197)        -0.12623377     -3     3    3.7995199e-06
1067 region_rec_diffs(4,198)        -0.15922163     -3     3    0.00011151249
1068 region_rec_diffs(4,199)        1.5605064     -3     3    0.0002307502
1069 region_rec_diffs(4,200)        0.29648839     -3     3    -4.098389e-05
1070 region_rec_diffs(4,201)        -2.9999993     -3     3    -4.2212564e-08   *************
1071 region_rec_diffs(4,202)        0.8153088     -3     3    -9.7157541e-06
1072 region_rec_diffs(4,203)        0.82255559     -3     3    -0.00016160767
1073 region_rec_diffs(4,204)        0.98786694     -3     3    -0.00021567928
1074 region_rec_diffs(4,205)        -0.36354767     -3     3    7.0315407e-06
1075 region_rec_diffs(4,206)        -1.1752113     -3     3    9.427466e-06
1076 region_rec_diffs(4,207)        1.2329012     -3     3    5.6567999e-05
1077 region_rec_diffs(4,208)        0.20089894     -3     3    0.00011696797
1078 region_rec_diffs(4,209)        -2.9999997     -3     3    1.2552492e-08   *************
1079 region_rec_diffs(4,210)        -1.750973     -3     3    8.2712489e-05
1080 region_rec_diffs(4,211)        1.6154432     -3     3    0.00010978086
1081 region_rec_diffs(4,212)        1.1866486     -3     3    0.00012971901
1082 region_rec_diffs(4,213)        0.91584326     -3     3    -0.00018150841
1083 region_rec_diffs(4,214)        -0.039241616     -3     3    -0.00014572529
1084 region_rec_diffs(4,215)        1.4489585     -3     3    0.00047742355
1085 region_rec_diffs(4,216)        0.047722597     -3     3    0.00027674258
1086 region_rec_diffs(4,217)        -1.458447     -3     3    3.5091698e-05
1087 region_rec_diffs(4,218)        0.49750698     -3     3    0.00020617282
1088 region_rec_diffs(4,219)        1.1145428     -3     3    0.00016228607
1089 region_rec_diffs(4,220)        -0.10015099     -3     3    9.8217399e-05
1090 region_rec_diffs(4,221)        -2.9999983     -3     3    -9.8261734e-07   *************
1091 region_rec_diffs(4,222)        0.30637244     -3     3    2.2751135e-05
1092 region_rec_diffs(4,223)        1.0068011     -3     3    0.00014514998
1093 region_rec_diffs(4,224)        -0.46958809     -3     3    6.9364628e-05
1094 region_rec_diffs(4,225)        -1.6285361     -3     3    -1.6609138e-05
1095 region_rec_diffs(4,226)        -1.1545917     -3     3    -9.8579577e-06
1096 region_rec_diffs(4,227)        1.4656834     -3     3    0.0001025205
1097 region_rec_diffs(4,228)        0.11456027     -3     3    -0.00024623535
1098 region_rec_diffs(4,229)        -1.8281525     -3     3    6.4603723e-05
1099 region_rec_diffs(4,230)        0.62943124     -3     3    -2.0095584e-05
1100 region_rec_diffs(4,231)        0.99764496     -3     3    -0.00011921661
1101 region_rec_diffs(4,232)        0.1947032     -3     3    6.6620088e-05
1102 region_rec_diffs(4,233)        -1.7126887     -3     3    -0.00013695136
1103 region_rec_diffs(4,234)        0.86251779     -3     3    -0.00024073573
1104 region_rec_diffs(4,235)        1.0614849     -3     3    0.00011181638
1105 region_rec_diffs(4,236)        -0.12703601     -3     3    0.00012362636
1106 region_rec_diffs(4,237)        -2.4685647     -3     3    2.3088393e-05
1107 region_rec_diffs(4,238)        0.60364488     -3     3    -2.0070876e-05
1108 region_rec_diffs(4,239)        0.97670873     -3     3    -2.083853e-05
1109 region_rec_diffs(4,240)        0.92014769     -3     3    -9.5206263e-05
1110 region_rec_diffs(4,241)        -2.8407458     -3     3    -1.6772302e-05
1111 region_rec_diffs(4,242)        0.54559099     -3     3    -0.00016004467
1112 region_rec_diffs(4,243)        0.4785959     -3     3    2.9382241e-05
1113 region_rec_diffs(4,244)        0.37810153     -3     3    3.0718204e-05
1114 region_rec_diffs(4,245)        -1.0134645     -3     3    5.2191126e-05
1115 region_rec_diffs(4,246)        0.57587261     -3     3    1.4425943e-05
1116 region_rec_diffs(4,247)        1.0369373     -3     3    -0.0002602087
1117 region_rec_diffs(4,248)        0.3879186     -3     3    0.00011053357
1118 region_rec_diffs(4,249)        -0.23584791     -3     3    7.9300973e-05
1119 region_rec_diffs(4,250)        -0.3562785     -3     3    -0.00016718561
1120 region_rec_diffs(4,251)        0.71333162     -3     3    3.4094667e-05
1121 region_rec_diffs(4,252)        -0.49446624     -3     3    -1.0037502e-05
1122 region_rec_diffs(4,253)        -1.8493814     -3     3    -5.5409434e-05
1123 region_rec_diffs(4,254)        0.79875697     -3     3    0.00014826807
1124 region_rec_diffs(4,255)        1.1856079     -3     3    -3.8420035e-05
1125 region_rec_diffs(4,256)        -1.821005     -3     3    9.8613822e-05
1126 region_rec_diffs(4,257)        -2.5670259     -3     3    5.9587857e-05
1127 region_rec_diffs(4,258)        0.62768085     -3     3    1.0299486e-05
1128 region_rec_diffs(4,259)        0.043376423     -3     3    -0.00017807757
1129 region_rec_diffs(4,260)        -0.86478121     -3     3    -0.00024449522
1130 region_rec_diffs(4,261)        -2.71975     -3     3    -6.0391706e-05
1131 region_rec_diffs(4,262)        -2.0752538     -3     3    2.7204732e-05
1132 region_rec_diffs(4,263)        1.1441642     -3     3    -0.00018348118
1133 region_rec_diffs(4,264)        0.065414875     -3     3    0.00013387055
1134 region_rec_diffs(4,265)        -1.3165372     -3     3    6.7726444e-05
1135 region_rec_diffs(4,266)        -0.84702924     -3     3    -1.9939523e-05
1136 region_rec_diffs(4,267)        0.88180548     -3     3    1.3362421e-05
1137 region_rec_diffs(4,268)        0.012333288     -3     3    -4.8048036e-05
1138 region_rec_diffs(4,269)        -2.0310334     -3     3    -0.00018978621
1139 region_rec_diffs(4,270)        1.2412343     -3     3    0.00035325704
1140 region_rec_diffs(4,271)        1.3924192     -3     3    0.00014453526
1141 region_rec_diffs(4,272)        -0.24701774     -3     3    -0.00012285037
1142 region_rec_diffs(4,273)        -2.4235161     -3     3    4.5315167e-05
1143 region_rec_diffs(4,274)        1.3983295     -3     3    -7.6734429e-05
1144 region_rec_diffs(4,275)        0.48546954     -3     3    -1.4926172e-05
1145 region_rec_diffs(4,276)        1.3611336     -3     3    -0.00017246366
1146 region_rec_diffs(4,277)        1.3747473     -3     3    -3.355891e-05
1147 region_rec_diffs(4,278)        1.0908097     -3     3    2.8167149e-05
1148 region_rec_diffs(4,279)        -0.53216549     -3     3    -1.3181141e-05
1149 bs_selcoff_gp:1(1,1,1,1)        -8.5580057     -20     7    7.4926134e-05
1150 bs_selcoff_gp:1(1,1,1,2)        -2.0633439     -20     7    6.4600893e-05
1151 bs_selcoff_gp:1(1,1,1,3)        0.87495919     -20     7    -0.00023038037
1152 bs_selcoff_gp:1(1,1,1,4)        0.38799836     -20     7    0.0003427535
1153 bs_selcoff_gp:2(2,1,1,1)        -5.2415999     -20     7    7.8070684e-06
1154 bs_selcoff_gp:2(2,1,1,2)        -1.2309178     -20     7    0.00031012497
1155 bs_selcoff_gp:2(2,1,1,3)        0.63477028     -20     7    -5.8974838e-05
1156 bs_selcoff_gp:2(2,1,1,4)        0.59672697     -20     7    0.00039389846
1157 bs_selcoff_gp:3(3,1,1,1)        -17.583935     -20     7    0.0003037914
1158 bs_selcoff_gp:3(3,1,1,2)        -4.1209356     -20     7    -5.6099414e-05
1159 bs_selcoff_gp:3(3,1,1,3)        0.85775337     -20     7    0.00028516708
1160 bs_selcoff_gp:3(3,1,1,4)        0.48609824     -20     7    -0.00027509155
1161 bs_selcoff_gp:4(4,1,1,1)        -4.2825182     -20     7    -0.00019877646
1162 bs_selcoff_gp:4(4,1,1,2)        -1.370364     -20     7    0.00018042645
1163 bs_selcoff_gp:4(4,1,1,3)        0.9927103     -20     7    -7.9449618e-05
1164 bs_selcoff_gp:4(4,1,1,4)        0.033060805     -20     7    -0.00015069301
1165 bs_selcoff_gp:5(5,1,1,1)        -4.8220923     -20     7    3.0295269e-05
1166 bs_selcoff_gp:5(5,1,1,2)        -1.5887966     -20     7    3.7624189e-05
1167 bs_selcoff_gp:5(5,1,1,3)        0.9204966     -20     7    -0.00081324013
1168 bs_selcoff_gp:5(5,1,1,4)        0.24458683     -20     7    -0.0005825251
1169 bs_selcoff_gp:6(6,1,1,1)        -4.8232586     -20     7    -4.7803176e-06
1170 bs_selcoff_gp:6(6,1,1,2)        -1.0409453     -20     7    4.5748737e-05
1171 bs_selcoff_gp:6(6,1,1,3)        0.9180568     -20     7    0.00025137742
1172 bs_selcoff_gp:6(6,1,1,4)        0.12613476     -20     7    -0.00015946105
1173 bs_selcoff_gp:7(7,1,1,1)        -5.3142847     -20     7    -2.9988486e-05
1174 bs_selcoff_gp:7(7,1,1,2)        -1.5793959     -20     7    0.00018395049
1175 bs_selcoff_gp:7(7,1,1,3)        1.0076632     -20     7    -2.5371581e-05
1176 bs_selcoff_gp:7(7,1,1,4)        0.048591299     -20     7    -4.1165174e-05
1177 bs_selcoff_gp:8(8,1,1,1)        -5.0989682     -20     7    -1.8258118e-05
1178 bs_selcoff_gp:8(8,1,1,2)        -4.1139189     -20     7    1.4877663e-05
1179 bs_selcoff_gp:8(8,1,1,3)        1.0341158     -20     7    -5.0721126e-05
1180 bs_selcoff_gp:8(8,1,1,4)        0.15265028     -20     7    -0.00010646673
1181 bs_selcoff_gp:9(9,1,1,1)        -10.366161     -20     7    -6.8385855e-05
1182 bs_selcoff_gp:9(9,1,1,2)        -5.8606239     -20     7    -5.9153438e-05
1183 bs_selcoff_gp:9(9,1,1,3)        0.26073835     -20     7    1.0276713e-05
1184 bs_selcoff_gp:9(9,1,1,4)        0.99296826     -20     7    0.0001305233
1185 bs_selcoff_gp:10(10,1,1,1)        -4.3874352     -20     7    -0.0001140228
1186 bs_selcoff_gp:10(10,1,1,2)        -0.74925465     -20     7    -0.0001004169
1187 bs_selcoff_gp:10(10,1,1,3)        0.66926681     -20     7    -0.00018060062
1188 bs_selcoff_gp:10(10,1,1,4)        0.445969     -20     7    7.7562555e-06
1189 bs_selcoff_gp:11(11,1,1,1)        -7.6775101     -20     7    2.3133045e-05
1190 bs_selcoff_gp:11(11,1,1,2)        -2.8561333     -20     7    0.0002188126
1191 bs_selcoff_gp:11(11,1,1,3)        1.258698     -20     7    -3.3910407e-05
1192 bs_selcoff_gp:11(11,1,1,4)        -0.86456717     -20     7    2.2107921e-05
1193 bs_selcoff_gp:12(12,1,1,1)        -10.768601     -20     7    4.5877871e-05
1194 bs_selcoff_gp:12(12,1,1,2)        -3.7042794     -20     7    -0.00025694043
1195 bs_selcoff_gp:12(12,1,1,3)        1.0863305     -20     7    5.8381523e-06
1196 bs_selcoff_gp:12(12,1,1,4)        0.011897216     -20     7    -5.6862908e-05
1197 bs_selcoff_gp:13(13,1,1,1)        0.59699024     -20     7    0.00010739267
1198 bs_selcoff_gp:13(13,1,1,2)        0.75079455     -20     7    -5.5982468e-05
1199 bs_selcoff_gp:13(13,1,1,3)        -3.1515119     -20     7    -5.3810879e-05
1200 bs_selcoff_gp:13(13,1,1,4)        -3.8214849     -20     7    0.00016822394
1201 bs_selcoff_gp:14(14,1,1,1)        0.58192006     -20     7    -6.4316488e-05
1202 bs_selcoff_gp:14(14,1,1,2)        0.73803618     -20     7    0.00013150404
1203 bs_selcoff_gp:14(14,1,1,3)        -2.2226224     -20     7    -1.6705499e-05
1204 bs_selcoff_gp:14(14,1,1,4)        -4.565399     -20     7    0.00019967906
1205 bs_selcoff_gp:15(15,1,1,1)        0.46247066     -20     7    0.00046345345
1206 bs_selcoff_gp:15(15,1,1,2)        0.84986576     -20     7    0.00059053977
1207 bs_selcoff_gp:15(15,1,1,3)        -2.8426406     -20     7    0.00016753877
1208 bs_selcoff_gp:15(15,1,1,4)        -4.2316181     -20     7    -8.4015975e-05
1209 bs_selcoff_gp:16(16,1,1,1)        -0.93990926     -20     7    -0.00016375756
1210 bs_selcoff_gp:16(16,1,1,2)        1.2650745     -20     7    -0.00012849803
1211 bs_selcoff_gp:16(16,1,1,3)        -2.7936584     -20     7    7.2060068e-06
1212 bs_selcoff_gp:16(16,1,1,4)        -5.3459009     -20     7    3.4142335e-06
1213 bs_selcoff_gp:17(17,1,1,1)        0.054894163     -20     7    2.4547867e-05
1214 bs_selcoff_gp:17(17,1,1,2)        1.0550283     -20     7    -7.3670691e-05
1215 bs_selcoff_gp:17(17,1,1,3)        -2.6904044     -20     7    0.00011694654
1216 bs_selcoff_gp:17(17,1,1,4)        -5.6083387     -20     7    2.711944e-06
1217 bs_selcoff_gp:18(18,1,1,1)        -0.54856974     -20     7    -6.3939027e-05
1218 bs_selcoff_gp:18(18,1,1,2)        1.1935202     -20     7    -1.1031921e-05
1219 bs_selcoff_gp:18(18,1,1,3)        -2.2356473     -20     7    -4.0076342e-05
1220 bs_selcoff_gp:18(18,1,1,4)        -4.0972754     -20     7    1.0102044e-05
1221 bs_selcoff_gp:19(19,1,1,1)        0.53436416     -20     7    -6.5803502e-05
1222 bs_selcoff_gp:19(19,1,1,2)        0.6448761     -20     7    9.3594469e-05
1223 bs_selcoff_gp:19(19,1,1,3)        -0.965221     -20     7    7.7810906e-05
1224 bs_selcoff_gp:19(19,1,1,4)        -4.9616528     -20     7    3.1473675e-05
1225 bs_selcoff_gp:20(20,1,1,1)        -2.1131333     -20     7    2.7663744e-05
1226 bs_selcoff_gp:20(20,1,1,2)        -0.80056957     -20     7    4.7108759e-05
1227 bs_selcoff_gp:20(20,1,1,3)        -0.13213315     -20     7    -2.8727319e-05
1228 bs_selcoff_gp:20(20,1,1,4)        0.93758892     -20     7    -0.00028247318
1229 bs_selcoff_gp:21(21,1,1,1)        0.45663008     -20     7    7.2209675e-05
1230 bs_selcoff_gp:21(21,1,1,2)        0.83767567     -20     7    -5.2385068e-05
1231 bs_selcoff_gp:21(21,1,1,3)        -2.2122724     -20     7    3.923818e-05
1232 bs_selcoff_gp:21(21,1,1,4)        -7.1057377     -20     7    6.9062666e-07
1233 bs_selcoff_gp:22(22,1,1,1)        -0.86003063     -20     7    0.00013139761
1234 bs_selcoff_gp:22(22,1,1,2)        1.1938882     -20     7    3.045208e-05
1235 bs_selcoff_gp:22(22,1,1,3)        -1.3189445     -20     7    9.9849833e-05
1236 bs_selcoff_gp:22(22,1,1,4)        -4.6486849     -20     7    2.9682837e-06
1237 bs_selcoff_gp:23(23,1,1,1)        -4.5744125     -20     7    -4.3484745e-05
1238 bs_selcoff_gp:23(23,1,1,2)        1.3820096     -20     7    2.2097288e-05
1239 bs_selcoff_gp:23(23,1,1,3)        -4.9953563     -20     7    -4.3438146e-05
1240 bs_selcoff_gp:23(23,1,1,4)        -10.382248     -20     7    0.00016159218
1241 bs_selcoff_gp:24(24,1,1,1)        -3.17467     -20     7    9.4024853e-06
1242 bs_selcoff_gp:24(24,1,1,2)        0.7475598     -20     7    3.9591454e-05
1243 bs_selcoff_gp:24(24,1,1,3)        0.61306153     -20     7    4.3735086e-05
1244 bs_selcoff_gp:24(24,1,1,4)        -8.1532895     -20     7    4.8576197e-06
1245 bs_selcoff_gp:25(25,1,1,1)        -1.785046     -20     7    -3.571816e-05
1246 bs_selcoff_gp:25(25,1,1,2)        1.287112     -20     7    1.0175207e-05
1247 bs_selcoff_gp:25(25,1,1,3)        -1.5743523     -20     7    2.4793983e-05
1248 bs_selcoff_gp:25(25,1,1,4)        -5.8927842     -20     7    3.7146649e-06
1249 bs_selcoff_gp:26(26,1,1,1)        -0.42956762     -20     7    -0.0001752731
1250 bs_selcoff_gp:26(26,1,1,2)        1.2014213     -20     7    7.4919778e-05
1251 bs_selcoff_gp:26(26,1,1,3)        -3.7614021     -20     7    -3.0486136e-05
1252 bs_selcoff_gp:26(26,1,1,4)        -6.8071706     -20     7    -7.7352353e-06
1253 bs_selcoff_gp:27(27,1,1,1)        -1.7677306     -20     7    0.00012418314
1254 bs_selcoff_gp:27(27,1,1,2)        1.3402842     -20     7    -2.7036686e-05
1255 bs_selcoff_gp:27(27,1,1,3)        -4.8279526     -20     7    3.3040937e-06
1256 bs_selcoff_gp:27(27,1,1,4)        -6.7587878     -20     7    2.8450916e-05
1257 bs_selcoff_gp:28(28,1,1,1)        -1.1543936     -20     7    -6.6152011e-05
1258 bs_selcoff_gp:28(28,1,1,2)        1.3050232     -20     7    1.9628796e-05
1259 bs_selcoff_gp:28(28,1,1,3)        -20     -20     7    4.631077e-07   *************
1260 bs_selcoff_gp:28(28,1,1,4)        -6.7298738     -20     7    6.0844757e-06
1261 bs_selcoff_gp:29(29,1,1,1)        -7.8775859     -20     7    0.00010522558
1262 bs_selcoff_gp:29(29,1,1,2)        -2.5871621     -20     7    -6.1036955e-06
1263 bs_selcoff_gp:29(29,1,1,3)        0.9167192     -20     7    -1.6213473e-05
1264 bs_selcoff_gp:29(29,1,1,4)        0.35299409     -20     7    0.00016962706
1265 recr(2)        0.96876882     -20     20    -3.6176213e-05
1266 recr(3)        1.0797985     -20     20    -0.0004613405
1267 recr(4)        0.98863116     -20     20    0.00018757841
1268 recr(5)        0.93712793     -20     20    -0.00018484162
1269 recr(6)        -1.7618824     -20     20    9.9285009e-06
1270 recr(7)        -1.3530103     -20     20    2.8043062e-05
1271 recr(8)        1.9014972     -20     20    2.0198894e-06
1272 recr(9)        1.9969391     -20     20    -0.0001580759
1273 recr(10)        -1.0080233     -20     20    9.5520629e-05
1274 recr(11)        -1.340366     -20     20    0.0001252749
1275 recr(12)        1.9304616     -20     20    7.9121523e-05
1276 recr(13)        2.099265     -20     20    -0.00016098887
1277 recr(14)        0.97386526     -20     20    1.2224181e-05
1278 recr(15)        -1.6239081     -20     20    4.5318827e-05
1279 recr(16)        -0.7929601     -20     20    1.1492232e-05
1280 recr(17)        1.4556707     -20     20    4.7372593e-05
1281 recr(18)        1.4781219     -20     20    -0.000149402
1282 recr(19)        -1.3415627     -20     20    -1.1022783e-05
1283 recr(20)        -1.077564     -20     20    3.8602904e-05
1284 recr(21)        1.2661938     -20     20    -2.897279e-05
1285 recr(22)        0.95005746     -20     20    5.1507197e-05
1286 recr(23)        -0.97237783     -20     20    1.4104111e-05
1287 recr(24)        -0.66621758     -20     20    3.5335839e-05
1288 recr(25)        1.3251626     -20     20    0.00015559399
1289 recr(26)        1.4676527     -20     20    7.0131256e-05
1290 recr(27)        -0.22392964     -20     20    4.5522169e-05
1291 recr(28)        2.0459519     -20     20    0.00014572041
1292 recr(29)        0.55015501     -20     20    1.2720197e-05
1293 recr(30)        -0.66641544     -20     20    -3.4931826e-05
1294 recr(31)        -1.9967033     -20     20    4.5194676e-06
1295 recr(32)        -0.69637087     -20     20    3.0373903e-05
1296 recr(33)        1.1260003     -20     20    2.7087015e-05
1297 recr(34)        1.3420009     -20     20    -3.9428951e-05
1298 recr(35)        -2.2864053     -20     20    1.6622472e-05
1299 recr(36)        0.8542195     -20     20    -3.3498103e-05
1300 recr(37)        1.6033557     -20     20    -0.00012940639
1301 recr(38)        -1.3493752     -20     20    -2.8041301e-05
1302 recr(39)        -2.8523034     -20     20    1.6689778e-05
1303 recr(40)        -1.2210423     -20     20    4.3694986e-06
1304 recr(41)        1.6777711     -20     20    4.9921634e-05
1305 recr(42)        0.38959826     -20     20    -0.00013154732
1306 recr(43)        -2.1267542     -20     20    4.8973496e-06
1307 recr(44)        0.91581286     -20     20    -1.0029948e-05
1308 recr(45)        1.0545105     -20     20    -3.476706e-05
1309 recr(46)        -2.0587381     -20     20    -7.8870424e-06
1310 recr(47)        -1.9764741     -20     20    -5.092288e-06
1311 recr(48)        1.284675     -20     20    -8.3006519e-05
1312 recr(49)        1.3040216     -20     20    -3.2454978e-05
1313 recr(50)        -2.524315     -20     20    -4.5689265e-06
1314 recr(51)        -0.68783668     -20     20    1.7494939e-05
1315 recr(52)        0.3196668     -20     20    5.4407989e-05
1316 recr(53)        1.2025832     -20     20    5.5517215e-05
1317 recr(54)        -0.20610427     -20     20    1.5796322e-05
1318 recr(55)        -1.8893245     -20     20    -7.2493183e-06
1319 recr(56)        0.16016736     -20     20    -3.6533173e-05
1320 recr(57)        0.64413618     -20     20    6.9950078e-06
1321 recr(58)        1.3515361     -20     20    7.3489432e-05
1322 recr(59)        -2.1193725     -20     20    -6.8923303e-06
1323 recr(60)        1.3926989     -20     20    -0.00024493232
1324 recr(61)        1.2014547     -20     20    -0.00013875899
1325 recr(62)        -2.4335068     -20     20    -2.2516563e-05
1326 recr(63)        -2.5760754     -20     20    -5.7651582e-06
1327 recr(64)        0.54628222     -20     20    -2.7742495e-05
1328 recr(65)        0.74963131     -20     20    -0.00010449568
1329 recr(66)        -2.3398885     -20     20    -1.8821598e-05
1330 recr(67)        -2.0430694     -20     20    -1.4203045e-05
1331 recr(68)        0.79304684     -20     20    -5.4892626e-05
1332 recr(69)        1.2037807     -20     20    -7.8641862e-05
1333 recr(70)        0.25879098     -20     20    -4.9976238e-05
1334 recr(71)        -0.55316631     -20     20    1.2569766e-05
1335 recr(72)        1.2664236     -20     20    0.00019101458
1336 recr(73)        1.2408913     -20     20    7.736293e-05
1337 recr(74)        -0.7945852     -20     20    1.0416244e-05
1338 recr(75)        -2.2864011     -20     20    -1.203502e-05
1339 recr(76)        0.48280238     -20     20    6.6235161e-05
1340 recr(77)        -1.1843794     -20     20    -9.5324348e-06
1341 recr(78)        -2.1701403     -20     20    -1.9952447e-05
1342 recr(79)        -1.7466552     -20     20    -2.9814355e-06
1343 recr(80)        1.7006634     -20     20    0.00043506303
1344 recr(81)        -1.1917907     -20     20    -6.341558e-06
1345 recr(82)        -2.2739835     -20     20    -2.5551823e-05
1346 recr(83)        1.0083074     -20     20    -3.9086896e-06
1347 recr(84)        1.2704212     -20     20    -9.6827281e-05
1348 recr(85)        -0.76569397     -20     20    -4.8125815e-05
1349 recr(86)        -3.1322438     -20     20    -2.7787945e-05
1350 recr(87)        1.3129908     -20     20    -0.00028455025
1351 recr(88)        0.80204576     -20     20    -0.00023098358
1352 recr(89)        -2.230818     -20     20    -3.0566811e-05
1353 recr(90)        -2.4358372     -20     20    -1.7841066e-05
1354 recr(91)        -0.11296594     -20     20    -2.0112025e-05
1355 recr(92)        0.90081772     -20     20    -0.00020065713
1356 recr(93)        -0.37265902     -20     20    1.644753e-05
1357 recr(94)        2.1472052     -20     20    2.9241263e-05
1358 recr(95)        0.054916987     -20     20    -6.4775074e-05
1359 recr(96)        -0.94456932     -20     20    -2.6667965e-05
1360 recr(97)        -0.83641725     -20     20    2.1532056e-07
1361 recr(98)        -1.8100418     -20     20    1.0732836e-05
1362 recr(99)        0.60217598     -20     20    -2.629449e-05
1363 recr(100)        1.1920891     -20     20    0.00013137057
1364 recr(101)        0.14021985     -20     20    -8.8551626e-06
1365 recr(102)        -3.6727977     -20     20    -1.8107811e-05
1366 recr(103)        1.1724477     -20     20    -0.00016883215
1367 recr(104)        1.2970165     -20     20    -0.0004537472
1368 recr(105)        -2.7117546     -20     20    -2.0864868e-05
1369 recr(106)        -4.1040716     -20     20    -3.8914409e-06
1370 recr(107)        -2.2028812     -20     20    -9.151908e-06
1371 recr(108)        1.1684906     -20     20    -3.6587688e-05
1372 recr(109)        -1.8601579     -20     20    1.8974852e-06
1373 recr(110)        -2.7020654     -20     20    -1.8323513e-05
1374 recr(111)        -0.45431027     -20     20    0.00012946528
1375 recr(112)        1.4098009     -20     20    0.00027915208
1376 recr(113)        0.12227869     -20     20    0.00026944079
1377 recr(114)        -0.46330688     -20     20    0.00012171964
1378 recr(115)        -0.42489644     -20     20    4.7440523e-05
1379 recr(116)        1.0809401     -20     20    0.00024470415
1380 recr(117)        0.027756172     -20     20    7.6110043e-05
1381 recr(118)        -1.5358869     -20     20    3.1971744e-05
1382 recr(119)        0.7381711     -20     20    -0.00016642473
1383 recr(120)        0.93123538     -20     20    -0.00024697629
1384 recr(121)        1.1296114     -20     20    -0.00038502955
1385 recr(122)        0.10592409     -20     20    -0.00020265668
1386 recr(123)        -0.50420234     -20     20    -1.8707103e-05
1387 recr(124)        1.0979357     -20     20    9.0654136e-06
1388 recr(125)        -1.7851524     -20     20    -4.8317565e-05
1389 recr(126)        0.33546269     -20     20    -6.488207e-06
1390 recr(127)        -0.27479463     -20     20    -6.9955517e-06
1391 recr(128)        0.85815606     -20     20    -6.8444502e-05
1392 recr(129)        -2.7880842     -20     20    8.709776e-05
1393 recr(130)        -2.2187252     -20     20    3.0065203e-05
1394 recr(131)        1.1156331     -20     20    0.00017437361
1395 recr(132)        0.71838648     -20     20    7.8270579e-05
1396 recr(133)        1.1140949     -20     20    8.761012e-05
1397 recr(134)        -0.96308463     -20     20    -0.00010923259
1398 recr(135)        0.95135982     -20     20    -0.00012344702
1399 recr(136)        0.91544102     -20     20    2.0178016e-06
1400 recr(137)        -1.8559821     -20     20    -6.2800066e-06
1401 recr(138)        -3.1651167     -20     20    2.40437e-05
1402 recr(139)        0.48366663     -20     20    -8.5736398e-05
1403 recr(140)        0.84536048     -20     20    -0.00024980473
1404 recr(141)        0.77631329     -20     20    -0.00013061728
1405 recr(142)        -3.2033056     -20     20    -3.086281e-05
1406 recr(143)        -0.1386076     -20     20    0.00016234172
1407 recr(144)        1.66464     -20     20    9.3804128e-05
1408 recr(145)        1.0989558     -20     20    0.00011367894
1409 recr(146)        -2.6540467     -20     20    -2.4528508e-06
1410 recr(147)        0.26846336     -20     20    0.00028209763
1411 recr(148)        1.3186422     -20     20    0.00035884181
1412 recr(149)        -1.6240157     -20     20    -5.7694525e-06
1413 recr(150)        -1.1045872     -20     20    6.277831e-05
1414 recr(151)        0.46034986     -20     20    3.7248763e-05
1415 recr(152)        1.2665953     -20     20    0.00017296951
1416 recr(153)        0.35601488     -20     20    9.064343e-05
1417 recr(154)        -0.0047924745     -20     20    0.00013644581
1418 recr(155)        -0.22121837     -20     20    6.1220552e-05
1419 recr(156)        1.2936234     -20     20    -0.00012227408
1420 recr(157)        -2.9519761     -20     20    -1.4295202e-05
1421 recr(158)        -1.3769773     -20     20    4.3883097e-05
1422 recr(159)        0.027353176     -20     20    0.00018558482
1423 recr(160)        1.2731787     -20     20    0.0002372447
1424 recr(161)        0.85969701     -20     20    7.721841e-05
1425 recr(162)        -0.50111064     -20     20    1.9410767e-05
1426 recr(163)        0.7445512     -20     20    0.00029197376
1427 recr(164)        1.1013078     -20     20    0.0001674818
1428 recr(165)        -1.7075728     -20     20    9.6534853e-05
1429 recr(166)        -1.3606884     -20     20    7.7002162e-05
1430 recr(167)        0.88493229     -20     20    0.00050533448
1431 recr(168)        0.51054723     -20     20    4.2786289e-05
1432 recr(169)        -0.19426843     -20     20    -0.00019329994
1433 recr(170)        0.16236809     -20     20    5.8089708e-05
1434 recr(171)        0.89316535     -20     20    5.5050321e-05
1435 recr(172)        1.6933848     -20     20    5.7348636e-05
1436 recr(173)        -0.043811105     -20     20    0.00010516549
1437 recr(174)        -1.33005     -20     20    3.0401986e-05
1438 recr(175)        -0.67186911     -20     20    4.2523358e-05
1439 recr(176)        0.41539777     -20     20    -0.00017907098
1440 recr(177)        1.0460633     -20     20    -0.00018614436
1441 recr(178)        0.86049848     -20     20    -0.00017134402
1442 recr(179)        0.12602847     -20     20    -0.00019246365
1443 recr(180)        1.1171865     -20     20    -0.00036114854
1444 recr(181)        -0.91749707     -20     20    -7.5486555e-05
1445 recr(182)        -0.55241749     -20     20    -9.4322287e-05
1446 recr(183)        -0.69789712     -20     20    -7.0182063e-05
1447 recr(184)        0.80142771     -20     20    -4.8504015e-05
1448 recr(185)        0.62376166     -20     20    3.6485002e-05
1449 recr(186)        0.87309018     -20     20    0.00066448172
1450 recr(187)        0.29773967     -20     20    0.00013681175
1451 recr(188)        0.57587517     -20     20    -9.6602016e-05
1452 recr(189)        -1.3782711     -20     20    -2.652772e-05
1453 recr(190)        -0.4544092     -20     20    -9.9155726e-06
1454 recr(191)        0.18464946     -20     20    -0.00024749901
1455 recr(192)        1.2788705     -20     20    0.00050289762
1456 recr(193)        0.89168396     -20     20    0.00053631966
1457 recr(194)        0.62149589     -20     20    0.0002348327
1458 recr(195)        0.82435336     -20     20    0.00060591572
1459 recr(196)        1.0158536     -20     20    0.00028502658
1460 recr(197)        -0.77530454     -20     20    -0.0001192187
1461 recr(198)        0.1483621     -20     20    0.00014879016
1462 recr(199)        0.71537673     -20     20    -4.710401e-05
1463 recr(200)        0.65611148     -20     20    -0.0002550919
1464 recr(201)        0.8199162     -20     20    -0.0002287486
1465 recr(202)        0.048772614     -20     20    -0.00029664945
1466 recr(203)        1.2901691     -20     20    -0.00035621104
1467 recr(204)        0.018192575     -20     20    -5.8115341e-05
1468 recr(205)        -0.8888898     -20     20    0.00010622324
1469 recr(206)        -0.44424296     -20     20    -1.2690065e-05
1470 recr(207)        -1.2276062     -20     20    -9.6186368e-05
1471 recr(208)        0.72393075     -20     20    -0.0001056809
1472 recr(209)        0.99047106     -20     20    0.00020433923
1473 recr(210)        1.0056984     -20     20    0.00036157174
1474 recr(211)        1.0669282     -20     20    0.00014710304
1475 recr(212)        0.102125     -20     20    0.00022972768
1476 recr(213)        -1.2377373     -20     20    -3.0642428e-05
1477 recr(214)        0.0044819241     -20     20    0.00023638972
1478 recr(215)        -0.068130225     -20     20    -0.00018139196
1479 recr(216)        1.2404337     -20     20    8.6836245e-05
1480 recr(217)        0.023773496     -20     20    -7.8609756e-05
1481 recr(218)        0.15262554     -20     20    0.00011645021
1482 recr(219)        -0.23547788     -20     20    -0.00023056584
1483 recr(220)        0.51779354     -20     20    0.00015200721
1484 recr(221)        0.23703206     -20     20    -0.00022904675
1485 recr(222)        0.3163154     -20     20    -0.0004796495
1486 recr(223)        0.84088745     -20     20    -0.0004178729
1487 recr(224)        0.38749116     -20     20    -5.0516819e-05
1488 recr(225)        -0.07353746     -20     20    0.00020804962
1489 recr(226)        -0.098870855     -20     20    9.4093905e-05
1490 recr(227)        0.0016326055     -20     20    -0.00020911256
1491 recr(228)        0.91526588     -20     20    -9.8204726e-06
1492 recr(229)        0.98626387     -20     20    0.0003393166
1493 recr(230)        0.61037066     -20     20    0.00026944183
1494 recr(231)        0.45886222     -20     20    -1.3642056e-05
1495 recr(232)        0.10231672     -20     20    5.0535075e-05
1496 recr(233)        -0.072100473     -20     20    -0.00028900548
1497 recr(234)        -0.15161283     -20     20    1.116025e-05
1498 recr(235)        0.22604409     -20     20    -0.00032812168
1499 recr(236)        0.65413051     -20     20    -5.3614689e-05
1500 recr(237)        -0.15921108     -20     20    0.0001342664
1501 recr(238)        -0.084462046     -20     20    0.00030953779
1502 recr(239)        0.40998008     -20     20    -0.00018359615
1503 recr(240)        0.64358719     -20     20    -0.0003780405
1504 recr(241)        1.1033143     -20     20    -0.00011053845
1505 recr(242)        0.68529466     -20     20    0.00026136598
1506 recr(243)        0.87163643     -20     20    0.00039348824
1507 recr(244)        0.48318143     -20     20    -7.3956633e-05
1508 recr(245)        0.44698082     -20     20    -0.00014297157
1509 recr(246)        0.37541847     -20     20    -3.2071954e-05
1510 recr(247)        0.70828211     -20     20    -0.00030474427
1511 recr(248)        0.77810277     -20     20    0.00039249038
1512 recr(249)        -0.31395029     -20     20    0.00011583027
1513 recr(250)        -0.29984067     -20     20    3.2980309e-05
1514 recr(251)        -0.067085393     -20     20    0.00028958983
1515 recr(252)        0.78019781     -20     20    7.4893478e-05
1516 recr(253)        0.16246261     -20     20    3.4394626e-05
1517 recr(254)        0.11665849     -20     20    -0.0002103541
1518 recr(255)        0.13809502     -20     20    -0.00049463999
1519 recr(256)        1.1700258     -20     20    -0.00026732425
1520 recr(257)        -0.072171849     -20     20    4.8075186e-05
1521 recr(258)        0.12680271     -20     20    -0.00039341261
1522 recr(259)        0.57925645     -20     20    -5.101871e-05
1523 recr(260)        0.82798049     -20     20    0.00035603769
1524 recr(261)        0.26393151     -20     20    8.4930858e-05
1525 recr(262)        0.28002039     -20     20    -8.5130142e-05
1526 recr(263)        0.65749074     -20     20    9.7431588e-05
1527 recr(264)        0.8814852     -20     20    -9.5728881e-05
1528 recr(265)        0.14092467     -20     20    -7.2315468e-05
1529 recr(266)        -0.35140408     -20     20    -0.00028754316
1530 recr(267)        -0.0058997227     -20     20    -0.00017817025
1531 recr(268)        0.75931609     -20     20    -0.00043935194
1532 recr(269)        0.37499712     -20     20    0.0001550618
1533 recr(270)        -0.30723203     -20     20    -9.9813149e-05
1534 recr(271)        -0.11935792     -20     20    -0.00026495901
1535 recr(272)        0.07686143     -20     20    0.00017637003
1536 recr(273)        -0.036550154     -20     20    -8.1438665e-05
1537 recr(274)        1.0830574     -20     20    0.00022260118
1538 totpop        17.03317     8     25    0.00012643762
1539 tag_fish_rep(1)        0.16064416     0.001     0.99    0.0001659451
1540 tag_fish_rep(3)        0.062780459     0.001     0.99    -5.4181076e-05
1541 tag_fish_rep(4)        0.56725695     0.001     0.99    -2.2375995e-06
1542 tag_fish_rep(5)        0.66199798     0.001     0.99    -4.9734322e-07
1543 tag_fish_rep(6)        0.47403123     0.001     0.99    3.1336868e-05
1544 tag_fish_rep(11)        0.61147776     0.001     0.99    -1.7418037e-05
1545 tag_fish_rep(12)        0.59505464     0.001     0.99    1.1623305e-06
1546 tag_fish_rep(13)        0.66757297     0.001     0.99    0.00027294965
1547 tag_fish_rep(17)        0.65227426     0.001     0.99    1.8712101e-05
1548 tag_fish_rep(18)        0.82429231     0.001     0.99    0.00010324422
1549 tag_fish_rep(19)        0.99     0.001     0.99    -1.771368e-07   *************
1550 tag_fish_rep(24)        0.81399892     0.001     0.99    8.8236496e-05
1551 tag_fish_rep(25)        0.76133278     0.001     0.99    0.00023617952
1552 tag_fish_rep(28)        0.69090026     0.001     0.99    -9.3948624e-05
1553 tag_fish_rep(32)        0.14576078     0.001     0.99    1.808147e-06
1554 tag_fish_rep(34)        0.98999999     0.001     0.99    -9.5006041e-09   *************
1555 tag_fish_rep(35)        0.99     0.001     0.99    -6.5189103e-09   *************
1556 region_pars(1)        0.5139511     1e-06     1.5    -1.8570363e-05
1557 region_pars(1)        0.29402676     1e-06     1.5    -7.8058634e-05
1558 region_pars(1)        1.2755587e-05     1e-06     1.5    -0.00014418171
1559 region_pars(1)        0.19203709     1e-06     1.5    0.0001594344
1560 sv(21)        0.041264499     1e-06     1000    -0.00016787226
1561 vb_coff(1)        26.564693     10     60    -0.00094249537
1562 vb_coff(2)        152.08188     130     200    -0.00065890438
1563 vb_coff(3)        0.098700676     0.01     0.3    -0.00082153644
1564 var_coff(1)        6.0485907     1     10    0.0003441444
1565 var_coff(2)        0.3797618     0.1     3    -7.2368822e-05
