 Index  Var_name   Estimate L_bound  U_bound gradient
1 diff_coffs(1,1)        0.025574596     0     4    1.1692238e-06
2 diff_coffs(1,2)        6.5915007e-10     0     4    4.626484e-09   *************
3 diff_coffs(1,3)        4.8101256e-10     0     4    -1.8473586e-09   *************
4 diff_coffs(1,4)        5.9103744e-10     0     4    -8.9023482e-07   *************
5 diff_coffs(1,5)        6.3990502e-10     0     4    -2.4897241e-08   *************
6 diff_coffs(1,6)        6.0441074e-10     0     4    1.381844e-07   *************
7 diff_coffs(1,7)        0.10523404     0     4    8.7523004e-07
8 diff_coffs(1,8)        0.0018135929     0     4    7.5110305e-06
9 diff_coffs(1,9)        1.0329779e-09     0     4    -6.4271695e-08   *************
10 diff_coffs(1,10)        1.2425556e-08     0     4    -3.7406901e-08   *************
11 diff_coffs(1,11)        4.6135304e-09     0     4    -6.7417316e-08   *************
12 diff_coffs(1,12)        0.057118423     0     4    -3.5993789e-07
13 diff_coffs(1,13)        1.2713077e-09     0     4    9.2367647e-09   *************
14 diff_coffs(1,14)        0.019982418     0     4    1.4527297e-06
15 diff_coffs(1,15)        2.7482427e-09     0     4    -7.2243668e-08   *************
16 diff_coffs(1,16)        0.038411824     0     4    4.5837908e-06
17 diff_coffs(1,17)        6.3463235e-11     0     4    -5.7527908e-06   *************
18 diff_coffs(1,18)        0.041290341     0     4    6.1613839e-07
19 diff_coffs(1,19)        0.0035429622     0     4    3.3655386e-07
20 diff_coffs(1,20)        4.6999871e-10     0     4    5.9739573e-09   *************
21 diff_coffs(1,21)        2.3359106e-09     0     4    2.3149818e-07   *************
22 diff_coffs(1,22)        0.0031774826     0     4    7.2891163e-06
23 diff_coffs(1,23)        0.093276042     0     4    -6.4786066e-06
24 diff_coffs(1,24)        5.2129989e-10     0     4    6.9516073e-07   *************
25 diff_coffs(1,25)        4.5881259e-09     0     4    -1.0159348e-06   *************
26 diff_coffs(1,26)        0.060559176     0     4    -2.4019116e-06
27 diff_coffs(2,1)        0.13093717     0     4    -1.7388739e-06
28 diff_coffs(2,2)        1.2550387e-09     0     4    1.1219539e-08   *************
29 diff_coffs(2,3)        0.19920416     0     4    1.031514e-06
30 diff_coffs(2,4)        6.2863581e-10     0     4    -2.3134159e-09   *************
31 diff_coffs(2,5)        8.6155238e-10     0     4    9.8116401e-10   *************
32 diff_coffs(2,6)        5.4153082e-10     0     4    -6.2314842e-09   *************
33 diff_coffs(2,7)        0.2586982     0     4    3.7826326e-06
34 diff_coffs(2,8)        3.1298875e-10     0     4    1.0937046e-05   *************
35 diff_coffs(2,9)        3.9189438e-09     0     4    -1.0478173e-06   *************
36 diff_coffs(2,10)        7.5645734e-10     0     4    1.7197014e-08   *************
37 diff_coffs(2,11)        1.5815211e-09     0     4    -2.513914e-06   *************
38 diff_coffs(2,12)        1.3832513e-09     0     4    -6.7343667e-09   *************
39 diff_coffs(2,13)        3.9350008e-09     0     4    1.0481846e-06   *************
40 diff_coffs(2,14)        8.1503397e-09     0     4    3.9570185e-06   *************
41 diff_coffs(2,15)        2.1234177e-09     0     4    -1.7939225e-07   *************
42 diff_coffs(2,16)        0.01398644     0     4    1.8758103e-06
43 diff_coffs(2,17)        6.4166006e-11     0     4    1.3297734e-05   *************
44 diff_coffs(2,18)        8.1363172e-09     0     4    -8.1093941e-07   *************
45 diff_coffs(2,19)        0.033577133     0     4    3.1787845e-06
46 diff_coffs(2,20)        4.1172465e-10     0     4    -2.541142e-10   *************
47 diff_coffs(2,21)        0.1720481     0     4    -4.6625072e-07
48 diff_coffs(2,22)        3.3168168e-09     0     4    -1.1721616e-08   *************
49 diff_coffs(2,23)        0.19512256     0     4    -7.3684924e-06
50 diff_coffs(2,24)        5.3456017e-10     0     4    4.4258259e-07   *************
51 diff_coffs(2,25)        9.2932069e-09     0     4    -9.1581732e-07   *************
52 diff_coffs(2,26)        2.6319298e-09     0     4    -7.6692878e-08   *************
53 diff_coffs(3,1)        5.736428e-09     0     4    -5.6977816e-07   *************
54 diff_coffs(3,2)        6.0783067e-10     0     4    -9.1599808e-08   *************
55 diff_coffs(3,3)        1.0369143e-09     0     4    -6.6634391e-09   *************
56 diff_coffs(3,4)        0.057733154     0     4    -1.7782641e-06
57 diff_coffs(3,5)        7.2288531e-10     0     4    1.7261317e-10   *************
58 diff_coffs(3,6)        6.8378481e-10     0     4    -8.8569482e-09   *************
59 diff_coffs(3,7)        2.12159e-08     0     4    9.4834397e-08   *************
60 diff_coffs(3,8)        2.1776203e-10     0     4    1.7225688e-08   *************
61 diff_coffs(3,9)        0.3633396     0     4    4.9288342e-07
62 diff_coffs(3,10)        6.0852279e-10     0     4    4.3478395e-09   *************
63 diff_coffs(3,11)        2.4307545e-09     0     4    -1.2891342e-09   *************
64 diff_coffs(3,12)        0.0062766614     0     4    -1.4235e-06
65 diff_coffs(3,13)        1.0980403e-08     0     4    -1.2386165e-06   *************
66 diff_coffs(3,14)        3.1430374e-09     0     4    9.0165148e-08   *************
67 diff_coffs(3,15)        9.7036077e-09     0     4    -2.1775067e-07   *************
68 diff_coffs(3,16)        0.0058427005     0     4    2.6158966e-06
69 diff_coffs(3,17)        4.1767922e-11     0     4    -1.5668192e-05   *************
70 diff_coffs(3,18)        6.7870338e-09     0     4    -2.6891397e-06   *************
71 diff_coffs(3,19)        1.2199326e-09     0     4    -9.5854067e-08   *************
72 diff_coffs(3,20)        4.3709081e-10     0     4    -1.5638982e-07   *************
73 diff_coffs(3,21)        0.2111945     0     4    3.3654215e-06
74 diff_coffs(3,22)        4.5344795e-10     0     4    -5.8912047e-08   *************
75 diff_coffs(3,23)        0.073857155     0     4    -1.6059808e-06
76 diff_coffs(3,24)        4.8752602e-10     0     4    -3.9906763e-07   *************
77 diff_coffs(3,25)        1.8063742e-08     0     4    -7.5222922e-08   *************
78 diff_coffs(3,26)        5.7110481e-09     0     4    4.7280531e-08   *************
79 diff_coffs(4,1)        1.5464285e-09     0     4    -3.8065638e-06   *************
80 diff_coffs(4,2)        4.2657922e-10     0     4    -7.9677129e-08   *************
81 diff_coffs(4,3)        4.7641868e-10     0     4    -3.0492795e-09   *************
82 diff_coffs(4,4)        0.0021306012     0     4    -2.6272418e-06
83 diff_coffs(4,5)        5.1130633e-10     0     4    1.7910291e-07   *************
84 diff_coffs(4,6)        8.6136276e-10     0     4    -3.0871582e-08   *************
85 diff_coffs(4,7)        0.029575527     0     4    2.3796875e-06
86 diff_coffs(4,8)        3.4371639e-10     0     4    3.4319109e-06   *************
87 diff_coffs(4,9)        2.1612376e-09     0     4    1.4983692e-08   *************
88 diff_coffs(4,10)        0.027226657     0     4    7.3652702e-06
89 diff_coffs(4,11)        0.0040085719     0     4    4.4633687e-06
90 diff_coffs(4,12)        0.021692519     0     4    1.2408305e-06
91 diff_coffs(4,13)        2.3000555e-09     0     4    7.7469052e-08   *************
92 diff_coffs(4,14)        4.6805342e-08     0     4    3.1563175e-07   *************
93 diff_coffs(4,15)        0.03377544     0     4    1.2650807e-06
94 diff_coffs(4,16)        5.2669822e-09     0     4    1.4401676e-07   *************
95 diff_coffs(4,17)        4.8309357e-11     0     4    3.7369645e-06   *************
96 diff_coffs(4,18)        0.040318308     0     4    -2.2873288e-06
97 diff_coffs(4,19)        1.1115608e-09     0     4    -1.4512328e-07   *************
98 diff_coffs(4,20)        5.9500804e-10     0     4    1.25685e-07   *************
99 diff_coffs(4,21)        0.018826174     0     4    1.1752846e-06
100 diff_coffs(4,22)        5.8134009e-10     0     4    2.2578434e-08   *************
101 diff_coffs(4,23)        0.22598647     0     4    -6.5663774e-06
102 diff_coffs(4,24)        5.4835247e-10     0     4    9.6916657e-07   *************
103 diff_coffs(4,25)        4.7813813e-09     0     4    -2.105391e-06   *************
104 diff_coffs(4,26)        0.031486666     0     4    -2.7905884e-06
105 region_rec_diffs(1,1)        -4.5106727e-09     -3     3    -2.8559814e-07
106 region_rec_diffs(1,2)        0.11585099     -3     3    4.3410134e-06
107 region_rec_diffs(1,3)        -0.066341678     -3     3    7.1363548e-06
108 region_rec_diffs(1,4)        0.092729306     -3     3    7.7580778e-07
109 region_rec_diffs(1,5)        0.15485652     -3     3    2.3788998e-06
110 region_rec_diffs(1,6)        0.26041173     -3     3    -1.2830111e-06
111 region_rec_diffs(1,7)        0.19854684     -3     3    -3.2867584e-06
112 region_rec_diffs(1,8)        0.1645043     -3     3    -7.6778415e-07
113 region_rec_diffs(1,9)        0.074682183     -3     3    6.9602404e-07
114 region_rec_diffs(1,10)        0.062173403     -3     3    1.1588412e-06
115 region_rec_diffs(1,11)        -1.2238539     -3     3    1.7082595e-06
116 region_rec_diffs(1,12)        0.086611839     -3     3    -5.8837243e-07
117 region_rec_diffs(1,13)        0.89754075     -3     3    1.7625848e-06
118 region_rec_diffs(1,14)        0.3683641     -3     3    1.9589361e-06
119 region_rec_diffs(1,15)        -0.13858067     -3     3    -5.236515e-07
120 region_rec_diffs(1,16)        -0.15009083     -3     3    -1.063921e-06
121 region_rec_diffs(1,17)        -0.1359875     -3     3    -7.1549102e-07
122 region_rec_diffs(1,18)        0.96057482     -3     3    5.2429975e-07
123 region_rec_diffs(1,19)        0.053014865     -3     3    3.8915915e-07
124 region_rec_diffs(1,20)        -0.045321218     -3     3    -3.455785e-07
125 region_rec_diffs(1,21)        -0.31484304     -3     3    -8.3309462e-07
126 region_rec_diffs(1,22)        0.61019056     -3     3    2.3804885e-06
127 region_rec_diffs(1,23)        0.3472052     -3     3    1.1594705e-06
128 region_rec_diffs(1,24)        0.17278842     -3     3    -7.0809515e-08
129 region_rec_diffs(1,25)        -0.076873385     -3     3    4.8212752e-06
130 region_rec_diffs(1,26)        0.21088555     -3     3    -1.5398145e-06
131 region_rec_diffs(1,27)        0.0045860646     -3     3    5.6815581e-06
132 region_rec_diffs(1,28)        0.24555813     -3     3    -1.1340924e-06
133 region_rec_diffs(1,29)        -0.20299591     -3     3    -2.7574432e-07
134 region_rec_diffs(1,30)        -0.18348244     -3     3    -8.3824889e-08
135 region_rec_diffs(1,31)        -0.27780081     -3     3    -1.4681333e-07
136 region_rec_diffs(1,32)        -0.23788386     -3     3    6.9594784e-07
137 region_rec_diffs(1,33)        -0.91206024     -3     3    -1.7398963e-06
138 region_rec_diffs(1,34)        0.40095874     -3     3    1.3352043e-06
139 region_rec_diffs(1,35)        0.14250826     -3     3    2.5260078e-07
140 region_rec_diffs(1,36)        -0.14129256     -3     3    1.1130947e-06
141 region_rec_diffs(1,37)        0.71865531     -3     3    -1.1858925e-06
142 region_rec_diffs(1,38)        -0.15761948     -3     3    5.7588888e-07
143 region_rec_diffs(1,39)        -0.099744489     -3     3    -1.8182268e-07
144 region_rec_diffs(1,40)        -0.79652686     -3     3    1.0057981e-06
145 region_rec_diffs(1,41)        0.25358152     -3     3    6.9049344e-06
146 region_rec_diffs(1,42)        0.75634445     -3     3    -2.3097759e-07
147 region_rec_diffs(1,43)        0.086149715     -3     3    -4.5289341e-07
148 region_rec_diffs(1,44)        -1.2042237     -3     3    -2.9191469e-06
149 region_rec_diffs(1,45)        0.53211369     -3     3    -2.9637314e-07
150 region_rec_diffs(1,46)        0.17513563     -3     3    -2.8068555e-07
151 region_rec_diffs(1,47)        0.10408625     -3     3    5.3298234e-07
152 region_rec_diffs(1,48)        -0.42488814     -3     3    -6.3979578e-06
153 region_rec_diffs(1,49)        0.21965029     -3     3    -1.3769233e-06
154 region_rec_diffs(1,50)        -0.090205053     -3     3    -5.8809308e-07
155 region_rec_diffs(1,51)        0.71850217     -3     3    6.3458654e-07
156 region_rec_diffs(1,52)        -0.99106344     -3     3    -2.1374799e-06
157 region_rec_diffs(1,53)        -0.32602615     -3     3    -2.4971735e-07
158 region_rec_diffs(1,54)        -0.29095442     -3     3    -1.5035989e-06
159 region_rec_diffs(1,55)        0.18123986     -3     3    -8.0624653e-08
160 region_rec_diffs(1,56)        -0.53845993     -3     3    -1.1564404e-07
161 region_rec_diffs(1,57)        -0.19230134     -3     3    -4.8151193e-06
162 region_rec_diffs(1,58)        0.80003187     -3     3    2.6240483e-07
163 region_rec_diffs(1,59)        0.57635608     -3     3    -1.5512756e-07
164 region_rec_diffs(1,60)        -0.48793577     -3     3    -4.0350408e-06
165 region_rec_diffs(1,61)        0.83089427     -3     3    1.0170761e-06
166 region_rec_diffs(1,62)        -0.081864556     -3     3    1.271303e-08
167 region_rec_diffs(1,63)        0.63278706     -3     3    -1.1363802e-06
168 region_rec_diffs(1,64)        -1.0951458     -3     3    2.6481862e-07
169 region_rec_diffs(1,65)        -1.3150382     -3     3    -1.5153248e-06
170 region_rec_diffs(1,66)        -0.37419193     -3     3    2.2818469e-07
171 region_rec_diffs(1,67)        0.70653188     -3     3    -8.5848559e-07
172 region_rec_diffs(1,68)        0.11839459     -3     3    4.808615e-07
173 region_rec_diffs(1,69)        -0.18581708     -3     3    -3.2701664e-06
174 region_rec_diffs(1,70)        -0.17019296     -3     3    1.3730788e-07
175 region_rec_diffs(1,71)        0.22430766     -3     3    -3.2995321e-07
176 region_rec_diffs(1,72)        -0.30983627     -3     3    4.6458816e-06
177 region_rec_diffs(1,73)        0.57938295     -3     3    -1.5725658e-06
178 region_rec_diffs(1,74)        -0.079411617     -3     3    -4.0888866e-07
179 region_rec_diffs(1,75)        -1.4673352     -3     3    -3.0645573e-06
180 region_rec_diffs(1,76)        -1.1934448     -3     3    4.274365e-07
181 region_rec_diffs(1,77)        -0.25854156     -3     3    9.1057474e-07
182 region_rec_diffs(1,78)        -0.13926885     -3     3    4.701136e-07
183 region_rec_diffs(1,79)        0.79577912     -3     3    5.3469696e-07
184 region_rec_diffs(1,80)        0.18836707     -3     3    -2.0214048e-07
185 region_rec_diffs(1,81)        0.79079347     -3     3    -2.2111118e-07
186 region_rec_diffs(1,82)        0.77210777     -3     3    -1.099567e-07
187 region_rec_diffs(1,83)        0.37199256     -3     3    7.4059537e-07
188 region_rec_diffs(1,84)        -0.62302898     -3     3    2.2729137e-06
189 region_rec_diffs(1,85)        0.67779211     -3     3    -1.7738123e-07
190 region_rec_diffs(1,86)        0.22576998     -3     3    5.1754159e-07
191 region_rec_diffs(1,87)        -0.2544477     -3     3    2.3916667e-06
192 region_rec_diffs(1,88)        -2.728345     -3     3    -2.0208509e-06
193 region_rec_diffs(1,89)        0.44761487     -3     3    3.0553909e-08
194 region_rec_diffs(1,90)        -0.77404022     -3     3    -3.507585e-07
195 region_rec_diffs(1,91)        0.32314345     -3     3    3.1427256e-06
196 region_rec_diffs(1,92)        0.19663335     -3     3    1.6270846e-07
197 region_rec_diffs(1,93)        -0.93778231     -3     3    1.000746e-06
198 region_rec_diffs(1,94)        0.97961094     -3     3    -6.0236934e-07
199 region_rec_diffs(1,95)        -1.6509024     -3     3    -1.4698845e-06
200 region_rec_diffs(1,96)        -0.71290086     -3     3    -2.0636931e-06
201 region_rec_diffs(1,97)        0.48098802     -3     3    -7.5230458e-07
202 region_rec_diffs(1,98)        -0.011492727     -3     3    6.6438099e-08
203 region_rec_diffs(1,99)        0.12625214     -3     3    1.3094383e-06
204 region_rec_diffs(1,100)        0.13003131     -3     3    -5.2802206e-06
205 region_rec_diffs(1,101)        0.098589098     -3     3    -1.187722e-07
206 region_rec_diffs(1,102)        -0.037056078     -3     3    -3.2691061e-07
207 region_rec_diffs(1,103)        -0.27809408     -3     3    -2.1017099e-06
208 region_rec_diffs(1,104)        0.24410498     -3     3    -4.9798365e-08
209 region_rec_diffs(1,105)        -0.12085925     -3     3    3.4665399e-07
210 region_rec_diffs(1,106)        -0.052266808     -3     3    -4.9997932e-07
211 region_rec_diffs(1,107)        0.24419001     -3     3    1.5209116e-06
212 region_rec_diffs(1,108)        0.20186403     -3     3    -2.066942e-07
213 region_rec_diffs(1,109)        0.29488093     -3     3    3.0727013e-06
214 region_rec_diffs(1,110)        0.011916771     -3     3    1.3784229e-08
215 region_rec_diffs(1,111)        -0.62499158     -3     3    5.3211942e-07
216 region_rec_diffs(1,112)        0.52164021     -3     3    6.1870624e-07
217 region_rec_diffs(1,113)        -1.3031631     -3     3    -1.0091731e-07
218 region_rec_diffs(1,114)        -0.30166048     -3     3    5.7303507e-07
219 region_rec_diffs(1,115)        -0.53770782     -3     3    2.9682495e-07
220 region_rec_diffs(1,116)        0.0068298282     -3     3    -1.8177329e-06
221 region_rec_diffs(1,117)        -0.21457591     -3     3    1.0396894e-06
222 region_rec_diffs(1,118)        -0.38086407     -3     3    8.7302524e-07
223 region_rec_diffs(1,119)        -0.11152346     -3     3    -5.4006611e-06
224 region_rec_diffs(1,120)        -2.1120633     -3     3    2.1563753e-06
225 region_rec_diffs(1,121)        0.41380849     -3     3    6.9879035e-07
226 region_rec_diffs(1,122)        -0.83982668     -3     3    -1.4655512e-06
227 region_rec_diffs(1,123)        0.51062099     -3     3    -5.5013241e-07
228 region_rec_diffs(1,124)        -0.66063209     -3     3    -9.1451376e-07
229 region_rec_diffs(1,125)        -1.4071616     -3     3    6.2619306e-07
230 region_rec_diffs(1,126)        -1.7263961     -3     3    2.1889085e-06
231 region_rec_diffs(1,127)        0.018512889     -3     3    -1.4548827e-08
232 region_rec_diffs(1,128)        0.060216261     -3     3    -1.4725596e-06
233 region_rec_diffs(1,129)        0.19355119     -3     3    -2.9153072e-06
234 region_rec_diffs(1,130)        -1.5136773     -3     3    1.192585e-06
235 region_rec_diffs(1,131)        -0.2081731     -3     3    2.0678866e-06
236 region_rec_diffs(1,132)        -0.18192427     -3     3    -5.0499591e-06
237 region_rec_diffs(1,133)        0.97986161     -3     3    -1.6102188e-07
238 region_rec_diffs(1,134)        -1.2833935     -3     3    -6.1426186e-07
239 region_rec_diffs(1,135)        0.051568072     -3     3    1.1632726e-06
240 region_rec_diffs(1,136)        0.41325375     -3     3    1.7624369e-06
241 region_rec_diffs(1,137)        -0.68992513     -3     3    -5.2618776e-08
242 region_rec_diffs(1,138)        -2.3334908     -3     3    1.857334e-08
243 region_rec_diffs(1,139)        -0.82925072     -3     3    -5.3749855e-07
244 region_rec_diffs(1,140)        -0.24001431     -3     3    2.8178136e-07
245 region_rec_diffs(1,141)        0.54426514     -3     3    -8.584515e-07
246 region_rec_diffs(1,142)        -0.59977622     -3     3    -2.8676363e-07
247 region_rec_diffs(1,143)        -0.6465141     -3     3    3.7538974e-06
248 region_rec_diffs(1,144)        -0.19926113     -3     3    2.0638031e-06
249 region_rec_diffs(1,145)        0.57538157     -3     3    -2.3123285e-07
250 region_rec_diffs(1,146)        -1.2790616     -3     3    -2.7879085e-07
251 region_rec_diffs(1,147)        -1.053892     -3     3    -3.6401864e-06
252 region_rec_diffs(1,148)        0.48470584     -3     3    7.9481313e-07
253 region_rec_diffs(1,149)        -0.64230292     -3     3    1.7018705e-07
254 region_rec_diffs(1,150)        -0.70337364     -3     3    3.0893431e-07
255 region_rec_diffs(1,151)        -0.32867833     -3     3    3.6838133e-06
256 region_rec_diffs(1,152)        0.16687491     -3     3    -1.6611931e-07
257 region_rec_diffs(1,153)        -0.27810867     -3     3    1.7519525e-06
258 region_rec_diffs(1,154)        -1.9692266     -3     3    3.81804e-07
259 region_rec_diffs(1,155)        -0.030763571     -3     3    5.958144e-06
260 region_rec_diffs(1,156)        -0.26738517     -3     3    -2.5559952e-06
261 region_rec_diffs(1,157)        -0.73615186     -3     3    -3.822744e-07
262 region_rec_diffs(1,158)        -1.7056896     -3     3    1.5378877e-07
263 region_rec_diffs(1,159)        -1.7519112     -3     3    -1.1041169e-06
264 region_rec_diffs(1,160)        -0.3043749     -3     3    2.82164e-08
265 region_rec_diffs(1,161)        -0.57585138     -3     3    8.5123284e-07
266 region_rec_diffs(1,162)        -0.47515618     -3     3    3.5819415e-07
267 region_rec_diffs(1,163)        0.45940113     -3     3    -1.2979666e-06
268 region_rec_diffs(1,164)        -0.48585863     -3     3    4.2102792e-06
269 region_rec_diffs(1,165)        0.095301512     -3     3    -1.0206806e-06
270 region_rec_diffs(1,166)        -2.4645528     -3     3    2.3955778e-07
271 region_rec_diffs(1,167)        -1.3267962     -3     3    -2.0567534e-06
272 region_rec_diffs(1,168)        -0.29796523     -3     3    -6.2831388e-07
273 region_rec_diffs(1,169)        -1.7862827     -3     3    5.4893963e-07
274 region_rec_diffs(1,170)        -2.3453407     -3     3    -7.9017491e-07
275 region_rec_diffs(1,171)        -0.41908433     -3     3    2.5097036e-06
276 region_rec_diffs(1,172)        -0.44848424     -3     3    -1.3018224e-06
277 region_rec_diffs(1,173)        -0.00050928729     -3     3    1.4931618e-06
278 region_rec_diffs(1,174)        -1.4778449     -3     3    -7.4454571e-07
279 region_rec_diffs(1,175)        -0.81892359     -3     3    7.4546156e-08
280 region_rec_diffs(1,176)        -2.9999989     -3     3    1.2993753e-06   *************
281 region_rec_diffs(1,177)        -0.326913     -3     3    -1.1735575e-07
282 region_rec_diffs(1,178)        -0.45954373     -3     3    4.096827e-06
283 region_rec_diffs(1,179)        -0.75736534     -3     3    1.2023288e-06
284 region_rec_diffs(1,180)        0.28653952     -3     3    1.2646034e-06
285 region_rec_diffs(1,181)        -1.1485467     -3     3    1.7457543e-06
286 region_rec_diffs(1,182)        -1.778192     -3     3    1.3194569e-06
287 region_rec_diffs(1,183)        -2.2567355     -3     3    8.5395234e-07
288 region_rec_diffs(1,184)        -1.6732309     -3     3    -3.0271293e-09
289 region_rec_diffs(1,185)        -0.25343373     -3     3    1.4184658e-06
290 region_rec_diffs(1,186)        -0.94113785     -3     3    -2.1372279e-06
291 region_rec_diffs(1,187)        -0.70433745     -3     3    -3.5060438e-06
292 region_rec_diffs(1,188)        0.47885936     -3     3    -4.6986402e-07
293 region_rec_diffs(1,189)        -0.37515468     -3     3    -1.3246521e-06
294 region_rec_diffs(1,190)        -2.356991     -3     3    -5.1805805e-07
295 region_rec_diffs(1,191)        -1.8740549     -3     3    -3.4727081e-07
296 region_rec_diffs(1,192)        -0.53810312     -3     3    1.6875272e-06
297 region_rec_diffs(1,193)        0.47483116     -3     3    1.7431064e-06
298 region_rec_diffs(1,194)        -1.7996611     -3     3    -4.540452e-07
299 region_rec_diffs(1,195)        -1.8234526     -3     3    2.077629e-07
300 region_rec_diffs(1,196)        0.0092364398     -3     3    2.1956035e-06
301 region_rec_diffs(1,197)        -1.7004846     -3     3    -9.9960683e-07
302 region_rec_diffs(1,198)        -2.3072566     -3     3    1.7616094e-07
303 region_rec_diffs(1,199)        -2.4693081     -3     3    5.9855097e-07
304 region_rec_diffs(1,200)        -1.2336061     -3     3    6.1582064e-07
305 region_rec_diffs(1,201)        0.27180082     -3     3    3.4199483e-06
306 region_rec_diffs(1,202)        -0.31343334     -3     3    1.666361e-06
307 region_rec_diffs(1,203)        0.03618127     -3     3    -1.4470136e-06
308 region_rec_diffs(1,204)        -1.8964941     -3     3    5.6314879e-07
309 region_rec_diffs(1,205)        -1.8033999     -3     3    -2.0225526e-06
310 region_rec_diffs(1,206)        -2.0931421     -3     3    -7.9645759e-07
311 region_rec_diffs(1,207)        -0.93171112     -3     3    -1.4490914e-06
312 region_rec_diffs(1,208)        -2.0102533     -3     3    1.3054992e-06
313 region_rec_diffs(1,209)        -0.21897576     -3     3    -3.8056887e-06
314 region_rec_diffs(1,210)        0.66475223     -3     3    -7.3334709e-06
315 region_rec_diffs(1,211)        -0.17048663     -3     3    -2.2203448e-06
316 region_rec_diffs(1,212)        -2.2925585     -3     3    1.1003859e-06
317 region_rec_diffs(1,213)        -2.0972021     -3     3    4.687535e-08
318 region_rec_diffs(1,214)        -2.6474312     -3     3    5.4705508e-07
319 region_rec_diffs(1,215)        -2.3886064     -3     3    -7.3256411e-07
320 region_rec_diffs(1,216)        -0.39265111     -3     3    -3.5288491e-06
321 region_rec_diffs(1,217)        0.19025686     -3     3    6.6731942e-07
322 region_rec_diffs(1,218)        -2.0705257     -3     3    -1.0138323e-07
323 region_rec_diffs(1,219)        -1.3690738     -3     3    -1.9430093e-06
324 region_rec_diffs(1,220)        0.21838803     -3     3    3.8365564e-07
325 region_rec_diffs(1,221)        -1.2320311     -3     3    -8.2836794e-07
326 region_rec_diffs(1,222)        -1.8666713     -3     3    -5.0175393e-07
327 region_rec_diffs(1,223)        -0.047373561     -3     3    -3.5368968e-06
328 region_rec_diffs(1,224)        0.25612924     -3     3    7.8789775e-07
329 region_rec_diffs(1,225)        -1.0274355     -3     3    6.5769726e-06
330 region_rec_diffs(1,226)        -2.1922757     -3     3    1.6714059e-06
331 region_rec_diffs(1,227)        -2.3095018     -3     3    -1.1194093e-06
332 region_rec_diffs(1,228)        -0.82944916     -3     3    -5.0844166e-06
333 region_rec_diffs(1,229)        0.30943145     -3     3    -2.3994176e-06
334 region_rec_diffs(1,230)        -1.7542951     -3     3    -1.0547527e-06
335 region_rec_diffs(1,231)        0.041700464     -3     3    2.5563821e-06
336 region_rec_diffs(1,232)        0.51835123     -3     3    -3.1607752e-06
337 region_rec_diffs(1,233)        -2.5340849     -3     3    -1.1889638e-06
338 region_rec_diffs(1,234)        -2.8443836     -3     3    -1.1474583e-06
339 region_rec_diffs(1,235)        -2.8553662     -3     3    8.367136e-07
340 region_rec_diffs(1,236)        0.25744692     -3     3    -7.515452e-07
341 region_rec_diffs(1,237)        -0.75262898     -3     3    -1.4919381e-07
342 region_rec_diffs(1,238)        -1.7857677     -3     3    6.5390991e-07
343 region_rec_diffs(1,239)        -2.5342138     -3     3    3.4882081e-07
344 region_rec_diffs(1,240)        -0.2314225     -3     3    -1.8121027e-06
345 region_rec_diffs(1,241)        -0.43968245     -3     3    2.6098122e-06
346 region_rec_diffs(1,242)        -0.22422554     -3     3    -1.1383979e-07
347 region_rec_diffs(1,243)        -0.56495003     -3     3    -2.9099257e-07
348 region_rec_diffs(1,244)        0.4080451     -3     3    2.0387942e-06
349 region_rec_diffs(1,245)        -1.9202558     -3     3    1.3036909e-06
350 region_rec_diffs(1,246)        -2.2232103     -3     3    -4.3120317e-08
351 region_rec_diffs(1,247)        -1.2699753     -3     3    -6.2813193e-07
352 region_rec_diffs(1,248)        0.35949297     -3     3    -1.4786955e-06
353 region_rec_diffs(1,249)        -2.2130295     -3     3    7.9322961e-07
354 region_rec_diffs(1,250)        -2.8793316     -3     3    -2.7682034e-06
355 region_rec_diffs(1,251)        -2.5571349     -3     3    7.0908413e-07
356 region_rec_diffs(1,252)        -0.7312271     -3     3    -1.1989223e-06
357 region_rec_diffs(1,253)        -0.12265567     -3     3    4.3893982e-06
358 region_rec_diffs(1,254)        -2.4242374     -3     3    3.5162179e-07
359 region_rec_diffs(1,255)        -1.9764152     -3     3    8.0361274e-07
360 region_rec_diffs(1,256)        0.29904759     -3     3    8.3833859e-07
361 region_rec_diffs(1,257)        -0.76520954     -3     3    -1.9241293e-06
362 region_rec_diffs(1,258)        -1.8791262     -3     3    -1.4934597e-06
363 region_rec_diffs(1,259)        -0.025284738     -3     3    3.2501369e-07
364 region_rec_diffs(1,260)        0.59990025     -3     3    -4.6908793e-07
365 region_rec_diffs(1,261)        -0.97736696     -3     3    -3.5105552e-06
366 region_rec_diffs(1,262)        -1.4047321     -3     3    -3.6266299e-06
367 region_rec_diffs(1,263)        -1.2980453     -3     3    -2.9071577e-06
368 region_rec_diffs(1,264)        -0.43161467     -3     3    -2.1765613e-06
369 region_rec_diffs(1,265)        -1.3687855     -3     3    1.0490284e-06
370 region_rec_diffs(1,266)        -2.0055103     -3     3    2.1375821e-06
371 region_rec_diffs(1,267)        0.64368933     -3     3    8.2504758e-07
372 region_rec_diffs(1,268)        -1.376218     -3     3    1.3720029e-06
373 region_rec_diffs(1,269)        -1.4242273     -3     3    -1.3254806e-06
374 region_rec_diffs(1,270)        -1.1208517     -3     3    -2.2979978e-06
375 region_rec_diffs(1,271)        -1.3352888     -3     3    -1.7779723e-06
376 region_rec_diffs(1,272)        -1.4098509     -3     3    -4.7131032e-07
377 region_rec_diffs(1,273)        0.54029652     -3     3    -2.9344841e-07
378 region_rec_diffs(1,274)        -1.0271407     -3     3    -3.752173e-06
379 region_rec_diffs(1,275)        0.57280906     -3     3    -3.0241933e-06
380 region_rec_diffs(1,276)        -1.400197     -3     3    -5.139987e-06
381 region_rec_diffs(1,277)        -0.10124721     -3     3    -7.4833056e-08
382 region_rec_diffs(1,278)        -0.94384928     -3     3    -7.9655918e-07
383 region_rec_diffs(1,279)        -0.22846869     -3     3    -1.0326561e-06
384 region_rec_diffs(2,1)        -1.8323196e-07     -3     3    -1.2513437e-07
385 region_rec_diffs(2,2)        1.2181104     -3     3    -5.0273682e-06
386 region_rec_diffs(2,3)        1.3070276     -3     3    -4.2672421e-06
387 region_rec_diffs(2,4)        1.237147     -3     3    6.4189443e-07
388 region_rec_diffs(2,5)        1.2099039     -3     3    -1.1413346e-06
389 region_rec_diffs(2,6)        0.11785965     -3     3    3.15092e-07
390 region_rec_diffs(2,7)        1.6407056     -3     3    2.7895311e-06
391 region_rec_diffs(2,8)        0.10301978     -3     3    -1.2400974e-07
392 region_rec_diffs(2,9)        0.32798859     -3     3    -3.1986416e-06
393 region_rec_diffs(2,10)        0.17096401     -3     3    -4.1745233e-07
394 region_rec_diffs(2,11)        1.6794871     -3     3    3.4600015e-07
395 region_rec_diffs(2,12)        0.076510863     -3     3    -9.4980046e-07
396 region_rec_diffs(2,13)        -0.8305809     -3     3    -1.2051571e-06
397 region_rec_diffs(2,14)        -0.86242789     -3     3    1.9486231e-07
398 region_rec_diffs(2,15)        -0.040217573     -3     3    1.9666519e-07
399 region_rec_diffs(2,16)        0.069596164     -3     3    -9.4225334e-07
400 region_rec_diffs(2,17)        0.47224128     -3     3    -7.1265968e-06
401 region_rec_diffs(2,18)        -0.42120487     -3     3    -1.6063974e-07
402 region_rec_diffs(2,19)        0.088627537     -3     3    5.0418507e-07
403 region_rec_diffs(2,20)        0.12068956     -3     3    1.6977042e-06
404 region_rec_diffs(2,21)        1.1617897     -3     3    1.6849599e-07
405 region_rec_diffs(2,22)        0.82869021     -3     3    -3.3853829e-06
406 region_rec_diffs(2,23)        0.41957986     -3     3    -2.8146702e-06
407 region_rec_diffs(2,24)        0.15354395     -3     3    2.7302549e-07
408 region_rec_diffs(2,25)        1.4378151     -3     3    -1.5554287e-06
409 region_rec_diffs(2,26)        0.16053355     -3     3    2.5538262e-07
410 region_rec_diffs(2,27)        1.4278377     -3     3    -3.7506341e-06
411 region_rec_diffs(2,28)        -0.048891025     -3     3    1.95816e-07
412 region_rec_diffs(2,29)        -1.1217832     -3     3    1.0964606e-07
413 region_rec_diffs(2,30)        -0.19993521     -3     3    -5.6284108e-08
414 region_rec_diffs(2,31)        -0.083160487     -3     3    3.8352442e-07
415 region_rec_diffs(2,32)        0.081523998     -3     3    3.8674527e-07
416 region_rec_diffs(2,33)        0.97992039     -3     3    -5.5386864e-07
417 region_rec_diffs(2,34)        0.93784331     -3     3    -3.1565665e-06
418 region_rec_diffs(2,35)        0.10372464     -3     3    6.5106209e-08
419 region_rec_diffs(2,36)        1.5069156     -3     3    -1.0639067e-06
420 region_rec_diffs(2,37)        -1.5899664     -3     3    -6.2366902e-08
421 region_rec_diffs(2,38)        -0.31898949     -3     3    -1.2522279e-07
422 region_rec_diffs(2,39)        0.0043452534     -3     3    4.5376623e-07
423 region_rec_diffs(2,40)        0.27194331     -3     3    1.3212285e-07
424 region_rec_diffs(2,41)        0.89794727     -3     3    -7.5552159e-06
425 region_rec_diffs(2,42)        -0.39594083     -3     3    -1.7643966e-07
426 region_rec_diffs(2,43)        0.0042864279     -3     3    3.1518174e-07
427 region_rec_diffs(2,44)        1.5252119     -3     3    8.0355348e-07
428 region_rec_diffs(2,45)        0.3629827     -3     3    2.6196806e-06
429 region_rec_diffs(2,46)        0.052761327     -3     3    -3.4650497e-08
430 region_rec_diffs(2,47)        0.10359795     -3     3    3.7833671e-07
431 region_rec_diffs(2,48)        0.90165769     -3     3    3.9841658e-06
432 region_rec_diffs(2,49)        0.7693245     -3     3    3.3776362e-06
433 region_rec_diffs(2,50)        0.099323601     -3     3    -2.9491965e-07
434 region_rec_diffs(2,51)        0.20827382     -3     3    -3.4365764e-06
435 region_rec_diffs(2,52)        0.50864849     -3     3    3.5017497e-06
436 region_rec_diffs(2,53)        0.84462233     -3     3    1.2567719e-06
437 region_rec_diffs(2,54)        0.023865923     -3     3    1.0749914e-07
438 region_rec_diffs(2,55)        -0.75463463     -3     3    -2.3349977e-07
439 region_rec_diffs(2,56)        0.073791003     -3     3    4.1161093e-08
440 region_rec_diffs(2,57)        1.2429137     -3     3    3.8981748e-06
441 region_rec_diffs(2,58)        -0.18562872     -3     3    1.7026136e-07
442 region_rec_diffs(2,59)        -0.18137988     -3     3    5.7173744e-08
443 region_rec_diffs(2,60)        0.87505782     -3     3    1.8017059e-06
444 region_rec_diffs(2,61)        0.0024706858     -3     3    -7.2546318e-07
445 region_rec_diffs(2,62)        0.12839884     -3     3    -5.9721626e-07
446 region_rec_diffs(2,63)        -0.23724052     -3     3    4.1688415e-07
447 region_rec_diffs(2,64)        1.1782244     -3     3    2.7579969e-06
448 region_rec_diffs(2,65)        1.5893141     -3     3    1.794433e-06
449 region_rec_diffs(2,66)        0.092419531     -3     3    -2.9327973e-07
450 region_rec_diffs(2,67)        -0.28925319     -3     3    5.2085201e-07
451 region_rec_diffs(2,68)        0.25779903     -3     3    -1.0658867e-06
452 region_rec_diffs(2,69)        1.2173329     -3     3    2.7122985e-06
453 region_rec_diffs(2,70)        0.05250395     -3     3    5.8826734e-07
454 region_rec_diffs(2,71)        0.42626314     -3     3    2.5949764e-06
455 region_rec_diffs(2,72)        -0.070475874     -3     3    4.1720798e-06
456 region_rec_diffs(2,73)        -1.859541     -3     3    2.0489676e-07
457 region_rec_diffs(2,74)        -0.10595616     -3     3    -8.9824838e-07
458 region_rec_diffs(2,75)        -1.0050063     -3     3    -8.6811335e-07
459 region_rec_diffs(2,76)        -0.25831237     -3     3    1.8042911e-06
460 region_rec_diffs(2,77)        1.0446448     -3     3    1.6238798e-06
461 region_rec_diffs(2,78)        0.18158296     -3     3    -1.5710796e-07
462 region_rec_diffs(2,79)        0.2393581     -3     3    4.9609571e-07
463 region_rec_diffs(2,80)        0.92843673     -3     3    1.3762459e-06
464 region_rec_diffs(2,81)        -0.93121434     -3     3    -1.369127e-07
465 region_rec_diffs(2,82)        -1.00538     -3     3    3.6894355e-07
466 region_rec_diffs(2,83)        -0.87200864     -3     3    2.1872402e-07
467 region_rec_diffs(2,84)        0.67380446     -3     3    -5.3359033e-06
468 region_rec_diffs(2,85)        -0.27642593     -3     3    -1.2447686e-06
469 region_rec_diffs(2,86)        -0.062660481     -3     3    4.6389984e-07
470 region_rec_diffs(2,87)        -0.23661491     -3     3    -1.1734792e-06
471 region_rec_diffs(2,88)        0.72332814     -3     3    1.6234613e-06
472 region_rec_diffs(2,89)        -0.42137021     -3     3    -1.5636317e-06
473 region_rec_diffs(2,90)        -0.056681746     -3     3    -8.072043e-08
474 region_rec_diffs(2,91)        0.054916087     -3     3    -2.345576e-06
475 region_rec_diffs(2,92)        0.32697129     -3     3    -4.1375672e-07
476 region_rec_diffs(2,93)        1.6234591     -3     3    -1.2633773e-07
477 region_rec_diffs(2,94)        -0.83662461     -3     3    1.1049537e-06
478 region_rec_diffs(2,95)        -0.41818907     -3     3    3.8861968e-07
479 region_rec_diffs(2,96)        -0.49042042     -3     3    2.1983815e-08
480 region_rec_diffs(2,97)        0.030273035     -3     3    1.0456872e-07
481 region_rec_diffs(2,98)        0.17554463     -3     3    -1.4058578e-08
482 region_rec_diffs(2,99)        0.05721015     -3     3    4.5603329e-07
483 region_rec_diffs(2,100)        0.67328875     -3     3    7.3377874e-06
484 region_rec_diffs(2,101)        0.020610387     -3     3    -1.2907765e-07
485 region_rec_diffs(2,102)        0.051236413     -3     3    -4.2368291e-07
486 region_rec_diffs(2,103)        0.89047691     -3     3    1.6991458e-06
487 region_rec_diffs(2,104)        -0.18687166     -3     3    5.2353289e-07
488 region_rec_diffs(2,105)        0.035792481     -3     3    -4.895409e-07
489 region_rec_diffs(2,106)        0.015472923     -3     3    -5.0169845e-07
490 region_rec_diffs(2,107)        -0.055477571     -3     3    -6.544528e-09
491 region_rec_diffs(2,108)        0.70847369     -3     3    -2.3184073e-06
492 region_rec_diffs(2,109)        0.15489613     -3     3    -1.9186917e-06
493 region_rec_diffs(2,110)        0.030093492     -3     3    -2.3152952e-07
494 region_rec_diffs(2,111)        -0.22852187     -3     3    -9.3988416e-07
495 region_rec_diffs(2,112)        0.39273385     -3     3    -5.8340062e-06
496 region_rec_diffs(2,113)        1.134421     -3     3    -7.2148281e-07
497 region_rec_diffs(2,114)        0.026668355     -3     3    2.7514853e-07
498 region_rec_diffs(2,115)        0.3166937     -3     3    -1.475305e-07
499 region_rec_diffs(2,116)        0.41805189     -3     3    3.39161e-06
500 region_rec_diffs(2,117)        1.0634139     -3     3    3.226489e-06
501 region_rec_diffs(2,118)        0.20105503     -3     3    -2.2114308e-07
502 region_rec_diffs(2,119)        0.43469376     -3     3    3.838695e-06
503 region_rec_diffs(2,120)        0.032751441     -3     3    -1.560614e-07
504 region_rec_diffs(2,121)        0.3463261     -3     3    1.7332813e-06
505 region_rec_diffs(2,122)        -0.16247682     -3     3    -6.8959801e-07
506 region_rec_diffs(2,123)        -0.20763782     -3     3    5.3598772e-07
507 region_rec_diffs(2,124)        -0.45282859     -3     3    -5.2495667e-07
508 region_rec_diffs(2,125)        1.3242086     -3     3    3.1414092e-07
509 region_rec_diffs(2,126)        0.85582658     -3     3    6.4760393e-08
510 region_rec_diffs(2,127)        -0.31145126     -3     3    4.9702803e-08
511 region_rec_diffs(2,128)        0.78540203     -3     3    2.6666297e-06
512 region_rec_diffs(2,129)        -0.33339707     -3     3    4.8616182e-07
513 region_rec_diffs(2,130)        -0.58386979     -3     3    7.8484467e-07
514 region_rec_diffs(2,131)        -0.012262447     -3     3    -5.1209789e-07
515 region_rec_diffs(2,132)        0.59425211     -3     3    3.2304135e-06
516 region_rec_diffs(2,133)        -0.57241903     -3     3    5.8890819e-07
517 region_rec_diffs(2,134)        -0.32918782     -3     3    1.6685151e-07
518 region_rec_diffs(2,135)        0.32866813     -3     3    2.4665413e-07
519 region_rec_diffs(2,136)        0.93074497     -3     3    -1.7210048e-06
520 region_rec_diffs(2,137)        -0.12519394     -3     3    4.454483e-07
521 region_rec_diffs(2,138)        -1.447103     -3     3    -1.063931e-06
522 region_rec_diffs(2,139)        -0.31114999     -3     3    -3.9574705e-07
523 region_rec_diffs(2,140)        -0.60908802     -3     3    4.2702993e-07
524 region_rec_diffs(2,141)        0.72742319     -3     3    -2.6543255e-07
525 region_rec_diffs(2,142)        0.28061073     -3     3    -3.5762064e-07
526 region_rec_diffs(2,143)        0.13195589     -3     3    9.1154257e-07
527 region_rec_diffs(2,144)        0.54308873     -3     3    -3.0206745e-06
528 region_rec_diffs(2,145)        -1.0841951     -3     3    7.4937082e-07
529 region_rec_diffs(2,146)        -0.84644983     -3     3    4.6834606e-07
530 region_rec_diffs(2,147)        -1.3535061     -3     3    -2.4307321e-06
531 region_rec_diffs(2,148)        0.28307875     -3     3    -4.338381e-06
532 region_rec_diffs(2,149)        -0.14584109     -3     3    3.6589156e-07
533 region_rec_diffs(2,150)        -0.96127384     -3     3    -4.4157023e-07
534 region_rec_diffs(2,151)        -1.4278112     -3     3    -1.5349972e-07
535 region_rec_diffs(2,152)        0.48403029     -3     3    -2.6944924e-06
536 region_rec_diffs(2,153)        1.1354078     -3     3    -1.1737552e-06
537 region_rec_diffs(2,154)        -1.3565116     -3     3    -1.0093759e-06
538 region_rec_diffs(2,155)        -1.5252636     -3     3    -9.2215161e-07
539 region_rec_diffs(2,156)        0.65091904     -3     3    8.1850073e-07
540 region_rec_diffs(2,157)        0.14268563     -3     3    -1.1810494e-06
541 region_rec_diffs(2,158)        -0.96085091     -3     3    1.5491646e-06
542 region_rec_diffs(2,159)        -1.425259     -3     3    1.9011644e-06
543 region_rec_diffs(2,160)        -0.54897759     -3     3    -2.7826357e-06
544 region_rec_diffs(2,161)        0.00050312829     -3     3    -8.477106e-07
545 region_rec_diffs(2,162)        -1.1234703     -3     3    -2.3397264e-06
546 region_rec_diffs(2,163)        -1.3599374     -3     3    -1.0534723e-06
547 region_rec_diffs(2,164)        1.2163044     -3     3    2.7391391e-07
548 region_rec_diffs(2,165)        -0.8924204     -3     3    7.8673678e-07
549 region_rec_diffs(2,166)        -2.1596736     -3     3    -1.4675795e-07
550 region_rec_diffs(2,167)        -1.9431836     -3     3    -8.5668207e-07
551 region_rec_diffs(2,168)        -0.15697919     -3     3    -4.4253229e-06
552 region_rec_diffs(2,169)        0.97529834     -3     3    8.2061037e-07
553 region_rec_diffs(2,170)        -1.7640363     -3     3    -6.7243452e-07
554 region_rec_diffs(2,171)        -2.3458096     -3     3    -1.024438e-06
555 region_rec_diffs(2,172)        1.3371384     -3     3    3.6794176e-08
556 region_rec_diffs(2,173)        -0.70689099     -3     3    -2.614897e-06
557 region_rec_diffs(2,174)        -1.1930673     -3     3    -5.1805828e-08
558 region_rec_diffs(2,175)        -1.7270804     -3     3    2.5795212e-07
559 region_rec_diffs(2,176)        -1.825946     -3     3    3.1814724e-07
560 region_rec_diffs(2,177)        0.84719124     -3     3    -2.1991986e-07
561 region_rec_diffs(2,178)        -1.5073258     -3     3    1.7029251e-06
562 region_rec_diffs(2,179)        -1.6037274     -3     3    -9.9193422e-08
563 region_rec_diffs(2,180)        0.75738896     -3     3    -2.1813558e-06
564 region_rec_diffs(2,181)        0.47721252     -3     3    2.2231732e-06
565 region_rec_diffs(2,182)        -1.4766417     -3     3    1.3483872e-06
566 region_rec_diffs(2,183)        -1.9927954     -3     3    -6.8586456e-07
567 region_rec_diffs(2,184)        -1.0668665     -3     3    -2.1884126e-06
568 region_rec_diffs(2,185)        -0.36698335     -3     3    -6.7858605e-06
569 region_rec_diffs(2,186)        -1.6725152     -3     3    -6.6658066e-07
570 region_rec_diffs(2,187)        -1.4658995     -3     3    -4.3946314e-07
571 region_rec_diffs(2,188)        0.96481431     -3     3    2.9767214e-07
572 region_rec_diffs(2,189)        -0.35606349     -3     3    -1.325248e-06
573 region_rec_diffs(2,190)        -1.6914623     -3     3    -1.53115e-06
574 region_rec_diffs(2,191)        -1.5849968     -3     3    -6.4283711e-07
575 region_rec_diffs(2,192)        0.60812862     -3     3    9.0260965e-08
576 region_rec_diffs(2,193)        1.1901127     -3     3    -1.2834176e-06
577 region_rec_diffs(2,194)        -1.5304119     -3     3    -1.1266806e-06
578 region_rec_diffs(2,195)        -1.1292082     -3     3    -7.9384301e-07
579 region_rec_diffs(2,196)        1.0072906     -3     3    -1.0289193e-06
580 region_rec_diffs(2,197)        -1.3604431     -3     3    1.2028887e-07
581 region_rec_diffs(2,198)        -1.9628406     -3     3    2.3858214e-07
582 region_rec_diffs(2,199)        -2.1891918     -3     3    -6.7193897e-07
583 region_rec_diffs(2,200)        -1.41349     -3     3    -1.2014895e-07
584 region_rec_diffs(2,201)        1.0936279     -3     3    -6.5799939e-06
585 region_rec_diffs(2,202)        -0.26022111     -3     3    -3.7575178e-07
586 region_rec_diffs(2,203)        0.68120619     -3     3    -4.4572813e-06
587 region_rec_diffs(2,204)        -1.4034537     -3     3    -2.6151417e-06
588 region_rec_diffs(2,205)        -1.512395     -3     3    -7.0692362e-07
589 region_rec_diffs(2,206)        -1.9510755     -3     3    2.981005e-07
590 region_rec_diffs(2,207)        -1.6395133     -3     3    2.7300843e-07
591 region_rec_diffs(2,208)        -0.96290259     -3     3    1.3848356e-06
592 region_rec_diffs(2,209)        0.45930284     -3     3    -9.8514092e-06
593 region_rec_diffs(2,210)        -1.117368     -3     3    -1.0410832e-06
594 region_rec_diffs(2,211)        -1.8005132     -3     3    -5.5948608e-07
595 region_rec_diffs(2,212)        -1.6042202     -3     3    -1.5180144e-06
596 region_rec_diffs(2,213)        -0.93825175     -3     3    -8.1094183e-07
597 region_rec_diffs(2,214)        -0.65068069     -3     3    -1.5814039e-08
598 region_rec_diffs(2,215)        -0.43017992     -3     3    -2.7951019e-06
599 region_rec_diffs(2,216)        0.8776515     -3     3    -5.6161123e-06
600 region_rec_diffs(2,217)        -2.1127109     -3     3    3.8987126e-07
601 region_rec_diffs(2,218)        -2.5694534     -3     3    1.4157182e-07
602 region_rec_diffs(2,219)        -1.9514319     -3     3    -5.6024041e-07
603 region_rec_diffs(2,220)        0.23311699     -3     3    -6.7050559e-07
604 region_rec_diffs(2,221)        -0.16902704     -3     3    3.4287823e-08
605 region_rec_diffs(2,222)        -1.1677596     -3     3    1.9067947e-06
606 region_rec_diffs(2,223)        0.14738055     -3     3    3.5194002e-06
607 region_rec_diffs(2,224)        -1.7154474     -3     3    2.482625e-08
608 region_rec_diffs(2,225)        -1.2794154     -3     3    1.9010504e-06
609 region_rec_diffs(2,226)        -2.2430648     -3     3    3.4589209e-07
610 region_rec_diffs(2,227)        -2.054453     -3     3    3.364216e-07
611 region_rec_diffs(2,228)        0.21696137     -3     3    1.593024e-06
612 region_rec_diffs(2,229)        0.48952451     -3     3    3.9793353e-06
613 region_rec_diffs(2,230)        -1.5066325     -3     3    6.6305206e-07
614 region_rec_diffs(2,231)        0.30132711     -3     3    5.0259867e-06
615 region_rec_diffs(2,232)        -0.85454091     -3     3    1.1592693e-07
616 region_rec_diffs(2,233)        -0.64264349     -3     3    -4.0987192e-06
617 region_rec_diffs(2,234)        -1.3631192     -3     3    -3.8445228e-07
618 region_rec_diffs(2,235)        0.18017466     -3     3    6.7312431e-07
619 region_rec_diffs(2,236)        0.40674118     -3     3    4.0628472e-07
620 region_rec_diffs(2,237)        -0.83176167     -3     3    1.1949752e-06
621 region_rec_diffs(2,238)        -0.050751185     -3     3    8.0330194e-06
622 region_rec_diffs(2,239)        -1.9344197     -3     3    1.2103162e-06
623 region_rec_diffs(2,240)        -0.47859094     -3     3    6.8993841e-06
624 region_rec_diffs(2,241)        0.99481052     -3     3    -9.510128e-07
625 region_rec_diffs(2,242)        -1.1497312     -3     3    -5.4452417e-06
626 region_rec_diffs(2,243)        -0.19190917     -3     3    -3.6525227e-06
627 region_rec_diffs(2,244)        0.098636556     -3     3    -7.1690986e-06
628 region_rec_diffs(2,245)        -0.24906638     -3     3    -2.9703132e-06
629 region_rec_diffs(2,246)        -0.90672731     -3     3    3.0069495e-06
630 region_rec_diffs(2,247)        -0.12371903     -3     3    2.8422701e-07
631 region_rec_diffs(2,248)        0.1474661     -3     3    2.0505928e-06
632 region_rec_diffs(2,249)        -0.68255111     -3     3    1.4856724e-06
633 region_rec_diffs(2,250)        -2.4773689     -3     3    1.0175628e-06
634 region_rec_diffs(2,251)        -2.1908444     -3     3    1.205501e-06
635 region_rec_diffs(2,252)        1.0861451     -3     3    -7.4083334e-07
636 region_rec_diffs(2,253)        0.0087923345     -3     3    -2.1056607e-06
637 region_rec_diffs(2,254)        -2.2210925     -3     3    4.0810896e-07
638 region_rec_diffs(2,255)        -2.1273843     -3     3    -7.2812896e-08
639 region_rec_diffs(2,256)        0.4272091     -3     3    -4.8180687e-06
640 region_rec_diffs(2,257)        0.10498685     -3     3    -6.038089e-06
641 region_rec_diffs(2,258)        -1.3504965     -3     3    -1.4060414e-06
642 region_rec_diffs(2,259)        -1.1461505     -3     3    -1.2888846e-06
643 region_rec_diffs(2,260)        1.0496573     -3     3    1.7854964e-06
644 region_rec_diffs(2,261)        -0.9268527     -3     3    -1.7558393e-06
645 region_rec_diffs(2,262)        -1.6809332     -3     3    -1.638814e-06
646 region_rec_diffs(2,263)        -1.4154712     -3     3    -7.9040791e-07
647 region_rec_diffs(2,264)        1.1718264     -3     3    3.9603371e-07
648 region_rec_diffs(2,265)        -0.50180117     -3     3    5.0932198e-07
649 region_rec_diffs(2,266)        -1.920126     -3     3    6.9417121e-07
650 region_rec_diffs(2,267)        -2.5321988     -3     3    1.2257867e-06
651 region_rec_diffs(2,268)        -0.10093006     -3     3    3.6897764e-06
652 region_rec_diffs(2,269)        0.77259976     -3     3    -1.000091e-05
653 region_rec_diffs(2,270)        -1.3796701     -3     3    -2.6987476e-06
654 region_rec_diffs(2,271)        -1.1383641     -3     3    -1.1758407e-06
655 region_rec_diffs(2,272)        0.39339464     -3     3    -1.4844952e-06
656 region_rec_diffs(2,273)        -0.61471837     -3     3    1.7180936e-07
657 region_rec_diffs(2,274)        -0.65322203     -3     3    -1.2577541e-06
658 region_rec_diffs(2,275)        -0.44486451     -3     3    -9.9298579e-09
659 region_rec_diffs(2,276)        0.092001669     -3     3    1.8173445e-07
660 region_rec_diffs(2,277)        0.52088675     -3     3    6.5775106e-06
661 region_rec_diffs(2,278)        -0.65804503     -3     3    5.0007578e-08
662 region_rec_diffs(2,279)        -0.12223989     -3     3    2.1996682e-07
663 region_rec_diffs(3,1)        -1.4264461e-07     -3     3    -9.8360889e-08
664 region_rec_diffs(3,2)        -1.1592854     -3     3    2.6747954e-06
665 region_rec_diffs(3,3)        -1.187855     -3     3    -2.1656912e-07
666 region_rec_diffs(3,4)        -1.2000177     -3     3    1.9214129e-06
667 region_rec_diffs(3,5)        -1.265283     -3     3    -3.7409346e-07
668 region_rec_diffs(3,6)        -0.14334547     -3     3    1.3363749e-07
669 region_rec_diffs(3,7)        -1.5720774     -3     3    -4.0551316e-07
670 region_rec_diffs(3,8)        -0.09272352     -3     3    -6.3581076e-08
671 region_rec_diffs(3,9)        -0.24468194     -3     3    -1.9648435e-08
672 region_rec_diffs(3,10)        -0.10227829     -3     3    5.0619706e-08
673 region_rec_diffs(3,11)        -1.4332182     -3     3    -1.0698347e-06
674 region_rec_diffs(3,12)        -0.010032131     -3     3    -6.8289833e-07
675 region_rec_diffs(3,13)        -0.48922219     -3     3    -1.3725733e-06
676 region_rec_diffs(3,14)        -0.49866977     -3     3    6.1810487e-07
677 region_rec_diffs(3,15)        -0.034004664     -3     3    3.5108873e-07
678 region_rec_diffs(3,16)        -0.031038833     -3     3    3.92832e-07
679 region_rec_diffs(3,17)        -0.93739612     -3     3    5.1790888e-07
680 region_rec_diffs(3,18)        -1.1903216     -3     3    -2.9517245e-08
681 region_rec_diffs(3,19)        -0.080502258     -3     3    3.0577335e-07
682 region_rec_diffs(3,20)        -0.087093755     -3     3    1.2226167e-07
683 region_rec_diffs(3,21)        -0.9961348     -3     3    -1.0920679e-07
684 region_rec_diffs(3,22)        -1.1504087     -3     3    -1.0268751e-06
685 region_rec_diffs(3,23)        -0.44507215     -3     3    2.5639173e-07
686 region_rec_diffs(3,24)        -0.14709858     -3     3    3.7599892e-07
687 region_rec_diffs(3,25)        -1.6166142     -3     3    4.0517271e-07
688 region_rec_diffs(3,26)        -0.21439817     -3     3    4.6412272e-07
689 region_rec_diffs(3,27)        -2.0174523     -3     3    -1.1570852e-06
690 region_rec_diffs(3,28)        -0.17934616     -3     3    5.5691187e-07
691 region_rec_diffs(3,29)        -1.044657     -3     3    4.8077544e-07
692 region_rec_diffs(3,30)        -0.10367609     -3     3    6.82985e-08
693 region_rec_diffs(3,31)        -0.05983762     -3     3    3.7738101e-07
694 region_rec_diffs(3,32)        -0.069977035     -3     3    5.8274496e-07
695 region_rec_diffs(3,33)        -0.82978728     -3     3    5.0461585e-07
696 region_rec_diffs(3,34)        -1.1509408     -3     3    8.7314397e-07
697 region_rec_diffs(3,35)        -0.081750722     -3     3    -3.254674e-07
698 region_rec_diffs(3,36)        -0.90879134     -3     3    -3.7851938e-07
699 region_rec_diffs(3,37)        -0.54593497     -3     3    -5.2394811e-07
700 region_rec_diffs(3,38)        -0.012125901     -3     3    1.363706e-07
701 region_rec_diffs(3,39)        0.0053944003     -3     3    3.5353804e-07
702 region_rec_diffs(3,40)        -0.062569069     -3     3    6.3178204e-07
703 region_rec_diffs(3,41)        -0.71099287     -3     3    7.9390539e-07
704 region_rec_diffs(3,42)        -0.38915238     -3     3    5.4572016e-08
705 region_rec_diffs(3,43)        -0.026965222     -3     3    -1.8853983e-09
706 region_rec_diffs(3,44)        -0.88138578     -3     3    -8.7681784e-07
707 region_rec_diffs(3,45)        -0.98229051     -3     3    -9.6026227e-07
708 region_rec_diffs(3,46)        -0.082749428     -3     3    -3.5869782e-07
709 region_rec_diffs(3,47)        -0.09053526     -3     3    -3.3223771e-07
710 region_rec_diffs(3,48)        -0.63278498     -3     3    -1.8035348e-06
711 region_rec_diffs(3,49)        -1.0842483     -3     3    2.6212266e-07
712 region_rec_diffs(3,50)        -0.034121885     -3     3    -1.3516743e-07
713 region_rec_diffs(3,51)        -1.0164979     -3     3    1.2024123e-07
714 region_rec_diffs(3,52)        -0.11537034     -3     3    -2.849741e-06
715 region_rec_diffs(3,53)        -0.99849343     -3     3    -1.0916081e-06
716 region_rec_diffs(3,54)        0.027296913     -3     3    -2.1781606e-07
717 region_rec_diffs(3,55)        -0.643254     -3     3    -3.4711578e-07
718 region_rec_diffs(3,56)        0.068788739     -3     3    -1.605674e-07
719 region_rec_diffs(3,57)        -0.58260913     -3     3    -1.0933102e-06
720 region_rec_diffs(3,58)        -0.63940155     -3     3    -5.8962279e-07
721 region_rec_diffs(3,59)        -0.37449713     -3     3    3.7393317e-07
722 region_rec_diffs(3,60)        -0.96497268     -3     3    -1.161669e-06
723 region_rec_diffs(3,61)        -0.84420388     -3     3    -1.9069594e-06
724 region_rec_diffs(3,62)        -0.061698368     -3     3    1.1422475e-07
725 region_rec_diffs(3,63)        -0.40861031     -3     3    -6.9078025e-07
726 region_rec_diffs(3,64)        -0.93893903     -3     3    -1.7391426e-06
727 region_rec_diffs(3,65)        -0.76153495     -3     3    -2.0087797e-06
728 region_rec_diffs(3,66)        0.048603861     -3     3    -3.4035493e-08
729 region_rec_diffs(3,67)        -0.52824413     -3     3    3.3790957e-07
730 region_rec_diffs(3,68)        -0.84941303     -3     3    -3.6158369e-07
731 region_rec_diffs(3,69)        -0.4343774     -3     3    3.316675e-07
732 region_rec_diffs(3,70)        0.015939177     -3     3    1.446112e-07
733 region_rec_diffs(3,71)        -0.66739606     -3     3    6.6600293e-07
734 region_rec_diffs(3,72)        -0.53652029     -3     3    4.1048828e-07
735 region_rec_diffs(3,73)        -0.87696929     -3     3    1.0246867e-06
736 region_rec_diffs(3,74)        -0.015159374     -3     3    -2.8775418e-07
737 region_rec_diffs(3,75)        -0.731412     -3     3    -3.358897e-07
738 region_rec_diffs(3,76)        -0.32660379     -3     3    -5.0546682e-07
739 region_rec_diffs(3,77)        -0.61172625     -3     3    -5.0384398e-07
740 region_rec_diffs(3,78)        -0.15486676     -3     3    1.3974104e-07
741 region_rec_diffs(3,79)        -1.3685845     -3     3    -4.7420204e-07
742 region_rec_diffs(3,80)        -0.88427988     -3     3    -2.4390938e-06
743 region_rec_diffs(3,81)        -0.80964836     -3     3    -5.9823104e-08
744 region_rec_diffs(3,82)        -0.4182562     -3     3    4.4384455e-07
745 region_rec_diffs(3,83)        -0.98825669     -3     3    7.4726191e-07
746 region_rec_diffs(3,84)        -0.78052818     -3     3    3.0620525e-07
747 region_rec_diffs(3,85)        -0.49547336     -3     3    1.0296618e-06
748 region_rec_diffs(3,86)        -0.093417451     -3     3    -2.1859717e-07
749 region_rec_diffs(3,87)        -0.8776302     -3     3    -4.8385287e-07
750 region_rec_diffs(3,88)        -0.039686374     -3     3    5.5133431e-07
751 region_rec_diffs(3,89)        -0.56915004     -3     3    -9.4374115e-07
752 region_rec_diffs(3,90)        0.17698656     -3     3    -4.560057e-07
753 region_rec_diffs(3,91)        -0.56976447     -3     3    3.0678002e-07
754 region_rec_diffs(3,92)        -0.5615114     -3     3    1.7270265e-06
755 region_rec_diffs(3,93)        -1.5476914     -3     3    9.2452376e-07
756 region_rec_diffs(3,94)        -0.26491667     -3     3    -1.8227376e-06
757 region_rec_diffs(3,95)        0.0011448392     -3     3    1.459941e-06
758 region_rec_diffs(3,96)        -0.4027594     -3     3    -1.2622918e-06
759 region_rec_diffs(3,97)        -0.51482569     -3     3    -8.7390078e-07
760 region_rec_diffs(3,98)        -0.648004     -3     3    5.9306575e-07
761 region_rec_diffs(3,99)        0.65395564     -3     3    -1.7388129e-06
762 region_rec_diffs(3,100)        -1.0305057     -3     3    -1.532827e-06
763 region_rec_diffs(3,101)        -0.037427205     -3     3    -3.1459791e-07
764 region_rec_diffs(3,102)        -0.016886071     -3     3    -5.9199556e-08
765 region_rec_diffs(3,103)        -0.55365192     -3     3    -1.8410226e-06
766 region_rec_diffs(3,104)        -0.20475861     -3     3    -3.010234e-06
767 region_rec_diffs(3,105)        -0.014885158     -3     3    2.0091173e-08
768 region_rec_diffs(3,106)        -0.013265121     -3     3    -1.2492776e-07
769 region_rec_diffs(3,107)        -0.1532919     -3     3    -4.1777767e-07
770 region_rec_diffs(3,108)        -0.97079092     -3     3    -2.0051751e-07
771 region_rec_diffs(3,109)        -0.65998156     -3     3    -2.3597466e-07
772 region_rec_diffs(3,110)        -0.064688086     -3     3    9.7797942e-08
773 region_rec_diffs(3,111)        -0.36660203     -3     3    -1.0532565e-06
774 region_rec_diffs(3,112)        0.30945209     -3     3    -7.7255424e-07
775 region_rec_diffs(3,113)        0.10435668     -3     3    1.0114263e-06
776 region_rec_diffs(3,114)        -0.025034344     -3     3    3.0931321e-08
777 region_rec_diffs(3,115)        -0.23243399     -3     3    5.8685049e-07
778 region_rec_diffs(3,116)        -0.79188632     -3     3    2.092187e-07
779 region_rec_diffs(3,117)        -0.8670647     -3     3    3.2459389e-07
780 region_rec_diffs(3,118)        -0.014433659     -3     3    1.6687786e-08
781 region_rec_diffs(3,119)        -0.79769064     -3     3    -2.1868835e-07
782 region_rec_diffs(3,120)        0.65226179     -3     3    -1.9799489e-06
783 region_rec_diffs(3,121)        -0.74172103     -3     3    3.0924223e-07
784 region_rec_diffs(3,122)        -0.33095499     -3     3    1.2825649e-06
785 region_rec_diffs(3,123)        -0.4259485     -3     3    3.1016785e-07
786 region_rec_diffs(3,124)        0.59423698     -3     3    2.0113372e-06
787 region_rec_diffs(3,125)        -0.76677996     -3     3    -1.7691826e-08
788 region_rec_diffs(3,126)        -0.8613739     -3     3    -1.6915792e-08
789 region_rec_diffs(3,127)        -0.4636489     -3     3    7.2463816e-08
790 region_rec_diffs(3,128)        -1.083625     -3     3    5.7645028e-07
791 region_rec_diffs(3,129)        -0.92009726     -3     3    -2.1260254e-07
792 region_rec_diffs(3,130)        -0.66006571     -3     3    1.8210775e-07
793 region_rec_diffs(3,131)        -0.093028925     -3     3    -3.3411462e-07
794 region_rec_diffs(3,132)        1.307942     -3     3    6.5356668e-06
795 region_rec_diffs(3,133)        -0.84528183     -3     3    1.4255264e-06
796 region_rec_diffs(3,134)        -0.50640884     -3     3    2.6162807e-07
797 region_rec_diffs(3,135)        -0.18151188     -3     3    5.773753e-07
798 region_rec_diffs(3,136)        -0.79640009     -3     3    3.4928129e-07
799 region_rec_diffs(3,137)        -0.027255766     -3     3    1.6712221e-07
800 region_rec_diffs(3,138)        -0.90653649     -3     3    3.9396077e-07
801 region_rec_diffs(3,139)        -0.11649675     -3     3    8.8831824e-08
802 region_rec_diffs(3,140)        -1.0781402     -3     3    -5.8460074e-07
803 region_rec_diffs(3,141)        -0.90355445     -3     3    1.3150774e-07
804 region_rec_diffs(3,142)        0.0023435059     -3     3    -2.4244981e-08
805 region_rec_diffs(3,143)        1.737427     -3     3    -4.9514723e-07
806 region_rec_diffs(3,144)        -0.59231574     -3     3    -1.7003582e-06
807 region_rec_diffs(3,145)        -0.72432989     -3     3    -2.0917644e-06
808 region_rec_diffs(3,146)        -0.44629569     -3     3    -3.4040822e-07
809 region_rec_diffs(3,147)        -0.97049491     -3     3    1.0463967e-06
810 region_rec_diffs(3,148)        -1.6091277     -3     3    1.5658942e-06
811 region_rec_diffs(3,149)        -0.42069816     -3     3    4.4844734e-07
812 region_rec_diffs(3,150)        1.3066517     -3     3    -1.8800586e-06
813 region_rec_diffs(3,151)        -1.1251876     -3     3    9.2570481e-07
814 region_rec_diffs(3,152)        -1.1779417     -3     3    -1.5758549e-06
815 region_rec_diffs(3,153)        -0.50116431     -3     3    5.2777126e-07
816 region_rec_diffs(3,154)        -0.45505601     -3     3    -3.3488577e-07
817 region_rec_diffs(3,155)        -0.4349466     -3     3    -7.8641146e-07
818 region_rec_diffs(3,156)        1.2004621     -3     3    8.5883353e-07
819 region_rec_diffs(3,157)        -0.47059475     -3     3    5.1655113e-07
820 region_rec_diffs(3,158)        0.55985321     -3     3    -6.6476859e-07
821 region_rec_diffs(3,159)        2.1133031     -3     3    6.303394e-07
822 region_rec_diffs(3,160)        0.010742639     -3     3    1.8040248e-06
823 region_rec_diffs(3,161)        -0.44060124     -3     3    -1.4282903e-06
824 region_rec_diffs(3,162)        -0.98703284     -3     3    -1.1377171e-06
825 region_rec_diffs(3,163)        -1.2821299     -3     3    4.5416866e-09
826 region_rec_diffs(3,164)        1.1236348     -3     3    -1.5051139e-06
827 region_rec_diffs(3,165)        0.30569631     -3     3    -4.7221285e-07
828 region_rec_diffs(3,166)        1.5156036     -3     3    1.9636967e-06
829 region_rec_diffs(3,167)        0.99898127     -3     3    -9.0885967e-07
830 region_rec_diffs(3,168)        -0.97823354     -3     3    2.2446062e-08
831 region_rec_diffs(3,169)        -0.35609553     -3     3    3.8176294e-07
832 region_rec_diffs(3,170)        -0.6534945     -3     3    1.4520528e-07
833 region_rec_diffs(3,171)        -1.5044104     -3     3    -7.6575373e-07
834 region_rec_diffs(3,172)        -1.6833071     -3     3    8.4736051e-07
835 region_rec_diffs(3,173)        -1.5778746     -3     3    -1.1034776e-06
836 region_rec_diffs(3,174)        -1.0012667     -3     3    -6.2131352e-07
837 region_rec_diffs(3,175)        1.5890664     -3     3    7.5790886e-07
838 region_rec_diffs(3,176)        0.29018812     -3     3    -6.2247642e-07
839 region_rec_diffs(3,177)        -0.62082168     -3     3    9.5786528e-07
840 region_rec_diffs(3,178)        1.9084014     -3     3    -3.3865402e-07
841 region_rec_diffs(3,179)        -0.75480043     -3     3    1.5676541e-07
842 region_rec_diffs(3,180)        -1.7241933     -3     3    -9.2882095e-07
843 region_rec_diffs(3,181)        -1.1942622     -3     3    -4.039872e-07
844 region_rec_diffs(3,182)        -0.33879951     -3     3    1.4297248e-06
845 region_rec_diffs(3,183)        0.061082889     -3     3    -8.3718676e-07
846 region_rec_diffs(3,184)        0.13983838     -3     3    6.9471535e-08
847 region_rec_diffs(3,185)        1.2666817     -3     3    1.3063991e-06
848 region_rec_diffs(3,186)        0.1201102     -3     3    3.9581596e-07
849 region_rec_diffs(3,187)        -0.62492908     -3     3    -4.5095141e-07
850 region_rec_diffs(3,188)        -0.96628763     -3     3    3.1698924e-07
851 region_rec_diffs(3,189)        -0.085825909     -3     3    2.3547614e-06
852 region_rec_diffs(3,190)        -0.053057342     -3     3    6.1774394e-07
853 region_rec_diffs(3,191)        1.9262113     -3     3    5.4720074e-07
854 region_rec_diffs(3,192)        1.6107302     -3     3    1.1697331e-06
855 region_rec_diffs(3,193)        -1.144052     -3     3    6.7988163e-07
856 region_rec_diffs(3,194)        -1.0691444     -3     3    7.8993906e-07
857 region_rec_diffs(3,195)        0.98020091     -3     3    7.0331202e-07
858 region_rec_diffs(3,196)        -0.047660817     -3     3    2.8005157e-06
859 region_rec_diffs(3,197)        -0.45053739     -3     3    9.8254099e-07
860 region_rec_diffs(3,198)        -0.66000472     -3     3    2.3273289e-07
861 region_rec_diffs(3,199)        0.95285788     -3     3    -3.0005436e-06
862 region_rec_diffs(3,200)        -1.3363435     -3     3    -1.899579e-08
863 region_rec_diffs(3,201)        -0.34951133     -3     3    -4.7655748e-07
864 region_rec_diffs(3,202)        0.90689993     -3     3    -2.285983e-06
865 region_rec_diffs(3,203)        0.3484623     -3     3    1.5644612e-06
866 region_rec_diffs(3,204)        -0.24490392     -3     3    -4.1567436e-06
867 region_rec_diffs(3,205)        -0.55993381     -3     3    6.4668907e-07
868 region_rec_diffs(3,206)        -1.1060594     -3     3    -1.7264112e-07
869 region_rec_diffs(3,207)        -1.1180169     -3     3    2.4259266e-07
870 region_rec_diffs(3,208)        -1.2814331     -3     3    3.6256896e-07
871 region_rec_diffs(3,209)        1.2736622     -3     3    -5.959405e-06
872 region_rec_diffs(3,210)        0.68634119     -3     3    -7.1014225e-07
873 region_rec_diffs(3,211)        0.65989774     -3     3    -4.7100547e-06
874 region_rec_diffs(3,212)        -0.042965391     -3     3    -2.6625319e-06
875 region_rec_diffs(3,213)        -0.33262146     -3     3    3.1935312e-07
876 region_rec_diffs(3,214)        1.0207625     -3     3    -2.5129023e-06
877 region_rec_diffs(3,215)        0.074210262     -3     3    -4.384872e-06
878 region_rec_diffs(3,216)        -0.78057433     -3     3    -1.7959664e-06
879 region_rec_diffs(3,217)        -1.2666673     -3     3    1.205994e-06
880 region_rec_diffs(3,218)        -1.1092924     -3     3    3.9915254e-07
881 region_rec_diffs(3,219)        1.5309544     -3     3    -5.2109926e-07
882 region_rec_diffs(3,220)        0.52003489     -3     3    1.2354952e-06
883 region_rec_diffs(3,221)        1.0433485     -3     3    1.6388349e-07
884 region_rec_diffs(3,222)        0.98056872     -3     3    -2.580972e-06
885 region_rec_diffs(3,223)        0.3753853     -3     3    5.4687968e-06
886 region_rec_diffs(3,224)        -0.54999794     -3     3    2.7710233e-06
887 region_rec_diffs(3,225)        -1.032625     -3     3    2.5097322e-07
888 region_rec_diffs(3,226)        -0.86281472     -3     3    -1.2812532e-07
889 region_rec_diffs(3,227)        -0.31608071     -3     3    9.2488791e-07
890 region_rec_diffs(3,228)        0.60303032     -3     3    2.0529565e-06
891 region_rec_diffs(3,229)        0.21071731     -3     3    2.769116e-06
892 region_rec_diffs(3,230)        1.3483231     -3     3    2.8323513e-06
893 region_rec_diffs(3,231)        1.0743356     -3     3    -4.679147e-06
894 region_rec_diffs(3,232)        0.51804003     -3     3    -5.6604322e-07
895 region_rec_diffs(3,233)        2.074212     -3     3    4.9775057e-07
896 region_rec_diffs(3,234)        1.5506926     -3     3    1.9115757e-06
897 region_rec_diffs(3,235)        1.4956329     -3     3    -1.8163746e-06
898 region_rec_diffs(3,236)        -0.31733051     -3     3    -8.1280555e-07
899 region_rec_diffs(3,237)        1.424904     -3     3    1.9527907e-06
900 region_rec_diffs(3,238)        0.46612536     -3     3    1.4071873e-06
901 region_rec_diffs(3,239)        1.524927     -3     3    1.2869454e-06
902 region_rec_diffs(3,240)        1.0464473     -3     3    -4.7955691e-06
903 region_rec_diffs(3,241)        1.0888142     -3     3    -4.7933294e-08
904 region_rec_diffs(3,242)        1.2797001     -3     3    -5.9972285e-07
905 region_rec_diffs(3,243)        1.4184893     -3     3    -2.6744321e-06
906 region_rec_diffs(3,244)        -0.22785332     -3     3    1.7612013e-06
907 region_rec_diffs(3,245)        0.84522932     -3     3    -1.3923095e-06
908 region_rec_diffs(3,246)        1.3070658     -3     3    -1.7279169e-06
909 region_rec_diffs(3,247)        0.87098932     -3     3    -1.9578385e-06
910 region_rec_diffs(3,248)        0.51857217     -3     3    2.7432011e-06
911 region_rec_diffs(3,249)        0.47164675     -3     3    -3.0061766e-06
912 region_rec_diffs(3,250)        1.263865     -3     3    6.0306445e-07
913 region_rec_diffs(3,251)        1.2447358     -3     3    1.9186988e-06
914 region_rec_diffs(3,252)        1.0137506     -3     3    3.8934533e-07
915 region_rec_diffs(3,253)        -0.90057955     -3     3    -1.5050954e-06
916 region_rec_diffs(3,254)        -1.4906518     -3     3    -8.0011785e-07
917 region_rec_diffs(3,255)        0.2273022     -3     3    2.6703786e-06
918 region_rec_diffs(3,256)        0.39810845     -3     3    3.7159595e-06
919 region_rec_diffs(3,257)        -0.19513776     -3     3    -6.5712338e-07
920 region_rec_diffs(3,258)        -1.2341857     -3     3    -1.7631387e-07
921 region_rec_diffs(3,259)        -0.48580117     -3     3    -1.8569906e-06
922 region_rec_diffs(3,260)        -0.10216865     -3     3    1.2808306e-06
923 region_rec_diffs(3,261)        0.22938499     -3     3    3.8789721e-06
924 region_rec_diffs(3,262)        0.12686284     -3     3    -3.7759628e-06
925 region_rec_diffs(3,263)        1.2286771     -3     3    5.2896782e-07
926 region_rec_diffs(3,264)        0.20816684     -3     3    -2.5417834e-06
927 region_rec_diffs(3,265)        -0.62148516     -3     3    6.6881508e-08
928 region_rec_diffs(3,266)        0.3473415     -3     3    -6.0326915e-07
929 region_rec_diffs(3,267)        0.80253648     -3     3    -9.7582116e-07
930 region_rec_diffs(3,268)        1.8560581     -3     3    7.9424069e-07
931 region_rec_diffs(3,269)        1.5239024     -3     3    1.04697e-05
932 region_rec_diffs(3,270)        1.1939838     -3     3    2.0619403e-06
933 region_rec_diffs(3,271)        0.60776453     -3     3    -2.1814144e-06
934 region_rec_diffs(3,272)        -1.1921053     -3     3    2.1272295e-06
935 region_rec_diffs(3,273)        -0.59067729     -3     3    2.4970775e-06
936 region_rec_diffs(3,274)        -0.37181025     -3     3    9.8075143e-07
937 region_rec_diffs(3,275)        -0.31871864     -3     3    5.2201461e-07
938 region_rec_diffs(3,276)        1.5666279     -3     3    -2.7293921e-06
939 region_rec_diffs(3,277)        -0.86959731     -3     3    8.3797355e-07
940 region_rec_diffs(3,278)        1.6345234     -3     3    -1.3474977e-06
941 region_rec_diffs(3,279)        -0.047480083     -3     3    6.352227e-08
942 region_rec_diffs(4,1)        -1.2610226e-07     -3     3    -1.4047875e-07
943 region_rec_diffs(4,2)        -0.4388256     -3     3    6.9676921e-06
944 region_rec_diffs(4,3)        -0.43437844     -3     3    1.3265537e-06
945 region_rec_diffs(4,4)        -0.60268096     -3     3    8.3627662e-06
946 region_rec_diffs(4,5)        -0.63813929     -3     3    -1.0777462e-06
947 region_rec_diffs(4,6)        -0.23144517     -3     3    4.7776555e-07
948 region_rec_diffs(4,7)        -1.9109138     -3     3    5.4653004e-07
949 region_rec_diffs(4,8)        -0.10087712     -3     3    -2.3263345e-07
950 region_rec_diffs(4,9)        0.010486984     -3     3    5.4434223e-08
951 region_rec_diffs(4,10)        0.18974124     -3     3    -3.226456e-07
952 region_rec_diffs(4,11)        -0.56091447     -3     3    5.487354e-07
953 region_rec_diffs(4,12)        -0.00030815883     -3     3    -7.1908352e-07
954 region_rec_diffs(4,13)        -1.3690105     -3     3    -8.8888099e-07
955 region_rec_diffs(4,14)        -1.2205703     -3     3    -6.6600869e-08
956 region_rec_diffs(4,15)        -0.1282336     -3     3    -3.6444705e-08
957 region_rec_diffs(4,16)        -0.032676858     -3     3    5.1701842e-07
958 region_rec_diffs(4,17)        -1.1336159     -3     3    -8.3917761e-08
959 region_rec_diffs(4,18)        -1.2240353     -3     3    -8.2547944e-07
960 region_rec_diffs(4,19)        0.015054007     -3     3    2.6426445e-07
961 region_rec_diffs(4,20)        0.081432707     -3     3    -1.0584295e-06
962 region_rec_diffs(4,21)        -0.29675606     -3     3    -1.1990567e-06
963 region_rec_diffs(4,22)        -0.78076534     -3     3    -1.9239167e-06
964 region_rec_diffs(4,23)        -0.062258916     -3     3    1.1563595e-07
965 region_rec_diffs(4,24)        0.07248291     -3     3    -1.9963058e-07
966 region_rec_diffs(4,25)        -0.51411811     -3     3    -7.0405886e-07
967 region_rec_diffs(4,26)        0.15772434     -3     3    1.3651111e-07
968 region_rec_diffs(4,27)        -0.0074098835     -3     3    3.5635842e-06
969 region_rec_diffs(4,28)        -0.030391861     -3     3    3.7659293e-07
970 region_rec_diffs(4,29)        -0.88194651     -3     3    7.0998937e-07
971 region_rec_diffs(4,30)        -0.094333027     -3     3    4.2745583e-08
972 region_rec_diffs(4,31)        0.026460123     -3     3    8.5607969e-08
973 region_rec_diffs(4,32)        0.18238789     -3     3    2.625178e-07
974 region_rec_diffs(4,33)        0.65363638     -3     3    -1.6825853e-06
975 region_rec_diffs(4,34)        -0.76067694     -3     3    9.1563922e-07
976 region_rec_diffs(4,35)        0.018399713     -3     3    4.3702291e-07
977 region_rec_diffs(4,36)        -0.40985508     -3     3    1.4195983e-06
978 region_rec_diffs(4,37)        0.13759494     -3     3    2.4627123e-06
979 region_rec_diffs(4,38)        0.27408049     -3     3    -5.0164611e-08
980 region_rec_diffs(4,39)        0.10732453     -3     3    5.0387452e-07
981 region_rec_diffs(4,40)        0.60428788     -3     3    -9.9634831e-07
982 region_rec_diffs(4,41)        -0.28593777     -3     3    -2.0001896e-06
983 region_rec_diffs(4,42)        -0.29451576     -3     3    3.9757698e-07
984 region_rec_diffs(4,43)        0.03573589     -3     3    4.0035533e-07
985 region_rec_diffs(4,44)        0.5484739     -3     3    2.0499585e-06
986 region_rec_diffs(4,45)        -0.20857613     -3     3    3.2255546e-08
987 region_rec_diffs(4,46)        0.09173908     -3     3    -2.3799357e-07
988 region_rec_diffs(4,47)        0.14731345     -3     3    4.0777408e-07
989 region_rec_diffs(4,48)        0.66907401     -3     3    2.9896703e-06
990 region_rec_diffs(4,49)        -0.89386231     -3     3    2.3740454e-06
991 region_rec_diffs(4,50)        0.066173824     -3     3    -9.2002814e-08
992 region_rec_diffs(4,51)        -0.26652757     -3     3    -8.168398e-07
993 region_rec_diffs(4,52)        0.43806724     -3     3    3.3592461e-07
994 region_rec_diffs(4,53)        -0.7479411     -3     3    -5.4702944e-06
995 region_rec_diffs(4,54)        0.041847029     -3     3    -6.7981014e-08
996 region_rec_diffs(4,55)        -0.68861576     -3     3    -1.0265178e-06
997 region_rec_diffs(4,56)        0.26770667     -3     3    -7.0821269e-07
998 region_rec_diffs(4,57)        0.34443788     -3     3    -2.4661279e-06
999 region_rec_diffs(4,58)        -0.5962004     -3     3    -4.3712556e-07
1000 region_rec_diffs(4,59)        -0.246714     -3     3    4.1477995e-07
1001 region_rec_diffs(4,60)        0.09380326     -3     3    -1.2813817e-06
1002 region_rec_diffs(4,61)        -0.66511284     -3     3    -1.2719894e-06
1003 region_rec_diffs(4,62)        0.076045174     -3     3    1.1765111e-07
1004 region_rec_diffs(4,63)        -0.26783456     -3     3    2.1421689e-07
1005 region_rec_diffs(4,64)        0.19911749     -3     3    -1.7114785e-06
1006 region_rec_diffs(4,65)        0.48282454     -3     3    -1.9018102e-06
1007 region_rec_diffs(4,66)        0.14056467     -3     3    3.4518475e-07
1008 region_rec_diffs(4,67)        -0.20891523     -3     3    1.4679286e-06
1009 region_rec_diffs(4,68)        0.90314787     -3     3    4.3061372e-07
1010 region_rec_diffs(4,69)        -0.36245887     -3     3    5.5693074e-08
1011 region_rec_diffs(4,70)        -0.0080750317     -3     3    -4.4713636e-08
1012 region_rec_diffs(4,71)        -0.6245782     -3     3    1.1231133e-06
1013 region_rec_diffs(4,72)        0.44146582     -3     3    2.9197002e-06
1014 region_rec_diffs(4,73)        -1.0404892     -3     3    1.1292226e-06
1015 region_rec_diffs(4,74)        -0.025629253     -3     3    -3.388747e-07
1016 region_rec_diffs(4,75)        -0.9666413     -3     3    -5.5111993e-07
1017 region_rec_diffs(4,76)        -0.41243949     -3     3    -3.8412362e-07
1018 region_rec_diffs(4,77)        0.036899895     -3     3    -5.4028812e-07
1019 region_rec_diffs(4,78)        0.21801271     -3     3    -7.215719e-07
1020 region_rec_diffs(4,79)        -0.14606841     -3     3    -1.7713673e-06
1021 region_rec_diffs(4,80)        -0.47242587     -3     3    -1.0898457e-06
1022 region_rec_diffs(4,81)        -0.8794947     -3     3    -5.9918136e-07
1023 region_rec_diffs(4,82)        -0.78220122     -3     3    -3.5973851e-08
1024 region_rec_diffs(4,83)        -0.64803343     -3     3    1.1630241e-06
1025 region_rec_diffs(4,84)        0.15264872     -3     3    2.3386252e-06
1026 region_rec_diffs(4,85)        -0.37196459     -3     3    1.0270758e-07
1027 region_rec_diffs(4,86)        -0.016504222     -3     3    1.5247538e-07
1028 region_rec_diffs(4,87)        -0.36393832     -3     3    9.4918004e-07
1029 region_rec_diffs(4,88)        -0.85267815     -3     3    1.2448986e-06
1030 region_rec_diffs(4,89)        -0.82076214     -3     3    3.0971347e-07
1031 region_rec_diffs(4,90)        -0.16769863     -3     3    -7.558917e-07
1032 region_rec_diffs(4,91)        -0.48851098     -3     3    -7.4454614e-07
1033 region_rec_diffs(4,92)        0.17843299     -3     3    -5.0803836e-07
1034 region_rec_diffs(4,93)        0.41555403     -3     3    4.513803e-07
1035 region_rec_diffs(4,94)        -1.022557     -3     3    1.717584e-06
1036 region_rec_diffs(4,95)        -0.0076888574     -3     3    -7.6049224e-07
1037 region_rec_diffs(4,96)        0.32350973     -3     3    -5.9218575e-07
1038 region_rec_diffs(4,97)        -0.234388     -3     3    3.4716856e-07
1039 region_rec_diffs(4,98)        -0.40617932     -3     3    -1.4618887e-06
1040 region_rec_diffs(4,99)        -0.4087121     -3     3    -1.6064643e-06
1041 region_rec_diffs(4,100)        -1.3258542     -3     3    -2.8811868e-06
1042 region_rec_diffs(4,101)        -0.070805233     -3     3    -9.2208476e-07
1043 region_rec_diffs(4,102)        -0.0061304158     -3     3    -4.8828465e-07
1044 region_rec_diffs(4,103)        -0.44469411     -3     3    -3.0380884e-06
1045 region_rec_diffs(4,104)        -0.79424709     -3     3    -3.9281055e-06
1046 region_rec_diffs(4,105)        -0.012357658     -3     3    -3.7731521e-07
1047 region_rec_diffs(4,106)        -0.0055223187     -3     3    -2.990376e-07
1048 region_rec_diffs(4,107)        -0.16089468     -3     3    -5.3893879e-09
1049 region_rec_diffs(4,108)        -0.92304909     -3     3    -1.9181347e-06
1050 region_rec_diffs(4,109)        -0.35790196     -3     3    -8.7561379e-07
1051 region_rec_diffs(4,110)        0.0047569508     -3     3    -3.2780549e-08
1052 region_rec_diffs(4,111)        -0.30842077     -3     3    -2.43786e-08
1053 region_rec_diffs(4,112)        0.19064159     -3     3    6.2813168e-06
1054 region_rec_diffs(4,113)        -0.18553262     -3     3    4.2288395e-06
1055 region_rec_diffs(4,114)        -0.029567793     -3     3    3.2604947e-07
1056 region_rec_diffs(4,115)        -0.04748829     -3     3    9.5003273e-07
1057 region_rec_diffs(4,116)        0.95041961     -3     3    1.2912826e-06
1058 region_rec_diffs(4,117)        -0.45255608     -3     3    -9.2333233e-07
1059 region_rec_diffs(4,118)        0.051020816     -3     3    3.5688771e-07
1060 region_rec_diffs(4,119)        -1.083519     -3     3    9.6152038e-07
1061 region_rec_diffs(4,120)        0.11717018     -3     3    4.9990285e-07
1062 region_rec_diffs(4,121)        0.42955694     -3     3    -1.2973601e-06
1063 region_rec_diffs(4,122)        -0.16116168     -3     3    -7.1342611e-07
1064 region_rec_diffs(4,123)        0.19500482     -3     3    1.6231316e-06
1065 region_rec_diffs(4,124)        0.57749892     -3     3    1.999125e-07
1066 region_rec_diffs(4,125)        -0.75082497     -3     3    -4.6601042e-07
1067 region_rec_diffs(4,126)        -0.81023645     -3     3    3.5891779e-07
1068 region_rec_diffs(4,127)        -0.5789055     -3     3    -3.3242862e-07
1069 region_rec_diffs(4,128)        -1.5117181     -3     3    1.0118624e-06
1070 region_rec_diffs(4,129)        -1.3151206     -3     3    1.1649961e-06
1071 region_rec_diffs(4,130)        -1.038895     -3     3    5.7969454e-07
1072 region_rec_diffs(4,131)        -0.43194952     -3     3    3.85652e-07
1073 region_rec_diffs(4,132)        -0.66097707     -3     3    2.3331276e-06
1074 region_rec_diffs(4,133)        -1.0280932     -3     3    2.0613156e-06
1075 region_rec_diffs(4,134)        -0.80524118     -3     3    5.2676887e-07
1076 region_rec_diffs(4,135)        -0.056163216     -3     3    7.5678539e-07
1077 region_rec_diffs(4,136)        -0.69500677     -3     3    -6.7793718e-07
1078 region_rec_diffs(4,137)        -0.14049089     -3     3    4.1196654e-07
1079 region_rec_diffs(4,138)        -1.4486884     -3     3    -5.1552167e-07
1080 region_rec_diffs(4,139)        -0.42812688     -3     3    -5.991442e-08
1081 region_rec_diffs(4,140)        -1.7380643     -3     3    -9.5779079e-07
1082 region_rec_diffs(4,141)        -1.2065066     -3     3    5.6565924e-08
1083 region_rec_diffs(4,142)        -0.14516732     -3     3    -7.9151389e-09
1084 region_rec_diffs(4,143)        -0.73873771     -3     3    7.2652454e-08
1085 region_rec_diffs(4,144)        -1.2357113     -3     3    -2.0982502e-06
1086 region_rec_diffs(4,145)        -0.60727077     -3     3    -1.1015674e-06
1087 region_rec_diffs(4,146)        -0.30325672     -3     3    -3.3144743e-07
1088 region_rec_diffs(4,147)        0.24298131     -3     3    2.9819666e-06
1089 region_rec_diffs(4,148)        -1.2083359     -3     3    1.3055008e-06
1090 region_rec_diffs(4,149)        1.2558651     -3     3    -4.8634962e-07
1091 region_rec_diffs(4,150)        -1.2224226     -3     3    3.9084525e-07
1092 region_rec_diffs(4,151)        0.21988053     -3     3    -1.6180662e-06
1093 region_rec_diffs(4,152)        -1.2924917     -3     3    -9.5552479e-07
1094 region_rec_diffs(4,153)        -0.19274656     -3     3    -1.8585338e-06
1095 region_rec_diffs(4,154)        -0.15597703     -3     3    -1.5004693e-06
1096 region_rec_diffs(4,155)        -0.98416589     -3     3    5.6065605e-07
1097 region_rec_diffs(4,156)        0.56051645     -3     3    -2.0246581e-08
1098 region_rec_diffs(4,157)        0.26878751     -3     3    -5.7716744e-07
1099 region_rec_diffs(4,158)        0.80614814     -3     3    5.0870768e-06
1100 region_rec_diffs(4,159)        -1.4734053     -3     3    -6.1644948e-08
1101 region_rec_diffs(4,160)        -2.4929457     -3     3    2.4078666e-06
1102 region_rec_diffs(4,161)        1.3162793     -3     3    -6.2120208e-08
1103 region_rec_diffs(4,162)        -1.5211588     -3     3    -1.0783849e-07
1104 region_rec_diffs(4,163)        -2.9999997     -3     3    -1.0247444e-06   *************
1105 region_rec_diffs(4,164)        -2.4732266     -3     3    -1.0233013e-07
1106 region_rec_diffs(4,165)        -0.12315334     -3     3    3.2475567e-06
1107 region_rec_diffs(4,166)        -1.4000703     -3     3    8.8721129e-07
1108 region_rec_diffs(4,167)        -0.81013645     -3     3    -1.2032083e-06
1109 region_rec_diffs(4,168)        -0.43712986     -3     3    2.4195344e-06
1110 region_rec_diffs(4,169)        -0.36002938     -3     3    9.3798687e-07
1111 region_rec_diffs(4,170)        0.45928328     -3     3    2.3989376e-06
1112 region_rec_diffs(4,171)        -0.52717293     -3     3    -1.149209e-06
1113 region_rec_diffs(4,172)        0.0086812175     -3     3    -2.4769876e-06
1114 region_rec_diffs(4,173)        0.81922336     -3     3    -8.0256299e-07
1115 region_rec_diffs(4,174)        -1.5849274     -3     3    -8.0190643e-08
1116 region_rec_diffs(4,175)        -1.157104     -3     3    2.9961963e-06
1117 region_rec_diffs(4,176)        0.20420467     -3     3    6.6066608e-07
1118 region_rec_diffs(4,177)        0.052585754     -3     3    3.1400502e-06
1119 region_rec_diffs(4,178)        -0.74913807     -3     3    7.6156069e-07
1120 region_rec_diffs(4,179)        0.18722002     -3     3    3.0450341e-06
1121 region_rec_diffs(4,180)        -2.6408027     -3     3    -1.1084233e-06
1122 region_rec_diffs(4,181)        0.07271581     -3     3    5.7469731e-07
1123 region_rec_diffs(4,182)        -0.12602605     -3     3    2.3861319e-06
1124 region_rec_diffs(4,183)        1.0144734     -3     3    2.581887e-06
1125 region_rec_diffs(4,184)        1.2144842     -3     3    1.5004281e-06
1126 region_rec_diffs(4,185)        0.15286107     -3     3    3.8164993e-07
1127 region_rec_diffs(4,186)        -0.30939901     -3     3    3.4582483e-06
1128 region_rec_diffs(4,187)        -0.75493566     -3     3    -1.1714227e-06
1129 region_rec_diffs(4,188)        -1.2324856     -3     3    -7.1960608e-07
1130 region_rec_diffs(4,189)        -0.97172798     -3     3    4.0545692e-07
1131 region_rec_diffs(4,190)        -0.43122831     -3     3    -2.1540369e-06
1132 region_rec_diffs(4,191)        -0.55813638     -3     3    -1.617674e-06
1133 region_rec_diffs(4,192)        -1.4066925     -3     3    -2.2119751e-06
1134 region_rec_diffs(4,193)        0.011869902     -3     3    -1.9652774e-07
1135 region_rec_diffs(4,194)        0.049921193     -3     3    -8.7194436e-07
1136 region_rec_diffs(4,195)        0.70827963     -3     3    -4.2519557e-06
1137 region_rec_diffs(4,196)        -0.064570438     -3     3    1.6042708e-06
1138 region_rec_diffs(4,197)        0.39887685     -3     3    -5.3653165e-07
1139 region_rec_diffs(4,198)        0.68455198     -3     3    3.2365495e-06
1140 region_rec_diffs(4,199)        0.21993452     -3     3    3.9302351e-06
1141 region_rec_diffs(4,200)        0.41182116     -3     3    -6.9961176e-06
1142 region_rec_diffs(4,201)        0.035916368     -3     3    -4.3284296e-07
1143 region_rec_diffs(4,202)        -0.018600088     -3     3    -5.3685847e-07
1144 region_rec_diffs(4,203)        0.46358304     -3     3    -5.0487127e-06
1145 region_rec_diffs(4,204)        -0.44223334     -3     3    -6.1970691e-06
1146 region_rec_diffs(4,205)        1.0709249     -3     3    -1.2367733e-06
1147 region_rec_diffs(4,206)        -1.7382215     -3     3    4.427161e-07
1148 region_rec_diffs(4,207)        0.34374706     -3     3    -1.0215694e-06
1149 region_rec_diffs(4,208)        0.24924455     -3     3    -4.8105577e-06
1150 region_rec_diffs(4,209)        -0.088044564     -3     3    -8.3951294e-06
1151 region_rec_diffs(4,210)        0.55514104     -3     3    -1.3679831e-06
1152 region_rec_diffs(4,211)        0.49971933     -3     3    5.0733056e-06
1153 region_rec_diffs(4,212)        -0.82057318     -3     3    3.7768291e-07
1154 region_rec_diffs(4,213)        -0.40696358     -3     3    1.5230044e-06
1155 region_rec_diffs(4,214)        -0.64385742     -3     3    -8.7524454e-07
1156 region_rec_diffs(4,215)        0.57130637     -3     3    -1.1300995e-05
1157 region_rec_diffs(4,216)        -0.11401458     -3     3    -3.8161574e-06
1158 region_rec_diffs(4,217)        0.005947424     -3     3    -4.3377505e-06
1159 region_rec_diffs(4,218)        -0.57994985     -3     3    -3.7124758e-06
1160 region_rec_diffs(4,219)        -0.55936874     -3     3    -2.0728941e-06
1161 region_rec_diffs(4,220)        -0.2568353     -3     3    -1.8443732e-06
1162 region_rec_diffs(4,221)        1.0857138     -3     3    1.5526532e-06
1163 region_rec_diffs(4,222)        0.47927986     -3     3    -8.433103e-07
1164 region_rec_diffs(4,223)        0.33237659     -3     3    -1.3699676e-06
1165 region_rec_diffs(4,224)        -0.58660453     -3     3    1.8498056e-06
1166 region_rec_diffs(4,225)        0.19771372     -3     3    1.7283952e-08
1167 region_rec_diffs(4,226)        0.70865615     -3     3    -1.3748533e-06
1168 region_rec_diffs(4,227)        -2.9555367     -3     3    2.9851286e-06
1169 region_rec_diffs(4,228)        0.30532353     -3     3    -1.9940591e-06
1170 region_rec_diffs(4,229)        -0.20743745     -3     3    1.6929435e-06
1171 region_rec_diffs(4,230)        0.31323185     -3     3    -4.9677717e-06
1172 region_rec_diffs(4,231)        0.037086761     -3     3    -8.2025119e-07
1173 region_rec_diffs(4,232)        -0.7286441     -3     3    -3.492176e-06
1174 region_rec_diffs(4,233)        -0.5155717     -3     3    2.1330809e-06
1175 region_rec_diffs(4,234)        0.50530562     -3     3    6.7100922e-07
1176 region_rec_diffs(4,235)        0.60324595     -3     3    1.0719033e-07
1177 region_rec_diffs(4,236)        -0.4290631     -3     3    5.4160944e-06
1178 region_rec_diffs(4,237)        -1.7156126     -3     3    5.4987493e-07
1179 region_rec_diffs(4,238)        -0.66751277     -3     3    -1.2981995e-06
1180 region_rec_diffs(4,239)        0.044087365     -3     3    -6.0363549e-07
1181 region_rec_diffs(4,240)        0.41360186     -3     3    2.8372175e-06
1182 region_rec_diffs(4,241)        -0.18997813     -3     3    8.2472793e-07
1183 region_rec_diffs(4,242)        0.032122579     -3     3    -2.671144e-06
1184 region_rec_diffs(4,243)        -0.77956367     -3     3    -8.0053712e-07
1185 region_rec_diffs(4,244)        -0.78829246     -3     3    3.9585712e-06
1186 region_rec_diffs(4,245)        -2.6441123     -3     3    -1.7340053e-06
1187 region_rec_diffs(4,246)        -1.272523     -3     3    2.3015509e-06
1188 region_rec_diffs(4,247)        1.184933     -3     3    6.0450817e-07
1189 region_rec_diffs(4,248)        -1.0941202     -3     3    -1.7104126e-06
1190 region_rec_diffs(4,249)        -0.41270857     -3     3    -3.9677652e-06
1191 region_rec_diffs(4,250)        0.010133084     -3     3    6.3058101e-07
1192 region_rec_diffs(4,251)        1.1050285     -3     3    -2.5850366e-06
1193 region_rec_diffs(4,252)        0.10774626     -3     3    1.7345974e-06
1194 region_rec_diffs(4,253)        -0.021710204     -3     3    -1.0765764e-05
1195 region_rec_diffs(4,254)        0.6763469     -3     3    -1.7815641e-06
1196 region_rec_diffs(4,255)        0.326589     -3     3    -8.7293732e-07
1197 region_rec_diffs(4,256)        0.50389576     -3     3    -2.8813239e-06
1198 region_rec_diffs(4,257)        0.87265753     -3     3    5.9726483e-06
1199 region_rec_diffs(4,258)        0.30621776     -3     3    -5.2350369e-06
1200 region_rec_diffs(4,259)        -0.9719995     -3     3    -4.2268149e-06
1201 region_rec_diffs(4,260)        -1.2062849     -3     3    -2.5724298e-06
1202 region_rec_diffs(4,261)        0.68176131     -3     3    -4.1446387e-08
1203 region_rec_diffs(4,262)        0.61916186     -3     3    2.9562494e-06
1204 region_rec_diffs(4,263)        0.88576467     -3     3    2.3724959e-06
1205 region_rec_diffs(4,264)        0.1845789     -3     3    1.7557395e-06
1206 region_rec_diffs(4,265)        -0.0068659178     -3     3    -2.0220283e-06
1207 region_rec_diffs(4,266)        1.0752946     -3     3    -2.385697e-06
1208 region_rec_diffs(4,267)        0.66226088     -3     3    3.6961253e-06
1209 region_rec_diffs(4,268)        0.46098916     -3     3    4.9679382e-06
1210 region_rec_diffs(4,269)        0.29367761     -3     3    2.4383535e-06
1211 region_rec_diffs(4,270)        0.634936     -3     3    4.7795674e-07
1212 region_rec_diffs(4,271)        -0.42514737     -3     3    4.8848914e-07
1213 region_rec_diffs(4,272)        -2.09444     -3     3    9.8045081e-07
1214 region_rec_diffs(4,273)        -1.2068776     -3     3    3.900545e-06
1215 region_rec_diffs(4,274)        0.030578817     -3     3    9.721074e-06
1216 region_rec_diffs(4,275)        -0.4741333     -3     3    5.4515554e-06
1217 region_rec_diffs(4,276)        0.3499394     -3     3    1.0391914e-05
1218 region_rec_diffs(4,277)        0.33131717     -3     3    6.0340015e-06
1219 region_rec_diffs(4,278)        -0.68442148     -3     3    3.0558223e-07
1220 region_rec_diffs(4,279)        -0.12343526     -3     3    -6.6680231e-07
1221 region_rec_diffs(5,1)        -5.0424371e-08     -3     3    -2.6230749e-08
1222 region_rec_diffs(5,2)        0.45885522     -3     3    1.8669961e-06
1223 region_rec_diffs(5,3)        0.52246486     -3     3    3.492303e-06
1224 region_rec_diffs(5,4)        0.55151456     -3     3    2.1281216e-06
1225 region_rec_diffs(5,5)        0.53168565     -3     3    4.5915273e-06
1226 region_rec_diffs(5,6)        0.0096549657     -3     3    -5.0389168e-08
1227 region_rec_diffs(5,7)        0.16913578     -3     3    1.5316108e-06
1228 region_rec_diffs(5,8)        0.039499729     -3     3    4.6453461e-07
1229 region_rec_diffs(5,9)        0.17131783     -3     3    -1.2607634e-06
1230 region_rec_diffs(5,10)        0.064861234     -3     3    -8.6719279e-08
1231 region_rec_diffs(5,11)        0.55183644     -3     3    6.4881154e-07
1232 region_rec_diffs(5,12)        0.017595735     -3     3    -2.6364297e-07
1233 region_rec_diffs(5,13)        0.18430434     -3     3    -1.0632222e-06
1234 region_rec_diffs(5,14)        1.7608032     -3     3    -1.4848612e-06
1235 region_rec_diffs(5,15)        0.061641826     -3     3    2.7601426e-07
1236 region_rec_diffs(5,16)        0.032654807     -3     3    -1.8811351e-07
1237 region_rec_diffs(5,17)        0.90584978     -3     3    -1.1489408e-06
1238 region_rec_diffs(5,18)        0.39978334     -3     3    -2.2983685e-06
1239 region_rec_diffs(5,19)        0.020854295     -3     3    6.9569327e-09
1240 region_rec_diffs(5,20)        0.02959776     -3     3    -2.4535851e-07
1241 region_rec_diffs(5,21)        1.2219775     -3     3    9.1183919e-07
1242 region_rec_diffs(5,22)        0.17351792     -3     3    -2.697925e-08
1243 region_rec_diffs(5,23)        0.062636741     -3     3    3.6139882e-07
1244 region_rec_diffs(5,24)        0.029688907     -3     3    4.2076662e-08
1245 region_rec_diffs(5,25)        0.013043917     -3     3    1.3325015e-06
1246 region_rec_diffs(5,26)        0.024664639     -3     3    -8.3775038e-08
1247 region_rec_diffs(5,27)        0.78045104     -3     3    -8.8458901e-09
1248 region_rec_diffs(5,28)        0.018395769     -3     3    6.671425e-08
1249 region_rec_diffs(5,29)        1.2715567     -3     3    3.3015427e-06
1250 region_rec_diffs(5,30)        0.037171922     -3     3    -1.4891258e-07
1251 region_rec_diffs(5,31)        0.026476158     -3     3    -1.415664e-07
1252 region_rec_diffs(5,32)        0.018240059     -3     3    3.7930751e-08
1253 region_rec_diffs(5,33)        0.05326601     -3     3    -8.0482889e-07
1254 region_rec_diffs(5,34)        1.5819867     -3     3    3.1173599e-06
1255 region_rec_diffs(5,35)        0.019889197     -3     3    8.2554529e-08
1256 region_rec_diffs(5,36)        0.24331823     -3     3    1.1699656e-06
1257 region_rec_diffs(5,37)        0.68043997     -3     3    5.0565157e-06
1258 region_rec_diffs(5,38)        0.064975051     -3     3    4.1849875e-07
1259 region_rec_diffs(5,39)        0.017981322     -3     3    2.1871798e-07
1260 region_rec_diffs(5,40)        0.029844315     -3     3    3.5830364e-07
1261 region_rec_diffs(5,41)        -0.22854224     -3     3    1.3639699e-06
1262 region_rec_diffs(5,42)        -0.10847862     -3     3    3.5617348e-07
1263 region_rec_diffs(5,43)        -0.0011918024     -3     3    -1.0787809e-08
1264 region_rec_diffs(5,44)        -0.10860446     -3     3    -4.5726336e-07
1265 region_rec_diffs(5,45)        1.6873682     -3     3    3.8436793e-07
1266 region_rec_diffs(5,46)        0.049454063     -3     3    1.0615044e-07
1267 region_rec_diffs(5,47)        0.052699578     -3     3    3.3115005e-07
1268 region_rec_diffs(5,48)        0.052839415     -3     3    -7.3748291e-08
1269 region_rec_diffs(5,49)        0.99993036     -3     3    2.4414797e-06
1270 region_rec_diffs(5,50)        0.037913524     -3     3    1.8690898e-07
1271 region_rec_diffs(5,51)        0.64546639     -3     3    3.1882946e-07
1272 region_rec_diffs(5,52)        0.056955018     -3     3    -5.1349877e-07
1273 region_rec_diffs(5,53)        0.37382453     -3     3    1.1594556e-06
1274 region_rec_diffs(5,54)        0.058537291     -3     3    -7.7114305e-07
1275 region_rec_diffs(5,55)        2.4899773     -3     3    2.0987515e-06
1276 region_rec_diffs(5,56)        0.061422152     -3     3    4.6713499e-09
1277 region_rec_diffs(5,57)        -0.22982766     -3     3    4.3817252e-07
1278 region_rec_diffs(5,58)        -0.014712039     -3     3    4.3221512e-07
1279 region_rec_diffs(5,59)        0.026998431     -3     3    4.5640215e-07
1280 region_rec_diffs(5,60)        1.1495735     -3     3    1.6366621e-06
1281 region_rec_diffs(5,61)        0.062532968     -3     3    -3.6618192e-07
1282 region_rec_diffs(5,62)        0.060538976     -3     3    -7.5313184e-08
1283 region_rec_diffs(5,63)        0.075855569     -3     3    1.2047498e-06
1284 region_rec_diffs(5,64)        1.6759853     -3     3    -3.4763099e-06
1285 region_rec_diffs(5,65)        -0.46233713     -3     3    2.0385546e-07
1286 region_rec_diffs(5,66)        0.0018789969     -3     3    -2.5035459e-08
1287 region_rec_diffs(5,67)        -0.32066657     -3     3    6.6093372e-07
1288 region_rec_diffs(5,68)        -0.70344007     -3     3    -7.4787293e-07
1289 region_rec_diffs(5,69)        0.097016272     -3     3    -7.3041315e-06
1290 region_rec_diffs(5,70)        0.050027771     -3     3    -1.6206179e-08
1291 region_rec_diffs(5,71)        1.7399167     -3     3    -4.5364626e-06
1292 region_rec_diffs(5,72)        -0.044744669     -3     3    -4.2463988e-06
1293 region_rec_diffs(5,73)        0.74304642     -3     3    1.2516356e-06
1294 region_rec_diffs(5,74)        0.03847554     -3     3    3.6544635e-07
1295 region_rec_diffs(5,75)        2.9999996     -3     3    -2.8494187e-09   *************
1296 region_rec_diffs(5,76)        -0.14306201     -3     3    1.8191102e-06
1297 region_rec_diffs(5,77)        -0.68883884     -3     3    -4.8025338e-08
1298 region_rec_diffs(5,78)        -0.028970487     -3     3    1.0270359e-07
1299 region_rec_diffs(5,79)        -0.45179131     -3     3    2.9556056e-07
1300 region_rec_diffs(5,80)        -0.015758838     -3     3    -4.2427286e-06
1301 region_rec_diffs(5,81)        0.3288348     -3     3    -3.4305786e-07
1302 region_rec_diffs(5,82)        0.55978702     -3     3    2.5807923e-07
1303 region_rec_diffs(5,83)        1.0439482     -3     3    1.2126911e-06
1304 region_rec_diffs(5,84)        0.23006398     -3     3    8.8018234e-07
1305 region_rec_diffs(5,85)        -0.075897199     -3     3    1.6565513e-06
1306 region_rec_diffs(5,86)        0.012392638     -3     3    2.2764615e-07
1307 region_rec_diffs(5,87)        0.40690533     -3     3    3.4929574e-06
1308 region_rec_diffs(5,88)        1.2601754     -3     3    -6.2466189e-07
1309 region_rec_diffs(5,89)        0.1703257     -3     3    -1.2735359e-07
1310 region_rec_diffs(5,90)        0.062406889     -3     3    2.7610299e-07
1311 region_rec_diffs(5,91)        0.3731177     -3     3    -2.3642907e-06
1312 region_rec_diffs(5,92)        0.05571974     -3     3    1.5735801e-07
1313 region_rec_diffs(5,93)        0.39359922     -3     3    -6.6897955e-07
1314 region_rec_diffs(5,94)        0.53247738     -3     3    -1.8543161e-06
1315 region_rec_diffs(5,95)        0.11003663     -3     3    3.1337305e-07
1316 region_rec_diffs(5,96)        1.6276926     -3     3    -5.4380247e-08
1317 region_rec_diffs(5,97)        0.085338333     -3     3    1.0531661e-07
1318 region_rec_diffs(5,98)        0.17971971     -3     3    3.0757491e-07
1319 region_rec_diffs(5,99)        0.22682607     -3     3    -6.3445167e-07
1320 region_rec_diffs(5,100)        0.85802775     -3     3    -3.6727923e-06
1321 region_rec_diffs(5,101)        0.0028755237     -3     3    -6.5180845e-08
1322 region_rec_diffs(5,102)        0.013448839     -3     3    -1.3835508e-07
1323 region_rec_diffs(5,103)        1.1886173     -3     3    -5.3081204e-06
1324 region_rec_diffs(5,104)        0.46133214     -3     3    9.2910949e-07
1325 region_rec_diffs(5,105)        0.015807652     -3     3    -2.6095647e-07
1326 region_rec_diffs(5,106)        0.0036407595     -3     3    -1.6786465e-07
1327 region_rec_diffs(5,107)        -0.037606393     -3     3    -1.5546774e-07
1328 region_rec_diffs(5,108)        0.16575898     -3     3    -9.7770964e-07
1329 region_rec_diffs(5,109)        0.23723732     -3     3    -5.2668873e-08
1330 region_rec_diffs(5,110)        0.0060879568     -3     3    9.9368427e-08
1331 region_rec_diffs(5,111)        -0.12285279     -3     3    -7.0119104e-08
1332 region_rec_diffs(5,112)        -0.26107838     -3     3    -3.5417565e-07
1333 region_rec_diffs(5,113)        1.1855822     -3     3    -3.1583318e-06
1334 region_rec_diffs(5,114)        0.025203573     -3     3    1.7839528e-07
1335 region_rec_diffs(5,115)        0.04110263     -3     3    1.0295546e-06
1336 region_rec_diffs(5,116)        -0.1866239     -3     3    -1.3980322e-07
1337 region_rec_diffs(5,117)        0.76755881     -3     3    2.6206561e-06
1338 region_rec_diffs(5,118)        0.088763676     -3     3    1.3590751e-07
1339 region_rec_diffs(5,119)        1.2889899     -3     3    1.0423605e-05
1340 region_rec_diffs(5,120)        -0.071734003     -3     3    9.3929153e-07
1341 region_rec_diffs(5,121)        0.47439855     -3     3    5.9765506e-06
1342 region_rec_diffs(5,122)        0.10958732     -3     3    -1.6126283e-07
1343 region_rec_diffs(5,123)        0.13778095     -3     3    6.2806762e-07
1344 region_rec_diffs(5,124)        0.24289302     -3     3    1.1405043e-06
1345 region_rec_diffs(5,125)        1.286754     -3     3    6.0913853e-06
1346 region_rec_diffs(5,126)        0.42599055     -3     3    -1.5452811e-06
1347 region_rec_diffs(5,127)        -0.15157502     -3     3    5.5010869e-07
1348 region_rec_diffs(5,128)        0.094564946     -3     3    2.1245183e-06
1349 region_rec_diffs(5,129)        1.7387609     -3     3    4.1628293e-06
1350 region_rec_diffs(5,130)        -0.061036906     -3     3    9.0841024e-07
1351 region_rec_diffs(5,131)        -0.1227815     -3     3    1.8920124e-08
1352 region_rec_diffs(5,132)        0.41226635     -3     3    2.2118365e-06
1353 region_rec_diffs(5,133)        1.0103721     -3     3    1.2439388e-06
1354 region_rec_diffs(5,134)        0.061463942     -3     3    -1.3620186e-07
1355 region_rec_diffs(5,135)        -0.18021271     -3     3    5.4299208e-07
1356 region_rec_diffs(5,136)        0.82378314     -3     3    3.3639854e-06
1357 region_rec_diffs(5,137)        0.18725429     -3     3    -3.8647918e-07
1358 region_rec_diffs(5,138)        1.488595     -3     3    -1.3897063e-06
1359 region_rec_diffs(5,139)        -0.2076304     -3     3    -5.2273368e-07
1360 region_rec_diffs(5,140)        -1.4759124     -3     3    1.7366311e-06
1361 region_rec_diffs(5,141)        -0.93982881     -3     3    1.4762815e-06
1362 region_rec_diffs(5,142)        -0.17980612     -3     3    1.0245147e-06
1363 region_rec_diffs(5,143)        -0.66157642     -3     3    9.3696807e-07
1364 region_rec_diffs(5,144)        -0.87693225     -3     3    1.7908429e-06
1365 region_rec_diffs(5,145)        -0.12363484     -3     3    1.8169189e-06
1366 region_rec_diffs(5,146)        -0.023479986     -3     3    5.8752779e-08
1367 region_rec_diffs(5,147)        1.4689757     -3     3    2.0765907e-06
1368 region_rec_diffs(5,148)        -0.39669639     -3     3    3.1730506e-07
1369 region_rec_diffs(5,149)        -0.1938897     -3     3    1.026643e-07
1370 region_rec_diffs(5,150)        -0.43986328     -3     3    3.9116336e-07
1371 region_rec_diffs(5,151)        -0.76436517     -3     3    4.3284715e-07
1372 region_rec_diffs(5,152)        -0.86361619     -3     3    -7.942175e-07
1373 region_rec_diffs(5,153)        -0.47927036     -3     3    -1.4820406e-06
1374 region_rec_diffs(5,154)        -0.24184621     -3     3    -1.403651e-06
1375 region_rec_diffs(5,155)        -0.052629503     -3     3    8.1833287e-07
1376 region_rec_diffs(5,156)        0.46969824     -3     3    2.9132992e-06
1377 region_rec_diffs(5,157)        0.035505524     -3     3    2.131457e-08
1378 region_rec_diffs(5,158)        0.10633235     -3     3    4.9882002e-07
1379 region_rec_diffs(5,159)        -0.11274921     -3     3    -8.3382115e-07
1380 region_rec_diffs(5,160)        -0.05592671     -3     3    -5.7718603e-07
1381 region_rec_diffs(5,161)        -0.01063674     -3     3    -2.9871788e-07
1382 region_rec_diffs(5,162)        0.85750597     -3     3    5.6818376e-06
1383 region_rec_diffs(5,163)        0.55204692     -3     3    -4.5876583e-06
1384 region_rec_diffs(5,164)        -0.22348202     -3     3    -4.0149214e-07
1385 region_rec_diffs(5,165)        -0.068341159     -3     3    1.2042547e-07
1386 region_rec_diffs(5,166)        -0.29100591     -3     3    -4.5189208e-07
1387 region_rec_diffs(5,167)        0.035562025     -3     3    -9.4556343e-07
1388 region_rec_diffs(5,168)        1.8576128     -3     3    -8.2074299e-07
1389 region_rec_diffs(5,169)        0.17025941     -3     3    -1.1577652e-06
1390 region_rec_diffs(5,170)        0.39049022     -3     3    -3.3612199e-07
1391 region_rec_diffs(5,171)        1.516746     -3     3    -1.5049458e-06
1392 region_rec_diffs(5,172)        0.1156649     -3     3    5.6513714e-07
1393 region_rec_diffs(5,173)        1.858514     -3     3    1.8910384e-06
1394 region_rec_diffs(5,174)        2.9999997     -3     3    1.4260035e-06   *************
1395 region_rec_diffs(5,175)        0.12842208     -3     3    -6.0864878e-07
1396 region_rec_diffs(5,176)        -1.5189209     -3     3    4.1467877e-07
1397 region_rec_diffs(5,177)        -2.0708609     -3     3    4.4044494e-07
1398 region_rec_diffs(5,178)        -1.5885147     -3     3    1.179759e-06
1399 region_rec_diffs(5,179)        -0.94561155     -3     3    1.5077373e-06
1400 region_rec_diffs(5,180)        1.3490877     -3     3    -5.7066949e-08
1401 region_rec_diffs(5,181)        0.36154827     -3     3    -4.1792012e-06
1402 region_rec_diffs(5,182)        -0.52429682     -3     3    -7.367121e-08
1403 region_rec_diffs(5,183)        -1.2118653     -3     3    -5.4389205e-07
1404 region_rec_diffs(5,184)        -1.497308     -3     3    3.616831e-07
1405 region_rec_diffs(5,185)        -1.9956103     -3     3    1.1187547e-06
1406 region_rec_diffs(5,186)        -1.1022492     -3     3    7.4682821e-07
1407 region_rec_diffs(5,187)        2.2202759     -3     3    5.396722e-07
1408 region_rec_diffs(5,188)        -1.1011066     -3     3    -3.5639924e-07
1409 region_rec_diffs(5,189)        -0.98218733     -3     3    1.0252888e-06
1410 region_rec_diffs(5,190)        -1.6130376     -3     3    -1.6930711e-06
1411 region_rec_diffs(5,191)        -0.78696134     -3     3    -1.2713976e-06
1412 region_rec_diffs(5,192)        0.34146613     -3     3    -4.8258181e-06
1413 region_rec_diffs(5,193)        -0.83098899     -3     3    -7.7321706e-07
1414 region_rec_diffs(5,194)        -0.75365112     -3     3    8.9132185e-07
1415 region_rec_diffs(5,195)        1.1708943     -3     3    7.3648712e-06
1416 region_rec_diffs(5,196)        1.0861675     -3     3    -2.1168515e-06
1417 region_rec_diffs(5,197)        -0.036154235     -3     3    -1.0011035e-06
1418 region_rec_diffs(5,198)        -0.038699278     -3     3    -1.3394162e-06
1419 region_rec_diffs(5,199)        1.3988649     -3     3    -6.1197232e-06
1420 region_rec_diffs(5,200)        -0.74684838     -3     3    9.9892557e-07
1421 region_rec_diffs(5,201)        -1.2052365     -3     3    -4.114296e-07
1422 region_rec_diffs(5,202)        -0.99565142     -3     3    -7.3406895e-07
1423 region_rec_diffs(5,203)        0.55018353     -3     3    -3.3292868e-06
1424 region_rec_diffs(5,204)        1.6036545     -3     3    1.3394283e-06
1425 region_rec_diffs(5,205)        -0.69259742     -3     3    1.5129395e-06
1426 region_rec_diffs(5,206)        -1.6374533     -3     3    -8.7943189e-07
1427 region_rec_diffs(5,207)        -2.1756718     -3     3    3.8644678e-07
1428 region_rec_diffs(5,208)        -2.8079702     -3     3    -3.3127146e-07
1429 region_rec_diffs(5,209)        -2.6712399     -3     3    2.714176e-06
1430 region_rec_diffs(5,210)        -2.461872     -3     3    -1.0913335e-06
1431 region_rec_diffs(5,211)        -1.3484732     -3     3    9.427565e-08
1432 region_rec_diffs(5,212)        2.9276987     -3     3    2.6153719e-06
1433 region_rec_diffs(5,213)        1.5765373     -3     3    4.1285546e-06
1434 region_rec_diffs(5,214)        -1.1315996     -3     3    -3.86686e-08
1435 region_rec_diffs(5,215)        -1.146734     -3     3    -5.3389973e-07
1436 region_rec_diffs(5,216)        -1.1339015     -3     3    8.6390334e-07
1437 region_rec_diffs(5,217)        0.32766057     -3     3    3.0995238e-06
1438 region_rec_diffs(5,218)        -0.16770519     -3     3    1.751798e-06
1439 region_rec_diffs(5,219)        -0.912463     -3     3    1.4016184e-06
1440 region_rec_diffs(5,220)        -2.1129091     -3     3    8.4995412e-07
1441 region_rec_diffs(5,221)        -1.9410469     -3     3    7.5948763e-07
1442 region_rec_diffs(5,222)        -2.2334371     -3     3    3.3690134e-08
1443 region_rec_diffs(5,223)        0.61651949     -3     3    -3.4941587e-06
1444 region_rec_diffs(5,224)        1.2234217     -3     3    4.0012854e-07
1445 region_rec_diffs(5,225)        -1.4518839     -3     3    1.6969675e-07
1446 region_rec_diffs(5,226)        -1.7108514     -3     3    3.0858737e-07
1447 region_rec_diffs(5,227)        -1.1989694     -3     3    4.9770144e-07
1448 region_rec_diffs(5,228)        -0.39872365     -3     3    1.6619975e-06
1449 region_rec_diffs(5,229)        -1.1477166     -3     3    -1.5577114e-06
1450 region_rec_diffs(5,230)        -1.2382992     -3     3    -2.6314422e-06
1451 region_rec_diffs(5,231)        0.59756782     -3     3    -2.7750172e-06
1452 region_rec_diffs(5,232)        1.4777874     -3     3    5.3277248e-06
1453 region_rec_diffs(5,233)        -1.6543761     -3     3    1.0526599e-06
1454 region_rec_diffs(5,234)        -2.3395011     -3     3    6.0837769e-07
1455 region_rec_diffs(5,235)        -2.4272862     -3     3    -9.7149523e-07
1456 region_rec_diffs(5,236)        -1.1012115     -3     3    -1.1720863e-06
1457 region_rec_diffs(5,237)        0.81694136     -3     3    -5.9140117e-06
1458 region_rec_diffs(5,238)        0.56001765     -3     3    -5.9074152e-06
1459 region_rec_diffs(5,239)        -0.10817035     -3     3    -5.8844101e-06
1460 region_rec_diffs(5,240)        0.04640444     -3     3    -1.2475968e-06
1461 region_rec_diffs(5,241)        -1.4268299     -3     3    1.4821657e-07
1462 region_rec_diffs(5,242)        -1.4797312     -3     3    2.0598378e-06
1463 region_rec_diffs(5,243)        -1.5835652     -3     3    2.4761714e-07
1464 region_rec_diffs(5,244)        1.8665671     -3     3    -1.2277576e-06
1465 region_rec_diffs(5,245)        0.12256079     -3     3    -2.74581e-06
1466 region_rec_diffs(5,246)        -1.2875515     -3     3    -1.1515485e-06
1467 region_rec_diffs(5,247)        -0.84593379     -3     3    -2.0903119e-07
1468 region_rec_diffs(5,248)        0.71639042     -3     3    -3.2212475e-06
1469 region_rec_diffs(5,249)        0.72116073     -3     3    2.9594721e-06
1470 region_rec_diffs(5,250)        -1.6347591     -3     3    -3.3480983e-07
1471 region_rec_diffs(5,251)        -2.0145386     -3     3    9.1506508e-07
1472 region_rec_diffs(5,252)        -2.2664941     -3     3    -1.5835549e-06
1473 region_rec_diffs(5,253)        -1.0672696     -3     3    -1.8437983e-06
1474 region_rec_diffs(5,254)        -0.70147342     -3     3    -7.269693e-07
1475 region_rec_diffs(5,255)        -0.32542208     -3     3    -9.6543617e-07
1476 region_rec_diffs(5,256)        -1.3476023     -3     3    1.4708296e-06
1477 region_rec_diffs(5,257)        -0.9992331     -3     3    -1.1300124e-06
1478 region_rec_diffs(5,258)        -0.93354292     -3     3    -7.7417958e-08
1479 region_rec_diffs(5,259)        -0.55742341     -3     3    2.2392396e-06
1480 region_rec_diffs(5,260)        0.099238536     -3     3    7.1785594e-06
1481 region_rec_diffs(5,261)        -1.3347625     -3     3    2.3233492e-07
1482 region_rec_diffs(5,262)        -2.1610509     -3     3    -9.691645e-08
1483 region_rec_diffs(5,263)        -1.5245316     -3     3    -9.0347016e-07
1484 region_rec_diffs(5,264)        1.5739264     -3     3    -9.2941882e-07
1485 region_rec_diffs(5,265)        -0.92415489     -3     3    5.5104673e-07
1486 region_rec_diffs(5,266)        -1.4840371     -3     3    2.0843053e-06
1487 region_rec_diffs(5,267)        -1.7131228     -3     3    1.8191364e-06
1488 region_rec_diffs(5,268)        -1.4739509     -3     3    2.5026741e-06
1489 region_rec_diffs(5,269)        -1.2199765     -3     3    -1.5435527e-07
1490 region_rec_diffs(5,270)        0.42791434     -3     3    -2.1589257e-06
1491 region_rec_diffs(5,271)        1.3908882     -3     3    -1.0559989e-06
1492 region_rec_diffs(5,272)        -0.97301553     -3     3    1.2697002e-06
1493 region_rec_diffs(5,273)        -1.2311747     -3     3    2.3196418e-06
1494 region_rec_diffs(5,274)        -1.1974943     -3     3    -1.2036831e-06
1495 region_rec_diffs(5,275)        -0.608051     -3     3    -4.5941384e-07
1496 region_rec_diffs(5,276)        -0.14553442     -3     3    -7.4338198e-07
1497 region_rec_diffs(5,277)        0.036575967     -3     3    2.0580087e-06
1498 region_rec_diffs(5,278)        -0.20736019     -3     3    2.4906928e-06
1499 region_rec_diffs(5,279)        -0.025983857     -3     3    -7.7312874e-08
1500 region_rec_diffs(6,1)        -1.7513865e-07     -3     3    -1.2390679e-07
1501 region_rec_diffs(6,2)        0.074353345     -3     3    3.2047178e-06
1502 region_rec_diffs(6,3)        0.058605332     -3     3    -8.6571473e-07
1503 region_rec_diffs(6,4)        0.061159656     -3     3    8.2884126e-07
1504 region_rec_diffs(6,5)        0.072647136     -3     3    4.8916845e-06
1505 region_rec_diffs(6,6)        -0.041828025     -3     3    3.8162683e-07
1506 region_rec_diffs(6,7)        -1.2356788     -3     3    4.3582805e-08
1507 region_rec_diffs(6,8)        0.012949835     -3     3    -2.1957938e-07
1508 region_rec_diffs(6,9)        0.094502483     -3     3    -1.7191191e-06
1509 region_rec_diffs(6,10)        0.12757767     -3     3    -4.3456492e-07
1510 region_rec_diffs(6,11)        0.50038466     -3     3    -7.2535695e-07
1511 region_rec_diffs(6,12)        0.095174768     -3     3    -4.6454699e-07
1512 region_rec_diffs(6,13)        -0.096986676     -3     3    9.1204758e-08
1513 region_rec_diffs(6,14)        0.0011236631     -3     3    2.7365932e-07
1514 region_rec_diffs(6,15)        0.16377     -3     3    -2.0853139e-07
1515 region_rec_diffs(6,16)        0.092551264     -3     3    -1.3333299e-08
1516 region_rec_diffs(6,17)        0.98521151     -3     3    1.9057771e-06
1517 region_rec_diffs(6,18)        -0.25392899     -3     3    5.6104727e-07
1518 region_rec_diffs(6,19)        0.034388555     -3     3    2.9450066e-07
1519 region_rec_diffs(6,20)        0.029853829     -3     3    -3.7391719e-07
1520 region_rec_diffs(6,21)        0.3345505     -3     3    1.4514553e-07
1521 region_rec_diffs(6,22)        0.018182589     -3     3    1.5293125e-06
1522 region_rec_diffs(6,23)        0.17911724     -3     3    1.254225e-07
1523 region_rec_diffs(6,24)        0.12365234     -3     3    2.817675e-07
1524 region_rec_diffs(6,25)        0.40517531     -3     3    -1.5653633e-06
1525 region_rec_diffs(6,26)        0.13075844     -3     3    6.5609383e-07
1526 region_rec_diffs(6,27)        -0.20077498     -3     3    3.9836956e-07
1527 region_rec_diffs(6,28)        0.0096545469     -3     3    8.7928813e-07
1528 region_rec_diffs(6,29)        1.0585682     -3     3    -1.5624664e-06
1529 region_rec_diffs(6,30)        0.15255982     -3     3    -2.1118636e-07
1530 region_rec_diffs(6,31)        0.20625392     -3     3    -1.1824574e-07
1531 region_rec_diffs(6,32)        0.22848188     -3     3    2.1173591e-08
1532 region_rec_diffs(6,33)        0.75674143     -3     3    3.9202309e-06
1533 region_rec_diffs(6,34)        -0.13824895     -3     3    1.6303477e-06
1534 region_rec_diffs(6,35)        0.05317908     -3     3    1.2809111e-07
1535 region_rec_diffs(6,36)        -0.23194009     -3     3    2.050458e-06
1536 region_rec_diffs(6,37)        0.31584677     -3     3    6.2050703e-06
1537 region_rec_diffs(6,38)        0.38180601     -3     3    9.4383837e-07
1538 region_rec_diffs(6,39)        0.10306177     -3     3    6.5416851e-07
1539 region_rec_diffs(6,40)        0.47111217     -3     3    6.1580403e-07
1540 region_rec_diffs(6,41)        0.4765596     -3     3    -2.5453383e-06
1541 region_rec_diffs(6,42)        -0.27290682     -3     3    5.6503932e-07
1542 region_rec_diffs(6,43)        0.024430041     -3     3    2.5740475e-07
1543 region_rec_diffs(6,44)        -0.1008774     -3     3    -5.31073e-06
1544 region_rec_diffs(6,45)        0.01674294     -3     3    -1.1425358e-06
1545 region_rec_diffs(6,46)        0.10407268     -3     3    -2.6103586e-07
1546 region_rec_diffs(6,47)        0.13765721     -3     3    6.1921967e-07
1547 region_rec_diffs(6,48)        0.35344693     -3     3    -3.4456481e-06
1548 region_rec_diffs(6,49)        0.24330875     -3     3    7.5233559e-07
1549 region_rec_diffs(6,50)        0.11030742     -3     3    -2.0018001e-07
1550 region_rec_diffs(6,51)        -0.0450206     -3     3    -1.0189556e-06
1551 region_rec_diffs(6,52)        0.21432918     -3     3    6.950152e-07
1552 region_rec_diffs(6,53)        1.1631105     -3     3    -2.9786314e-07
1553 region_rec_diffs(6,54)        0.21058083     -3     3    7.71612e-07
1554 region_rec_diffs(6,55)        -0.15988565     -3     3    -4.5162939e-08
1555 region_rec_diffs(6,56)        0.25583849     -3     3    -5.2607966e-07
1556 region_rec_diffs(6,57)        -0.32524099     -3     3    1.8136445e-07
1557 region_rec_diffs(6,58)        -0.37743856     -3     3    1.119012e-06
1558 region_rec_diffs(6,59)        -0.10195025     -3     3    9.6703751e-07
1559 region_rec_diffs(6,60)        0.96667322     -3     3    2.4852017e-07
1560 region_rec_diffs(6,61)        -0.0053904854     -3     3    -1.447551e-07
1561 region_rec_diffs(6,62)        0.2326348     -3     3    -7.5519357e-07
1562 region_rec_diffs(6,63)        -0.012627062     -3     3    1.6707034e-06
1563 region_rec_diffs(6,64)        0.5284301     -3     3    -1.912454e-06
1564 region_rec_diffs(6,65)        -0.37871556     -3     3    -1.9145586e-06
1565 region_rec_diffs(6,66)        0.13836674     -3     3    -5.2399277e-07
1566 region_rec_diffs(6,67)        0.080035995     -3     3    1.8083474e-06
1567 region_rec_diffs(6,68)        0.34136443     -3     3    -1.6900569e-06
1568 region_rec_diffs(6,69)        -0.1909075     -3     3    -7.0666345e-07
1569 region_rec_diffs(6,70)        0.075491553     -3     3    -3.3105724e-08
1570 region_rec_diffs(6,71)        0.32367163     -3     3    1.5303004e-06
1571 region_rec_diffs(6,72)        0.24263571     -3     3    -2.6999631e-06
1572 region_rec_diffs(6,73)        0.42346151     -3     3    1.3601441e-06
1573 region_rec_diffs(6,74)        0.1208853     -3     3    -1.0008734e-07
1574 region_rec_diffs(6,75)        0.65780557     -3     3    -4.5700279e-06
1575 region_rec_diffs(6,76)        0.074059806     -3     3    1.0388185e-06
1576 region_rec_diffs(6,77)        -0.069997399     -3     3    -1.5683336e-06
1577 region_rec_diffs(6,78)        0.18314955     -3     3    -1.8171176e-07
1578 region_rec_diffs(6,79)        -0.17124027     -3     3    3.0198847e-07
1579 region_rec_diffs(6,80)        0.29328742     -3     3    -2.7325747e-08
1580 region_rec_diffs(6,81)        -0.33147816     -3     3    1.1904924e-06
1581 region_rec_diffs(6,82)        -0.34748112     -3     3    1.0247388e-06
1582 region_rec_diffs(6,83)        -0.25648395     -3     3    1.5282835e-06
1583 region_rec_diffs(6,84)        -0.25634806     -3     3    9.695873e-07
1584 region_rec_diffs(6,85)        -0.24570293     -3     3    1.3523596e-06
1585 region_rec_diffs(6,86)        0.066397042     -3     3    -1.9356881e-07
1586 region_rec_diffs(6,87)        1.5579737     -3     3    -9.4432053e-07
1587 region_rec_diffs(6,88)        -0.0736335     -3     3    -3.6921596e-07
1588 region_rec_diffs(6,89)        -0.14274323     -3     3    -4.0942244e-08
1589 region_rec_diffs(6,90)        0.098746476     -3     3    5.9692386e-07
1590 region_rec_diffs(6,91)        -0.35087922     -3     3    -5.5383411e-07
1591 region_rec_diffs(6,92)        0.036811634     -3     3    2.9804795e-07
1592 region_rec_diffs(6,93)        -0.89355905     -3     3    -4.5034675e-07
1593 region_rec_diffs(6,94)        -0.89696054     -3     3    1.982775e-07
1594 region_rec_diffs(6,95)        -0.019345251     -3     3    -7.3266698e-07
1595 region_rec_diffs(6,96)        1.2286601     -3     3    -3.9358772e-07
1596 region_rec_diffs(6,97)        0.10516202     -3     3    -4.8474055e-07
1597 region_rec_diffs(6,98)        0.18342292     -3     3    -5.6525647e-07
1598 region_rec_diffs(6,99)        0.17601313     -3     3    1.3402917e-07
1599 region_rec_diffs(6,100)        -0.51647653     -3     3    -2.9816482e-07
1600 region_rec_diffs(6,101)        -0.0038669451     -3     3    -2.2409706e-07
1601 region_rec_diffs(6,102)        0.051816835     -3     3    -5.7553959e-07
1602 region_rec_diffs(6,103)        0.7488197     -3     3    1.6250061e-06
1603 region_rec_diffs(6,104)        0.76706656     -3     3    -1.7438483e-07
1604 region_rec_diffs(6,105)        0.11846543     -3     3    -1.0240211e-06
1605 region_rec_diffs(6,106)        0.05894359     -3     3    9.4493247e-08
1606 region_rec_diffs(6,107)        0.075287999     -3     3    3.1055281e-07
1607 region_rec_diffs(6,108)        0.0086097224     -3     3    8.8460673e-07
1608 region_rec_diffs(6,109)        -0.039153385     -3     3    1.6748719e-07
1609 region_rec_diffs(6,110)        0.027284822     -3     3    -1.5099839e-07
1610 region_rec_diffs(6,111)        -0.27594195     -3     3    -2.2014081e-07
1611 region_rec_diffs(6,112)        -0.58217957     -3     3    1.9122455e-06
1612 region_rec_diffs(6,113)        0.52870494     -3     3    7.1954493e-07
1613 region_rec_diffs(6,114)        0.059975397     -3     3    -1.399919e-07
1614 region_rec_diffs(6,115)        0.45359814     -3     3    -3.221682e-06
1615 region_rec_diffs(6,116)        -0.0058124947     -3     3    -4.815924e-06
1616 region_rec_diffs(6,117)        0.22768646     -3     3    -2.7392336e-06
1617 region_rec_diffs(6,118)        0.19744869     -3     3    -4.1342961e-07
1618 region_rec_diffs(6,119)        -0.71050691     -3     3    -1.5963688e-06
1619 region_rec_diffs(6,120)        -0.44121081     -3     3    -1.2476603e-06
1620 region_rec_diffs(6,121)        -0.20436108     -3     3    -2.4840708e-07
1621 region_rec_diffs(6,122)        0.17075241     -3     3    -2.7949102e-07
1622 region_rec_diffs(6,123)        0.27901396     -3     3    1.3627834e-06
1623 region_rec_diffs(6,124)        0.37640618     -3     3    -3.6638876e-06
1624 region_rec_diffs(6,125)        0.2789896     -3     3    -1.8629179e-06
1625 region_rec_diffs(6,126)        -0.15769818     -3     3    -1.1760492e-06
1626 region_rec_diffs(6,127)        -0.53895108     -3     3    -1.1054309e-08
1627 region_rec_diffs(6,128)        -0.67647482     -3     3    2.9720041e-06
1628 region_rec_diffs(6,129)        0.23823606     -3     3    3.2249673e-06
1629 region_rec_diffs(6,130)        0.058227459     -3     3    2.1377043e-06
1630 region_rec_diffs(6,131)        -0.11472904     -3     3    6.5286782e-07
1631 region_rec_diffs(6,132)        -1.5162761     -3     3    4.7829421e-07
1632 region_rec_diffs(6,133)        -1.0003787     -3     3    -1.0087083e-06
1633 region_rec_diffs(6,134)        -0.65152687     -3     3    -2.4260615e-06
1634 region_rec_diffs(6,135)        -1.0728774     -3     3    -9.1119402e-07
1635 region_rec_diffs(6,136)        -1.3654564     -3     3    -2.1123751e-06
1636 region_rec_diffs(6,137)        0.27726316     -3     3    1.8973379e-07
1637 region_rec_diffs(6,138)        0.38104798     -3     3    -3.2858105e-06
1638 region_rec_diffs(6,139)        0.043092942     -3     3    5.2568359e-07
1639 region_rec_diffs(6,140)        -0.78578594     -3     3    -8.7577676e-08
1640 region_rec_diffs(6,141)        -0.5877948     -3     3    1.3013152e-06
1641 region_rec_diffs(6,142)        0.047947492     -3     3    5.372374e-07
1642 region_rec_diffs(6,143)        -0.40705931     -3     3    -2.2017852e-07
1643 region_rec_diffs(6,144)        -0.39612742     -3     3    6.8559445e-07
1644 region_rec_diffs(6,145)        0.025431926     -3     3    -1.9314515e-07
1645 region_rec_diffs(6,146)        -0.152028     -3     3    1.6724971e-07
1646 region_rec_diffs(6,147)        1.2065315     -3     3    -8.2487409e-07
1647 region_rec_diffs(6,148)        -0.31287405     -3     3    -1.1742432e-06
1648 region_rec_diffs(6,149)        -0.042961444     -3     3    8.9697719e-07
1649 region_rec_diffs(6,150)        -0.40185766     -3     3    8.3161627e-07
1650 region_rec_diffs(6,151)        -0.65309483     -3     3    -2.2726928e-06
1651 region_rec_diffs(6,152)        -1.0126384     -3     3    -1.4669335e-06
1652 region_rec_diffs(6,153)        -0.77812844     -3     3    -1.689759e-06
1653 region_rec_diffs(6,154)        -0.55233035     -3     3    -1.4057661e-06
1654 region_rec_diffs(6,155)        -0.61690469     -3     3    2.9911988e-07
1655 region_rec_diffs(6,156)        -0.87733566     -3     3    3.8643728e-07
1656 region_rec_diffs(6,157)        0.097660248     -3     3    -1.2717373e-07
1657 region_rec_diffs(6,158)        -0.15101906     -3     3    2.0635203e-06
1658 region_rec_diffs(6,159)        -0.57199783     -3     3    -1.5934715e-06
1659 region_rec_diffs(6,160)        -0.32656586     -3     3    3.4088388e-06
1660 region_rec_diffs(6,161)        0.0098865324     -3     3    8.060666e-08
1661 region_rec_diffs(6,162)        0.90727867     -3     3    3.0387682e-06
1662 region_rec_diffs(6,163)        -1.5734747     -3     3    -9.5816143e-08
1663 region_rec_diffs(6,164)        -0.96873538     -3     3    5.0505377e-07
1664 region_rec_diffs(6,165)        -0.048425141     -3     3    5.3375024e-07
1665 region_rec_diffs(6,166)        -0.43090622     -3     3    1.6520745e-06
1666 region_rec_diffs(6,167)        0.56380665     -3     3    -2.2644378e-06
1667 region_rec_diffs(6,168)        0.079486702     -3     3    -2.7288641e-06
1668 region_rec_diffs(6,169)        -0.38549852     -3     3    -8.4074139e-07
1669 region_rec_diffs(6,170)        -0.62302745     -3     3    -1.179843e-06
1670 region_rec_diffs(6,171)        -0.85665587     -3     3    6.5776781e-07
1671 region_rec_diffs(6,172)        -0.37652241     -3     3    -1.6892137e-06
1672 region_rec_diffs(6,173)        0.64968531     -3     3    1.0995373e-06
1673 region_rec_diffs(6,174)        -0.31445154     -3     3    9.7024223e-07
1674 region_rec_diffs(6,175)        -0.66618159     -3     3    2.3958403e-06
1675 region_rec_diffs(6,176)        -1.3185314     -3     3    -2.6968091e-07
1676 region_rec_diffs(6,177)        -1.5009847     -3     3    1.2359053e-06
1677 region_rec_diffs(6,178)        -1.0435185     -3     3    1.7528758e-06
1678 region_rec_diffs(6,179)        0.19302356     -3     3    4.4010406e-06
1679 region_rec_diffs(6,180)        0.11557026     -3     3    -2.9346923e-08
1680 region_rec_diffs(6,181)        -0.10994088     -3     3    -7.8988876e-07
1681 region_rec_diffs(6,182)        -0.36241747     -3     3    -3.0188798e-07
1682 region_rec_diffs(6,183)        -0.6154251     -3     3    -3.080381e-07
1683 region_rec_diffs(6,184)        -0.88342178     -3     3    -4.9661306e-08
1684 region_rec_diffs(6,185)        -1.2456818     -3     3    -7.5148897e-07
1685 region_rec_diffs(6,186)        0.80379689     -3     3    -8.2455994e-07
1686 region_rec_diffs(6,187)        0.7705584     -3     3    -1.2452354e-06
1687 region_rec_diffs(6,188)        -1.1427077     -3     3    4.8812309e-07
1688 region_rec_diffs(6,189)        -0.90511815     -3     3    1.8464808e-07
1689 region_rec_diffs(6,190)        -1.6524686     -3     3    -2.8919666e-07
1690 region_rec_diffs(6,191)        -0.7863478     -3     3    -1.8349163e-06
1691 region_rec_diffs(6,192)        -0.30196389     -3     3    -2.8716777e-06
1692 region_rec_diffs(6,193)        -1.3370404     -3     3    -1.798725e-06
1693 region_rec_diffs(6,194)        -1.4687336     -3     3    1.1639078e-07
1694 region_rec_diffs(6,195)        0.35618546     -3     3    4.9081792e-07
1695 region_rec_diffs(6,196)        0.23622877     -3     3    -6.6612079e-06
1696 region_rec_diffs(6,197)        -0.55044398     -3     3    -2.5684086e-07
1697 region_rec_diffs(6,198)        -0.5687557     -3     3    -8.297493e-07
1698 region_rec_diffs(6,199)        0.53224436     -3     3    2.0208878e-06
1699 region_rec_diffs(6,200)        -0.85570232     -3     3    6.2609434e-07
1700 region_rec_diffs(6,201)        -1.2641417     -3     3    2.3352273e-07
1701 region_rec_diffs(6,202)        -1.0898782     -3     3    -2.269864e-06
1702 region_rec_diffs(6,203)        -0.77110144     -3     3    7.4776487e-08
1703 region_rec_diffs(6,204)        1.4930298     -3     3    -9.0933491e-06
1704 region_rec_diffs(6,205)        -0.22680566     -3     3    -7.6990302e-07
1705 region_rec_diffs(6,206)        -0.99883537     -3     3    -1.5310315e-06
1706 region_rec_diffs(6,207)        -1.5504061     -3     3    5.8949963e-07
1707 region_rec_diffs(6,208)        -2.2671136     -3     3    -1.0700638e-06
1708 region_rec_diffs(6,209)        -2.2564919     -3     3    -3.1124409e-07
1709 region_rec_diffs(6,210)        -2.0664796     -3     3    -9.5860732e-07
1710 region_rec_diffs(6,211)        0.87275941     -3     3    -3.22967e-06
1711 region_rec_diffs(6,212)        -0.13421673     -3     3    3.6361193e-07
1712 region_rec_diffs(6,213)        -0.59906952     -3     3    1.7158951e-06
1713 region_rec_diffs(6,214)        -0.71465704     -3     3    -1.0325836e-06
1714 region_rec_diffs(6,215)        -0.48558064     -3     3    -7.7134194e-06
1715 region_rec_diffs(6,216)        -1.2921532     -3     3    -1.4475163e-06
1716 region_rec_diffs(6,217)        -0.45586918     -3     3    4.9734073e-07
1717 region_rec_diffs(6,218)        1.1333306     -3     3    -7.3043445e-07
1718 region_rec_diffs(6,219)        -0.54237053     -3     3    1.703996e-06
1719 region_rec_diffs(6,220)        -1.8465241     -3     3    4.3301114e-07
1720 region_rec_diffs(6,221)        -1.7719816     -3     3    1.4716601e-06
1721 region_rec_diffs(6,222)        -2.057317     -3     3    -5.8527151e-07
1722 region_rec_diffs(6,223)        -0.026160503     -3     3    1.3934925e-06
1723 region_rec_diffs(6,224)        0.24394446     -3     3    -2.1437637e-06
1724 region_rec_diffs(6,225)        -0.10110109     -3     3    -1.59104e-06
1725 region_rec_diffs(6,226)        -0.45623541     -3     3    2.3160223e-06
1726 region_rec_diffs(6,227)        -0.75042445     -3     3    3.1315127e-06
1727 region_rec_diffs(6,228)        -1.1821762     -3     3    4.208424e-06
1728 region_rec_diffs(6,229)        -0.17422834     -3     3    2.9424685e-06
1729 region_rec_diffs(6,230)        0.36220758     -3     3    -2.3787138e-06
1730 region_rec_diffs(6,231)        -0.42653023     -3     3    7.6866683e-08
1731 region_rec_diffs(6,232)        0.39866502     -3     3    1.640669e-06
1732 region_rec_diffs(6,233)        -0.48628085     -3     3    -6.1734158e-07
1733 region_rec_diffs(6,234)        -0.35393621     -3     3    -1.5674621e-07
1734 region_rec_diffs(6,235)        -0.40494941     -3     3    4.219934e-06
1735 region_rec_diffs(6,236)        -0.86599952     -3     3    2.2565169e-06
1736 region_rec_diffs(6,237)        0.21866145     -3     3    -3.1577095e-06
1737 region_rec_diffs(6,238)        -0.70520569     -3     3    -1.092339e-06
1738 region_rec_diffs(6,239)        -0.54518435     -3     3    -1.8093358e-06
1739 region_rec_diffs(6,240)        -0.28487786     -3     3    5.590713e-06
1740 region_rec_diffs(6,241)        -0.8779962     -3     3    -5.3645117e-06
1741 region_rec_diffs(6,242)        -0.3035092     -3     3    9.2441863e-06
1742 region_rec_diffs(6,243)        -0.23407378     -3     3    -1.9903601e-06
1743 region_rec_diffs(6,244)        -0.9654372     -3     3    4.401938e-07
1744 region_rec_diffs(6,245)        -0.25763829     -3     3    -5.786983e-07
1745 region_rec_diffs(6,246)        -0.47730842     -3     3    9.8695773e-08
1746 region_rec_diffs(6,247)        -1.0828224     -3     3    -5.8134349e-07
1747 region_rec_diffs(6,248)        0.087722882     -3     3    -4.9743967e-06
1748 region_rec_diffs(6,249)        0.56837614     -3     3    1.945317e-06
1749 region_rec_diffs(6,250)        -0.2415975     -3     3    -2.7141962e-06
1750 region_rec_diffs(6,251)        -0.0075817053     -3     3    -9.4945079e-07
1751 region_rec_diffs(6,252)        -1.7673082     -3     3    3.0444613e-07
1752 region_rec_diffs(6,253)        -0.62006099     -3     3    -1.5898218e-06
1753 region_rec_diffs(6,254)        -0.42526369     -3     3    1.4183647e-07
1754 region_rec_diffs(6,255)        0.50380658     -3     3    5.9163663e-07
1755 region_rec_diffs(6,256)        -1.1120987     -3     3    4.3160918e-08
1756 region_rec_diffs(6,257)        -1.0623635     -3     3    -2.2099372e-06
1757 region_rec_diffs(6,258)        -0.9803891     -3     3    -2.3696866e-06
1758 region_rec_diffs(6,259)        -0.50912342     -3     3    -4.1136599e-06
1759 region_rec_diffs(6,260)        -0.84679921     -3     3    -1.5391505e-06
1760 region_rec_diffs(6,261)        -1.3404109     -3     3    -8.6586658e-07
1761 region_rec_diffs(6,262)        -2.0385786     -3     3    -2.4705219e-06
1762 region_rec_diffs(6,263)        -1.3483143     -3     3    -2.7067674e-06
1763 region_rec_diffs(6,264)        -0.08847898     -3     3    -7.2696734e-07
1764 region_rec_diffs(6,265)        -0.3164416     -3     3    5.662637e-07
1765 region_rec_diffs(6,266)        -0.98903284     -3     3    3.0846654e-06
1766 region_rec_diffs(6,267)        -0.81694486     -3     3    9.0051551e-08
1767 region_rec_diffs(6,268)        -0.87347967     -3     3    -7.0357359e-07
1768 region_rec_diffs(6,269)        -0.83827233     -3     3    -1.3543914e-06
1769 region_rec_diffs(6,270)        0.22518054     -3     3    -1.3953769e-06
1770 region_rec_diffs(6,271)        0.9986775     -3     3    3.9259376e-06
1771 region_rec_diffs(6,272)        -0.93862391     -3     3    -7.8721082e-07
1772 region_rec_diffs(6,273)        -0.87343829     -3     3    1.3999886e-06
1773 region_rec_diffs(6,274)        -0.84585606     -3     3    -6.7707399e-07
1774 region_rec_diffs(6,275)        -0.75571549     -3     3    2.9446996e-07
1775 region_rec_diffs(6,276)        -0.12583229     -3     3    2.3891873e-06
1776 region_rec_diffs(6,277)        0.77901826     -3     3    6.5427613e-06
1777 region_rec_diffs(6,278)        -0.63822635     -3     3    -6.4086451e-07
1778 region_rec_diffs(6,279)        -0.11004832     -3     3    3.4500913e-07
1779 region_rec_diffs(7,1)        -1.8233307e-07     -3     3    -2.5138848e-07
1780 region_rec_diffs(7,2)        -1.2022559     -3     3    6.7765809e-06
1781 region_rec_diffs(7,3)        -0.98494328     -3     3    7.6345086e-06
1782 region_rec_diffs(7,4)        -1.0258201     -3     3    3.3806893e-06
1783 region_rec_diffs(7,5)        -1.0537165     -3     3    2.9017236e-06
1784 region_rec_diffs(7,6)        -0.10385009     -3     3    -3.8831963e-07
1785 region_rec_diffs(7,7)        -1.8101539     -3     3    1.7935795e-07
1786 region_rec_diffs(7,8)        -0.15859802     -3     3    -4.4480324e-07
1787 region_rec_diffs(7,9)        -0.70648632     -3     3    6.3916176e-07
1788 region_rec_diffs(7,10)        -0.44802099     -3     3    -6.1155416e-07
1789 region_rec_diffs(7,11)        -2.2949309     -3     3    -2.2687606e-07
1790 region_rec_diffs(7,12)        -0.14490544     -3     3    1.3406799e-06
1791 region_rec_diffs(7,13)        -0.83911142     -3     3    -5.3451652e-06
1792 region_rec_diffs(7,14)        -0.21926506     -3     3    -2.0964944e-06
1793 region_rec_diffs(7,15)        0.12087017     -3     3    4.6266396e-07
1794 region_rec_diffs(7,16)        0.11952274     -3     3    -1.5855674e-06
1795 region_rec_diffs(7,17)        -0.35001851     -3     3    3.8912579e-06
1796 region_rec_diffs(7,18)        -1.3308356     -3     3    -4.4591694e-07
1797 region_rec_diffs(7,19)        -0.081260677     -3     3    8.0034658e-07
1798 region_rec_diffs(7,20)        -0.0038432132     -3     3    -1.8938573e-07
1799 region_rec_diffs(7,21)        -0.95040774     -3     3    2.9691718e-07
1800 region_rec_diffs(7,22)        -1.5935404     -3     3    -8.7287e-07
1801 region_rec_diffs(7,23)        -0.77101023     -3     3    9.5254429e-07
1802 region_rec_diffs(7,24)        -0.36191442     -3     3    -3.2985408e-07
1803 region_rec_diffs(7,25)        -2.3544528     -3     3    1.1915283e-07
1804 region_rec_diffs(7,26)        -0.46901     -3     3    2.6990799e-08
1805 region_rec_diffs(7,27)        -2.5713274     -3     3    -1.6110859e-07
1806 region_rec_diffs(7,28)        -0.19038868     -3     3    -8.594601e-07
1807 region_rec_diffs(7,29)        -0.072431052     -3     3    1.729372e-07
1808 region_rec_diffs(7,30)        0.2369142     -3     3    -8.3968027e-07
1809 region_rec_diffs(7,31)        0.1935275     -3     3    3.4767523e-07
1810 region_rec_diffs(7,32)        0.033766765     -3     3    -3.8953422e-07
1811 region_rec_diffs(7,33)        -1.3248554     -3     3    -2.0220156e-07
1812 region_rec_diffs(7,34)        -1.8184557     -3     3    1.1645846e-06
1813 region_rec_diffs(7,35)        -0.2280541     -3     3    -7.0724713e-07
1814 region_rec_diffs(7,36)        -1.7515191     -3     3    -2.0064367e-08
1815 region_rec_diffs(7,37)        -1.6824213     -3     3    -1.4768773e-06
1816 region_rec_diffs(7,38)        -0.30110358     -3     3    -7.984317e-07
1817 region_rec_diffs(7,39)        -0.053066736     -3     3    4.7485196e-07
1818 region_rec_diffs(7,40)        -0.35107606     -3     3    8.7391827e-07
1819 region_rec_diffs(7,41)        -1.3048174     -3     3    1.1580831e-06
1820 region_rec_diffs(7,42)        -0.82314101     -3     3    1.5164601e-07
1821 region_rec_diffs(7,43)        -0.094556806     -3     3    -5.4646421e-07
1822 region_rec_diffs(7,44)        -1.7480917     -3     3    -1.5763564e-06
1823 region_rec_diffs(7,45)        -1.8278231     -3     3    -6.4986191e-07
1824 region_rec_diffs(7,46)        -0.32545184     -3     3    -2.1856193e-07
1825 region_rec_diffs(7,47)        -0.32831516     -3     3    -1.3801019e-06
1826 region_rec_diffs(7,48)        -1.1444556     -3     3    -2.9240323e-06
1827 region_rec_diffs(7,49)        -0.51185601     -3     3    -1.1115172e-06
1828 region_rec_diffs(7,50)        -0.025188956     -3     3    -8.9010539e-07
1829 region_rec_diffs(7,51)        -1.3310357     -3     3    8.5494968e-07
1830 region_rec_diffs(7,52)        0.11917906     -3     3    1.2693663e-06
1831 region_rec_diffs(7,53)        -1.0037307     -3     3    7.7545148e-07
1832 region_rec_diffs(7,54)        0.068996377     -3     3    -8.8080274e-07
1833 region_rec_diffs(7,55)        -1.1250332     -3     3    -2.4486389e-07
1834 region_rec_diffs(7,56)        0.031705549     -3     3    5.2199181e-07
1835 region_rec_diffs(7,57)        -1.1541523     -3     3    -1.8765254e-06
1836 region_rec_diffs(7,58)        -0.97114294     -3     3    2.3370832e-08
1837 region_rec_diffs(7,59)        -0.65271343     -3     3    -6.5024022e-07
1838 region_rec_diffs(7,60)        -1.6283584     -3     3    -1.3058251e-06
1839 region_rec_diffs(7,61)        -1.2210671     -3     3    -2.6528016e-06
1840 region_rec_diffs(7,62)        -0.072227222     -3     3    5.693602e-08
1841 region_rec_diffs(7,63)        -0.64831777     -3     3    1.462604e-07
1842 region_rec_diffs(7,64)        -1.350162     -3     3    -3.4717094e-06
1843 region_rec_diffs(7,65)        -1.3367777     -3     3    -3.4931999e-06
1844 region_rec_diffs(7,66)        0.12439851     -3     3    -6.8198587e-07
1845 region_rec_diffs(7,67)        -0.92778414     -3     3    -2.8034396e-07
1846 region_rec_diffs(7,68)        -1.4335517     -3     3    -3.3453143e-07
1847 region_rec_diffs(7,69)        -0.47261872     -3     3    -2.1722882e-06
1848 region_rec_diffs(7,70)        0.084943042     -3     3    2.250373e-07
1849 region_rec_diffs(7,71)        -0.90818453     -3     3    4.645606e-07
1850 region_rec_diffs(7,72)        0.19917498     -3     3    -3.8615722e-06
1851 region_rec_diffs(7,73)        -0.24698235     -3     3    2.2592432e-06
1852 region_rec_diffs(7,74)        0.10296739     -3     3    1.2835789e-07
1853 region_rec_diffs(7,75)        -0.58182127     -3     3    -1.7234752e-06
1854 region_rec_diffs(7,76)        0.85435418     -3     3    -5.0716005e-07
1855 region_rec_diffs(7,77)        -0.20338985     -3     3    -3.2417538e-06
1856 region_rec_diffs(7,78)        -0.084654677     -3     3    8.3518575e-07
1857 region_rec_diffs(7,79)        -1.4260597     -3     3    -1.1924294e-06
1858 region_rec_diffs(7,80)        -0.90217871     -3     3    -2.4217054e-06
1859 region_rec_diffs(7,81)        -0.19790921     -3     3    -1.0999295e-06
1860 region_rec_diffs(7,82)        -0.41014189     -3     3    -9.2815774e-07
1861 region_rec_diffs(7,83)        -0.87851543     -3     3    1.5267399e-06
1862 region_rec_diffs(7,84)        0.34848093     -3     3    5.8553201e-07
1863 region_rec_diffs(7,85)        -0.44957238     -3     3    9.2529861e-08
1864 region_rec_diffs(7,86)        -0.1952909     -3     3    -1.5246732e-06
1865 region_rec_diffs(7,87)        -1.7884489     -3     3    -9.1221385e-07
1866 region_rec_diffs(7,88)        0.56001017     -3     3    -1.2522989e-06
1867 region_rec_diffs(7,89)        -0.19751398     -3     3    -2.4177596e-07
1868 region_rec_diffs(7,90)        0.49942238     -3     3    -7.4066268e-07
1869 region_rec_diffs(7,91)        0.06959244     -3     3    -2.1106008e-06
1870 region_rec_diffs(7,92)        -0.347203     -3     3    3.423369e-07
1871 region_rec_diffs(7,93)        -1.8912488     -3     3    -1.0755557e-06
1872 region_rec_diffs(7,94)        -2.0622866     -3     3    -8.707974e-07
1873 region_rec_diffs(7,95)        -0.57456642     -3     3    -4.9481685e-07
1874 region_rec_diffs(7,96)        -1.0905293     -3     3    1.2869588e-06
1875 region_rec_diffs(7,97)        -0.73993633     -3     3    1.5913494e-07
1876 region_rec_diffs(7,98)        -0.97016581     -3     3    8.3236988e-07
1877 region_rec_diffs(7,99)        -0.46451245     -3     3    4.1608773e-07
1878 region_rec_diffs(7,100)        0.11934858     -3     3    7.4040649e-08
1879 region_rec_diffs(7,101)        -0.078342797     -3     3    1.2368637e-06
1880 region_rec_diffs(7,102)        -0.0046090321     -3     3    1.8522211e-06
1881 region_rec_diffs(7,103)        -1.1416174     -3     3    -1.6936131e-06
1882 region_rec_diffs(7,104)        -1.17529     -3     3    -2.0528532e-06
1883 region_rec_diffs(7,105)        0.075622615     -3     3    2.9659792e-06
1884 region_rec_diffs(7,106)        0.046494848     -3     3    1.200513e-06
1885 region_rec_diffs(7,107)        -0.06816593     -3     3    -5.9139908e-06
1886 region_rec_diffs(7,108)        -0.014939671     -3     3    2.1103238e-06
1887 region_rec_diffs(7,109)        -0.6723252     -3     3    -8.5886157e-07
1888 region_rec_diffs(7,110)        -0.0028116136     -3     3    -4.0522332e-07
1889 region_rec_diffs(7,111)        0.78281813     -3     3    3.6382325e-07
1890 region_rec_diffs(7,112)        -2.9999991     -3     3    -6.2179189e-08   *************
1891 region_rec_diffs(7,113)        -1.2127459     -3     3    1.2873814e-06
1892 region_rec_diffs(7,114)        0.2610867     -3     3    7.6741458e-07
1893 region_rec_diffs(7,115)        0.2004575     -3     3    9.6872307e-07
1894 region_rec_diffs(7,116)        -1.6082512     -3     3    1.249204e-06
1895 region_rec_diffs(7,117)        -1.0834998     -3     3    4.0123111e-07
1896 region_rec_diffs(7,118)        0.048324648     -3     3    2.1086015e-07
1897 region_rec_diffs(7,119)        -0.14308573     -3     3    3.6496415e-06
1898 region_rec_diffs(7,120)        0.41437515     -3     3    2.507504e-06
1899 region_rec_diffs(7,121)        -1.3855494     -3     3    -1.5575089e-07
1900 region_rec_diffs(7,122)        0.64250135     -3     3    3.3565269e-07
1901 region_rec_diffs(7,123)        -1.3480163     -3     3    -4.4406489e-07
1902 region_rec_diffs(7,124)        -1.7984016     -3     3    9.6292087e-07
1903 region_rec_diffs(7,125)        -0.52462076     -3     3    6.5773332e-08
1904 region_rec_diffs(7,126)        0.48250322     -3     3    1.1457928e-07
1905 region_rec_diffs(7,127)        -0.096671617     -3     3    -4.2746053e-07
1906 region_rec_diffs(7,128)        0.21013847     -3     3    -1.4334455e-06
1907 region_rec_diffs(7,129)        -0.12750474     -3     3    -1.7416149e-06
1908 region_rec_diffs(7,130)        0.97522539     -3     3    -6.7014215e-07
1909 region_rec_diffs(7,131)        -0.51253974     -3     3    1.2409884e-06
1910 region_rec_diffs(7,132)        -2.9999996     -3     3    -1.0503544e-07   *************
1911 region_rec_diffs(7,133)        -2.117883     -3     3    9.0318256e-07
1912 region_rec_diffs(7,134)        0.53024834     -3     3    4.7261455e-06
1913 region_rec_diffs(7,135)        0.25820728     -3     3    -9.6031825e-07
1914 region_rec_diffs(7,136)        -0.4056076     -3     3    -1.4429668e-06
1915 region_rec_diffs(7,137)        0.46211794     -3     3    5.9402006e-07
1916 region_rec_diffs(7,138)        1.0123783     -3     3    1.4777769e-06
1917 region_rec_diffs(7,139)        0.71796363     -3     3    1.0770027e-06
1918 region_rec_diffs(7,140)        0.80714974     -3     3    -1.5453832e-06
1919 region_rec_diffs(7,141)        -0.35702714     -3     3    1.5126476e-06
1920 region_rec_diffs(7,142)        0.34986858     -3     3    4.5487004e-07
1921 region_rec_diffs(7,143)        -1.3127399     -3     3    1.5512892e-06
1922 region_rec_diffs(7,144)        0.55831303     -3     3    -1.1801601e-07
1923 region_rec_diffs(7,145)        -1.3523981     -3     3    -1.2873684e-06
1924 region_rec_diffs(7,146)        -1.0120146     -3     3    1.0477075e-06
1925 region_rec_diffs(7,147)        -0.76237259     -3     3    -3.9793492e-07
1926 region_rec_diffs(7,148)        0.10823344     -3     3    9.2603076e-07
1927 region_rec_diffs(7,149)        -0.50618122     -3     3    -2.7993989e-07
1928 region_rec_diffs(7,150)        -0.371873     -3     3    2.8735902e-08
1929 region_rec_diffs(7,151)        0.58004984     -3     3    -9.6080329e-07
1930 region_rec_diffs(7,152)        0.063068862     -3     3    1.4801367e-06
1931 region_rec_diffs(7,153)        -1.3966763     -3     3    -6.0998451e-07
1932 region_rec_diffs(7,154)        -1.052768     -3     3    8.6755964e-07
1933 region_rec_diffs(7,155)        0.85464374     -3     3    -5.0108605e-06
1934 region_rec_diffs(7,156)        -2.9999995     -3     3    -2.1483173e-06   *************
1935 region_rec_diffs(7,157)        0.42284111     -3     3    1.0849769e-06
1936 region_rec_diffs(7,158)        0.20645647     -3     3    -7.2829023e-06
1937 region_rec_diffs(7,159)        -1.1188335     -3     3    1.8449481e-07
1938 region_rec_diffs(7,160)        0.33667793     -3     3    -4.1033032e-07
1939 region_rec_diffs(7,161)        -1.7562317     -3     3    6.5776413e-08
1940 region_rec_diffs(7,162)        -0.7949252     -3     3    6.2272602e-07
1941 region_rec_diffs(7,163)        0.58975646     -3     3    1.255232e-06
1942 region_rec_diffs(7,164)        -0.61821308     -3     3    -3.1521508e-07
1943 region_rec_diffs(7,165)        0.16989694     -3     3    -8.8953206e-07
1944 region_rec_diffs(7,166)        0.67399131     -3     3    -1.43311e-06
1945 region_rec_diffs(7,167)        0.3395416     -3     3    3.6166205e-06
1946 region_rec_diffs(7,168)        -0.75746712     -3     3    3.9204519e-06
1947 region_rec_diffs(7,169)        0.46397837     -3     3    6.2489823e-07
1948 region_rec_diffs(7,170)        0.95045753     -3     3    -8.5134152e-07
1949 region_rec_diffs(7,171)        -1.4101079     -3     3    7.8200027e-08
1950 region_rec_diffs(7,172)        -1.4722755     -3     3    -2.0737272e-06
1951 region_rec_diffs(7,173)        -1.9616578     -3     3    -8.4714229e-08
1952 region_rec_diffs(7,174)        0.25889357     -3     3    -1.9389523e-06
1953 region_rec_diffs(7,175)        0.33085758     -3     3    -5.0197723e-06
1954 region_rec_diffs(7,176)        0.99520978     -3     3    -2.1897681e-06
1955 region_rec_diffs(7,177)        0.15899827     -3     3    -1.3299562e-06
1956 region_rec_diffs(7,178)        -1.511409     -3     3    -5.7056214e-07
1957 region_rec_diffs(7,179)        0.83143338     -3     3    -2.4338956e-06
1958 region_rec_diffs(7,180)        -0.62884699     -3     3    -2.1263127e-06
1959 region_rec_diffs(7,181)        0.65362131     -3     3    -5.9103548e-07
1960 region_rec_diffs(7,182)        1.0103112     -3     3    -3.1829676e-08
1961 region_rec_diffs(7,183)        0.50676771     -3     3    -1.3038592e-06
1962 region_rec_diffs(7,184)        0.29008886     -3     3    -1.7882713e-06
1963 region_rec_diffs(7,185)        -1.5447523     -3     3    -1.0873199e-06
1964 region_rec_diffs(7,186)        0.54552875     -3     3    -8.8325171e-07
1965 region_rec_diffs(7,187)        0.28222802     -3     3    2.6955736e-06
1966 region_rec_diffs(7,188)        -0.18633424     -3     3    7.3966261e-08
1967 region_rec_diffs(7,189)        0.84065789     -3     3    -1.4100458e-07
1968 region_rec_diffs(7,190)        0.9397233     -3     3    -2.3251695e-07
1969 region_rec_diffs(7,191)        -0.39386114     -3     3    -9.9864416e-07
1970 region_rec_diffs(7,192)        -1.4988876     -3     3    9.3958645e-07
1971 region_rec_diffs(7,193)        -2.3908705     -3     3    1.8301004e-06
1972 region_rec_diffs(7,194)        0.11224452     -3     3    -2.4145166e-08
1973 region_rec_diffs(7,195)        -0.3206268     -3     3    4.2865054e-06
1974 region_rec_diffs(7,196)        -1.6508279     -3     3    -1.0062231e-06
1975 region_rec_diffs(7,197)        0.45831356     -3     3    -2.0295053e-06
1976 region_rec_diffs(7,198)        0.93475606     -3     3    -7.9225812e-07
1977 region_rec_diffs(7,199)        -0.56106927     -3     3    -4.3221238e-06
1978 region_rec_diffs(7,200)        0.89939393     -3     3    4.4091881e-06
1979 region_rec_diffs(7,201)        -1.4567411     -3     3    1.7156395e-06
1980 region_rec_diffs(7,202)        -1.0652612     -3     3    1.6340541e-06
1981 region_rec_diffs(7,203)        -1.2257877     -3     3    5.5442956e-06
1982 region_rec_diffs(7,204)        -0.6411007     -3     3    1.5402635e-05
1983 region_rec_diffs(7,205)        0.010970919     -3     3    3.6362746e-06
1984 region_rec_diffs(7,206)        1.2400555     -3     3    -6.1614474e-07
1985 region_rec_diffs(7,207)        0.49848243     -3     3    -7.0682038e-06
1986 region_rec_diffs(7,208)        1.0911884     -3     3    -9.8732136e-06
1987 region_rec_diffs(7,209)        -1.5145683     -3     3    -4.6441164e-07
1988 region_rec_diffs(7,210)        -1.9933017     -3     3    2.9113397e-07
1989 region_rec_diffs(7,211)        -0.96061681     -3     3    1.4715048e-06
1990 region_rec_diffs(7,212)        0.044174877     -3     3    -1.3964654e-06
1991 region_rec_diffs(7,213)        0.85825518     -3     3    -4.9070551e-06
1992 region_rec_diffs(7,214)        0.79475785     -3     3    -7.5487708e-06
1993 region_rec_diffs(7,215)        0.48134692     -3     3    -1.9046212e-05
1994 region_rec_diffs(7,216)        0.32432066     -3     3    -5.8720801e-06
1995 region_rec_diffs(7,217)        0.38260501     -3     3    1.2022622e-06
1996 region_rec_diffs(7,218)        0.50309766     -3     3    2.3327967e-06
1997 region_rec_diffs(7,219)        -0.22365969     -3     3    3.4087161e-07
1998 region_rec_diffs(7,220)        -0.42624084     -3     3    -1.1851193e-06
1999 region_rec_diffs(7,221)        -0.48729914     -3     3    -9.0458639e-07
2000 region_rec_diffs(7,222)        0.56149025     -3     3    2.1976498e-06
2001 region_rec_diffs(7,223)        -0.39599282     -3     3    2.30255e-06
2002 region_rec_diffs(7,224)        -0.0093861042     -3     3    -5.33337e-07
2003 region_rec_diffs(7,225)        0.81461037     -3     3    -1.5105583e-06
2004 region_rec_diffs(7,226)        0.83982885     -3     3    -2.8877026e-07
2005 region_rec_diffs(7,227)        1.1002917     -3     3    -1.203229e-06
2006 region_rec_diffs(7,228)        0.2533409     -3     3    -2.3358263e-06
2007 region_rec_diffs(7,229)        -1.4978322     -3     3    -2.9797585e-08
2008 region_rec_diffs(7,230)        -2.2900323     -3     3    1.0737901e-06
2009 region_rec_diffs(7,231)        -2.9999774     -3     3    3.8962775e-06   *************
2010 region_rec_diffs(7,232)        -2.827524     -3     3    -5.7097665e-06
2011 region_rec_diffs(7,233)        -2.0170399     -3     3    -3.0596994e-06
2012 region_rec_diffs(7,234)        -0.3936296     -3     3    -2.6592025e-06
2013 region_rec_diffs(7,235)        -0.50967759     -3     3    5.3655344e-06
2014 region_rec_diffs(7,236)        0.05149825     -3     3    6.8974733e-07
2015 region_rec_diffs(7,237)        -0.56698566     -3     3    -2.1723594e-06
2016 region_rec_diffs(7,238)        0.59591983     -3     3    -1.1552077e-06
2017 region_rec_diffs(7,239)        -0.5975397     -3     3    1.191511e-06
2018 region_rec_diffs(7,240)        -0.95805515     -3     3    1.376677e-06
2019 region_rec_diffs(7,241)        -1.5629751     -3     3    1.8061956e-06
2020 region_rec_diffs(7,242)        -0.37769234     -3     3    1.9396842e-06
2021 region_rec_diffs(7,243)        0.062697366     -3     3    5.682605e-06
2022 region_rec_diffs(7,244)        -0.35258287     -3     3    -8.7492831e-07
2023 region_rec_diffs(7,245)        0.60609284     -3     3    3.4718344e-07
2024 region_rec_diffs(7,246)        0.28736221     -3     3    1.8933382e-06
2025 region_rec_diffs(7,247)        -0.76042981     -3     3    1.116897e-07
2026 region_rec_diffs(7,248)        -0.93619461     -3     3    3.2240805e-06
2027 region_rec_diffs(7,249)        0.33756377     -3     3    -2.3533512e-06
2028 region_rec_diffs(7,250)        0.68601246     -3     3    1.4834915e-06
2029 region_rec_diffs(7,251)        -0.31085121     -3     3    3.8468437e-06
2030 region_rec_diffs(7,252)        -0.30590375     -3     3    3.5600918e-07
2031 region_rec_diffs(7,253)        0.21152897     -3     3    2.9355765e-06
2032 region_rec_diffs(7,254)        0.77394583     -3     3    1.3060791e-06
2033 region_rec_diffs(7,255)        0.59583741     -3     3    1.5760183e-06
2034 region_rec_diffs(7,256)        -0.64417775     -3     3    2.9459187e-06
2035 region_rec_diffs(7,257)        0.39346262     -3     3    3.1281889e-07
2036 region_rec_diffs(7,258)        1.0381145     -3     3    1.2063756e-06
2037 region_rec_diffs(7,259)        0.87356024     -3     3    1.2931013e-06
2038 region_rec_diffs(7,260)        -2.4971821     -3     3    -1.4069594e-06
2039 region_rec_diffs(7,261)        0.21515046     -3     3    6.5877771e-07
2040 region_rec_diffs(7,262)        0.8769358     -3     3    -4.7180715e-07
2041 region_rec_diffs(7,263)        -1.1244629     -3     3    -5.6413001e-06
2042 region_rec_diffs(7,264)        -2.9999999     -3     3    1.0312332e-07   *************
2043 region_rec_diffs(7,265)        0.87711642     -3     3    3.4052177e-06
2044 region_rec_diffs(7,266)        0.37154623     -3     3    3.4549981e-06
2045 region_rec_diffs(7,267)        -2.9089546     -3     3    -1.6184725e-06
2046 region_rec_diffs(7,268)        -1.8173194     -3     3    -1.2200167e-06
2047 region_rec_diffs(7,269)        -1.5064437     -3     3    -3.2185998e-06
2048 region_rec_diffs(7,270)        -0.2780929     -3     3    2.6038215e-06
2049 region_rec_diffs(7,271)        -0.388668     -3     3    2.7006987e-07
2050 region_rec_diffs(7,272)        0.94168609     -3     3    3.6324988e-06
2051 region_rec_diffs(7,273)        0.24377389     -3     3    -3.0113943e-06
2052 region_rec_diffs(7,274)        0.60740415     -3     3    -6.762452e-06
2053 region_rec_diffs(7,275)        0.15510345     -3     3    -6.5419073e-06
2054 region_rec_diffs(7,276)        -1.3537924     -3     3    -1.0660091e-05
2055 region_rec_diffs(7,277)        -1.2060335     -3     3    -1.3784808e-05
2056 region_rec_diffs(7,278)        -0.087191209     -3     3    2.0493201e-06
2057 region_rec_diffs(7,279)        0.37901606     -3     3    1.0790966e-06
2058 region_rec_diffs(8,1)        -1.4940215e-07     -3     3    -9.469935e-08
2059 region_rec_diffs(8,2)        -1.1476069     -3     3    9.6991651e-06
2060 region_rec_diffs(8,3)        -1.2860265     -3     3    2.8157707e-06
2061 region_rec_diffs(8,4)        -1.2492579     -3     3    3.7327665e-06
2062 region_rec_diffs(8,5)        -1.3306011     -3     3    -1.6130466e-06
2063 region_rec_diffs(8,6)        -0.36767504     -3     3    1.1132731e-06
2064 region_rec_diffs(8,7)        -2.1043004     -3     3    -3.8605445e-07
2065 region_rec_diffs(8,8)        -0.093859584     -3     3    4.1772892e-07
2066 region_rec_diffs(8,9)        0.48931296     -3     3    1.2763034e-06
2067 region_rec_diffs(8,10)        0.10760061     -3     3    2.5737335e-07
2068 region_rec_diffs(8,11)        -1.5081733     -3     3    8.325055e-07
2069 region_rec_diffs(8,12)        -0.15761651     -3     3    1.7781758e-07
2070 region_rec_diffs(8,13)        -1.3548494     -3     3    -1.8346476e-06
2071 region_rec_diffs(8,14)        0.054727738     -3     3    -2.3392847e-06
2072 region_rec_diffs(8,15)        0.064323118     -3     3    5.6029565e-08
2073 region_rec_diffs(8,16)        -0.068208911     -3     3    8.9536588e-07
2074 region_rec_diffs(8,17)        -0.89865959     -3     3    2.1788235e-06
2075 region_rec_diffs(8,18)        -0.89323859     -3     3    2.1632371e-06
2076 region_rec_diffs(8,19)        -0.077327435     -3     3    5.4317764e-07
2077 region_rec_diffs(8,20)        -0.11928712     -3     3    5.3675446e-07
2078 region_rec_diffs(8,21)        -1.1551158     -3     3    1.2902891e-06
2079 region_rec_diffs(8,22)        -1.1623743     -3     3    -6.8107528e-07
2080 region_rec_diffs(8,23)        -0.3970518     -3     3    6.175613e-07
2081 region_rec_diffs(8,24)        -0.14464137     -3     3    7.7480871e-07
2082 region_rec_diffs(8,25)        -1.6538528     -3     3    5.4897406e-08
2083 region_rec_diffs(8,26)        -0.20878901     -3     3    -3.4718635e-07
2084 region_rec_diffs(8,27)        -1.8829358     -3     3    2.7062402e-07
2085 region_rec_diffs(8,28)        -0.1320924     -3     3    -4.4587165e-07
2086 region_rec_diffs(8,29)        -0.49862836     -3     3    -9.8705878e-07
2087 region_rec_diffs(8,30)        0.047523491     -3     3    -6.201912e-07
2088 region_rec_diffs(8,31)        -0.01136866     -3     3    -9.8560208e-07
2089 region_rec_diffs(8,32)        -0.13677136     -3     3    1.8736801e-07
2090 region_rec_diffs(8,33)        -1.1424347     -3     3    -8.4022773e-07
2091 region_rec_diffs(8,34)        -1.2117271     -3     3    6.6816467e-07
2092 region_rec_diffs(8,35)        -0.094643229     -3     3    -3.45079e-07
2093 region_rec_diffs(8,36)        -1.1665581     -3     3    9.6182552e-07
2094 region_rec_diffs(8,37)        -0.77208718     -3     3    1.3999692e-06
2095 region_rec_diffs(8,38)        0.34590018     -3     3    -1.3522379e-06
2096 region_rec_diffs(8,39)        0.094159936     -3     3    5.2888093e-07
2097 region_rec_diffs(8,40)        0.079456753     -3     3    7.394095e-07
2098 region_rec_diffs(8,41)        -1.1796851     -3     3    -3.0369304e-07
2099 region_rec_diffs(8,42)        -0.58866682     -3     3    8.4803748e-07
2100 region_rec_diffs(8,43)        -0.10279075     -3     3    -5.1337387e-07
2101 region_rec_diffs(8,44)        -1.6413356     -3     3    2.7530703e-07
2102 region_rec_diffs(8,45)        -1.4927052     -3     3    -5.0788512e-07
2103 region_rec_diffs(8,46)        -0.14175017     -3     3    3.9647041e-08
2104 region_rec_diffs(8,47)        -0.091505654     -3     3    -4.020318e-07
2105 region_rec_diffs(8,48)        -0.84151708     -3     3    -8.8894639e-07
2106 region_rec_diffs(8,49)        -0.80042977     -3     3    -4.4942842e-07
2107 region_rec_diffs(8,50)        -0.040875577     -3     3    2.7402863e-08
2108 region_rec_diffs(8,51)        -1.2648712     -3     3    6.9670855e-07
2109 region_rec_diffs(8,52)        -0.39659614     -3     3    -4.4795298e-07
2110 region_rec_diffs(8,53)        -1.6430791     -3     3    1.3550225e-07
2111 region_rec_diffs(8,54)        0.12214067     -3     3    -5.8103851e-07
2112 region_rec_diffs(8,55)        0.24903138     -3     3    -1.9602932e-06
2113 region_rec_diffs(8,56)        0.14010034     -3     3    -2.1111864e-07
2114 region_rec_diffs(8,57)        -0.97201818     -3     3    -2.2658457e-06
2115 region_rec_diffs(8,58)        -0.31164205     -3     3    -1.9994883e-06
2116 region_rec_diffs(8,59)        -0.10776408     -3     3    -3.6573896e-07
2117 region_rec_diffs(8,60)        -1.4406054     -3     3    -1.1419432e-06
2118 region_rec_diffs(8,61)        -1.3291027     -3     3    -1.6158736e-06
2119 region_rec_diffs(8,62)        -0.18837334     -3     3    6.9912787e-07
2120 region_rec_diffs(8,63)        -0.5713344     -3     3    3.0087619e-08
2121 region_rec_diffs(8,64)        -1.504593     -3     3    -9.4060149e-07
2122 region_rec_diffs(8,65)        -1.4334428     -3     3    -4.4240378e-07
2123 region_rec_diffs(8,66)        -0.0012404908     -3     3    -1.6683099e-07
2124 region_rec_diffs(8,67)        -0.67172761     -3     3    6.7829674e-08
2125 region_rec_diffs(8,68)        -1.1677216     -3     3    8.1137759e-07
2126 region_rec_diffs(8,69)        -0.92847786     -3     3    -1.2859996e-07
2127 region_rec_diffs(8,70)        0.045705212     -3     3    1.3605116e-07
2128 region_rec_diffs(8,71)        -0.64409     -3     3    -6.0590416e-07
2129 region_rec_diffs(8,72)        -0.56489757     -3     3    -2.2183219e-06
2130 region_rec_diffs(8,73)        -0.28660062     -3     3    9.9088628e-07
2131 region_rec_diffs(8,74)        -0.050670471     -3     3    -1.7781795e-08
2132 region_rec_diffs(8,75)        -1.0606797     -3     3    2.8070323e-07
2133 region_rec_diffs(8,76)        -0.5550743     -3     3    2.3213619e-08
2134 region_rec_diffs(8,77)        -0.88102156     -3     3    -1.5200828e-06
2135 region_rec_diffs(8,78)        -0.12673273     -3     3    2.0716114e-07
2136 region_rec_diffs(8,79)        -1.2648215     -3     3    -1.919438e-06
2137 region_rec_diffs(8,80)        -0.49241629     -3     3    -6.415214e-06
2138 region_rec_diffs(8,81)        -1.0867986     -3     3    -3.3833186e-08
2139 region_rec_diffs(8,82)        -0.61714431     -3     3    -2.8200983e-06
2140 region_rec_diffs(8,83)        1.1343223     -3     3    -1.4493542e-06
2141 region_rec_diffs(8,84)        -0.62912937     -3     3    -2.231477e-06
2142 region_rec_diffs(8,85)        -0.65564983     -3     3    -4.5365634e-07
2143 region_rec_diffs(8,86)        -0.21411565     -3     3    7.4275367e-07
2144 region_rec_diffs(8,87)        -1.3969936     -3     3    -3.3235353e-07
2145 region_rec_diffs(8,88)        -0.2783153     -3     3    1.4816325e-06
2146 region_rec_diffs(8,89)        0.4866925     -3     3    1.6872204e-06
2147 region_rec_diffs(8,90)        -0.14308544     -3     3    1.833173e-06
2148 region_rec_diffs(8,91)        -0.15951777     -3     3    -3.1242614e-06
2149 region_rec_diffs(8,92)        -0.35261505     -3     3    -1.121479e-06
2150 region_rec_diffs(8,93)        -1.0450017     -3     3    -3.0865224e-06
2151 region_rec_diffs(8,94)        -0.19419747     -3     3    -3.4305045e-07
2152 region_rec_diffs(8,95)        1.6314491     -3     3    2.0202832e-06
2153 region_rec_diffs(8,96)        -1.084818     -3     3    9.2088763e-07
2154 region_rec_diffs(8,97)        0.037236666     -3     3    2.6463784e-06
2155 region_rec_diffs(8,98)        1.1389057     -3     3    5.012017e-07
2156 region_rec_diffs(8,99)        -0.32739013     -3     3    8.0398779e-07
2157 region_rec_diffs(8,100)        -0.21517531     -3     3    1.3713777e-06
2158 region_rec_diffs(8,101)        0.0021197595     -3     3    -7.2882475e-08
2159 region_rec_diffs(8,102)        0.006291604     -3     3    -2.7522551e-07
2160 region_rec_diffs(8,103)        -0.63653706     -3     3    -1.3553247e-06
2161 region_rec_diffs(8,104)        0.42942407     -3     3    1.5743162e-06
2162 region_rec_diffs(8,105)        -0.047411074     -3     3    1.636834e-07
2163 region_rec_diffs(8,106)        -0.052223356     -3     3    -3.759403e-07
2164 region_rec_diffs(8,107)        -0.37905576     -3     3    -2.5998443e-08
2165 region_rec_diffs(8,108)        -0.89202536     -3     3    -1.681578e-06
2166 region_rec_diffs(8,109)        0.67657301     -3     3    -3.8790351e-06
2167 region_rec_diffs(8,110)        -0.05049395     -3     3    2.5192472e-08
2168 region_rec_diffs(8,111)        -0.51543027     -3     3    -1.3731691e-06
2169 region_rec_diffs(8,112)        -0.21903377     -3     3    -6.5437838e-06
2170 region_rec_diffs(8,113)        -0.087660653     -3     3    -2.721873e-06
2171 region_rec_diffs(8,114)        -0.056969756     -3     3    1.4193675e-07
2172 region_rec_diffs(8,115)        -0.34403255     -3     3    -1.0166869e-06
2173 region_rec_diffs(8,116)        -0.35810541     -3     3    -2.4818497e-06
2174 region_rec_diffs(8,117)        0.29228626     -3     3    -4.934157e-06
2175 region_rec_diffs(8,118)        0.15074294     -3     3    -4.5496199e-07
2176 region_rec_diffs(8,119)        0.85893072     -3     3    -2.277862e-06
2177 region_rec_diffs(8,120)        0.48479886     -3     3    -1.8982724e-06
2178 region_rec_diffs(8,121)        -0.33409424     -3     3    -9.5851275e-07
2179 region_rec_diffs(8,122)        -0.25478234     -3     3    1.2042969e-07
2180 region_rec_diffs(8,123)        -0.24882129     -3     3    8.4088918e-07
2181 region_rec_diffs(8,124)        0.92009901     -3     3    3.771064e-06
2182 region_rec_diffs(8,125)        -0.042815694     -3     3    -2.0553628e-07
2183 region_rec_diffs(8,126)        0.0880589     -3     3    7.479793e-07
2184 region_rec_diffs(8,127)        1.1555332     -3     3    8.5222823e-07
2185 region_rec_diffs(8,128)        0.076437536     -3     3    3.1771282e-06
2186 region_rec_diffs(8,129)        0.10821807     -3     3    2.212572e-06
2187 region_rec_diffs(8,130)        -0.0083752772     -3     3    2.4531619e-07
2188 region_rec_diffs(8,131)        1.241049     -3     3    -4.7024831e-07
2189 region_rec_diffs(8,132)        0.60971594     -3     3    -6.503185e-06
2190 region_rec_diffs(8,133)        -0.2409748     -3     3    -1.7941966e-06
2191 region_rec_diffs(8,134)        1.2759775     -3     3    -5.227458e-06
2192 region_rec_diffs(8,135)        -0.34286792     -3     3    -1.3876856e-06
2193 region_rec_diffs(8,136)        -1.3515549     -3     3    -7.2487014e-07
2194 region_rec_diffs(8,137)        -0.15166219     -3     3    3.495795e-07
2195 region_rec_diffs(8,138)        -1.0640916     -3     3    -5.9970199e-07
2196 region_rec_diffs(8,139)        -0.092788971     -3     3    3.7490315e-07
2197 region_rec_diffs(8,140)        0.60445191     -3     3    5.5511559e-06
2198 region_rec_diffs(8,141)        -0.46504857     -3     3    5.4125218e-07
2199 region_rec_diffs(8,142)        0.014064317     -3     3    3.8774916e-07
2200 region_rec_diffs(8,143)        -0.3073082     -3     3    3.8614839e-08
2201 region_rec_diffs(8,144)        -0.31989961     -3     3    1.5033739e-06
2202 region_rec_diffs(8,145)        0.99552883     -3     3    1.4457574e-06
2203 region_rec_diffs(8,146)        1.8942302     -3     3    9.3284882e-07
2204 region_rec_diffs(8,147)        0.47284138     -3     3    -3.0300525e-07
2205 region_rec_diffs(8,148)        -0.35276655     -3     3    -2.0572178e-06
2206 region_rec_diffs(8,149)        -0.85580046     -3     3    8.8823119e-07
2207 region_rec_diffs(8,150)        1.0999251     -3     3    2.4237945e-06
2208 region_rec_diffs(8,151)        0.65157581     -3     3    1.2782436e-06
2209 region_rec_diffs(8,152)        0.83146151     -3     3    1.3089632e-08
2210 region_rec_diffs(8,153)        0.90948899     -3     3    1.1013255e-06
2211 region_rec_diffs(8,154)        2.0322335     -3     3    3.0002506e-06
2212 region_rec_diffs(8,155)        -0.70567613     -3     3    8.0112218e-07
2213 region_rec_diffs(8,156)        -1.6736892     -3     3    -4.2672371e-07
2214 region_rec_diffs(8,157)        -0.25306159     -3     3    8.3924537e-07
2215 region_rec_diffs(8,158)        0.21983617     -3     3    5.1519916e-07
2216 region_rec_diffs(8,159)        -0.53474168     -3     3    6.3759789e-07
2217 region_rec_diffs(8,160)        1.1076318     -3     3    5.7561448e-07
2218 region_rec_diffs(8,161)        -0.15320352     -3     3    -9.5455124e-07
2219 region_rec_diffs(8,162)        1.4002822     -3     3    -2.0939882e-06
2220 region_rec_diffs(8,163)        0.16243541     -3     3    -1.7188024e-06
2221 region_rec_diffs(8,164)        -0.86921065     -3     3    8.8133445e-07
2222 region_rec_diffs(8,165)        -0.1256006     -3     3    6.733792e-07
2223 region_rec_diffs(8,166)        -0.79443542     -3     3    1.0944501e-07
2224 region_rec_diffs(8,167)        0.33367134     -3     3    -2.907791e-06
2225 region_rec_diffs(8,168)        1.0987205     -3     3    3.3470379e-06
2226 region_rec_diffs(8,169)        -0.068538615     -3     3    -7.7863806e-07
2227 region_rec_diffs(8,170)        -0.7242467     -3     3    -6.3532149e-07
2228 region_rec_diffs(8,171)        1.8696907     -3     3    2.4748586e-07
2229 region_rec_diffs(8,172)        0.43126825     -3     3    7.6583158e-06
2230 region_rec_diffs(8,173)        -1.3465059     -3     3    -6.2017258e-07
2231 region_rec_diffs(8,174)        -0.81444604     -3     3    4.766745e-07
2232 region_rec_diffs(8,175)        -0.94310657     -3     3    1.0070103e-06
2233 region_rec_diffs(8,176)        0.069504861     -3     3    3.554851e-06
2234 region_rec_diffs(8,177)        0.3151649     -3     3    2.4097251e-07
2235 region_rec_diffs(8,178)        0.15059635     -3     3    -1.0669828e-06
2236 region_rec_diffs(8,179)        -1.2461263     -3     3    7.2635531e-07
2237 region_rec_diffs(8,180)        0.092363508     -3     3    1.3855657e-06
2238 region_rec_diffs(8,181)        -0.70803647     -3     3    1.0857389e-06
2239 region_rec_diffs(8,182)        -0.064378621     -3     3    7.8132018e-07
2240 region_rec_diffs(8,183)        0.26624333     -3     3    -1.5777874e-06
2241 region_rec_diffs(8,184)        -0.18366923     -3     3    4.8139258e-07
2242 region_rec_diffs(8,185)        0.9403855     -3     3    9.5766613e-07
2243 region_rec_diffs(8,186)        -0.24706011     -3     3    -6.4963117e-07
2244 region_rec_diffs(8,187)        -1.7717874     -3     3    -6.1120363e-07
2245 region_rec_diffs(8,188)        -1.1937891     -3     3    -5.4323368e-07
2246 region_rec_diffs(8,189)        -0.1463474     -3     3    1.4846577e-06
2247 region_rec_diffs(8,190)        0.972635     -3     3    -3.8031287e-07
2248 region_rec_diffs(8,191)        -0.011622049     -3     3    2.0847034e-06
2249 region_rec_diffs(8,192)        -0.71196982     -3     3    -5.6285715e-07
2250 region_rec_diffs(8,193)        -0.7930337     -3     3    3.703286e-09
2251 region_rec_diffs(8,194)        1.797699     -3     3    1.7845453e-06
2252 region_rec_diffs(8,195)        -0.291178     -3     3    1.4967433e-06
2253 region_rec_diffs(8,196)        -1.9131142     -3     3    2.8159983e-07
2254 region_rec_diffs(8,197)        1.1631015     -3     3    4.4620822e-06
2255 region_rec_diffs(8,198)        -0.78900908     -3     3    -2.7057205e-06
2256 region_rec_diffs(8,199)        0.82837564     -3     3    1.4187639e-06
2257 region_rec_diffs(8,200)        0.22074199     -3     3    1.5167149e-06
2258 region_rec_diffs(8,201)        -0.11448012     -3     3    4.298617e-06
2259 region_rec_diffs(8,202)        1.2365133     -3     3    1.3302329e-06
2260 region_rec_diffs(8,203)        -0.49569073     -3     3    6.0978769e-06
2261 region_rec_diffs(8,204)        0.035652725     -3     3    8.7656082e-08
2262 region_rec_diffs(8,205)        0.95600861     -3     3    -3.1365279e-06
2263 region_rec_diffs(8,206)        0.30486902     -3     3    2.616326e-06
2264 region_rec_diffs(8,207)        1.2976956     -3     3    1.2350759e-05
2265 region_rec_diffs(8,208)        0.073361324     -3     3    1.5300975e-05
2266 region_rec_diffs(8,209)        0.63119834     -3     3    2.8557725e-05
2267 region_rec_diffs(8,210)        -0.41210112     -3     3    8.5612727e-06
2268 region_rec_diffs(8,211)        -0.63026553     -3     3    1.8747745e-06
2269 region_rec_diffs(8,212)        -0.10422221     -3     3    4.7594532e-06
2270 region_rec_diffs(8,213)        0.20227994     -3     3    7.7645102e-06
2271 region_rec_diffs(8,214)        0.018394269     -3     3    1.6351959e-05
2272 region_rec_diffs(8,215)        0.71049696     -3     3    4.5129851e-05
2273 region_rec_diffs(8,216)        -0.052744637     -3     3    2.0889312e-05
2274 region_rec_diffs(8,217)        0.34748828     -3     3    -9.205124e-07
2275 region_rec_diffs(8,218)        0.60621908     -3     3    -1.5930673e-06
2276 region_rec_diffs(8,219)        0.94741781     -3     3    2.7909544e-06
2277 region_rec_diffs(8,220)        0.62313142     -3     3    1.6582417e-06
2278 region_rec_diffs(8,221)        -0.092471991     -3     3    -2.5969314e-06
2279 region_rec_diffs(8,222)        0.11373654     -3     3    1.8261643e-06
2280 region_rec_diffs(8,223)        -0.55490685     -3     3    -6.1266747e-07
2281 region_rec_diffs(8,224)        0.29708303     -3     3    -5.4942256e-07
2282 region_rec_diffs(8,225)        0.26910292     -3     3    3.1409432e-06
2283 region_rec_diffs(8,226)        0.21513854     -3     3    8.9903709e-07
2284 region_rec_diffs(8,227)        0.78582997     -3     3    1.6127179e-07
2285 region_rec_diffs(8,228)        0.22579224     -3     3    6.2676657e-06
2286 region_rec_diffs(8,229)        0.42191159     -3     3    -3.2970483e-06
2287 region_rec_diffs(8,230)        1.1150387     -3     3    1.3624195e-06
2288 region_rec_diffs(8,231)        0.14605431     -3     3    -5.011555e-06
2289 region_rec_diffs(8,232)        -0.29849084     -3     3    -1.5767288e-07
2290 region_rec_diffs(8,233)        -0.049441478     -3     3    1.757858e-06
2291 region_rec_diffs(8,234)        0.45280204     -3     3    -6.195658e-07
2292 region_rec_diffs(8,235)        -0.51151154     -3     3    2.840009e-06
2293 region_rec_diffs(8,236)        0.074487211     -3     3    -2.7916346e-06
2294 region_rec_diffs(8,237)        0.54821708     -3     3    3.0843353e-06
2295 region_rec_diffs(8,238)        0.68913583     -3     3    -3.2618738e-07
2296 region_rec_diffs(8,239)        1.0941072     -3     3    -2.0605077e-07
2297 region_rec_diffs(8,240)        0.36561882     -3     3    1.7500199e-06
2298 region_rec_diffs(8,241)        0.17889825     -3     3    -1.2969898e-06
2299 region_rec_diffs(8,242)        0.20330342     -3     3    2.6071569e-07
2300 region_rec_diffs(8,243)        -1.1198587     -3     3    -3.2099344e-06
2301 region_rec_diffs(8,244)        -0.84414837     -3     3    -4.2915646e-07
2302 region_rec_diffs(8,245)        0.69378574     -3     3    1.5720335e-06
2303 region_rec_diffs(8,246)        0.98317977     -3     3    7.1802099e-07
2304 region_rec_diffs(8,247)        -0.033322421     -3     3    2.9485939e-06
2305 region_rec_diffs(8,248)        -0.08407272     -3     3    -4.06006e-06
2306 region_rec_diffs(8,249)        0.65227955     -3     3    6.6649869e-06
2307 region_rec_diffs(8,250)        -0.87614312     -3     3    1.6486896e-06
2308 region_rec_diffs(8,251)        -0.74556686     -3     3    1.0214969e-06
2309 region_rec_diffs(8,252)        -2.0816134     -3     3    5.4318542e-07
2310 region_rec_diffs(8,253)        0.77818446     -3     3    -8.7805495e-07
2311 region_rec_diffs(8,254)        0.6186195     -3     3    1.6640105e-06
2312 region_rec_diffs(8,255)        0.052688235     -3     3    -1.3131418e-06
2313 region_rec_diffs(8,256)        -1.8043116     -3     3    -2.9646954e-06
2314 region_rec_diffs(8,257)        -0.97524615     -3     3    3.2654262e-06
2315 region_rec_diffs(8,258)        -0.15202298     -3     3    -2.4202905e-06
2316 region_rec_diffs(8,259)        -1.4381678     -3     3    -1.2427394e-06
2317 region_rec_diffs(8,260)        -0.87711975     -3     3    -1.5761579e-06
2318 region_rec_diffs(8,261)        0.93803498     -3     3    -4.0510517e-07
2319 region_rec_diffs(8,262)        -0.39564102     -3     3    -6.5648828e-06
2320 region_rec_diffs(8,263)        0.95938792     -3     3    3.0165978e-06
2321 region_rec_diffs(8,264)        -1.3134723     -3     3    -2.7541432e-06
2322 region_rec_diffs(8,265)        0.08070677     -3     3    -2.6864589e-06
2323 region_rec_diffs(8,266)        0.29933585     -3     3    8.0331329e-07
2324 region_rec_diffs(8,267)        -1.0025252     -3     3    -7.953475e-06
2325 region_rec_diffs(8,268)        -1.4788685     -3     3    -6.9139013e-07
2326 region_rec_diffs(8,269)        -0.49443467     -3     3    1.5651862e-06
2327 region_rec_diffs(8,270)        -0.73625081     -3     3    -3.1505537e-06
2328 region_rec_diffs(8,271)        0.42229551     -3     3    -1.8611721e-06
2329 region_rec_diffs(8,272)        0.44496128     -3     3    -3.1291976e-07
2330 region_rec_diffs(8,273)        0.180136     -3     3    1.1228978e-07
2331 region_rec_diffs(8,274)        0.96233395     -3     3    -1.6182158e-06
2332 region_rec_diffs(8,275)        -1.0065208     -3     3    6.5131604e-07
2333 region_rec_diffs(8,276)        -0.21768744     -3     3    1.5537209e-06
2334 region_rec_diffs(8,277)        -0.3048393     -3     3    3.5195248e-06
2335 region_rec_diffs(8,278)        -0.1381842     -3     3    -2.3961456e-06
2336 region_rec_diffs(8,279)        -0.090064512     -3     3    -5.2649568e-07
2337 region_rec_diffs(9,1)        -4.6490145e-09     -3     3    -2.1183565e-09
2338 region_rec_diffs(9,2)        0.79744906     -3     3    3.8763899e-06
2339 region_rec_diffs(9,3)        0.80564166     -3     3    -3.5281503e-06
2340 region_rec_diffs(9,4)        0.85091328     -3     3    5.0476864e-06
2341 region_rec_diffs(9,5)        0.84848328     -3     3    1.3482155e-05
2342 region_rec_diffs(9,6)        0.0041727784     -3     3    4.7768086e-09
2343 region_rec_diffs(9,7)        -0.034392441     -3     3    2.497196e-06
2344 region_rec_diffs(9,8)        -0.0022708893     -3     3    -1.5903474e-07
2345 region_rec_diffs(9,9)        -0.0095385041     -3     3    -3.2841909e-09
2346 region_rec_diffs(9,10)        0.0013540866     -3     3    9.9302438e-09
2347 region_rec_diffs(9,11)        0.15931074     -3     3    2.4304013e-06
2348 region_rec_diffs(9,12)        0.0075261471     -3     3    4.8816847e-08
2349 region_rec_diffs(9,13)        2.1127862     -3     3    7.43987e-06
2350 region_rec_diffs(9,14)        0.23771226     -3     3    1.9665562e-07
2351 region_rec_diffs(9,15)        0.024254905     -3     3    8.2665918e-07
2352 region_rec_diffs(9,16)        0.016288964     -3     3    -7.791716e-08
2353 region_rec_diffs(9,17)        0.60846848     -3     3    2.5139205e-06
2354 region_rec_diffs(9,18)        1.1344387     -3     3    2.2151511e-06
2355 region_rec_diffs(9,19)        0.014452297     -3     3    4.8185639e-09
2356 region_rec_diffs(9,20)        0.018580729     -3     3    1.5701586e-08
2357 region_rec_diffs(9,21)        1.6890445     -3     3    2.8848251e-06
2358 region_rec_diffs(9,22)        0.49302293     -3     3    2.9465106e-06
2359 region_rec_diffs(9,23)        0.078113451     -3     3    2.5503291e-07
2360 region_rec_diffs(9,24)        0.026208369     -3     3    2.078007e-08
2361 region_rec_diffs(9,25)        0.81103695     -3     3    1.4547616e-06
2362 region_rec_diffs(9,26)        -0.012498467     -3     3    7.131591e-08
2363 region_rec_diffs(9,27)        -0.25787805     -3     3    9.5034925e-08
2364 region_rec_diffs(9,28)        0.0060689848     -3     3    -1.0208791e-07
2365 region_rec_diffs(9,29)        2.9208791     -3     3    2.2138256e-06
2366 region_rec_diffs(9,30)        0.011545983     -3     3    -1.4930518e-07
2367 region_rec_diffs(9,31)        0.010878709     -3     3    -4.6100109e-08
2368 region_rec_diffs(9,32)        0.012654842     -3     3    5.93026e-08
2369 region_rec_diffs(9,33)        0.22791683     -3     3    -2.9202906e-07
2370 region_rec_diffs(9,34)        0.33836903     -3     3    -1.8046373e-07
2371 region_rec_diffs(9,35)        0.0070562278     -3     3    2.8920289e-08
2372 region_rec_diffs(9,36)        0.26615287     -3     3    4.5684826e-07
2373 region_rec_diffs(9,37)        0.92985611     -3     3    1.235512e-06
2374 region_rec_diffs(9,38)        0.02157403     -3     3    1.6435125e-07
2375 region_rec_diffs(9,39)        0.0044616842     -3     3    4.7477171e-08
2376 region_rec_diffs(9,40)        0.027322151     -3     3    1.541953e-07
2377 region_rec_diffs(9,41)        0.43947161     -3     3    1.4975299e-06
2378 region_rec_diffs(9,42)        0.050239153     -3     3    8.1677282e-07
2379 region_rec_diffs(9,43)        0.0073610663     -3     3    -3.9576232e-08
2380 region_rec_diffs(9,44)        1.6906616     -3     3    4.8402061e-07
2381 region_rec_diffs(9,45)        0.23213559     -3     3    -1.2831221e-07
2382 region_rec_diffs(9,46)        0.011929033     -3     3    -1.0806269e-07
2383 region_rec_diffs(9,47)        0.015491914     -3     3    2.9122384e-08
2384 region_rec_diffs(9,48)        0.57769161     -3     3    -2.1852053e-06
2385 region_rec_diffs(9,49)        1.4198616     -3     3    -2.0575902e-06
2386 region_rec_diffs(9,50)        0.0071304871     -3     3    -1.0636237e-08
2387 region_rec_diffs(9,51)        0.30082829     -3     3    -9.2023002e-07
2388 region_rec_diffs(9,52)        0.042554976     -3     3    -1.1177764e-07
2389 region_rec_diffs(9,53)        1.1460223     -3     3    2.5179282e-06
2390 region_rec_diffs(9,54)        0.0026651486     -3     3    3.2392739e-08
2391 region_rec_diffs(9,55)        -0.021863186     -3     3    2.4207718e-07
2392 region_rec_diffs(9,56)        0.0054373728     -3     3    2.3843821e-08
2393 region_rec_diffs(9,57)        0.41364117     -3     3    1.4789548e-06
2394 region_rec_diffs(9,58)        0.24412172     -3     3    -2.7808472e-08
2395 region_rec_diffs(9,59)        0.059737319     -3     3    1.985215e-07
2396 region_rec_diffs(9,60)        0.66993167     -3     3    -1.138018e-06
2397 region_rec_diffs(9,61)        0.0031566007     -3     3    3.4178894e-08
2398 region_rec_diffs(9,62)        0.0052390414     -3     3    -4.8430463e-08
2399 region_rec_diffs(9,63)        0.026869913     -3     3    1.1142498e-07
2400 region_rec_diffs(9,64)        0.70796389     -3     3    -1.6815502e-07
2401 region_rec_diffs(9,65)        0.045254998     -3     3    -8.2255442e-08
2402 region_rec_diffs(9,66)        -0.0025210704     -3     3    -6.0859898e-09
2403 region_rec_diffs(9,67)        -0.083547581     -3     3    -1.1289427e-07
2404 region_rec_diffs(9,68)        -0.1588735     -3     3    -3.0147364e-07
2405 region_rec_diffs(9,69)        0.51604533     -3     3    1.4536602e-06
2406 region_rec_diffs(9,70)        0.008137434     -3     3    2.9982223e-08
2407 region_rec_diffs(9,71)        0.087139186     -3     3    -5.0980912e-07
2408 region_rec_diffs(9,72)        0.27823286     -3     3    -2.7671217e-07
2409 region_rec_diffs(9,73)        1.9506538     -3     3    -1.527009e-06
2410 region_rec_diffs(9,74)        0.0057458544     -3     3    2.4374869e-07
2411 region_rec_diffs(9,75)        0.10496235     -3     3    8.6332894e-08
2412 region_rec_diffs(9,76)        0.052872928     -3     3    2.2856864e-07
2413 region_rec_diffs(9,77)        0.11368699     -3     3    -9.2936755e-08
2414 region_rec_diffs(9,78)        0.0054365447     -3     3    -4.1611535e-08
2415 region_rec_diffs(9,79)        0.052860506     -3     3    -1.8299392e-07
2416 region_rec_diffs(9,80)        1.2097412     -3     3    -3.0729987e-06
2417 region_rec_diffs(9,81)        0.18725697     -3     3    -1.586171e-06
2418 region_rec_diffs(9,82)        0.17590678     -3     3    1.5916568e-07
2419 region_rec_diffs(9,83)        0.3259232     -3     3    1.8674207e-07
2420 region_rec_diffs(9,84)        1.011904     -3     3    -2.6105726e-07
2421 region_rec_diffs(9,85)        0.019968745     -3     3    -5.04839e-07
2422 region_rec_diffs(9,86)        -0.0074199784     -3     3    -7.1497597e-08
2423 region_rec_diffs(9,87)        -0.15114908     -3     3    7.6776248e-07
2424 region_rec_diffs(9,88)        0.032907149     -3     3    -2.4748942e-07
2425 region_rec_diffs(9,89)        0.074234559     -3     3    3.2705012e-07
2426 region_rec_diffs(9,90)        0.031586813     -3     3    1.7381246e-07
2427 region_rec_diffs(9,91)        0.33724244     -3     3    -9.1062834e-07
2428 region_rec_diffs(9,92)        0.038478771     -3     3    3.2366332e-07
2429 region_rec_diffs(9,93)        1.8157741     -3     3    -4.2684802e-06
2430 region_rec_diffs(9,94)        -0.098497687     -3     3    -1.239543e-06
2431 region_rec_diffs(9,95)        -0.040401546     -3     3    2.6672915e-07
2432 region_rec_diffs(9,96)        -0.083178469     -3     3    -2.651055e-07
2433 region_rec_diffs(9,97)        -0.0077197579     -3     3    8.0692554e-08
2434 region_rec_diffs(9,98)        0.006452834     -3     3    1.0401121e-07
2435 region_rec_diffs(9,99)        0.049441282     -3     3    -2.9630859e-07
2436 region_rec_diffs(9,100)        1.4791713     -3     3    -2.8492515e-06
2437 region_rec_diffs(9,101)        0.0051693141     -3     3    -3.6850465e-08
2438 region_rec_diffs(9,102)        0.0057023977     -3     3    -2.1552374e-07
2439 region_rec_diffs(9,103)        0.60600417     -3     3    -1.6236261e-06
2440 region_rec_diffs(9,104)        0.78194602     -3     3    -1.5745301e-06
2441 region_rec_diffs(9,105)        0.0058199662     -3     3    -6.7308105e-08
2442 region_rec_diffs(9,106)        0.0028290995     -3     3    -2.2921514e-07
2443 region_rec_diffs(9,107)        0.016134917     -3     3    -2.0965333e-08
2444 region_rec_diffs(9,108)        1.4213     -3     3    -3.4842778e-06
2445 region_rec_diffs(9,109)        0.10994849     -3     3    5.0827198e-08
2446 region_rec_diffs(9,110)        0.0056690302     -3     3    -8.2826597e-08
2447 region_rec_diffs(9,111)        0.021287474     -3     3    2.1921882e-07
2448 region_rec_diffs(9,112)        0.059241719     -3     3    8.97992e-07
2449 region_rec_diffs(9,113)        -0.019875547     -3     3    1.226168e-07
2450 region_rec_diffs(9,114)        -0.0015889695     -3     3    1.1859657e-08
2451 region_rec_diffs(9,115)        0.0083044843     -3     3    2.499242e-07
2452 region_rec_diffs(9,116)        0.19899817     -3     3    -4.3754823e-07
2453 region_rec_diffs(9,117)        0.25836575     -3     3    -8.4259738e-07
2454 region_rec_diffs(9,118)        0.016716968     -3     3    -8.8057415e-08
2455 region_rec_diffs(9,119)        1.5566606     -3     3    7.3737081e-07
2456 region_rec_diffs(9,120)        0.12020469     -3     3    -5.8219158e-07
2457 region_rec_diffs(9,121)        0.12923554     -3     3    -1.4064454e-07
2458 region_rec_diffs(9,122)        -0.00049346649     -3     3    -1.4049178e-08
2459 region_rec_diffs(9,123)        0.0013087924     -3     3    7.7276828e-08
2460 region_rec_diffs(9,124)        0.052190843     -3     3    2.6738346e-07
2461 region_rec_diffs(9,125)        0.091848508     -3     3    5.1832301e-07
2462 region_rec_diffs(9,126)        2.9999989     -3     3    3.8173305e-07   *************
2463 region_rec_diffs(9,127)        0.17405868     -3     3    -1.1642141e-06
2464 region_rec_diffs(9,128)        0.48762442     -3     3    1.7639958e-06
2465 region_rec_diffs(9,129)        0.083703677     -3     3    5.7910665e-08
2466 region_rec_diffs(9,130)        -0.0093952856     -3     3    -8.126879e-09
2467 region_rec_diffs(9,131)        -0.043757302     -3     3    1.3998775e-07
2468 region_rec_diffs(9,132)        -0.28139199     -3     3    6.8400486e-08
2469 region_rec_diffs(9,133)        -0.096923607     -3     3    3.1715825e-07
2470 region_rec_diffs(9,134)        -0.011866949     -3     3    3.7062321e-07
2471 region_rec_diffs(9,135)        0.047422046     -3     3    2.6173441e-07
2472 region_rec_diffs(9,136)        0.17461148     -3     3    4.7544024e-07
2473 region_rec_diffs(9,137)        0.011854896     -3     3    1.5885056e-08
2474 region_rec_diffs(9,138)        0.046124222     -3     3    1.426462e-07
2475 region_rec_diffs(9,139)        0.0043876547     -3     3    2.7579601e-08
2476 region_rec_diffs(9,140)        0.049966961     -3     3    2.4060479e-08
2477 region_rec_diffs(9,141)        0.023239639     -3     3    -1.8229003e-08
2478 region_rec_diffs(9,142)        0.0043252714     -3     3    -3.8402701e-08
2479 region_rec_diffs(9,143)        0.010707213     -3     3    -1.7075955e-07
2480 region_rec_diffs(9,144)        0.40543979     -3     3    -7.2929801e-07
2481 region_rec_diffs(9,145)        0.37156254     -3     3    1.4081961e-07
2482 region_rec_diffs(9,146)        0.089763652     -3     3    9.6082418e-07
2483 region_rec_diffs(9,147)        0.99561213     -3     3    -1.6935156e-06
2484 region_rec_diffs(9,148)        0.20539802     -3     3    2.3603921e-07
2485 region_rec_diffs(9,149)        -0.024782009     -3     3    3.7489269e-08
2486 region_rec_diffs(9,150)        -0.1595217     -3     3    4.2356454e-07
2487 region_rec_diffs(9,151)        -0.44568868     -3     3    -3.8239627e-07
2488 region_rec_diffs(9,152)        -0.67678502     -3     3    8.0605404e-07
2489 region_rec_diffs(9,153)        -0.52447079     -3     3    8.4735476e-07
2490 region_rec_diffs(9,154)        -0.53745797     -3     3    2.0063114e-07
2491 region_rec_diffs(9,155)        -0.64022564     -3     3    1.3424447e-07
2492 region_rec_diffs(9,156)        -1.0054598     -3     3    7.0692311e-07
2493 region_rec_diffs(9,157)        -0.040789093     -3     3    -3.2196423e-08
2494 region_rec_diffs(9,158)        -0.14194596     -3     3    -1.5671047e-07
2495 region_rec_diffs(9,159)        -0.12746542     -3     3    -5.0160256e-07
2496 region_rec_diffs(9,160)        0.67928643     -3     3    -2.068048e-06
2497 region_rec_diffs(9,161)        0.0061164204     -3     3    6.7150692e-07
2498 region_rec_diffs(9,162)        -0.28207926     -3     3    1.1558554e-06
2499 region_rec_diffs(9,163)        -1.0606089     -3     3    6.5403826e-07
2500 region_rec_diffs(9,164)        -1.2773909     -3     3    1.6886225e-06
2501 region_rec_diffs(9,165)        -0.42842425     -3     3    1.1820098e-07
2502 region_rec_diffs(9,166)        -1.2321079     -3     3    7.2456309e-07
2503 region_rec_diffs(9,167)        -1.2669908     -3     3    6.0105697e-07
2504 region_rec_diffs(9,168)        -1.0280221     -3     3    1.1142301e-06
2505 region_rec_diffs(9,169)        -0.11065774     -3     3    4.8676803e-07
2506 region_rec_diffs(9,170)        2.5345391     -3     3    2.5408869e-06
2507 region_rec_diffs(9,171)        0.45219755     -3     3    -1.1624644e-06
2508 region_rec_diffs(9,172)        1.9097279     -3     3    -6.5815849e-06
2509 region_rec_diffs(9,173)        -0.86016565     -3     3    -1.7598849e-06
2510 region_rec_diffs(9,174)        -0.56545408     -3     3    2.0054409e-07
2511 region_rec_diffs(9,175)        -1.284035     -3     3    -3.9029077e-07
2512 region_rec_diffs(9,176)        -2.0482136     -3     3    1.5172806e-07
2513 region_rec_diffs(9,177)        -1.9624382     -3     3    -1.5344747e-07
2514 region_rec_diffs(9,178)        0.56450609     -3     3    -1.3791298e-06
2515 region_rec_diffs(9,179)        1.6064199     -3     3    -4.3411259e-06
2516 region_rec_diffs(9,180)        -1.7397546     -3     3    -5.3420708e-07
2517 region_rec_diffs(9,181)        -1.3042481     -3     3    -7.9979627e-07
2518 region_rec_diffs(9,182)        -0.53160494     -3     3    2.2539915e-07
2519 region_rec_diffs(9,183)        -1.212915     -3     3    -4.4070032e-07
2520 region_rec_diffs(9,184)        -1.9745795     -3     3    1.1268667e-07
2521 region_rec_diffs(9,185)        -2.598966     -3     3    -7.5411363e-07
2522 region_rec_diffs(9,186)        1.3930667     -3     3    -3.0912673e-06
2523 region_rec_diffs(9,187)        0.74600105     -3     3    4.6085197e-06
2524 region_rec_diffs(9,188)        -2.0517937     -3     3    9.058761e-07
2525 region_rec_diffs(9,189)        -1.4036973     -3     3    1.5528335e-06
2526 region_rec_diffs(9,190)        -1.6685428     -3     3    -3.2606663e-07
2527 region_rec_diffs(9,191)        -0.69661563     -3     3    -2.6570571e-06
2528 region_rec_diffs(9,192)        -1.3184387     -3     3    -3.6577294e-06
2529 region_rec_diffs(9,193)        -1.4856672     -3     3    -1.8630514e-06
2530 region_rec_diffs(9,194)        1.0746206     -3     3    5.7001339e-07
2531 region_rec_diffs(9,195)        0.21113987     -3     3    1.6690188e-06
2532 region_rec_diffs(9,196)        -2.1290669     -3     3    4.0080364e-07
2533 region_rec_diffs(9,197)        -1.46835     -3     3    6.9504223e-07
2534 region_rec_diffs(9,198)        -1.1171029     -3     3    1.0212744e-06
2535 region_rec_diffs(9,199)        1.1808481     -3     3    -4.7774104e-06
2536 region_rec_diffs(9,200)        -0.91986331     -3     3    -1.2407634e-06
2537 region_rec_diffs(9,201)        0.036635754     -3     3    -2.7796252e-07
2538 region_rec_diffs(9,202)        -0.23956387     -3     3    8.138392e-07
2539 region_rec_diffs(9,203)        1.2448053     -3     3    -7.906948e-07
2540 region_rec_diffs(9,204)        -0.35183809     -3     3    -1.7815109e-06
2541 region_rec_diffs(9,205)        -0.8545097     -3     3    2.9285245e-07
2542 region_rec_diffs(9,206)        -1.5211515     -3     3    -1.9949053e-07
2543 region_rec_diffs(9,207)        -1.7427263     -3     3    -9.8363645e-08
2544 region_rec_diffs(9,208)        -1.8096582     -3     3    3.555349e-07
2545 region_rec_diffs(9,209)        -1.1009384     -3     3    1.4014538e-06
2546 region_rec_diffs(9,210)        -0.38291131     -3     3    1.7481853e-06
2547 region_rec_diffs(9,211)        2.059682     -3     3    1.0926516e-06
2548 region_rec_diffs(9,212)        -1.0170498     -3     3    7.2102178e-07
2549 region_rec_diffs(9,213)        -0.96009246     -3     3    5.2025637e-08
2550 region_rec_diffs(9,214)        -0.8556573     -3     3    4.6725658e-07
2551 region_rec_diffs(9,215)        0.94710977     -3     3    1.8173997e-06
2552 region_rec_diffs(9,216)        1.0573431     -3     3    4.10279e-06
2553 region_rec_diffs(9,217)        0.02320676     -3     3    -7.5704982e-07
2554 region_rec_diffs(9,218)        0.054041691     -3     3    -4.21625e-06
2555 region_rec_diffs(9,219)        -0.044560046     -3     3    -2.4873885e-06
2556 region_rec_diffs(9,220)        -0.61838745     -3     3    1.2930427e-07
2557 region_rec_diffs(9,221)        0.51360861     -3     3    2.0523749e-06
2558 region_rec_diffs(9,222)        1.9903292     -3     3    3.0197827e-06
2559 region_rec_diffs(9,223)        -1.5741183     -3     3    2.5308455e-08
2560 region_rec_diffs(9,224)        -1.8328922     -3     3    -1.3427976e-07
2561 region_rec_diffs(9,225)        -1.2566212     -3     3    4.1362909e-07
2562 region_rec_diffs(9,226)        -0.83987078     -3     3    1.8909864e-07
2563 region_rec_diffs(9,227)        0.60747402     -3     3    -4.8997674e-07
2564 region_rec_diffs(9,228)        -0.13660874     -3     3    -3.4440526e-07
2565 region_rec_diffs(9,229)        1.1340827     -3     3    -1.1952817e-06
2566 region_rec_diffs(9,230)        1.2544108     -3     3    1.6305454e-06
2567 region_rec_diffs(9,231)        -0.94694523     -3     3    7.3466915e-07
2568 region_rec_diffs(9,232)        -1.2134363     -3     3    -5.0759036e-07
2569 region_rec_diffs(9,233)        -0.78840446     -3     3    -1.2812326e-07
2570 region_rec_diffs(9,234)        0.47233438     -3     3    -3.2863778e-07
2571 region_rec_diffs(9,235)        -0.052012273     -3     3    7.7492034e-07
2572 region_rec_diffs(9,236)        -0.34654414     -3     3    1.3311193e-06
2573 region_rec_diffs(9,237)        1.3105153     -3     3    4.1557885e-06
2574 region_rec_diffs(9,238)        0.43134476     -3     3    2.6188089e-06
2575 region_rec_diffs(9,239)        -0.8041857     -3     3    5.1047997e-07
2576 region_rec_diffs(9,240)        -1.1768372     -3     3    -2.2549465e-07
2577 region_rec_diffs(9,241)        -1.4047773     -3     3    -1.3779602e-06
2578 region_rec_diffs(9,242)        -1.2918165     -3     3    -1.5623535e-06
2579 region_rec_diffs(9,243)        1.8015216     -3     3    -4.4174463e-06
2580 region_rec_diffs(9,244)        0.57337258     -3     3    4.7938609e-06
2581 region_rec_diffs(9,245)        -0.98861794     -3     3    1.5126627e-06
2582 region_rec_diffs(9,246)        -1.3322295     -3     3    3.6955312e-07
2583 region_rec_diffs(9,247)        0.64315791     -3     3    -5.1428798e-06
2584 region_rec_diffs(9,248)        1.0450752     -3     3    -9.6811604e-06
2585 region_rec_diffs(9,249)        -0.88243755     -3     3    9.51362e-08
2586 region_rec_diffs(9,250)        -1.2257499     -3     3    4.0997963e-08
2587 region_rec_diffs(9,251)        -1.2100486     -3     3    -2.1069421e-07
2588 region_rec_diffs(9,252)        -1.1629692     -3     3    -1.0436545e-06
2589 region_rec_diffs(9,253)        -0.28616128     -3     3    -1.8917551e-06
2590 region_rec_diffs(9,254)        0.14411521     -3     3    -9.5398551e-07
2591 region_rec_diffs(9,255)        -0.822711     -3     3    7.0977105e-07
2592 region_rec_diffs(9,256)        -1.1049147     -3     3    1.181564e-06
2593 region_rec_diffs(9,257)        -0.27566282     -3     3    8.5554605e-07
2594 region_rec_diffs(9,258)        1.4034287     -3     3    1.0320697e-06
2595 region_rec_diffs(9,259)        0.64758355     -3     3    -3.4222545e-07
2596 region_rec_diffs(9,260)        -0.65796356     -3     3    -3.6231591e-07
2597 region_rec_diffs(9,261)        -0.49831381     -3     3    1.0056064e-06
2598 region_rec_diffs(9,262)        -0.17764133     -3     3    -9.1431264e-07
2599 region_rec_diffs(9,263)        0.34830211     -3     3    -2.4137503e-06
2600 region_rec_diffs(9,264)        0.47218953     -3     3    -9.2461719e-07
2601 region_rec_diffs(9,265)        0.27124465     -3     3    -4.7768136e-07
2602 region_rec_diffs(9,266)        -0.027533032     -3     3    6.7478155e-07
2603 region_rec_diffs(9,267)        -0.94414212     -3     3    2.1510618e-06
2604 region_rec_diffs(9,268)        -0.93465023     -3     3    1.6503023e-06
2605 region_rec_diffs(9,269)        -0.4617741     -3     3    -2.5155339e-06
2606 region_rec_diffs(9,270)        0.87389397     -3     3    -2.2779802e-07
2607 region_rec_diffs(9,271)        1.080801     -3     3    -8.5179396e-07
2608 region_rec_diffs(9,272)        -0.28090157     -3     3    -1.0538404e-06
2609 region_rec_diffs(9,273)        -0.29724302     -3     3    -1.5518695e-06
2610 region_rec_diffs(9,274)        -0.21629051     -3     3    -9.97948e-07
2611 region_rec_diffs(9,275)        -0.083463588     -3     3    -2.2041596e-07
2612 region_rec_diffs(9,276)        -0.015233927     -3     3    -1.6645966e-07
2613 region_rec_diffs(9,277)        0.0033275133     -3     3    -1.3870084e-07
2614 region_rec_diffs(9,278)        -0.02064315     -3     3    -5.2401088e-07
2615 region_rec_diffs(9,279)        -0.0020812662     -3     3    2.6902851e-08
2616 bs_selcoff_gp:1(1,1,1,1)        -11.38138     -20     7    -6.2938932e-08
2617 bs_selcoff_gp:1(1,1,1,2)        -5.9892818     -20     7    2.062629e-06
2618 bs_selcoff_gp:1(1,1,1,3)        -0.30784772     -20     7    -1.0084604e-06
2619 bs_selcoff_gp:1(1,1,1,4)        0.818529     -20     7    5.770442e-07
2620 bs_selcoff_gp:1(1,1,1,5)        0.69079128     -20     7    4.7611861e-07
2621 bs_selcoff_gp:2(2,1,1,1)        -7.8839863     -20     7    2.4908688e-06
2622 bs_selcoff_gp:2(2,1,1,2)        -2.9353741     -20     7    1.8912163e-06
2623 bs_selcoff_gp:2(2,1,1,3)        0.27567376     -20     7    1.2531047e-06
2624 bs_selcoff_gp:2(2,1,1,4)        0.80033805     -20     7    4.8054571e-08
2625 bs_selcoff_gp:2(2,1,1,5)        0.33847131     -20     7    -1.5551936e-06
2626 bs_selcoff_gp:3(3,1,1,1)        -4.8018829     -20     7    -3.9692897e-07
2627 bs_selcoff_gp:3(3,1,1,2)        -5.1291988     -20     7    3.638976e-06
2628 bs_selcoff_gp:3(3,1,1,3)        -0.14191349     -20     7    1.3790621e-06
2629 bs_selcoff_gp:3(3,1,1,4)        0.99972164     -20     7    8.3121074e-07
2630 bs_selcoff_gp:3(3,1,1,5)        0.33693158     -20     7    -2.2126439e-06
2631 bs_selcoff_gp:4(4,1,1,1)        -16.097028     -20     7    4.4094961e-06
2632 bs_selcoff_gp:4(4,1,1,2)        -4.4408814     -20     7    -1.5509476e-06
2633 bs_selcoff_gp:4(4,1,1,3)        -0.11274588     -20     7    1.5118532e-06
2634 bs_selcoff_gp:4(4,1,1,4)        1.0842258     -20     7    3.6186979e-07
2635 bs_selcoff_gp:4(4,1,1,5)        0.12899796     -20     7    -7.2050153e-07
2636 bs_selcoff_gp:5(5,1,1,1)        -17.190217     -20     7    4.7743457e-06
2637 bs_selcoff_gp:5(5,1,1,2)        -5.2027617     -20     7    3.4657967e-06
2638 bs_selcoff_gp:5(5,1,1,3)        -0.033865534     -20     7    -1.4155407e-07
2639 bs_selcoff_gp:5(5,1,1,4)        1.0387071     -20     7    7.9033645e-07
2640 bs_selcoff_gp:5(5,1,1,5)        0.18418403     -20     7    -1.1103115e-07
2641 bs_selcoff_gp:6(6,1,1,1)        -5.4526719     -20     7    -7.5006425e-07
2642 bs_selcoff_gp:6(6,1,1,2)        -2.679828     -20     7    4.5215395e-06
2643 bs_selcoff_gp:6(6,1,1,3)        0.15842301     -20     7    3.3802904e-06
2644 bs_selcoff_gp:6(6,1,1,4)        0.73697356     -20     7    -3.1009025e-07
2645 bs_selcoff_gp:6(6,1,1,5)        0.51035169     -20     7    -3.7622587e-06
2646 bs_selcoff_gp:7(7,1,1,1)        -5.7760356     -20     7    -1.5648764e-06
2647 bs_selcoff_gp:7(7,1,1,2)        -3.1891797     -20     7    -3.0189084e-06
2648 bs_selcoff_gp:7(7,1,1,3)        -0.093818937     -20     7    4.6859336e-07
2649 bs_selcoff_gp:7(7,1,1,4)        0.95707895     -20     7    -1.2686342e-07
2650 bs_selcoff_gp:7(7,1,1,5)        0.36545303     -20     7    -8.3321451e-07
2651 bs_selcoff_gp:8(8,1,1,1)        -20     -20     7    -2.1739287e-07   *************
2652 bs_selcoff_gp:8(8,1,1,2)        -7.971187     -20     7    1.2634243e-06
2653 bs_selcoff_gp:8(8,1,1,3)        -1.5449069     -20     7    3.5652178e-07
2654 bs_selcoff_gp:8(8,1,1,4)        1.1955853     -20     7    -4.6050602e-08
2655 bs_selcoff_gp:8(8,1,1,5)        0.39267586     -20     7    -2.7298249e-06
2656 bs_selcoff_gp:9(9,1,1,1)        -19.999989     -20     7    2.3687617e-07   *************
2657 bs_selcoff_gp:9(9,1,1,2)        -9.472132     -20     7    2.5667022e-06
2658 bs_selcoff_gp:9(9,1,1,3)        -2.8724101     -20     7    4.8177978e-06
2659 bs_selcoff_gp:9(9,1,1,4)        0.65708607     -20     7    -6.9319228e-08
2660 bs_selcoff_gp:9(9,1,1,5)        1.1033442     -20     7    3.3927195e-07
2661 bs_selcoff_gp:10(10,1,1,1)        -11.349859     -20     7    -7.4071895e-07
2662 bs_selcoff_gp:10(10,1,1,2)        -2.5579726     -20     7    -7.2145495e-06
2663 bs_selcoff_gp:10(10,1,1,3)        0.10434968     -20     7    1.5682795e-06
2664 bs_selcoff_gp:10(10,1,1,4)        0.80662915     -20     7    -2.3725611e-06
2665 bs_selcoff_gp:10(10,1,1,5)        0.45247208     -20     7    2.7395045e-06
2666 bs_selcoff_gp:11(11,1,1,1)        -19.995035     -20     7    1.0826966e-05   *************
2667 bs_selcoff_gp:11(11,1,1,2)        -10.713985     -20     7    1.3312027e-06
2668 bs_selcoff_gp:11(11,1,1,3)        -0.9344331     -20     7    -6.7957156e-06
2669 bs_selcoff_gp:11(11,1,1,4)        1.2198493     -20     7    -5.0819852e-08
2670 bs_selcoff_gp:11(11,1,1,5)        0.19929221     -20     7    1.4777401e-06
2671 bs_selcoff_gp:12(12,1,1,1)        -7.8073857     -20     7    1.9828482e-06
2672 bs_selcoff_gp:12(12,1,1,2)        -6.0882404     -20     7    -1.4108212e-06
2673 bs_selcoff_gp:12(12,1,1,3)        -0.51979029     -20     7    1.1404599e-06
2674 bs_selcoff_gp:12(12,1,1,4)        1.1013459     -20     7    1.3793008e-07
2675 bs_selcoff_gp:12(12,1,1,5)        0.33251199     -20     7    4.0481703e-07
2676 bs_selcoff_gp:13(13,1,1,1)        -4.5719044     -20     7    -4.1934698e-07
2677 bs_selcoff_gp:13(13,1,1,2)        1.4166568     -20     7    -1.4996407e-06
2678 bs_selcoff_gp:13(13,1,1,3)        -0.15853242     -20     7    1.238474e-06
2679 bs_selcoff_gp:13(13,1,1,4)        -4.3125262     -20     7    -4.0790463e-06
2680 bs_selcoff_gp:13(13,1,1,5)        -20     -20     7    1.1699325e-06   *************
2681 bs_selcoff_gp:14(14,1,1,1)        -5.2276989     -20     7    3.0281038e-06
2682 bs_selcoff_gp:14(14,1,1,2)        1.5519481     -20     7    -1.3880629e-05
2683 bs_selcoff_gp:14(14,1,1,3)        -1.3655023     -20     7    5.3125443e-06
2684 bs_selcoff_gp:14(14,1,1,4)        -3.8932889     -20     7    5.7763114e-06
2685 bs_selcoff_gp:14(14,1,1,5)        -19.999999     -20     7    3.5052195e-06   *************
2686 bs_selcoff_gp:15(15,1,1,1)        -5.6961189     -20     7    3.4509781e-06
2687 bs_selcoff_gp:15(15,1,1,2)        1.4530714     -20     7    -1.9095088e-05
2688 bs_selcoff_gp:15(15,1,1,3)        -0.89418913     -20     7    7.9820807e-06
2689 bs_selcoff_gp:15(15,1,1,4)        -1.1690647     -20     7    1.3283624e-05
2690 bs_selcoff_gp:15(15,1,1,5)        -7.1102157     -20     7    2.9838801e-07
2691 bs_selcoff_gp:16(16,1,1,1)        -6.8771399     -20     7    -1.1219969e-06
2692 bs_selcoff_gp:16(16,1,1,2)        0.99442315     -20     7    -3.1346939e-07
2693 bs_selcoff_gp:16(16,1,1,3)        0.81583942     -20     7    2.2977565e-07
2694 bs_selcoff_gp:16(16,1,1,4)        -3.358411     -20     7    -6.9395837e-07
2695 bs_selcoff_gp:16(16,1,1,5)        -19.999945     -20     7    2.8209938e-06   *************
2696 bs_selcoff_gp:17(17,1,1,1)        -3.3752285     -20     7    9.7584509e-07
2697 bs_selcoff_gp:17(17,1,1,2)        1.4473007     -20     7    8.4285433e-07
2698 bs_selcoff_gp:17(17,1,1,3)        -0.34432987     -20     7    -1.0755527e-06
2699 bs_selcoff_gp:17(17,1,1,4)        -5.196596     -20     7    -2.3890895e-06
2700 bs_selcoff_gp:17(17,1,1,5)        -19.999803     -20     7    2.8890812e-06   *************
2701 bs_selcoff_gp:18(18,1,1,1)        -7.5013875     -20     7    2.43385e-06
2702 bs_selcoff_gp:18(18,1,1,2)        1.3238603     -20     7    -1.0339961e-06
2703 bs_selcoff_gp:18(18,1,1,3)        -0.3659926     -20     7    -1.1736388e-06
2704 bs_selcoff_gp:18(18,1,1,4)        -0.60187633     -20     7    2.0747731e-06
2705 bs_selcoff_gp:18(18,1,1,5)        -8.2662753     -20     7    3.3618078e-07
2706 bs_selcoff_gp:19(19,1,1,1)        -2.4232254     -20     7    2.9958848e-06
2707 bs_selcoff_gp:19(19,1,1,2)        1.3154784     -20     7    -2.6897138e-06
2708 bs_selcoff_gp:19(19,1,1,3)        -1.1023043     -20     7    2.6143333e-06
2709 bs_selcoff_gp:19(19,1,1,4)        -0.1617364     -20     7    -9.1620698e-07
2710 bs_selcoff_gp:19(19,1,1,5)        -6.1842993     -20     7    1.6284538e-06
2711 bs_selcoff_gp:20(20,1,1,1)        -2.9701697     -20     7    9.6108444e-08
2712 bs_selcoff_gp:20(20,1,1,2)        -1.3438831     -20     7    -4.7974618e-06
2713 bs_selcoff_gp:20(20,1,1,3)        -0.87121481     -20     7    4.4138356e-06
2714 bs_selcoff_gp:20(20,1,1,4)        -0.16753911     -20     7    -1.1970674e-06
2715 bs_selcoff_gp:20(20,1,1,5)        1.2307183     -20     7    2.5098672e-07
2716 bs_selcoff_gp:21(21,1,1,1)        -4.3627626     -20     7    1.1170719e-06
2717 bs_selcoff_gp:21(21,1,1,2)        1.3095291     -20     7    -1.8485652e-06
2718 bs_selcoff_gp:21(21,1,1,3)        0.16147882     -20     7    9.7596037e-07
2719 bs_selcoff_gp:21(21,1,1,4)        -2.2360437     -20     7    -2.2898643e-07
2720 bs_selcoff_gp:21(21,1,1,5)        -7.2644754     -20     7    1.1290607e-06
2721 bs_selcoff_gp:22(22,1,1,1)        -7.1163525     -20     7    1.1385842e-06
2722 bs_selcoff_gp:22(22,1,1,2)        0.46400979     -20     7    1.3454555e-06
2723 bs_selcoff_gp:22(22,1,1,3)        1.0615165     -20     7    -5.7586515e-07
2724 bs_selcoff_gp:22(22,1,1,4)        -0.66553192     -20     7    1.3667407e-06
2725 bs_selcoff_gp:22(22,1,1,5)        -5.5217648     -20     7    3.6278668e-07
2726 bs_selcoff_gp:23(23,1,1,1)        -4.7294723     -20     7    -2.5953766e-06
2727 bs_selcoff_gp:23(23,1,1,2)        -1.645855     -20     7    3.0237917e-06
2728 bs_selcoff_gp:23(23,1,1,3)        1.5679992     -20     7    1.3608238e-06
2729 bs_selcoff_gp:23(23,1,1,4)        -6.6457278     -20     7    1.3749721e-06
2730 bs_selcoff_gp:23(23,1,1,5)        -19.919065     -20     7    1.7191297e-05
2731 bs_selcoff_gp:24(24,1,1,1)        -6.9630837     -20     7    -3.2301096e-06
2732 bs_selcoff_gp:24(24,1,1,2)        -2.4931964     -20     7    1.2227619e-06
2733 bs_selcoff_gp:24(24,1,1,3)        1.2674618     -20     7    -2.8080622e-06
2734 bs_selcoff_gp:24(24,1,1,4)        0.31084473     -20     7    2.7214517e-06
2735 bs_selcoff_gp:24(24,1,1,5)        -12.203341     -20     7    8.7070995e-07
2736 bs_selcoff_gp:25(25,1,1,1)        -19.999855     -20     7    3.0793721e-06   *************
2737 bs_selcoff_gp:25(25,1,1,2)        0.84831594     -20     7    -6.0938374e-07
2738 bs_selcoff_gp:25(25,1,1,3)        0.31335457     -20     7    -4.7849125e-06
2739 bs_selcoff_gp:25(25,1,1,4)        0.25909983     -20     7    3.5967095e-06
2740 bs_selcoff_gp:25(25,1,1,5)        -7.4201246     -20     7    1.4708235e-06
2741 bs_selcoff_gp:26(26,1,1,1)        -3.0453082     -20     7    -7.7114552e-07
2742 bs_selcoff_gp:26(26,1,1,2)        1.2913248     -20     7    -8.1442238e-07
2743 bs_selcoff_gp:26(26,1,1,3)        0.056564645     -20     7    3.8875875e-06
2744 bs_selcoff_gp:26(26,1,1,4)        -1.364315     -20     7    -3.7442459e-07
2745 bs_selcoff_gp:26(26,1,1,5)        -6.8446002     -20     7    -2.1025777e-06
2746 bs_selcoff_gp:27(27,1,1,1)        -19.999997     -20     7    1.2636544e-06   *************
2747 bs_selcoff_gp:27(27,1,1,2)        1.5621673     -20     7    -7.0043765e-07
2748 bs_selcoff_gp:27(27,1,1,3)        -1.994165     -20     7    -2.2751861e-06
2749 bs_selcoff_gp:27(27,1,1,4)        -2.3683063     -20     7    2.5567728e-06
2750 bs_selcoff_gp:27(27,1,1,5)        -6.6100817     -20     7    2.8979707e-06
2751 bs_selcoff_gp:28(28,1,1,1)        -8.0322789     -20     7    1.2408719e-06
2752 bs_selcoff_gp:28(28,1,1,2)        1.3267895     -20     7    -1.6576087e-06
2753 bs_selcoff_gp:28(28,1,1,3)        -1.8813664     -20     7    5.7696122e-07
2754 bs_selcoff_gp:28(28,1,1,4)        0.075245748     -20     7    1.3961002e-06
2755 bs_selcoff_gp:28(28,1,1,5)        -8.419377     -20     7    -3.8968018e-07
2756 bs_selcoff_gp:29(29,1,1,1)        -20     -20     7    2.1847315e-07   *************
2757 bs_selcoff_gp:29(29,1,1,2)        -8.3527888     -20     7    -1.5487249e-06
2758 bs_selcoff_gp:29(29,1,1,3)        -0.80316801     -20     7    -1.2533609e-06
2759 bs_selcoff_gp:29(29,1,1,4)        1.046199     -20     7    -5.9411963e-07
2760 bs_selcoff_gp:29(29,1,1,5)        0.53366971     -20     7    2.8853112e-07
2761 recr(2)        0.83942703     -20     20    -4.1405739e-06
2762 recr(3)        0.9120156     -20     20    -1.8684912e-06
2763 recr(4)        0.84940814     -20     20    -2.2949081e-06
2764 recr(5)        0.81032887     -20     20    -4.5518662e-06
2765 recr(6)        -1.7368279     -20     20    -9.3126397e-07
2766 recr(7)        2.1834067     -20     20    4.4978579e-06
2767 recr(8)        -1.2553251     -20     20    -1.796835e-06
2768 recr(9)        0.093479978     -20     20    -2.4815231e-06
2769 recr(10)        -0.78508428     -20     20    -2.1002313e-06
2770 recr(11)        2.3159513     -20     20    -2.7860977e-06
2771 recr(12)        -1.542422     -20     20    -4.836983e-06
2772 recr(13)        1.8030303     -20     20    -3.6487641e-07
2773 recr(14)        1.1621864     -20     20    -4.4579895e-06
2774 recr(15)        -1.2102187     -20     20    -2.3197986e-06
2775 recr(16)        -1.6697422     -20     20    -6.0254845e-06
2776 recr(17)        1.3605024     -20     20    -9.6240516e-07
2777 recr(18)        1.2761804     -20     20    -4.5130875e-08
2778 recr(19)        -2.2100763     -20     20    -1.3924229e-07
2779 recr(20)        -1.8675907     -20     20    -1.3302718e-06
2780 recr(21)        1.1978663     -20     20    -3.4240965e-06
2781 recr(22)        0.70947004     -20     20    -2.2448528e-06
2782 recr(23)        -1.2438523     -20     20    -3.4106148e-06
2783 recr(24)        -2.3280018     -20     20    5.6355907e-07
2784 recr(25)        1.4039708     -20     20    4.0128734e-07
2785 recr(26)        -1.5843618     -20     20    -9.5265341e-07
2786 recr(27)        2.1552081     -20     20    -1.1287064e-06
2787 recr(28)        -1.6923035     -20     20    -1.1926245e-06
2788 recr(29)        1.1896423     -20     20    -6.3330588e-06
2789 recr(30)        -1.5335533     -20     20    -2.1763944e-06
2790 recr(31)        -1.7340486     -20     20    -1.3023457e-06
2791 recr(32)        -1.6136012     -20     20    -2.1899506e-06
2792 recr(33)        1.053498     -20     20    -5.3364036e-06
2793 recr(34)        1.0590371     -20     20    1.7267019e-06
2794 recr(35)        -2.7718622     -20     20    4.6618626e-07
2795 recr(36)        0.74174798     -20     20    -1.918206e-06
2796 recr(37)        1.3335711     -20     20    -7.172759e-07
2797 recr(38)        -1.6590329     -20     20    -2.015172e-06
2798 recr(39)        -3.1993634     -20     20    1.2427957e-06
2799 recr(40)        -0.99770155     -20     20    -2.8088742e-06
2800 recr(41)        1.5011265     -20     20    -4.2785354e-06
2801 recr(42)        -0.43628234     -20     20    -1.2280095e-06
2802 recr(43)        -2.646309     -20     20    9.0456922e-07
2803 recr(44)        1.2377557     -20     20    -6.4696625e-08
2804 recr(45)        0.66294981     -20     20    -4.3245334e-06
2805 recr(46)        -2.6291881     -20     20    -7.7179987e-07
2806 recr(47)        -2.3445126     -20     20    -1.1437177e-06
2807 recr(48)        1.1841479     -20     20    -1.0519337e-06
2808 recr(49)        1.0558165     -20     20    -9.6890349e-07
2809 recr(50)        -3.3423544     -20     20    1.296728e-07
2810 recr(51)        -0.084886367     -20     20    8.3158318e-06
2811 recr(52)        -1.691268     -20     20    4.2994439e-06
2812 recr(53)        1.4321283     -20     20    -2.4680113e-06
2813 recr(54)        -2.5026535     -20     20    -7.9440058e-07
2814 recr(55)        -0.26847978     -20     20    -4.2257465e-06
2815 recr(56)        -2.0095982     -20     20    -1.4691377e-06
2816 recr(57)        1.0949627     -20     20    -5.0899084e-09
2817 recr(58)        0.23882132     -20     20    1.2450769e-06
2818 recr(59)        -0.91144604     -20     20    -1.8274854e-06
2819 recr(60)        1.6021575     -20     20    -2.3827866e-07
2820 recr(61)        0.21755281     -20     20    2.6010008e-06
2821 recr(62)        -2.8304619     -20     20    -2.9398682e-06
2822 recr(63)        -1.723003     -20     20    -3.2371303e-06
2823 recr(64)        0.72953048     -20     20    -4.604828e-06
2824 recr(65)        0.70621319     -20     20    1.6802717e-06
2825 recr(66)        -3.5677519     -20     20    -2.0886542e-06
2826 recr(67)        -0.99184438     -20     20    -9.7229845e-07
2827 recr(68)        0.43125763     -20     20    6.7142367e-06
2828 recr(69)        1.2107029     -20     20    -4.6127541e-06
2829 recr(70)        -3.0228664     -20     20    -7.6754729e-07
2830 recr(71)        -0.057864644     -20     20    -1.1375969e-05
2831 recr(72)        1.0152832     -20     20    5.1897782e-06
2832 recr(73)        1.0698617     -20     20    -3.6151331e-06
2833 recr(74)        -3.4699644     -20     20    -1.8809517e-06
2834 recr(75)        -0.41344027     -20     20    -3.9357061e-07
2835 recr(76)        -0.82072543     -20     20    -9.8867248e-07
2836 recr(77)        0.30207459     -20     20    4.481074e-07
2837 recr(78)        -3.0064302     -20     20    -2.5803943e-06
2838 recr(79)        -0.19611363     -20     20    -1.7063416e-06
2839 recr(80)        1.1027039     -20     20    -1.8441683e-06
2840 recr(81)        -0.14226018     -20     20    6.1422474e-07
2841 recr(82)        -0.43731316     -20     20    -4.2168293e-06
2842 recr(83)        0.090673963     -20     20    -4.4014221e-06
2843 recr(84)        1.0419518     -20     20    1.2845828e-06
2844 recr(85)        -0.024711654     -20     20    -1.4897602e-06
2845 recr(86)        -1.8090242     -20     20    5.9258211e-07
2846 recr(87)        1.2177435     -20     20    -1.7982013e-06
2847 recr(88)        0.62976199     -20     20    -1.190046e-06
2848 recr(89)        -0.50921978     -20     20    -1.8366454e-06
2849 recr(90)        -1.9839407     -20     20    -2.5455513e-06
2850 recr(91)        0.054912002     -20     20    -2.8844547e-07
2851 recr(92)        -1.6065326     -20     20    -1.1338807e-06
2852 recr(93)        1.3574435     -20     20    -1.2771466e-06
2853 recr(94)        1.5931509     -20     20    -2.7425852e-06
2854 recr(95)        -0.57857032     -20     20    1.5848362e-06
2855 recr(96)        0.21248373     -20     20    1.8318192e-06
2856 recr(97)        -1.5193051     -20     20    -5.585022e-07
2857 recr(98)        -0.82309375     -20     20    1.614099e-06
2858 recr(99)        -0.28387946     -20     20    -1.2385754e-06
2859 recr(100)        1.3755998     -20     20    1.4636134e-06
2860 recr(101)        -2.9611123     -20     20    1.8919582e-06
2861 recr(102)        -3.0920303     -20     20    1.0640003e-06
2862 recr(103)        1.1407352     -20     20    -5.5035504e-06
2863 recr(104)        1.2591957     -20     20    1.5143975e-06
2864 recr(105)        -3.2808375     -20     20    2.106464e-06
2865 recr(106)        -4.1708383     -20     20    7.6900083e-08
2866 recr(107)        -2.2213699     -20     20    -5.6830054e-06
2867 recr(108)        0.85540169     -20     20    -3.0633599e-06
2868 recr(109)        -0.35747861     -20     20    1.2450011e-06
2869 recr(110)        -3.1559616     -20     20    -3.0088049e-06
2870 recr(111)        -1.0429499     -20     20    -1.8022919e-06
2871 recr(112)        1.0662482     -20     20    -9.9181661e-07
2872 recr(113)        0.6980511     -20     20    -2.963866e-06
2873 recr(114)        -2.3151393     -20     20    -2.7570788e-06
2874 recr(115)        -0.095126894     -20     20    6.6655532e-08
2875 recr(116)        0.88863291     -20     20    -1.8019838e-06
2876 recr(117)        0.33265159     -20     20    -1.8087444e-06
2877 recr(118)        -2.5741998     -20     20    -1.3023989e-06
2878 recr(119)        0.80993971     -20     20    8.5638339e-07
2879 recr(120)        0.22861474     -20     20    -1.5117669e-07
2880 recr(121)        1.3610445     -20     20    -1.5814109e-06
2881 recr(122)        -0.78925569     -20     20    -7.4591206e-07
2882 recr(123)        -0.41490638     -20     20    -4.4793421e-06
2883 recr(124)        0.87600566     -20     20    -1.5627502e-06
2884 recr(125)        0.30190139     -20     20    -7.2626239e-07
2885 recr(126)        0.40272808     -20     20    -3.581981e-06
2886 recr(127)        -0.059311863     -20     20    2.0615355e-06
2887 recr(128)        0.70599669     -20     20    -6.3516898e-07
2888 recr(129)        -0.14957199     -20     20    -9.5966092e-07
2889 recr(130)        -0.6010369     -20     20    -4.0633081e-06
2890 recr(131)        -0.62327126     -20     20    7.5851776e-07
2891 recr(132)        1.2844921     -20     20    -4.2781546e-06
2892 recr(133)        0.42684958     -20     20    5.8726419e-06
2893 recr(134)        0.15237318     -20     20    4.6729128e-06
2894 recr(135)        0.28749856     -20     20    -4.8932124e-08
2895 recr(136)        0.98749297     -20     20    -3.099583e-06
2896 recr(137)        -2.003426     -20     20    -1.0196146e-06
2897 recr(138)        0.19525688     -20     20    -6.9435128e-06
2898 recr(139)        -1.741851     -20     20    -9.6983949e-07
2899 recr(140)        1.0773955     -20     20    -1.3711472e-06
2900 recr(141)        0.25313902     -20     20    -1.4166354e-06
2901 recr(142)        -1.8908458     -20     20    -4.3570847e-07
2902 recr(143)        0.14458576     -20     20    2.8360319e-06
2903 recr(144)        1.6879398     -20     20    -1.9548114e-06
2904 recr(145)        0.79577457     -20     20    -2.7778189e-06
2905 recr(146)        -0.73470073     -20     20    -1.7073219e-06
2906 recr(147)        0.77499859     -20     20    -1.8678857e-06
2907 recr(148)        1.0304391     -20     20    -3.4703031e-07
2908 recr(149)        -1.2945877     -20     20    -1.3946509e-06
2909 recr(150)        -0.30076825     -20     20    -1.4873943e-06
2910 recr(151)        0.6076106     -20     20    -1.4199989e-07
2911 recr(152)        0.99759492     -20     20    -1.3474819e-06
2912 recr(153)        0.3655881     -20     20    -1.974629e-06
2913 recr(154)        0.19674207     -20     20    5.5119731e-06
2914 recr(155)        0.40581949     -20     20    -3.4611981e-06
2915 recr(156)        1.2882285     -20     20    -3.0813634e-06
2916 recr(157)        -2.6405796     -20     20    1.926314e-06
2917 recr(158)        -0.95693041     -20     20    -6.6221528e-06
2918 recr(159)        -0.12566675     -20     20    -3.6559506e-06
2919 recr(160)        1.5063413     -20     20    -2.3792572e-07
2920 recr(161)        -2.4185294     -20     20    -1.5630655e-06
2921 recr(162)        0.18146303     -20     20    -4.2554291e-06
2922 recr(163)        1.0303999     -20     20    -1.125419e-06
2923 recr(164)        0.79835186     -20     20    -2.2908296e-06
2924 recr(165)        -1.5398857     -20     20    9.7283146e-07
2925 recr(166)        0.12800133     -20     20    -1.3045893e-06
2926 recr(167)        0.3913509     -20     20    -4.4847159e-06
2927 recr(168)        0.72544479     -20     20    2.8781519e-07
2928 recr(169)        -0.1402725     -20     20    -4.3225772e-06
2929 recr(170)        0.23786369     -20     20    -1.5748876e-06
2930 recr(171)        0.81724768     -20     20    -5.6265857e-06
2931 recr(172)        1.0750691     -20     20    -1.2399361e-06
2932 recr(173)        1.1350823     -20     20    -3.9326234e-06
2933 recr(174)        -1.2366245     -20     20    -4.9995215e-07
2934 recr(175)        -0.42697568     -20     20    -1.4567955e-05
2935 recr(176)        0.70125166     -20     20    -3.7096368e-06
2936 recr(177)        1.0981584     -20     20    -2.2227269e-06
2937 recr(178)        0.59796776     -20     20    1.098908e-06
2938 recr(179)        0.28128906     -20     20    9.1976148e-07
2939 recr(180)        0.85164128     -20     20    -3.4555771e-06
2940 recr(181)        0.12539523     -20     20    2.2410539e-07
2941 recr(182)        -0.59370943     -20     20    1.3493404e-06
2942 recr(183)        0.25714715     -20     20    5.1016588e-07
2943 recr(184)        0.5217067     -20     20    4.1948028e-07
2944 recr(185)        1.3362662     -20     20    2.0672996e-06
2945 recr(186)        0.65896153     -20     20    3.3462085e-07
2946 recr(187)        0.37659539     -20     20    -1.6029074e-06
2947 recr(188)        0.17074085     -20     20    -4.1786693e-07
2948 recr(189)        -0.94618781     -20     20    1.8614949e-06
2949 recr(190)        0.45947452     -20     20    -8.0832427e-07
2950 recr(191)        0.5286766     -20     20    -2.3889917e-06
2951 recr(192)        1.0464239     -20     20    -3.7016499e-07
2952 recr(193)        0.80307353     -20     20    -2.5871713e-06
2953 recr(194)        0.84309467     -20     20    1.6875851e-07
2954 recr(195)        0.68500461     -20     20    9.1742906e-07
2955 recr(196)        1.1062444     -20     20    -1.4589548e-06
2956 recr(197)        -0.21791885     -20     20    -2.6273321e-06
2957 recr(198)        0.049139805     -20     20    1.974389e-06
2958 recr(199)        0.78777345     -20     20    7.1457637e-06
2959 recr(200)        0.83602497     -20     20    1.0080077e-05
2960 recr(201)        0.65116406     -20     20    3.9928977e-06
2961 recr(202)        0.38909442     -20     20    7.4102743e-06
2962 recr(203)        1.2917685     -20     20    1.4257693e-05
2963 recr(204)        0.19940471     -20     20    1.3493161e-05
2964 recr(205)        -0.88847508     -20     20    -1.3937866e-06
2965 recr(206)        -0.18390316     -20     20    3.9458938e-06
2966 recr(207)        0.29440828     -20     20    1.2547165e-05
2967 recr(208)        1.1086117     -20     20    1.5566395e-05
2968 recr(209)        1.0517287     -20     20    2.2617244e-05
2969 recr(210)        1.2528117     -20     20    9.4979502e-06
2970 recr(211)        0.87600871     -20     20    4.8337237e-06
2971 recr(212)        0.039283305     -20     20    5.6486616e-06
2972 recr(213)        -0.43772348     -20     20    5.1658753e-06
2973 recr(214)        0.29925626     -20     20    1.4500433e-05
2974 recr(215)        0.34403507     -20     20    3.2487491e-05
2975 recr(216)        0.98029182     -20     20    1.3872842e-05
2976 recr(217)        0.51838712     -20     20    -8.1346777e-07
2977 recr(218)        0.56382876     -20     20    -2.717843e-06
2978 recr(219)        0.28999836     -20     20    -2.4568776e-06
2979 recr(220)        0.52850195     -20     20    -8.909809e-07
2980 recr(221)        0.50566907     -20     20    -1.6451018e-06
2981 recr(222)        0.75397558     -20     20    -2.9093256e-06
2982 recr(223)        0.76614335     -20     20    -2.4653399e-06
2983 recr(224)        0.4475104     -20     20    6.8654229e-08
2984 recr(225)        -0.21457723     -20     20    -4.9713781e-06
2985 recr(226)        0.11363217     -20     20    -1.4800868e-06
2986 recr(227)        0.67993851     -20     20    -3.4018358e-06
2987 recr(228)        0.81711517     -20     20    -5.3272012e-06
2988 recr(229)        0.78031779     -20     20    -3.8440252e-06
2989 recr(230)        0.73846061     -20     20    -4.017524e-06
2990 recr(231)        0.35728008     -20     20    -3.9238642e-06
2991 recr(232)        0.35979134     -20     20    -1.4004485e-05
2992 recr(233)        0.30193275     -20     20    -6.4628871e-07
2993 recr(234)        0.27721479     -20     20    9.0371269e-08
2994 recr(235)        0.61579991     -20     20    -2.7681445e-06
2995 recr(236)        0.39576193     -20     20    -1.1893818e-06
2996 recr(237)        -0.056468599     -20     20    -9.1822906e-07
2997 recr(238)        0.17224193     -20     20    -1.2857712e-07
2998 recr(239)        0.73933939     -20     20    -3.9541041e-07
2999 recr(240)        0.82596793     -20     20    -1.435897e-06
3000 recr(241)        0.94493851     -20     20    -7.8512712e-07
3001 recr(242)        0.98813521     -20     20    -6.0044185e-07
3002 recr(243)        0.64203117     -20     20    -4.3632431e-06
3003 recr(244)        0.65985454     -20     20    -1.2711158e-06
3004 recr(245)        0.21436525     -20     20    -1.8954454e-06
3005 recr(246)        0.73773682     -20     20    1.0713639e-08
3006 recr(247)        0.82977587     -20     20    -1.7978814e-06
3007 recr(248)        0.69712436     -20     20    2.6723443e-07
3008 recr(249)        -0.20509913     -20     20    1.0505538e-06
3009 recr(250)        0.16471471     -20     20    1.6871241e-06
3010 recr(251)        0.29594777     -20     20    1.9272317e-06
3011 recr(252)        0.68266503     -20     20    -9.3102422e-07
3012 recr(253)        0.30874365     -20     20    -6.7238019e-07
3013 recr(254)        0.47451464     -20     20    -6.1822235e-07
3014 recr(255)        0.61544547     -20     20    6.7880278e-07
3015 recr(256)        0.86465691     -20     20    3.7184624e-06
3016 recr(257)        0.28445594     -20     20    6.2580798e-06
3017 recr(258)        0.221457     -20     20    5.4619823e-07
3018 recr(259)        0.68401478     -20     20    -1.332284e-06
3019 recr(260)        0.53032341     -20     20    -1.0204144e-06
3020 recr(261)        -0.071801884     -20     20    -1.6617887e-06
3021 recr(262)        0.79901886     -20     20    1.1747123e-07
3022 recr(263)        0.63519566     -20     20    -1.4541402e-06
3023 recr(264)        0.5852255     -20     20    2.7309652e-07
3024 recr(265)        -0.28713743     -20     20    7.1245218e-06
3025 recr(266)        0.085402991     -20     20    6.2198892e-06
3026 recr(267)        0.9963747     -20     20    2.0492815e-05
3027 recr(268)        0.60680534     -20     20    3.0345391e-05
3028 recr(269)        0.18145977     -20     20    1.6550229e-05
3029 recr(270)        -0.33131665     -20     20    1.1375059e-05
3030 recr(271)        -0.044562499     -20     20    -7.0503278e-07
3031 recr(272)        -0.031517207     -20     20    7.6230116e-06
3032 recr(273)        0.36915279     -20     20    2.0246423e-06
3033 recr(274)        0.90637964     -20     20    1.6103828e-05
3034 totpop        17.273323     8     25    2.9849653e-05
3035 tag_fish_rep(1)        0.5673289     0.001     0.99    2.0718606e-07
3036 tag_fish_rep(3)        0.99     0.001     0.99    -4.27317e-10   *************
3037 tag_fish_rep(4)        0.56120894     0.001     0.99    -3.7222221e-06
3038 tag_fish_rep(5)        0.65397067     0.001     0.99    -5.5612665e-07
3039 tag_fish_rep(6)        0.47154267     0.001     0.99    1.2872007e-07
3040 tag_fish_rep(11)        0.66203565     0.001     0.99    -1.0999322e-06
3041 tag_fish_rep(12)        0.59667643     0.001     0.99    -7.3779275e-07
3042 tag_fish_rep(13)        0.78801944     0.001     0.99    -4.3955331e-07
3043 tag_fish_rep(17)        0.5719155     0.001     0.99    -1.0519673e-17
3044 tag_fish_rep(18)        0.6195912     0.001     0.99    -4.0887664e-15
3045 tag_fish_rep(19)        0.49999964     0.001     0.99    -5.5602137e-10
3046 tag_fish_rep(24)        0.7093884     0.001     0.99    -2.1390389e-15
3047 tag_fish_rep(25)        0.49999964     0.001     0.99    -5.5602137e-10
3048 tag_fish_rep(28)        0.33030591     0.001     0.99    2.0615535e-07
3049 tag_fish_rep(32)        0.11899521     0.001     0.99    -9.8647671e-07
3050 tag_fish_rep(34)        0.93815764     0.001     0.99    4.5053182e-07
3051 tag_fish_rep(35)        0.98999996     0.001     0.99    -1.0601698e-09   *************
3052 region_pars(1)        0.25085628     1e-06     1.5    -2.8567853e-06
3053 region_pars(1)        0.10841159     1e-06     1.5    -7.5244421e-06
3054 region_pars(1)        0.085227526     1e-06     1.5    -4.9842112e-06
3055 region_pars(1)        0.1223644     1e-06     1.5    -7.606628e-07
3056 region_pars(1)        0.022625825     1e-06     1.5    3.3160799e-06
3057 region_pars(1)        0.10740019     1e-06     1.5    -3.0636325e-06
3058 region_pars(1)        0.21933136     1e-06     1.5    -3.4068956e-06
3059 region_pars(1)        0.081954971     1e-06     1.5    2.0806506e-05
3060 region_pars(1)        0.0018224523     1e-06     1.5    -9.3144535e-07
3061 sv(21)        0.048735247     1e-06     1000    1.7502941e-06
3062 age_pars(5)        -2.4233054     -20     2    -0.0014580116
3063 vb_coff(1)        16.644457     10     60    2.523765e-05
3064 vb_coff(2)        151.93622     130     200    1.9402889e-06
3065 vb_coff(3)        0.11058776     0.01     0.3    3.7530553e-05
3066 var_coff(1)        6.4446931     1     10    -5.1208525e-06
3067 var_coff(2)        0.19381343     0.1     3    9.0030442e-07
